"Run ID","Scenario name","Model name","Variable name","unit","Flag Category","year","value","meta_Climate Assessment|Peak Warming|Median [MAGICCv7.5.3]","meta_Climate Assessment|Warming in 2100|Median [MAGICCv7.5.3]","meta_Climate Assessment|Year of Peak Warming|Median [MAGICCv7.5.3]","meta_Emissions Diagnostics|Cumulative CCS [2020-2100, Gt CO2]","meta_Emissions Diagnostics|Cumulative CO2 [2020-2100, Gt CO2]","meta_Climate Category|SCI 2025 [Tier I]","meta_Vetting|SCI 2025","meta_Feasibility Concern|Carbon Capture|World|2030","meta_Feasibility Concern|Carbon Capture|World|2035","meta_Feasibility Concern|Carbon Capture|World|2040","meta_Feasibility Concern|Hydropower Capacity|World|2030","meta_Feasibility Concern|Nuclear Capacity|World|2030","meta_Feasibility Concern|Onshore Wind Capacity|World|2030","meta_Feasibility Concern|Solar PV Capacity|World|2030","meta_Feasibility Concern|Wind Capacity|World|2030","meta_Sustainability Concern|Exceeding Prudent Limit For Geological Carbon Storage|World","meta_Sustainability Concern|Food Availability|World","meta_Sustainability Concern|Unsustainable Bioenergy Use|World","meta_Scenario Ensemble|AR6","meta_Climate Category|AR6 [ID]","meta_Climate Category|AR6 [Name]","meta_Legacy Mapping|AR6|Model Name","meta_Legacy Mapping|AR6|Scenario Name","meta_renewablesShare","meta_fossilShare","meta_biomassShare","meta_gfaIncrease","meta_carbonRemoval","meta_eocWarming","meta_peakWarming","meta_Ensemble Weight|SCI 2025 [beta]"
"11","ENGAGE-INDCi2100","AIM/CGE V2.2","Final Energy|Residential and Commercial|Electricity","EJ/yr","[object Object]",2010,6.4234,"2.520182896988134","2.520182896988134","2100","594.2610406000001","2333.9763219","GW6","failed","medium","ok","ok","medium","high","high","high","high","ok","ok","medium","true","C6","C6: Below 3°C","AIM/CGE 2.2","EN_INDCi2100","18.971106142746745","58.35874868007339","15.428983523776377","4.245967111039363","594.2610406000001","2.520182896988134","2.520182896988134",
"11","ENGAGE-INDCi2100","AIM/CGE V2.2","Final Energy|Residential and Commercial|Electricity","EJ/yr","[object Object]",2015,6.1599,"2.520182896988134","2.520182896988134","2100","594.2610406000001","2333.9763219","GW6","failed","medium","ok","ok","medium","high","high","high","high","ok","ok","medium","true","C6","C6: Below 3°C","AIM/CGE 2.2","EN_INDCi2100","18.971106142746745","58.35874868007339","15.428983523776377","4.245967111039363","594.2610406000001","2.520182896988134","2.520182896988134",
"11","ENGAGE-INDCi2100","AIM/CGE V2.2","Final Energy|Residential and Commercial|Electricity","EJ/yr","[object Object]",2020,6.5959,"2.520182896988134","2.520182896988134","2100","594.2610406000001","2333.9763219","GW6","failed","medium","ok","ok","medium","high","high","high","high","ok","ok","medium","true","C6","C6: Below 3°C","AIM/CGE 2.2","EN_INDCi2100","18.971106142746745","58.35874868007339","15.428983523776377","4.245967111039363","594.2610406000001","2.520182896988134","2.520182896988134",
"11","ENGAGE-INDCi2100","AIM/CGE V2.2","Final Energy|Residential and Commercial|Electricity","EJ/yr","[object Object]",2025,6.717700000000001,"2.520182896988134","2.520182896988134","2100","594.2610406000001","2333.9763219","GW6","failed","medium","ok","ok","medium","high","high","high","high","ok","ok","medium","true","C6","C6: Below 3°C","AIM/CGE 2.2","EN_INDCi2100","18.971106142746745","58.35874868007339","15.428983523776377","4.245967111039363","594.2610406000001","2.520182896988134","2.520182896988134",
"11","ENGAGE-INDCi2100","AIM/CGE V2.2","Final Energy|Residential and Commercial|Electricity","EJ/yr","[object Object]",2030,7.0414,"2.520182896988134","2.520182896988134","2100","594.2610406000001","2333.9763219","GW6","failed","medium","ok","ok","medium","high","high","high","high","ok","ok","medium","true","C6","C6: Below 3°C","AIM/CGE 2.2","EN_INDCi2100","18.971106142746745","58.35874868007339","15.428983523776377","4.245967111039363","594.2610406000001","2.520182896988134","2.520182896988134",
"11","ENGAGE-INDCi2100","AIM/CGE V2.2","Final Energy|Residential and Commercial|Electricity","EJ/yr","[object Object]",2035,7.487,"2.520182896988134","2.520182896988134","2100","594.2610406000001","2333.9763219","GW6","failed","medium","ok","ok","medium","high","high","high","high","ok","ok","medium","true","C6","C6: Below 3°C","AIM/CGE 2.2","EN_INDCi2100","18.971106142746745","58.35874868007339","15.428983523776377","4.245967111039363","594.2610406000001","2.520182896988134","2.520182896988134",
"11","ENGAGE-INDCi2100","AIM/CGE V2.2","Final Energy|Residential and Commercial|Electricity","EJ/yr","[object Object]",2040,7.9777,"2.520182896988134","2.520182896988134","2100","594.2610406000001","2333.9763219","GW6","failed","medium","ok","ok","medium","high","high","high","high","ok","ok","medium","true","C6","C6: Below 3°C","AIM/CGE 2.2","EN_INDCi2100","18.971106142746745","58.35874868007339","15.428983523776377","4.245967111039363","594.2610406000001","2.520182896988134","2.520182896988134",
"11","ENGAGE-INDCi2100","AIM/CGE V2.2","Final Energy|Residential and Commercial|Electricity","EJ/yr","[object Object]",2045,8.5188,"2.520182896988134","2.520182896988134","2100","594.2610406000001","2333.9763219","GW6","failed","medium","ok","ok","medium","high","high","high","high","ok","ok","medium","true","C6","C6: Below 3°C","AIM/CGE 2.2","EN_INDCi2100","18.971106142746745","58.35874868007339","15.428983523776377","4.245967111039363","594.2610406000001","2.520182896988134","2.520182896988134",
"11","ENGAGE-INDCi2100","AIM/CGE V2.2","Final Energy|Residential and Commercial|Electricity","EJ/yr","[object Object]",2050,9.0415,"2.520182896988134","2.520182896988134","2100","594.2610406000001","2333.9763219","GW6","failed","medium","ok","ok","medium","high","high","high","high","ok","ok","medium","true","C6","C6: Below 3°C","AIM/CGE 2.2","EN_INDCi2100","18.971106142746745","58.35874868007339","15.428983523776377","4.245967111039363","594.2610406000001","2.520182896988134","2.520182896988134",
"11","ENGAGE-INDCi2100","AIM/CGE V2.2","Final Energy|Residential and Commercial|Electricity","EJ/yr","[object Object]",2055,9.5159,"2.520182896988134","2.520182896988134","2100","594.2610406000001","2333.9763219","GW6","failed","medium","ok","ok","medium","high","high","high","high","ok","ok","medium","true","C6","C6: Below 3°C","AIM/CGE 2.2","EN_INDCi2100","18.971106142746745","58.35874868007339","15.428983523776377","4.245967111039363","594.2610406000001","2.520182896988134","2.520182896988134",
"11","ENGAGE-INDCi2100","AIM/CGE V2.2","Final Energy|Residential and Commercial|Electricity","EJ/yr","[object Object]",2060,9.9653,"2.520182896988134","2.520182896988134","2100","594.2610406000001","2333.9763219","GW6","failed","medium","ok","ok","medium","high","high","high","high","ok","ok","medium","true","C6","C6: Below 3°C","AIM/CGE 2.2","EN_INDCi2100","18.971106142746745","58.35874868007339","15.428983523776377","4.245967111039363","594.2610406000001","2.520182896988134","2.520182896988134",
"11","ENGAGE-INDCi2100","AIM/CGE V2.2","Final Energy|Residential and Commercial|Electricity","EJ/yr","[object Object]",2065,10.4399,"2.520182896988134","2.520182896988134","2100","594.2610406000001","2333.9763219","GW6","failed","medium","ok","ok","medium","high","high","high","high","ok","ok","medium","true","C6","C6: Below 3°C","AIM/CGE 2.2","EN_INDCi2100","18.971106142746745","58.35874868007339","15.428983523776377","4.245967111039363","594.2610406000001","2.520182896988134","2.520182896988134",
"11","ENGAGE-INDCi2100","AIM/CGE V2.2","Final Energy|Residential and Commercial|Electricity","EJ/yr","[object Object]",2070,10.8639,"2.520182896988134","2.520182896988134","2100","594.2610406000001","2333.9763219","GW6","failed","medium","ok","ok","medium","high","high","high","high","ok","ok","medium","true","C6","C6: Below 3°C","AIM/CGE 2.2","EN_INDCi2100","18.971106142746745","58.35874868007339","15.428983523776377","4.245967111039363","594.2610406000001","2.520182896988134","2.520182896988134",
"11","ENGAGE-INDCi2100","AIM/CGE V2.2","Final Energy|Residential and Commercial|Electricity","EJ/yr","[object Object]",2075,11.221800000000002,"2.520182896988134","2.520182896988134","2100","594.2610406000001","2333.9763219","GW6","failed","medium","ok","ok","medium","high","high","high","high","ok","ok","medium","true","C6","C6: Below 3°C","AIM/CGE 2.2","EN_INDCi2100","18.971106142746745","58.35874868007339","15.428983523776377","4.245967111039363","594.2610406000001","2.520182896988134","2.520182896988134",
"11","ENGAGE-INDCi2100","AIM/CGE V2.2","Final Energy|Residential and Commercial|Electricity","EJ/yr","[object Object]",2080,11.5503,"2.520182896988134","2.520182896988134","2100","594.2610406000001","2333.9763219","GW6","failed","medium","ok","ok","medium","high","high","high","high","ok","ok","medium","true","C6","C6: Below 3°C","AIM/CGE 2.2","EN_INDCi2100","18.971106142746745","58.35874868007339","15.428983523776377","4.245967111039363","594.2610406000001","2.520182896988134","2.520182896988134",
"11","ENGAGE-INDCi2100","AIM/CGE V2.2","Final Energy|Residential and Commercial|Electricity","EJ/yr","[object Object]",2085,11.8367,"2.520182896988134","2.520182896988134","2100","594.2610406000001","2333.9763219","GW6","failed","medium","ok","ok","medium","high","high","high","high","ok","ok","medium","true","C6","C6: Below 3°C","AIM/CGE 2.2","EN_INDCi2100","18.971106142746745","58.35874868007339","15.428983523776377","4.245967111039363","594.2610406000001","2.520182896988134","2.520182896988134",
"11","ENGAGE-INDCi2100","AIM/CGE V2.2","Final Energy|Residential and Commercial|Electricity","EJ/yr","[object Object]",2090,12.0819,"2.520182896988134","2.520182896988134","2100","594.2610406000001","2333.9763219","GW6","failed","medium","ok","ok","medium","high","high","high","high","ok","ok","medium","true","C6","C6: Below 3°C","AIM/CGE 2.2","EN_INDCi2100","18.971106142746745","58.35874868007339","15.428983523776377","4.245967111039363","594.2610406000001","2.520182896988134","2.520182896988134",
"11","ENGAGE-INDCi2100","AIM/CGE V2.2","Final Energy|Residential and Commercial|Electricity","EJ/yr","[object Object]",2095,12.2937,"2.520182896988134","2.520182896988134","2100","594.2610406000001","2333.9763219","GW6","failed","medium","ok","ok","medium","high","high","high","high","ok","ok","medium","true","C6","C6: Below 3°C","AIM/CGE 2.2","EN_INDCi2100","18.971106142746745","58.35874868007339","15.428983523776377","4.245967111039363","594.2610406000001","2.520182896988134","2.520182896988134",
"11","ENGAGE-INDCi2100","AIM/CGE V2.2","Final Energy|Residential and Commercial|Electricity","EJ/yr","[object Object]",2100,12.5681,"2.520182896988134","2.520182896988134","2100","594.2610406000001","2333.9763219","GW6","failed","medium","ok","ok","medium","high","high","high","high","ok","ok","medium","true","C6","C6: Below 3°C","AIM/CGE 2.2","EN_INDCi2100","18.971106142746745","58.35874868007339","15.428983523776377","4.245967111039363","594.2610406000001","2.520182896988134","2.520182896988134",
"50","ENGAGE-INDCi2030-2500","COFFEE 1.1","Final Energy|Residential and Commercial|Electricity","EJ/yr","[object Object]",2010,6.483391631999999,"2.606011221681408","2.606011221681408","2100","274.7521575355","2476.1027563215","GW6","failed","medium","ok","ok","ok","medium","high","high","high","ok",,"high","true","C6","C6: Below 3°C","COFFEE 1.1","EN_INDCi2030_2500","11.575830931762459","79.02840770433018","5.6865168777868105","-2.6727977547354413","274.7521575355","2.606011221681408","2.606011221681408",
"50","ENGAGE-INDCi2030-2500","COFFEE 1.1","Final Energy|Residential and Commercial|Electricity","EJ/yr","[object Object]",2015,6.3393257232,"2.606011221681408","2.606011221681408","2100","274.7521575355","2476.1027563215","GW6","failed","medium","ok","ok","ok","medium","high","high","high","ok",,"high","true","C6","C6: Below 3°C","COFFEE 1.1","EN_INDCi2030_2500","11.575830931762459","79.02840770433018","5.6865168777868105","-2.6727977547354413","274.7521575355","2.606011221681408","2.606011221681408",
"50","ENGAGE-INDCi2030-2500","COFFEE 1.1","Final Energy|Residential and Commercial|Electricity","EJ/yr","[object Object]",2020,6.8413189248,"2.606011221681408","2.606011221681408","2100","274.7521575355","2476.1027563215","GW6","failed","medium","ok","ok","ok","medium","high","high","high","ok",,"high","true","C6","C6: Below 3°C","COFFEE 1.1","EN_INDCi2030_2500","11.575830931762459","79.02840770433018","5.6865168777868105","-2.6727977547354413","274.7521575355","2.606011221681408","2.606011221681408",
"50","ENGAGE-INDCi2030-2500","COFFEE 1.1","Final Energy|Residential and Commercial|Electricity","EJ/yr","[object Object]",2025,8.059264473599999,"2.606011221681408","2.606011221681408","2100","274.7521575355","2476.1027563215","GW6","failed","medium","ok","ok","ok","medium","high","high","high","ok",,"high","true","C6","C6: Below 3°C","COFFEE 1.1","EN_INDCi2030_2500","11.575830931762459","79.02840770433018","5.6865168777868105","-2.6727977547354413","274.7521575355","2.606011221681408","2.606011221681408",
"50","ENGAGE-INDCi2030-2500","COFFEE 1.1","Final Energy|Residential and Commercial|Electricity","EJ/yr","[object Object]",2030,8.8711619472,"2.606011221681408","2.606011221681408","2100","274.7521575355","2476.1027563215","GW6","failed","medium","ok","ok","ok","medium","high","high","high","ok",,"high","true","C6","C6: Below 3°C","COFFEE 1.1","EN_INDCi2030_2500","11.575830931762459","79.02840770433018","5.6865168777868105","-2.6727977547354413","274.7521575355","2.606011221681408","2.606011221681408",
"50","ENGAGE-INDCi2030-2500","COFFEE 1.1","Final Energy|Residential and Commercial|Electricity","EJ/yr","[object Object]",2035,9.702851414399998,"2.606011221681408","2.606011221681408","2100","274.7521575355","2476.1027563215","GW6","failed","medium","ok","ok","ok","medium","high","high","high","ok",,"high","true","C6","C6: Below 3°C","COFFEE 1.1","EN_INDCi2030_2500","11.575830931762459","79.02840770433018","5.6865168777868105","-2.6727977547354413","274.7521575355","2.606011221681408","2.606011221681408",
"50","ENGAGE-INDCi2030-2500","COFFEE 1.1","Final Energy|Residential and Commercial|Electricity","EJ/yr","[object Object]",2040,10.9803905424,"2.606011221681408","2.606011221681408","2100","274.7521575355","2476.1027563215","GW6","failed","medium","ok","ok","ok","medium","high","high","high","ok",,"high","true","C6","C6: Below 3°C","COFFEE 1.1","EN_INDCi2030_2500","11.575830931762459","79.02840770433018","5.6865168777868105","-2.6727977547354413","274.7521575355","2.606011221681408","2.606011221681408",
"50","ENGAGE-INDCi2030-2500","COFFEE 1.1","Final Energy|Residential and Commercial|Electricity","EJ/yr","[object Object]",2045,12.3403300848,"2.606011221681408","2.606011221681408","2100","274.7521575355","2476.1027563215","GW6","failed","medium","ok","ok","ok","medium","high","high","high","ok",,"high","true","C6","C6: Below 3°C","COFFEE 1.1","EN_INDCi2030_2500","11.575830931762459","79.02840770433018","5.6865168777868105","-2.6727977547354413","274.7521575355","2.606011221681408","2.606011221681408",
"50","ENGAGE-INDCi2030-2500","COFFEE 1.1","Final Energy|Residential and Commercial|Electricity","EJ/yr","[object Object]",2050,13.7399072256,"2.606011221681408","2.606011221681408","2100","274.7521575355","2476.1027563215","GW6","failed","medium","ok","ok","ok","medium","high","high","high","ok",,"high","true","C6","C6: Below 3°C","COFFEE 1.1","EN_INDCi2030_2500","11.575830931762459","79.02840770433018","5.6865168777868105","-2.6727977547354413","274.7521575355","2.606011221681408","2.606011221681408",
"50","ENGAGE-INDCi2030-2500","COFFEE 1.1","Final Energy|Residential and Commercial|Electricity","EJ/yr","[object Object]",2060,16.5284023392,"2.606011221681408","2.606011221681408","2100","274.7521575355","2476.1027563215","GW6","failed","medium","ok","ok","ok","medium","high","high","high","ok",,"high","true","C6","C6: Below 3°C","COFFEE 1.1","EN_INDCi2030_2500","11.575830931762459","79.02840770433018","5.6865168777868105","-2.6727977547354413","274.7521575355","2.606011221681408","2.606011221681408",
"50","ENGAGE-INDCi2030-2500","COFFEE 1.1","Final Energy|Residential and Commercial|Electricity","EJ/yr","[object Object]",2070,19.6887573504,"2.606011221681408","2.606011221681408","2100","274.7521575355","2476.1027563215","GW6","failed","medium","ok","ok","ok","medium","high","high","high","ok",,"high","true","C6","C6: Below 3°C","COFFEE 1.1","EN_INDCi2030_2500","11.575830931762459","79.02840770433018","5.6865168777868105","-2.6727977547354413","274.7521575355","2.606011221681408","2.606011221681408",
"50","ENGAGE-INDCi2030-2500","COFFEE 1.1","Final Energy|Residential and Commercial|Electricity","EJ/yr","[object Object]",2080,23.00771952,"2.606011221681408","2.606011221681408","2100","274.7521575355","2476.1027563215","GW6","failed","medium","ok","ok","ok","medium","high","high","high","ok",,"high","true","C6","C6: Below 3°C","COFFEE 1.1","EN_INDCi2030_2500","11.575830931762459","79.02840770433018","5.6865168777868105","-2.6727977547354413","274.7521575355","2.606011221681408","2.606011221681408",
"50","ENGAGE-INDCi2030-2500","COFFEE 1.1","Final Energy|Residential and Commercial|Electricity","EJ/yr","[object Object]",2090,27.3577291344,"2.606011221681408","2.606011221681408","2100","274.7521575355","2476.1027563215","GW6","failed","medium","ok","ok","ok","medium","high","high","high","ok",,"high","true","C6","C6: Below 3°C","COFFEE 1.1","EN_INDCi2030_2500","11.575830931762459","79.02840770433018","5.6865168777868105","-2.6727977547354413","274.7521575355","2.606011221681408","2.606011221681408",
"50","ENGAGE-INDCi2030-2500","COFFEE 1.1","Final Energy|Residential and Commercial|Electricity","EJ/yr","[object Object]",2100,30.3323560272,"2.606011221681408","2.606011221681408","2100","274.7521575355","2476.1027563215","GW6","failed","medium","ok","ok","ok","medium","high","high","high","ok",,"high","true","C6","C6: Below 3°C","COFFEE 1.1","EN_INDCi2030_2500","11.575830931762459","79.02840770433018","5.6865168777868105","-2.6727977547354413","274.7521575355","2.606011221681408","2.606011221681408",
"51","ENGAGE-INDCi2030-2500f","COFFEE 1.1","Final Energy|Residential and Commercial|Electricity","EJ/yr","[object Object]",2010,6.483391631999999,"2.597447166938984","2.597447166938984","2100","274.7521575355","2476.1027563215","GW6","failed","medium","ok","ok","ok","medium","high","high","high","ok",,"high","true","C6","C6: Below 3°C","COFFEE 1.1","EN_INDCi2030_2500f","11.575830931762459","79.02840770433018","5.6865168777868105","-2.6727977547354413","274.7521575355","2.597447166938984","2.597447166938984",
"51","ENGAGE-INDCi2030-2500f","COFFEE 1.1","Final Energy|Residential and Commercial|Electricity","EJ/yr","[object Object]",2015,6.3393257232,"2.597447166938984","2.597447166938984","2100","274.7521575355","2476.1027563215","GW6","failed","medium","ok","ok","ok","medium","high","high","high","ok",,"high","true","C6","C6: Below 3°C","COFFEE 1.1","EN_INDCi2030_2500f","11.575830931762459","79.02840770433018","5.6865168777868105","-2.6727977547354413","274.7521575355","2.597447166938984","2.597447166938984",
"51","ENGAGE-INDCi2030-2500f","COFFEE 1.1","Final Energy|Residential and Commercial|Electricity","EJ/yr","[object Object]",2020,6.8413189248,"2.597447166938984","2.597447166938984","2100","274.7521575355","2476.1027563215","GW6","failed","medium","ok","ok","ok","medium","high","high","high","ok",,"high","true","C6","C6: Below 3°C","COFFEE 1.1","EN_INDCi2030_2500f","11.575830931762459","79.02840770433018","5.6865168777868105","-2.6727977547354413","274.7521575355","2.597447166938984","2.597447166938984",
"51","ENGAGE-INDCi2030-2500f","COFFEE 1.1","Final Energy|Residential and Commercial|Electricity","EJ/yr","[object Object]",2025,8.059264473599999,"2.597447166938984","2.597447166938984","2100","274.7521575355","2476.1027563215","GW6","failed","medium","ok","ok","ok","medium","high","high","high","ok",,"high","true","C6","C6: Below 3°C","COFFEE 1.1","EN_INDCi2030_2500f","11.575830931762459","79.02840770433018","5.6865168777868105","-2.6727977547354413","274.7521575355","2.597447166938984","2.597447166938984",
"51","ENGAGE-INDCi2030-2500f","COFFEE 1.1","Final Energy|Residential and Commercial|Electricity","EJ/yr","[object Object]",2030,8.8711619472,"2.597447166938984","2.597447166938984","2100","274.7521575355","2476.1027563215","GW6","failed","medium","ok","ok","ok","medium","high","high","high","ok",,"high","true","C6","C6: Below 3°C","COFFEE 1.1","EN_INDCi2030_2500f","11.575830931762459","79.02840770433018","5.6865168777868105","-2.6727977547354413","274.7521575355","2.597447166938984","2.597447166938984",
"51","ENGAGE-INDCi2030-2500f","COFFEE 1.1","Final Energy|Residential and Commercial|Electricity","EJ/yr","[object Object]",2035,9.702851414399998,"2.597447166938984","2.597447166938984","2100","274.7521575355","2476.1027563215","GW6","failed","medium","ok","ok","ok","medium","high","high","high","ok",,"high","true","C6","C6: Below 3°C","COFFEE 1.1","EN_INDCi2030_2500f","11.575830931762459","79.02840770433018","5.6865168777868105","-2.6727977547354413","274.7521575355","2.597447166938984","2.597447166938984",
"51","ENGAGE-INDCi2030-2500f","COFFEE 1.1","Final Energy|Residential and Commercial|Electricity","EJ/yr","[object Object]",2040,10.9803905424,"2.597447166938984","2.597447166938984","2100","274.7521575355","2476.1027563215","GW6","failed","medium","ok","ok","ok","medium","high","high","high","ok",,"high","true","C6","C6: Below 3°C","COFFEE 1.1","EN_INDCi2030_2500f","11.575830931762459","79.02840770433018","5.6865168777868105","-2.6727977547354413","274.7521575355","2.597447166938984","2.597447166938984",
"51","ENGAGE-INDCi2030-2500f","COFFEE 1.1","Final Energy|Residential and Commercial|Electricity","EJ/yr","[object Object]",2045,12.3403300848,"2.597447166938984","2.597447166938984","2100","274.7521575355","2476.1027563215","GW6","failed","medium","ok","ok","ok","medium","high","high","high","ok",,"high","true","C6","C6: Below 3°C","COFFEE 1.1","EN_INDCi2030_2500f","11.575830931762459","79.02840770433018","5.6865168777868105","-2.6727977547354413","274.7521575355","2.597447166938984","2.597447166938984",
"51","ENGAGE-INDCi2030-2500f","COFFEE 1.1","Final Energy|Residential and Commercial|Electricity","EJ/yr","[object Object]",2050,13.7399072256,"2.597447166938984","2.597447166938984","2100","274.7521575355","2476.1027563215","GW6","failed","medium","ok","ok","ok","medium","high","high","high","ok",,"high","true","C6","C6: Below 3°C","COFFEE 1.1","EN_INDCi2030_2500f","11.575830931762459","79.02840770433018","5.6865168777868105","-2.6727977547354413","274.7521575355","2.597447166938984","2.597447166938984",
"51","ENGAGE-INDCi2030-2500f","COFFEE 1.1","Final Energy|Residential and Commercial|Electricity","EJ/yr","[object Object]",2060,16.5284023392,"2.597447166938984","2.597447166938984","2100","274.7521575355","2476.1027563215","GW6","failed","medium","ok","ok","ok","medium","high","high","high","ok",,"high","true","C6","C6: Below 3°C","COFFEE 1.1","EN_INDCi2030_2500f","11.575830931762459","79.02840770433018","5.6865168777868105","-2.6727977547354413","274.7521575355","2.597447166938984","2.597447166938984",
"51","ENGAGE-INDCi2030-2500f","COFFEE 1.1","Final Energy|Residential and Commercial|Electricity","EJ/yr","[object Object]",2070,19.6887573504,"2.597447166938984","2.597447166938984","2100","274.7521575355","2476.1027563215","GW6","failed","medium","ok","ok","ok","medium","high","high","high","ok",,"high","true","C6","C6: Below 3°C","COFFEE 1.1","EN_INDCi2030_2500f","11.575830931762459","79.02840770433018","5.6865168777868105","-2.6727977547354413","274.7521575355","2.597447166938984","2.597447166938984",
"51","ENGAGE-INDCi2030-2500f","COFFEE 1.1","Final Energy|Residential and Commercial|Electricity","EJ/yr","[object Object]",2080,23.00771952,"2.597447166938984","2.597447166938984","2100","274.7521575355","2476.1027563215","GW6","failed","medium","ok","ok","ok","medium","high","high","high","ok",,"high","true","C6","C6: Below 3°C","COFFEE 1.1","EN_INDCi2030_2500f","11.575830931762459","79.02840770433018","5.6865168777868105","-2.6727977547354413","274.7521575355","2.597447166938984","2.597447166938984",
"51","ENGAGE-INDCi2030-2500f","COFFEE 1.1","Final Energy|Residential and Commercial|Electricity","EJ/yr","[object Object]",2090,27.3577291344,"2.597447166938984","2.597447166938984","2100","274.7521575355","2476.1027563215","GW6","failed","medium","ok","ok","ok","medium","high","high","high","ok",,"high","true","C6","C6: Below 3°C","COFFEE 1.1","EN_INDCi2030_2500f","11.575830931762459","79.02840770433018","5.6865168777868105","-2.6727977547354413","274.7521575355","2.597447166938984","2.597447166938984",
"51","ENGAGE-INDCi2030-2500f","COFFEE 1.1","Final Energy|Residential and Commercial|Electricity","EJ/yr","[object Object]",2100,30.3323560272,"2.597447166938984","2.597447166938984","2100","274.7521575355","2476.1027563215","GW6","failed","medium","ok","ok","ok","medium","high","high","high","ok",,"high","true","C6","C6: Below 3°C","COFFEE 1.1","EN_INDCi2030_2500f","11.575830931762459","79.02840770433018","5.6865168777868105","-2.6727977547354413","274.7521575355","2.597447166938984","2.597447166938984",
"67","ENGAGE-INDCi2100","COFFEE 1.1","Final Energy|Residential and Commercial|Electricity","EJ/yr","[object Object]",2010,6.483391631999999,"2.909492926290706","2.909492926290706","2100","0","3257.1505837480004","GW6","failed","medium","ok","ok","ok","medium","high","high","high","ok",,"ok","true","C6","C6: Below 3°C","COFFEE 1.1","EN_INDCi2100","13.027699086557346","76.93169328793698","6.028775565132703","-2.6186836380489495","0","2.909492926290706","2.909492926290706",
"67","ENGAGE-INDCi2100","COFFEE 1.1","Final Energy|Residential and Commercial|Electricity","EJ/yr","[object Object]",2015,6.3393257232,"2.909492926290706","2.909492926290706","2100","0","3257.1505837480004","GW6","failed","medium","ok","ok","ok","medium","high","high","high","ok",,"ok","true","C6","C6: Below 3°C","COFFEE 1.1","EN_INDCi2100","13.027699086557346","76.93169328793698","6.028775565132703","-2.6186836380489495","0","2.909492926290706","2.909492926290706",
"67","ENGAGE-INDCi2100","COFFEE 1.1","Final Energy|Residential and Commercial|Electricity","EJ/yr","[object Object]",2020,6.8413189248,"2.909492926290706","2.909492926290706","2100","0","3257.1505837480004","GW6","failed","medium","ok","ok","ok","medium","high","high","high","ok",,"ok","true","C6","C6: Below 3°C","COFFEE 1.1","EN_INDCi2100","13.027699086557346","76.93169328793698","6.028775565132703","-2.6186836380489495","0","2.909492926290706","2.909492926290706",
"67","ENGAGE-INDCi2100","COFFEE 1.1","Final Energy|Residential and Commercial|Electricity","EJ/yr","[object Object]",2025,8.059264473599999,"2.909492926290706","2.909492926290706","2100","0","3257.1505837480004","GW6","failed","medium","ok","ok","ok","medium","high","high","high","ok",,"ok","true","C6","C6: Below 3°C","COFFEE 1.1","EN_INDCi2100","13.027699086557346","76.93169328793698","6.028775565132703","-2.6186836380489495","0","2.909492926290706","2.909492926290706",
"67","ENGAGE-INDCi2100","COFFEE 1.1","Final Energy|Residential and Commercial|Electricity","EJ/yr","[object Object]",2030,8.8711619472,"2.909492926290706","2.909492926290706","2100","0","3257.1505837480004","GW6","failed","medium","ok","ok","ok","medium","high","high","high","ok",,"ok","true","C6","C6: Below 3°C","COFFEE 1.1","EN_INDCi2100","13.027699086557346","76.93169328793698","6.028775565132703","-2.6186836380489495","0","2.909492926290706","2.909492926290706",
"67","ENGAGE-INDCi2100","COFFEE 1.1","Final Energy|Residential and Commercial|Electricity","EJ/yr","[object Object]",2035,9.702851414399998,"2.909492926290706","2.909492926290706","2100","0","3257.1505837480004","GW6","failed","medium","ok","ok","ok","medium","high","high","high","ok",,"ok","true","C6","C6: Below 3°C","COFFEE 1.1","EN_INDCi2100","13.027699086557346","76.93169328793698","6.028775565132703","-2.6186836380489495","0","2.909492926290706","2.909492926290706",
"67","ENGAGE-INDCi2100","COFFEE 1.1","Final Energy|Residential and Commercial|Electricity","EJ/yr","[object Object]",2040,10.9803905424,"2.909492926290706","2.909492926290706","2100","0","3257.1505837480004","GW6","failed","medium","ok","ok","ok","medium","high","high","high","ok",,"ok","true","C6","C6: Below 3°C","COFFEE 1.1","EN_INDCi2100","13.027699086557346","76.93169328793698","6.028775565132703","-2.6186836380489495","0","2.909492926290706","2.909492926290706",
"67","ENGAGE-INDCi2100","COFFEE 1.1","Final Energy|Residential and Commercial|Electricity","EJ/yr","[object Object]",2045,12.3403300848,"2.909492926290706","2.909492926290706","2100","0","3257.1505837480004","GW6","failed","medium","ok","ok","ok","medium","high","high","high","ok",,"ok","true","C6","C6: Below 3°C","COFFEE 1.1","EN_INDCi2100","13.027699086557346","76.93169328793698","6.028775565132703","-2.6186836380489495","0","2.909492926290706","2.909492926290706",
"67","ENGAGE-INDCi2100","COFFEE 1.1","Final Energy|Residential and Commercial|Electricity","EJ/yr","[object Object]",2050,13.7399072256,"2.909492926290706","2.909492926290706","2100","0","3257.1505837480004","GW6","failed","medium","ok","ok","ok","medium","high","high","high","ok",,"ok","true","C6","C6: Below 3°C","COFFEE 1.1","EN_INDCi2100","13.027699086557346","76.93169328793698","6.028775565132703","-2.6186836380489495","0","2.909492926290706","2.909492926290706",
"67","ENGAGE-INDCi2100","COFFEE 1.1","Final Energy|Residential and Commercial|Electricity","EJ/yr","[object Object]",2060,16.5284023392,"2.909492926290706","2.909492926290706","2100","0","3257.1505837480004","GW6","failed","medium","ok","ok","ok","medium","high","high","high","ok",,"ok","true","C6","C6: Below 3°C","COFFEE 1.1","EN_INDCi2100","13.027699086557346","76.93169328793698","6.028775565132703","-2.6186836380489495","0","2.909492926290706","2.909492926290706",
"67","ENGAGE-INDCi2100","COFFEE 1.1","Final Energy|Residential and Commercial|Electricity","EJ/yr","[object Object]",2070,19.6887573504,"2.909492926290706","2.909492926290706","2100","0","3257.1505837480004","GW6","failed","medium","ok","ok","ok","medium","high","high","high","ok",,"ok","true","C6","C6: Below 3°C","COFFEE 1.1","EN_INDCi2100","13.027699086557346","76.93169328793698","6.028775565132703","-2.6186836380489495","0","2.909492926290706","2.909492926290706",
"67","ENGAGE-INDCi2100","COFFEE 1.1","Final Energy|Residential and Commercial|Electricity","EJ/yr","[object Object]",2080,23.00771952,"2.909492926290706","2.909492926290706","2100","0","3257.1505837480004","GW6","failed","medium","ok","ok","ok","medium","high","high","high","ok",,"ok","true","C6","C6: Below 3°C","COFFEE 1.1","EN_INDCi2100","13.027699086557346","76.93169328793698","6.028775565132703","-2.6186836380489495","0","2.909492926290706","2.909492926290706",
"67","ENGAGE-INDCi2100","COFFEE 1.1","Final Energy|Residential and Commercial|Electricity","EJ/yr","[object Object]",2090,26.5650370848,"2.909492926290706","2.909492926290706","2100","0","3257.1505837480004","GW6","failed","medium","ok","ok","ok","medium","high","high","high","ok",,"ok","true","C6","C6: Below 3°C","COFFEE 1.1","EN_INDCi2100","13.027699086557346","76.93169328793698","6.028775565132703","-2.6186836380489495","0","2.909492926290706","2.909492926290706",
"67","ENGAGE-INDCi2100","COFFEE 1.1","Final Energy|Residential and Commercial|Electricity","EJ/yr","[object Object]",2100,30.3323560272,"2.909492926290706","2.909492926290706","2100","0","3257.1505837480004","GW6","failed","medium","ok","ok","ok","medium","high","high","high","ok",,"ok","true","C6","C6: Below 3°C","COFFEE 1.1","EN_INDCi2100","13.027699086557346","76.93169328793698","6.028775565132703","-2.6186836380489495","0","2.909492926290706","2.909492926290706",
"68","ENGAGE-INDCi2100-COV-NDCp","COFFEE 1.1","Final Energy|Residential and Commercial|Electricity","EJ/yr","[object Object]",2010,6.483391631999999,"2.700179507770327","2.700179507770327","2100","0","2899.9984178268005","GW6","failed","medium","ok","ok","ok","medium","medium","high","medium","ok",,"medium","true","C6","C6: Below 3°C","COFFEE 1.1","EN_INDCi2100_COV_NDCp","15.374966392422065","73.41137783186807","7.001582603825226","-2.3673844718261847","0","2.700179507770327","2.700179507770327",
"68","ENGAGE-INDCi2100-COV-NDCp","COFFEE 1.1","Final Energy|Residential and Commercial|Electricity","EJ/yr","[object Object]",2015,6.3393257232,"2.700179507770327","2.700179507770327","2100","0","2899.9984178268005","GW6","failed","medium","ok","ok","ok","medium","medium","high","medium","ok",,"medium","true","C6","C6: Below 3°C","COFFEE 1.1","EN_INDCi2100_COV_NDCp","15.374966392422065","73.41137783186807","7.001582603825226","-2.3673844718261847","0","2.700179507770327","2.700179507770327",
"68","ENGAGE-INDCi2100-COV-NDCp","COFFEE 1.1","Final Energy|Residential and Commercial|Electricity","EJ/yr","[object Object]",2020,5.59719313488,"2.700179507770327","2.700179507770327","2100","0","2899.9984178268005","GW6","failed","medium","ok","ok","ok","medium","medium","high","medium","ok",,"medium","true","C6","C6: Below 3°C","COFFEE 1.1","EN_INDCi2100_COV_NDCp","15.374966392422065","73.41137783186807","7.001582603825226","-2.3673844718261847","0","2.700179507770327","2.700179507770327",
"68","ENGAGE-INDCi2100-COV-NDCp","COFFEE 1.1","Final Energy|Residential and Commercial|Electricity","EJ/yr","[object Object]",2025,7.3377050256,"2.700179507770327","2.700179507770327","2100","0","2899.9984178268005","GW6","failed","medium","ok","ok","ok","medium","medium","high","medium","ok",,"medium","true","C6","C6: Below 3°C","COFFEE 1.1","EN_INDCi2100_COV_NDCp","15.374966392422065","73.41137783186807","7.001582603825226","-2.3673844718261847","0","2.700179507770327","2.700179507770327",
"68","ENGAGE-INDCi2100-COV-NDCp","COFFEE 1.1","Final Energy|Residential and Commercial|Electricity","EJ/yr","[object Object]",2030,8.0554643856,"2.700179507770327","2.700179507770327","2100","0","2899.9984178268005","GW6","failed","medium","ok","ok","ok","medium","medium","high","medium","ok",,"medium","true","C6","C6: Below 3°C","COFFEE 1.1","EN_INDCi2100_COV_NDCp","15.374966392422065","73.41137783186807","7.001582603825226","-2.3673844718261847","0","2.700179507770327","2.700179507770327",
"68","ENGAGE-INDCi2100-COV-NDCp","COFFEE 1.1","Final Energy|Residential and Commercial|Electricity","EJ/yr","[object Object]",2035,8.8769929536,"2.700179507770327","2.700179507770327","2100","0","2899.9984178268005","GW6","failed","medium","ok","ok","ok","medium","medium","high","medium","ok",,"medium","true","C6","C6: Below 3°C","COFFEE 1.1","EN_INDCi2100_COV_NDCp","15.374966392422065","73.41137783186807","7.001582603825226","-2.3673844718261847","0","2.700179507770327","2.700179507770327",
"68","ENGAGE-INDCi2100-COV-NDCp","COFFEE 1.1","Final Energy|Residential and Commercial|Electricity","EJ/yr","[object Object]",2040,10.0620527616,"2.700179507770327","2.700179507770327","2100","0","2899.9984178268005","GW6","failed","medium","ok","ok","ok","medium","medium","high","medium","ok",,"medium","true","C6","C6: Below 3°C","COFFEE 1.1","EN_INDCi2100_COV_NDCp","15.374966392422065","73.41137783186807","7.001582603825226","-2.3673844718261847","0","2.700179507770327","2.700179507770327",
"68","ENGAGE-INDCi2100-COV-NDCp","COFFEE 1.1","Final Energy|Residential and Commercial|Electricity","EJ/yr","[object Object]",2045,11.325605673599998,"2.700179507770327","2.700179507770327","2100","0","2899.9984178268005","GW6","failed","medium","ok","ok","ok","medium","medium","high","medium","ok",,"medium","true","C6","C6: Below 3°C","COFFEE 1.1","EN_INDCi2100_COV_NDCp","15.374966392422065","73.41137783186807","7.001582603825226","-2.3673844718261847","0","2.700179507770327","2.700179507770327",
"68","ENGAGE-INDCi2100-COV-NDCp","COFFEE 1.1","Final Energy|Residential and Commercial|Electricity","EJ/yr","[object Object]",2050,12.5610000912,"2.700179507770327","2.700179507770327","2100","0","2899.9984178268005","GW6","failed","medium","ok","ok","ok","medium","medium","high","medium","ok",,"medium","true","C6","C6: Below 3°C","COFFEE 1.1","EN_INDCi2100_COV_NDCp","15.374966392422065","73.41137783186807","7.001582603825226","-2.3673844718261847","0","2.700179507770327","2.700179507770327",
"68","ENGAGE-INDCi2100-COV-NDCp","COFFEE 1.1","Final Energy|Residential and Commercial|Electricity","EJ/yr","[object Object]",2060,15.1409634048,"2.700179507770327","2.700179507770327","2100","0","2899.9984178268005","GW6","failed","medium","ok","ok","ok","medium","medium","high","medium","ok",,"medium","true","C6","C6: Below 3°C","COFFEE 1.1","EN_INDCi2100_COV_NDCp","15.374966392422065","73.41137783186807","7.001582603825226","-2.3673844718261847","0","2.700179507770327","2.700179507770327",
"68","ENGAGE-INDCi2100-COV-NDCp","COFFEE 1.1","Final Energy|Residential and Commercial|Electricity","EJ/yr","[object Object]",2070,18.014971536,"2.700179507770327","2.700179507770327","2100","0","2899.9984178268005","GW6","failed","medium","ok","ok","ok","medium","medium","high","medium","ok",,"medium","true","C6","C6: Below 3°C","COFFEE 1.1","EN_INDCi2100_COV_NDCp","15.374966392422065","73.41137783186807","7.001582603825226","-2.3673844718261847","0","2.700179507770327","2.700179507770327",
"68","ENGAGE-INDCi2100-COV-NDCp","COFFEE 1.1","Final Energy|Residential and Commercial|Electricity","EJ/yr","[object Object]",2080,21.0948782112,"2.700179507770327","2.700179507770327","2100","0","2899.9984178268005","GW6","failed","medium","ok","ok","ok","medium","medium","high","medium","ok",,"medium","true","C6","C6: Below 3°C","COFFEE 1.1","EN_INDCi2100_COV_NDCp","15.374966392422065","73.41137783186807","7.001582603825226","-2.3673844718261847","0","2.700179507770327","2.700179507770327",
"68","ENGAGE-INDCi2100-COV-NDCp","COFFEE 1.1","Final Energy|Residential and Commercial|Electricity","EJ/yr","[object Object]",2090,24.3934523568,"2.700179507770327","2.700179507770327","2100","0","2899.9984178268005","GW6","failed","medium","ok","ok","ok","medium","medium","high","medium","ok",,"medium","true","C6","C6: Below 3°C","COFFEE 1.1","EN_INDCi2100_COV_NDCp","15.374966392422065","73.41137783186807","7.001582603825226","-2.3673844718261847","0","2.700179507770327","2.700179507770327",
"68","ENGAGE-INDCi2100-COV-NDCp","COFFEE 1.1","Final Energy|Residential and Commercial|Electricity","EJ/yr","[object Object]",2100,27.7512889536,"2.700179507770327","2.700179507770327","2100","0","2899.9984178268005","GW6","failed","medium","ok","ok","ok","medium","medium","high","medium","ok",,"medium","true","C6","C6: Below 3°C","COFFEE 1.1","EN_INDCi2100_COV_NDCp","15.374966392422065","73.41137783186807","7.001582603825226","-2.3673844718261847","0","2.700179507770327","2.700179507770327",
"69","ENGAGE-INDCi2100-NDCp","COFFEE 1.1","Final Energy|Residential and Commercial|Electricity","EJ/yr","[object Object]",2010,6.483391631999999,"2.803693729097854","2.803693729097854","2100","0","3074.3960603767996","GW6","failed","medium","ok","ok","ok","medium","medium","high","medium","ok",,"medium",,"C6","C6: Below 3°C",,,"16.867444348061525","72.79568007795551","6.4771739745092605","-2.587669940787123","0","2.803693729097854","2.803693729097854",
"69","ENGAGE-INDCi2100-NDCp","COFFEE 1.1","Final Energy|Residential and Commercial|Electricity","EJ/yr","[object Object]",2015,6.3393257232,"2.803693729097854","2.803693729097854","2100","0","3074.3960603767996","GW6","failed","medium","ok","ok","ok","medium","medium","high","medium","ok",,"medium",,"C6","C6: Below 3°C",,,"16.867444348061525","72.79568007795551","6.4771739745092605","-2.587669940787123","0","2.803693729097854","2.803693729097854",
"69","ENGAGE-INDCi2100-NDCp","COFFEE 1.1","Final Energy|Residential and Commercial|Electricity","EJ/yr","[object Object]",2020,6.9077526624,"2.803693729097854","2.803693729097854","2100","0","3074.3960603767996","GW6","failed","medium","ok","ok","ok","medium","medium","high","medium","ok",,"medium",,"C6","C6: Below 3°C",,,"16.867444348061525","72.79568007795551","6.4771739745092605","-2.587669940787123","0","2.803693729097854","2.803693729097854",
"69","ENGAGE-INDCi2100-NDCp","COFFEE 1.1","Final Energy|Residential and Commercial|Electricity","EJ/yr","[object Object]",2025,8.059264473599999,"2.803693729097854","2.803693729097854","2100","0","3074.3960603767996","GW6","failed","medium","ok","ok","ok","medium","medium","high","medium","ok",,"medium",,"C6","C6: Below 3°C",,,"16.867444348061525","72.79568007795551","6.4771739745092605","-2.587669940787123","0","2.803693729097854","2.803693729097854",
"69","ENGAGE-INDCi2100-NDCp","COFFEE 1.1","Final Energy|Residential and Commercial|Electricity","EJ/yr","[object Object]",2030,8.8711619472,"2.803693729097854","2.803693729097854","2100","0","3074.3960603767996","GW6","failed","medium","ok","ok","ok","medium","medium","high","medium","ok",,"medium",,"C6","C6: Below 3°C",,,"16.867444348061525","72.79568007795551","6.4771739745092605","-2.587669940787123","0","2.803693729097854","2.803693729097854",
"69","ENGAGE-INDCi2100-NDCp","COFFEE 1.1","Final Energy|Residential and Commercial|Electricity","EJ/yr","[object Object]",2035,9.702851414399998,"2.803693729097854","2.803693729097854","2100","0","3074.3960603767996","GW6","failed","medium","ok","ok","ok","medium","medium","high","medium","ok",,"medium",,"C6","C6: Below 3°C",,,"16.867444348061525","72.79568007795551","6.4771739745092605","-2.587669940787123","0","2.803693729097854","2.803693729097854",
"69","ENGAGE-INDCi2100-NDCp","COFFEE 1.1","Final Energy|Residential and Commercial|Electricity","EJ/yr","[object Object]",2040,10.9803905424,"2.803693729097854","2.803693729097854","2100","0","3074.3960603767996","GW6","failed","medium","ok","ok","ok","medium","medium","high","medium","ok",,"medium",,"C6","C6: Below 3°C",,,"16.867444348061525","72.79568007795551","6.4771739745092605","-2.587669940787123","0","2.803693729097854","2.803693729097854",
"69","ENGAGE-INDCi2100-NDCp","COFFEE 1.1","Final Energy|Residential and Commercial|Electricity","EJ/yr","[object Object]",2045,12.3403300848,"2.803693729097854","2.803693729097854","2100","0","3074.3960603767996","GW6","failed","medium","ok","ok","ok","medium","medium","high","medium","ok",,"medium",,"C6","C6: Below 3°C",,,"16.867444348061525","72.79568007795551","6.4771739745092605","-2.587669940787123","0","2.803693729097854","2.803693729097854",
"69","ENGAGE-INDCi2100-NDCp","COFFEE 1.1","Final Energy|Residential and Commercial|Electricity","EJ/yr","[object Object]",2050,13.7399072256,"2.803693729097854","2.803693729097854","2100","0","3074.3960603767996","GW6","failed","medium","ok","ok","ok","medium","medium","high","medium","ok",,"medium",,"C6","C6: Below 3°C",,,"16.867444348061525","72.79568007795551","6.4771739745092605","-2.587669940787123","0","2.803693729097854","2.803693729097854",
"69","ENGAGE-INDCi2100-NDCp","COFFEE 1.1","Final Energy|Residential and Commercial|Electricity","EJ/yr","[object Object]",2060,16.5284023392,"2.803693729097854","2.803693729097854","2100","0","3074.3960603767996","GW6","failed","medium","ok","ok","ok","medium","medium","high","medium","ok",,"medium",,"C6","C6: Below 3°C",,,"16.867444348061525","72.79568007795551","6.4771739745092605","-2.587669940787123","0","2.803693729097854","2.803693729097854",
"69","ENGAGE-INDCi2100-NDCp","COFFEE 1.1","Final Energy|Residential and Commercial|Electricity","EJ/yr","[object Object]",2070,19.6887573504,"2.803693729097854","2.803693729097854","2100","0","3074.3960603767996","GW6","failed","medium","ok","ok","ok","medium","medium","high","medium","ok",,"medium",,"C6","C6: Below 3°C",,,"16.867444348061525","72.79568007795551","6.4771739745092605","-2.587669940787123","0","2.803693729097854","2.803693729097854",
"69","ENGAGE-INDCi2100-NDCp","COFFEE 1.1","Final Energy|Residential and Commercial|Electricity","EJ/yr","[object Object]",2080,23.00771952,"2.803693729097854","2.803693729097854","2100","0","3074.3960603767996","GW6","failed","medium","ok","ok","ok","medium","medium","high","medium","ok",,"medium",,"C6","C6: Below 3°C",,,"16.867444348061525","72.79568007795551","6.4771739745092605","-2.587669940787123","0","2.803693729097854","2.803693729097854",
"69","ENGAGE-INDCi2100-NDCp","COFFEE 1.1","Final Energy|Residential and Commercial|Electricity","EJ/yr","[object Object]",2090,26.5650370848,"2.803693729097854","2.803693729097854","2100","0","3074.3960603767996","GW6","failed","medium","ok","ok","ok","medium","medium","high","medium","ok",,"medium",,"C6","C6: Below 3°C",,,"16.867444348061525","72.79568007795551","6.4771739745092605","-2.587669940787123","0","2.803693729097854","2.803693729097854",
"69","ENGAGE-INDCi2100-NDCp","COFFEE 1.1","Final Energy|Residential and Commercial|Electricity","EJ/yr","[object Object]",2100,30.3323560272,"2.803693729097854","2.803693729097854","2100","0","3074.3960603767996","GW6","failed","medium","ok","ok","ok","medium","medium","high","medium","ok",,"medium",,"C6","C6: Below 3°C",,,"16.867444348061525","72.79568007795551","6.4771739745092605","-2.587669940787123","0","2.803693729097854","2.803693729097854",
"84","ENGAGE-NPi2020-2500","COFFEE 1.1","Final Energy|Residential and Commercial|Electricity","EJ/yr","[object Object]",2010,6.483391631999999,"2.638445479453535","2.636218703445202","2100","439.7345533585001","2476.4509095089998","GW6","failed","medium","ok","ok","ok","medium","high","high","high","ok",,"high","true","C6","C6: Below 3°C","COFFEE 1.1","EN_NPi2020_2500","12.636014099091408","77.62315347757527","5.850700471604987","-2.6100064770923836","439.7345533585001","2.636218703445202","2.638445479453535",
"84","ENGAGE-NPi2020-2500","COFFEE 1.1","Final Energy|Residential and Commercial|Electricity","EJ/yr","[object Object]",2015,6.3393257232,"2.638445479453535","2.636218703445202","2100","439.7345533585001","2476.4509095089998","GW6","failed","medium","ok","ok","ok","medium","high","high","high","ok",,"high","true","C6","C6: Below 3°C","COFFEE 1.1","EN_NPi2020_2500","12.636014099091408","77.62315347757527","5.850700471604987","-2.6100064770923836","439.7345533585001","2.636218703445202","2.638445479453535",
"84","ENGAGE-NPi2020-2500","COFFEE 1.1","Final Energy|Residential and Commercial|Electricity","EJ/yr","[object Object]",2020,6.8413189248,"2.638445479453535","2.636218703445202","2100","439.7345533585001","2476.4509095089998","GW6","failed","medium","ok","ok","ok","medium","high","high","high","ok",,"high","true","C6","C6: Below 3°C","COFFEE 1.1","EN_NPi2020_2500","12.636014099091408","77.62315347757527","5.850700471604987","-2.6100064770923836","439.7345533585001","2.636218703445202","2.638445479453535",
"84","ENGAGE-NPi2020-2500","COFFEE 1.1","Final Energy|Residential and Commercial|Electricity","EJ/yr","[object Object]",2025,8.059264473599999,"2.638445479453535","2.636218703445202","2100","439.7345533585001","2476.4509095089998","GW6","failed","medium","ok","ok","ok","medium","high","high","high","ok",,"high","true","C6","C6: Below 3°C","COFFEE 1.1","EN_NPi2020_2500","12.636014099091408","77.62315347757527","5.850700471604987","-2.6100064770923836","439.7345533585001","2.636218703445202","2.638445479453535",
"84","ENGAGE-NPi2020-2500","COFFEE 1.1","Final Energy|Residential and Commercial|Electricity","EJ/yr","[object Object]",2030,8.8711619472,"2.638445479453535","2.636218703445202","2100","439.7345533585001","2476.4509095089998","GW6","failed","medium","ok","ok","ok","medium","high","high","high","ok",,"high","true","C6","C6: Below 3°C","COFFEE 1.1","EN_NPi2020_2500","12.636014099091408","77.62315347757527","5.850700471604987","-2.6100064770923836","439.7345533585001","2.636218703445202","2.638445479453535",
"84","ENGAGE-NPi2020-2500","COFFEE 1.1","Final Energy|Residential and Commercial|Electricity","EJ/yr","[object Object]",2035,9.702851414399998,"2.638445479453535","2.636218703445202","2100","439.7345533585001","2476.4509095089998","GW6","failed","medium","ok","ok","ok","medium","high","high","high","ok",,"high","true","C6","C6: Below 3°C","COFFEE 1.1","EN_NPi2020_2500","12.636014099091408","77.62315347757527","5.850700471604987","-2.6100064770923836","439.7345533585001","2.636218703445202","2.638445479453535",
"84","ENGAGE-NPi2020-2500","COFFEE 1.1","Final Energy|Residential and Commercial|Electricity","EJ/yr","[object Object]",2040,10.9803905424,"2.638445479453535","2.636218703445202","2100","439.7345533585001","2476.4509095089998","GW6","failed","medium","ok","ok","ok","medium","high","high","high","ok",,"high","true","C6","C6: Below 3°C","COFFEE 1.1","EN_NPi2020_2500","12.636014099091408","77.62315347757527","5.850700471604987","-2.6100064770923836","439.7345533585001","2.636218703445202","2.638445479453535",
"84","ENGAGE-NPi2020-2500","COFFEE 1.1","Final Energy|Residential and Commercial|Electricity","EJ/yr","[object Object]",2045,12.3403300848,"2.638445479453535","2.636218703445202","2100","439.7345533585001","2476.4509095089998","GW6","failed","medium","ok","ok","ok","medium","high","high","high","ok",,"high","true","C6","C6: Below 3°C","COFFEE 1.1","EN_NPi2020_2500","12.636014099091408","77.62315347757527","5.850700471604987","-2.6100064770923836","439.7345533585001","2.636218703445202","2.638445479453535",
"84","ENGAGE-NPi2020-2500","COFFEE 1.1","Final Energy|Residential and Commercial|Electricity","EJ/yr","[object Object]",2050,13.7399072256,"2.638445479453535","2.636218703445202","2100","439.7345533585001","2476.4509095089998","GW6","failed","medium","ok","ok","ok","medium","high","high","high","ok",,"high","true","C6","C6: Below 3°C","COFFEE 1.1","EN_NPi2020_2500","12.636014099091408","77.62315347757527","5.850700471604987","-2.6100064770923836","439.7345533585001","2.636218703445202","2.638445479453535",
"84","ENGAGE-NPi2020-2500","COFFEE 1.1","Final Energy|Residential and Commercial|Electricity","EJ/yr","[object Object]",2060,16.5284023392,"2.638445479453535","2.636218703445202","2100","439.7345533585001","2476.4509095089998","GW6","failed","medium","ok","ok","ok","medium","high","high","high","ok",,"high","true","C6","C6: Below 3°C","COFFEE 1.1","EN_NPi2020_2500","12.636014099091408","77.62315347757527","5.850700471604987","-2.6100064770923836","439.7345533585001","2.636218703445202","2.638445479453535",
"84","ENGAGE-NPi2020-2500","COFFEE 1.1","Final Energy|Residential and Commercial|Electricity","EJ/yr","[object Object]",2070,19.6887573504,"2.638445479453535","2.636218703445202","2100","439.7345533585001","2476.4509095089998","GW6","failed","medium","ok","ok","ok","medium","high","high","high","ok",,"high","true","C6","C6: Below 3°C","COFFEE 1.1","EN_NPi2020_2500","12.636014099091408","77.62315347757527","5.850700471604987","-2.6100064770923836","439.7345533585001","2.636218703445202","2.638445479453535",
"84","ENGAGE-NPi2020-2500","COFFEE 1.1","Final Energy|Residential and Commercial|Electricity","EJ/yr","[object Object]",2080,24.4138687632,"2.638445479453535","2.636218703445202","2100","439.7345533585001","2476.4509095089998","GW6","failed","medium","ok","ok","ok","medium","high","high","high","ok",,"high","true","C6","C6: Below 3°C","COFFEE 1.1","EN_NPi2020_2500","12.636014099091408","77.62315347757527","5.850700471604987","-2.6100064770923836","439.7345533585001","2.636218703445202","2.638445479453535",
"84","ENGAGE-NPi2020-2500","COFFEE 1.1","Final Energy|Residential and Commercial|Electricity","EJ/yr","[object Object]",2090,31.367613528,"2.638445479453535","2.636218703445202","2100","439.7345533585001","2476.4509095089998","GW6","failed","medium","ok","ok","ok","medium","high","high","high","ok",,"high","true","C6","C6: Below 3°C","COFFEE 1.1","EN_NPi2020_2500","12.636014099091408","77.62315347757527","5.850700471604987","-2.6100064770923836","439.7345533585001","2.636218703445202","2.638445479453535",
"84","ENGAGE-NPi2020-2500","COFFEE 1.1","Final Energy|Residential and Commercial|Electricity","EJ/yr","[object Object]",2100,33.3099725328,"2.638445479453535","2.636218703445202","2100","439.7345533585001","2476.4509095089998","GW6","failed","medium","ok","ok","ok","medium","high","high","high","ok",,"high","true","C6","C6: Below 3°C","COFFEE 1.1","EN_NPi2020_2500","12.636014099091408","77.62315347757527","5.850700471604987","-2.6100064770923836","439.7345533585001","2.636218703445202","2.638445479453535",
"85","ENGAGE-NPi2020-2500f","COFFEE 1.1","Final Energy|Residential and Commercial|Electricity","EJ/yr","[object Object]",2010,6.483391631999999,"2.629148176775893","2.625887780114653","2100","264.248690092","2476.4509105240004","GW6","failed","medium","ok","ok","ok","medium","high","high","high","ok",,"high","true","C6","C6: Below 3°C","COFFEE 1.1","EN_NPi2020_2500f","12.636014099091408","77.62315347757527","5.850700471604987","-2.6100064770923836","264.248690092","2.625887780114653","2.629148176775893",
"85","ENGAGE-NPi2020-2500f","COFFEE 1.1","Final Energy|Residential and Commercial|Electricity","EJ/yr","[object Object]",2015,6.3393257232,"2.629148176775893","2.625887780114653","2100","264.248690092","2476.4509105240004","GW6","failed","medium","ok","ok","ok","medium","high","high","high","ok",,"high","true","C6","C6: Below 3°C","COFFEE 1.1","EN_NPi2020_2500f","12.636014099091408","77.62315347757527","5.850700471604987","-2.6100064770923836","264.248690092","2.625887780114653","2.629148176775893",
"85","ENGAGE-NPi2020-2500f","COFFEE 1.1","Final Energy|Residential and Commercial|Electricity","EJ/yr","[object Object]",2020,6.8413189248,"2.629148176775893","2.625887780114653","2100","264.248690092","2476.4509105240004","GW6","failed","medium","ok","ok","ok","medium","high","high","high","ok",,"high","true","C6","C6: Below 3°C","COFFEE 1.1","EN_NPi2020_2500f","12.636014099091408","77.62315347757527","5.850700471604987","-2.6100064770923836","264.248690092","2.625887780114653","2.629148176775893",
"85","ENGAGE-NPi2020-2500f","COFFEE 1.1","Final Energy|Residential and Commercial|Electricity","EJ/yr","[object Object]",2025,8.059264473599999,"2.629148176775893","2.625887780114653","2100","264.248690092","2476.4509105240004","GW6","failed","medium","ok","ok","ok","medium","high","high","high","ok",,"high","true","C6","C6: Below 3°C","COFFEE 1.1","EN_NPi2020_2500f","12.636014099091408","77.62315347757527","5.850700471604987","-2.6100064770923836","264.248690092","2.625887780114653","2.629148176775893",
"85","ENGAGE-NPi2020-2500f","COFFEE 1.1","Final Energy|Residential and Commercial|Electricity","EJ/yr","[object Object]",2030,8.8711619472,"2.629148176775893","2.625887780114653","2100","264.248690092","2476.4509105240004","GW6","failed","medium","ok","ok","ok","medium","high","high","high","ok",,"high","true","C6","C6: Below 3°C","COFFEE 1.1","EN_NPi2020_2500f","12.636014099091408","77.62315347757527","5.850700471604987","-2.6100064770923836","264.248690092","2.625887780114653","2.629148176775893",
"85","ENGAGE-NPi2020-2500f","COFFEE 1.1","Final Energy|Residential and Commercial|Electricity","EJ/yr","[object Object]",2035,9.702851414399998,"2.629148176775893","2.625887780114653","2100","264.248690092","2476.4509105240004","GW6","failed","medium","ok","ok","ok","medium","high","high","high","ok",,"high","true","C6","C6: Below 3°C","COFFEE 1.1","EN_NPi2020_2500f","12.636014099091408","77.62315347757527","5.850700471604987","-2.6100064770923836","264.248690092","2.625887780114653","2.629148176775893",
"85","ENGAGE-NPi2020-2500f","COFFEE 1.1","Final Energy|Residential and Commercial|Electricity","EJ/yr","[object Object]",2040,10.9803905424,"2.629148176775893","2.625887780114653","2100","264.248690092","2476.4509105240004","GW6","failed","medium","ok","ok","ok","medium","high","high","high","ok",,"high","true","C6","C6: Below 3°C","COFFEE 1.1","EN_NPi2020_2500f","12.636014099091408","77.62315347757527","5.850700471604987","-2.6100064770923836","264.248690092","2.625887780114653","2.629148176775893",
"85","ENGAGE-NPi2020-2500f","COFFEE 1.1","Final Energy|Residential and Commercial|Electricity","EJ/yr","[object Object]",2045,12.3403300848,"2.629148176775893","2.625887780114653","2100","264.248690092","2476.4509105240004","GW6","failed","medium","ok","ok","ok","medium","high","high","high","ok",,"high","true","C6","C6: Below 3°C","COFFEE 1.1","EN_NPi2020_2500f","12.636014099091408","77.62315347757527","5.850700471604987","-2.6100064770923836","264.248690092","2.625887780114653","2.629148176775893",
"85","ENGAGE-NPi2020-2500f","COFFEE 1.1","Final Energy|Residential and Commercial|Electricity","EJ/yr","[object Object]",2050,13.7399072256,"2.629148176775893","2.625887780114653","2100","264.248690092","2476.4509105240004","GW6","failed","medium","ok","ok","ok","medium","high","high","high","ok",,"high","true","C6","C6: Below 3°C","COFFEE 1.1","EN_NPi2020_2500f","12.636014099091408","77.62315347757527","5.850700471604987","-2.6100064770923836","264.248690092","2.625887780114653","2.629148176775893",
"85","ENGAGE-NPi2020-2500f","COFFEE 1.1","Final Energy|Residential and Commercial|Electricity","EJ/yr","[object Object]",2060,16.5284023392,"2.629148176775893","2.625887780114653","2100","264.248690092","2476.4509105240004","GW6","failed","medium","ok","ok","ok","medium","high","high","high","ok",,"high","true","C6","C6: Below 3°C","COFFEE 1.1","EN_NPi2020_2500f","12.636014099091408","77.62315347757527","5.850700471604987","-2.6100064770923836","264.248690092","2.625887780114653","2.629148176775893",
"85","ENGAGE-NPi2020-2500f","COFFEE 1.1","Final Energy|Residential and Commercial|Electricity","EJ/yr","[object Object]",2070,19.6887573504,"2.629148176775893","2.625887780114653","2100","264.248690092","2476.4509105240004","GW6","failed","medium","ok","ok","ok","medium","high","high","high","ok",,"high","true","C6","C6: Below 3°C","COFFEE 1.1","EN_NPi2020_2500f","12.636014099091408","77.62315347757527","5.850700471604987","-2.6100064770923836","264.248690092","2.625887780114653","2.629148176775893",
"85","ENGAGE-NPi2020-2500f","COFFEE 1.1","Final Energy|Residential and Commercial|Electricity","EJ/yr","[object Object]",2080,24.4138687632,"2.629148176775893","2.625887780114653","2100","264.248690092","2476.4509105240004","GW6","failed","medium","ok","ok","ok","medium","high","high","high","ok",,"high","true","C6","C6: Below 3°C","COFFEE 1.1","EN_NPi2020_2500f","12.636014099091408","77.62315347757527","5.850700471604987","-2.6100064770923836","264.248690092","2.625887780114653","2.629148176775893",
"85","ENGAGE-NPi2020-2500f","COFFEE 1.1","Final Energy|Residential and Commercial|Electricity","EJ/yr","[object Object]",2090,31.367613528,"2.629148176775893","2.625887780114653","2100","264.248690092","2476.4509105240004","GW6","failed","medium","ok","ok","ok","medium","high","high","high","ok",,"high","true","C6","C6: Below 3°C","COFFEE 1.1","EN_NPi2020_2500f","12.636014099091408","77.62315347757527","5.850700471604987","-2.6100064770923836","264.248690092","2.625887780114653","2.629148176775893",
"85","ENGAGE-NPi2020-2500f","COFFEE 1.1","Final Energy|Residential and Commercial|Electricity","EJ/yr","[object Object]",2100,33.3099725328,"2.629148176775893","2.625887780114653","2100","264.248690092","2476.4509105240004","GW6","failed","medium","ok","ok","ok","medium","high","high","high","ok",,"high","true","C6","C6: Below 3°C","COFFEE 1.1","EN_NPi2020_2500f","12.636014099091408","77.62315347757527","5.850700471604987","-2.6100064770923836","264.248690092","2.625887780114653","2.629148176775893",
"102","ENGAGE-NPi2100","COFFEE 1.1","Final Energy|Residential and Commercial|Electricity","EJ/yr","[object Object]",2010,6.483391631999999,"2.931855258380542","2.931855258380542","2100","0","3512.2469252698506","GW6","failed","medium","ok","ok","ok","medium","high","high","high","ok",,"ok","true","C6","C6: Below 3°C","COFFEE 1.1","EN_NPi2100","11.844458749237027","78.36568664457818","5.854966198582604","-2.815014262853225","0","2.931855258380542","2.931855258380542",
"102","ENGAGE-NPi2100","COFFEE 1.1","Final Energy|Residential and Commercial|Electricity","EJ/yr","[object Object]",2015,6.3393257232,"2.931855258380542","2.931855258380542","2100","0","3512.2469252698506","GW6","failed","medium","ok","ok","ok","medium","high","high","high","ok",,"ok","true","C6","C6: Below 3°C","COFFEE 1.1","EN_NPi2100","11.844458749237027","78.36568664457818","5.854966198582604","-2.815014262853225","0","2.931855258380542","2.931855258380542",
"102","ENGAGE-NPi2100","COFFEE 1.1","Final Energy|Residential and Commercial|Electricity","EJ/yr","[object Object]",2020,6.8413189248,"2.931855258380542","2.931855258380542","2100","0","3512.2469252698506","GW6","failed","medium","ok","ok","ok","medium","high","high","high","ok",,"ok","true","C6","C6: Below 3°C","COFFEE 1.1","EN_NPi2100","11.844458749237027","78.36568664457818","5.854966198582604","-2.815014262853225","0","2.931855258380542","2.931855258380542",
"102","ENGAGE-NPi2100","COFFEE 1.1","Final Energy|Residential and Commercial|Electricity","EJ/yr","[object Object]",2025,8.059264473599999,"2.931855258380542","2.931855258380542","2100","0","3512.2469252698506","GW6","failed","medium","ok","ok","ok","medium","high","high","high","ok",,"ok","true","C6","C6: Below 3°C","COFFEE 1.1","EN_NPi2100","11.844458749237027","78.36568664457818","5.854966198582604","-2.815014262853225","0","2.931855258380542","2.931855258380542",
"102","ENGAGE-NPi2100","COFFEE 1.1","Final Energy|Residential and Commercial|Electricity","EJ/yr","[object Object]",2030,8.8711619472,"2.931855258380542","2.931855258380542","2100","0","3512.2469252698506","GW6","failed","medium","ok","ok","ok","medium","high","high","high","ok",,"ok","true","C6","C6: Below 3°C","COFFEE 1.1","EN_NPi2100","11.844458749237027","78.36568664457818","5.854966198582604","-2.815014262853225","0","2.931855258380542","2.931855258380542",
"102","ENGAGE-NPi2100","COFFEE 1.1","Final Energy|Residential and Commercial|Electricity","EJ/yr","[object Object]",2035,9.702851414399998,"2.931855258380542","2.931855258380542","2100","0","3512.2469252698506","GW6","failed","medium","ok","ok","ok","medium","high","high","high","ok",,"ok","true","C6","C6: Below 3°C","COFFEE 1.1","EN_NPi2100","11.844458749237027","78.36568664457818","5.854966198582604","-2.815014262853225","0","2.931855258380542","2.931855258380542",
"102","ENGAGE-NPi2100","COFFEE 1.1","Final Energy|Residential and Commercial|Electricity","EJ/yr","[object Object]",2040,10.9803905424,"2.931855258380542","2.931855258380542","2100","0","3512.2469252698506","GW6","failed","medium","ok","ok","ok","medium","high","high","high","ok",,"ok","true","C6","C6: Below 3°C","COFFEE 1.1","EN_NPi2100","11.844458749237027","78.36568664457818","5.854966198582604","-2.815014262853225","0","2.931855258380542","2.931855258380542",
"102","ENGAGE-NPi2100","COFFEE 1.1","Final Energy|Residential and Commercial|Electricity","EJ/yr","[object Object]",2045,12.3403300848,"2.931855258380542","2.931855258380542","2100","0","3512.2469252698506","GW6","failed","medium","ok","ok","ok","medium","high","high","high","ok",,"ok","true","C6","C6: Below 3°C","COFFEE 1.1","EN_NPi2100","11.844458749237027","78.36568664457818","5.854966198582604","-2.815014262853225","0","2.931855258380542","2.931855258380542",
"102","ENGAGE-NPi2100","COFFEE 1.1","Final Energy|Residential and Commercial|Electricity","EJ/yr","[object Object]",2050,13.7399072256,"2.931855258380542","2.931855258380542","2100","0","3512.2469252698506","GW6","failed","medium","ok","ok","ok","medium","high","high","high","ok",,"ok","true","C6","C6: Below 3°C","COFFEE 1.1","EN_NPi2100","11.844458749237027","78.36568664457818","5.854966198582604","-2.815014262853225","0","2.931855258380542","2.931855258380542",
"102","ENGAGE-NPi2100","COFFEE 1.1","Final Energy|Residential and Commercial|Electricity","EJ/yr","[object Object]",2060,16.5284023392,"2.931855258380542","2.931855258380542","2100","0","3512.2469252698506","GW6","failed","medium","ok","ok","ok","medium","high","high","high","ok",,"ok","true","C6","C6: Below 3°C","COFFEE 1.1","EN_NPi2100","11.844458749237027","78.36568664457818","5.854966198582604","-2.815014262853225","0","2.931855258380542","2.931855258380542",
"102","ENGAGE-NPi2100","COFFEE 1.1","Final Energy|Residential and Commercial|Electricity","EJ/yr","[object Object]",2070,19.6887573504,"2.931855258380542","2.931855258380542","2100","0","3512.2469252698506","GW6","failed","medium","ok","ok","ok","medium","high","high","high","ok",,"ok","true","C6","C6: Below 3°C","COFFEE 1.1","EN_NPi2100","11.844458749237027","78.36568664457818","5.854966198582604","-2.815014262853225","0","2.931855258380542","2.931855258380542",
"102","ENGAGE-NPi2100","COFFEE 1.1","Final Energy|Residential and Commercial|Electricity","EJ/yr","[object Object]",2080,23.00771952,"2.931855258380542","2.931855258380542","2100","0","3512.2469252698506","GW6","failed","medium","ok","ok","ok","medium","high","high","high","ok",,"ok","true","C6","C6: Below 3°C","COFFEE 1.1","EN_NPi2100","11.844458749237027","78.36568664457818","5.854966198582604","-2.815014262853225","0","2.931855258380542","2.931855258380542",
"102","ENGAGE-NPi2100","COFFEE 1.1","Final Energy|Residential and Commercial|Electricity","EJ/yr","[object Object]",2090,26.5650370848,"2.931855258380542","2.931855258380542","2100","0","3512.2469252698506","GW6","failed","medium","ok","ok","ok","medium","high","high","high","ok",,"ok","true","C6","C6: Below 3°C","COFFEE 1.1","EN_NPi2100","11.844458749237027","78.36568664457818","5.854966198582604","-2.815014262853225","0","2.931855258380542","2.931855258380542",
"102","ENGAGE-NPi2100","COFFEE 1.1","Final Energy|Residential and Commercial|Electricity","EJ/yr","[object Object]",2100,30.3323560272,"2.931855258380542","2.931855258380542","2100","0","3512.2469252698506","GW6","failed","medium","ok","ok","ok","medium","high","high","high","ok",,"ok","true","C6","C6: Below 3°C","COFFEE 1.1","EN_NPi2100","11.844458749237027","78.36568664457818","5.854966198582604","-2.815014262853225","0","2.931855258380542","2.931855258380542",
"103","ENGAGE-NPi2100-COV","COFFEE 1.1","Final Energy|Residential and Commercial|Electricity","EJ/yr","[object Object]",2010,6.483391631999999,"2.856752874314595","2.856752874314595","2100","3.297307186","3226.0433653833","GW6","failed","medium","ok","ok","ok","medium","high","high","high","ok",,"ok",,"C6","C6: Below 3°C",,,"10.415634760873255","79.59001521211316","5.970094739236687","-2.622042532839359","3.297307186","2.856752874314595","2.856752874314595",
"103","ENGAGE-NPi2100-COV","COFFEE 1.1","Final Energy|Residential and Commercial|Electricity","EJ/yr","[object Object]",2015,6.3393257232,"2.856752874314595","2.856752874314595","2100","3.297307186","3226.0433653833","GW6","failed","medium","ok","ok","ok","medium","high","high","high","ok",,"ok",,"C6","C6: Below 3°C",,,"10.415634760873255","79.59001521211316","5.970094739236687","-2.622042532839359","3.297307186","2.856752874314595","2.856752874314595",
"103","ENGAGE-NPi2100-COV","COFFEE 1.1","Final Energy|Residential and Commercial|Electricity","EJ/yr","[object Object]",2020,5.59719313488,"2.856752874314595","2.856752874314595","2100","3.297307186","3226.0433653833","GW6","failed","medium","ok","ok","ok","medium","high","high","high","ok",,"ok",,"C6","C6: Below 3°C",,,"10.415634760873255","79.59001521211316","5.970094739236687","-2.622042532839359","3.297307186","2.856752874314595","2.856752874314595",
"103","ENGAGE-NPi2100-COV","COFFEE 1.1","Final Energy|Residential and Commercial|Electricity","EJ/yr","[object Object]",2025,7.3377050256,"2.856752874314595","2.856752874314595","2100","3.297307186","3226.0433653833","GW6","failed","medium","ok","ok","ok","medium","high","high","high","ok",,"ok",,"C6","C6: Below 3°C",,,"10.415634760873255","79.59001521211316","5.970094739236687","-2.622042532839359","3.297307186","2.856752874314595","2.856752874314595",
"103","ENGAGE-NPi2100-COV","COFFEE 1.1","Final Energy|Residential and Commercial|Electricity","EJ/yr","[object Object]",2030,8.0554643856,"2.856752874314595","2.856752874314595","2100","3.297307186","3226.0433653833","GW6","failed","medium","ok","ok","ok","medium","high","high","high","ok",,"ok",,"C6","C6: Below 3°C",,,"10.415634760873255","79.59001521211316","5.970094739236687","-2.622042532839359","3.297307186","2.856752874314595","2.856752874314595",
"103","ENGAGE-NPi2100-COV","COFFEE 1.1","Final Energy|Residential and Commercial|Electricity","EJ/yr","[object Object]",2035,8.8769929536,"2.856752874314595","2.856752874314595","2100","3.297307186","3226.0433653833","GW6","failed","medium","ok","ok","ok","medium","high","high","high","ok",,"ok",,"C6","C6: Below 3°C",,,"10.415634760873255","79.59001521211316","5.970094739236687","-2.622042532839359","3.297307186","2.856752874314595","2.856752874314595",
"103","ENGAGE-NPi2100-COV","COFFEE 1.1","Final Energy|Residential and Commercial|Electricity","EJ/yr","[object Object]",2040,10.0620527616,"2.856752874314595","2.856752874314595","2100","3.297307186","3226.0433653833","GW6","failed","medium","ok","ok","ok","medium","high","high","high","ok",,"ok",,"C6","C6: Below 3°C",,,"10.415634760873255","79.59001521211316","5.970094739236687","-2.622042532839359","3.297307186","2.856752874314595","2.856752874314595",
"103","ENGAGE-NPi2100-COV","COFFEE 1.1","Final Energy|Residential and Commercial|Electricity","EJ/yr","[object Object]",2045,11.325605673599998,"2.856752874314595","2.856752874314595","2100","3.297307186","3226.0433653833","GW6","failed","medium","ok","ok","ok","medium","high","high","high","ok",,"ok",,"C6","C6: Below 3°C",,,"10.415634760873255","79.59001521211316","5.970094739236687","-2.622042532839359","3.297307186","2.856752874314595","2.856752874314595",
"103","ENGAGE-NPi2100-COV","COFFEE 1.1","Final Energy|Residential and Commercial|Electricity","EJ/yr","[object Object]",2050,12.5610000912,"2.856752874314595","2.856752874314595","2100","3.297307186","3226.0433653833","GW6","failed","medium","ok","ok","ok","medium","high","high","high","ok",,"ok",,"C6","C6: Below 3°C",,,"10.415634760873255","79.59001521211316","5.970094739236687","-2.622042532839359","3.297307186","2.856752874314595","2.856752874314595",
"103","ENGAGE-NPi2100-COV","COFFEE 1.1","Final Energy|Residential and Commercial|Electricity","EJ/yr","[object Object]",2060,15.1409634048,"2.856752874314595","2.856752874314595","2100","3.297307186","3226.0433653833","GW6","failed","medium","ok","ok","ok","medium","high","high","high","ok",,"ok",,"C6","C6: Below 3°C",,,"10.415634760873255","79.59001521211316","5.970094739236687","-2.622042532839359","3.297307186","2.856752874314595","2.856752874314595",
"103","ENGAGE-NPi2100-COV","COFFEE 1.1","Final Energy|Residential and Commercial|Electricity","EJ/yr","[object Object]",2070,18.014971536,"2.856752874314595","2.856752874314595","2100","3.297307186","3226.0433653833","GW6","failed","medium","ok","ok","ok","medium","high","high","high","ok",,"ok",,"C6","C6: Below 3°C",,,"10.415634760873255","79.59001521211316","5.970094739236687","-2.622042532839359","3.297307186","2.856752874314595","2.856752874314595",
"103","ENGAGE-NPi2100-COV","COFFEE 1.1","Final Energy|Residential and Commercial|Electricity","EJ/yr","[object Object]",2080,21.0948782112,"2.856752874314595","2.856752874314595","2100","3.297307186","3226.0433653833","GW6","failed","medium","ok","ok","ok","medium","high","high","high","ok",,"ok",,"C6","C6: Below 3°C",,,"10.415634760873255","79.59001521211316","5.970094739236687","-2.622042532839359","3.297307186","2.856752874314595","2.856752874314595",
"103","ENGAGE-NPi2100-COV","COFFEE 1.1","Final Energy|Residential and Commercial|Electricity","EJ/yr","[object Object]",2090,24.3934523568,"2.856752874314595","2.856752874314595","2100","3.297307186","3226.0433653833","GW6","failed","medium","ok","ok","ok","medium","high","high","high","ok",,"ok",,"C6","C6: Below 3°C",,,"10.415634760873255","79.59001521211316","5.970094739236687","-2.622042532839359","3.297307186","2.856752874314595","2.856752874314595",
"103","ENGAGE-NPi2100-COV","COFFEE 1.1","Final Energy|Residential and Commercial|Electricity","EJ/yr","[object Object]",2100,27.7512889536,"2.856752874314595","2.856752874314595","2100","3.297307186","3226.0433653833","GW6","failed","medium","ok","ok","ok","medium","high","high","high","ok",,"ok",,"C6","C6: Below 3°C",,,"10.415634760873255","79.59001521211316","5.970094739236687","-2.622042532839359","3.297307186","2.856752874314595","2.856752874314595",
"123","ENGAGE-INDCi2100-COV","GEM-E3 V2021","Final Energy|Residential and Commercial|Electricity","EJ/yr","[object Object]",2015,7.664910985133018,"2.925556400448497","2.925556400448497","2100","135.53478315531396","3093.7195242774897","GW6","failed","medium","ok","ok","ok","ok","ok","high","ok","ok",,"medium","true","C6","C6: Below 3.0°C","GEM-E3_V2021","EN_INDCi2100_COV","19.795021348344203","55.74748521305566","20.234282435939406",,"135.53478315531396","2.925556400448497","2.925556400448497",
"123","ENGAGE-INDCi2100-COV","GEM-E3 V2021","Final Energy|Residential and Commercial|Electricity","EJ/yr","[object Object]",2020,7.403942751861178,"2.925556400448497","2.925556400448497","2100","135.53478315531396","3093.7195242774897","GW6","failed","medium","ok","ok","ok","ok","ok","high","ok","ok",,"medium","true","C6","C6: Below 3.0°C","GEM-E3_V2021","EN_INDCi2100_COV","19.795021348344203","55.74748521305566","20.234282435939406",,"135.53478315531396","2.925556400448497","2.925556400448497",
"123","ENGAGE-INDCi2100-COV","GEM-E3 V2021","Final Energy|Residential and Commercial|Electricity","EJ/yr","[object Object]",2025,7.969571670085688,"2.925556400448497","2.925556400448497","2100","135.53478315531396","3093.7195242774897","GW6","failed","medium","ok","ok","ok","ok","ok","high","ok","ok",,"medium","true","C6","C6: Below 3.0°C","GEM-E3_V2021","EN_INDCi2100_COV","19.795021348344203","55.74748521305566","20.234282435939406",,"135.53478315531396","2.925556400448497","2.925556400448497",
"123","ENGAGE-INDCi2100-COV","GEM-E3 V2021","Final Energy|Residential and Commercial|Electricity","EJ/yr","[object Object]",2030,8.043530116330922,"2.925556400448497","2.925556400448497","2100","135.53478315531396","3093.7195242774897","GW6","failed","medium","ok","ok","ok","ok","ok","high","ok","ok",,"medium","true","C6","C6: Below 3.0°C","GEM-E3_V2021","EN_INDCi2100_COV","19.795021348344203","55.74748521305566","20.234282435939406",,"135.53478315531396","2.925556400448497","2.925556400448497",
"123","ENGAGE-INDCi2100-COV","GEM-E3 V2021","Final Energy|Residential and Commercial|Electricity","EJ/yr","[object Object]",2035,8.471476277295762,"2.925556400448497","2.925556400448497","2100","135.53478315531396","3093.7195242774897","GW6","failed","medium","ok","ok","ok","ok","ok","high","ok","ok",,"medium","true","C6","C6: Below 3.0°C","GEM-E3_V2021","EN_INDCi2100_COV","19.795021348344203","55.74748521305566","20.234282435939406",,"135.53478315531396","2.925556400448497","2.925556400448497",
"123","ENGAGE-INDCi2100-COV","GEM-E3 V2021","Final Energy|Residential and Commercial|Electricity","EJ/yr","[object Object]",2040,8.986878256122806,"2.925556400448497","2.925556400448497","2100","135.53478315531396","3093.7195242774897","GW6","failed","medium","ok","ok","ok","ok","ok","high","ok","ok",,"medium","true","C6","C6: Below 3.0°C","GEM-E3_V2021","EN_INDCi2100_COV","19.795021348344203","55.74748521305566","20.234282435939406",,"135.53478315531396","2.925556400448497","2.925556400448497",
"123","ENGAGE-INDCi2100-COV","GEM-E3 V2021","Final Energy|Residential and Commercial|Electricity","EJ/yr","[object Object]",2045,9.499182189187463,"2.925556400448497","2.925556400448497","2100","135.53478315531396","3093.7195242774897","GW6","failed","medium","ok","ok","ok","ok","ok","high","ok","ok",,"medium","true","C6","C6: Below 3.0°C","GEM-E3_V2021","EN_INDCi2100_COV","19.795021348344203","55.74748521305566","20.234282435939406",,"135.53478315531396","2.925556400448497","2.925556400448497",
"123","ENGAGE-INDCi2100-COV","GEM-E3 V2021","Final Energy|Residential and Commercial|Electricity","EJ/yr","[object Object]",2050,9.994536122513829,"2.925556400448497","2.925556400448497","2100","135.53478315531396","3093.7195242774897","GW6","failed","medium","ok","ok","ok","ok","ok","high","ok","ok",,"medium","true","C6","C6: Below 3.0°C","GEM-E3_V2021","EN_INDCi2100_COV","19.795021348344203","55.74748521305566","20.234282435939406",,"135.53478315531396","2.925556400448497","2.925556400448497",
"123","ENGAGE-INDCi2100-COV","GEM-E3 V2021","Final Energy|Residential and Commercial|Electricity","EJ/yr","[object Object]",2055,10.403902280434368,"2.925556400448497","2.925556400448497","2100","135.53478315531396","3093.7195242774897","GW6","failed","medium","ok","ok","ok","ok","ok","high","ok","ok",,"medium","true","C6","C6: Below 3.0°C","GEM-E3_V2021","EN_INDCi2100_COV","19.795021348344203","55.74748521305566","20.234282435939406",,"135.53478315531396","2.925556400448497","2.925556400448497",
"123","ENGAGE-INDCi2100-COV","GEM-E3 V2021","Final Energy|Residential and Commercial|Electricity","EJ/yr","[object Object]",2060,10.842658065535844,"2.925556400448497","2.925556400448497","2100","135.53478315531396","3093.7195242774897","GW6","failed","medium","ok","ok","ok","ok","ok","high","ok","ok",,"medium","true","C6","C6: Below 3.0°C","GEM-E3_V2021","EN_INDCi2100_COV","19.795021348344203","55.74748521305566","20.234282435939406",,"135.53478315531396","2.925556400448497","2.925556400448497",
"123","ENGAGE-INDCi2100-COV","GEM-E3 V2021","Final Energy|Residential and Commercial|Electricity","EJ/yr","[object Object]",2065,11.287217266302246,"2.925556400448497","2.925556400448497","2100","135.53478315531396","3093.7195242774897","GW6","failed","medium","ok","ok","ok","ok","ok","high","ok","ok",,"medium","true","C6","C6: Below 3.0°C","GEM-E3_V2021","EN_INDCi2100_COV","19.795021348344203","55.74748521305566","20.234282435939406",,"135.53478315531396","2.925556400448497","2.925556400448497",
"123","ENGAGE-INDCi2100-COV","GEM-E3 V2021","Final Energy|Residential and Commercial|Electricity","EJ/yr","[object Object]",2070,11.791230483471846,"2.925556400448497","2.925556400448497","2100","135.53478315531396","3093.7195242774897","GW6","failed","medium","ok","ok","ok","ok","ok","high","ok","ok",,"medium","true","C6","C6: Below 3.0°C","GEM-E3_V2021","EN_INDCi2100_COV","19.795021348344203","55.74748521305566","20.234282435939406",,"135.53478315531396","2.925556400448497","2.925556400448497",
"123","ENGAGE-INDCi2100-COV","GEM-E3 V2021","Final Energy|Residential and Commercial|Electricity","EJ/yr","[object Object]",2075,12.211302193684697,"2.925556400448497","2.925556400448497","2100","135.53478315531396","3093.7195242774897","GW6","failed","medium","ok","ok","ok","ok","ok","high","ok","ok",,"medium","true","C6","C6: Below 3.0°C","GEM-E3_V2021","EN_INDCi2100_COV","19.795021348344203","55.74748521305566","20.234282435939406",,"135.53478315531396","2.925556400448497","2.925556400448497",
"123","ENGAGE-INDCi2100-COV","GEM-E3 V2021","Final Energy|Residential and Commercial|Electricity","EJ/yr","[object Object]",2080,12.64308175345854,"2.925556400448497","2.925556400448497","2100","135.53478315531396","3093.7195242774897","GW6","failed","medium","ok","ok","ok","ok","ok","high","ok","ok",,"medium","true","C6","C6: Below 3.0°C","GEM-E3_V2021","EN_INDCi2100_COV","19.795021348344203","55.74748521305566","20.234282435939406",,"135.53478315531396","2.925556400448497","2.925556400448497",
"123","ENGAGE-INDCi2100-COV","GEM-E3 V2021","Final Energy|Residential and Commercial|Electricity","EJ/yr","[object Object]",2085,13.076453263504696,"2.925556400448497","2.925556400448497","2100","135.53478315531396","3093.7195242774897","GW6","failed","medium","ok","ok","ok","ok","ok","high","ok","ok",,"medium","true","C6","C6: Below 3.0°C","GEM-E3_V2021","EN_INDCi2100_COV","19.795021348344203","55.74748521305566","20.234282435939406",,"135.53478315531396","2.925556400448497","2.925556400448497",
"123","ENGAGE-INDCi2100-COV","GEM-E3 V2021","Final Energy|Residential and Commercial|Electricity","EJ/yr","[object Object]",2090,13.51825973634049,"2.925556400448497","2.925556400448497","2100","135.53478315531396","3093.7195242774897","GW6","failed","medium","ok","ok","ok","ok","ok","high","ok","ok",,"medium","true","C6","C6: Below 3.0°C","GEM-E3_V2021","EN_INDCi2100_COV","19.795021348344203","55.74748521305566","20.234282435939406",,"135.53478315531396","2.925556400448497","2.925556400448497",
"123","ENGAGE-INDCi2100-COV","GEM-E3 V2021","Final Energy|Residential and Commercial|Electricity","EJ/yr","[object Object]",2095,13.994721456334505,"2.925556400448497","2.925556400448497","2100","135.53478315531396","3093.7195242774897","GW6","failed","medium","ok","ok","ok","ok","ok","high","ok","ok",,"medium","true","C6","C6: Below 3.0°C","GEM-E3_V2021","EN_INDCi2100_COV","19.795021348344203","55.74748521305566","20.234282435939406",,"135.53478315531396","2.925556400448497","2.925556400448497",
"123","ENGAGE-INDCi2100-COV","GEM-E3 V2021","Final Energy|Residential and Commercial|Electricity","EJ/yr","[object Object]",2100,14.448101926292262,"2.925556400448497","2.925556400448497","2100","135.53478315531396","3093.7195242774897","GW6","failed","medium","ok","ok","ok","ok","ok","high","ok","ok",,"medium","true","C6","C6: Below 3.0°C","GEM-E3_V2021","EN_INDCi2100_COV","19.795021348344203","55.74748521305566","20.234282435939406",,"135.53478315531396","2.925556400448497","2.925556400448497",
"124","ENGAGE-INDCi2100-COV-NDCp","GEM-E3 V2021","Final Energy|Residential and Commercial|Electricity","EJ/yr","[object Object]",2015,7.664910985133018,"2.866560546327864","2.866560546327864","2100","144.56106428978418","2909.342791297875","GW6","failed","medium","ok","ok","ok","ok","ok","medium","ok","ok",,"medium","true","C6","C6: Below 3.0°C","GEM-E3_V2021","EN_INDCi2100_COV_NDCp","30.24966132902171","32.39151390721441","31.054810312959695",,"144.56106428978418","2.866560546327864","2.866560546327864",
"124","ENGAGE-INDCi2100-COV-NDCp","GEM-E3 V2021","Final Energy|Residential and Commercial|Electricity","EJ/yr","[object Object]",2020,7.403942748962133,"2.866560546327864","2.866560546327864","2100","144.56106428978418","2909.342791297875","GW6","failed","medium","ok","ok","ok","ok","ok","medium","ok","ok",,"medium","true","C6","C6: Below 3.0°C","GEM-E3_V2021","EN_INDCi2100_COV_NDCp","30.24966132902171","32.39151390721441","31.054810312959695",,"144.56106428978418","2.866560546327864","2.866560546327864",
"124","ENGAGE-INDCi2100-COV-NDCp","GEM-E3 V2021","Final Energy|Residential and Commercial|Electricity","EJ/yr","[object Object]",2025,7.974826404594131,"2.866560546327864","2.866560546327864","2100","144.56106428978418","2909.342791297875","GW6","failed","medium","ok","ok","ok","ok","ok","medium","ok","ok",,"medium","true","C6","C6: Below 3.0°C","GEM-E3_V2021","EN_INDCi2100_COV_NDCp","30.24966132902171","32.39151390721441","31.054810312959695",,"144.56106428978418","2.866560546327864","2.866560546327864",
"124","ENGAGE-INDCi2100-COV-NDCp","GEM-E3 V2021","Final Energy|Residential and Commercial|Electricity","EJ/yr","[object Object]",2030,9.735168542725429,"2.866560546327864","2.866560546327864","2100","144.56106428978418","2909.342791297875","GW6","failed","medium","ok","ok","ok","ok","ok","medium","ok","ok",,"medium","true","C6","C6: Below 3.0°C","GEM-E3_V2021","EN_INDCi2100_COV_NDCp","30.24966132902171","32.39151390721441","31.054810312959695",,"144.56106428978418","2.866560546327864","2.866560546327864",
"124","ENGAGE-INDCi2100-COV-NDCp","GEM-E3 V2021","Final Energy|Residential and Commercial|Electricity","EJ/yr","[object Object]",2035,10.249756813400449,"2.866560546327864","2.866560546327864","2100","144.56106428978418","2909.342791297875","GW6","failed","medium","ok","ok","ok","ok","ok","medium","ok","ok",,"medium","true","C6","C6: Below 3.0°C","GEM-E3_V2021","EN_INDCi2100_COV_NDCp","30.24966132902171","32.39151390721441","31.054810312959695",,"144.56106428978418","2.866560546327864","2.866560546327864",
"124","ENGAGE-INDCi2100-COV-NDCp","GEM-E3 V2021","Final Energy|Residential and Commercial|Electricity","EJ/yr","[object Object]",2040,10.441021569641524,"2.866560546327864","2.866560546327864","2100","144.56106428978418","2909.342791297875","GW6","failed","medium","ok","ok","ok","ok","ok","medium","ok","ok",,"medium","true","C6","C6: Below 3.0°C","GEM-E3_V2021","EN_INDCi2100_COV_NDCp","30.24966132902171","32.39151390721441","31.054810312959695",,"144.56106428978418","2.866560546327864","2.866560546327864",
"124","ENGAGE-INDCi2100-COV-NDCp","GEM-E3 V2021","Final Energy|Residential and Commercial|Electricity","EJ/yr","[object Object]",2045,10.635408538706274,"2.866560546327864","2.866560546327864","2100","144.56106428978418","2909.342791297875","GW6","failed","medium","ok","ok","ok","ok","ok","medium","ok","ok",,"medium","true","C6","C6: Below 3.0°C","GEM-E3_V2021","EN_INDCi2100_COV_NDCp","30.24966132902171","32.39151390721441","31.054810312959695",,"144.56106428978418","2.866560546327864","2.866560546327864",
"124","ENGAGE-INDCi2100-COV-NDCp","GEM-E3 V2021","Final Energy|Residential and Commercial|Electricity","EJ/yr","[object Object]",2050,10.922114701528834,"2.866560546327864","2.866560546327864","2100","144.56106428978418","2909.342791297875","GW6","failed","medium","ok","ok","ok","ok","ok","medium","ok","ok",,"medium","true","C6","C6: Below 3.0°C","GEM-E3_V2021","EN_INDCi2100_COV_NDCp","30.24966132902171","32.39151390721441","31.054810312959695",,"144.56106428978418","2.866560546327864","2.866560546327864",
"124","ENGAGE-INDCi2100-COV-NDCp","GEM-E3 V2021","Final Energy|Residential and Commercial|Electricity","EJ/yr","[object Object]",2055,11.303247246106382,"2.866560546327864","2.866560546327864","2100","144.56106428978418","2909.342791297875","GW6","failed","medium","ok","ok","ok","ok","ok","medium","ok","ok",,"medium","true","C6","C6: Below 3.0°C","GEM-E3_V2021","EN_INDCi2100_COV_NDCp","30.24966132902171","32.39151390721441","31.054810312959695",,"144.56106428978418","2.866560546327864","2.866560546327864",
"124","ENGAGE-INDCi2100-COV-NDCp","GEM-E3 V2021","Final Energy|Residential and Commercial|Electricity","EJ/yr","[object Object]",2060,11.72167009376957,"2.866560546327864","2.866560546327864","2100","144.56106428978418","2909.342791297875","GW6","failed","medium","ok","ok","ok","ok","ok","medium","ok","ok",,"medium","true","C6","C6: Below 3.0°C","GEM-E3_V2021","EN_INDCi2100_COV_NDCp","30.24966132902171","32.39151390721441","31.054810312959695",,"144.56106428978418","2.866560546327864","2.866560546327864",
"124","ENGAGE-INDCi2100-COV-NDCp","GEM-E3 V2021","Final Energy|Residential and Commercial|Electricity","EJ/yr","[object Object]",2065,12.207011988916038,"2.866560546327864","2.866560546327864","2100","144.56106428978418","2909.342791297875","GW6","failed","medium","ok","ok","ok","ok","ok","medium","ok","ok",,"medium","true","C6","C6: Below 3.0°C","GEM-E3_V2021","EN_INDCi2100_COV_NDCp","30.24966132902171","32.39151390721441","31.054810312959695",,"144.56106428978418","2.866560546327864","2.866560546327864",
"124","ENGAGE-INDCi2100-COV-NDCp","GEM-E3 V2021","Final Energy|Residential and Commercial|Electricity","EJ/yr","[object Object]",2070,12.784027499454172,"2.866560546327864","2.866560546327864","2100","144.56106428978418","2909.342791297875","GW6","failed","medium","ok","ok","ok","ok","ok","medium","ok","ok",,"medium","true","C6","C6: Below 3.0°C","GEM-E3_V2021","EN_INDCi2100_COV_NDCp","30.24966132902171","32.39151390721441","31.054810312959695",,"144.56106428978418","2.866560546327864","2.866560546327864",
"124","ENGAGE-INDCi2100-COV-NDCp","GEM-E3 V2021","Final Energy|Residential and Commercial|Electricity","EJ/yr","[object Object]",2075,13.269245777754907,"2.866560546327864","2.866560546327864","2100","144.56106428978418","2909.342791297875","GW6","failed","medium","ok","ok","ok","ok","ok","medium","ok","ok",,"medium","true","C6","C6: Below 3.0°C","GEM-E3_V2021","EN_INDCi2100_COV_NDCp","30.24966132902171","32.39151390721441","31.054810312959695",,"144.56106428978418","2.866560546327864","2.866560546327864",
"124","ENGAGE-INDCi2100-COV-NDCp","GEM-E3 V2021","Final Energy|Residential and Commercial|Electricity","EJ/yr","[object Object]",2080,13.774074018468074,"2.866560546327864","2.866560546327864","2100","144.56106428978418","2909.342791297875","GW6","failed","medium","ok","ok","ok","ok","ok","medium","ok","ok",,"medium","true","C6","C6: Below 3.0°C","GEM-E3_V2021","EN_INDCi2100_COV_NDCp","30.24966132902171","32.39151390721441","31.054810312959695",,"144.56106428978418","2.866560546327864","2.866560546327864",
"124","ENGAGE-INDCi2100-COV-NDCp","GEM-E3 V2021","Final Energy|Residential and Commercial|Electricity","EJ/yr","[object Object]",2085,14.267503372832412,"2.866560546327864","2.866560546327864","2100","144.56106428978418","2909.342791297875","GW6","failed","medium","ok","ok","ok","ok","ok","medium","ok","ok",,"medium","true","C6","C6: Below 3.0°C","GEM-E3_V2021","EN_INDCi2100_COV_NDCp","30.24966132902171","32.39151390721441","31.054810312959695",,"144.56106428978418","2.866560546327864","2.866560546327864",
"124","ENGAGE-INDCi2100-COV-NDCp","GEM-E3 V2021","Final Energy|Residential and Commercial|Electricity","EJ/yr","[object Object]",2090,14.787977648079483,"2.866560546327864","2.866560546327864","2100","144.56106428978418","2909.342791297875","GW6","failed","medium","ok","ok","ok","ok","ok","medium","ok","ok",,"medium","true","C6","C6: Below 3.0°C","GEM-E3_V2021","EN_INDCi2100_COV_NDCp","30.24966132902171","32.39151390721441","31.054810312959695",,"144.56106428978418","2.866560546327864","2.866560546327864",
"124","ENGAGE-INDCi2100-COV-NDCp","GEM-E3 V2021","Final Energy|Residential and Commercial|Electricity","EJ/yr","[object Object]",2095,15.322471908457391,"2.866560546327864","2.866560546327864","2100","144.56106428978418","2909.342791297875","GW6","failed","medium","ok","ok","ok","ok","ok","medium","ok","ok",,"medium","true","C6","C6: Below 3.0°C","GEM-E3_V2021","EN_INDCi2100_COV_NDCp","30.24966132902171","32.39151390721441","31.054810312959695",,"144.56106428978418","2.866560546327864","2.866560546327864",
"124","ENGAGE-INDCi2100-COV-NDCp","GEM-E3 V2021","Final Energy|Residential and Commercial|Electricity","EJ/yr","[object Object]",2100,15.872854035606284,"2.866560546327864","2.866560546327864","2100","144.56106428978418","2909.342791297875","GW6","failed","medium","ok","ok","ok","ok","ok","medium","ok","ok",,"medium","true","C6","C6: Below 3.0°C","GEM-E3_V2021","EN_INDCi2100_COV_NDCp","30.24966132902171","32.39151390721441","31.054810312959695",,"144.56106428978418","2.866560546327864","2.866560546327864",
"125","ENGAGE-INDCi2100-NDCp","GEM-E3 V2021","Final Energy|Residential and Commercial|Electricity","EJ/yr","[object Object]",2015,7.664910985133018,"2.914853585769729","2.914853585769729","2100","187.5167046036817","3029.9404211751853","GW6","failed","medium","ok","ok","medium","ok","ok","medium","ok","ok",,"high","true","C6","C6: Below 3.0°C","GEM-E3_V2021","EN_INDCi2100_NDCp","30.067382239747765","33.10271273740903","30.583222986814356",,"187.5167046036817","2.914853585769729","2.914853585769729",
"125","ENGAGE-INDCi2100-NDCp","GEM-E3 V2021","Final Energy|Residential and Commercial|Electricity","EJ/yr","[object Object]",2020,7.936628954227912,"2.914853585769729","2.914853585769729","2100","187.5167046036817","3029.9404211751853","GW6","failed","medium","ok","ok","medium","ok","ok","medium","ok","ok",,"high","true","C6","C6: Below 3.0°C","GEM-E3_V2021","EN_INDCi2100_NDCp","30.067382239747765","33.10271273740903","30.583222986814356",,"187.5167046036817","2.914853585769729","2.914853585769729",
"125","ENGAGE-INDCi2100-NDCp","GEM-E3 V2021","Final Energy|Residential and Commercial|Electricity","EJ/yr","[object Object]",2025,8.264255882970598,"2.914853585769729","2.914853585769729","2100","187.5167046036817","3029.9404211751853","GW6","failed","medium","ok","ok","medium","ok","ok","medium","ok","ok",,"high","true","C6","C6: Below 3.0°C","GEM-E3_V2021","EN_INDCi2100_NDCp","30.067382239747765","33.10271273740903","30.583222986814356",,"187.5167046036817","2.914853585769729","2.914853585769729",
"125","ENGAGE-INDCi2100-NDCp","GEM-E3 V2021","Final Energy|Residential and Commercial|Electricity","EJ/yr","[object Object]",2030,10.334463937988058,"2.914853585769729","2.914853585769729","2100","187.5167046036817","3029.9404211751853","GW6","failed","medium","ok","ok","medium","ok","ok","medium","ok","ok",,"high","true","C6","C6: Below 3.0°C","GEM-E3_V2021","EN_INDCi2100_NDCp","30.067382239747765","33.10271273740903","30.583222986814356",,"187.5167046036817","2.914853585769729","2.914853585769729",
"125","ENGAGE-INDCi2100-NDCp","GEM-E3 V2021","Final Energy|Residential and Commercial|Electricity","EJ/yr","[object Object]",2035,10.835599182491311,"2.914853585769729","2.914853585769729","2100","187.5167046036817","3029.9404211751853","GW6","failed","medium","ok","ok","medium","ok","ok","medium","ok","ok",,"high","true","C6","C6: Below 3.0°C","GEM-E3_V2021","EN_INDCi2100_NDCp","30.067382239747765","33.10271273740903","30.583222986814356",,"187.5167046036817","2.914853585769729","2.914853585769729",
"125","ENGAGE-INDCi2100-NDCp","GEM-E3 V2021","Final Energy|Residential and Commercial|Electricity","EJ/yr","[object Object]",2040,11.039840254396038,"2.914853585769729","2.914853585769729","2100","187.5167046036817","3029.9404211751853","GW6","failed","medium","ok","ok","medium","ok","ok","medium","ok","ok",,"high","true","C6","C6: Below 3.0°C","GEM-E3_V2021","EN_INDCi2100_NDCp","30.067382239747765","33.10271273740903","30.583222986814356",,"187.5167046036817","2.914853585769729","2.914853585769729",
"125","ENGAGE-INDCi2100-NDCp","GEM-E3 V2021","Final Energy|Residential and Commercial|Electricity","EJ/yr","[object Object]",2045,11.254751159893932,"2.914853585769729","2.914853585769729","2100","187.5167046036817","3029.9404211751853","GW6","failed","medium","ok","ok","medium","ok","ok","medium","ok","ok",,"high","true","C6","C6: Below 3.0°C","GEM-E3_V2021","EN_INDCi2100_NDCp","30.067382239747765","33.10271273740903","30.583222986814356",,"187.5167046036817","2.914853585769729","2.914853585769729",
"125","ENGAGE-INDCi2100-NDCp","GEM-E3 V2021","Final Energy|Residential and Commercial|Electricity","EJ/yr","[object Object]",2050,11.57080590620618,"2.914853585769729","2.914853585769729","2100","187.5167046036817","3029.9404211751853","GW6","failed","medium","ok","ok","medium","ok","ok","medium","ok","ok",,"high","true","C6","C6: Below 3.0°C","GEM-E3_V2021","EN_INDCi2100_NDCp","30.067382239747765","33.10271273740903","30.583222986814356",,"187.5167046036817","2.914853585769729","2.914853585769729",
"125","ENGAGE-INDCi2100-NDCp","GEM-E3 V2021","Final Energy|Residential and Commercial|Electricity","EJ/yr","[object Object]",2055,11.991584215852043,"2.914853585769729","2.914853585769729","2100","187.5167046036817","3029.9404211751853","GW6","failed","medium","ok","ok","medium","ok","ok","medium","ok","ok",,"high","true","C6","C6: Below 3.0°C","GEM-E3_V2021","EN_INDCi2100_NDCp","30.067382239747765","33.10271273740903","30.583222986814356",,"187.5167046036817","2.914853585769729","2.914853585769729",
"125","ENGAGE-INDCi2100-NDCp","GEM-E3 V2021","Final Energy|Residential and Commercial|Electricity","EJ/yr","[object Object]",2060,12.452043071023034,"2.914853585769729","2.914853585769729","2100","187.5167046036817","3029.9404211751853","GW6","failed","medium","ok","ok","medium","ok","ok","medium","ok","ok",,"high","true","C6","C6: Below 3.0°C","GEM-E3_V2021","EN_INDCi2100_NDCp","30.067382239747765","33.10271273740903","30.583222986814356",,"187.5167046036817","2.914853585769729","2.914853585769729",
"125","ENGAGE-INDCi2100-NDCp","GEM-E3 V2021","Final Energy|Residential and Commercial|Electricity","EJ/yr","[object Object]",2065,12.977371811209268,"2.914853585769729","2.914853585769729","2100","187.5167046036817","3029.9404211751853","GW6","failed","medium","ok","ok","medium","ok","ok","medium","ok","ok",,"high","true","C6","C6: Below 3.0°C","GEM-E3_V2021","EN_INDCi2100_NDCp","30.067382239747765","33.10271273740903","30.583222986814356",,"187.5167046036817","2.914853585769729","2.914853585769729",
"125","ENGAGE-INDCi2100-NDCp","GEM-E3 V2021","Final Energy|Residential and Commercial|Electricity","EJ/yr","[object Object]",2070,13.592907477943193,"2.914853585769729","2.914853585769729","2100","187.5167046036817","3029.9404211751853","GW6","failed","medium","ok","ok","medium","ok","ok","medium","ok","ok",,"high","true","C6","C6: Below 3.0°C","GEM-E3_V2021","EN_INDCi2100_NDCp","30.067382239747765","33.10271273740903","30.583222986814356",,"187.5167046036817","2.914853585769729","2.914853585769729",
"125","ENGAGE-INDCi2100-NDCp","GEM-E3 V2021","Final Energy|Residential and Commercial|Electricity","EJ/yr","[object Object]",2075,14.12611131004316,"2.914853585769729","2.914853585769729","2100","187.5167046036817","3029.9404211751853","GW6","failed","medium","ok","ok","medium","ok","ok","medium","ok","ok",,"high","true","C6","C6: Below 3.0°C","GEM-E3_V2021","EN_INDCi2100_NDCp","30.067382239747765","33.10271273740903","30.583222986814356",,"187.5167046036817","2.914853585769729","2.914853585769729",
"125","ENGAGE-INDCi2100-NDCp","GEM-E3 V2021","Final Energy|Residential and Commercial|Electricity","EJ/yr","[object Object]",2080,14.683539761970946,"2.914853585769729","2.914853585769729","2100","187.5167046036817","3029.9404211751853","GW6","failed","medium","ok","ok","medium","ok","ok","medium","ok","ok",,"high","true","C6","C6: Below 3.0°C","GEM-E3_V2021","EN_INDCi2100_NDCp","30.067382239747765","33.10271273740903","30.583222986814356",,"187.5167046036817","2.914853585769729","2.914853585769729",
"125","ENGAGE-INDCi2100-NDCp","GEM-E3 V2021","Final Energy|Residential and Commercial|Electricity","EJ/yr","[object Object]",2085,15.228908547240076,"2.914853585769729","2.914853585769729","2100","187.5167046036817","3029.9404211751853","GW6","failed","medium","ok","ok","medium","ok","ok","medium","ok","ok",,"high","true","C6","C6: Below 3.0°C","GEM-E3_V2021","EN_INDCi2100_NDCp","30.067382239747765","33.10271273740903","30.583222986814356",,"187.5167046036817","2.914853585769729","2.914853585769729",
"125","ENGAGE-INDCi2100-NDCp","GEM-E3 V2021","Final Energy|Residential and Commercial|Electricity","EJ/yr","[object Object]",2090,15.802977115369826,"2.914853585769729","2.914853585769729","2100","187.5167046036817","3029.9404211751853","GW6","failed","medium","ok","ok","medium","ok","ok","medium","ok","ok",,"high","true","C6","C6: Below 3.0°C","GEM-E3_V2021","EN_INDCi2100_NDCp","30.067382239747765","33.10271273740903","30.583222986814356",,"187.5167046036817","2.914853585769729","2.914853585769729",
"125","ENGAGE-INDCi2100-NDCp","GEM-E3 V2021","Final Energy|Residential and Commercial|Electricity","EJ/yr","[object Object]",2095,16.3916203160744,"2.914853585769729","2.914853585769729","2100","187.5167046036817","3029.9404211751853","GW6","failed","medium","ok","ok","medium","ok","ok","medium","ok","ok",,"high","true","C6","C6: Below 3.0°C","GEM-E3_V2021","EN_INDCi2100_NDCp","30.067382239747765","33.10271273740903","30.583222986814356",,"187.5167046036817","2.914853585769729","2.914853585769729",
"125","ENGAGE-INDCi2100-NDCp","GEM-E3 V2021","Final Energy|Residential and Commercial|Electricity","EJ/yr","[object Object]",2100,17.004670706118304,"2.914853585769729","2.914853585769729","2100","187.5167046036817","3029.9404211751853","GW6","failed","medium","ok","ok","medium","ok","ok","medium","ok","ok",,"high","true","C6","C6: Below 3.0°C","GEM-E3_V2021","EN_INDCi2100_NDCp","30.067382239747765","33.10271273740903","30.583222986814356",,"187.5167046036817","2.914853585769729","2.914853585769729",
"151","ENGAGE-INDCi2030-3000","IMAGE 3.0","Final Energy|Residential and Commercial|Electricity","EJ/yr","[object Object]",2010,7.349530792236328,"2.685908040322095","2.685908040322095","2100","474.3919041366905","2943.0770294016675","GW6","ok","high","ok","ok","ok","medium","high","high","high","ok","ok","ok","true","C6","C6: Below 3.0°C","IMAGE 3.0","EN_INDCi2030_3000","15.323108599182284","79.38797071668236","5.3170085350812135","1.5659513606490094","474.3919041366905","2.685908040322095","2.685908040322095","0.003117496"
"151","ENGAGE-INDCi2030-3000","IMAGE 3.0","Final Energy|Residential and Commercial|Electricity","EJ/yr","[object Object]",2015,7.585851135253906,"2.685908040322095","2.685908040322095","2100","474.3919041366905","2943.0770294016675","GW6","ok","high","ok","ok","ok","medium","high","high","high","ok","ok","ok","true","C6","C6: Below 3.0°C","IMAGE 3.0","EN_INDCi2030_3000","15.323108599182284","79.38797071668236","5.3170085350812135","1.5659513606490094","474.3919041366905","2.685908040322095","2.685908040322095","0.003117496"
"151","ENGAGE-INDCi2030-3000","IMAGE 3.0","Final Energy|Residential and Commercial|Electricity","EJ/yr","[object Object]",2020,8.223768844604493,"2.685908040322095","2.685908040322095","2100","474.3919041366905","2943.0770294016675","GW6","ok","high","ok","ok","ok","medium","high","high","high","ok","ok","ok","true","C6","C6: Below 3.0°C","IMAGE 3.0","EN_INDCi2030_3000","15.323108599182284","79.38797071668236","5.3170085350812135","1.5659513606490094","474.3919041366905","2.685908040322095","2.685908040322095","0.003117496"
"151","ENGAGE-INDCi2030-3000","IMAGE 3.0","Final Energy|Residential and Commercial|Electricity","EJ/yr","[object Object]",2025,8.23079428100586,"2.685908040322095","2.685908040322095","2100","474.3919041366905","2943.0770294016675","GW6","ok","high","ok","ok","ok","medium","high","high","high","ok","ok","ok","true","C6","C6: Below 3.0°C","IMAGE 3.0","EN_INDCi2030_3000","15.323108599182284","79.38797071668236","5.3170085350812135","1.5659513606490094","474.3919041366905","2.685908040322095","2.685908040322095","0.003117496"
"151","ENGAGE-INDCi2030-3000","IMAGE 3.0","Final Energy|Residential and Commercial|Electricity","EJ/yr","[object Object]",2030,8.2592099609375,"2.685908040322095","2.685908040322095","2100","474.3919041366905","2943.0770294016675","GW6","ok","high","ok","ok","ok","medium","high","high","high","ok","ok","ok","true","C6","C6: Below 3.0°C","IMAGE 3.0","EN_INDCi2030_3000","15.323108599182284","79.38797071668236","5.3170085350812135","1.5659513606490094","474.3919041366905","2.685908040322095","2.685908040322095","0.003117496"
"151","ENGAGE-INDCi2030-3000","IMAGE 3.0","Final Energy|Residential and Commercial|Electricity","EJ/yr","[object Object]",2035,8.515704223632813,"2.685908040322095","2.685908040322095","2100","474.3919041366905","2943.0770294016675","GW6","ok","high","ok","ok","ok","medium","high","high","high","ok","ok","ok","true","C6","C6: Below 3.0°C","IMAGE 3.0","EN_INDCi2030_3000","15.323108599182284","79.38797071668236","5.3170085350812135","1.5659513606490094","474.3919041366905","2.685908040322095","2.685908040322095","0.003117496"
"151","ENGAGE-INDCi2030-3000","IMAGE 3.0","Final Energy|Residential and Commercial|Electricity","EJ/yr","[object Object]",2040,8.771762268066407,"2.685908040322095","2.685908040322095","2100","474.3919041366905","2943.0770294016675","GW6","ok","high","ok","ok","ok","medium","high","high","high","ok","ok","ok","true","C6","C6: Below 3.0°C","IMAGE 3.0","EN_INDCi2030_3000","15.323108599182284","79.38797071668236","5.3170085350812135","1.5659513606490094","474.3919041366905","2.685908040322095","2.685908040322095","0.003117496"
"151","ENGAGE-INDCi2030-3000","IMAGE 3.0","Final Energy|Residential and Commercial|Electricity","EJ/yr","[object Object]",2045,8.854126678466798,"2.685908040322095","2.685908040322095","2100","474.3919041366905","2943.0770294016675","GW6","ok","high","ok","ok","ok","medium","high","high","high","ok","ok","ok","true","C6","C6: Below 3.0°C","IMAGE 3.0","EN_INDCi2030_3000","15.323108599182284","79.38797071668236","5.3170085350812135","1.5659513606490094","474.3919041366905","2.685908040322095","2.685908040322095","0.003117496"
"151","ENGAGE-INDCi2030-3000","IMAGE 3.0","Final Energy|Residential and Commercial|Electricity","EJ/yr","[object Object]",2050,8.837457611083984,"2.685908040322095","2.685908040322095","2100","474.3919041366905","2943.0770294016675","GW6","ok","high","ok","ok","ok","medium","high","high","high","ok","ok","ok","true","C6","C6: Below 3.0°C","IMAGE 3.0","EN_INDCi2030_3000","15.323108599182284","79.38797071668236","5.3170085350812135","1.5659513606490094","474.3919041366905","2.685908040322095","2.685908040322095","0.003117496"
"151","ENGAGE-INDCi2030-3000","IMAGE 3.0","Final Energy|Residential and Commercial|Electricity","EJ/yr","[object Object]",2060,8.960250366210937,"2.685908040322095","2.685908040322095","2100","474.3919041366905","2943.0770294016675","GW6","ok","high","ok","ok","ok","medium","high","high","high","ok","ok","ok","true","C6","C6: Below 3.0°C","IMAGE 3.0","EN_INDCi2030_3000","15.323108599182284","79.38797071668236","5.3170085350812135","1.5659513606490094","474.3919041366905","2.685908040322095","2.685908040322095","0.003117496"
"151","ENGAGE-INDCi2030-3000","IMAGE 3.0","Final Energy|Residential and Commercial|Electricity","EJ/yr","[object Object]",2070,9.418646179199218,"2.685908040322095","2.685908040322095","2100","474.3919041366905","2943.0770294016675","GW6","ok","high","ok","ok","ok","medium","high","high","high","ok","ok","ok","true","C6","C6: Below 3.0°C","IMAGE 3.0","EN_INDCi2030_3000","15.323108599182284","79.38797071668236","5.3170085350812135","1.5659513606490094","474.3919041366905","2.685908040322095","2.685908040322095","0.003117496"
"151","ENGAGE-INDCi2030-3000","IMAGE 3.0","Final Energy|Residential and Commercial|Electricity","EJ/yr","[object Object]",2080,9.705921325683594,"2.685908040322095","2.685908040322095","2100","474.3919041366905","2943.0770294016675","GW6","ok","high","ok","ok","ok","medium","high","high","high","ok","ok","ok","true","C6","C6: Below 3.0°C","IMAGE 3.0","EN_INDCi2030_3000","15.323108599182284","79.38797071668236","5.3170085350812135","1.5659513606490094","474.3919041366905","2.685908040322095","2.685908040322095","0.003117496"
"151","ENGAGE-INDCi2030-3000","IMAGE 3.0","Final Energy|Residential and Commercial|Electricity","EJ/yr","[object Object]",2090,9.87766958618164,"2.685908040322095","2.685908040322095","2100","474.3919041366905","2943.0770294016675","GW6","ok","high","ok","ok","ok","medium","high","high","high","ok","ok","ok","true","C6","C6: Below 3.0°C","IMAGE 3.0","EN_INDCi2030_3000","15.323108599182284","79.38797071668236","5.3170085350812135","1.5659513606490094","474.3919041366905","2.685908040322095","2.685908040322095","0.003117496"
"151","ENGAGE-INDCi2030-3000","IMAGE 3.0","Final Energy|Residential and Commercial|Electricity","EJ/yr","[object Object]",2100,10.098543548583985,"2.685908040322095","2.685908040322095","2100","474.3919041366905","2943.0770294016675","GW6","ok","high","ok","ok","ok","medium","high","high","high","ok","ok","ok","true","C6","C6: Below 3.0°C","IMAGE 3.0","EN_INDCi2030_3000","15.323108599182284","79.38797071668236","5.3170085350812135","1.5659513606490094","474.3919041366905","2.685908040322095","2.685908040322095","0.003117496"
"152","ENGAGE-INDCi2030-3000f","IMAGE 3.0","Final Energy|Residential and Commercial|Electricity","EJ/yr","[object Object]",2010,7.349530792236328,"2.685908040322095","2.685908040322095","2100","474.3919041366905","2943.0770294016675","GW6","ok","high","ok","ok","ok","medium","high","high","high","ok","ok","ok","true","C6","C6: Below 3.0°C","IMAGE 3.0","EN_INDCi2030_3000f","15.323108599182284","79.38797071668236","5.3170085350812135","1.5659513606490094","474.3919041366905","2.685908040322095","2.685908040322095","0.003117496"
"152","ENGAGE-INDCi2030-3000f","IMAGE 3.0","Final Energy|Residential and Commercial|Electricity","EJ/yr","[object Object]",2015,7.585851135253906,"2.685908040322095","2.685908040322095","2100","474.3919041366905","2943.0770294016675","GW6","ok","high","ok","ok","ok","medium","high","high","high","ok","ok","ok","true","C6","C6: Below 3.0°C","IMAGE 3.0","EN_INDCi2030_3000f","15.323108599182284","79.38797071668236","5.3170085350812135","1.5659513606490094","474.3919041366905","2.685908040322095","2.685908040322095","0.003117496"
"152","ENGAGE-INDCi2030-3000f","IMAGE 3.0","Final Energy|Residential and Commercial|Electricity","EJ/yr","[object Object]",2020,8.223768844604493,"2.685908040322095","2.685908040322095","2100","474.3919041366905","2943.0770294016675","GW6","ok","high","ok","ok","ok","medium","high","high","high","ok","ok","ok","true","C6","C6: Below 3.0°C","IMAGE 3.0","EN_INDCi2030_3000f","15.323108599182284","79.38797071668236","5.3170085350812135","1.5659513606490094","474.3919041366905","2.685908040322095","2.685908040322095","0.003117496"
"152","ENGAGE-INDCi2030-3000f","IMAGE 3.0","Final Energy|Residential and Commercial|Electricity","EJ/yr","[object Object]",2025,8.23079428100586,"2.685908040322095","2.685908040322095","2100","474.3919041366905","2943.0770294016675","GW6","ok","high","ok","ok","ok","medium","high","high","high","ok","ok","ok","true","C6","C6: Below 3.0°C","IMAGE 3.0","EN_INDCi2030_3000f","15.323108599182284","79.38797071668236","5.3170085350812135","1.5659513606490094","474.3919041366905","2.685908040322095","2.685908040322095","0.003117496"
"152","ENGAGE-INDCi2030-3000f","IMAGE 3.0","Final Energy|Residential and Commercial|Electricity","EJ/yr","[object Object]",2030,8.2592099609375,"2.685908040322095","2.685908040322095","2100","474.3919041366905","2943.0770294016675","GW6","ok","high","ok","ok","ok","medium","high","high","high","ok","ok","ok","true","C6","C6: Below 3.0°C","IMAGE 3.0","EN_INDCi2030_3000f","15.323108599182284","79.38797071668236","5.3170085350812135","1.5659513606490094","474.3919041366905","2.685908040322095","2.685908040322095","0.003117496"
"152","ENGAGE-INDCi2030-3000f","IMAGE 3.0","Final Energy|Residential and Commercial|Electricity","EJ/yr","[object Object]",2035,8.515704223632813,"2.685908040322095","2.685908040322095","2100","474.3919041366905","2943.0770294016675","GW6","ok","high","ok","ok","ok","medium","high","high","high","ok","ok","ok","true","C6","C6: Below 3.0°C","IMAGE 3.0","EN_INDCi2030_3000f","15.323108599182284","79.38797071668236","5.3170085350812135","1.5659513606490094","474.3919041366905","2.685908040322095","2.685908040322095","0.003117496"
"152","ENGAGE-INDCi2030-3000f","IMAGE 3.0","Final Energy|Residential and Commercial|Electricity","EJ/yr","[object Object]",2040,8.771762268066407,"2.685908040322095","2.685908040322095","2100","474.3919041366905","2943.0770294016675","GW6","ok","high","ok","ok","ok","medium","high","high","high","ok","ok","ok","true","C6","C6: Below 3.0°C","IMAGE 3.0","EN_INDCi2030_3000f","15.323108599182284","79.38797071668236","5.3170085350812135","1.5659513606490094","474.3919041366905","2.685908040322095","2.685908040322095","0.003117496"
"152","ENGAGE-INDCi2030-3000f","IMAGE 3.0","Final Energy|Residential and Commercial|Electricity","EJ/yr","[object Object]",2045,8.854126678466798,"2.685908040322095","2.685908040322095","2100","474.3919041366905","2943.0770294016675","GW6","ok","high","ok","ok","ok","medium","high","high","high","ok","ok","ok","true","C6","C6: Below 3.0°C","IMAGE 3.0","EN_INDCi2030_3000f","15.323108599182284","79.38797071668236","5.3170085350812135","1.5659513606490094","474.3919041366905","2.685908040322095","2.685908040322095","0.003117496"
"152","ENGAGE-INDCi2030-3000f","IMAGE 3.0","Final Energy|Residential and Commercial|Electricity","EJ/yr","[object Object]",2050,8.837457611083984,"2.685908040322095","2.685908040322095","2100","474.3919041366905","2943.0770294016675","GW6","ok","high","ok","ok","ok","medium","high","high","high","ok","ok","ok","true","C6","C6: Below 3.0°C","IMAGE 3.0","EN_INDCi2030_3000f","15.323108599182284","79.38797071668236","5.3170085350812135","1.5659513606490094","474.3919041366905","2.685908040322095","2.685908040322095","0.003117496"
"152","ENGAGE-INDCi2030-3000f","IMAGE 3.0","Final Energy|Residential and Commercial|Electricity","EJ/yr","[object Object]",2060,8.960250366210937,"2.685908040322095","2.685908040322095","2100","474.3919041366905","2943.0770294016675","GW6","ok","high","ok","ok","ok","medium","high","high","high","ok","ok","ok","true","C6","C6: Below 3.0°C","IMAGE 3.0","EN_INDCi2030_3000f","15.323108599182284","79.38797071668236","5.3170085350812135","1.5659513606490094","474.3919041366905","2.685908040322095","2.685908040322095","0.003117496"
"152","ENGAGE-INDCi2030-3000f","IMAGE 3.0","Final Energy|Residential and Commercial|Electricity","EJ/yr","[object Object]",2070,9.418646179199218,"2.685908040322095","2.685908040322095","2100","474.3919041366905","2943.0770294016675","GW6","ok","high","ok","ok","ok","medium","high","high","high","ok","ok","ok","true","C6","C6: Below 3.0°C","IMAGE 3.0","EN_INDCi2030_3000f","15.323108599182284","79.38797071668236","5.3170085350812135","1.5659513606490094","474.3919041366905","2.685908040322095","2.685908040322095","0.003117496"
"152","ENGAGE-INDCi2030-3000f","IMAGE 3.0","Final Energy|Residential and Commercial|Electricity","EJ/yr","[object Object]",2080,9.705921325683594,"2.685908040322095","2.685908040322095","2100","474.3919041366905","2943.0770294016675","GW6","ok","high","ok","ok","ok","medium","high","high","high","ok","ok","ok","true","C6","C6: Below 3.0°C","IMAGE 3.0","EN_INDCi2030_3000f","15.323108599182284","79.38797071668236","5.3170085350812135","1.5659513606490094","474.3919041366905","2.685908040322095","2.685908040322095","0.003117496"
"152","ENGAGE-INDCi2030-3000f","IMAGE 3.0","Final Energy|Residential and Commercial|Electricity","EJ/yr","[object Object]",2090,9.87766958618164,"2.685908040322095","2.685908040322095","2100","474.3919041366905","2943.0770294016675","GW6","ok","high","ok","ok","ok","medium","high","high","high","ok","ok","ok","true","C6","C6: Below 3.0°C","IMAGE 3.0","EN_INDCi2030_3000f","15.323108599182284","79.38797071668236","5.3170085350812135","1.5659513606490094","474.3919041366905","2.685908040322095","2.685908040322095","0.003117496"
"152","ENGAGE-INDCi2030-3000f","IMAGE 3.0","Final Energy|Residential and Commercial|Electricity","EJ/yr","[object Object]",2100,10.098543548583985,"2.685908040322095","2.685908040322095","2100","474.3919041366905","2943.0770294016675","GW6","ok","high","ok","ok","ok","medium","high","high","high","ok","ok","ok","true","C6","C6: Below 3.0°C","IMAGE 3.0","EN_INDCi2030_3000f","15.323108599182284","79.38797071668236","5.3170085350812135","1.5659513606490094","474.3919041366905","2.685908040322095","2.685908040322095","0.003117496"
"161","ENGAGE-NPi2020-3000","IMAGE 3.0","Final Energy|Residential and Commercial|Electricity","EJ/yr","[object Object]",2010,7.349530792236328,"2.678857555152283","2.677721657645203","2100","484.7701038087788","2920.091338807129","GW6","ok","medium","ok","ok","ok","medium","high","high","high","ok","ok","medium","true","C6","C6: Below 3.0°C","IMAGE 3.0","EN_NPi2020_3000","14.61482946490918","81.10113336501077","4.3297221285784975","1.5925337888670867","484.7701038087788","2.677721657645203","2.678857555152283","0.003104967"
"161","ENGAGE-NPi2020-3000","IMAGE 3.0","Final Energy|Residential and Commercial|Electricity","EJ/yr","[object Object]",2015,7.580018936157227,"2.678857555152283","2.677721657645203","2100","484.7701038087788","2920.091338807129","GW6","ok","medium","ok","ok","ok","medium","high","high","high","ok","ok","medium","true","C6","C6: Below 3.0°C","IMAGE 3.0","EN_NPi2020_3000","14.61482946490918","81.10113336501077","4.3297221285784975","1.5925337888670867","484.7701038087788","2.677721657645203","2.678857555152283","0.003104967"
"161","ENGAGE-NPi2020-3000","IMAGE 3.0","Final Energy|Residential and Commercial|Electricity","EJ/yr","[object Object]",2020,8.143091522216796,"2.678857555152283","2.677721657645203","2100","484.7701038087788","2920.091338807129","GW6","ok","medium","ok","ok","ok","medium","high","high","high","ok","ok","medium","true","C6","C6: Below 3.0°C","IMAGE 3.0","EN_NPi2020_3000","14.61482946490918","81.10113336501077","4.3297221285784975","1.5925337888670867","484.7701038087788","2.677721657645203","2.678857555152283","0.003104967"
"161","ENGAGE-NPi2020-3000","IMAGE 3.0","Final Energy|Residential and Commercial|Electricity","EJ/yr","[object Object]",2025,8.418122772216798,"2.678857555152283","2.677721657645203","2100","484.7701038087788","2920.091338807129","GW6","ok","medium","ok","ok","ok","medium","high","high","high","ok","ok","medium","true","C6","C6: Below 3.0°C","IMAGE 3.0","EN_NPi2020_3000","14.61482946490918","81.10113336501077","4.3297221285784975","1.5925337888670867","484.7701038087788","2.677721657645203","2.678857555152283","0.003104967"
"161","ENGAGE-NPi2020-3000","IMAGE 3.0","Final Energy|Residential and Commercial|Electricity","EJ/yr","[object Object]",2030,8.623785583496094,"2.678857555152283","2.677721657645203","2100","484.7701038087788","2920.091338807129","GW6","ok","medium","ok","ok","ok","medium","high","high","high","ok","ok","medium","true","C6","C6: Below 3.0°C","IMAGE 3.0","EN_NPi2020_3000","14.61482946490918","81.10113336501077","4.3297221285784975","1.5925337888670867","484.7701038087788","2.677721657645203","2.678857555152283","0.003104967"
"161","ENGAGE-NPi2020-3000","IMAGE 3.0","Final Energy|Residential and Commercial|Electricity","EJ/yr","[object Object]",2035,8.713310760498047,"2.678857555152283","2.677721657645203","2100","484.7701038087788","2920.091338807129","GW6","ok","medium","ok","ok","ok","medium","high","high","high","ok","ok","medium","true","C6","C6: Below 3.0°C","IMAGE 3.0","EN_NPi2020_3000","14.61482946490918","81.10113336501077","4.3297221285784975","1.5925337888670867","484.7701038087788","2.677721657645203","2.678857555152283","0.003104967"
"161","ENGAGE-NPi2020-3000","IMAGE 3.0","Final Energy|Residential and Commercial|Electricity","EJ/yr","[object Object]",2040,8.768434020996095,"2.678857555152283","2.677721657645203","2100","484.7701038087788","2920.091338807129","GW6","ok","medium","ok","ok","ok","medium","high","high","high","ok","ok","medium","true","C6","C6: Below 3.0°C","IMAGE 3.0","EN_NPi2020_3000","14.61482946490918","81.10113336501077","4.3297221285784975","1.5925337888670867","484.7701038087788","2.677721657645203","2.678857555152283","0.003104967"
"161","ENGAGE-NPi2020-3000","IMAGE 3.0","Final Energy|Residential and Commercial|Electricity","EJ/yr","[object Object]",2045,8.805983581542968,"2.678857555152283","2.677721657645203","2100","484.7701038087788","2920.091338807129","GW6","ok","medium","ok","ok","ok","medium","high","high","high","ok","ok","medium","true","C6","C6: Below 3.0°C","IMAGE 3.0","EN_NPi2020_3000","14.61482946490918","81.10113336501077","4.3297221285784975","1.5925337888670867","484.7701038087788","2.677721657645203","2.678857555152283","0.003104967"
"161","ENGAGE-NPi2020-3000","IMAGE 3.0","Final Energy|Residential and Commercial|Electricity","EJ/yr","[object Object]",2050,8.836326873779297,"2.678857555152283","2.677721657645203","2100","484.7701038087788","2920.091338807129","GW6","ok","medium","ok","ok","ok","medium","high","high","high","ok","ok","medium","true","C6","C6: Below 3.0°C","IMAGE 3.0","EN_NPi2020_3000","14.61482946490918","81.10113336501077","4.3297221285784975","1.5925337888670867","484.7701038087788","2.677721657645203","2.678857555152283","0.003104967"
"161","ENGAGE-NPi2020-3000","IMAGE 3.0","Final Energy|Residential and Commercial|Electricity","EJ/yr","[object Object]",2060,9.162809783935549,"2.678857555152283","2.677721657645203","2100","484.7701038087788","2920.091338807129","GW6","ok","medium","ok","ok","ok","medium","high","high","high","ok","ok","medium","true","C6","C6: Below 3.0°C","IMAGE 3.0","EN_NPi2020_3000","14.61482946490918","81.10113336501077","4.3297221285784975","1.5925337888670867","484.7701038087788","2.677721657645203","2.678857555152283","0.003104967"
"161","ENGAGE-NPi2020-3000","IMAGE 3.0","Final Energy|Residential and Commercial|Electricity","EJ/yr","[object Object]",2070,9.50771435546875,"2.678857555152283","2.677721657645203","2100","484.7701038087788","2920.091338807129","GW6","ok","medium","ok","ok","ok","medium","high","high","high","ok","ok","medium","true","C6","C6: Below 3.0°C","IMAGE 3.0","EN_NPi2020_3000","14.61482946490918","81.10113336501077","4.3297221285784975","1.5925337888670867","484.7701038087788","2.677721657645203","2.678857555152283","0.003104967"
"161","ENGAGE-NPi2020-3000","IMAGE 3.0","Final Energy|Residential and Commercial|Electricity","EJ/yr","[object Object]",2080,9.65726727294922,"2.678857555152283","2.677721657645203","2100","484.7701038087788","2920.091338807129","GW6","ok","medium","ok","ok","ok","medium","high","high","high","ok","ok","medium","true","C6","C6: Below 3.0°C","IMAGE 3.0","EN_NPi2020_3000","14.61482946490918","81.10113336501077","4.3297221285784975","1.5925337888670867","484.7701038087788","2.677721657645203","2.678857555152283","0.003104967"
"161","ENGAGE-NPi2020-3000","IMAGE 3.0","Final Energy|Residential and Commercial|Electricity","EJ/yr","[object Object]",2090,9.82964242553711,"2.678857555152283","2.677721657645203","2100","484.7701038087788","2920.091338807129","GW6","ok","medium","ok","ok","ok","medium","high","high","high","ok","ok","medium","true","C6","C6: Below 3.0°C","IMAGE 3.0","EN_NPi2020_3000","14.61482946490918","81.10113336501077","4.3297221285784975","1.5925337888670867","484.7701038087788","2.677721657645203","2.678857555152283","0.003104967"
"161","ENGAGE-NPi2020-3000","IMAGE 3.0","Final Energy|Residential and Commercial|Electricity","EJ/yr","[object Object]",2100,10.177465026855469,"2.678857555152283","2.677721657645203","2100","484.7701038087788","2920.091338807129","GW6","ok","medium","ok","ok","ok","medium","high","high","high","ok","ok","medium","true","C6","C6: Below 3.0°C","IMAGE 3.0","EN_NPi2020_3000","14.61482946490918","81.10113336501077","4.3297221285784975","1.5925337888670867","484.7701038087788","2.677721657645203","2.678857555152283","0.003104967"
"162","ENGAGE-NPi2020-3000f","IMAGE 3.0","Final Energy|Residential and Commercial|Electricity","EJ/yr","[object Object]",2010,7.349530792236328,"2.678857555152283","2.677721657645203","2100","484.7701038087788","2920.091338807129","GW6","ok","medium","ok","ok","ok","medium","high","high","high","ok","ok","medium","true","C6","C6: Below 3.0°C","IMAGE 3.0","EN_NPi2020_3000f","14.61482946490918","81.10113336501077","4.3297221285784975","1.5925337888670867","484.7701038087788","2.677721657645203","2.678857555152283","0.003104967"
"162","ENGAGE-NPi2020-3000f","IMAGE 3.0","Final Energy|Residential and Commercial|Electricity","EJ/yr","[object Object]",2015,7.580018936157227,"2.678857555152283","2.677721657645203","2100","484.7701038087788","2920.091338807129","GW6","ok","medium","ok","ok","ok","medium","high","high","high","ok","ok","medium","true","C6","C6: Below 3.0°C","IMAGE 3.0","EN_NPi2020_3000f","14.61482946490918","81.10113336501077","4.3297221285784975","1.5925337888670867","484.7701038087788","2.677721657645203","2.678857555152283","0.003104967"
"162","ENGAGE-NPi2020-3000f","IMAGE 3.0","Final Energy|Residential and Commercial|Electricity","EJ/yr","[object Object]",2020,8.143091522216796,"2.678857555152283","2.677721657645203","2100","484.7701038087788","2920.091338807129","GW6","ok","medium","ok","ok","ok","medium","high","high","high","ok","ok","medium","true","C6","C6: Below 3.0°C","IMAGE 3.0","EN_NPi2020_3000f","14.61482946490918","81.10113336501077","4.3297221285784975","1.5925337888670867","484.7701038087788","2.677721657645203","2.678857555152283","0.003104967"
"162","ENGAGE-NPi2020-3000f","IMAGE 3.0","Final Energy|Residential and Commercial|Electricity","EJ/yr","[object Object]",2025,8.418122772216798,"2.678857555152283","2.677721657645203","2100","484.7701038087788","2920.091338807129","GW6","ok","medium","ok","ok","ok","medium","high","high","high","ok","ok","medium","true","C6","C6: Below 3.0°C","IMAGE 3.0","EN_NPi2020_3000f","14.61482946490918","81.10113336501077","4.3297221285784975","1.5925337888670867","484.7701038087788","2.677721657645203","2.678857555152283","0.003104967"
"162","ENGAGE-NPi2020-3000f","IMAGE 3.0","Final Energy|Residential and Commercial|Electricity","EJ/yr","[object Object]",2030,8.623785583496094,"2.678857555152283","2.677721657645203","2100","484.7701038087788","2920.091338807129","GW6","ok","medium","ok","ok","ok","medium","high","high","high","ok","ok","medium","true","C6","C6: Below 3.0°C","IMAGE 3.0","EN_NPi2020_3000f","14.61482946490918","81.10113336501077","4.3297221285784975","1.5925337888670867","484.7701038087788","2.677721657645203","2.678857555152283","0.003104967"
"162","ENGAGE-NPi2020-3000f","IMAGE 3.0","Final Energy|Residential and Commercial|Electricity","EJ/yr","[object Object]",2035,8.713310760498047,"2.678857555152283","2.677721657645203","2100","484.7701038087788","2920.091338807129","GW6","ok","medium","ok","ok","ok","medium","high","high","high","ok","ok","medium","true","C6","C6: Below 3.0°C","IMAGE 3.0","EN_NPi2020_3000f","14.61482946490918","81.10113336501077","4.3297221285784975","1.5925337888670867","484.7701038087788","2.677721657645203","2.678857555152283","0.003104967"
"162","ENGAGE-NPi2020-3000f","IMAGE 3.0","Final Energy|Residential and Commercial|Electricity","EJ/yr","[object Object]",2040,8.768434020996095,"2.678857555152283","2.677721657645203","2100","484.7701038087788","2920.091338807129","GW6","ok","medium","ok","ok","ok","medium","high","high","high","ok","ok","medium","true","C6","C6: Below 3.0°C","IMAGE 3.0","EN_NPi2020_3000f","14.61482946490918","81.10113336501077","4.3297221285784975","1.5925337888670867","484.7701038087788","2.677721657645203","2.678857555152283","0.003104967"
"162","ENGAGE-NPi2020-3000f","IMAGE 3.0","Final Energy|Residential and Commercial|Electricity","EJ/yr","[object Object]",2045,8.805983581542968,"2.678857555152283","2.677721657645203","2100","484.7701038087788","2920.091338807129","GW6","ok","medium","ok","ok","ok","medium","high","high","high","ok","ok","medium","true","C6","C6: Below 3.0°C","IMAGE 3.0","EN_NPi2020_3000f","14.61482946490918","81.10113336501077","4.3297221285784975","1.5925337888670867","484.7701038087788","2.677721657645203","2.678857555152283","0.003104967"
"162","ENGAGE-NPi2020-3000f","IMAGE 3.0","Final Energy|Residential and Commercial|Electricity","EJ/yr","[object Object]",2050,8.836326873779297,"2.678857555152283","2.677721657645203","2100","484.7701038087788","2920.091338807129","GW6","ok","medium","ok","ok","ok","medium","high","high","high","ok","ok","medium","true","C6","C6: Below 3.0°C","IMAGE 3.0","EN_NPi2020_3000f","14.61482946490918","81.10113336501077","4.3297221285784975","1.5925337888670867","484.7701038087788","2.677721657645203","2.678857555152283","0.003104967"
"162","ENGAGE-NPi2020-3000f","IMAGE 3.0","Final Energy|Residential and Commercial|Electricity","EJ/yr","[object Object]",2060,9.162809783935549,"2.678857555152283","2.677721657645203","2100","484.7701038087788","2920.091338807129","GW6","ok","medium","ok","ok","ok","medium","high","high","high","ok","ok","medium","true","C6","C6: Below 3.0°C","IMAGE 3.0","EN_NPi2020_3000f","14.61482946490918","81.10113336501077","4.3297221285784975","1.5925337888670867","484.7701038087788","2.677721657645203","2.678857555152283","0.003104967"
"162","ENGAGE-NPi2020-3000f","IMAGE 3.0","Final Energy|Residential and Commercial|Electricity","EJ/yr","[object Object]",2070,9.50771435546875,"2.678857555152283","2.677721657645203","2100","484.7701038087788","2920.091338807129","GW6","ok","medium","ok","ok","ok","medium","high","high","high","ok","ok","medium","true","C6","C6: Below 3.0°C","IMAGE 3.0","EN_NPi2020_3000f","14.61482946490918","81.10113336501077","4.3297221285784975","1.5925337888670867","484.7701038087788","2.677721657645203","2.678857555152283","0.003104967"
"162","ENGAGE-NPi2020-3000f","IMAGE 3.0","Final Energy|Residential and Commercial|Electricity","EJ/yr","[object Object]",2080,9.65726727294922,"2.678857555152283","2.677721657645203","2100","484.7701038087788","2920.091338807129","GW6","ok","medium","ok","ok","ok","medium","high","high","high","ok","ok","medium","true","C6","C6: Below 3.0°C","IMAGE 3.0","EN_NPi2020_3000f","14.61482946490918","81.10113336501077","4.3297221285784975","1.5925337888670867","484.7701038087788","2.677721657645203","2.678857555152283","0.003104967"
"162","ENGAGE-NPi2020-3000f","IMAGE 3.0","Final Energy|Residential and Commercial|Electricity","EJ/yr","[object Object]",2090,9.82964242553711,"2.678857555152283","2.677721657645203","2100","484.7701038087788","2920.091338807129","GW6","ok","medium","ok","ok","ok","medium","high","high","high","ok","ok","medium","true","C6","C6: Below 3.0°C","IMAGE 3.0","EN_NPi2020_3000f","14.61482946490918","81.10113336501077","4.3297221285784975","1.5925337888670867","484.7701038087788","2.677721657645203","2.678857555152283","0.003104967"
"162","ENGAGE-NPi2020-3000f","IMAGE 3.0","Final Energy|Residential and Commercial|Electricity","EJ/yr","[object Object]",2100,10.177465026855469,"2.678857555152283","2.677721657645203","2100","484.7701038087788","2920.091338807129","GW6","ok","medium","ok","ok","ok","medium","high","high","high","ok","ok","medium","true","C6","C6: Below 3.0°C","IMAGE 3.0","EN_NPi2020_3000f","14.61482946490918","81.10113336501077","4.3297221285784975","1.5925337888670867","484.7701038087788","2.677721657645203","2.678857555152283","0.003104967"
"224","ENGAGE-INDCi2030-3000","MESSAGEix-GLOBIOM 1.1","Final Energy|Residential and Commercial|Electricity","EJ/yr","[object Object]",2010,7.155450464790536,"2.602031767370881","2.602031767370881","2100","135.41560071044023","2957.908729312125","GW6","failed","medium","ok","ok","ok","ok","medium","medium","medium","ok","ok","ok","true","C6","C6: Below 3.0°C","MESSAGEix-GLOBIOM_1.1","EN_INDCi2030_3000","16.53181411319969","76.88904175982071","5.890477157914206","1.9631469825234262","135.41560071044023","2.602031767370881","2.602031767370881",
"224","ENGAGE-INDCi2030-3000","MESSAGEix-GLOBIOM 1.1","Final Energy|Residential and Commercial|Electricity","EJ/yr","[object Object]",2015,6.950679227102198,"2.602031767370881","2.602031767370881","2100","135.41560071044023","2957.908729312125","GW6","failed","medium","ok","ok","ok","ok","medium","medium","medium","ok","ok","ok","true","C6","C6: Below 3.0°C","MESSAGEix-GLOBIOM_1.1","EN_INDCi2030_3000","16.53181411319969","76.88904175982071","5.890477157914206","1.9631469825234262","135.41560071044023","2.602031767370881","2.602031767370881",
"224","ENGAGE-INDCi2030-3000","MESSAGEix-GLOBIOM 1.1","Final Energy|Residential and Commercial|Electricity","EJ/yr","[object Object]",2020,7.692261242931078,"2.602031767370881","2.602031767370881","2100","135.41560071044023","2957.908729312125","GW6","failed","medium","ok","ok","ok","ok","medium","medium","medium","ok","ok","ok","true","C6","C6: Below 3.0°C","MESSAGEix-GLOBIOM_1.1","EN_INDCi2030_3000","16.53181411319969","76.88904175982071","5.890477157914206","1.9631469825234262","135.41560071044023","2.602031767370881","2.602031767370881",
"224","ENGAGE-INDCi2030-3000","MESSAGEix-GLOBIOM 1.1","Final Energy|Residential and Commercial|Electricity","EJ/yr","[object Object]",2025,7.852544480606058,"2.602031767370881","2.602031767370881","2100","135.41560071044023","2957.908729312125","GW6","failed","medium","ok","ok","ok","ok","medium","medium","medium","ok","ok","ok","true","C6","C6: Below 3.0°C","MESSAGEix-GLOBIOM_1.1","EN_INDCi2030_3000","16.53181411319969","76.88904175982071","5.890477157914206","1.9631469825234262","135.41560071044023","2.602031767370881","2.602031767370881",
"224","ENGAGE-INDCi2030-3000","MESSAGEix-GLOBIOM 1.1","Final Energy|Residential and Commercial|Electricity","EJ/yr","[object Object]",2030,8.42171818358781,"2.602031767370881","2.602031767370881","2100","135.41560071044023","2957.908729312125","GW6","failed","medium","ok","ok","ok","ok","medium","medium","medium","ok","ok","ok","true","C6","C6: Below 3.0°C","MESSAGEix-GLOBIOM_1.1","EN_INDCi2030_3000","16.53181411319969","76.88904175982071","5.890477157914206","1.9631469825234262","135.41560071044023","2.602031767370881","2.602031767370881",
"224","ENGAGE-INDCi2030-3000","MESSAGEix-GLOBIOM 1.1","Final Energy|Residential and Commercial|Electricity","EJ/yr","[object Object]",2035,8.516242294878026,"2.602031767370881","2.602031767370881","2100","135.41560071044023","2957.908729312125","GW6","failed","medium","ok","ok","ok","ok","medium","medium","medium","ok","ok","ok","true","C6","C6: Below 3.0°C","MESSAGEix-GLOBIOM_1.1","EN_INDCi2030_3000","16.53181411319969","76.88904175982071","5.890477157914206","1.9631469825234262","135.41560071044023","2.602031767370881","2.602031767370881",
"224","ENGAGE-INDCi2030-3000","MESSAGEix-GLOBIOM 1.1","Final Energy|Residential and Commercial|Electricity","EJ/yr","[object Object]",2040,9.2434783564574,"2.602031767370881","2.602031767370881","2100","135.41560071044023","2957.908729312125","GW6","failed","medium","ok","ok","ok","ok","medium","medium","medium","ok","ok","ok","true","C6","C6: Below 3.0°C","MESSAGEix-GLOBIOM_1.1","EN_INDCi2030_3000","16.53181411319969","76.88904175982071","5.890477157914206","1.9631469825234262","135.41560071044023","2.602031767370881","2.602031767370881",
"224","ENGAGE-INDCi2030-3000","MESSAGEix-GLOBIOM 1.1","Final Energy|Residential and Commercial|Electricity","EJ/yr","[object Object]",2045,9.594785202612323,"2.602031767370881","2.602031767370881","2100","135.41560071044023","2957.908729312125","GW6","failed","medium","ok","ok","ok","ok","medium","medium","medium","ok","ok","ok","true","C6","C6: Below 3.0°C","MESSAGEix-GLOBIOM_1.1","EN_INDCi2030_3000","16.53181411319969","76.88904175982071","5.890477157914206","1.9631469825234262","135.41560071044023","2.602031767370881","2.602031767370881",
"224","ENGAGE-INDCi2030-3000","MESSAGEix-GLOBIOM 1.1","Final Energy|Residential and Commercial|Electricity","EJ/yr","[object Object]",2050,10.441073509504188,"2.602031767370881","2.602031767370881","2100","135.41560071044023","2957.908729312125","GW6","failed","medium","ok","ok","ok","ok","medium","medium","medium","ok","ok","ok","true","C6","C6: Below 3.0°C","MESSAGEix-GLOBIOM_1.1","EN_INDCi2030_3000","16.53181411319969","76.88904175982071","5.890477157914206","1.9631469825234262","135.41560071044023","2.602031767370881","2.602031767370881",
"224","ENGAGE-INDCi2030-3000","MESSAGEix-GLOBIOM 1.1","Final Energy|Residential and Commercial|Electricity","EJ/yr","[object Object]",2055,11.344680725436469,"2.602031767370881","2.602031767370881","2100","135.41560071044023","2957.908729312125","GW6","failed","medium","ok","ok","ok","ok","medium","medium","medium","ok","ok","ok","true","C6","C6: Below 3.0°C","MESSAGEix-GLOBIOM_1.1","EN_INDCi2030_3000","16.53181411319969","76.88904175982071","5.890477157914206","1.9631469825234262","135.41560071044023","2.602031767370881","2.602031767370881",
"224","ENGAGE-INDCi2030-3000","MESSAGEix-GLOBIOM 1.1","Final Energy|Residential and Commercial|Electricity","EJ/yr","[object Object]",2060,12.235801891258443,"2.602031767370881","2.602031767370881","2100","135.41560071044023","2957.908729312125","GW6","failed","medium","ok","ok","ok","ok","medium","medium","medium","ok","ok","ok","true","C6","C6: Below 3.0°C","MESSAGEix-GLOBIOM_1.1","EN_INDCi2030_3000","16.53181411319969","76.88904175982071","5.890477157914206","1.9631469825234262","135.41560071044023","2.602031767370881","2.602031767370881",
"224","ENGAGE-INDCi2030-3000","MESSAGEix-GLOBIOM 1.1","Final Energy|Residential and Commercial|Electricity","EJ/yr","[object Object]",2070,14.032001714261378,"2.602031767370881","2.602031767370881","2100","135.41560071044023","2957.908729312125","GW6","failed","medium","ok","ok","ok","ok","medium","medium","medium","ok","ok","ok","true","C6","C6: Below 3.0°C","MESSAGEix-GLOBIOM_1.1","EN_INDCi2030_3000","16.53181411319969","76.88904175982071","5.890477157914206","1.9631469825234262","135.41560071044023","2.602031767370881","2.602031767370881",
"224","ENGAGE-INDCi2030-3000","MESSAGEix-GLOBIOM 1.1","Final Energy|Residential and Commercial|Electricity","EJ/yr","[object Object]",2080,16.07075826636347,"2.602031767370881","2.602031767370881","2100","135.41560071044023","2957.908729312125","GW6","failed","medium","ok","ok","ok","ok","medium","medium","medium","ok","ok","ok","true","C6","C6: Below 3.0°C","MESSAGEix-GLOBIOM_1.1","EN_INDCi2030_3000","16.53181411319969","76.88904175982071","5.890477157914206","1.9631469825234262","135.41560071044023","2.602031767370881","2.602031767370881",
"224","ENGAGE-INDCi2030-3000","MESSAGEix-GLOBIOM 1.1","Final Energy|Residential and Commercial|Electricity","EJ/yr","[object Object]",2090,18.47939138335439,"2.602031767370881","2.602031767370881","2100","135.41560071044023","2957.908729312125","GW6","failed","medium","ok","ok","ok","ok","medium","medium","medium","ok","ok","ok","true","C6","C6: Below 3.0°C","MESSAGEix-GLOBIOM_1.1","EN_INDCi2030_3000","16.53181411319969","76.88904175982071","5.890477157914206","1.9631469825234262","135.41560071044023","2.602031767370881","2.602031767370881",
"224","ENGAGE-INDCi2030-3000","MESSAGEix-GLOBIOM 1.1","Final Energy|Residential and Commercial|Electricity","EJ/yr","[object Object]",2100,21.387243260077703,"2.602031767370881","2.602031767370881","2100","135.41560071044023","2957.908729312125","GW6","failed","medium","ok","ok","ok","ok","medium","medium","medium","ok","ok","ok","true","C6","C6: Below 3.0°C","MESSAGEix-GLOBIOM_1.1","EN_INDCi2030_3000","16.53181411319969","76.88904175982071","5.890477157914206","1.9631469825234262","135.41560071044023","2.602031767370881","2.602031767370881",
"225","ENGAGE-INDCi2030-3000-COV","MESSAGEix-GLOBIOM 1.1","Final Energy|Residential and Commercial|Electricity","EJ/yr","[object Object]",2010,7.155450464790536,"2.598695255884256","2.598153254977989","2100","105.97547649271729","2955.57500099004","GW6","failed","medium","ok","ok","ok","ok","high","medium","high","ok","ok","ok","true","C6","C6: Below 3.0°C","MESSAGEix-GLOBIOM_1.1","EN_INDCi2030_3000_COV","15.449488309151278","78.29885441077543","5.59709235063488","1.6722077545592242","105.97547649271729","2.598153254977989","2.598695255884256",
"225","ENGAGE-INDCi2030-3000-COV","MESSAGEix-GLOBIOM 1.1","Final Energy|Residential and Commercial|Electricity","EJ/yr","[object Object]",2015,6.950679227102198,"2.598695255884256","2.598153254977989","2100","105.97547649271729","2955.57500099004","GW6","failed","medium","ok","ok","ok","ok","high","medium","high","ok","ok","ok","true","C6","C6: Below 3.0°C","MESSAGEix-GLOBIOM_1.1","EN_INDCi2030_3000_COV","15.449488309151278","78.29885441077543","5.59709235063488","1.6722077545592242","105.97547649271729","2.598153254977989","2.598695255884256",
"225","ENGAGE-INDCi2030-3000-COV","MESSAGEix-GLOBIOM 1.1","Final Energy|Residential and Commercial|Electricity","EJ/yr","[object Object]",2020,6.876363800533014,"2.598695255884256","2.598153254977989","2100","105.97547649271729","2955.57500099004","GW6","failed","medium","ok","ok","ok","ok","high","medium","high","ok","ok","ok","true","C6","C6: Below 3.0°C","MESSAGEix-GLOBIOM_1.1","EN_INDCi2030_3000_COV","15.449488309151278","78.29885441077543","5.59709235063488","1.6722077545592242","105.97547649271729","2.598153254977989","2.598695255884256",
"225","ENGAGE-INDCi2030-3000-COV","MESSAGEix-GLOBIOM 1.1","Final Energy|Residential and Commercial|Electricity","EJ/yr","[object Object]",2025,7.199370774612365,"2.598695255884256","2.598153254977989","2100","105.97547649271729","2955.57500099004","GW6","failed","medium","ok","ok","ok","ok","high","medium","high","ok","ok","ok","true","C6","C6: Below 3.0°C","MESSAGEix-GLOBIOM_1.1","EN_INDCi2030_3000_COV","15.449488309151278","78.29885441077543","5.59709235063488","1.6722077545592242","105.97547649271729","2.598153254977989","2.598695255884256",
"225","ENGAGE-INDCi2030-3000-COV","MESSAGEix-GLOBIOM 1.1","Final Energy|Residential and Commercial|Electricity","EJ/yr","[object Object]",2030,7.573014962405104,"2.598695255884256","2.598153254977989","2100","105.97547649271729","2955.57500099004","GW6","failed","medium","ok","ok","ok","ok","high","medium","high","ok","ok","ok","true","C6","C6: Below 3.0°C","MESSAGEix-GLOBIOM_1.1","EN_INDCi2030_3000_COV","15.449488309151278","78.29885441077543","5.59709235063488","1.6722077545592242","105.97547649271729","2.598153254977989","2.598695255884256",
"225","ENGAGE-INDCi2030-3000-COV","MESSAGEix-GLOBIOM 1.1","Final Energy|Residential and Commercial|Electricity","EJ/yr","[object Object]",2035,8.446051226572305,"2.598695255884256","2.598153254977989","2100","105.97547649271729","2955.57500099004","GW6","failed","medium","ok","ok","ok","ok","high","medium","high","ok","ok","ok","true","C6","C6: Below 3.0°C","MESSAGEix-GLOBIOM_1.1","EN_INDCi2030_3000_COV","15.449488309151278","78.29885441077543","5.59709235063488","1.6722077545592242","105.97547649271729","2.598153254977989","2.598695255884256",
"225","ENGAGE-INDCi2030-3000-COV","MESSAGEix-GLOBIOM 1.1","Final Energy|Residential and Commercial|Electricity","EJ/yr","[object Object]",2040,9.369229786970626,"2.598695255884256","2.598153254977989","2100","105.97547649271729","2955.57500099004","GW6","failed","medium","ok","ok","ok","ok","high","medium","high","ok","ok","ok","true","C6","C6: Below 3.0°C","MESSAGEix-GLOBIOM_1.1","EN_INDCi2030_3000_COV","15.449488309151278","78.29885441077543","5.59709235063488","1.6722077545592242","105.97547649271729","2.598153254977989","2.598695255884256",
"225","ENGAGE-INDCi2030-3000-COV","MESSAGEix-GLOBIOM 1.1","Final Energy|Residential and Commercial|Electricity","EJ/yr","[object Object]",2045,10.33108967876072,"2.598695255884256","2.598153254977989","2100","105.97547649271729","2955.57500099004","GW6","failed","medium","ok","ok","ok","ok","high","medium","high","ok","ok","ok","true","C6","C6: Below 3.0°C","MESSAGEix-GLOBIOM_1.1","EN_INDCi2030_3000_COV","15.449488309151278","78.29885441077543","5.59709235063488","1.6722077545592242","105.97547649271729","2.598153254977989","2.598695255884256",
"225","ENGAGE-INDCi2030-3000-COV","MESSAGEix-GLOBIOM 1.1","Final Energy|Residential and Commercial|Electricity","EJ/yr","[object Object]",2050,11.197452185768784,"2.598695255884256","2.598153254977989","2100","105.97547649271729","2955.57500099004","GW6","failed","medium","ok","ok","ok","ok","high","medium","high","ok","ok","ok","true","C6","C6: Below 3.0°C","MESSAGEix-GLOBIOM_1.1","EN_INDCi2030_3000_COV","15.449488309151278","78.29885441077543","5.59709235063488","1.6722077545592242","105.97547649271729","2.598153254977989","2.598695255884256",
"225","ENGAGE-INDCi2030-3000-COV","MESSAGEix-GLOBIOM 1.1","Final Energy|Residential and Commercial|Electricity","EJ/yr","[object Object]",2055,12.05427599236631,"2.598695255884256","2.598153254977989","2100","105.97547649271729","2955.57500099004","GW6","failed","medium","ok","ok","ok","ok","high","medium","high","ok","ok","ok","true","C6","C6: Below 3.0°C","MESSAGEix-GLOBIOM_1.1","EN_INDCi2030_3000_COV","15.449488309151278","78.29885441077543","5.59709235063488","1.6722077545592242","105.97547649271729","2.598153254977989","2.598695255884256",
"225","ENGAGE-INDCi2030-3000-COV","MESSAGEix-GLOBIOM 1.1","Final Energy|Residential and Commercial|Electricity","EJ/yr","[object Object]",2060,12.80886961929028,"2.598695255884256","2.598153254977989","2100","105.97547649271729","2955.57500099004","GW6","failed","medium","ok","ok","ok","ok","high","medium","high","ok","ok","ok","true","C6","C6: Below 3.0°C","MESSAGEix-GLOBIOM_1.1","EN_INDCi2030_3000_COV","15.449488309151278","78.29885441077543","5.59709235063488","1.6722077545592242","105.97547649271729","2.598153254977989","2.598695255884256",
"225","ENGAGE-INDCi2030-3000-COV","MESSAGEix-GLOBIOM 1.1","Final Energy|Residential and Commercial|Electricity","EJ/yr","[object Object]",2070,15.51192087388198,"2.598695255884256","2.598153254977989","2100","105.97547649271729","2955.57500099004","GW6","failed","medium","ok","ok","ok","ok","high","medium","high","ok","ok","ok","true","C6","C6: Below 3.0°C","MESSAGEix-GLOBIOM_1.1","EN_INDCi2030_3000_COV","15.449488309151278","78.29885441077543","5.59709235063488","1.6722077545592242","105.97547649271729","2.598153254977989","2.598695255884256",
"225","ENGAGE-INDCi2030-3000-COV","MESSAGEix-GLOBIOM 1.1","Final Energy|Residential and Commercial|Electricity","EJ/yr","[object Object]",2080,17.96715297945453,"2.598695255884256","2.598153254977989","2100","105.97547649271729","2955.57500099004","GW6","failed","medium","ok","ok","ok","ok","high","medium","high","ok","ok","ok","true","C6","C6: Below 3.0°C","MESSAGEix-GLOBIOM_1.1","EN_INDCi2030_3000_COV","15.449488309151278","78.29885441077543","5.59709235063488","1.6722077545592242","105.97547649271729","2.598153254977989","2.598695255884256",
"225","ENGAGE-INDCi2030-3000-COV","MESSAGEix-GLOBIOM 1.1","Final Energy|Residential and Commercial|Electricity","EJ/yr","[object Object]",2090,20.36571996031027,"2.598695255884256","2.598153254977989","2100","105.97547649271729","2955.57500099004","GW6","failed","medium","ok","ok","ok","ok","high","medium","high","ok","ok","ok","true","C6","C6: Below 3.0°C","MESSAGEix-GLOBIOM_1.1","EN_INDCi2030_3000_COV","15.449488309151278","78.29885441077543","5.59709235063488","1.6722077545592242","105.97547649271729","2.598153254977989","2.598695255884256",
"225","ENGAGE-INDCi2030-3000-COV","MESSAGEix-GLOBIOM 1.1","Final Energy|Residential and Commercial|Electricity","EJ/yr","[object Object]",2100,23.23943673097662,"2.598695255884256","2.598153254977989","2100","105.97547649271729","2955.57500099004","GW6","failed","medium","ok","ok","ok","ok","high","medium","high","ok","ok","ok","true","C6","C6: Below 3.0°C","MESSAGEix-GLOBIOM_1.1","EN_INDCi2030_3000_COV","15.449488309151278","78.29885441077543","5.59709235063488","1.6722077545592242","105.97547649271729","2.598153254977989","2.598695255884256",
"226","ENGAGE-INDCi2030-3000-COV-NDCp","MESSAGEix-GLOBIOM 1.1","Final Energy|Residential and Commercial|Electricity","EJ/yr","[object Object]",2010,7.155450464790536,"2.596596339743547","2.59652655106452","2100","105.55658778717489","2953.712423851674","GW6","failed","medium","ok","ok","ok","ok","medium","medium","medium","ok","ok","ok","true","C6","C6: Below 3.0°C","MESSAGEix-GLOBIOM_1.1","EN_INDCi2030_3000_COV_NDCp","16.25352946022277","77.3955635133192","5.686052857233118","1.5522933513252894","105.55658778717489","2.59652655106452","2.596596339743547",
"226","ENGAGE-INDCi2030-3000-COV-NDCp","MESSAGEix-GLOBIOM 1.1","Final Energy|Residential and Commercial|Electricity","EJ/yr","[object Object]",2015,6.950679227102198,"2.596596339743547","2.59652655106452","2100","105.55658778717489","2953.712423851674","GW6","failed","medium","ok","ok","ok","ok","medium","medium","medium","ok","ok","ok","true","C6","C6: Below 3.0°C","MESSAGEix-GLOBIOM_1.1","EN_INDCi2030_3000_COV_NDCp","16.25352946022277","77.3955635133192","5.686052857233118","1.5522933513252894","105.55658778717489","2.59652655106452","2.596596339743547",
"226","ENGAGE-INDCi2030-3000-COV-NDCp","MESSAGEix-GLOBIOM 1.1","Final Energy|Residential and Commercial|Electricity","EJ/yr","[object Object]",2020,6.876363800533014,"2.596596339743547","2.59652655106452","2100","105.55658778717489","2953.712423851674","GW6","failed","medium","ok","ok","ok","ok","medium","medium","medium","ok","ok","ok","true","C6","C6: Below 3.0°C","MESSAGEix-GLOBIOM_1.1","EN_INDCi2030_3000_COV_NDCp","16.25352946022277","77.3955635133192","5.686052857233118","1.5522933513252894","105.55658778717489","2.59652655106452","2.596596339743547",
"226","ENGAGE-INDCi2030-3000-COV-NDCp","MESSAGEix-GLOBIOM 1.1","Final Energy|Residential and Commercial|Electricity","EJ/yr","[object Object]",2025,7.123268728997647,"2.596596339743547","2.59652655106452","2100","105.55658778717489","2953.712423851674","GW6","failed","medium","ok","ok","ok","ok","medium","medium","medium","ok","ok","ok","true","C6","C6: Below 3.0°C","MESSAGEix-GLOBIOM_1.1","EN_INDCi2030_3000_COV_NDCp","16.25352946022277","77.3955635133192","5.686052857233118","1.5522933513252894","105.55658778717489","2.59652655106452","2.596596339743547",
"226","ENGAGE-INDCi2030-3000-COV-NDCp","MESSAGEix-GLOBIOM 1.1","Final Energy|Residential and Commercial|Electricity","EJ/yr","[object Object]",2030,7.920904431558097,"2.596596339743547","2.59652655106452","2100","105.55658778717489","2953.712423851674","GW6","failed","medium","ok","ok","ok","ok","medium","medium","medium","ok","ok","ok","true","C6","C6: Below 3.0°C","MESSAGEix-GLOBIOM_1.1","EN_INDCi2030_3000_COV_NDCp","16.25352946022277","77.3955635133192","5.686052857233118","1.5522933513252894","105.55658778717489","2.59652655106452","2.596596339743547",
"226","ENGAGE-INDCi2030-3000-COV-NDCp","MESSAGEix-GLOBIOM 1.1","Final Energy|Residential and Commercial|Electricity","EJ/yr","[object Object]",2035,8.799246146931313,"2.596596339743547","2.59652655106452","2100","105.55658778717489","2953.712423851674","GW6","failed","medium","ok","ok","ok","ok","medium","medium","medium","ok","ok","ok","true","C6","C6: Below 3.0°C","MESSAGEix-GLOBIOM_1.1","EN_INDCi2030_3000_COV_NDCp","16.25352946022277","77.3955635133192","5.686052857233118","1.5522933513252894","105.55658778717489","2.59652655106452","2.596596339743547",
"226","ENGAGE-INDCi2030-3000-COV-NDCp","MESSAGEix-GLOBIOM 1.1","Final Energy|Residential and Commercial|Electricity","EJ/yr","[object Object]",2040,9.467378411463478,"2.596596339743547","2.59652655106452","2100","105.55658778717489","2953.712423851674","GW6","failed","medium","ok","ok","ok","ok","medium","medium","medium","ok","ok","ok","true","C6","C6: Below 3.0°C","MESSAGEix-GLOBIOM_1.1","EN_INDCi2030_3000_COV_NDCp","16.25352946022277","77.3955635133192","5.686052857233118","1.5522933513252894","105.55658778717489","2.59652655106452","2.596596339743547",
"226","ENGAGE-INDCi2030-3000-COV-NDCp","MESSAGEix-GLOBIOM 1.1","Final Energy|Residential and Commercial|Electricity","EJ/yr","[object Object]",2045,10.32630197065814,"2.596596339743547","2.59652655106452","2100","105.55658778717489","2953.712423851674","GW6","failed","medium","ok","ok","ok","ok","medium","medium","medium","ok","ok","ok","true","C6","C6: Below 3.0°C","MESSAGEix-GLOBIOM_1.1","EN_INDCi2030_3000_COV_NDCp","16.25352946022277","77.3955635133192","5.686052857233118","1.5522933513252894","105.55658778717489","2.59652655106452","2.596596339743547",
"226","ENGAGE-INDCi2030-3000-COV-NDCp","MESSAGEix-GLOBIOM 1.1","Final Energy|Residential and Commercial|Electricity","EJ/yr","[object Object]",2050,11.194533893986742,"2.596596339743547","2.59652655106452","2100","105.55658778717489","2953.712423851674","GW6","failed","medium","ok","ok","ok","ok","medium","medium","medium","ok","ok","ok","true","C6","C6: Below 3.0°C","MESSAGEix-GLOBIOM_1.1","EN_INDCi2030_3000_COV_NDCp","16.25352946022277","77.3955635133192","5.686052857233118","1.5522933513252894","105.55658778717489","2.59652655106452","2.596596339743547",
"226","ENGAGE-INDCi2030-3000-COV-NDCp","MESSAGEix-GLOBIOM 1.1","Final Energy|Residential and Commercial|Electricity","EJ/yr","[object Object]",2055,12.05349809027301,"2.596596339743547","2.59652655106452","2100","105.55658778717489","2953.712423851674","GW6","failed","medium","ok","ok","ok","ok","medium","medium","medium","ok","ok","ok","true","C6","C6: Below 3.0°C","MESSAGEix-GLOBIOM_1.1","EN_INDCi2030_3000_COV_NDCp","16.25352946022277","77.3955635133192","5.686052857233118","1.5522933513252894","105.55658778717489","2.59652655106452","2.596596339743547",
"226","ENGAGE-INDCi2030-3000-COV-NDCp","MESSAGEix-GLOBIOM 1.1","Final Energy|Residential and Commercial|Electricity","EJ/yr","[object Object]",2060,12.810776502995752,"2.596596339743547","2.59652655106452","2100","105.55658778717489","2953.712423851674","GW6","failed","medium","ok","ok","ok","ok","medium","medium","medium","ok","ok","ok","true","C6","C6: Below 3.0°C","MESSAGEix-GLOBIOM_1.1","EN_INDCi2030_3000_COV_NDCp","16.25352946022277","77.3955635133192","5.686052857233118","1.5522933513252894","105.55658778717489","2.59652655106452","2.596596339743547",
"226","ENGAGE-INDCi2030-3000-COV-NDCp","MESSAGEix-GLOBIOM 1.1","Final Energy|Residential and Commercial|Electricity","EJ/yr","[object Object]",2070,15.519119801318432,"2.596596339743547","2.59652655106452","2100","105.55658778717489","2953.712423851674","GW6","failed","medium","ok","ok","ok","ok","medium","medium","medium","ok","ok","ok","true","C6","C6: Below 3.0°C","MESSAGEix-GLOBIOM_1.1","EN_INDCi2030_3000_COV_NDCp","16.25352946022277","77.3955635133192","5.686052857233118","1.5522933513252894","105.55658778717489","2.59652655106452","2.596596339743547",
"226","ENGAGE-INDCi2030-3000-COV-NDCp","MESSAGEix-GLOBIOM 1.1","Final Energy|Residential and Commercial|Electricity","EJ/yr","[object Object]",2080,17.956788658859928,"2.596596339743547","2.59652655106452","2100","105.55658778717489","2953.712423851674","GW6","failed","medium","ok","ok","ok","ok","medium","medium","medium","ok","ok","ok","true","C6","C6: Below 3.0°C","MESSAGEix-GLOBIOM_1.1","EN_INDCi2030_3000_COV_NDCp","16.25352946022277","77.3955635133192","5.686052857233118","1.5522933513252894","105.55658778717489","2.59652655106452","2.596596339743547",
"226","ENGAGE-INDCi2030-3000-COV-NDCp","MESSAGEix-GLOBIOM 1.1","Final Energy|Residential and Commercial|Electricity","EJ/yr","[object Object]",2090,20.32903265730287,"2.596596339743547","2.59652655106452","2100","105.55658778717489","2953.712423851674","GW6","failed","medium","ok","ok","ok","ok","medium","medium","medium","ok","ok","ok","true","C6","C6: Below 3.0°C","MESSAGEix-GLOBIOM_1.1","EN_INDCi2030_3000_COV_NDCp","16.25352946022277","77.3955635133192","5.686052857233118","1.5522933513252894","105.55658778717489","2.59652655106452","2.596596339743547",
"226","ENGAGE-INDCi2030-3000-COV-NDCp","MESSAGEix-GLOBIOM 1.1","Final Energy|Residential and Commercial|Electricity","EJ/yr","[object Object]",2100,23.0951387588439,"2.596596339743547","2.59652655106452","2100","105.55658778717489","2953.712423851674","GW6","failed","medium","ok","ok","ok","ok","medium","medium","medium","ok","ok","ok","true","C6","C6: Below 3.0°C","MESSAGEix-GLOBIOM_1.1","EN_INDCi2030_3000_COV_NDCp","16.25352946022277","77.3955635133192","5.686052857233118","1.5522933513252894","105.55658778717489","2.59652655106452","2.596596339743547",
"227","ENGAGE-INDCi2030-3000-NDCp","MESSAGEix-GLOBIOM 1.1","Final Energy|Residential and Commercial|Electricity","EJ/yr","[object Object]",2010,7.155450464790536,"2.599990555504095","2.599705763667442","2100","138.97508703696354","2957.4118436920467","GW6","failed","ok","ok","ok","ok","ok","medium","medium","medium","ok","ok","ok","true","C6","C6: Below 3.0°C","MESSAGEix-GLOBIOM_1.1","EN_INDCi2030_3000_NDCp","17.215479831092697","76.10953792160919","5.9762834949845","1.7429092526804908","138.97508703696354","2.599705763667442","2.599990555504095",
"227","ENGAGE-INDCi2030-3000-NDCp","MESSAGEix-GLOBIOM 1.1","Final Energy|Residential and Commercial|Electricity","EJ/yr","[object Object]",2015,6.950679227102198,"2.599990555504095","2.599705763667442","2100","138.97508703696354","2957.4118436920467","GW6","failed","ok","ok","ok","ok","ok","medium","medium","medium","ok","ok","ok","true","C6","C6: Below 3.0°C","MESSAGEix-GLOBIOM_1.1","EN_INDCi2030_3000_NDCp","17.215479831092697","76.10953792160919","5.9762834949845","1.7429092526804908","138.97508703696354","2.599705763667442","2.599990555504095",
"227","ENGAGE-INDCi2030-3000-NDCp","MESSAGEix-GLOBIOM 1.1","Final Energy|Residential and Commercial|Electricity","EJ/yr","[object Object]",2020,7.692261242931078,"2.599990555504095","2.599705763667442","2100","138.97508703696354","2957.4118436920467","GW6","failed","ok","ok","ok","ok","ok","medium","medium","medium","ok","ok","ok","true","C6","C6: Below 3.0°C","MESSAGEix-GLOBIOM_1.1","EN_INDCi2030_3000_NDCp","17.215479831092697","76.10953792160919","5.9762834949845","1.7429092526804908","138.97508703696354","2.599705763667442","2.599990555504095",
"227","ENGAGE-INDCi2030-3000-NDCp","MESSAGEix-GLOBIOM 1.1","Final Energy|Residential and Commercial|Electricity","EJ/yr","[object Object]",2025,7.762975406738223,"2.599990555504095","2.599705763667442","2100","138.97508703696354","2957.4118436920467","GW6","failed","ok","ok","ok","ok","ok","medium","medium","medium","ok","ok","ok","true","C6","C6: Below 3.0°C","MESSAGEix-GLOBIOM_1.1","EN_INDCi2030_3000_NDCp","17.215479831092697","76.10953792160919","5.9762834949845","1.7429092526804908","138.97508703696354","2.599705763667442","2.599990555504095",
"227","ENGAGE-INDCi2030-3000-NDCp","MESSAGEix-GLOBIOM 1.1","Final Energy|Residential and Commercial|Electricity","EJ/yr","[object Object]",2030,8.606576984641627,"2.599990555504095","2.599705763667442","2100","138.97508703696354","2957.4118436920467","GW6","failed","ok","ok","ok","ok","ok","medium","medium","medium","ok","ok","ok","true","C6","C6: Below 3.0°C","MESSAGEix-GLOBIOM_1.1","EN_INDCi2030_3000_NDCp","17.215479831092697","76.10953792160919","5.9762834949845","1.7429092526804908","138.97508703696354","2.599705763667442","2.599990555504095",
"227","ENGAGE-INDCi2030-3000-NDCp","MESSAGEix-GLOBIOM 1.1","Final Energy|Residential and Commercial|Electricity","EJ/yr","[object Object]",2035,8.71073846568356,"2.599990555504095","2.599705763667442","2100","138.97508703696354","2957.4118436920467","GW6","failed","ok","ok","ok","ok","ok","medium","medium","medium","ok","ok","ok","true","C6","C6: Below 3.0°C","MESSAGEix-GLOBIOM_1.1","EN_INDCi2030_3000_NDCp","17.215479831092697","76.10953792160919","5.9762834949845","1.7429092526804908","138.97508703696354","2.599705763667442","2.599990555504095",
"227","ENGAGE-INDCi2030-3000-NDCp","MESSAGEix-GLOBIOM 1.1","Final Energy|Residential and Commercial|Electricity","EJ/yr","[object Object]",2040,9.262086240183176,"2.599990555504095","2.599705763667442","2100","138.97508703696354","2957.4118436920467","GW6","failed","ok","ok","ok","ok","ok","medium","medium","medium","ok","ok","ok","true","C6","C6: Below 3.0°C","MESSAGEix-GLOBIOM_1.1","EN_INDCi2030_3000_NDCp","17.215479831092697","76.10953792160919","5.9762834949845","1.7429092526804908","138.97508703696354","2.599705763667442","2.599990555504095",
"227","ENGAGE-INDCi2030-3000-NDCp","MESSAGEix-GLOBIOM 1.1","Final Energy|Residential and Commercial|Electricity","EJ/yr","[object Object]",2045,9.599755515123832,"2.599990555504095","2.599705763667442","2100","138.97508703696354","2957.4118436920467","GW6","failed","ok","ok","ok","ok","ok","medium","medium","medium","ok","ok","ok","true","C6","C6: Below 3.0°C","MESSAGEix-GLOBIOM_1.1","EN_INDCi2030_3000_NDCp","17.215479831092697","76.10953792160919","5.9762834949845","1.7429092526804908","138.97508703696354","2.599705763667442","2.599990555504095",
"227","ENGAGE-INDCi2030-3000-NDCp","MESSAGEix-GLOBIOM 1.1","Final Energy|Residential and Commercial|Electricity","EJ/yr","[object Object]",2050,10.44734970010093,"2.599990555504095","2.599705763667442","2100","138.97508703696354","2957.4118436920467","GW6","failed","ok","ok","ok","ok","ok","medium","medium","medium","ok","ok","ok","true","C6","C6: Below 3.0°C","MESSAGEix-GLOBIOM_1.1","EN_INDCi2030_3000_NDCp","17.215479831092697","76.10953792160919","5.9762834949845","1.7429092526804908","138.97508703696354","2.599705763667442","2.599990555504095",
"227","ENGAGE-INDCi2030-3000-NDCp","MESSAGEix-GLOBIOM 1.1","Final Energy|Residential and Commercial|Electricity","EJ/yr","[object Object]",2055,11.348203936913354,"2.599990555504095","2.599705763667442","2100","138.97508703696354","2957.4118436920467","GW6","failed","ok","ok","ok","ok","ok","medium","medium","medium","ok","ok","ok","true","C6","C6: Below 3.0°C","MESSAGEix-GLOBIOM_1.1","EN_INDCi2030_3000_NDCp","17.215479831092697","76.10953792160919","5.9762834949845","1.7429092526804908","138.97508703696354","2.599705763667442","2.599990555504095",
"227","ENGAGE-INDCi2030-3000-NDCp","MESSAGEix-GLOBIOM 1.1","Final Energy|Residential and Commercial|Electricity","EJ/yr","[object Object]",2060,12.231596487875498,"2.599990555504095","2.599705763667442","2100","138.97508703696354","2957.4118436920467","GW6","failed","ok","ok","ok","ok","ok","medium","medium","medium","ok","ok","ok","true","C6","C6: Below 3.0°C","MESSAGEix-GLOBIOM_1.1","EN_INDCi2030_3000_NDCp","17.215479831092697","76.10953792160919","5.9762834949845","1.7429092526804908","138.97508703696354","2.599705763667442","2.599990555504095",
"227","ENGAGE-INDCi2030-3000-NDCp","MESSAGEix-GLOBIOM 1.1","Final Energy|Residential and Commercial|Electricity","EJ/yr","[object Object]",2070,14.030661410183711,"2.599990555504095","2.599705763667442","2100","138.97508703696354","2957.4118436920467","GW6","failed","ok","ok","ok","ok","ok","medium","medium","medium","ok","ok","ok","true","C6","C6: Below 3.0°C","MESSAGEix-GLOBIOM_1.1","EN_INDCi2030_3000_NDCp","17.215479831092697","76.10953792160919","5.9762834949845","1.7429092526804908","138.97508703696354","2.599705763667442","2.599990555504095",
"227","ENGAGE-INDCi2030-3000-NDCp","MESSAGEix-GLOBIOM 1.1","Final Energy|Residential and Commercial|Electricity","EJ/yr","[object Object]",2080,16.07131654927506,"2.599990555504095","2.599705763667442","2100","138.97508703696354","2957.4118436920467","GW6","failed","ok","ok","ok","ok","ok","medium","medium","medium","ok","ok","ok","true","C6","C6: Below 3.0°C","MESSAGEix-GLOBIOM_1.1","EN_INDCi2030_3000_NDCp","17.215479831092697","76.10953792160919","5.9762834949845","1.7429092526804908","138.97508703696354","2.599705763667442","2.599990555504095",
"227","ENGAGE-INDCi2030-3000-NDCp","MESSAGEix-GLOBIOM 1.1","Final Energy|Residential and Commercial|Electricity","EJ/yr","[object Object]",2090,18.48840257181723,"2.599990555504095","2.599705763667442","2100","138.97508703696354","2957.4118436920467","GW6","failed","ok","ok","ok","ok","ok","medium","medium","medium","ok","ok","ok","true","C6","C6: Below 3.0°C","MESSAGEix-GLOBIOM_1.1","EN_INDCi2030_3000_NDCp","17.215479831092697","76.10953792160919","5.9762834949845","1.7429092526804908","138.97508703696354","2.599705763667442","2.599990555504095",
"227","ENGAGE-INDCi2030-3000-NDCp","MESSAGEix-GLOBIOM 1.1","Final Energy|Residential and Commercial|Electricity","EJ/yr","[object Object]",2100,21.384532529491544,"2.599990555504095","2.599705763667442","2100","138.97508703696354","2957.4118436920467","GW6","failed","ok","ok","ok","ok","ok","medium","medium","medium","ok","ok","ok","true","C6","C6: Below 3.0°C","MESSAGEix-GLOBIOM_1.1","EN_INDCi2030_3000_NDCp","17.215479831092697","76.10953792160919","5.9762834949845","1.7429092526804908","138.97508703696354","2.599705763667442","2.599990555504095",
"228","ENGAGE-INDCi2030-3000f","MESSAGEix-GLOBIOM 1.1","Final Energy|Residential and Commercial|Electricity","EJ/yr","[object Object]",2010,7.155450464790536,"2.601448929017166","2.601448929017166","2100","132.2618014956994","2954.5241889135687","GW6","failed","medium","ok","ok","ok","ok","medium","medium","medium","ok","ok","ok","true","C6","C6: Below 3.0°C","MESSAGEix-GLOBIOM_1.1","EN_INDCi2030_3000f","16.65832839638222","76.74129610079132","5.909486155443864","2.042464699436252","132.2618014956994","2.601448929017166","2.601448929017166",
"228","ENGAGE-INDCi2030-3000f","MESSAGEix-GLOBIOM 1.1","Final Energy|Residential and Commercial|Electricity","EJ/yr","[object Object]",2015,6.950679227102198,"2.601448929017166","2.601448929017166","2100","132.2618014956994","2954.5241889135687","GW6","failed","medium","ok","ok","ok","ok","medium","medium","medium","ok","ok","ok","true","C6","C6: Below 3.0°C","MESSAGEix-GLOBIOM_1.1","EN_INDCi2030_3000f","16.65832839638222","76.74129610079132","5.909486155443864","2.042464699436252","132.2618014956994","2.601448929017166","2.601448929017166",
"228","ENGAGE-INDCi2030-3000f","MESSAGEix-GLOBIOM 1.1","Final Energy|Residential and Commercial|Electricity","EJ/yr","[object Object]",2020,7.692261242931078,"2.601448929017166","2.601448929017166","2100","132.2618014956994","2954.5241889135687","GW6","failed","medium","ok","ok","ok","ok","medium","medium","medium","ok","ok","ok","true","C6","C6: Below 3.0°C","MESSAGEix-GLOBIOM_1.1","EN_INDCi2030_3000f","16.65832839638222","76.74129610079132","5.909486155443864","2.042464699436252","132.2618014956994","2.601448929017166","2.601448929017166",
"228","ENGAGE-INDCi2030-3000f","MESSAGEix-GLOBIOM 1.1","Final Energy|Residential and Commercial|Electricity","EJ/yr","[object Object]",2025,7.852544480606058,"2.601448929017166","2.601448929017166","2100","132.2618014956994","2954.5241889135687","GW6","failed","medium","ok","ok","ok","ok","medium","medium","medium","ok","ok","ok","true","C6","C6: Below 3.0°C","MESSAGEix-GLOBIOM_1.1","EN_INDCi2030_3000f","16.65832839638222","76.74129610079132","5.909486155443864","2.042464699436252","132.2618014956994","2.601448929017166","2.601448929017166",
"228","ENGAGE-INDCi2030-3000f","MESSAGEix-GLOBIOM 1.1","Final Energy|Residential and Commercial|Electricity","EJ/yr","[object Object]",2030,8.42171818358781,"2.601448929017166","2.601448929017166","2100","132.2618014956994","2954.5241889135687","GW6","failed","medium","ok","ok","ok","ok","medium","medium","medium","ok","ok","ok","true","C6","C6: Below 3.0°C","MESSAGEix-GLOBIOM_1.1","EN_INDCi2030_3000f","16.65832839638222","76.74129610079132","5.909486155443864","2.042464699436252","132.2618014956994","2.601448929017166","2.601448929017166",
"228","ENGAGE-INDCi2030-3000f","MESSAGEix-GLOBIOM 1.1","Final Energy|Residential and Commercial|Electricity","EJ/yr","[object Object]",2035,8.514702921644261,"2.601448929017166","2.601448929017166","2100","132.2618014956994","2954.5241889135687","GW6","failed","medium","ok","ok","ok","ok","medium","medium","medium","ok","ok","ok","true","C6","C6: Below 3.0°C","MESSAGEix-GLOBIOM_1.1","EN_INDCi2030_3000f","16.65832839638222","76.74129610079132","5.909486155443864","2.042464699436252","132.2618014956994","2.601448929017166","2.601448929017166",
"228","ENGAGE-INDCi2030-3000f","MESSAGEix-GLOBIOM 1.1","Final Energy|Residential and Commercial|Electricity","EJ/yr","[object Object]",2040,9.239198623728306,"2.601448929017166","2.601448929017166","2100","132.2618014956994","2954.5241889135687","GW6","failed","medium","ok","ok","ok","ok","medium","medium","medium","ok","ok","ok","true","C6","C6: Below 3.0°C","MESSAGEix-GLOBIOM_1.1","EN_INDCi2030_3000f","16.65832839638222","76.74129610079132","5.909486155443864","2.042464699436252","132.2618014956994","2.601448929017166","2.601448929017166",
"228","ENGAGE-INDCi2030-3000f","MESSAGEix-GLOBIOM 1.1","Final Energy|Residential and Commercial|Electricity","EJ/yr","[object Object]",2045,9.585947482947336,"2.601448929017166","2.601448929017166","2100","132.2618014956994","2954.5241889135687","GW6","failed","medium","ok","ok","ok","ok","medium","medium","medium","ok","ok","ok","true","C6","C6: Below 3.0°C","MESSAGEix-GLOBIOM_1.1","EN_INDCi2030_3000f","16.65832839638222","76.74129610079132","5.909486155443864","2.042464699436252","132.2618014956994","2.601448929017166","2.601448929017166",
"228","ENGAGE-INDCi2030-3000f","MESSAGEix-GLOBIOM 1.1","Final Energy|Residential and Commercial|Electricity","EJ/yr","[object Object]",2050,10.430131455772289,"2.601448929017166","2.601448929017166","2100","132.2618014956994","2954.5241889135687","GW6","failed","medium","ok","ok","ok","ok","medium","medium","medium","ok","ok","ok","true","C6","C6: Below 3.0°C","MESSAGEix-GLOBIOM_1.1","EN_INDCi2030_3000f","16.65832839638222","76.74129610079132","5.909486155443864","2.042464699436252","132.2618014956994","2.601448929017166","2.601448929017166",
"228","ENGAGE-INDCi2030-3000f","MESSAGEix-GLOBIOM 1.1","Final Energy|Residential and Commercial|Electricity","EJ/yr","[object Object]",2055,11.326454477963628,"2.601448929017166","2.601448929017166","2100","132.2618014956994","2954.5241889135687","GW6","failed","medium","ok","ok","ok","ok","medium","medium","medium","ok","ok","ok","true","C6","C6: Below 3.0°C","MESSAGEix-GLOBIOM_1.1","EN_INDCi2030_3000f","16.65832839638222","76.74129610079132","5.909486155443864","2.042464699436252","132.2618014956994","2.601448929017166","2.601448929017166",
"228","ENGAGE-INDCi2030-3000f","MESSAGEix-GLOBIOM 1.1","Final Energy|Residential and Commercial|Electricity","EJ/yr","[object Object]",2060,12.213663076984126,"2.601448929017166","2.601448929017166","2100","132.2618014956994","2954.5241889135687","GW6","failed","medium","ok","ok","ok","ok","medium","medium","medium","ok","ok","ok","true","C6","C6: Below 3.0°C","MESSAGEix-GLOBIOM_1.1","EN_INDCi2030_3000f","16.65832839638222","76.74129610079132","5.909486155443864","2.042464699436252","132.2618014956994","2.601448929017166","2.601448929017166",
"228","ENGAGE-INDCi2030-3000f","MESSAGEix-GLOBIOM 1.1","Final Energy|Residential and Commercial|Electricity","EJ/yr","[object Object]",2070,14.007249454602556,"2.601448929017166","2.601448929017166","2100","132.2618014956994","2954.5241889135687","GW6","failed","medium","ok","ok","ok","ok","medium","medium","medium","ok","ok","ok","true","C6","C6: Below 3.0°C","MESSAGEix-GLOBIOM_1.1","EN_INDCi2030_3000f","16.65832839638222","76.74129610079132","5.909486155443864","2.042464699436252","132.2618014956994","2.601448929017166","2.601448929017166",
"228","ENGAGE-INDCi2030-3000f","MESSAGEix-GLOBIOM 1.1","Final Energy|Residential and Commercial|Electricity","EJ/yr","[object Object]",2080,16.06127053159622,"2.601448929017166","2.601448929017166","2100","132.2618014956994","2954.5241889135687","GW6","failed","medium","ok","ok","ok","ok","medium","medium","medium","ok","ok","ok","true","C6","C6: Below 3.0°C","MESSAGEix-GLOBIOM_1.1","EN_INDCi2030_3000f","16.65832839638222","76.74129610079132","5.909486155443864","2.042464699436252","132.2618014956994","2.601448929017166","2.601448929017166",
"228","ENGAGE-INDCi2030-3000f","MESSAGEix-GLOBIOM 1.1","Final Energy|Residential and Commercial|Electricity","EJ/yr","[object Object]",2090,18.490785317472195,"2.601448929017166","2.601448929017166","2100","132.2618014956994","2954.5241889135687","GW6","failed","medium","ok","ok","ok","ok","medium","medium","medium","ok","ok","ok","true","C6","C6: Below 3.0°C","MESSAGEix-GLOBIOM_1.1","EN_INDCi2030_3000f","16.65832839638222","76.74129610079132","5.909486155443864","2.042464699436252","132.2618014956994","2.601448929017166","2.601448929017166",
"228","ENGAGE-INDCi2030-3000f","MESSAGEix-GLOBIOM 1.1","Final Energy|Residential and Commercial|Electricity","EJ/yr","[object Object]",2100,21.392983666121737,"2.601448929017166","2.601448929017166","2100","132.2618014956994","2954.5241889135687","GW6","failed","medium","ok","ok","ok","ok","medium","medium","medium","ok","ok","ok","true","C6","C6: Below 3.0°C","MESSAGEix-GLOBIOM_1.1","EN_INDCi2030_3000f","16.65832839638222","76.74129610079132","5.909486155443864","2.042464699436252","132.2618014956994","2.601448929017166","2.601448929017166",
"229","ENGAGE-INDCi2030-3000f-COV","MESSAGEix-GLOBIOM 1.1","Final Energy|Residential and Commercial|Electricity","EJ/yr","[object Object]",2010,7.155450464790536,"2.601425294193568","2.601425294193568","2100","104.84458654946292","2961.3229163664055","GW6","failed","medium","ok","ok","ok","ok","high","medium","high","ok","ok","ok","true","C6","C6: Below 3.0°C","MESSAGEix-GLOBIOM_1.1","EN_INDCi2030_3000f_COV","15.45500299295366","78.29124330052724","5.598969275728156","1.6704715725425672","104.84458654946292","2.601425294193568","2.601425294193568",
"229","ENGAGE-INDCi2030-3000f-COV","MESSAGEix-GLOBIOM 1.1","Final Energy|Residential and Commercial|Electricity","EJ/yr","[object Object]",2015,6.950679227102198,"2.601425294193568","2.601425294193568","2100","104.84458654946292","2961.3229163664055","GW6","failed","medium","ok","ok","ok","ok","high","medium","high","ok","ok","ok","true","C6","C6: Below 3.0°C","MESSAGEix-GLOBIOM_1.1","EN_INDCi2030_3000f_COV","15.45500299295366","78.29124330052724","5.598969275728156","1.6704715725425672","104.84458654946292","2.601425294193568","2.601425294193568",
"229","ENGAGE-INDCi2030-3000f-COV","MESSAGEix-GLOBIOM 1.1","Final Energy|Residential and Commercial|Electricity","EJ/yr","[object Object]",2020,6.876363800533014,"2.601425294193568","2.601425294193568","2100","104.84458654946292","2961.3229163664055","GW6","failed","medium","ok","ok","ok","ok","high","medium","high","ok","ok","ok","true","C6","C6: Below 3.0°C","MESSAGEix-GLOBIOM_1.1","EN_INDCi2030_3000f_COV","15.45500299295366","78.29124330052724","5.598969275728156","1.6704715725425672","104.84458654946292","2.601425294193568","2.601425294193568",
"229","ENGAGE-INDCi2030-3000f-COV","MESSAGEix-GLOBIOM 1.1","Final Energy|Residential and Commercial|Electricity","EJ/yr","[object Object]",2025,7.199370774612365,"2.601425294193568","2.601425294193568","2100","104.84458654946292","2961.3229163664055","GW6","failed","medium","ok","ok","ok","ok","high","medium","high","ok","ok","ok","true","C6","C6: Below 3.0°C","MESSAGEix-GLOBIOM_1.1","EN_INDCi2030_3000f_COV","15.45500299295366","78.29124330052724","5.598969275728156","1.6704715725425672","104.84458654946292","2.601425294193568","2.601425294193568",
"229","ENGAGE-INDCi2030-3000f-COV","MESSAGEix-GLOBIOM 1.1","Final Energy|Residential and Commercial|Electricity","EJ/yr","[object Object]",2030,7.573014962405104,"2.601425294193568","2.601425294193568","2100","104.84458654946292","2961.3229163664055","GW6","failed","medium","ok","ok","ok","ok","high","medium","high","ok","ok","ok","true","C6","C6: Below 3.0°C","MESSAGEix-GLOBIOM_1.1","EN_INDCi2030_3000f_COV","15.45500299295366","78.29124330052724","5.598969275728156","1.6704715725425672","104.84458654946292","2.601425294193568","2.601425294193568",
"229","ENGAGE-INDCi2030-3000f-COV","MESSAGEix-GLOBIOM 1.1","Final Energy|Residential and Commercial|Electricity","EJ/yr","[object Object]",2035,8.445547819609803,"2.601425294193568","2.601425294193568","2100","104.84458654946292","2961.3229163664055","GW6","failed","medium","ok","ok","ok","ok","high","medium","high","ok","ok","ok","true","C6","C6: Below 3.0°C","MESSAGEix-GLOBIOM_1.1","EN_INDCi2030_3000f_COV","15.45500299295366","78.29124330052724","5.598969275728156","1.6704715725425672","104.84458654946292","2.601425294193568","2.601425294193568",
"229","ENGAGE-INDCi2030-3000f-COV","MESSAGEix-GLOBIOM 1.1","Final Energy|Residential and Commercial|Electricity","EJ/yr","[object Object]",2040,9.367627596568894,"2.601425294193568","2.601425294193568","2100","104.84458654946292","2961.3229163664055","GW6","failed","medium","ok","ok","ok","ok","high","medium","high","ok","ok","ok","true","C6","C6: Below 3.0°C","MESSAGEix-GLOBIOM_1.1","EN_INDCi2030_3000f_COV","15.45500299295366","78.29124330052724","5.598969275728156","1.6704715725425672","104.84458654946292","2.601425294193568","2.601425294193568",
"229","ENGAGE-INDCi2030-3000f-COV","MESSAGEix-GLOBIOM 1.1","Final Energy|Residential and Commercial|Electricity","EJ/yr","[object Object]",2045,10.327429818845747,"2.601425294193568","2.601425294193568","2100","104.84458654946292","2961.3229163664055","GW6","failed","medium","ok","ok","ok","ok","high","medium","high","ok","ok","ok","true","C6","C6: Below 3.0°C","MESSAGEix-GLOBIOM_1.1","EN_INDCi2030_3000f_COV","15.45500299295366","78.29124330052724","5.598969275728156","1.6704715725425672","104.84458654946292","2.601425294193568","2.601425294193568",
"229","ENGAGE-INDCi2030-3000f-COV","MESSAGEix-GLOBIOM 1.1","Final Energy|Residential and Commercial|Electricity","EJ/yr","[object Object]",2050,11.192663856463886,"2.601425294193568","2.601425294193568","2100","104.84458654946292","2961.3229163664055","GW6","failed","medium","ok","ok","ok","ok","high","medium","high","ok","ok","ok","true","C6","C6: Below 3.0°C","MESSAGEix-GLOBIOM_1.1","EN_INDCi2030_3000f_COV","15.45500299295366","78.29124330052724","5.598969275728156","1.6704715725425672","104.84458654946292","2.601425294193568","2.601425294193568",
"229","ENGAGE-INDCi2030-3000f-COV","MESSAGEix-GLOBIOM 1.1","Final Energy|Residential and Commercial|Electricity","EJ/yr","[object Object]",2055,12.044888856936725,"2.601425294193568","2.601425294193568","2100","104.84458654946292","2961.3229163664055","GW6","failed","medium","ok","ok","ok","ok","high","medium","high","ok","ok","ok","true","C6","C6: Below 3.0°C","MESSAGEix-GLOBIOM_1.1","EN_INDCi2030_3000f_COV","15.45500299295366","78.29124330052724","5.598969275728156","1.6704715725425672","104.84458654946292","2.601425294193568","2.601425294193568",
"229","ENGAGE-INDCi2030-3000f-COV","MESSAGEix-GLOBIOM 1.1","Final Energy|Residential and Commercial|Electricity","EJ/yr","[object Object]",2060,12.796634771848677,"2.601425294193568","2.601425294193568","2100","104.84458654946292","2961.3229163664055","GW6","failed","medium","ok","ok","ok","ok","high","medium","high","ok","ok","ok","true","C6","C6: Below 3.0°C","MESSAGEix-GLOBIOM_1.1","EN_INDCi2030_3000f_COV","15.45500299295366","78.29124330052724","5.598969275728156","1.6704715725425672","104.84458654946292","2.601425294193568","2.601425294193568",
"229","ENGAGE-INDCi2030-3000f-COV","MESSAGEix-GLOBIOM 1.1","Final Energy|Residential and Commercial|Electricity","EJ/yr","[object Object]",2070,15.502824898484196,"2.601425294193568","2.601425294193568","2100","104.84458654946292","2961.3229163664055","GW6","failed","medium","ok","ok","ok","ok","high","medium","high","ok","ok","ok","true","C6","C6: Below 3.0°C","MESSAGEix-GLOBIOM_1.1","EN_INDCi2030_3000f_COV","15.45500299295366","78.29124330052724","5.598969275728156","1.6704715725425672","104.84458654946292","2.601425294193568","2.601425294193568",
"229","ENGAGE-INDCi2030-3000f-COV","MESSAGEix-GLOBIOM 1.1","Final Energy|Residential and Commercial|Electricity","EJ/yr","[object Object]",2080,17.95784813921597,"2.601425294193568","2.601425294193568","2100","104.84458654946292","2961.3229163664055","GW6","failed","medium","ok","ok","ok","ok","high","medium","high","ok","ok","ok","true","C6","C6: Below 3.0°C","MESSAGEix-GLOBIOM_1.1","EN_INDCi2030_3000f_COV","15.45500299295366","78.29124330052724","5.598969275728156","1.6704715725425672","104.84458654946292","2.601425294193568","2.601425294193568",
"229","ENGAGE-INDCi2030-3000f-COV","MESSAGEix-GLOBIOM 1.1","Final Energy|Residential and Commercial|Electricity","EJ/yr","[object Object]",2090,20.32535809266397,"2.601425294193568","2.601425294193568","2100","104.84458654946292","2961.3229163664055","GW6","failed","medium","ok","ok","ok","ok","high","medium","high","ok","ok","ok","true","C6","C6: Below 3.0°C","MESSAGEix-GLOBIOM_1.1","EN_INDCi2030_3000f_COV","15.45500299295366","78.29124330052724","5.598969275728156","1.6704715725425672","104.84458654946292","2.601425294193568","2.601425294193568",
"229","ENGAGE-INDCi2030-3000f-COV","MESSAGEix-GLOBIOM 1.1","Final Energy|Residential and Commercial|Electricity","EJ/yr","[object Object]",2100,23.115001220095007,"2.601425294193568","2.601425294193568","2100","104.84458654946292","2961.3229163664055","GW6","failed","medium","ok","ok","ok","ok","high","medium","high","ok","ok","ok","true","C6","C6: Below 3.0°C","MESSAGEix-GLOBIOM_1.1","EN_INDCi2030_3000f_COV","15.45500299295366","78.29124330052724","5.598969275728156","1.6704715725425672","104.84458654946292","2.601425294193568","2.601425294193568",
"230","ENGAGE-INDCi2030-3000f-COV-NDCp","MESSAGEix-GLOBIOM 1.1","Final Energy|Residential and Commercial|Electricity","EJ/yr","[object Object]",2010,7.155450464790536,"2.600667521487549","2.600667521487549","2100","101.12171405646238","2960.778667612247","GW6","failed","medium","ok","ok","ok","ok","medium","medium","medium","ok","ok","ok","true","C6","C6: Below 3.0°C","MESSAGEix-GLOBIOM_1.1","EN_INDCi2030_3000f_COV_NDCp","16.249283395858548","77.39864920681741","5.6870917529452685","1.5522933513252894","101.12171405646238","2.600667521487549","2.600667521487549",
"230","ENGAGE-INDCi2030-3000f-COV-NDCp","MESSAGEix-GLOBIOM 1.1","Final Energy|Residential and Commercial|Electricity","EJ/yr","[object Object]",2015,6.950679227102198,"2.600667521487549","2.600667521487549","2100","101.12171405646238","2960.778667612247","GW6","failed","medium","ok","ok","ok","ok","medium","medium","medium","ok","ok","ok","true","C6","C6: Below 3.0°C","MESSAGEix-GLOBIOM_1.1","EN_INDCi2030_3000f_COV_NDCp","16.249283395858548","77.39864920681741","5.6870917529452685","1.5522933513252894","101.12171405646238","2.600667521487549","2.600667521487549",
"230","ENGAGE-INDCi2030-3000f-COV-NDCp","MESSAGEix-GLOBIOM 1.1","Final Energy|Residential and Commercial|Electricity","EJ/yr","[object Object]",2020,6.876363800533014,"2.600667521487549","2.600667521487549","2100","101.12171405646238","2960.778667612247","GW6","failed","medium","ok","ok","ok","ok","medium","medium","medium","ok","ok","ok","true","C6","C6: Below 3.0°C","MESSAGEix-GLOBIOM_1.1","EN_INDCi2030_3000f_COV_NDCp","16.249283395858548","77.39864920681741","5.6870917529452685","1.5522933513252894","101.12171405646238","2.600667521487549","2.600667521487549",
"230","ENGAGE-INDCi2030-3000f-COV-NDCp","MESSAGEix-GLOBIOM 1.1","Final Energy|Residential and Commercial|Electricity","EJ/yr","[object Object]",2025,7.123268728997647,"2.600667521487549","2.600667521487549","2100","101.12171405646238","2960.778667612247","GW6","failed","medium","ok","ok","ok","ok","medium","medium","medium","ok","ok","ok","true","C6","C6: Below 3.0°C","MESSAGEix-GLOBIOM_1.1","EN_INDCi2030_3000f_COV_NDCp","16.249283395858548","77.39864920681741","5.6870917529452685","1.5522933513252894","101.12171405646238","2.600667521487549","2.600667521487549",
"230","ENGAGE-INDCi2030-3000f-COV-NDCp","MESSAGEix-GLOBIOM 1.1","Final Energy|Residential and Commercial|Electricity","EJ/yr","[object Object]",2030,7.920904431558097,"2.600667521487549","2.600667521487549","2100","101.12171405646238","2960.778667612247","GW6","failed","medium","ok","ok","ok","ok","medium","medium","medium","ok","ok","ok","true","C6","C6: Below 3.0°C","MESSAGEix-GLOBIOM_1.1","EN_INDCi2030_3000f_COV_NDCp","16.249283395858548","77.39864920681741","5.6870917529452685","1.5522933513252894","101.12171405646238","2.600667521487549","2.600667521487549",
"230","ENGAGE-INDCi2030-3000f-COV-NDCp","MESSAGEix-GLOBIOM 1.1","Final Energy|Residential and Commercial|Electricity","EJ/yr","[object Object]",2035,8.79880446105566,"2.600667521487549","2.600667521487549","2100","101.12171405646238","2960.778667612247","GW6","failed","medium","ok","ok","ok","ok","medium","medium","medium","ok","ok","ok","true","C6","C6: Below 3.0°C","MESSAGEix-GLOBIOM_1.1","EN_INDCi2030_3000f_COV_NDCp","16.249283395858548","77.39864920681741","5.6870917529452685","1.5522933513252894","101.12171405646238","2.600667521487549","2.600667521487549",
"230","ENGAGE-INDCi2030-3000f-COV-NDCp","MESSAGEix-GLOBIOM 1.1","Final Energy|Residential and Commercial|Electricity","EJ/yr","[object Object]",2040,9.465708755707311,"2.600667521487549","2.600667521487549","2100","101.12171405646238","2960.778667612247","GW6","failed","medium","ok","ok","ok","ok","medium","medium","medium","ok","ok","ok","true","C6","C6: Below 3.0°C","MESSAGEix-GLOBIOM_1.1","EN_INDCi2030_3000f_COV_NDCp","16.249283395858548","77.39864920681741","5.6870917529452685","1.5522933513252894","101.12171405646238","2.600667521487549","2.600667521487549",
"230","ENGAGE-INDCi2030-3000f-COV-NDCp","MESSAGEix-GLOBIOM 1.1","Final Energy|Residential and Commercial|Electricity","EJ/yr","[object Object]",2045,10.32475860642028,"2.600667521487549","2.600667521487549","2100","101.12171405646238","2960.778667612247","GW6","failed","medium","ok","ok","ok","ok","medium","medium","medium","ok","ok","ok","true","C6","C6: Below 3.0°C","MESSAGEix-GLOBIOM_1.1","EN_INDCi2030_3000f_COV_NDCp","16.249283395858548","77.39864920681741","5.6870917529452685","1.5522933513252894","101.12171405646238","2.600667521487549","2.600667521487549",
"230","ENGAGE-INDCi2030-3000f-COV-NDCp","MESSAGEix-GLOBIOM 1.1","Final Energy|Residential and Commercial|Electricity","EJ/yr","[object Object]",2050,11.191147093388883,"2.600667521487549","2.600667521487549","2100","101.12171405646238","2960.778667612247","GW6","failed","medium","ok","ok","ok","ok","medium","medium","medium","ok","ok","ok","true","C6","C6: Below 3.0°C","MESSAGEix-GLOBIOM_1.1","EN_INDCi2030_3000f_COV_NDCp","16.249283395858548","77.39864920681741","5.6870917529452685","1.5522933513252894","101.12171405646238","2.600667521487549","2.600667521487549",
"230","ENGAGE-INDCi2030-3000f-COV-NDCp","MESSAGEix-GLOBIOM 1.1","Final Energy|Residential and Commercial|Electricity","EJ/yr","[object Object]",2055,12.04608210404771,"2.600667521487549","2.600667521487549","2100","101.12171405646238","2960.778667612247","GW6","failed","medium","ok","ok","ok","ok","medium","medium","medium","ok","ok","ok","true","C6","C6: Below 3.0°C","MESSAGEix-GLOBIOM_1.1","EN_INDCi2030_3000f_COV_NDCp","16.249283395858548","77.39864920681741","5.6870917529452685","1.5522933513252894","101.12171405646238","2.600667521487549","2.600667521487549",
"230","ENGAGE-INDCi2030-3000f-COV-NDCp","MESSAGEix-GLOBIOM 1.1","Final Energy|Residential and Commercial|Electricity","EJ/yr","[object Object]",2060,12.80063984700976,"2.600667521487549","2.600667521487549","2100","101.12171405646238","2960.778667612247","GW6","failed","medium","ok","ok","ok","ok","medium","medium","medium","ok","ok","ok","true","C6","C6: Below 3.0°C","MESSAGEix-GLOBIOM_1.1","EN_INDCi2030_3000f_COV_NDCp","16.249283395858548","77.39864920681741","5.6870917529452685","1.5522933513252894","101.12171405646238","2.600667521487549","2.600667521487549",
"230","ENGAGE-INDCi2030-3000f-COV-NDCp","MESSAGEix-GLOBIOM 1.1","Final Energy|Residential and Commercial|Electricity","EJ/yr","[object Object]",2070,15.51471949522733,"2.600667521487549","2.600667521487549","2100","101.12171405646238","2960.778667612247","GW6","failed","medium","ok","ok","ok","ok","medium","medium","medium","ok","ok","ok","true","C6","C6: Below 3.0°C","MESSAGEix-GLOBIOM_1.1","EN_INDCi2030_3000f_COV_NDCp","16.249283395858548","77.39864920681741","5.6870917529452685","1.5522933513252894","101.12171405646238","2.600667521487549","2.600667521487549",
"230","ENGAGE-INDCi2030-3000f-COV-NDCp","MESSAGEix-GLOBIOM 1.1","Final Energy|Residential and Commercial|Electricity","EJ/yr","[object Object]",2080,17.97697806438675,"2.600667521487549","2.600667521487549","2100","101.12171405646238","2960.778667612247","GW6","failed","medium","ok","ok","ok","ok","medium","medium","medium","ok","ok","ok","true","C6","C6: Below 3.0°C","MESSAGEix-GLOBIOM_1.1","EN_INDCi2030_3000f_COV_NDCp","16.249283395858548","77.39864920681741","5.6870917529452685","1.5522933513252894","101.12171405646238","2.600667521487549","2.600667521487549",
"230","ENGAGE-INDCi2030-3000f-COV-NDCp","MESSAGEix-GLOBIOM 1.1","Final Energy|Residential and Commercial|Electricity","EJ/yr","[object Object]",2090,20.34801218875655,"2.600667521487549","2.600667521487549","2100","101.12171405646238","2960.778667612247","GW6","failed","medium","ok","ok","ok","ok","medium","medium","medium","ok","ok","ok","true","C6","C6: Below 3.0°C","MESSAGEix-GLOBIOM_1.1","EN_INDCi2030_3000f_COV_NDCp","16.249283395858548","77.39864920681741","5.6870917529452685","1.5522933513252894","101.12171405646238","2.600667521487549","2.600667521487549",
"230","ENGAGE-INDCi2030-3000f-COV-NDCp","MESSAGEix-GLOBIOM 1.1","Final Energy|Residential and Commercial|Electricity","EJ/yr","[object Object]",2100,23.135695207245515,"2.600667521487549","2.600667521487549","2100","101.12171405646238","2960.778667612247","GW6","failed","medium","ok","ok","ok","ok","medium","medium","medium","ok","ok","ok","true","C6","C6: Below 3.0°C","MESSAGEix-GLOBIOM_1.1","EN_INDCi2030_3000f_COV_NDCp","16.249283395858548","77.39864920681741","5.6870917529452685","1.5522933513252894","101.12171405646238","2.600667521487549","2.600667521487549",
"231","ENGAGE-INDCi2030-3000f-NDCp","MESSAGEix-GLOBIOM 1.1","Final Energy|Residential and Commercial|Electricity","EJ/yr","[object Object]",2010,7.155450464790536,"2.599663597461864","2.599663597461864","2100","131.5106895918161","2956.688797724044","GW6","failed","ok","ok","ok","ok","ok","medium","medium","medium","ok","ok","ok","true","C6","C6: Below 3.0°C","MESSAGEix-GLOBIOM_1.1","EN_INDCi2030_3000f_NDCp","17.185430818358967","76.12784112368738","5.986799821733406","1.8861824124603999","131.5106895918161","2.599663597461864","2.599663597461864",
"231","ENGAGE-INDCi2030-3000f-NDCp","MESSAGEix-GLOBIOM 1.1","Final Energy|Residential and Commercial|Electricity","EJ/yr","[object Object]",2015,6.950679227102198,"2.599663597461864","2.599663597461864","2100","131.5106895918161","2956.688797724044","GW6","failed","ok","ok","ok","ok","ok","medium","medium","medium","ok","ok","ok","true","C6","C6: Below 3.0°C","MESSAGEix-GLOBIOM_1.1","EN_INDCi2030_3000f_NDCp","17.185430818358967","76.12784112368738","5.986799821733406","1.8861824124603999","131.5106895918161","2.599663597461864","2.599663597461864",
"231","ENGAGE-INDCi2030-3000f-NDCp","MESSAGEix-GLOBIOM 1.1","Final Energy|Residential and Commercial|Electricity","EJ/yr","[object Object]",2020,7.692261242931078,"2.599663597461864","2.599663597461864","2100","131.5106895918161","2956.688797724044","GW6","failed","ok","ok","ok","ok","ok","medium","medium","medium","ok","ok","ok","true","C6","C6: Below 3.0°C","MESSAGEix-GLOBIOM_1.1","EN_INDCi2030_3000f_NDCp","17.185430818358967","76.12784112368738","5.986799821733406","1.8861824124603999","131.5106895918161","2.599663597461864","2.599663597461864",
"231","ENGAGE-INDCi2030-3000f-NDCp","MESSAGEix-GLOBIOM 1.1","Final Energy|Residential and Commercial|Electricity","EJ/yr","[object Object]",2025,7.762975406738223,"2.599663597461864","2.599663597461864","2100","131.5106895918161","2956.688797724044","GW6","failed","ok","ok","ok","ok","ok","medium","medium","medium","ok","ok","ok","true","C6","C6: Below 3.0°C","MESSAGEix-GLOBIOM_1.1","EN_INDCi2030_3000f_NDCp","17.185430818358967","76.12784112368738","5.986799821733406","1.8861824124603999","131.5106895918161","2.599663597461864","2.599663597461864",
"231","ENGAGE-INDCi2030-3000f-NDCp","MESSAGEix-GLOBIOM 1.1","Final Energy|Residential and Commercial|Electricity","EJ/yr","[object Object]",2030,8.606576984641627,"2.599663597461864","2.599663597461864","2100","131.5106895918161","2956.688797724044","GW6","failed","ok","ok","ok","ok","ok","medium","medium","medium","ok","ok","ok","true","C6","C6: Below 3.0°C","MESSAGEix-GLOBIOM_1.1","EN_INDCi2030_3000f_NDCp","17.185430818358967","76.12784112368738","5.986799821733406","1.8861824124603999","131.5106895918161","2.599663597461864","2.599663597461864",
"231","ENGAGE-INDCi2030-3000f-NDCp","MESSAGEix-GLOBIOM 1.1","Final Energy|Residential and Commercial|Electricity","EJ/yr","[object Object]",2035,8.708392458427483,"2.599663597461864","2.599663597461864","2100","131.5106895918161","2956.688797724044","GW6","failed","ok","ok","ok","ok","ok","medium","medium","medium","ok","ok","ok","true","C6","C6: Below 3.0°C","MESSAGEix-GLOBIOM_1.1","EN_INDCi2030_3000f_NDCp","17.185430818358967","76.12784112368738","5.986799821733406","1.8861824124603999","131.5106895918161","2.599663597461864","2.599663597461864",
"231","ENGAGE-INDCi2030-3000f-NDCp","MESSAGEix-GLOBIOM 1.1","Final Energy|Residential and Commercial|Electricity","EJ/yr","[object Object]",2040,9.257535705185491,"2.599663597461864","2.599663597461864","2100","131.5106895918161","2956.688797724044","GW6","failed","ok","ok","ok","ok","ok","medium","medium","medium","ok","ok","ok","true","C6","C6: Below 3.0°C","MESSAGEix-GLOBIOM_1.1","EN_INDCi2030_3000f_NDCp","17.185430818358967","76.12784112368738","5.986799821733406","1.8861824124603999","131.5106895918161","2.599663597461864","2.599663597461864",
"231","ENGAGE-INDCi2030-3000f-NDCp","MESSAGEix-GLOBIOM 1.1","Final Energy|Residential and Commercial|Electricity","EJ/yr","[object Object]",2045,9.590727990883147,"2.599663597461864","2.599663597461864","2100","131.5106895918161","2956.688797724044","GW6","failed","ok","ok","ok","ok","ok","medium","medium","medium","ok","ok","ok","true","C6","C6: Below 3.0°C","MESSAGEix-GLOBIOM_1.1","EN_INDCi2030_3000f_NDCp","17.185430818358967","76.12784112368738","5.986799821733406","1.8861824124603999","131.5106895918161","2.599663597461864","2.599663597461864",
"231","ENGAGE-INDCi2030-3000f-NDCp","MESSAGEix-GLOBIOM 1.1","Final Energy|Residential and Commercial|Electricity","EJ/yr","[object Object]",2050,10.433228313330424,"2.599663597461864","2.599663597461864","2100","131.5106895918161","2956.688797724044","GW6","failed","ok","ok","ok","ok","ok","medium","medium","medium","ok","ok","ok","true","C6","C6: Below 3.0°C","MESSAGEix-GLOBIOM_1.1","EN_INDCi2030_3000f_NDCp","17.185430818358967","76.12784112368738","5.986799821733406","1.8861824124603999","131.5106895918161","2.599663597461864","2.599663597461864",
"231","ENGAGE-INDCi2030-3000f-NDCp","MESSAGEix-GLOBIOM 1.1","Final Energy|Residential and Commercial|Electricity","EJ/yr","[object Object]",2055,11.328877417426076,"2.599663597461864","2.599663597461864","2100","131.5106895918161","2956.688797724044","GW6","failed","ok","ok","ok","ok","ok","medium","medium","medium","ok","ok","ok","true","C6","C6: Below 3.0°C","MESSAGEix-GLOBIOM_1.1","EN_INDCi2030_3000f_NDCp","17.185430818358967","76.12784112368738","5.986799821733406","1.8861824124603999","131.5106895918161","2.599663597461864","2.599663597461864",
"231","ENGAGE-INDCi2030-3000f-NDCp","MESSAGEix-GLOBIOM 1.1","Final Energy|Residential and Commercial|Electricity","EJ/yr","[object Object]",2060,12.209507745151388,"2.599663597461864","2.599663597461864","2100","131.5106895918161","2956.688797724044","GW6","failed","ok","ok","ok","ok","ok","medium","medium","medium","ok","ok","ok","true","C6","C6: Below 3.0°C","MESSAGEix-GLOBIOM_1.1","EN_INDCi2030_3000f_NDCp","17.185430818358967","76.12784112368738","5.986799821733406","1.8861824124603999","131.5106895918161","2.599663597461864","2.599663597461864",
"231","ENGAGE-INDCi2030-3000f-NDCp","MESSAGEix-GLOBIOM 1.1","Final Energy|Residential and Commercial|Electricity","EJ/yr","[object Object]",2070,14.00557586423093,"2.599663597461864","2.599663597461864","2100","131.5106895918161","2956.688797724044","GW6","failed","ok","ok","ok","ok","ok","medium","medium","medium","ok","ok","ok","true","C6","C6: Below 3.0°C","MESSAGEix-GLOBIOM_1.1","EN_INDCi2030_3000f_NDCp","17.185430818358967","76.12784112368738","5.986799821733406","1.8861824124603999","131.5106895918161","2.599663597461864","2.599663597461864",
"231","ENGAGE-INDCi2030-3000f-NDCp","MESSAGEix-GLOBIOM 1.1","Final Energy|Residential and Commercial|Electricity","EJ/yr","[object Object]",2080,16.058697534191527,"2.599663597461864","2.599663597461864","2100","131.5106895918161","2956.688797724044","GW6","failed","ok","ok","ok","ok","ok","medium","medium","medium","ok","ok","ok","true","C6","C6: Below 3.0°C","MESSAGEix-GLOBIOM_1.1","EN_INDCi2030_3000f_NDCp","17.185430818358967","76.12784112368738","5.986799821733406","1.8861824124603999","131.5106895918161","2.599663597461864","2.599663597461864",
"231","ENGAGE-INDCi2030-3000f-NDCp","MESSAGEix-GLOBIOM 1.1","Final Energy|Residential and Commercial|Electricity","EJ/yr","[object Object]",2090,18.490616645691425,"2.599663597461864","2.599663597461864","2100","131.5106895918161","2956.688797724044","GW6","failed","ok","ok","ok","ok","ok","medium","medium","medium","ok","ok","ok","true","C6","C6: Below 3.0°C","MESSAGEix-GLOBIOM_1.1","EN_INDCi2030_3000f_NDCp","17.185430818358967","76.12784112368738","5.986799821733406","1.8861824124603999","131.5106895918161","2.599663597461864","2.599663597461864",
"231","ENGAGE-INDCi2030-3000f-NDCp","MESSAGEix-GLOBIOM 1.1","Final Energy|Residential and Commercial|Electricity","EJ/yr","[object Object]",2100,21.38829378644879,"2.599663597461864","2.599663597461864","2100","131.5106895918161","2956.688797724044","GW6","failed","ok","ok","ok","ok","ok","medium","medium","medium","ok","ok","ok","true","C6","C6: Below 3.0°C","MESSAGEix-GLOBIOM_1.1","EN_INDCi2030_3000f_NDCp","17.185430818358967","76.12784112368738","5.986799821733406","1.8861824124603999","131.5106895918161","2.599663597461864","2.599663597461864",
"250","ENGAGE-INDCi2100","MESSAGEix-GLOBIOM 1.1","Final Energy|Residential and Commercial|Electricity","EJ/yr","[object Object]",2010,7.155450464790536,"2.972963634779389","2.972963634779389","2100","53.78829367847546","3829.5587244851686","GW6","failed","medium","ok","ok","ok","ok","medium","medium","medium","ok","ok","ok","true","C6","C6: Below 3.0°C","MESSAGEix-GLOBIOM_1.1","EN_INDCi2100","15.901531220324102","77.05019024186122","6.310359943867032","2.7358113967696625","53.78829367847546","2.972963634779389","2.972963634779389",
"250","ENGAGE-INDCi2100","MESSAGEix-GLOBIOM 1.1","Final Energy|Residential and Commercial|Electricity","EJ/yr","[object Object]",2015,6.950679227102198,"2.972963634779389","2.972963634779389","2100","53.78829367847546","3829.5587244851686","GW6","failed","medium","ok","ok","ok","ok","medium","medium","medium","ok","ok","ok","true","C6","C6: Below 3.0°C","MESSAGEix-GLOBIOM_1.1","EN_INDCi2100","15.901531220324102","77.05019024186122","6.310359943867032","2.7358113967696625","53.78829367847546","2.972963634779389","2.972963634779389",
"250","ENGAGE-INDCi2100","MESSAGEix-GLOBIOM 1.1","Final Energy|Residential and Commercial|Electricity","EJ/yr","[object Object]",2020,7.692261242931078,"2.972963634779389","2.972963634779389","2100","53.78829367847546","3829.5587244851686","GW6","failed","medium","ok","ok","ok","ok","medium","medium","medium","ok","ok","ok","true","C6","C6: Below 3.0°C","MESSAGEix-GLOBIOM_1.1","EN_INDCi2100","15.901531220324102","77.05019024186122","6.310359943867032","2.7358113967696625","53.78829367847546","2.972963634779389","2.972963634779389",
"250","ENGAGE-INDCi2100","MESSAGEix-GLOBIOM 1.1","Final Energy|Residential and Commercial|Electricity","EJ/yr","[object Object]",2025,7.852544480606058,"2.972963634779389","2.972963634779389","2100","53.78829367847546","3829.5587244851686","GW6","failed","medium","ok","ok","ok","ok","medium","medium","medium","ok","ok","ok","true","C6","C6: Below 3.0°C","MESSAGEix-GLOBIOM_1.1","EN_INDCi2100","15.901531220324102","77.05019024186122","6.310359943867032","2.7358113967696625","53.78829367847546","2.972963634779389","2.972963634779389",
"250","ENGAGE-INDCi2100","MESSAGEix-GLOBIOM 1.1","Final Energy|Residential and Commercial|Electricity","EJ/yr","[object Object]",2030,8.42171818358781,"2.972963634779389","2.972963634779389","2100","53.78829367847546","3829.5587244851686","GW6","failed","medium","ok","ok","ok","ok","medium","medium","medium","ok","ok","ok","true","C6","C6: Below 3.0°C","MESSAGEix-GLOBIOM_1.1","EN_INDCi2100","15.901531220324102","77.05019024186122","6.310359943867032","2.7358113967696625","53.78829367847546","2.972963634779389","2.972963634779389",
"250","ENGAGE-INDCi2100","MESSAGEix-GLOBIOM 1.1","Final Energy|Residential and Commercial|Electricity","EJ/yr","[object Object]",2035,8.50243561742844,"2.972963634779389","2.972963634779389","2100","53.78829367847546","3829.5587244851686","GW6","failed","medium","ok","ok","ok","ok","medium","medium","medium","ok","ok","ok","true","C6","C6: Below 3.0°C","MESSAGEix-GLOBIOM_1.1","EN_INDCi2100","15.901531220324102","77.05019024186122","6.310359943867032","2.7358113967696625","53.78829367847546","2.972963634779389","2.972963634779389",
"250","ENGAGE-INDCi2100","MESSAGEix-GLOBIOM 1.1","Final Energy|Residential and Commercial|Electricity","EJ/yr","[object Object]",2040,9.227665836310749,"2.972963634779389","2.972963634779389","2100","53.78829367847546","3829.5587244851686","GW6","failed","medium","ok","ok","ok","ok","medium","medium","medium","ok","ok","ok","true","C6","C6: Below 3.0°C","MESSAGEix-GLOBIOM_1.1","EN_INDCi2100","15.901531220324102","77.05019024186122","6.310359943867032","2.7358113967696625","53.78829367847546","2.972963634779389","2.972963634779389",
"250","ENGAGE-INDCi2100","MESSAGEix-GLOBIOM 1.1","Final Energy|Residential and Commercial|Electricity","EJ/yr","[object Object]",2045,9.586450256066938,"2.972963634779389","2.972963634779389","2100","53.78829367847546","3829.5587244851686","GW6","failed","medium","ok","ok","ok","ok","medium","medium","medium","ok","ok","ok","true","C6","C6: Below 3.0°C","MESSAGEix-GLOBIOM_1.1","EN_INDCi2100","15.901531220324102","77.05019024186122","6.310359943867032","2.7358113967696625","53.78829367847546","2.972963634779389","2.972963634779389",
"250","ENGAGE-INDCi2100","MESSAGEix-GLOBIOM 1.1","Final Energy|Residential and Commercial|Electricity","EJ/yr","[object Object]",2050,10.4463940380003,"2.972963634779389","2.972963634779389","2100","53.78829367847546","3829.5587244851686","GW6","failed","medium","ok","ok","ok","ok","medium","medium","medium","ok","ok","ok","true","C6","C6: Below 3.0°C","MESSAGEix-GLOBIOM_1.1","EN_INDCi2100","15.901531220324102","77.05019024186122","6.310359943867032","2.7358113967696625","53.78829367847546","2.972963634779389","2.972963634779389",
"250","ENGAGE-INDCi2100","MESSAGEix-GLOBIOM 1.1","Final Energy|Residential and Commercial|Electricity","EJ/yr","[object Object]",2055,11.36867622065603,"2.972963634779389","2.972963634779389","2100","53.78829367847546","3829.5587244851686","GW6","failed","medium","ok","ok","ok","ok","medium","medium","medium","ok","ok","ok","true","C6","C6: Below 3.0°C","MESSAGEix-GLOBIOM_1.1","EN_INDCi2100","15.901531220324102","77.05019024186122","6.310359943867032","2.7358113967696625","53.78829367847546","2.972963634779389","2.972963634779389",
"250","ENGAGE-INDCi2100","MESSAGEix-GLOBIOM 1.1","Final Energy|Residential and Commercial|Electricity","EJ/yr","[object Object]",2060,12.296426765560868,"2.972963634779389","2.972963634779389","2100","53.78829367847546","3829.5587244851686","GW6","failed","medium","ok","ok","ok","ok","medium","medium","medium","ok","ok","ok","true","C6","C6: Below 3.0°C","MESSAGEix-GLOBIOM_1.1","EN_INDCi2100","15.901531220324102","77.05019024186122","6.310359943867032","2.7358113967696625","53.78829367847546","2.972963634779389","2.972963634779389",
"250","ENGAGE-INDCi2100","MESSAGEix-GLOBIOM 1.1","Final Energy|Residential and Commercial|Electricity","EJ/yr","[object Object]",2070,14.205969786510902,"2.972963634779389","2.972963634779389","2100","53.78829367847546","3829.5587244851686","GW6","failed","medium","ok","ok","ok","ok","medium","medium","medium","ok","ok","ok","true","C6","C6: Below 3.0°C","MESSAGEix-GLOBIOM_1.1","EN_INDCi2100","15.901531220324102","77.05019024186122","6.310359943867032","2.7358113967696625","53.78829367847546","2.972963634779389","2.972963634779389",
"250","ENGAGE-INDCi2100","MESSAGEix-GLOBIOM 1.1","Final Energy|Residential and Commercial|Electricity","EJ/yr","[object Object]",2080,16.190180789282742,"2.972963634779389","2.972963634779389","2100","53.78829367847546","3829.5587244851686","GW6","failed","medium","ok","ok","ok","ok","medium","medium","medium","ok","ok","ok","true","C6","C6: Below 3.0°C","MESSAGEix-GLOBIOM_1.1","EN_INDCi2100","15.901531220324102","77.05019024186122","6.310359943867032","2.7358113967696625","53.78829367847546","2.972963634779389","2.972963634779389",
"250","ENGAGE-INDCi2100","MESSAGEix-GLOBIOM 1.1","Final Energy|Residential and Commercial|Electricity","EJ/yr","[object Object]",2090,18.072082683891544,"2.972963634779389","2.972963634779389","2100","53.78829367847546","3829.5587244851686","GW6","failed","medium","ok","ok","ok","ok","medium","medium","medium","ok","ok","ok","true","C6","C6: Below 3.0°C","MESSAGEix-GLOBIOM_1.1","EN_INDCi2100","15.901531220324102","77.05019024186122","6.310359943867032","2.7358113967696625","53.78829367847546","2.972963634779389","2.972963634779389",
"250","ENGAGE-INDCi2100","MESSAGEix-GLOBIOM 1.1","Final Energy|Residential and Commercial|Electricity","EJ/yr","[object Object]",2100,19.99875144933158,"2.972963634779389","2.972963634779389","2100","53.78829367847546","3829.5587244851686","GW6","failed","medium","ok","ok","ok","ok","medium","medium","medium","ok","ok","ok","true","C6","C6: Below 3.0°C","MESSAGEix-GLOBIOM_1.1","EN_INDCi2100","15.901531220324102","77.05019024186122","6.310359943867032","2.7358113967696625","53.78829367847546","2.972963634779389","2.972963634779389",
"251","ENGAGE-INDCi2100-COV","MESSAGEix-GLOBIOM 1.1","Final Energy|Residential and Commercial|Electricity","EJ/yr","[object Object]",2010,7.155450464790536,"2.89986027651956","2.89986027651956","2100","49.27461350505438","3688.9517413069757","GW6","failed","medium","ok","ok","ok","ok","high","medium","high","ok","ok","ok","true","C6","C6: Below 3.0°C","MESSAGEix-GLOBIOM_1.1","EN_INDCi2100_COV","14.293164251175966","79.21152917272933","5.81528130890697","2.4800407594340044","49.27461350505438","2.89986027651956","2.89986027651956",
"251","ENGAGE-INDCi2100-COV","MESSAGEix-GLOBIOM 1.1","Final Energy|Residential and Commercial|Electricity","EJ/yr","[object Object]",2015,6.950679227102198,"2.89986027651956","2.89986027651956","2100","49.27461350505438","3688.9517413069757","GW6","failed","medium","ok","ok","ok","ok","high","medium","high","ok","ok","ok","true","C6","C6: Below 3.0°C","MESSAGEix-GLOBIOM_1.1","EN_INDCi2100_COV","14.293164251175966","79.21152917272933","5.81528130890697","2.4800407594340044","49.27461350505438","2.89986027651956","2.89986027651956",
"251","ENGAGE-INDCi2100-COV","MESSAGEix-GLOBIOM 1.1","Final Energy|Residential and Commercial|Electricity","EJ/yr","[object Object]",2020,6.876363800533014,"2.89986027651956","2.89986027651956","2100","49.27461350505438","3688.9517413069757","GW6","failed","medium","ok","ok","ok","ok","high","medium","high","ok","ok","ok","true","C6","C6: Below 3.0°C","MESSAGEix-GLOBIOM_1.1","EN_INDCi2100_COV","14.293164251175966","79.21152917272933","5.81528130890697","2.4800407594340044","49.27461350505438","2.89986027651956","2.89986027651956",
"251","ENGAGE-INDCi2100-COV","MESSAGEix-GLOBIOM 1.1","Final Energy|Residential and Commercial|Electricity","EJ/yr","[object Object]",2025,7.199370774612365,"2.89986027651956","2.89986027651956","2100","49.27461350505438","3688.9517413069757","GW6","failed","medium","ok","ok","ok","ok","high","medium","high","ok","ok","ok","true","C6","C6: Below 3.0°C","MESSAGEix-GLOBIOM_1.1","EN_INDCi2100_COV","14.293164251175966","79.21152917272933","5.81528130890697","2.4800407594340044","49.27461350505438","2.89986027651956","2.89986027651956",
"251","ENGAGE-INDCi2100-COV","MESSAGEix-GLOBIOM 1.1","Final Energy|Residential and Commercial|Electricity","EJ/yr","[object Object]",2030,7.573014962405104,"2.89986027651956","2.89986027651956","2100","49.27461350505438","3688.9517413069757","GW6","failed","medium","ok","ok","ok","ok","high","medium","high","ok","ok","ok","true","C6","C6: Below 3.0°C","MESSAGEix-GLOBIOM_1.1","EN_INDCi2100_COV","14.293164251175966","79.21152917272933","5.81528130890697","2.4800407594340044","49.27461350505438","2.89986027651956","2.89986027651956",
"251","ENGAGE-INDCi2100-COV","MESSAGEix-GLOBIOM 1.1","Final Energy|Residential and Commercial|Electricity","EJ/yr","[object Object]",2035,8.445636441082872,"2.89986027651956","2.89986027651956","2100","49.27461350505438","3688.9517413069757","GW6","failed","medium","ok","ok","ok","ok","high","medium","high","ok","ok","ok","true","C6","C6: Below 3.0°C","MESSAGEix-GLOBIOM_1.1","EN_INDCi2100_COV","14.293164251175966","79.21152917272933","5.81528130890697","2.4800407594340044","49.27461350505438","2.89986027651956","2.89986027651956",
"251","ENGAGE-INDCi2100-COV","MESSAGEix-GLOBIOM 1.1","Final Energy|Residential and Commercial|Electricity","EJ/yr","[object Object]",2040,9.37425222993972,"2.89986027651956","2.89986027651956","2100","49.27461350505438","3688.9517413069757","GW6","failed","medium","ok","ok","ok","ok","high","medium","high","ok","ok","ok","true","C6","C6: Below 3.0°C","MESSAGEix-GLOBIOM_1.1","EN_INDCi2100_COV","14.293164251175966","79.21152917272933","5.81528130890697","2.4800407594340044","49.27461350505438","2.89986027651956","2.89986027651956",
"251","ENGAGE-INDCi2100-COV","MESSAGEix-GLOBIOM 1.1","Final Energy|Residential and Commercial|Electricity","EJ/yr","[object Object]",2045,10.349047147933543,"2.89986027651956","2.89986027651956","2100","49.27461350505438","3688.9517413069757","GW6","failed","medium","ok","ok","ok","ok","high","medium","high","ok","ok","ok","true","C6","C6: Below 3.0°C","MESSAGEix-GLOBIOM_1.1","EN_INDCi2100_COV","14.293164251175966","79.21152917272933","5.81528130890697","2.4800407594340044","49.27461350505438","2.89986027651956","2.89986027651956",
"251","ENGAGE-INDCi2100-COV","MESSAGEix-GLOBIOM 1.1","Final Energy|Residential and Commercial|Electricity","EJ/yr","[object Object]",2050,11.237290052011812,"2.89986027651956","2.89986027651956","2100","49.27461350505438","3688.9517413069757","GW6","failed","medium","ok","ok","ok","ok","high","medium","high","ok","ok","ok","true","C6","C6: Below 3.0°C","MESSAGEix-GLOBIOM_1.1","EN_INDCi2100_COV","14.293164251175966","79.21152917272933","5.81528130890697","2.4800407594340044","49.27461350505438","2.89986027651956","2.89986027651956",
"251","ENGAGE-INDCi2100-COV","MESSAGEix-GLOBIOM 1.1","Final Energy|Residential and Commercial|Electricity","EJ/yr","[object Object]",2055,12.128941815159552,"2.89986027651956","2.89986027651956","2100","49.27461350505438","3688.9517413069757","GW6","failed","medium","ok","ok","ok","ok","high","medium","high","ok","ok","ok","true","C6","C6: Below 3.0°C","MESSAGEix-GLOBIOM_1.1","EN_INDCi2100_COV","14.293164251175966","79.21152917272933","5.81528130890697","2.4800407594340044","49.27461350505438","2.89986027651956","2.89986027651956",
"251","ENGAGE-INDCi2100-COV","MESSAGEix-GLOBIOM 1.1","Final Energy|Residential and Commercial|Electricity","EJ/yr","[object Object]",2060,12.93150195655646,"2.89986027651956","2.89986027651956","2100","49.27461350505438","3688.9517413069757","GW6","failed","medium","ok","ok","ok","ok","high","medium","high","ok","ok","ok","true","C6","C6: Below 3.0°C","MESSAGEix-GLOBIOM_1.1","EN_INDCi2100_COV","14.293164251175966","79.21152917272933","5.81528130890697","2.4800407594340044","49.27461350505438","2.89986027651956","2.89986027651956",
"251","ENGAGE-INDCi2100-COV","MESSAGEix-GLOBIOM 1.1","Final Energy|Residential and Commercial|Electricity","EJ/yr","[object Object]",2070,15.796988392438296,"2.89986027651956","2.89986027651956","2100","49.27461350505438","3688.9517413069757","GW6","failed","medium","ok","ok","ok","ok","high","medium","high","ok","ok","ok","true","C6","C6: Below 3.0°C","MESSAGEix-GLOBIOM_1.1","EN_INDCi2100_COV","14.293164251175966","79.21152917272933","5.81528130890697","2.4800407594340044","49.27461350505438","2.89986027651956","2.89986027651956",
"251","ENGAGE-INDCi2100-COV","MESSAGEix-GLOBIOM 1.1","Final Energy|Residential and Commercial|Electricity","EJ/yr","[object Object]",2080,18.4589769333835,"2.89986027651956","2.89986027651956","2100","49.27461350505438","3688.9517413069757","GW6","failed","medium","ok","ok","ok","ok","high","medium","high","ok","ok","ok","true","C6","C6: Below 3.0°C","MESSAGEix-GLOBIOM_1.1","EN_INDCi2100_COV","14.293164251175966","79.21152917272933","5.81528130890697","2.4800407594340044","49.27461350505438","2.89986027651956","2.89986027651956",
"251","ENGAGE-INDCi2100-COV","MESSAGEix-GLOBIOM 1.1","Final Energy|Residential and Commercial|Electricity","EJ/yr","[object Object]",2090,20.724959378512743,"2.89986027651956","2.89986027651956","2100","49.27461350505438","3688.9517413069757","GW6","failed","medium","ok","ok","ok","ok","high","medium","high","ok","ok","ok","true","C6","C6: Below 3.0°C","MESSAGEix-GLOBIOM_1.1","EN_INDCi2100_COV","14.293164251175966","79.21152917272933","5.81528130890697","2.4800407594340044","49.27461350505438","2.89986027651956","2.89986027651956",
"251","ENGAGE-INDCi2100-COV","MESSAGEix-GLOBIOM 1.1","Final Energy|Residential and Commercial|Electricity","EJ/yr","[object Object]",2100,22.59664937442793,"2.89986027651956","2.89986027651956","2100","49.27461350505438","3688.9517413069757","GW6","failed","medium","ok","ok","ok","ok","high","medium","high","ok","ok","ok","true","C6","C6: Below 3.0°C","MESSAGEix-GLOBIOM_1.1","EN_INDCi2100_COV","14.293164251175966","79.21152917272933","5.81528130890697","2.4800407594340044","49.27461350505438","2.89986027651956","2.89986027651956",
"252","ENGAGE-INDCi2100-COV-NDCp","MESSAGEix-GLOBIOM 1.1","Final Energy|Residential and Commercial|Electricity","EJ/yr","[object Object]",2010,7.155450464790536,"2.83700728393905","2.83700728393905","2100","61.049945504339256","3609.3592621092434","GW6","failed","medium","ok","ok","ok","ok","medium","medium","medium","ok","ok","ok","true","C6","C6: Below 3.0°C","MESSAGEix-GLOBIOM_1.1","EN_INDCi2100_COV_NDCp","20.414396051164818","71.27983959475154","7.436327438253432","1.6731929616414192","61.049945504339256","2.83700728393905","2.83700728393905",
"252","ENGAGE-INDCi2100-COV-NDCp","MESSAGEix-GLOBIOM 1.1","Final Energy|Residential and Commercial|Electricity","EJ/yr","[object Object]",2015,6.950679227102198,"2.83700728393905","2.83700728393905","2100","61.049945504339256","3609.3592621092434","GW6","failed","medium","ok","ok","ok","ok","medium","medium","medium","ok","ok","ok","true","C6","C6: Below 3.0°C","MESSAGEix-GLOBIOM_1.1","EN_INDCi2100_COV_NDCp","20.414396051164818","71.27983959475154","7.436327438253432","1.6731929616414192","61.049945504339256","2.83700728393905","2.83700728393905",
"252","ENGAGE-INDCi2100-COV-NDCp","MESSAGEix-GLOBIOM 1.1","Final Energy|Residential and Commercial|Electricity","EJ/yr","[object Object]",2020,6.876363800533014,"2.83700728393905","2.83700728393905","2100","61.049945504339256","3609.3592621092434","GW6","failed","medium","ok","ok","ok","ok","medium","medium","medium","ok","ok","ok","true","C6","C6: Below 3.0°C","MESSAGEix-GLOBIOM_1.1","EN_INDCi2100_COV_NDCp","20.414396051164818","71.27983959475154","7.436327438253432","1.6731929616414192","61.049945504339256","2.83700728393905","2.83700728393905",
"252","ENGAGE-INDCi2100-COV-NDCp","MESSAGEix-GLOBIOM 1.1","Final Energy|Residential and Commercial|Electricity","EJ/yr","[object Object]",2025,7.123268728997647,"2.83700728393905","2.83700728393905","2100","61.049945504339256","3609.3592621092434","GW6","failed","medium","ok","ok","ok","ok","medium","medium","medium","ok","ok","ok","true","C6","C6: Below 3.0°C","MESSAGEix-GLOBIOM_1.1","EN_INDCi2100_COV_NDCp","20.414396051164818","71.27983959475154","7.436327438253432","1.6731929616414192","61.049945504339256","2.83700728393905","2.83700728393905",
"252","ENGAGE-INDCi2100-COV-NDCp","MESSAGEix-GLOBIOM 1.1","Final Energy|Residential and Commercial|Electricity","EJ/yr","[object Object]",2030,7.920904431558097,"2.83700728393905","2.83700728393905","2100","61.049945504339256","3609.3592621092434","GW6","failed","medium","ok","ok","ok","ok","medium","medium","medium","ok","ok","ok","true","C6","C6: Below 3.0°C","MESSAGEix-GLOBIOM_1.1","EN_INDCi2100_COV_NDCp","20.414396051164818","71.27983959475154","7.436327438253432","1.6731929616414192","61.049945504339256","2.83700728393905","2.83700728393905",
"252","ENGAGE-INDCi2100-COV-NDCp","MESSAGEix-GLOBIOM 1.1","Final Energy|Residential and Commercial|Electricity","EJ/yr","[object Object]",2035,8.682127677814101,"2.83700728393905","2.83700728393905","2100","61.049945504339256","3609.3592621092434","GW6","failed","medium","ok","ok","ok","ok","medium","medium","medium","ok","ok","ok","true","C6","C6: Below 3.0°C","MESSAGEix-GLOBIOM_1.1","EN_INDCi2100_COV_NDCp","20.414396051164818","71.27983959475154","7.436327438253432","1.6731929616414192","61.049945504339256","2.83700728393905","2.83700728393905",
"252","ENGAGE-INDCi2100-COV-NDCp","MESSAGEix-GLOBIOM 1.1","Final Energy|Residential and Commercial|Electricity","EJ/yr","[object Object]",2040,9.244655818275511,"2.83700728393905","2.83700728393905","2100","61.049945504339256","3609.3592621092434","GW6","failed","medium","ok","ok","ok","ok","medium","medium","medium","ok","ok","ok","true","C6","C6: Below 3.0°C","MESSAGEix-GLOBIOM_1.1","EN_INDCi2100_COV_NDCp","20.414396051164818","71.27983959475154","7.436327438253432","1.6731929616414192","61.049945504339256","2.83700728393905","2.83700728393905",
"252","ENGAGE-INDCi2100-COV-NDCp","MESSAGEix-GLOBIOM 1.1","Final Energy|Residential and Commercial|Electricity","EJ/yr","[object Object]",2045,10.001305601430856,"2.83700728393905","2.83700728393905","2100","61.049945504339256","3609.3592621092434","GW6","failed","medium","ok","ok","ok","ok","medium","medium","medium","ok","ok","ok","true","C6","C6: Below 3.0°C","MESSAGEix-GLOBIOM_1.1","EN_INDCi2100_COV_NDCp","20.414396051164818","71.27983959475154","7.436327438253432","1.6731929616414192","61.049945504339256","2.83700728393905","2.83700728393905",
"252","ENGAGE-INDCi2100-COV-NDCp","MESSAGEix-GLOBIOM 1.1","Final Energy|Residential and Commercial|Electricity","EJ/yr","[object Object]",2050,10.792481997959824,"2.83700728393905","2.83700728393905","2100","61.049945504339256","3609.3592621092434","GW6","failed","medium","ok","ok","ok","ok","medium","medium","medium","ok","ok","ok","true","C6","C6: Below 3.0°C","MESSAGEix-GLOBIOM_1.1","EN_INDCi2100_COV_NDCp","20.414396051164818","71.27983959475154","7.436327438253432","1.6731929616414192","61.049945504339256","2.83700728393905","2.83700728393905",
"252","ENGAGE-INDCi2100-COV-NDCp","MESSAGEix-GLOBIOM 1.1","Final Energy|Residential and Commercial|Electricity","EJ/yr","[object Object]",2055,11.593315133675016,"2.83700728393905","2.83700728393905","2100","61.049945504339256","3609.3592621092434","GW6","failed","medium","ok","ok","ok","ok","medium","medium","medium","ok","ok","ok","true","C6","C6: Below 3.0°C","MESSAGEix-GLOBIOM_1.1","EN_INDCi2100_COV_NDCp","20.414396051164818","71.27983959475154","7.436327438253432","1.6731929616414192","61.049945504339256","2.83700728393905","2.83700728393905",
"252","ENGAGE-INDCi2100-COV-NDCp","MESSAGEix-GLOBIOM 1.1","Final Energy|Residential and Commercial|Electricity","EJ/yr","[object Object]",2060,12.451968436956422,"2.83700728393905","2.83700728393905","2100","61.049945504339256","3609.3592621092434","GW6","failed","medium","ok","ok","ok","ok","medium","medium","medium","ok","ok","ok","true","C6","C6: Below 3.0°C","MESSAGEix-GLOBIOM_1.1","EN_INDCi2100_COV_NDCp","20.414396051164818","71.27983959475154","7.436327438253432","1.6731929616414192","61.049945504339256","2.83700728393905","2.83700728393905",
"252","ENGAGE-INDCi2100-COV-NDCp","MESSAGEix-GLOBIOM 1.1","Final Energy|Residential and Commercial|Electricity","EJ/yr","[object Object]",2070,15.714903552999594,"2.83700728393905","2.83700728393905","2100","61.049945504339256","3609.3592621092434","GW6","failed","medium","ok","ok","ok","ok","medium","medium","medium","ok","ok","ok","true","C6","C6: Below 3.0°C","MESSAGEix-GLOBIOM_1.1","EN_INDCi2100_COV_NDCp","20.414396051164818","71.27983959475154","7.436327438253432","1.6731929616414192","61.049945504339256","2.83700728393905","2.83700728393905",
"252","ENGAGE-INDCi2100-COV-NDCp","MESSAGEix-GLOBIOM 1.1","Final Energy|Residential and Commercial|Electricity","EJ/yr","[object Object]",2080,19.463849098800864,"2.83700728393905","2.83700728393905","2100","61.049945504339256","3609.3592621092434","GW6","failed","medium","ok","ok","ok","ok","medium","medium","medium","ok","ok","ok","true","C6","C6: Below 3.0°C","MESSAGEix-GLOBIOM_1.1","EN_INDCi2100_COV_NDCp","20.414396051164818","71.27983959475154","7.436327438253432","1.6731929616414192","61.049945504339256","2.83700728393905","2.83700728393905",
"252","ENGAGE-INDCi2100-COV-NDCp","MESSAGEix-GLOBIOM 1.1","Final Energy|Residential and Commercial|Electricity","EJ/yr","[object Object]",2090,22.323740861437308,"2.83700728393905","2.83700728393905","2100","61.049945504339256","3609.3592621092434","GW6","failed","medium","ok","ok","ok","ok","medium","medium","medium","ok","ok","ok","true","C6","C6: Below 3.0°C","MESSAGEix-GLOBIOM_1.1","EN_INDCi2100_COV_NDCp","20.414396051164818","71.27983959475154","7.436327438253432","1.6731929616414192","61.049945504339256","2.83700728393905","2.83700728393905",
"252","ENGAGE-INDCi2100-COV-NDCp","MESSAGEix-GLOBIOM 1.1","Final Energy|Residential and Commercial|Electricity","EJ/yr","[object Object]",2100,24.817280842614373,"2.83700728393905","2.83700728393905","2100","61.049945504339256","3609.3592621092434","GW6","failed","medium","ok","ok","ok","ok","medium","medium","medium","ok","ok","ok","true","C6","C6: Below 3.0°C","MESSAGEix-GLOBIOM_1.1","EN_INDCi2100_COV_NDCp","20.414396051164818","71.27983959475154","7.436327438253432","1.6731929616414192","61.049945504339256","2.83700728393905","2.83700728393905",
"253","ENGAGE-INDCi2100-NDCp","MESSAGEix-GLOBIOM 1.1","Final Energy|Residential and Commercial|Electricity","EJ/yr","[object Object]",2010,7.155450464790536,"2.926833175954824","2.926833175954824","2100","70.0095948829948","3753.9567467136867","GW6","failed","ok","ok","ok","ok","ok","medium","medium","medium","ok","ok","ok","true","C6","C6: Below 3.0°C","MESSAGEix-GLOBIOM_1.1","EN_INDCi2100_NDCp","22.631170540625188","68.54624497480103","7.8989051630327","2.449181759463343","70.0095948829948","2.926833175954824","2.926833175954824",
"253","ENGAGE-INDCi2100-NDCp","MESSAGEix-GLOBIOM 1.1","Final Energy|Residential and Commercial|Electricity","EJ/yr","[object Object]",2015,6.950679227102198,"2.926833175954824","2.926833175954824","2100","70.0095948829948","3753.9567467136867","GW6","failed","ok","ok","ok","ok","ok","medium","medium","medium","ok","ok","ok","true","C6","C6: Below 3.0°C","MESSAGEix-GLOBIOM_1.1","EN_INDCi2100_NDCp","22.631170540625188","68.54624497480103","7.8989051630327","2.449181759463343","70.0095948829948","2.926833175954824","2.926833175954824",
"253","ENGAGE-INDCi2100-NDCp","MESSAGEix-GLOBIOM 1.1","Final Energy|Residential and Commercial|Electricity","EJ/yr","[object Object]",2020,7.692261242931078,"2.926833175954824","2.926833175954824","2100","70.0095948829948","3753.9567467136867","GW6","failed","ok","ok","ok","ok","ok","medium","medium","medium","ok","ok","ok","true","C6","C6: Below 3.0°C","MESSAGEix-GLOBIOM_1.1","EN_INDCi2100_NDCp","22.631170540625188","68.54624497480103","7.8989051630327","2.449181759463343","70.0095948829948","2.926833175954824","2.926833175954824",
"253","ENGAGE-INDCi2100-NDCp","MESSAGEix-GLOBIOM 1.1","Final Energy|Residential and Commercial|Electricity","EJ/yr","[object Object]",2025,7.762975406738223,"2.926833175954824","2.926833175954824","2100","70.0095948829948","3753.9567467136867","GW6","failed","ok","ok","ok","ok","ok","medium","medium","medium","ok","ok","ok","true","C6","C6: Below 3.0°C","MESSAGEix-GLOBIOM_1.1","EN_INDCi2100_NDCp","22.631170540625188","68.54624497480103","7.8989051630327","2.449181759463343","70.0095948829948","2.926833175954824","2.926833175954824",
"253","ENGAGE-INDCi2100-NDCp","MESSAGEix-GLOBIOM 1.1","Final Energy|Residential and Commercial|Electricity","EJ/yr","[object Object]",2030,8.606576984641627,"2.926833175954824","2.926833175954824","2100","70.0095948829948","3753.9567467136867","GW6","failed","ok","ok","ok","ok","ok","medium","medium","medium","ok","ok","ok","true","C6","C6: Below 3.0°C","MESSAGEix-GLOBIOM_1.1","EN_INDCi2100_NDCp","22.631170540625188","68.54624497480103","7.8989051630327","2.449181759463343","70.0095948829948","2.926833175954824","2.926833175954824",
"253","ENGAGE-INDCi2100-NDCp","MESSAGEix-GLOBIOM 1.1","Final Energy|Residential and Commercial|Electricity","EJ/yr","[object Object]",2035,8.637928707006207,"2.926833175954824","2.926833175954824","2100","70.0095948829948","3753.9567467136867","GW6","failed","ok","ok","ok","ok","ok","medium","medium","medium","ok","ok","ok","true","C6","C6: Below 3.0°C","MESSAGEix-GLOBIOM_1.1","EN_INDCi2100_NDCp","22.631170540625188","68.54624497480103","7.8989051630327","2.449181759463343","70.0095948829948","2.926833175954824","2.926833175954824",
"253","ENGAGE-INDCi2100-NDCp","MESSAGEix-GLOBIOM 1.1","Final Energy|Residential and Commercial|Electricity","EJ/yr","[object Object]",2040,9.051758982854668,"2.926833175954824","2.926833175954824","2100","70.0095948829948","3753.9567467136867","GW6","failed","ok","ok","ok","ok","ok","medium","medium","medium","ok","ok","ok","true","C6","C6: Below 3.0°C","MESSAGEix-GLOBIOM_1.1","EN_INDCi2100_NDCp","22.631170540625188","68.54624497480103","7.8989051630327","2.449181759463343","70.0095948829948","2.926833175954824","2.926833175954824",
"253","ENGAGE-INDCi2100-NDCp","MESSAGEix-GLOBIOM 1.1","Final Energy|Residential and Commercial|Electricity","EJ/yr","[object Object]",2045,9.297810632640877,"2.926833175954824","2.926833175954824","2100","70.0095948829948","3753.9567467136867","GW6","failed","ok","ok","ok","ok","ok","medium","medium","medium","ok","ok","ok","true","C6","C6: Below 3.0°C","MESSAGEix-GLOBIOM_1.1","EN_INDCi2100_NDCp","22.631170540625188","68.54624497480103","7.8989051630327","2.449181759463343","70.0095948829948","2.926833175954824","2.926833175954824",
"253","ENGAGE-INDCi2100-NDCp","MESSAGEix-GLOBIOM 1.1","Final Energy|Residential and Commercial|Electricity","EJ/yr","[object Object]",2050,10.084760884103416,"2.926833175954824","2.926833175954824","2100","70.0095948829948","3753.9567467136867","GW6","failed","ok","ok","ok","ok","ok","medium","medium","medium","ok","ok","ok","true","C6","C6: Below 3.0°C","MESSAGEix-GLOBIOM_1.1","EN_INDCi2100_NDCp","22.631170540625188","68.54624497480103","7.8989051630327","2.449181759463343","70.0095948829948","2.926833175954824","2.926833175954824",
"253","ENGAGE-INDCi2100-NDCp","MESSAGEix-GLOBIOM 1.1","Final Energy|Residential and Commercial|Electricity","EJ/yr","[object Object]",2055,11.069920199048688,"2.926833175954824","2.926833175954824","2100","70.0095948829948","3753.9567467136867","GW6","failed","ok","ok","ok","ok","ok","medium","medium","medium","ok","ok","ok","true","C6","C6: Below 3.0°C","MESSAGEix-GLOBIOM_1.1","EN_INDCi2100_NDCp","22.631170540625188","68.54624497480103","7.8989051630327","2.449181759463343","70.0095948829948","2.926833175954824","2.926833175954824",
"253","ENGAGE-INDCi2100-NDCp","MESSAGEix-GLOBIOM 1.1","Final Energy|Residential and Commercial|Electricity","EJ/yr","[object Object]",2060,12.16857511063265,"2.926833175954824","2.926833175954824","2100","70.0095948829948","3753.9567467136867","GW6","failed","ok","ok","ok","ok","ok","medium","medium","medium","ok","ok","ok","true","C6","C6: Below 3.0°C","MESSAGEix-GLOBIOM_1.1","EN_INDCi2100_NDCp","22.631170540625188","68.54624497480103","7.8989051630327","2.449181759463343","70.0095948829948","2.926833175954824","2.926833175954824",
"253","ENGAGE-INDCi2100-NDCp","MESSAGEix-GLOBIOM 1.1","Final Energy|Residential and Commercial|Electricity","EJ/yr","[object Object]",2070,14.987072394033712,"2.926833175954824","2.926833175954824","2100","70.0095948829948","3753.9567467136867","GW6","failed","ok","ok","ok","ok","ok","medium","medium","medium","ok","ok","ok","true","C6","C6: Below 3.0°C","MESSAGEix-GLOBIOM_1.1","EN_INDCi2100_NDCp","22.631170540625188","68.54624497480103","7.8989051630327","2.449181759463343","70.0095948829948","2.926833175954824","2.926833175954824",
"253","ENGAGE-INDCi2100-NDCp","MESSAGEix-GLOBIOM 1.1","Final Energy|Residential and Commercial|Electricity","EJ/yr","[object Object]",2080,17.84617310254232,"2.926833175954824","2.926833175954824","2100","70.0095948829948","3753.9567467136867","GW6","failed","ok","ok","ok","ok","ok","medium","medium","medium","ok","ok","ok","true","C6","C6: Below 3.0°C","MESSAGEix-GLOBIOM_1.1","EN_INDCi2100_NDCp","22.631170540625188","68.54624497480103","7.8989051630327","2.449181759463343","70.0095948829948","2.926833175954824","2.926833175954824",
"253","ENGAGE-INDCi2100-NDCp","MESSAGEix-GLOBIOM 1.1","Final Energy|Residential and Commercial|Electricity","EJ/yr","[object Object]",2090,20.027606404824148,"2.926833175954824","2.926833175954824","2100","70.0095948829948","3753.9567467136867","GW6","failed","ok","ok","ok","ok","ok","medium","medium","medium","ok","ok","ok","true","C6","C6: Below 3.0°C","MESSAGEix-GLOBIOM_1.1","EN_INDCi2100_NDCp","22.631170540625188","68.54624497480103","7.8989051630327","2.449181759463343","70.0095948829948","2.926833175954824","2.926833175954824",
"253","ENGAGE-INDCi2100-NDCp","MESSAGEix-GLOBIOM 1.1","Final Energy|Residential and Commercial|Electricity","EJ/yr","[object Object]",2100,22.45253999652075,"2.926833175954824","2.926833175954824","2100","70.0095948829948","3753.9567467136867","GW6","failed","ok","ok","ok","ok","ok","medium","medium","medium","ok","ok","ok","true","C6","C6: Below 3.0°C","MESSAGEix-GLOBIOM_1.1","EN_INDCi2100_NDCp","22.631170540625188","68.54624497480103","7.8989051630327","2.449181759463343","70.0095948829948","2.926833175954824","2.926833175954824",
"293","ENGAGE-NPi2020-3000","MESSAGEix-GLOBIOM 1.1","Final Energy|Residential and Commercial|Electricity","EJ/yr","[object Object]",2010,7.155450464790536,"2.596456131619458","2.596456131619458","2100","128.96343879191383","2957.5021853317503","GW6","failed","medium","ok","ok","ok","ok","high","medium","high","ok","ok","ok","true","C6","C6: Below 3.0°C","MESSAGEix-GLOBIOM_1.1","EN_NPi2020_3000","16.787971031767697","76.57272673229494","5.944445326308681","2.0712016980778998","128.96343879191383","2.596456131619458","2.596456131619458",
"293","ENGAGE-NPi2020-3000","MESSAGEix-GLOBIOM 1.1","Final Energy|Residential and Commercial|Electricity","EJ/yr","[object Object]",2015,6.950679227102198,"2.596456131619458","2.596456131619458","2100","128.96343879191383","2957.5021853317503","GW6","failed","medium","ok","ok","ok","ok","high","medium","high","ok","ok","ok","true","C6","C6: Below 3.0°C","MESSAGEix-GLOBIOM_1.1","EN_NPi2020_3000","16.787971031767697","76.57272673229494","5.944445326308681","2.0712016980778998","128.96343879191383","2.596456131619458","2.596456131619458",
"293","ENGAGE-NPi2020-3000","MESSAGEix-GLOBIOM 1.1","Final Energy|Residential and Commercial|Electricity","EJ/yr","[object Object]",2020,7.692261242931078,"2.596456131619458","2.596456131619458","2100","128.96343879191383","2957.5021853317503","GW6","failed","medium","ok","ok","ok","ok","high","medium","high","ok","ok","ok","true","C6","C6: Below 3.0°C","MESSAGEix-GLOBIOM_1.1","EN_NPi2020_3000","16.787971031767697","76.57272673229494","5.944445326308681","2.0712016980778998","128.96343879191383","2.596456131619458","2.596456131619458",
"293","ENGAGE-NPi2020-3000","MESSAGEix-GLOBIOM 1.1","Final Energy|Residential and Commercial|Electricity","EJ/yr","[object Object]",2025,7.817046965793986,"2.596456131619458","2.596456131619458","2100","128.96343879191383","2957.5021853317503","GW6","failed","medium","ok","ok","ok","ok","high","medium","high","ok","ok","ok","true","C6","C6: Below 3.0°C","MESSAGEix-GLOBIOM_1.1","EN_NPi2020_3000","16.787971031767697","76.57272673229494","5.944445326308681","2.0712016980778998","128.96343879191383","2.596456131619458","2.596456131619458",
"293","ENGAGE-NPi2020-3000","MESSAGEix-GLOBIOM 1.1","Final Energy|Residential and Commercial|Electricity","EJ/yr","[object Object]",2030,8.377864955196483,"2.596456131619458","2.596456131619458","2100","128.96343879191383","2957.5021853317503","GW6","failed","medium","ok","ok","ok","ok","high","medium","high","ok","ok","ok","true","C6","C6: Below 3.0°C","MESSAGEix-GLOBIOM_1.1","EN_NPi2020_3000","16.787971031767697","76.57272673229494","5.944445326308681","2.0712016980778998","128.96343879191383","2.596456131619458","2.596456131619458",
"293","ENGAGE-NPi2020-3000","MESSAGEix-GLOBIOM 1.1","Final Energy|Residential and Commercial|Electricity","EJ/yr","[object Object]",2035,8.425464605351703,"2.596456131619458","2.596456131619458","2100","128.96343879191383","2957.5021853317503","GW6","failed","medium","ok","ok","ok","ok","high","medium","high","ok","ok","ok","true","C6","C6: Below 3.0°C","MESSAGEix-GLOBIOM_1.1","EN_NPi2020_3000","16.787971031767697","76.57272673229494","5.944445326308681","2.0712016980778998","128.96343879191383","2.596456131619458","2.596456131619458",
"293","ENGAGE-NPi2020-3000","MESSAGEix-GLOBIOM 1.1","Final Energy|Residential and Commercial|Electricity","EJ/yr","[object Object]",2040,9.203573188636684,"2.596456131619458","2.596456131619458","2100","128.96343879191383","2957.5021853317503","GW6","failed","medium","ok","ok","ok","ok","high","medium","high","ok","ok","ok","true","C6","C6: Below 3.0°C","MESSAGEix-GLOBIOM_1.1","EN_NPi2020_3000","16.787971031767697","76.57272673229494","5.944445326308681","2.0712016980778998","128.96343879191383","2.596456131619458","2.596456131619458",
"293","ENGAGE-NPi2020-3000","MESSAGEix-GLOBIOM 1.1","Final Energy|Residential and Commercial|Electricity","EJ/yr","[object Object]",2045,9.561242762786035,"2.596456131619458","2.596456131619458","2100","128.96343879191383","2957.5021853317503","GW6","failed","medium","ok","ok","ok","ok","high","medium","high","ok","ok","ok","true","C6","C6: Below 3.0°C","MESSAGEix-GLOBIOM_1.1","EN_NPi2020_3000","16.787971031767697","76.57272673229494","5.944445326308681","2.0712016980778998","128.96343879191383","2.596456131619458","2.596456131619458",
"293","ENGAGE-NPi2020-3000","MESSAGEix-GLOBIOM 1.1","Final Energy|Residential and Commercial|Electricity","EJ/yr","[object Object]",2050,10.414437765948284,"2.596456131619458","2.596456131619458","2100","128.96343879191383","2957.5021853317503","GW6","failed","medium","ok","ok","ok","ok","high","medium","high","ok","ok","ok","true","C6","C6: Below 3.0°C","MESSAGEix-GLOBIOM_1.1","EN_NPi2020_3000","16.787971031767697","76.57272673229494","5.944445326308681","2.0712016980778998","128.96343879191383","2.596456131619458","2.596456131619458",
"293","ENGAGE-NPi2020-3000","MESSAGEix-GLOBIOM 1.1","Final Energy|Residential and Commercial|Electricity","EJ/yr","[object Object]",2055,11.32378669899817,"2.596456131619458","2.596456131619458","2100","128.96343879191383","2957.5021853317503","GW6","failed","medium","ok","ok","ok","ok","high","medium","high","ok","ok","ok","true","C6","C6: Below 3.0°C","MESSAGEix-GLOBIOM_1.1","EN_NPi2020_3000","16.787971031767697","76.57272673229494","5.944445326308681","2.0712016980778998","128.96343879191383","2.596456131619458","2.596456131619458",
"293","ENGAGE-NPi2020-3000","MESSAGEix-GLOBIOM 1.1","Final Energy|Residential and Commercial|Electricity","EJ/yr","[object Object]",2060,12.210788697162029,"2.596456131619458","2.596456131619458","2100","128.96343879191383","2957.5021853317503","GW6","failed","medium","ok","ok","ok","ok","high","medium","high","ok","ok","ok","true","C6","C6: Below 3.0°C","MESSAGEix-GLOBIOM_1.1","EN_NPi2020_3000","16.787971031767697","76.57272673229494","5.944445326308681","2.0712016980778998","128.96343879191383","2.596456131619458","2.596456131619458",
"293","ENGAGE-NPi2020-3000","MESSAGEix-GLOBIOM 1.1","Final Energy|Residential and Commercial|Electricity","EJ/yr","[object Object]",2070,14.015116404668476,"2.596456131619458","2.596456131619458","2100","128.96343879191383","2957.5021853317503","GW6","failed","medium","ok","ok","ok","ok","high","medium","high","ok","ok","ok","true","C6","C6: Below 3.0°C","MESSAGEix-GLOBIOM_1.1","EN_NPi2020_3000","16.787971031767697","76.57272673229494","5.944445326308681","2.0712016980778998","128.96343879191383","2.596456131619458","2.596456131619458",
"293","ENGAGE-NPi2020-3000","MESSAGEix-GLOBIOM 1.1","Final Energy|Residential and Commercial|Electricity","EJ/yr","[object Object]",2080,16.06431912953932,"2.596456131619458","2.596456131619458","2100","128.96343879191383","2957.5021853317503","GW6","failed","medium","ok","ok","ok","ok","high","medium","high","ok","ok","ok","true","C6","C6: Below 3.0°C","MESSAGEix-GLOBIOM_1.1","EN_NPi2020_3000","16.787971031767697","76.57272673229494","5.944445326308681","2.0712016980778998","128.96343879191383","2.596456131619458","2.596456131619458",
"293","ENGAGE-NPi2020-3000","MESSAGEix-GLOBIOM 1.1","Final Energy|Residential and Commercial|Electricity","EJ/yr","[object Object]",2090,18.47589952871817,"2.596456131619458","2.596456131619458","2100","128.96343879191383","2957.5021853317503","GW6","failed","medium","ok","ok","ok","ok","high","medium","high","ok","ok","ok","true","C6","C6: Below 3.0°C","MESSAGEix-GLOBIOM_1.1","EN_NPi2020_3000","16.787971031767697","76.57272673229494","5.944445326308681","2.0712016980778998","128.96343879191383","2.596456131619458","2.596456131619458",
"293","ENGAGE-NPi2020-3000","MESSAGEix-GLOBIOM 1.1","Final Energy|Residential and Commercial|Electricity","EJ/yr","[object Object]",2100,21.37785338885375,"2.596456131619458","2.596456131619458","2100","128.96343879191383","2957.5021853317503","GW6","failed","medium","ok","ok","ok","ok","high","medium","high","ok","ok","ok","true","C6","C6: Below 3.0°C","MESSAGEix-GLOBIOM_1.1","EN_NPi2020_3000","16.787971031767697","76.57272673229494","5.944445326308681","2.0712016980778998","128.96343879191383","2.596456131619458","2.596456131619458",
"294","ENGAGE-NPi2020-3000-COV","MESSAGEix-GLOBIOM 1.1","Final Energy|Residential and Commercial|Electricity","EJ/yr","[object Object]",2010,7.155450464790536,"2.593976111263943","2.593976111263943","2100","98.59214968793054","2952.174223318423","GW6","failed","medium","ok","ok","ok","ok","high","medium","high","ok","ok","ok","true","C6","C6: Below 3.0°C","MESSAGEix-GLOBIOM_1.1","EN_NPi2020_3000_COV","15.864623262187694","77.83115056566825","5.644258857739154","2.032584236522311","98.59214968793054","2.593976111263943","2.593976111263943",
"294","ENGAGE-NPi2020-3000-COV","MESSAGEix-GLOBIOM 1.1","Final Energy|Residential and Commercial|Electricity","EJ/yr","[object Object]",2015,6.950679227102198,"2.593976111263943","2.593976111263943","2100","98.59214968793054","2952.174223318423","GW6","failed","medium","ok","ok","ok","ok","high","medium","high","ok","ok","ok","true","C6","C6: Below 3.0°C","MESSAGEix-GLOBIOM_1.1","EN_NPi2020_3000_COV","15.864623262187694","77.83115056566825","5.644258857739154","2.032584236522311","98.59214968793054","2.593976111263943","2.593976111263943",
"294","ENGAGE-NPi2020-3000-COV","MESSAGEix-GLOBIOM 1.1","Final Energy|Residential and Commercial|Electricity","EJ/yr","[object Object]",2020,6.876363800532477,"2.593976111263943","2.593976111263943","2100","98.59214968793054","2952.174223318423","GW6","failed","medium","ok","ok","ok","ok","high","medium","high","ok","ok","ok","true","C6","C6: Below 3.0°C","MESSAGEix-GLOBIOM_1.1","EN_NPi2020_3000_COV","15.864623262187694","77.83115056566825","5.644258857739154","2.032584236522311","98.59214968793054","2.593976111263943","2.593976111263943",
"294","ENGAGE-NPi2020-3000-COV","MESSAGEix-GLOBIOM 1.1","Final Energy|Residential and Commercial|Electricity","EJ/yr","[object Object]",2025,7.149307723656558,"2.593976111263943","2.593976111263943","2100","98.59214968793054","2952.174223318423","GW6","failed","medium","ok","ok","ok","ok","high","medium","high","ok","ok","ok","true","C6","C6: Below 3.0°C","MESSAGEix-GLOBIOM_1.1","EN_NPi2020_3000_COV","15.864623262187694","77.83115056566825","5.644258857739154","2.032584236522311","98.59214968793054","2.593976111263943","2.593976111263943",
"294","ENGAGE-NPi2020-3000-COV","MESSAGEix-GLOBIOM 1.1","Final Energy|Residential and Commercial|Electricity","EJ/yr","[object Object]",2030,7.5299652573756894,"2.593976111263943","2.593976111263943","2100","98.59214968793054","2952.174223318423","GW6","failed","medium","ok","ok","ok","ok","high","medium","high","ok","ok","ok","true","C6","C6: Below 3.0°C","MESSAGEix-GLOBIOM_1.1","EN_NPi2020_3000_COV","15.864623262187694","77.83115056566825","5.644258857739154","2.032584236522311","98.59214968793054","2.593976111263943","2.593976111263943",
"294","ENGAGE-NPi2020-3000-COV","MESSAGEix-GLOBIOM 1.1","Final Energy|Residential and Commercial|Electricity","EJ/yr","[object Object]",2035,8.357192030322473,"2.593976111263943","2.593976111263943","2100","98.59214968793054","2952.174223318423","GW6","failed","medium","ok","ok","ok","ok","high","medium","high","ok","ok","ok","true","C6","C6: Below 3.0°C","MESSAGEix-GLOBIOM_1.1","EN_NPi2020_3000_COV","15.864623262187694","77.83115056566825","5.644258857739154","2.032584236522311","98.59214968793054","2.593976111263943","2.593976111263943",
"294","ENGAGE-NPi2020-3000-COV","MESSAGEix-GLOBIOM 1.1","Final Energy|Residential and Commercial|Electricity","EJ/yr","[object Object]",2040,9.334889579419643,"2.593976111263943","2.593976111263943","2100","98.59214968793054","2952.174223318423","GW6","failed","medium","ok","ok","ok","ok","high","medium","high","ok","ok","ok","true","C6","C6: Below 3.0°C","MESSAGEix-GLOBIOM_1.1","EN_NPi2020_3000_COV","15.864623262187694","77.83115056566825","5.644258857739154","2.032584236522311","98.59214968793054","2.593976111263943","2.593976111263943",
"294","ENGAGE-NPi2020-3000-COV","MESSAGEix-GLOBIOM 1.1","Final Energy|Residential and Commercial|Electricity","EJ/yr","[object Object]",2045,10.30570888770848,"2.593976111263943","2.593976111263943","2100","98.59214968793054","2952.174223318423","GW6","failed","medium","ok","ok","ok","ok","high","medium","high","ok","ok","ok","true","C6","C6: Below 3.0°C","MESSAGEix-GLOBIOM_1.1","EN_NPi2020_3000_COV","15.864623262187694","77.83115056566825","5.644258857739154","2.032584236522311","98.59214968793054","2.593976111263943","2.593976111263943",
"294","ENGAGE-NPi2020-3000-COV","MESSAGEix-GLOBIOM 1.1","Final Energy|Residential and Commercial|Electricity","EJ/yr","[object Object]",2050,11.179032427237829,"2.593976111263943","2.593976111263943","2100","98.59214968793054","2952.174223318423","GW6","failed","medium","ok","ok","ok","ok","high","medium","high","ok","ok","ok","true","C6","C6: Below 3.0°C","MESSAGEix-GLOBIOM_1.1","EN_NPi2020_3000_COV","15.864623262187694","77.83115056566825","5.644258857739154","2.032584236522311","98.59214968793054","2.593976111263943","2.593976111263943",
"294","ENGAGE-NPi2020-3000-COV","MESSAGEix-GLOBIOM 1.1","Final Energy|Residential and Commercial|Electricity","EJ/yr","[object Object]",2055,12.043085880378296,"2.593976111263943","2.593976111263943","2100","98.59214968793054","2952.174223318423","GW6","failed","medium","ok","ok","ok","ok","high","medium","high","ok","ok","ok","true","C6","C6: Below 3.0°C","MESSAGEix-GLOBIOM_1.1","EN_NPi2020_3000_COV","15.864623262187694","77.83115056566825","5.644258857739154","2.032584236522311","98.59214968793054","2.593976111263943","2.593976111263943",
"294","ENGAGE-NPi2020-3000-COV","MESSAGEix-GLOBIOM 1.1","Final Energy|Residential and Commercial|Electricity","EJ/yr","[object Object]",2060,12.804869634443962,"2.593976111263943","2.593976111263943","2100","98.59214968793054","2952.174223318423","GW6","failed","medium","ok","ok","ok","ok","high","medium","high","ok","ok","ok","true","C6","C6: Below 3.0°C","MESSAGEix-GLOBIOM_1.1","EN_NPi2020_3000_COV","15.864623262187694","77.83115056566825","5.644258857739154","2.032584236522311","98.59214968793054","2.593976111263943","2.593976111263943",
"294","ENGAGE-NPi2020-3000-COV","MESSAGEix-GLOBIOM 1.1","Final Energy|Residential and Commercial|Electricity","EJ/yr","[object Object]",2070,15.523265805518443,"2.593976111263943","2.593976111263943","2100","98.59214968793054","2952.174223318423","GW6","failed","medium","ok","ok","ok","ok","high","medium","high","ok","ok","ok","true","C6","C6: Below 3.0°C","MESSAGEix-GLOBIOM_1.1","EN_NPi2020_3000_COV","15.864623262187694","77.83115056566825","5.644258857739154","2.032584236522311","98.59214968793054","2.593976111263943","2.593976111263943",
"294","ENGAGE-NPi2020-3000-COV","MESSAGEix-GLOBIOM 1.1","Final Energy|Residential and Commercial|Electricity","EJ/yr","[object Object]",2080,17.966269858691074,"2.593976111263943","2.593976111263943","2100","98.59214968793054","2952.174223318423","GW6","failed","medium","ok","ok","ok","ok","high","medium","high","ok","ok","ok","true","C6","C6: Below 3.0°C","MESSAGEix-GLOBIOM_1.1","EN_NPi2020_3000_COV","15.864623262187694","77.83115056566825","5.644258857739154","2.032584236522311","98.59214968793054","2.593976111263943","2.593976111263943",
"294","ENGAGE-NPi2020-3000-COV","MESSAGEix-GLOBIOM 1.1","Final Energy|Residential and Commercial|Electricity","EJ/yr","[object Object]",2090,20.33769801915513,"2.593976111263943","2.593976111263943","2100","98.59214968793054","2952.174223318423","GW6","failed","medium","ok","ok","ok","ok","high","medium","high","ok","ok","ok","true","C6","C6: Below 3.0°C","MESSAGEix-GLOBIOM_1.1","EN_NPi2020_3000_COV","15.864623262187694","77.83115056566825","5.644258857739154","2.032584236522311","98.59214968793054","2.593976111263943","2.593976111263943",
"294","ENGAGE-NPi2020-3000-COV","MESSAGEix-GLOBIOM 1.1","Final Energy|Residential and Commercial|Electricity","EJ/yr","[object Object]",2100,23.109066410530986,"2.593976111263943","2.593976111263943","2100","98.59214968793054","2952.174223318423","GW6","failed","medium","ok","ok","ok","ok","high","medium","high","ok","ok","ok","true","C6","C6: Below 3.0°C","MESSAGEix-GLOBIOM_1.1","EN_NPi2020_3000_COV","15.864623262187694","77.83115056566825","5.644258857739154","2.032584236522311","98.59214968793054","2.593976111263943","2.593976111263943",
"295","ENGAGE-NPi2020-3000f","MESSAGEix-GLOBIOM 1.1","Final Energy|Residential and Commercial|Electricity","EJ/yr","[object Object]",2010,7.155450464790536,"2.595969368826513","2.595969368826513","2100","127.06249229330217","2954.145749198918","GW6","failed","medium","ok","ok","ok","ok","high","medium","high","ok","ok","ok","true","C6","C6: Below 3.0°C","MESSAGEix-GLOBIOM_1.1","EN_NPi2020_3000f","16.86694913602238","76.4746380463779","5.961555830366004","2.078211888881654","127.06249229330217","2.595969368826513","2.595969368826513",
"295","ENGAGE-NPi2020-3000f","MESSAGEix-GLOBIOM 1.1","Final Energy|Residential and Commercial|Electricity","EJ/yr","[object Object]",2015,6.950679227102198,"2.595969368826513","2.595969368826513","2100","127.06249229330217","2954.145749198918","GW6","failed","medium","ok","ok","ok","ok","high","medium","high","ok","ok","ok","true","C6","C6: Below 3.0°C","MESSAGEix-GLOBIOM_1.1","EN_NPi2020_3000f","16.86694913602238","76.4746380463779","5.961555830366004","2.078211888881654","127.06249229330217","2.595969368826513","2.595969368826513",
"295","ENGAGE-NPi2020-3000f","MESSAGEix-GLOBIOM 1.1","Final Energy|Residential and Commercial|Electricity","EJ/yr","[object Object]",2020,7.692261242931078,"2.595969368826513","2.595969368826513","2100","127.06249229330217","2954.145749198918","GW6","failed","medium","ok","ok","ok","ok","high","medium","high","ok","ok","ok","true","C6","C6: Below 3.0°C","MESSAGEix-GLOBIOM_1.1","EN_NPi2020_3000f","16.86694913602238","76.4746380463779","5.961555830366004","2.078211888881654","127.06249229330217","2.595969368826513","2.595969368826513",
"295","ENGAGE-NPi2020-3000f","MESSAGEix-GLOBIOM 1.1","Final Energy|Residential and Commercial|Electricity","EJ/yr","[object Object]",2025,7.816222772264279,"2.595969368826513","2.595969368826513","2100","127.06249229330217","2954.145749198918","GW6","failed","medium","ok","ok","ok","ok","high","medium","high","ok","ok","ok","true","C6","C6: Below 3.0°C","MESSAGEix-GLOBIOM_1.1","EN_NPi2020_3000f","16.86694913602238","76.4746380463779","5.961555830366004","2.078211888881654","127.06249229330217","2.595969368826513","2.595969368826513",
"295","ENGAGE-NPi2020-3000f","MESSAGEix-GLOBIOM 1.1","Final Energy|Residential and Commercial|Electricity","EJ/yr","[object Object]",2030,8.373815549787281,"2.595969368826513","2.595969368826513","2100","127.06249229330217","2954.145749198918","GW6","failed","medium","ok","ok","ok","ok","high","medium","high","ok","ok","ok","true","C6","C6: Below 3.0°C","MESSAGEix-GLOBIOM_1.1","EN_NPi2020_3000f","16.86694913602238","76.4746380463779","5.961555830366004","2.078211888881654","127.06249229330217","2.595969368826513","2.595969368826513",
"295","ENGAGE-NPi2020-3000f","MESSAGEix-GLOBIOM 1.1","Final Energy|Residential and Commercial|Electricity","EJ/yr","[object Object]",2035,8.417345548192328,"2.595969368826513","2.595969368826513","2100","127.06249229330217","2954.145749198918","GW6","failed","medium","ok","ok","ok","ok","high","medium","high","ok","ok","ok","true","C6","C6: Below 3.0°C","MESSAGEix-GLOBIOM_1.1","EN_NPi2020_3000f","16.86694913602238","76.4746380463779","5.961555830366004","2.078211888881654","127.06249229330217","2.595969368826513","2.595969368826513",
"295","ENGAGE-NPi2020-3000f","MESSAGEix-GLOBIOM 1.1","Final Energy|Residential and Commercial|Electricity","EJ/yr","[object Object]",2040,9.194802045407606,"2.595969368826513","2.595969368826513","2100","127.06249229330217","2954.145749198918","GW6","failed","medium","ok","ok","ok","ok","high","medium","high","ok","ok","ok","true","C6","C6: Below 3.0°C","MESSAGEix-GLOBIOM_1.1","EN_NPi2020_3000f","16.86694913602238","76.4746380463779","5.961555830366004","2.078211888881654","127.06249229330217","2.595969368826513","2.595969368826513",
"295","ENGAGE-NPi2020-3000f","MESSAGEix-GLOBIOM 1.1","Final Energy|Residential and Commercial|Electricity","EJ/yr","[object Object]",2045,9.550911611990802,"2.595969368826513","2.595969368826513","2100","127.06249229330217","2954.145749198918","GW6","failed","medium","ok","ok","ok","ok","high","medium","high","ok","ok","ok","true","C6","C6: Below 3.0°C","MESSAGEix-GLOBIOM_1.1","EN_NPi2020_3000f","16.86694913602238","76.4746380463779","5.961555830366004","2.078211888881654","127.06249229330217","2.595969368826513","2.595969368826513",
"295","ENGAGE-NPi2020-3000f","MESSAGEix-GLOBIOM 1.1","Final Energy|Residential and Commercial|Electricity","EJ/yr","[object Object]",2050,10.400514913527434,"2.595969368826513","2.595969368826513","2100","127.06249229330217","2954.145749198918","GW6","failed","medium","ok","ok","ok","ok","high","medium","high","ok","ok","ok","true","C6","C6: Below 3.0°C","MESSAGEix-GLOBIOM_1.1","EN_NPi2020_3000f","16.86694913602238","76.4746380463779","5.961555830366004","2.078211888881654","127.06249229330217","2.595969368826513","2.595969368826513",
"295","ENGAGE-NPi2020-3000f","MESSAGEix-GLOBIOM 1.1","Final Energy|Residential and Commercial|Electricity","EJ/yr","[object Object]",2055,11.3041766891128,"2.595969368826513","2.595969368826513","2100","127.06249229330217","2954.145749198918","GW6","failed","medium","ok","ok","ok","ok","high","medium","high","ok","ok","ok","true","C6","C6: Below 3.0°C","MESSAGEix-GLOBIOM_1.1","EN_NPi2020_3000f","16.86694913602238","76.4746380463779","5.961555830366004","2.078211888881654","127.06249229330217","2.595969368826513","2.595969368826513",
"295","ENGAGE-NPi2020-3000f","MESSAGEix-GLOBIOM 1.1","Final Energy|Residential and Commercial|Electricity","EJ/yr","[object Object]",2060,12.18936156164257,"2.595969368826513","2.595969368826513","2100","127.06249229330217","2954.145749198918","GW6","failed","medium","ok","ok","ok","ok","high","medium","high","ok","ok","ok","true","C6","C6: Below 3.0°C","MESSAGEix-GLOBIOM_1.1","EN_NPi2020_3000f","16.86694913602238","76.4746380463779","5.961555830366004","2.078211888881654","127.06249229330217","2.595969368826513","2.595969368826513",
"295","ENGAGE-NPi2020-3000f","MESSAGEix-GLOBIOM 1.1","Final Energy|Residential and Commercial|Electricity","EJ/yr","[object Object]",2070,13.995426734233323,"2.595969368826513","2.595969368826513","2100","127.06249229330217","2954.145749198918","GW6","failed","medium","ok","ok","ok","ok","high","medium","high","ok","ok","ok","true","C6","C6: Below 3.0°C","MESSAGEix-GLOBIOM_1.1","EN_NPi2020_3000f","16.86694913602238","76.4746380463779","5.961555830366004","2.078211888881654","127.06249229330217","2.595969368826513","2.595969368826513",
"295","ENGAGE-NPi2020-3000f","MESSAGEix-GLOBIOM 1.1","Final Energy|Residential and Commercial|Electricity","EJ/yr","[object Object]",2080,16.0527849244718,"2.595969368826513","2.595969368826513","2100","127.06249229330217","2954.145749198918","GW6","failed","medium","ok","ok","ok","ok","high","medium","high","ok","ok","ok","true","C6","C6: Below 3.0°C","MESSAGEix-GLOBIOM_1.1","EN_NPi2020_3000f","16.86694913602238","76.4746380463779","5.961555830366004","2.078211888881654","127.06249229330217","2.595969368826513","2.595969368826513",
"295","ENGAGE-NPi2020-3000f","MESSAGEix-GLOBIOM 1.1","Final Energy|Residential and Commercial|Electricity","EJ/yr","[object Object]",2090,18.487309135049163,"2.595969368826513","2.595969368826513","2100","127.06249229330217","2954.145749198918","GW6","failed","medium","ok","ok","ok","ok","high","medium","high","ok","ok","ok","true","C6","C6: Below 3.0°C","MESSAGEix-GLOBIOM_1.1","EN_NPi2020_3000f","16.86694913602238","76.4746380463779","5.961555830366004","2.078211888881654","127.06249229330217","2.595969368826513","2.595969368826513",
"295","ENGAGE-NPi2020-3000f","MESSAGEix-GLOBIOM 1.1","Final Energy|Residential and Commercial|Electricity","EJ/yr","[object Object]",2100,21.381803866142324,"2.595969368826513","2.595969368826513","2100","127.06249229330217","2954.145749198918","GW6","failed","medium","ok","ok","ok","ok","high","medium","high","ok","ok","ok","true","C6","C6: Below 3.0°C","MESSAGEix-GLOBIOM_1.1","EN_NPi2020_3000f","16.86694913602238","76.4746380463779","5.961555830366004","2.078211888881654","127.06249229330217","2.595969368826513","2.595969368826513",
"296","ENGAGE-NPi2020-3000f-COV","MESSAGEix-GLOBIOM 1.1","Final Energy|Residential and Commercial|Electricity","EJ/yr","[object Object]",2010,7.155450464790536,"2.59243955127","2.59243955127","2100","97.13514979877836","2949.01627898828","GW6","failed","medium","ok","ok","ok","ok","high","medium","high","ok","ok","ok","true","C6","C6: Below 3.0°C","MESSAGEix-GLOBIOM_1.1","EN_NPi2020_3000f_COV","15.939324760501023","77.74175909733799","5.657410986346849","2.032570652904667","97.13514979877836","2.59243955127","2.59243955127",
"296","ENGAGE-NPi2020-3000f-COV","MESSAGEix-GLOBIOM 1.1","Final Energy|Residential and Commercial|Electricity","EJ/yr","[object Object]",2015,6.950679227102198,"2.59243955127","2.59243955127","2100","97.13514979877836","2949.01627898828","GW6","failed","medium","ok","ok","ok","ok","high","medium","high","ok","ok","ok","true","C6","C6: Below 3.0°C","MESSAGEix-GLOBIOM_1.1","EN_NPi2020_3000f_COV","15.939324760501023","77.74175909733799","5.657410986346849","2.032570652904667","97.13514979877836","2.59243955127","2.59243955127",
"296","ENGAGE-NPi2020-3000f-COV","MESSAGEix-GLOBIOM 1.1","Final Energy|Residential and Commercial|Electricity","EJ/yr","[object Object]",2020,6.876363800532477,"2.59243955127","2.59243955127","2100","97.13514979877836","2949.01627898828","GW6","failed","medium","ok","ok","ok","ok","high","medium","high","ok","ok","ok","true","C6","C6: Below 3.0°C","MESSAGEix-GLOBIOM_1.1","EN_NPi2020_3000f_COV","15.939324760501023","77.74175909733799","5.657410986346849","2.032570652904667","97.13514979877836","2.59243955127","2.59243955127",
"296","ENGAGE-NPi2020-3000f-COV","MESSAGEix-GLOBIOM 1.1","Final Energy|Residential and Commercial|Electricity","EJ/yr","[object Object]",2025,7.149409146887946,"2.59243955127","2.59243955127","2100","97.13514979877836","2949.01627898828","GW6","failed","medium","ok","ok","ok","ok","high","medium","high","ok","ok","ok","true","C6","C6: Below 3.0°C","MESSAGEix-GLOBIOM_1.1","EN_NPi2020_3000f_COV","15.939324760501023","77.74175909733799","5.657410986346849","2.032570652904667","97.13514979877836","2.59243955127","2.59243955127",
"296","ENGAGE-NPi2020-3000f-COV","MESSAGEix-GLOBIOM 1.1","Final Energy|Residential and Commercial|Electricity","EJ/yr","[object Object]",2030,7.532270580345909,"2.59243955127","2.59243955127","2100","97.13514979877836","2949.01627898828","GW6","failed","medium","ok","ok","ok","ok","high","medium","high","ok","ok","ok","true","C6","C6: Below 3.0°C","MESSAGEix-GLOBIOM_1.1","EN_NPi2020_3000f_COV","15.939324760501023","77.74175909733799","5.657410986346849","2.032570652904667","97.13514979877836","2.59243955127","2.59243955127",
"296","ENGAGE-NPi2020-3000f-COV","MESSAGEix-GLOBIOM 1.1","Final Energy|Residential and Commercial|Electricity","EJ/yr","[object Object]",2035,8.358496240133048,"2.59243955127","2.59243955127","2100","97.13514979877836","2949.01627898828","GW6","failed","medium","ok","ok","ok","ok","high","medium","high","ok","ok","ok","true","C6","C6: Below 3.0°C","MESSAGEix-GLOBIOM_1.1","EN_NPi2020_3000f_COV","15.939324760501023","77.74175909733799","5.657410986346849","2.032570652904667","97.13514979877836","2.59243955127","2.59243955127",
"296","ENGAGE-NPi2020-3000f-COV","MESSAGEix-GLOBIOM 1.1","Final Energy|Residential and Commercial|Electricity","EJ/yr","[object Object]",2040,9.335328413452777,"2.59243955127","2.59243955127","2100","97.13514979877836","2949.01627898828","GW6","failed","medium","ok","ok","ok","ok","high","medium","high","ok","ok","ok","true","C6","C6: Below 3.0°C","MESSAGEix-GLOBIOM_1.1","EN_NPi2020_3000f_COV","15.939324760501023","77.74175909733799","5.657410986346849","2.032570652904667","97.13514979877836","2.59243955127","2.59243955127",
"296","ENGAGE-NPi2020-3000f-COV","MESSAGEix-GLOBIOM 1.1","Final Energy|Residential and Commercial|Electricity","EJ/yr","[object Object]",2045,10.30273943710057,"2.59243955127","2.59243955127","2100","97.13514979877836","2949.01627898828","GW6","failed","medium","ok","ok","ok","ok","high","medium","high","ok","ok","ok","true","C6","C6: Below 3.0°C","MESSAGEix-GLOBIOM_1.1","EN_NPi2020_3000f_COV","15.939324760501023","77.74175909733799","5.657410986346849","2.032570652904667","97.13514979877836","2.59243955127","2.59243955127",
"296","ENGAGE-NPi2020-3000f-COV","MESSAGEix-GLOBIOM 1.1","Final Energy|Residential and Commercial|Electricity","EJ/yr","[object Object]",2050,11.173557396447006,"2.59243955127","2.59243955127","2100","97.13514979877836","2949.01627898828","GW6","failed","medium","ok","ok","ok","ok","high","medium","high","ok","ok","ok","true","C6","C6: Below 3.0°C","MESSAGEix-GLOBIOM_1.1","EN_NPi2020_3000f_COV","15.939324760501023","77.74175909733799","5.657410986346849","2.032570652904667","97.13514979877836","2.59243955127","2.59243955127",
"296","ENGAGE-NPi2020-3000f-COV","MESSAGEix-GLOBIOM 1.1","Final Energy|Residential and Commercial|Electricity","EJ/yr","[object Object]",2055,12.033330859936004,"2.59243955127","2.59243955127","2100","97.13514979877836","2949.01627898828","GW6","failed","medium","ok","ok","ok","ok","high","medium","high","ok","ok","ok","true","C6","C6: Below 3.0°C","MESSAGEix-GLOBIOM_1.1","EN_NPi2020_3000f_COV","15.939324760501023","77.74175909733799","5.657410986346849","2.032570652904667","97.13514979877836","2.59243955127","2.59243955127",
"296","ENGAGE-NPi2020-3000f-COV","MESSAGEix-GLOBIOM 1.1","Final Energy|Residential and Commercial|Electricity","EJ/yr","[object Object]",2060,12.789537643618129,"2.59243955127","2.59243955127","2100","97.13514979877836","2949.01627898828","GW6","failed","medium","ok","ok","ok","ok","high","medium","high","ok","ok","ok","true","C6","C6: Below 3.0°C","MESSAGEix-GLOBIOM_1.1","EN_NPi2020_3000f_COV","15.939324760501023","77.74175909733799","5.657410986346849","2.032570652904667","97.13514979877836","2.59243955127","2.59243955127",
"296","ENGAGE-NPi2020-3000f-COV","MESSAGEix-GLOBIOM 1.1","Final Energy|Residential and Commercial|Electricity","EJ/yr","[object Object]",2070,15.50486418757766,"2.59243955127","2.59243955127","2100","97.13514979877836","2949.01627898828","GW6","failed","medium","ok","ok","ok","ok","high","medium","high","ok","ok","ok","true","C6","C6: Below 3.0°C","MESSAGEix-GLOBIOM_1.1","EN_NPi2020_3000f_COV","15.939324760501023","77.74175909733799","5.657410986346849","2.032570652904667","97.13514979877836","2.59243955127","2.59243955127",
"296","ENGAGE-NPi2020-3000f-COV","MESSAGEix-GLOBIOM 1.1","Final Energy|Residential and Commercial|Electricity","EJ/yr","[object Object]",2080,17.966209280992288,"2.59243955127","2.59243955127","2100","97.13514979877836","2949.01627898828","GW6","failed","medium","ok","ok","ok","ok","high","medium","high","ok","ok","ok","true","C6","C6: Below 3.0°C","MESSAGEix-GLOBIOM_1.1","EN_NPi2020_3000f_COV","15.939324760501023","77.74175909733799","5.657410986346849","2.032570652904667","97.13514979877836","2.59243955127","2.59243955127",
"296","ENGAGE-NPi2020-3000f-COV","MESSAGEix-GLOBIOM 1.1","Final Energy|Residential and Commercial|Electricity","EJ/yr","[object Object]",2090,20.347536841023693,"2.59243955127","2.59243955127","2100","97.13514979877836","2949.01627898828","GW6","failed","medium","ok","ok","ok","ok","high","medium","high","ok","ok","ok","true","C6","C6: Below 3.0°C","MESSAGEix-GLOBIOM_1.1","EN_NPi2020_3000f_COV","15.939324760501023","77.74175909733799","5.657410986346849","2.032570652904667","97.13514979877836","2.59243955127","2.59243955127",
"296","ENGAGE-NPi2020-3000f-COV","MESSAGEix-GLOBIOM 1.1","Final Energy|Residential and Commercial|Electricity","EJ/yr","[object Object]",2100,23.14102406598749,"2.59243955127","2.59243955127","2100","97.13514979877836","2949.01627898828","GW6","failed","medium","ok","ok","ok","ok","high","medium","high","ok","ok","ok","true","C6","C6: Below 3.0°C","MESSAGEix-GLOBIOM_1.1","EN_NPi2020_3000f_COV","15.939324760501023","77.74175909733799","5.657410986346849","2.032570652904667","97.13514979877836","2.59243955127","2.59243955127",
"350","ENGAGE-INDCi2030-2500","POLES-JRC ENGAGE","Final Energy|Residential and Commercial|Electricity","EJ/yr","[object Object]",2010,6.937366008758545,"2.511038512239234","2.511038512239234","2100","343.4726454313333","2455.5827373046877","GW6","ok","medium","ok","ok","medium","ok","medium","medium","medium","ok","ok","ok","true","C6","C6: Below 3.0°C","POLES ENGAGE","EN_INDCi2030_2500","23.943663380991744","64.1863830748804","8.699947532982996","3.519437592719754","343.4726454313333","2.511038512239234","2.511038512239234","0.001867741"
"350","ENGAGE-INDCi2030-2500","POLES-JRC ENGAGE","Final Energy|Residential and Commercial|Electricity","EJ/yr","[object Object]",2015,6.746779441833496,"2.511038512239234","2.511038512239234","2100","343.4726454313333","2455.5827373046877","GW6","ok","medium","ok","ok","medium","ok","medium","medium","medium","ok","ok","ok","true","C6","C6: Below 3.0°C","POLES ENGAGE","EN_INDCi2030_2500","23.943663380991744","64.1863830748804","8.699947532982996","3.519437592719754","343.4726454313333","2.511038512239234","2.511038512239234","0.001867741"
"350","ENGAGE-INDCi2030-2500","POLES-JRC ENGAGE","Final Energy|Residential and Commercial|Electricity","EJ/yr","[object Object]",2020,7.208137035369873,"2.511038512239234","2.511038512239234","2100","343.4726454313333","2455.5827373046877","GW6","ok","medium","ok","ok","medium","ok","medium","medium","medium","ok","ok","ok","true","C6","C6: Below 3.0°C","POLES ENGAGE","EN_INDCi2030_2500","23.943663380991744","64.1863830748804","8.699947532982996","3.519437592719754","343.4726454313333","2.511038512239234","2.511038512239234","0.001867741"
"350","ENGAGE-INDCi2030-2500","POLES-JRC ENGAGE","Final Energy|Residential and Commercial|Electricity","EJ/yr","[object Object]",2025,7.573948860168457,"2.511038512239234","2.511038512239234","2100","343.4726454313333","2455.5827373046877","GW6","ok","medium","ok","ok","medium","ok","medium","medium","medium","ok","ok","ok","true","C6","C6: Below 3.0°C","POLES ENGAGE","EN_INDCi2030_2500","23.943663380991744","64.1863830748804","8.699947532982996","3.519437592719754","343.4726454313333","2.511038512239234","2.511038512239234","0.001867741"
"350","ENGAGE-INDCi2030-2500","POLES-JRC ENGAGE","Final Energy|Residential and Commercial|Electricity","EJ/yr","[object Object]",2030,7.959762096405029,"2.511038512239234","2.511038512239234","2100","343.4726454313333","2455.5827373046877","GW6","ok","medium","ok","ok","medium","ok","medium","medium","medium","ok","ok","ok","true","C6","C6: Below 3.0°C","POLES ENGAGE","EN_INDCi2030_2500","23.943663380991744","64.1863830748804","8.699947532982996","3.519437592719754","343.4726454313333","2.511038512239234","2.511038512239234","0.001867741"
"350","ENGAGE-INDCi2030-2500","POLES-JRC ENGAGE","Final Energy|Residential and Commercial|Electricity","EJ/yr","[object Object]",2035,8.648426055908203,"2.511038512239234","2.511038512239234","2100","343.4726454313333","2455.5827373046877","GW6","ok","medium","ok","ok","medium","ok","medium","medium","medium","ok","ok","ok","true","C6","C6: Below 3.0°C","POLES ENGAGE","EN_INDCi2030_2500","23.943663380991744","64.1863830748804","8.699947532982996","3.519437592719754","343.4726454313333","2.511038512239234","2.511038512239234","0.001867741"
"350","ENGAGE-INDCi2030-2500","POLES-JRC ENGAGE","Final Energy|Residential and Commercial|Electricity","EJ/yr","[object Object]",2040,9.206313133239746,"2.511038512239234","2.511038512239234","2100","343.4726454313333","2455.5827373046877","GW6","ok","medium","ok","ok","medium","ok","medium","medium","medium","ok","ok","ok","true","C6","C6: Below 3.0°C","POLES ENGAGE","EN_INDCi2030_2500","23.943663380991744","64.1863830748804","8.699947532982996","3.519437592719754","343.4726454313333","2.511038512239234","2.511038512239234","0.001867741"
"350","ENGAGE-INDCi2030-2500","POLES-JRC ENGAGE","Final Energy|Residential and Commercial|Electricity","EJ/yr","[object Object]",2045,9.655607223510742,"2.511038512239234","2.511038512239234","2100","343.4726454313333","2455.5827373046877","GW6","ok","medium","ok","ok","medium","ok","medium","medium","medium","ok","ok","ok","true","C6","C6: Below 3.0°C","POLES ENGAGE","EN_INDCi2030_2500","23.943663380991744","64.1863830748804","8.699947532982996","3.519437592719754","343.4726454313333","2.511038512239234","2.511038512239234","0.001867741"
"350","ENGAGE-INDCi2030-2500","POLES-JRC ENGAGE","Final Energy|Residential and Commercial|Electricity","EJ/yr","[object Object]",2050,9.943100929260254,"2.511038512239234","2.511038512239234","2100","343.4726454313333","2455.5827373046877","GW6","ok","medium","ok","ok","medium","ok","medium","medium","medium","ok","ok","ok","true","C6","C6: Below 3.0°C","POLES ENGAGE","EN_INDCi2030_2500","23.943663380991744","64.1863830748804","8.699947532982996","3.519437592719754","343.4726454313333","2.511038512239234","2.511038512239234","0.001867741"
"350","ENGAGE-INDCi2030-2500","POLES-JRC ENGAGE","Final Energy|Residential and Commercial|Electricity","EJ/yr","[object Object]",2060,10.10468578338623,"2.511038512239234","2.511038512239234","2100","343.4726454313333","2455.5827373046877","GW6","ok","medium","ok","ok","medium","ok","medium","medium","medium","ok","ok","ok","true","C6","C6: Below 3.0°C","POLES ENGAGE","EN_INDCi2030_2500","23.943663380991744","64.1863830748804","8.699947532982996","3.519437592719754","343.4726454313333","2.511038512239234","2.511038512239234","0.001867741"
"350","ENGAGE-INDCi2030-2500","POLES-JRC ENGAGE","Final Energy|Residential and Commercial|Electricity","EJ/yr","[object Object]",2070,9.879666328430176,"2.511038512239234","2.511038512239234","2100","343.4726454313333","2455.5827373046877","GW6","ok","medium","ok","ok","medium","ok","medium","medium","medium","ok","ok","ok","true","C6","C6: Below 3.0°C","POLES ENGAGE","EN_INDCi2030_2500","23.943663380991744","64.1863830748804","8.699947532982996","3.519437592719754","343.4726454313333","2.511038512239234","2.511038512239234","0.001867741"
"350","ENGAGE-INDCi2030-2500","POLES-JRC ENGAGE","Final Energy|Residential and Commercial|Electricity","EJ/yr","[object Object]",2080,9.567453384399414,"2.511038512239234","2.511038512239234","2100","343.4726454313333","2455.5827373046877","GW6","ok","medium","ok","ok","medium","ok","medium","medium","medium","ok","ok","ok","true","C6","C6: Below 3.0°C","POLES ENGAGE","EN_INDCi2030_2500","23.943663380991744","64.1863830748804","8.699947532982996","3.519437592719754","343.4726454313333","2.511038512239234","2.511038512239234","0.001867741"
"350","ENGAGE-INDCi2030-2500","POLES-JRC ENGAGE","Final Energy|Residential and Commercial|Electricity","EJ/yr","[object Object]",2090,9.288657188415527,"2.511038512239234","2.511038512239234","2100","343.4726454313333","2455.5827373046877","GW6","ok","medium","ok","ok","medium","ok","medium","medium","medium","ok","ok","ok","true","C6","C6: Below 3.0°C","POLES ENGAGE","EN_INDCi2030_2500","23.943663380991744","64.1863830748804","8.699947532982996","3.519437592719754","343.4726454313333","2.511038512239234","2.511038512239234","0.001867741"
"350","ENGAGE-INDCi2030-2500","POLES-JRC ENGAGE","Final Energy|Residential and Commercial|Electricity","EJ/yr","[object Object]",2100,9.099156379699709,"2.511038512239234","2.511038512239234","2100","343.4726454313333","2455.5827373046877","GW6","ok","medium","ok","ok","medium","ok","medium","medium","medium","ok","ok","ok","true","C6","C6: Below 3.0°C","POLES ENGAGE","EN_INDCi2030_2500","23.943663380991744","64.1863830748804","8.699947532982996","3.519437592719754","343.4726454313333","2.511038512239234","2.511038512239234","0.001867741"
"351","ENGAGE-INDCi2030-2500f","POLES-JRC ENGAGE","Final Energy|Residential and Commercial|Electricity","EJ/yr","[object Object]",2010,6.937366008758545,"2.511038512239234","2.511038512239234","2100","343.4726454313333","2455.5827373046877","GW6","ok","medium","ok","ok","medium","ok","medium","medium","medium","ok","ok","ok","true","C6","C6: Below 3.0°C","POLES ENGAGE","EN_INDCi2030_2500f","23.943663380991744","64.1863830748804","8.699947532982996","3.519437592719754","343.4726454313333","2.511038512239234","2.511038512239234","0.001867741"
"351","ENGAGE-INDCi2030-2500f","POLES-JRC ENGAGE","Final Energy|Residential and Commercial|Electricity","EJ/yr","[object Object]",2015,6.746779441833496,"2.511038512239234","2.511038512239234","2100","343.4726454313333","2455.5827373046877","GW6","ok","medium","ok","ok","medium","ok","medium","medium","medium","ok","ok","ok","true","C6","C6: Below 3.0°C","POLES ENGAGE","EN_INDCi2030_2500f","23.943663380991744","64.1863830748804","8.699947532982996","3.519437592719754","343.4726454313333","2.511038512239234","2.511038512239234","0.001867741"
"351","ENGAGE-INDCi2030-2500f","POLES-JRC ENGAGE","Final Energy|Residential and Commercial|Electricity","EJ/yr","[object Object]",2020,7.208137035369873,"2.511038512239234","2.511038512239234","2100","343.4726454313333","2455.5827373046877","GW6","ok","medium","ok","ok","medium","ok","medium","medium","medium","ok","ok","ok","true","C6","C6: Below 3.0°C","POLES ENGAGE","EN_INDCi2030_2500f","23.943663380991744","64.1863830748804","8.699947532982996","3.519437592719754","343.4726454313333","2.511038512239234","2.511038512239234","0.001867741"
"351","ENGAGE-INDCi2030-2500f","POLES-JRC ENGAGE","Final Energy|Residential and Commercial|Electricity","EJ/yr","[object Object]",2025,7.573948860168457,"2.511038512239234","2.511038512239234","2100","343.4726454313333","2455.5827373046877","GW6","ok","medium","ok","ok","medium","ok","medium","medium","medium","ok","ok","ok","true","C6","C6: Below 3.0°C","POLES ENGAGE","EN_INDCi2030_2500f","23.943663380991744","64.1863830748804","8.699947532982996","3.519437592719754","343.4726454313333","2.511038512239234","2.511038512239234","0.001867741"
"351","ENGAGE-INDCi2030-2500f","POLES-JRC ENGAGE","Final Energy|Residential and Commercial|Electricity","EJ/yr","[object Object]",2030,7.959762096405029,"2.511038512239234","2.511038512239234","2100","343.4726454313333","2455.5827373046877","GW6","ok","medium","ok","ok","medium","ok","medium","medium","medium","ok","ok","ok","true","C6","C6: Below 3.0°C","POLES ENGAGE","EN_INDCi2030_2500f","23.943663380991744","64.1863830748804","8.699947532982996","3.519437592719754","343.4726454313333","2.511038512239234","2.511038512239234","0.001867741"
"351","ENGAGE-INDCi2030-2500f","POLES-JRC ENGAGE","Final Energy|Residential and Commercial|Electricity","EJ/yr","[object Object]",2035,8.648426055908203,"2.511038512239234","2.511038512239234","2100","343.4726454313333","2455.5827373046877","GW6","ok","medium","ok","ok","medium","ok","medium","medium","medium","ok","ok","ok","true","C6","C6: Below 3.0°C","POLES ENGAGE","EN_INDCi2030_2500f","23.943663380991744","64.1863830748804","8.699947532982996","3.519437592719754","343.4726454313333","2.511038512239234","2.511038512239234","0.001867741"
"351","ENGAGE-INDCi2030-2500f","POLES-JRC ENGAGE","Final Energy|Residential and Commercial|Electricity","EJ/yr","[object Object]",2040,9.206313133239746,"2.511038512239234","2.511038512239234","2100","343.4726454313333","2455.5827373046877","GW6","ok","medium","ok","ok","medium","ok","medium","medium","medium","ok","ok","ok","true","C6","C6: Below 3.0°C","POLES ENGAGE","EN_INDCi2030_2500f","23.943663380991744","64.1863830748804","8.699947532982996","3.519437592719754","343.4726454313333","2.511038512239234","2.511038512239234","0.001867741"
"351","ENGAGE-INDCi2030-2500f","POLES-JRC ENGAGE","Final Energy|Residential and Commercial|Electricity","EJ/yr","[object Object]",2045,9.655607223510742,"2.511038512239234","2.511038512239234","2100","343.4726454313333","2455.5827373046877","GW6","ok","medium","ok","ok","medium","ok","medium","medium","medium","ok","ok","ok","true","C6","C6: Below 3.0°C","POLES ENGAGE","EN_INDCi2030_2500f","23.943663380991744","64.1863830748804","8.699947532982996","3.519437592719754","343.4726454313333","2.511038512239234","2.511038512239234","0.001867741"
"351","ENGAGE-INDCi2030-2500f","POLES-JRC ENGAGE","Final Energy|Residential and Commercial|Electricity","EJ/yr","[object Object]",2050,9.943100929260254,"2.511038512239234","2.511038512239234","2100","343.4726454313333","2455.5827373046877","GW6","ok","medium","ok","ok","medium","ok","medium","medium","medium","ok","ok","ok","true","C6","C6: Below 3.0°C","POLES ENGAGE","EN_INDCi2030_2500f","23.943663380991744","64.1863830748804","8.699947532982996","3.519437592719754","343.4726454313333","2.511038512239234","2.511038512239234","0.001867741"
"351","ENGAGE-INDCi2030-2500f","POLES-JRC ENGAGE","Final Energy|Residential and Commercial|Electricity","EJ/yr","[object Object]",2060,10.10468578338623,"2.511038512239234","2.511038512239234","2100","343.4726454313333","2455.5827373046877","GW6","ok","medium","ok","ok","medium","ok","medium","medium","medium","ok","ok","ok","true","C6","C6: Below 3.0°C","POLES ENGAGE","EN_INDCi2030_2500f","23.943663380991744","64.1863830748804","8.699947532982996","3.519437592719754","343.4726454313333","2.511038512239234","2.511038512239234","0.001867741"
"351","ENGAGE-INDCi2030-2500f","POLES-JRC ENGAGE","Final Energy|Residential and Commercial|Electricity","EJ/yr","[object Object]",2070,9.879666328430176,"2.511038512239234","2.511038512239234","2100","343.4726454313333","2455.5827373046877","GW6","ok","medium","ok","ok","medium","ok","medium","medium","medium","ok","ok","ok","true","C6","C6: Below 3.0°C","POLES ENGAGE","EN_INDCi2030_2500f","23.943663380991744","64.1863830748804","8.699947532982996","3.519437592719754","343.4726454313333","2.511038512239234","2.511038512239234","0.001867741"
"351","ENGAGE-INDCi2030-2500f","POLES-JRC ENGAGE","Final Energy|Residential and Commercial|Electricity","EJ/yr","[object Object]",2080,9.567453384399414,"2.511038512239234","2.511038512239234","2100","343.4726454313333","2455.5827373046877","GW6","ok","medium","ok","ok","medium","ok","medium","medium","medium","ok","ok","ok","true","C6","C6: Below 3.0°C","POLES ENGAGE","EN_INDCi2030_2500f","23.943663380991744","64.1863830748804","8.699947532982996","3.519437592719754","343.4726454313333","2.511038512239234","2.511038512239234","0.001867741"
"351","ENGAGE-INDCi2030-2500f","POLES-JRC ENGAGE","Final Energy|Residential and Commercial|Electricity","EJ/yr","[object Object]",2090,9.288657188415527,"2.511038512239234","2.511038512239234","2100","343.4726454313333","2455.5827373046877","GW6","ok","medium","ok","ok","medium","ok","medium","medium","medium","ok","ok","ok","true","C6","C6: Below 3.0°C","POLES ENGAGE","EN_INDCi2030_2500f","23.943663380991744","64.1863830748804","8.699947532982996","3.519437592719754","343.4726454313333","2.511038512239234","2.511038512239234","0.001867741"
"351","ENGAGE-INDCi2030-2500f","POLES-JRC ENGAGE","Final Energy|Residential and Commercial|Electricity","EJ/yr","[object Object]",2100,9.099156379699709,"2.511038512239234","2.511038512239234","2100","343.4726454313333","2455.5827373046877","GW6","ok","medium","ok","ok","medium","ok","medium","medium","medium","ok","ok","ok","true","C6","C6: Below 3.0°C","POLES ENGAGE","EN_INDCi2030_2500f","23.943663380991744","64.1863830748804","8.699947532982996","3.519437592719754","343.4726454313333","2.511038512239234","2.511038512239234","0.001867741"
"352","ENGAGE-INDCi2030-3000","POLES-JRC ENGAGE","Final Energy|Residential and Commercial|Electricity","EJ/yr","[object Object]",2010,6.937366008758545,"2.887531321738974","2.887531321738974","2100","87.83301912599161","2982.2385146484376","GW6","ok","medium","ok","ok","medium","ok","medium","medium","medium","ok","ok","ok","true","C6","C6: Below 3.0°C","POLES ENGAGE","EN_INDCi2030_3000","21.067198987545115","68.57239670020782","7.687184460227893","2.5455225593464235","87.83301912599161","2.887531321738974","2.887531321738974","0.002070784"
"352","ENGAGE-INDCi2030-3000","POLES-JRC ENGAGE","Final Energy|Residential and Commercial|Electricity","EJ/yr","[object Object]",2015,6.746779441833496,"2.887531321738974","2.887531321738974","2100","87.83301912599161","2982.2385146484376","GW6","ok","medium","ok","ok","medium","ok","medium","medium","medium","ok","ok","ok","true","C6","C6: Below 3.0°C","POLES ENGAGE","EN_INDCi2030_3000","21.067198987545115","68.57239670020782","7.687184460227893","2.5455225593464235","87.83301912599161","2.887531321738974","2.887531321738974","0.002070784"
"352","ENGAGE-INDCi2030-3000","POLES-JRC ENGAGE","Final Energy|Residential and Commercial|Electricity","EJ/yr","[object Object]",2020,7.208137035369873,"2.887531321738974","2.887531321738974","2100","87.83301912599161","2982.2385146484376","GW6","ok","medium","ok","ok","medium","ok","medium","medium","medium","ok","ok","ok","true","C6","C6: Below 3.0°C","POLES ENGAGE","EN_INDCi2030_3000","21.067198987545115","68.57239670020782","7.687184460227893","2.5455225593464235","87.83301912599161","2.887531321738974","2.887531321738974","0.002070784"
"352","ENGAGE-INDCi2030-3000","POLES-JRC ENGAGE","Final Energy|Residential and Commercial|Electricity","EJ/yr","[object Object]",2025,7.573948860168457,"2.887531321738974","2.887531321738974","2100","87.83301912599161","2982.2385146484376","GW6","ok","medium","ok","ok","medium","ok","medium","medium","medium","ok","ok","ok","true","C6","C6: Below 3.0°C","POLES ENGAGE","EN_INDCi2030_3000","21.067198987545115","68.57239670020782","7.687184460227893","2.5455225593464235","87.83301912599161","2.887531321738974","2.887531321738974","0.002070784"
"352","ENGAGE-INDCi2030-3000","POLES-JRC ENGAGE","Final Energy|Residential and Commercial|Electricity","EJ/yr","[object Object]",2030,7.959762096405029,"2.887531321738974","2.887531321738974","2100","87.83301912599161","2982.2385146484376","GW6","ok","medium","ok","ok","medium","ok","medium","medium","medium","ok","ok","ok","true","C6","C6: Below 3.0°C","POLES ENGAGE","EN_INDCi2030_3000","21.067198987545115","68.57239670020782","7.687184460227893","2.5455225593464235","87.83301912599161","2.887531321738974","2.887531321738974","0.002070784"
"352","ENGAGE-INDCi2030-3000","POLES-JRC ENGAGE","Final Energy|Residential and Commercial|Electricity","EJ/yr","[object Object]",2035,8.673596382141113,"2.887531321738974","2.887531321738974","2100","87.83301912599161","2982.2385146484376","GW6","ok","medium","ok","ok","medium","ok","medium","medium","medium","ok","ok","ok","true","C6","C6: Below 3.0°C","POLES ENGAGE","EN_INDCi2030_3000","21.067198987545115","68.57239670020782","7.687184460227893","2.5455225593464235","87.83301912599161","2.887531321738974","2.887531321738974","0.002070784"
"352","ENGAGE-INDCi2030-3000","POLES-JRC ENGAGE","Final Energy|Residential and Commercial|Electricity","EJ/yr","[object Object]",2040,9.282092094421388,"2.887531321738974","2.887531321738974","2100","87.83301912599161","2982.2385146484376","GW6","ok","medium","ok","ok","medium","ok","medium","medium","medium","ok","ok","ok","true","C6","C6: Below 3.0°C","POLES ENGAGE","EN_INDCi2030_3000","21.067198987545115","68.57239670020782","7.687184460227893","2.5455225593464235","87.83301912599161","2.887531321738974","2.887531321738974","0.002070784"
"352","ENGAGE-INDCi2030-3000","POLES-JRC ENGAGE","Final Energy|Residential and Commercial|Electricity","EJ/yr","[object Object]",2045,9.76543140411377,"2.887531321738974","2.887531321738974","2100","87.83301912599161","2982.2385146484376","GW6","ok","medium","ok","ok","medium","ok","medium","medium","medium","ok","ok","ok","true","C6","C6: Below 3.0°C","POLES ENGAGE","EN_INDCi2030_3000","21.067198987545115","68.57239670020782","7.687184460227893","2.5455225593464235","87.83301912599161","2.887531321738974","2.887531321738974","0.002070784"
"352","ENGAGE-INDCi2030-3000","POLES-JRC ENGAGE","Final Energy|Residential and Commercial|Electricity","EJ/yr","[object Object]",2050,10.065760612487791,"2.887531321738974","2.887531321738974","2100","87.83301912599161","2982.2385146484376","GW6","ok","medium","ok","ok","medium","ok","medium","medium","medium","ok","ok","ok","true","C6","C6: Below 3.0°C","POLES ENGAGE","EN_INDCi2030_3000","21.067198987545115","68.57239670020782","7.687184460227893","2.5455225593464235","87.83301912599161","2.887531321738974","2.887531321738974","0.002070784"
"352","ENGAGE-INDCi2030-3000","POLES-JRC ENGAGE","Final Energy|Residential and Commercial|Electricity","EJ/yr","[object Object]",2060,10.222496032714844,"2.887531321738974","2.887531321738974","2100","87.83301912599161","2982.2385146484376","GW6","ok","medium","ok","ok","medium","ok","medium","medium","medium","ok","ok","ok","true","C6","C6: Below 3.0°C","POLES ENGAGE","EN_INDCi2030_3000","21.067198987545115","68.57239670020782","7.687184460227893","2.5455225593464235","87.83301912599161","2.887531321738974","2.887531321738974","0.002070784"
"352","ENGAGE-INDCi2030-3000","POLES-JRC ENGAGE","Final Energy|Residential and Commercial|Electricity","EJ/yr","[object Object]",2070,9.994826316833496,"2.887531321738974","2.887531321738974","2100","87.83301912599161","2982.2385146484376","GW6","ok","medium","ok","ok","medium","ok","medium","medium","medium","ok","ok","ok","true","C6","C6: Below 3.0°C","POLES ENGAGE","EN_INDCi2030_3000","21.067198987545115","68.57239670020782","7.687184460227893","2.5455225593464235","87.83301912599161","2.887531321738974","2.887531321738974","0.002070784"
"352","ENGAGE-INDCi2030-3000","POLES-JRC ENGAGE","Final Energy|Residential and Commercial|Electricity","EJ/yr","[object Object]",2080,9.7022705078125,"2.887531321738974","2.887531321738974","2100","87.83301912599161","2982.2385146484376","GW6","ok","medium","ok","ok","medium","ok","medium","medium","medium","ok","ok","ok","true","C6","C6: Below 3.0°C","POLES ENGAGE","EN_INDCi2030_3000","21.067198987545115","68.57239670020782","7.687184460227893","2.5455225593464235","87.83301912599161","2.887531321738974","2.887531321738974","0.002070784"
"352","ENGAGE-INDCi2030-3000","POLES-JRC ENGAGE","Final Energy|Residential and Commercial|Electricity","EJ/yr","[object Object]",2090,9.469430923461914,"2.887531321738974","2.887531321738974","2100","87.83301912599161","2982.2385146484376","GW6","ok","medium","ok","ok","medium","ok","medium","medium","medium","ok","ok","ok","true","C6","C6: Below 3.0°C","POLES ENGAGE","EN_INDCi2030_3000","21.067198987545115","68.57239670020782","7.687184460227893","2.5455225593464235","87.83301912599161","2.887531321738974","2.887531321738974","0.002070784"
"352","ENGAGE-INDCi2030-3000","POLES-JRC ENGAGE","Final Energy|Residential and Commercial|Electricity","EJ/yr","[object Object]",2100,9.316399574279783,"2.887531321738974","2.887531321738974","2100","87.83301912599161","2982.2385146484376","GW6","ok","medium","ok","ok","medium","ok","medium","medium","medium","ok","ok","ok","true","C6","C6: Below 3.0°C","POLES ENGAGE","EN_INDCi2030_3000","21.067198987545115","68.57239670020782","7.687184460227893","2.5455225593464235","87.83301912599161","2.887531321738974","2.887531321738974","0.002070784"
"353","ENGAGE-INDCi2030-3000f","POLES-JRC ENGAGE","Final Energy|Residential and Commercial|Electricity","EJ/yr","[object Object]",2010,6.937366008758545,"2.887531321738974","2.887531321738974","2100","87.83301912599161","2982.2385146484376","GW6","ok","medium","ok","ok","medium","ok","medium","medium","medium","ok","ok","ok","true","C6","C6: Below 3.0°C","POLES ENGAGE","EN_INDCi2030_3000f","21.067198987545115","68.57239670020782","7.687184460227893","2.5455225593464235","87.83301912599161","2.887531321738974","2.887531321738974","0.002070784"
"353","ENGAGE-INDCi2030-3000f","POLES-JRC ENGAGE","Final Energy|Residential and Commercial|Electricity","EJ/yr","[object Object]",2015,6.746779441833496,"2.887531321738974","2.887531321738974","2100","87.83301912599161","2982.2385146484376","GW6","ok","medium","ok","ok","medium","ok","medium","medium","medium","ok","ok","ok","true","C6","C6: Below 3.0°C","POLES ENGAGE","EN_INDCi2030_3000f","21.067198987545115","68.57239670020782","7.687184460227893","2.5455225593464235","87.83301912599161","2.887531321738974","2.887531321738974","0.002070784"
"353","ENGAGE-INDCi2030-3000f","POLES-JRC ENGAGE","Final Energy|Residential and Commercial|Electricity","EJ/yr","[object Object]",2020,7.208137035369873,"2.887531321738974","2.887531321738974","2100","87.83301912599161","2982.2385146484376","GW6","ok","medium","ok","ok","medium","ok","medium","medium","medium","ok","ok","ok","true","C6","C6: Below 3.0°C","POLES ENGAGE","EN_INDCi2030_3000f","21.067198987545115","68.57239670020782","7.687184460227893","2.5455225593464235","87.83301912599161","2.887531321738974","2.887531321738974","0.002070784"
"353","ENGAGE-INDCi2030-3000f","POLES-JRC ENGAGE","Final Energy|Residential and Commercial|Electricity","EJ/yr","[object Object]",2025,7.573948860168457,"2.887531321738974","2.887531321738974","2100","87.83301912599161","2982.2385146484376","GW6","ok","medium","ok","ok","medium","ok","medium","medium","medium","ok","ok","ok","true","C6","C6: Below 3.0°C","POLES ENGAGE","EN_INDCi2030_3000f","21.067198987545115","68.57239670020782","7.687184460227893","2.5455225593464235","87.83301912599161","2.887531321738974","2.887531321738974","0.002070784"
"353","ENGAGE-INDCi2030-3000f","POLES-JRC ENGAGE","Final Energy|Residential and Commercial|Electricity","EJ/yr","[object Object]",2030,7.959762096405029,"2.887531321738974","2.887531321738974","2100","87.83301912599161","2982.2385146484376","GW6","ok","medium","ok","ok","medium","ok","medium","medium","medium","ok","ok","ok","true","C6","C6: Below 3.0°C","POLES ENGAGE","EN_INDCi2030_3000f","21.067198987545115","68.57239670020782","7.687184460227893","2.5455225593464235","87.83301912599161","2.887531321738974","2.887531321738974","0.002070784"
"353","ENGAGE-INDCi2030-3000f","POLES-JRC ENGAGE","Final Energy|Residential and Commercial|Electricity","EJ/yr","[object Object]",2035,8.673596382141113,"2.887531321738974","2.887531321738974","2100","87.83301912599161","2982.2385146484376","GW6","ok","medium","ok","ok","medium","ok","medium","medium","medium","ok","ok","ok","true","C6","C6: Below 3.0°C","POLES ENGAGE","EN_INDCi2030_3000f","21.067198987545115","68.57239670020782","7.687184460227893","2.5455225593464235","87.83301912599161","2.887531321738974","2.887531321738974","0.002070784"
"353","ENGAGE-INDCi2030-3000f","POLES-JRC ENGAGE","Final Energy|Residential and Commercial|Electricity","EJ/yr","[object Object]",2040,9.282092094421388,"2.887531321738974","2.887531321738974","2100","87.83301912599161","2982.2385146484376","GW6","ok","medium","ok","ok","medium","ok","medium","medium","medium","ok","ok","ok","true","C6","C6: Below 3.0°C","POLES ENGAGE","EN_INDCi2030_3000f","21.067198987545115","68.57239670020782","7.687184460227893","2.5455225593464235","87.83301912599161","2.887531321738974","2.887531321738974","0.002070784"
"353","ENGAGE-INDCi2030-3000f","POLES-JRC ENGAGE","Final Energy|Residential and Commercial|Electricity","EJ/yr","[object Object]",2045,9.76543140411377,"2.887531321738974","2.887531321738974","2100","87.83301912599161","2982.2385146484376","GW6","ok","medium","ok","ok","medium","ok","medium","medium","medium","ok","ok","ok","true","C6","C6: Below 3.0°C","POLES ENGAGE","EN_INDCi2030_3000f","21.067198987545115","68.57239670020782","7.687184460227893","2.5455225593464235","87.83301912599161","2.887531321738974","2.887531321738974","0.002070784"
"353","ENGAGE-INDCi2030-3000f","POLES-JRC ENGAGE","Final Energy|Residential and Commercial|Electricity","EJ/yr","[object Object]",2050,10.065760612487791,"2.887531321738974","2.887531321738974","2100","87.83301912599161","2982.2385146484376","GW6","ok","medium","ok","ok","medium","ok","medium","medium","medium","ok","ok","ok","true","C6","C6: Below 3.0°C","POLES ENGAGE","EN_INDCi2030_3000f","21.067198987545115","68.57239670020782","7.687184460227893","2.5455225593464235","87.83301912599161","2.887531321738974","2.887531321738974","0.002070784"
"353","ENGAGE-INDCi2030-3000f","POLES-JRC ENGAGE","Final Energy|Residential and Commercial|Electricity","EJ/yr","[object Object]",2060,10.222496032714844,"2.887531321738974","2.887531321738974","2100","87.83301912599161","2982.2385146484376","GW6","ok","medium","ok","ok","medium","ok","medium","medium","medium","ok","ok","ok","true","C6","C6: Below 3.0°C","POLES ENGAGE","EN_INDCi2030_3000f","21.067198987545115","68.57239670020782","7.687184460227893","2.5455225593464235","87.83301912599161","2.887531321738974","2.887531321738974","0.002070784"
"353","ENGAGE-INDCi2030-3000f","POLES-JRC ENGAGE","Final Energy|Residential and Commercial|Electricity","EJ/yr","[object Object]",2070,9.994826316833496,"2.887531321738974","2.887531321738974","2100","87.83301912599161","2982.2385146484376","GW6","ok","medium","ok","ok","medium","ok","medium","medium","medium","ok","ok","ok","true","C6","C6: Below 3.0°C","POLES ENGAGE","EN_INDCi2030_3000f","21.067198987545115","68.57239670020782","7.687184460227893","2.5455225593464235","87.83301912599161","2.887531321738974","2.887531321738974","0.002070784"
"353","ENGAGE-INDCi2030-3000f","POLES-JRC ENGAGE","Final Energy|Residential and Commercial|Electricity","EJ/yr","[object Object]",2080,9.7022705078125,"2.887531321738974","2.887531321738974","2100","87.83301912599161","2982.2385146484376","GW6","ok","medium","ok","ok","medium","ok","medium","medium","medium","ok","ok","ok","true","C6","C6: Below 3.0°C","POLES ENGAGE","EN_INDCi2030_3000f","21.067198987545115","68.57239670020782","7.687184460227893","2.5455225593464235","87.83301912599161","2.887531321738974","2.887531321738974","0.002070784"
"353","ENGAGE-INDCi2030-3000f","POLES-JRC ENGAGE","Final Energy|Residential and Commercial|Electricity","EJ/yr","[object Object]",2090,9.469430923461914,"2.887531321738974","2.887531321738974","2100","87.83301912599161","2982.2385146484376","GW6","ok","medium","ok","ok","medium","ok","medium","medium","medium","ok","ok","ok","true","C6","C6: Below 3.0°C","POLES ENGAGE","EN_INDCi2030_3000f","21.067198987545115","68.57239670020782","7.687184460227893","2.5455225593464235","87.83301912599161","2.887531321738974","2.887531321738974","0.002070784"
"353","ENGAGE-INDCi2030-3000f","POLES-JRC ENGAGE","Final Energy|Residential and Commercial|Electricity","EJ/yr","[object Object]",2100,9.316399574279783,"2.887531321738974","2.887531321738974","2100","87.83301912599161","2982.2385146484376","GW6","ok","medium","ok","ok","medium","ok","medium","medium","medium","ok","ok","ok","true","C6","C6: Below 3.0°C","POLES ENGAGE","EN_INDCi2030_3000f","21.067198987545115","68.57239670020782","7.687184460227893","2.5455225593464235","87.83301912599161","2.887531321738974","2.887531321738974","0.002070784"
"367","ENGAGE-INDCi2100-COV-NDCp","POLES-JRC ENGAGE","Final Energy|Residential and Commercial|Electricity","EJ/yr","[object Object]",2010,6.937366008758545,"2.745906041651558","2.745906041651558","2100","254.83935603794882","2685.9136494140625","GW6","ok","medium","ok","ok","medium","ok","medium","medium","medium","ok","ok","ok","true","C6","C6: Below 3.0°C","POLES ENGAGE","EN_INDCi2100_COV_NDCp","35.821159195624524","46.31607622318644","12.617080556567748","4.041386359700283","254.83935603794882","2.745906041651558","2.745906041651558","0.003858763"
"367","ENGAGE-INDCi2100-COV-NDCp","POLES-JRC ENGAGE","Final Energy|Residential and Commercial|Electricity","EJ/yr","[object Object]",2015,6.746779441833496,"2.745906041651558","2.745906041651558","2100","254.83935603794882","2685.9136494140625","GW6","ok","medium","ok","ok","medium","ok","medium","medium","medium","ok","ok","ok","true","C6","C6: Below 3.0°C","POLES ENGAGE","EN_INDCi2100_COV_NDCp","35.821159195624524","46.31607622318644","12.617080556567748","4.041386359700283","254.83935603794882","2.745906041651558","2.745906041651558","0.003858763"
"367","ENGAGE-INDCi2100-COV-NDCp","POLES-JRC ENGAGE","Final Energy|Residential and Commercial|Electricity","EJ/yr","[object Object]",2020,6.440698146820068,"2.745906041651558","2.745906041651558","2100","254.83935603794882","2685.9136494140625","GW6","ok","medium","ok","ok","medium","ok","medium","medium","medium","ok","ok","ok","true","C6","C6: Below 3.0°C","POLES ENGAGE","EN_INDCi2100_COV_NDCp","35.821159195624524","46.31607622318644","12.617080556567748","4.041386359700283","254.83935603794882","2.745906041651558","2.745906041651558","0.003858763"
"367","ENGAGE-INDCi2100-COV-NDCp","POLES-JRC ENGAGE","Final Energy|Residential and Commercial|Electricity","EJ/yr","[object Object]",2025,6.665879726409912,"2.745906041651558","2.745906041651558","2100","254.83935603794882","2685.9136494140625","GW6","ok","medium","ok","ok","medium","ok","medium","medium","medium","ok","ok","ok","true","C6","C6: Below 3.0°C","POLES ENGAGE","EN_INDCi2100_COV_NDCp","35.821159195624524","46.31607622318644","12.617080556567748","4.041386359700283","254.83935603794882","2.745906041651558","2.745906041651558","0.003858763"
"367","ENGAGE-INDCi2100-COV-NDCp","POLES-JRC ENGAGE","Final Energy|Residential and Commercial|Electricity","EJ/yr","[object Object]",2030,6.965524196624756,"2.745906041651558","2.745906041651558","2100","254.83935603794882","2685.9136494140625","GW6","ok","medium","ok","ok","medium","ok","medium","medium","medium","ok","ok","ok","true","C6","C6: Below 3.0°C","POLES ENGAGE","EN_INDCi2100_COV_NDCp","35.821159195624524","46.31607622318644","12.617080556567748","4.041386359700283","254.83935603794882","2.745906041651558","2.745906041651558","0.003858763"
"367","ENGAGE-INDCi2100-COV-NDCp","POLES-JRC ENGAGE","Final Energy|Residential and Commercial|Electricity","EJ/yr","[object Object]",2035,7.670098781585693,"2.745906041651558","2.745906041651558","2100","254.83935603794882","2685.9136494140625","GW6","ok","medium","ok","ok","medium","ok","medium","medium","medium","ok","ok","ok","true","C6","C6: Below 3.0°C","POLES ENGAGE","EN_INDCi2100_COV_NDCp","35.821159195624524","46.31607622318644","12.617080556567748","4.041386359700283","254.83935603794882","2.745906041651558","2.745906041651558","0.003858763"
"367","ENGAGE-INDCi2100-COV-NDCp","POLES-JRC ENGAGE","Final Energy|Residential and Commercial|Electricity","EJ/yr","[object Object]",2040,8.305562973022461,"2.745906041651558","2.745906041651558","2100","254.83935603794882","2685.9136494140625","GW6","ok","medium","ok","ok","medium","ok","medium","medium","medium","ok","ok","ok","true","C6","C6: Below 3.0°C","POLES ENGAGE","EN_INDCi2100_COV_NDCp","35.821159195624524","46.31607622318644","12.617080556567748","4.041386359700283","254.83935603794882","2.745906041651558","2.745906041651558","0.003858763"
"367","ENGAGE-INDCi2100-COV-NDCp","POLES-JRC ENGAGE","Final Energy|Residential and Commercial|Electricity","EJ/yr","[object Object]",2045,8.890424728393555,"2.745906041651558","2.745906041651558","2100","254.83935603794882","2685.9136494140625","GW6","ok","medium","ok","ok","medium","ok","medium","medium","medium","ok","ok","ok","true","C6","C6: Below 3.0°C","POLES ENGAGE","EN_INDCi2100_COV_NDCp","35.821159195624524","46.31607622318644","12.617080556567748","4.041386359700283","254.83935603794882","2.745906041651558","2.745906041651558","0.003858763"
"367","ENGAGE-INDCi2100-COV-NDCp","POLES-JRC ENGAGE","Final Energy|Residential and Commercial|Electricity","EJ/yr","[object Object]",2050,9.22177028656006,"2.745906041651558","2.745906041651558","2100","254.83935603794882","2685.9136494140625","GW6","ok","medium","ok","ok","medium","ok","medium","medium","medium","ok","ok","ok","true","C6","C6: Below 3.0°C","POLES ENGAGE","EN_INDCi2100_COV_NDCp","35.821159195624524","46.31607622318644","12.617080556567748","4.041386359700283","254.83935603794882","2.745906041651558","2.745906041651558","0.003858763"
"367","ENGAGE-INDCi2100-COV-NDCp","POLES-JRC ENGAGE","Final Energy|Residential and Commercial|Electricity","EJ/yr","[object Object]",2060,9.400510787963867,"2.745906041651558","2.745906041651558","2100","254.83935603794882","2685.9136494140625","GW6","ok","medium","ok","ok","medium","ok","medium","medium","medium","ok","ok","ok","true","C6","C6: Below 3.0°C","POLES ENGAGE","EN_INDCi2100_COV_NDCp","35.821159195624524","46.31607622318644","12.617080556567748","4.041386359700283","254.83935603794882","2.745906041651558","2.745906041651558","0.003858763"
"367","ENGAGE-INDCi2100-COV-NDCp","POLES-JRC ENGAGE","Final Energy|Residential and Commercial|Electricity","EJ/yr","[object Object]",2070,9.280333518981934,"2.745906041651558","2.745906041651558","2100","254.83935603794882","2685.9136494140625","GW6","ok","medium","ok","ok","medium","ok","medium","medium","medium","ok","ok","ok","true","C6","C6: Below 3.0°C","POLES ENGAGE","EN_INDCi2100_COV_NDCp","35.821159195624524","46.31607622318644","12.617080556567748","4.041386359700283","254.83935603794882","2.745906041651558","2.745906041651558","0.003858763"
"367","ENGAGE-INDCi2100-COV-NDCp","POLES-JRC ENGAGE","Final Energy|Residential and Commercial|Electricity","EJ/yr","[object Object]",2080,9.182901382446287,"2.745906041651558","2.745906041651558","2100","254.83935603794882","2685.9136494140625","GW6","ok","medium","ok","ok","medium","ok","medium","medium","medium","ok","ok","ok","true","C6","C6: Below 3.0°C","POLES ENGAGE","EN_INDCi2100_COV_NDCp","35.821159195624524","46.31607622318644","12.617080556567748","4.041386359700283","254.83935603794882","2.745906041651558","2.745906041651558","0.003858763"
"367","ENGAGE-INDCi2100-COV-NDCp","POLES-JRC ENGAGE","Final Energy|Residential and Commercial|Electricity","EJ/yr","[object Object]",2090,9.10321044921875,"2.745906041651558","2.745906041651558","2100","254.83935603794882","2685.9136494140625","GW6","ok","medium","ok","ok","medium","ok","medium","medium","medium","ok","ok","ok","true","C6","C6: Below 3.0°C","POLES ENGAGE","EN_INDCi2100_COV_NDCp","35.821159195624524","46.31607622318644","12.617080556567748","4.041386359700283","254.83935603794882","2.745906041651558","2.745906041651558","0.003858763"
"367","ENGAGE-INDCi2100-COV-NDCp","POLES-JRC ENGAGE","Final Energy|Residential and Commercial|Electricity","EJ/yr","[object Object]",2100,8.978568077087402,"2.745906041651558","2.745906041651558","2100","254.83935603794882","2685.9136494140625","GW6","ok","medium","ok","ok","medium","ok","medium","medium","medium","ok","ok","ok","true","C6","C6: Below 3.0°C","POLES ENGAGE","EN_INDCi2100_COV_NDCp","35.821159195624524","46.31607622318644","12.617080556567748","4.041386359700283","254.83935603794882","2.745906041651558","2.745906041651558","0.003858763"
"368","ENGAGE-INDCi2100-NDCp","POLES-JRC ENGAGE","Final Energy|Residential and Commercial|Electricity","EJ/yr","[object Object]",2010,6.937366008758545,"2.77835930640022","2.77835930640022","2100","242.88686690600187","2893.076205078125","GW6","ok","medium","ok","ok","medium","ok","ok","medium","ok","ok","ok","ok","true","C6","C6: Below 3.0°C","POLES ENGAGE","EN_INDCi2100_NDCp","36.29332714917058","46.00375226273313","12.446055269855542","4.023030276789683","242.88686690600187","2.77835930640022","2.77835930640022","0.00228164"
"368","ENGAGE-INDCi2100-NDCp","POLES-JRC ENGAGE","Final Energy|Residential and Commercial|Electricity","EJ/yr","[object Object]",2015,6.746779441833496,"2.77835930640022","2.77835930640022","2100","242.88686690600187","2893.076205078125","GW6","ok","medium","ok","ok","medium","ok","ok","medium","ok","ok","ok","ok","true","C6","C6: Below 3.0°C","POLES ENGAGE","EN_INDCi2100_NDCp","36.29332714917058","46.00375226273313","12.446055269855542","4.023030276789683","242.88686690600187","2.77835930640022","2.77835930640022","0.00228164"
"368","ENGAGE-INDCi2100-NDCp","POLES-JRC ENGAGE","Final Energy|Residential and Commercial|Electricity","EJ/yr","[object Object]",2020,7.089412212371826,"2.77835930640022","2.77835930640022","2100","242.88686690600187","2893.076205078125","GW6","ok","medium","ok","ok","medium","ok","ok","medium","ok","ok","ok","ok","true","C6","C6: Below 3.0°C","POLES ENGAGE","EN_INDCi2100_NDCp","36.29332714917058","46.00375226273313","12.446055269855542","4.023030276789683","242.88686690600187","2.77835930640022","2.77835930640022","0.00228164"
"368","ENGAGE-INDCi2100-NDCp","POLES-JRC ENGAGE","Final Energy|Residential and Commercial|Electricity","EJ/yr","[object Object]",2025,6.835893630981445,"2.77835930640022","2.77835930640022","2100","242.88686690600187","2893.076205078125","GW6","ok","medium","ok","ok","medium","ok","ok","medium","ok","ok","ok","ok","true","C6","C6: Below 3.0°C","POLES ENGAGE","EN_INDCi2100_NDCp","36.29332714917058","46.00375226273313","12.446055269855542","4.023030276789683","242.88686690600187","2.77835930640022","2.77835930640022","0.00228164"
"368","ENGAGE-INDCi2100-NDCp","POLES-JRC ENGAGE","Final Energy|Residential and Commercial|Electricity","EJ/yr","[object Object]",2030,7.118465423583984,"2.77835930640022","2.77835930640022","2100","242.88686690600187","2893.076205078125","GW6","ok","medium","ok","ok","medium","ok","ok","medium","ok","ok","ok","ok","true","C6","C6: Below 3.0°C","POLES ENGAGE","EN_INDCi2100_NDCp","36.29332714917058","46.00375226273313","12.446055269855542","4.023030276789683","242.88686690600187","2.77835930640022","2.77835930640022","0.00228164"
"368","ENGAGE-INDCi2100-NDCp","POLES-JRC ENGAGE","Final Energy|Residential and Commercial|Electricity","EJ/yr","[object Object]",2035,7.780394554138184,"2.77835930640022","2.77835930640022","2100","242.88686690600187","2893.076205078125","GW6","ok","medium","ok","ok","medium","ok","ok","medium","ok","ok","ok","ok","true","C6","C6: Below 3.0°C","POLES ENGAGE","EN_INDCi2100_NDCp","36.29332714917058","46.00375226273313","12.446055269855542","4.023030276789683","242.88686690600187","2.77835930640022","2.77835930640022","0.00228164"
"368","ENGAGE-INDCi2100-NDCp","POLES-JRC ENGAGE","Final Energy|Residential and Commercial|Electricity","EJ/yr","[object Object]",2040,8.32041072845459,"2.77835930640022","2.77835930640022","2100","242.88686690600187","2893.076205078125","GW6","ok","medium","ok","ok","medium","ok","ok","medium","ok","ok","ok","ok","true","C6","C6: Below 3.0°C","POLES ENGAGE","EN_INDCi2100_NDCp","36.29332714917058","46.00375226273313","12.446055269855542","4.023030276789683","242.88686690600187","2.77835930640022","2.77835930640022","0.00228164"
"368","ENGAGE-INDCi2100-NDCp","POLES-JRC ENGAGE","Final Energy|Residential and Commercial|Electricity","EJ/yr","[object Object]",2045,8.848020553588867,"2.77835930640022","2.77835930640022","2100","242.88686690600187","2893.076205078125","GW6","ok","medium","ok","ok","medium","ok","ok","medium","ok","ok","ok","ok","true","C6","C6: Below 3.0°C","POLES ENGAGE","EN_INDCi2100_NDCp","36.29332714917058","46.00375226273313","12.446055269855542","4.023030276789683","242.88686690600187","2.77835930640022","2.77835930640022","0.00228164"
"368","ENGAGE-INDCi2100-NDCp","POLES-JRC ENGAGE","Final Energy|Residential and Commercial|Electricity","EJ/yr","[object Object]",2050,9.12421989440918,"2.77835930640022","2.77835930640022","2100","242.88686690600187","2893.076205078125","GW6","ok","medium","ok","ok","medium","ok","ok","medium","ok","ok","ok","ok","true","C6","C6: Below 3.0°C","POLES ENGAGE","EN_INDCi2100_NDCp","36.29332714917058","46.00375226273313","12.446055269855542","4.023030276789683","242.88686690600187","2.77835930640022","2.77835930640022","0.00228164"
"368","ENGAGE-INDCi2100-NDCp","POLES-JRC ENGAGE","Final Energy|Residential and Commercial|Electricity","EJ/yr","[object Object]",2060,9.303122520446776,"2.77835930640022","2.77835930640022","2100","242.88686690600187","2893.076205078125","GW6","ok","medium","ok","ok","medium","ok","ok","medium","ok","ok","ok","ok","true","C6","C6: Below 3.0°C","POLES ENGAGE","EN_INDCi2100_NDCp","36.29332714917058","46.00375226273313","12.446055269855542","4.023030276789683","242.88686690600187","2.77835930640022","2.77835930640022","0.00228164"
"368","ENGAGE-INDCi2100-NDCp","POLES-JRC ENGAGE","Final Energy|Residential and Commercial|Electricity","EJ/yr","[object Object]",2070,9.183147430419922,"2.77835930640022","2.77835930640022","2100","242.88686690600187","2893.076205078125","GW6","ok","medium","ok","ok","medium","ok","ok","medium","ok","ok","ok","ok","true","C6","C6: Below 3.0°C","POLES ENGAGE","EN_INDCi2100_NDCp","36.29332714917058","46.00375226273313","12.446055269855542","4.023030276789683","242.88686690600187","2.77835930640022","2.77835930640022","0.00228164"
"368","ENGAGE-INDCi2100-NDCp","POLES-JRC ENGAGE","Final Energy|Residential and Commercial|Electricity","EJ/yr","[object Object]",2080,9.049443244934082,"2.77835930640022","2.77835930640022","2100","242.88686690600187","2893.076205078125","GW6","ok","medium","ok","ok","medium","ok","ok","medium","ok","ok","ok","ok","true","C6","C6: Below 3.0°C","POLES ENGAGE","EN_INDCi2100_NDCp","36.29332714917058","46.00375226273313","12.446055269855542","4.023030276789683","242.88686690600187","2.77835930640022","2.77835930640022","0.00228164"
"368","ENGAGE-INDCi2100-NDCp","POLES-JRC ENGAGE","Final Energy|Residential and Commercial|Electricity","EJ/yr","[object Object]",2090,8.910141944885254,"2.77835930640022","2.77835930640022","2100","242.88686690600187","2893.076205078125","GW6","ok","medium","ok","ok","medium","ok","ok","medium","ok","ok","ok","ok","true","C6","C6: Below 3.0°C","POLES ENGAGE","EN_INDCi2100_NDCp","36.29332714917058","46.00375226273313","12.446055269855542","4.023030276789683","242.88686690600187","2.77835930640022","2.77835930640022","0.00228164"
"368","ENGAGE-INDCi2100-NDCp","POLES-JRC ENGAGE","Final Energy|Residential and Commercial|Electricity","EJ/yr","[object Object]",2100,8.74287223815918,"2.77835930640022","2.77835930640022","2100","242.88686690600187","2893.076205078125","GW6","ok","medium","ok","ok","medium","ok","ok","medium","ok","ok","ok","ok","true","C6","C6: Below 3.0°C","POLES ENGAGE","EN_INDCi2100_NDCp","36.29332714917058","46.00375226273313","12.446055269855542","4.023030276789683","242.88686690600187","2.77835930640022","2.77835930640022","0.00228164"
"383","ENGAGE-NPi2020-2500","POLES-JRC ENGAGE","Final Energy|Residential and Commercial|Electricity","EJ/yr","[object Object]",2010,6.937366008758545,"2.549449869152086","2.549449869152086","2100","328.03323055435123","2441.978919921875","GW6","ok","medium","ok","ok","medium","ok","medium","medium","medium","ok","ok","ok","true","C6","C6: Below 3.0°C","POLES ENGAGE","EN_NPi2020_2500","22.183532032320898","66.37193609768414","8.58898801606125","6.8646701243155235","328.03323055435123","2.549449869152086","2.549449869152086","0.001862326"
"383","ENGAGE-NPi2020-2500","POLES-JRC ENGAGE","Final Energy|Residential and Commercial|Electricity","EJ/yr","[object Object]",2015,6.746779441833496,"2.549449869152086","2.549449869152086","2100","328.03323055435123","2441.978919921875","GW6","ok","medium","ok","ok","medium","ok","medium","medium","medium","ok","ok","ok","true","C6","C6: Below 3.0°C","POLES ENGAGE","EN_NPi2020_2500","22.183532032320898","66.37193609768414","8.58898801606125","6.8646701243155235","328.03323055435123","2.549449869152086","2.549449869152086","0.001862326"
"383","ENGAGE-NPi2020-2500","POLES-JRC ENGAGE","Final Energy|Residential and Commercial|Electricity","EJ/yr","[object Object]",2020,7.212039470672607,"2.549449869152086","2.549449869152086","2100","328.03323055435123","2441.978919921875","GW6","ok","medium","ok","ok","medium","ok","medium","medium","medium","ok","ok","ok","true","C6","C6: Below 3.0°C","POLES ENGAGE","EN_NPi2020_2500","22.183532032320898","66.37193609768414","8.58898801606125","6.8646701243155235","328.03323055435123","2.549449869152086","2.549449869152086","0.001862326"
"383","ENGAGE-NPi2020-2500","POLES-JRC ENGAGE","Final Energy|Residential and Commercial|Electricity","EJ/yr","[object Object]",2025,7.629585742950439,"2.549449869152086","2.549449869152086","2100","328.03323055435123","2441.978919921875","GW6","ok","medium","ok","ok","medium","ok","medium","medium","medium","ok","ok","ok","true","C6","C6: Below 3.0°C","POLES ENGAGE","EN_NPi2020_2500","22.183532032320898","66.37193609768414","8.58898801606125","6.8646701243155235","328.03323055435123","2.549449869152086","2.549449869152086","0.001862326"
"383","ENGAGE-NPi2020-2500","POLES-JRC ENGAGE","Final Energy|Residential and Commercial|Electricity","EJ/yr","[object Object]",2030,8.063918113708496,"2.549449869152086","2.549449869152086","2100","328.03323055435123","2441.978919921875","GW6","ok","medium","ok","ok","medium","ok","medium","medium","medium","ok","ok","ok","true","C6","C6: Below 3.0°C","POLES ENGAGE","EN_NPi2020_2500","22.183532032320898","66.37193609768414","8.58898801606125","6.8646701243155235","328.03323055435123","2.549449869152086","2.549449869152086","0.001862326"
"383","ENGAGE-NPi2020-2500","POLES-JRC ENGAGE","Final Energy|Residential and Commercial|Electricity","EJ/yr","[object Object]",2035,8.718252182006836,"2.549449869152086","2.549449869152086","2100","328.03323055435123","2441.978919921875","GW6","ok","medium","ok","ok","medium","ok","medium","medium","medium","ok","ok","ok","true","C6","C6: Below 3.0°C","POLES ENGAGE","EN_NPi2020_2500","22.183532032320898","66.37193609768414","8.58898801606125","6.8646701243155235","328.03323055435123","2.549449869152086","2.549449869152086","0.001862326"
"383","ENGAGE-NPi2020-2500","POLES-JRC ENGAGE","Final Energy|Residential and Commercial|Electricity","EJ/yr","[object Object]",2040,9.268739700317385,"2.549449869152086","2.549449869152086","2100","328.03323055435123","2441.978919921875","GW6","ok","medium","ok","ok","medium","ok","medium","medium","medium","ok","ok","ok","true","C6","C6: Below 3.0°C","POLES ENGAGE","EN_NPi2020_2500","22.183532032320898","66.37193609768414","8.58898801606125","6.8646701243155235","328.03323055435123","2.549449869152086","2.549449869152086","0.001862326"
"383","ENGAGE-NPi2020-2500","POLES-JRC ENGAGE","Final Energy|Residential and Commercial|Electricity","EJ/yr","[object Object]",2045,9.71444606781006,"2.549449869152086","2.549449869152086","2100","328.03323055435123","2441.978919921875","GW6","ok","medium","ok","ok","medium","ok","medium","medium","medium","ok","ok","ok","true","C6","C6: Below 3.0°C","POLES ENGAGE","EN_NPi2020_2500","22.183532032320898","66.37193609768414","8.58898801606125","6.8646701243155235","328.03323055435123","2.549449869152086","2.549449869152086","0.001862326"
"383","ENGAGE-NPi2020-2500","POLES-JRC ENGAGE","Final Energy|Residential and Commercial|Electricity","EJ/yr","[object Object]",2050,9.960229873657228,"2.549449869152086","2.549449869152086","2100","328.03323055435123","2441.978919921875","GW6","ok","medium","ok","ok","medium","ok","medium","medium","medium","ok","ok","ok","true","C6","C6: Below 3.0°C","POLES ENGAGE","EN_NPi2020_2500","22.183532032320898","66.37193609768414","8.58898801606125","6.8646701243155235","328.03323055435123","2.549449869152086","2.549449869152086","0.001862326"
"383","ENGAGE-NPi2020-2500","POLES-JRC ENGAGE","Final Energy|Residential and Commercial|Electricity","EJ/yr","[object Object]",2060,10.11162281036377,"2.549449869152086","2.549449869152086","2100","328.03323055435123","2441.978919921875","GW6","ok","medium","ok","ok","medium","ok","medium","medium","medium","ok","ok","ok","true","C6","C6: Below 3.0°C","POLES ENGAGE","EN_NPi2020_2500","22.183532032320898","66.37193609768414","8.58898801606125","6.8646701243155235","328.03323055435123","2.549449869152086","2.549449869152086","0.001862326"
"383","ENGAGE-NPi2020-2500","POLES-JRC ENGAGE","Final Energy|Residential and Commercial|Electricity","EJ/yr","[object Object]",2070,9.892070770263672,"2.549449869152086","2.549449869152086","2100","328.03323055435123","2441.978919921875","GW6","ok","medium","ok","ok","medium","ok","medium","medium","medium","ok","ok","ok","true","C6","C6: Below 3.0°C","POLES ENGAGE","EN_NPi2020_2500","22.183532032320898","66.37193609768414","8.58898801606125","6.8646701243155235","328.03323055435123","2.549449869152086","2.549449869152086","0.001862326"
"383","ENGAGE-NPi2020-2500","POLES-JRC ENGAGE","Final Energy|Residential and Commercial|Electricity","EJ/yr","[object Object]",2080,9.596906661987305,"2.549449869152086","2.549449869152086","2100","328.03323055435123","2441.978919921875","GW6","ok","medium","ok","ok","medium","ok","medium","medium","medium","ok","ok","ok","true","C6","C6: Below 3.0°C","POLES ENGAGE","EN_NPi2020_2500","22.183532032320898","66.37193609768414","8.58898801606125","6.8646701243155235","328.03323055435123","2.549449869152086","2.549449869152086","0.001862326"
"383","ENGAGE-NPi2020-2500","POLES-JRC ENGAGE","Final Energy|Residential and Commercial|Electricity","EJ/yr","[object Object]",2090,9.315632820129396,"2.549449869152086","2.549449869152086","2100","328.03323055435123","2441.978919921875","GW6","ok","medium","ok","ok","medium","ok","medium","medium","medium","ok","ok","ok","true","C6","C6: Below 3.0°C","POLES ENGAGE","EN_NPi2020_2500","22.183532032320898","66.37193609768414","8.58898801606125","6.8646701243155235","328.03323055435123","2.549449869152086","2.549449869152086","0.001862326"
"383","ENGAGE-NPi2020-2500","POLES-JRC ENGAGE","Final Energy|Residential and Commercial|Electricity","EJ/yr","[object Object]",2100,9.134621620178224,"2.549449869152086","2.549449869152086","2100","328.03323055435123","2441.978919921875","GW6","ok","medium","ok","ok","medium","ok","medium","medium","medium","ok","ok","ok","true","C6","C6: Below 3.0°C","POLES ENGAGE","EN_NPi2020_2500","22.183532032320898","66.37193609768414","8.58898801606125","6.8646701243155235","328.03323055435123","2.549449869152086","2.549449869152086","0.001862326"
"384","ENGAGE-NPi2020-2500f","POLES-JRC ENGAGE","Final Energy|Residential and Commercial|Electricity","EJ/yr","[object Object]",2010,6.937366008758545,"2.549449869152086","2.549449869152086","2100","328.03323055435123","2441.978919921875","GW6","ok","medium","ok","ok","medium","ok","medium","medium","medium","ok","ok","ok","true","C6","C6: Below 3.0°C","POLES ENGAGE","EN_NPi2020_2500f","22.183532032320898","66.37193609768414","8.58898801606125","6.8646701243155235","328.03323055435123","2.549449869152086","2.549449869152086","0.001862326"
"384","ENGAGE-NPi2020-2500f","POLES-JRC ENGAGE","Final Energy|Residential and Commercial|Electricity","EJ/yr","[object Object]",2015,6.746779441833496,"2.549449869152086","2.549449869152086","2100","328.03323055435123","2441.978919921875","GW6","ok","medium","ok","ok","medium","ok","medium","medium","medium","ok","ok","ok","true","C6","C6: Below 3.0°C","POLES ENGAGE","EN_NPi2020_2500f","22.183532032320898","66.37193609768414","8.58898801606125","6.8646701243155235","328.03323055435123","2.549449869152086","2.549449869152086","0.001862326"
"384","ENGAGE-NPi2020-2500f","POLES-JRC ENGAGE","Final Energy|Residential and Commercial|Electricity","EJ/yr","[object Object]",2020,7.212039470672607,"2.549449869152086","2.549449869152086","2100","328.03323055435123","2441.978919921875","GW6","ok","medium","ok","ok","medium","ok","medium","medium","medium","ok","ok","ok","true","C6","C6: Below 3.0°C","POLES ENGAGE","EN_NPi2020_2500f","22.183532032320898","66.37193609768414","8.58898801606125","6.8646701243155235","328.03323055435123","2.549449869152086","2.549449869152086","0.001862326"
"384","ENGAGE-NPi2020-2500f","POLES-JRC ENGAGE","Final Energy|Residential and Commercial|Electricity","EJ/yr","[object Object]",2025,7.629585742950439,"2.549449869152086","2.549449869152086","2100","328.03323055435123","2441.978919921875","GW6","ok","medium","ok","ok","medium","ok","medium","medium","medium","ok","ok","ok","true","C6","C6: Below 3.0°C","POLES ENGAGE","EN_NPi2020_2500f","22.183532032320898","66.37193609768414","8.58898801606125","6.8646701243155235","328.03323055435123","2.549449869152086","2.549449869152086","0.001862326"
"384","ENGAGE-NPi2020-2500f","POLES-JRC ENGAGE","Final Energy|Residential and Commercial|Electricity","EJ/yr","[object Object]",2030,8.063918113708496,"2.549449869152086","2.549449869152086","2100","328.03323055435123","2441.978919921875","GW6","ok","medium","ok","ok","medium","ok","medium","medium","medium","ok","ok","ok","true","C6","C6: Below 3.0°C","POLES ENGAGE","EN_NPi2020_2500f","22.183532032320898","66.37193609768414","8.58898801606125","6.8646701243155235","328.03323055435123","2.549449869152086","2.549449869152086","0.001862326"
"384","ENGAGE-NPi2020-2500f","POLES-JRC ENGAGE","Final Energy|Residential and Commercial|Electricity","EJ/yr","[object Object]",2035,8.718252182006836,"2.549449869152086","2.549449869152086","2100","328.03323055435123","2441.978919921875","GW6","ok","medium","ok","ok","medium","ok","medium","medium","medium","ok","ok","ok","true","C6","C6: Below 3.0°C","POLES ENGAGE","EN_NPi2020_2500f","22.183532032320898","66.37193609768414","8.58898801606125","6.8646701243155235","328.03323055435123","2.549449869152086","2.549449869152086","0.001862326"
"384","ENGAGE-NPi2020-2500f","POLES-JRC ENGAGE","Final Energy|Residential and Commercial|Electricity","EJ/yr","[object Object]",2040,9.268739700317385,"2.549449869152086","2.549449869152086","2100","328.03323055435123","2441.978919921875","GW6","ok","medium","ok","ok","medium","ok","medium","medium","medium","ok","ok","ok","true","C6","C6: Below 3.0°C","POLES ENGAGE","EN_NPi2020_2500f","22.183532032320898","66.37193609768414","8.58898801606125","6.8646701243155235","328.03323055435123","2.549449869152086","2.549449869152086","0.001862326"
"384","ENGAGE-NPi2020-2500f","POLES-JRC ENGAGE","Final Energy|Residential and Commercial|Electricity","EJ/yr","[object Object]",2045,9.71444606781006,"2.549449869152086","2.549449869152086","2100","328.03323055435123","2441.978919921875","GW6","ok","medium","ok","ok","medium","ok","medium","medium","medium","ok","ok","ok","true","C6","C6: Below 3.0°C","POLES ENGAGE","EN_NPi2020_2500f","22.183532032320898","66.37193609768414","8.58898801606125","6.8646701243155235","328.03323055435123","2.549449869152086","2.549449869152086","0.001862326"
"384","ENGAGE-NPi2020-2500f","POLES-JRC ENGAGE","Final Energy|Residential and Commercial|Electricity","EJ/yr","[object Object]",2050,9.960229873657228,"2.549449869152086","2.549449869152086","2100","328.03323055435123","2441.978919921875","GW6","ok","medium","ok","ok","medium","ok","medium","medium","medium","ok","ok","ok","true","C6","C6: Below 3.0°C","POLES ENGAGE","EN_NPi2020_2500f","22.183532032320898","66.37193609768414","8.58898801606125","6.8646701243155235","328.03323055435123","2.549449869152086","2.549449869152086","0.001862326"
"384","ENGAGE-NPi2020-2500f","POLES-JRC ENGAGE","Final Energy|Residential and Commercial|Electricity","EJ/yr","[object Object]",2060,10.11162281036377,"2.549449869152086","2.549449869152086","2100","328.03323055435123","2441.978919921875","GW6","ok","medium","ok","ok","medium","ok","medium","medium","medium","ok","ok","ok","true","C6","C6: Below 3.0°C","POLES ENGAGE","EN_NPi2020_2500f","22.183532032320898","66.37193609768414","8.58898801606125","6.8646701243155235","328.03323055435123","2.549449869152086","2.549449869152086","0.001862326"
"384","ENGAGE-NPi2020-2500f","POLES-JRC ENGAGE","Final Energy|Residential and Commercial|Electricity","EJ/yr","[object Object]",2070,9.892070770263672,"2.549449869152086","2.549449869152086","2100","328.03323055435123","2441.978919921875","GW6","ok","medium","ok","ok","medium","ok","medium","medium","medium","ok","ok","ok","true","C6","C6: Below 3.0°C","POLES ENGAGE","EN_NPi2020_2500f","22.183532032320898","66.37193609768414","8.58898801606125","6.8646701243155235","328.03323055435123","2.549449869152086","2.549449869152086","0.001862326"
"384","ENGAGE-NPi2020-2500f","POLES-JRC ENGAGE","Final Energy|Residential and Commercial|Electricity","EJ/yr","[object Object]",2080,9.596906661987305,"2.549449869152086","2.549449869152086","2100","328.03323055435123","2441.978919921875","GW6","ok","medium","ok","ok","medium","ok","medium","medium","medium","ok","ok","ok","true","C6","C6: Below 3.0°C","POLES ENGAGE","EN_NPi2020_2500f","22.183532032320898","66.37193609768414","8.58898801606125","6.8646701243155235","328.03323055435123","2.549449869152086","2.549449869152086","0.001862326"
"384","ENGAGE-NPi2020-2500f","POLES-JRC ENGAGE","Final Energy|Residential and Commercial|Electricity","EJ/yr","[object Object]",2090,9.315632820129396,"2.549449869152086","2.549449869152086","2100","328.03323055435123","2441.978919921875","GW6","ok","medium","ok","ok","medium","ok","medium","medium","medium","ok","ok","ok","true","C6","C6: Below 3.0°C","POLES ENGAGE","EN_NPi2020_2500f","22.183532032320898","66.37193609768414","8.58898801606125","6.8646701243155235","328.03323055435123","2.549449869152086","2.549449869152086","0.001862326"
"384","ENGAGE-NPi2020-2500f","POLES-JRC ENGAGE","Final Energy|Residential and Commercial|Electricity","EJ/yr","[object Object]",2100,9.134621620178224,"2.549449869152086","2.549449869152086","2100","328.03323055435123","2441.978919921875","GW6","ok","medium","ok","ok","medium","ok","medium","medium","medium","ok","ok","ok","true","C6","C6: Below 3.0°C","POLES ENGAGE","EN_NPi2020_2500f","22.183532032320898","66.37193609768414","8.58898801606125","6.8646701243155235","328.03323055435123","2.549449869152086","2.549449869152086","0.001862326"
"385","ENGAGE-NPi2020-3000","POLES-JRC ENGAGE","Final Energy|Residential and Commercial|Electricity","EJ/yr","[object Object]",2010,6.937366008758545,"2.927714824306717","2.927714824306717","2100","18.178318526249416","2939.133103515625","GW6","ok","medium","ok","ok","medium","ok","medium","medium","ok","ok","ok","ok","true","C6","C6: Below 3.0°C","POLES ENGAGE","EN_NPi2020_3000","21.722941603816164","67.30968345484956","8.213096027965156","6.410076205901987","18.178318526249416","2.927714824306717","2.927714824306717","0.001948596"
"385","ENGAGE-NPi2020-3000","POLES-JRC ENGAGE","Final Energy|Residential and Commercial|Electricity","EJ/yr","[object Object]",2015,6.746779441833496,"2.927714824306717","2.927714824306717","2100","18.178318526249416","2939.133103515625","GW6","ok","medium","ok","ok","medium","ok","medium","medium","ok","ok","ok","ok","true","C6","C6: Below 3.0°C","POLES ENGAGE","EN_NPi2020_3000","21.722941603816164","67.30968345484956","8.213096027965156","6.410076205901987","18.178318526249416","2.927714824306717","2.927714824306717","0.001948596"
"385","ENGAGE-NPi2020-3000","POLES-JRC ENGAGE","Final Energy|Residential and Commercial|Electricity","EJ/yr","[object Object]",2020,7.212039470672607,"2.927714824306717","2.927714824306717","2100","18.178318526249416","2939.133103515625","GW6","ok","medium","ok","ok","medium","ok","medium","medium","ok","ok","ok","ok","true","C6","C6: Below 3.0°C","POLES ENGAGE","EN_NPi2020_3000","21.722941603816164","67.30968345484956","8.213096027965156","6.410076205901987","18.178318526249416","2.927714824306717","2.927714824306717","0.001948596"
"385","ENGAGE-NPi2020-3000","POLES-JRC ENGAGE","Final Energy|Residential and Commercial|Electricity","EJ/yr","[object Object]",2025,7.596297264099121,"2.927714824306717","2.927714824306717","2100","18.178318526249416","2939.133103515625","GW6","ok","medium","ok","ok","medium","ok","medium","medium","ok","ok","ok","ok","true","C6","C6: Below 3.0°C","POLES ENGAGE","EN_NPi2020_3000","21.722941603816164","67.30968345484956","8.213096027965156","6.410076205901987","18.178318526249416","2.927714824306717","2.927714824306717","0.001948596"
"385","ENGAGE-NPi2020-3000","POLES-JRC ENGAGE","Final Energy|Residential and Commercial|Electricity","EJ/yr","[object Object]",2030,8.016448020935059,"2.927714824306717","2.927714824306717","2100","18.178318526249416","2939.133103515625","GW6","ok","medium","ok","ok","medium","ok","medium","medium","ok","ok","ok","ok","true","C6","C6: Below 3.0°C","POLES ENGAGE","EN_NPi2020_3000","21.722941603816164","67.30968345484956","8.213096027965156","6.410076205901987","18.178318526249416","2.927714824306717","2.927714824306717","0.001948596"
"385","ENGAGE-NPi2020-3000","POLES-JRC ENGAGE","Final Energy|Residential and Commercial|Electricity","EJ/yr","[object Object]",2035,8.681755065917969,"2.927714824306717","2.927714824306717","2100","18.178318526249416","2939.133103515625","GW6","ok","medium","ok","ok","medium","ok","medium","medium","ok","ok","ok","ok","true","C6","C6: Below 3.0°C","POLES ENGAGE","EN_NPi2020_3000","21.722941603816164","67.30968345484956","8.213096027965156","6.410076205901987","18.178318526249416","2.927714824306717","2.927714824306717","0.001948596"
"385","ENGAGE-NPi2020-3000","POLES-JRC ENGAGE","Final Energy|Residential and Commercial|Electricity","EJ/yr","[object Object]",2040,9.23304271697998,"2.927714824306717","2.927714824306717","2100","18.178318526249416","2939.133103515625","GW6","ok","medium","ok","ok","medium","ok","medium","medium","ok","ok","ok","ok","true","C6","C6: Below 3.0°C","POLES ENGAGE","EN_NPi2020_3000","21.722941603816164","67.30968345484956","8.213096027965156","6.410076205901987","18.178318526249416","2.927714824306717","2.927714824306717","0.001948596"
"385","ENGAGE-NPi2020-3000","POLES-JRC ENGAGE","Final Energy|Residential and Commercial|Electricity","EJ/yr","[object Object]",2045,9.713701248168944,"2.927714824306717","2.927714824306717","2100","18.178318526249416","2939.133103515625","GW6","ok","medium","ok","ok","medium","ok","medium","medium","ok","ok","ok","ok","true","C6","C6: Below 3.0°C","POLES ENGAGE","EN_NPi2020_3000","21.722941603816164","67.30968345484956","8.213096027965156","6.410076205901987","18.178318526249416","2.927714824306717","2.927714824306717","0.001948596"
"385","ENGAGE-NPi2020-3000","POLES-JRC ENGAGE","Final Energy|Residential and Commercial|Electricity","EJ/yr","[object Object]",2050,10.011171340942385,"2.927714824306717","2.927714824306717","2100","18.178318526249416","2939.133103515625","GW6","ok","medium","ok","ok","medium","ok","medium","medium","ok","ok","ok","ok","true","C6","C6: Below 3.0°C","POLES ENGAGE","EN_NPi2020_3000","21.722941603816164","67.30968345484956","8.213096027965156","6.410076205901987","18.178318526249416","2.927714824306717","2.927714824306717","0.001948596"
"385","ENGAGE-NPi2020-3000","POLES-JRC ENGAGE","Final Energy|Residential and Commercial|Electricity","EJ/yr","[object Object]",2060,10.17776107788086,"2.927714824306717","2.927714824306717","2100","18.178318526249416","2939.133103515625","GW6","ok","medium","ok","ok","medium","ok","medium","medium","ok","ok","ok","ok","true","C6","C6: Below 3.0°C","POLES ENGAGE","EN_NPi2020_3000","21.722941603816164","67.30968345484956","8.213096027965156","6.410076205901987","18.178318526249416","2.927714824306717","2.927714824306717","0.001948596"
"385","ENGAGE-NPi2020-3000","POLES-JRC ENGAGE","Final Energy|Residential and Commercial|Electricity","EJ/yr","[object Object]",2070,9.951265335083008,"2.927714824306717","2.927714824306717","2100","18.178318526249416","2939.133103515625","GW6","ok","medium","ok","ok","medium","ok","medium","medium","ok","ok","ok","ok","true","C6","C6: Below 3.0°C","POLES ENGAGE","EN_NPi2020_3000","21.722941603816164","67.30968345484956","8.213096027965156","6.410076205901987","18.178318526249416","2.927714824306717","2.927714824306717","0.001948596"
"385","ENGAGE-NPi2020-3000","POLES-JRC ENGAGE","Final Energy|Residential and Commercial|Electricity","EJ/yr","[object Object]",2080,9.655491828918455,"2.927714824306717","2.927714824306717","2100","18.178318526249416","2939.133103515625","GW6","ok","medium","ok","ok","medium","ok","medium","medium","ok","ok","ok","ok","true","C6","C6: Below 3.0°C","POLES ENGAGE","EN_NPi2020_3000","21.722941603816164","67.30968345484956","8.213096027965156","6.410076205901987","18.178318526249416","2.927714824306717","2.927714824306717","0.001948596"
"385","ENGAGE-NPi2020-3000","POLES-JRC ENGAGE","Final Energy|Residential and Commercial|Electricity","EJ/yr","[object Object]",2090,9.419161796569824,"2.927714824306717","2.927714824306717","2100","18.178318526249416","2939.133103515625","GW6","ok","medium","ok","ok","medium","ok","medium","medium","ok","ok","ok","ok","true","C6","C6: Below 3.0°C","POLES ENGAGE","EN_NPi2020_3000","21.722941603816164","67.30968345484956","8.213096027965156","6.410076205901987","18.178318526249416","2.927714824306717","2.927714824306717","0.001948596"
"385","ENGAGE-NPi2020-3000","POLES-JRC ENGAGE","Final Energy|Residential and Commercial|Electricity","EJ/yr","[object Object]",2100,9.275886535644531,"2.927714824306717","2.927714824306717","2100","18.178318526249416","2939.133103515625","GW6","ok","medium","ok","ok","medium","ok","medium","medium","ok","ok","ok","ok","true","C6","C6: Below 3.0°C","POLES ENGAGE","EN_NPi2020_3000","21.722941603816164","67.30968345484956","8.213096027965156","6.410076205901987","18.178318526249416","2.927714824306717","2.927714824306717","0.001948596"
"386","ENGAGE-NPi2020-3000f","POLES-JRC ENGAGE","Final Energy|Residential and Commercial|Electricity","EJ/yr","[object Object]",2010,6.937366008758545,"2.927714824306717","2.927714824306717","2100","18.178318526249416","2939.133103515625","GW6","ok","medium","ok","ok","medium","ok","medium","medium","ok","ok","ok","ok","true","C6","C6: Below 3.0°C","POLES ENGAGE","EN_NPi2020_3000f","21.722941603816164","67.30968345484956","8.213096027965156","6.410076205901987","18.178318526249416","2.927714824306717","2.927714824306717","0.001948596"
"386","ENGAGE-NPi2020-3000f","POLES-JRC ENGAGE","Final Energy|Residential and Commercial|Electricity","EJ/yr","[object Object]",2015,6.746779441833496,"2.927714824306717","2.927714824306717","2100","18.178318526249416","2939.133103515625","GW6","ok","medium","ok","ok","medium","ok","medium","medium","ok","ok","ok","ok","true","C6","C6: Below 3.0°C","POLES ENGAGE","EN_NPi2020_3000f","21.722941603816164","67.30968345484956","8.213096027965156","6.410076205901987","18.178318526249416","2.927714824306717","2.927714824306717","0.001948596"
"386","ENGAGE-NPi2020-3000f","POLES-JRC ENGAGE","Final Energy|Residential and Commercial|Electricity","EJ/yr","[object Object]",2020,7.212039470672607,"2.927714824306717","2.927714824306717","2100","18.178318526249416","2939.133103515625","GW6","ok","medium","ok","ok","medium","ok","medium","medium","ok","ok","ok","ok","true","C6","C6: Below 3.0°C","POLES ENGAGE","EN_NPi2020_3000f","21.722941603816164","67.30968345484956","8.213096027965156","6.410076205901987","18.178318526249416","2.927714824306717","2.927714824306717","0.001948596"
"386","ENGAGE-NPi2020-3000f","POLES-JRC ENGAGE","Final Energy|Residential and Commercial|Electricity","EJ/yr","[object Object]",2025,7.596297264099121,"2.927714824306717","2.927714824306717","2100","18.178318526249416","2939.133103515625","GW6","ok","medium","ok","ok","medium","ok","medium","medium","ok","ok","ok","ok","true","C6","C6: Below 3.0°C","POLES ENGAGE","EN_NPi2020_3000f","21.722941603816164","67.30968345484956","8.213096027965156","6.410076205901987","18.178318526249416","2.927714824306717","2.927714824306717","0.001948596"
"386","ENGAGE-NPi2020-3000f","POLES-JRC ENGAGE","Final Energy|Residential and Commercial|Electricity","EJ/yr","[object Object]",2030,8.016448020935059,"2.927714824306717","2.927714824306717","2100","18.178318526249416","2939.133103515625","GW6","ok","medium","ok","ok","medium","ok","medium","medium","ok","ok","ok","ok","true","C6","C6: Below 3.0°C","POLES ENGAGE","EN_NPi2020_3000f","21.722941603816164","67.30968345484956","8.213096027965156","6.410076205901987","18.178318526249416","2.927714824306717","2.927714824306717","0.001948596"
"386","ENGAGE-NPi2020-3000f","POLES-JRC ENGAGE","Final Energy|Residential and Commercial|Electricity","EJ/yr","[object Object]",2035,8.681755065917969,"2.927714824306717","2.927714824306717","2100","18.178318526249416","2939.133103515625","GW6","ok","medium","ok","ok","medium","ok","medium","medium","ok","ok","ok","ok","true","C6","C6: Below 3.0°C","POLES ENGAGE","EN_NPi2020_3000f","21.722941603816164","67.30968345484956","8.213096027965156","6.410076205901987","18.178318526249416","2.927714824306717","2.927714824306717","0.001948596"
"386","ENGAGE-NPi2020-3000f","POLES-JRC ENGAGE","Final Energy|Residential and Commercial|Electricity","EJ/yr","[object Object]",2040,9.23304271697998,"2.927714824306717","2.927714824306717","2100","18.178318526249416","2939.133103515625","GW6","ok","medium","ok","ok","medium","ok","medium","medium","ok","ok","ok","ok","true","C6","C6: Below 3.0°C","POLES ENGAGE","EN_NPi2020_3000f","21.722941603816164","67.30968345484956","8.213096027965156","6.410076205901987","18.178318526249416","2.927714824306717","2.927714824306717","0.001948596"
"386","ENGAGE-NPi2020-3000f","POLES-JRC ENGAGE","Final Energy|Residential and Commercial|Electricity","EJ/yr","[object Object]",2045,9.713701248168944,"2.927714824306717","2.927714824306717","2100","18.178318526249416","2939.133103515625","GW6","ok","medium","ok","ok","medium","ok","medium","medium","ok","ok","ok","ok","true","C6","C6: Below 3.0°C","POLES ENGAGE","EN_NPi2020_3000f","21.722941603816164","67.30968345484956","8.213096027965156","6.410076205901987","18.178318526249416","2.927714824306717","2.927714824306717","0.001948596"
"386","ENGAGE-NPi2020-3000f","POLES-JRC ENGAGE","Final Energy|Residential and Commercial|Electricity","EJ/yr","[object Object]",2050,10.011171340942385,"2.927714824306717","2.927714824306717","2100","18.178318526249416","2939.133103515625","GW6","ok","medium","ok","ok","medium","ok","medium","medium","ok","ok","ok","ok","true","C6","C6: Below 3.0°C","POLES ENGAGE","EN_NPi2020_3000f","21.722941603816164","67.30968345484956","8.213096027965156","6.410076205901987","18.178318526249416","2.927714824306717","2.927714824306717","0.001948596"
"386","ENGAGE-NPi2020-3000f","POLES-JRC ENGAGE","Final Energy|Residential and Commercial|Electricity","EJ/yr","[object Object]",2060,10.17776107788086,"2.927714824306717","2.927714824306717","2100","18.178318526249416","2939.133103515625","GW6","ok","medium","ok","ok","medium","ok","medium","medium","ok","ok","ok","ok","true","C6","C6: Below 3.0°C","POLES ENGAGE","EN_NPi2020_3000f","21.722941603816164","67.30968345484956","8.213096027965156","6.410076205901987","18.178318526249416","2.927714824306717","2.927714824306717","0.001948596"
"386","ENGAGE-NPi2020-3000f","POLES-JRC ENGAGE","Final Energy|Residential and Commercial|Electricity","EJ/yr","[object Object]",2070,9.951265335083008,"2.927714824306717","2.927714824306717","2100","18.178318526249416","2939.133103515625","GW6","ok","medium","ok","ok","medium","ok","medium","medium","ok","ok","ok","ok","true","C6","C6: Below 3.0°C","POLES ENGAGE","EN_NPi2020_3000f","21.722941603816164","67.30968345484956","8.213096027965156","6.410076205901987","18.178318526249416","2.927714824306717","2.927714824306717","0.001948596"
"386","ENGAGE-NPi2020-3000f","POLES-JRC ENGAGE","Final Energy|Residential and Commercial|Electricity","EJ/yr","[object Object]",2080,9.655491828918455,"2.927714824306717","2.927714824306717","2100","18.178318526249416","2939.133103515625","GW6","ok","medium","ok","ok","medium","ok","medium","medium","ok","ok","ok","ok","true","C6","C6: Below 3.0°C","POLES ENGAGE","EN_NPi2020_3000f","21.722941603816164","67.30968345484956","8.213096027965156","6.410076205901987","18.178318526249416","2.927714824306717","2.927714824306717","0.001948596"
"386","ENGAGE-NPi2020-3000f","POLES-JRC ENGAGE","Final Energy|Residential and Commercial|Electricity","EJ/yr","[object Object]",2090,9.419161796569824,"2.927714824306717","2.927714824306717","2100","18.178318526249416","2939.133103515625","GW6","ok","medium","ok","ok","medium","ok","medium","medium","ok","ok","ok","ok","true","C6","C6: Below 3.0°C","POLES ENGAGE","EN_NPi2020_3000f","21.722941603816164","67.30968345484956","8.213096027965156","6.410076205901987","18.178318526249416","2.927714824306717","2.927714824306717","0.001948596"
"386","ENGAGE-NPi2020-3000f","POLES-JRC ENGAGE","Final Energy|Residential and Commercial|Electricity","EJ/yr","[object Object]",2100,9.275886535644531,"2.927714824306717","2.927714824306717","2100","18.178318526249416","2939.133103515625","GW6","ok","medium","ok","ok","medium","ok","medium","medium","ok","ok","ok","ok","true","C6","C6: Below 3.0°C","POLES ENGAGE","EN_NPi2020_3000f","21.722941603816164","67.30968345484956","8.213096027965156","6.410076205901987","18.178318526249416","2.927714824306717","2.927714824306717","0.001948596"
"420","ENGAGE-INDCi2030-2500","REMIND-MAgPIE 2.1-4.2","Final Energy|Residential and Commercial|Electricity","EJ/yr","[object Object]",2010,6.2744,"2.508001812594289","2.508001812594289","2100","142.63170230000003","2463.05750145","GW6","failed","medium","ok","ok","medium","medium",,"ok","ok","ok","ok","medium","true","C6","C6: Below 3.0°C","REMIND-MAgPIE 2.1-4.2","EN_INDCi2030_2500","36.86030127395012","47.808355485829665","15.189530948126842","2.5992194846661363","142.63170230000003","2.508001812594289","2.508001812594289",
"420","ENGAGE-INDCi2030-2500","REMIND-MAgPIE 2.1-4.2","Final Energy|Residential and Commercial|Electricity","EJ/yr","[object Object]",2015,5.7998,"2.508001812594289","2.508001812594289","2100","142.63170230000003","2463.05750145","GW6","failed","medium","ok","ok","medium","medium",,"ok","ok","ok","ok","medium","true","C6","C6: Below 3.0°C","REMIND-MAgPIE 2.1-4.2","EN_INDCi2030_2500","36.86030127395012","47.808355485829665","15.189530948126842","2.5992194846661363","142.63170230000003","2.508001812594289","2.508001812594289",
"420","ENGAGE-INDCi2030-2500","REMIND-MAgPIE 2.1-4.2","Final Energy|Residential and Commercial|Electricity","EJ/yr","[object Object]",2020,6.4637,"2.508001812594289","2.508001812594289","2100","142.63170230000003","2463.05750145","GW6","failed","medium","ok","ok","medium","medium",,"ok","ok","ok","ok","medium","true","C6","C6: Below 3.0°C","REMIND-MAgPIE 2.1-4.2","EN_INDCi2030_2500","36.86030127395012","47.808355485829665","15.189530948126842","2.5992194846661363","142.63170230000003","2.508001812594289","2.508001812594289",
"420","ENGAGE-INDCi2030-2500","REMIND-MAgPIE 2.1-4.2","Final Energy|Residential and Commercial|Electricity","EJ/yr","[object Object]",2025,6.8581,"2.508001812594289","2.508001812594289","2100","142.63170230000003","2463.05750145","GW6","failed","medium","ok","ok","medium","medium",,"ok","ok","ok","ok","medium","true","C6","C6: Below 3.0°C","REMIND-MAgPIE 2.1-4.2","EN_INDCi2030_2500","36.86030127395012","47.808355485829665","15.189530948126842","2.5992194846661363","142.63170230000003","2.508001812594289","2.508001812594289",
"420","ENGAGE-INDCi2030-2500","REMIND-MAgPIE 2.1-4.2","Final Energy|Residential and Commercial|Electricity","EJ/yr","[object Object]",2030,7.4601,"2.508001812594289","2.508001812594289","2100","142.63170230000003","2463.05750145","GW6","failed","medium","ok","ok","medium","medium",,"ok","ok","ok","ok","medium","true","C6","C6: Below 3.0°C","REMIND-MAgPIE 2.1-4.2","EN_INDCi2030_2500","36.86030127395012","47.808355485829665","15.189530948126842","2.5992194846661363","142.63170230000003","2.508001812594289","2.508001812594289",
"420","ENGAGE-INDCi2030-2500","REMIND-MAgPIE 2.1-4.2","Final Energy|Residential and Commercial|Electricity","EJ/yr","[object Object]",2035,7.9158,"2.508001812594289","2.508001812594289","2100","142.63170230000003","2463.05750145","GW6","failed","medium","ok","ok","medium","medium",,"ok","ok","ok","ok","medium","true","C6","C6: Below 3.0°C","REMIND-MAgPIE 2.1-4.2","EN_INDCi2030_2500","36.86030127395012","47.808355485829665","15.189530948126842","2.5992194846661363","142.63170230000003","2.508001812594289","2.508001812594289",
"420","ENGAGE-INDCi2030-2500","REMIND-MAgPIE 2.1-4.2","Final Energy|Residential and Commercial|Electricity","EJ/yr","[object Object]",2040,7.9944,"2.508001812594289","2.508001812594289","2100","142.63170230000003","2463.05750145","GW6","failed","medium","ok","ok","medium","medium",,"ok","ok","ok","ok","medium","true","C6","C6: Below 3.0°C","REMIND-MAgPIE 2.1-4.2","EN_INDCi2030_2500","36.86030127395012","47.808355485829665","15.189530948126842","2.5992194846661363","142.63170230000003","2.508001812594289","2.508001812594289",
"420","ENGAGE-INDCi2030-2500","REMIND-MAgPIE 2.1-4.2","Final Energy|Residential and Commercial|Electricity","EJ/yr","[object Object]",2045,8.2505,"2.508001812594289","2.508001812594289","2100","142.63170230000003","2463.05750145","GW6","failed","medium","ok","ok","medium","medium",,"ok","ok","ok","ok","medium","true","C6","C6: Below 3.0°C","REMIND-MAgPIE 2.1-4.2","EN_INDCi2030_2500","36.86030127395012","47.808355485829665","15.189530948126842","2.5992194846661363","142.63170230000003","2.508001812594289","2.508001812594289",
"420","ENGAGE-INDCi2030-2500","REMIND-MAgPIE 2.1-4.2","Final Energy|Residential and Commercial|Electricity","EJ/yr","[object Object]",2050,8.5102,"2.508001812594289","2.508001812594289","2100","142.63170230000003","2463.05750145","GW6","failed","medium","ok","ok","medium","medium",,"ok","ok","ok","ok","medium","true","C6","C6: Below 3.0°C","REMIND-MAgPIE 2.1-4.2","EN_INDCi2030_2500","36.86030127395012","47.808355485829665","15.189530948126842","2.5992194846661363","142.63170230000003","2.508001812594289","2.508001812594289",
"420","ENGAGE-INDCi2030-2500","REMIND-MAgPIE 2.1-4.2","Final Energy|Residential and Commercial|Electricity","EJ/yr","[object Object]",2055,8.5708,"2.508001812594289","2.508001812594289","2100","142.63170230000003","2463.05750145","GW6","failed","medium","ok","ok","medium","medium",,"ok","ok","ok","ok","medium","true","C6","C6: Below 3.0°C","REMIND-MAgPIE 2.1-4.2","EN_INDCi2030_2500","36.86030127395012","47.808355485829665","15.189530948126842","2.5992194846661363","142.63170230000003","2.508001812594289","2.508001812594289",
"420","ENGAGE-INDCi2030-2500","REMIND-MAgPIE 2.1-4.2","Final Energy|Residential and Commercial|Electricity","EJ/yr","[object Object]",2060,8.601,"2.508001812594289","2.508001812594289","2100","142.63170230000003","2463.05750145","GW6","failed","medium","ok","ok","medium","medium",,"ok","ok","ok","ok","medium","true","C6","C6: Below 3.0°C","REMIND-MAgPIE 2.1-4.2","EN_INDCi2030_2500","36.86030127395012","47.808355485829665","15.189530948126842","2.5992194846661363","142.63170230000003","2.508001812594289","2.508001812594289",
"420","ENGAGE-INDCi2030-2500","REMIND-MAgPIE 2.1-4.2","Final Energy|Residential and Commercial|Electricity","EJ/yr","[object Object]",2070,9.1166,"2.508001812594289","2.508001812594289","2100","142.63170230000003","2463.05750145","GW6","failed","medium","ok","ok","medium","medium",,"ok","ok","ok","ok","medium","true","C6","C6: Below 3.0°C","REMIND-MAgPIE 2.1-4.2","EN_INDCi2030_2500","36.86030127395012","47.808355485829665","15.189530948126842","2.5992194846661363","142.63170230000003","2.508001812594289","2.508001812594289",
"420","ENGAGE-INDCi2030-2500","REMIND-MAgPIE 2.1-4.2","Final Energy|Residential and Commercial|Electricity","EJ/yr","[object Object]",2080,9.6218,"2.508001812594289","2.508001812594289","2100","142.63170230000003","2463.05750145","GW6","failed","medium","ok","ok","medium","medium",,"ok","ok","ok","ok","medium","true","C6","C6: Below 3.0°C","REMIND-MAgPIE 2.1-4.2","EN_INDCi2030_2500","36.86030127395012","47.808355485829665","15.189530948126842","2.5992194846661363","142.63170230000003","2.508001812594289","2.508001812594289",
"420","ENGAGE-INDCi2030-2500","REMIND-MAgPIE 2.1-4.2","Final Energy|Residential and Commercial|Electricity","EJ/yr","[object Object]",2090,10.2566,"2.508001812594289","2.508001812594289","2100","142.63170230000003","2463.05750145","GW6","failed","medium","ok","ok","medium","medium",,"ok","ok","ok","ok","medium","true","C6","C6: Below 3.0°C","REMIND-MAgPIE 2.1-4.2","EN_INDCi2030_2500","36.86030127395012","47.808355485829665","15.189530948126842","2.5992194846661363","142.63170230000003","2.508001812594289","2.508001812594289",
"420","ENGAGE-INDCi2030-2500","REMIND-MAgPIE 2.1-4.2","Final Energy|Residential and Commercial|Electricity","EJ/yr","[object Object]",2100,10.7024,"2.508001812594289","2.508001812594289","2100","142.63170230000003","2463.05750145","GW6","failed","medium","ok","ok","medium","medium",,"ok","ok","ok","ok","medium","true","C6","C6: Below 3.0°C","REMIND-MAgPIE 2.1-4.2","EN_INDCi2030_2500","36.86030127395012","47.808355485829665","15.189530948126842","2.5992194846661363","142.63170230000003","2.508001812594289","2.508001812594289",
"421","ENGAGE-INDCi2030-2500f","REMIND-MAgPIE 2.1-4.2","Final Energy|Residential and Commercial|Electricity","EJ/yr","[object Object]",2010,6.2744,"2.507867709337591","2.507867709337591","2100","142.66484640000002","2462.8190422000002","GW6","failed","medium","ok","ok","medium","medium",,"ok","ok","ok","ok","medium","true","C6","C6: Below 3.0°C","REMIND-MAgPIE 2.1-4.2","EN_INDCi2030_2500f","36.85960347391567","47.811552966682584","15.187032554795154","2.3954779536089603","142.66484640000002","2.507867709337591","2.507867709337591",
"421","ENGAGE-INDCi2030-2500f","REMIND-MAgPIE 2.1-4.2","Final Energy|Residential and Commercial|Electricity","EJ/yr","[object Object]",2015,5.7998,"2.507867709337591","2.507867709337591","2100","142.66484640000002","2462.8190422000002","GW6","failed","medium","ok","ok","medium","medium",,"ok","ok","ok","ok","medium","true","C6","C6: Below 3.0°C","REMIND-MAgPIE 2.1-4.2","EN_INDCi2030_2500f","36.85960347391567","47.811552966682584","15.187032554795154","2.3954779536089603","142.66484640000002","2.507867709337591","2.507867709337591",
"421","ENGAGE-INDCi2030-2500f","REMIND-MAgPIE 2.1-4.2","Final Energy|Residential and Commercial|Electricity","EJ/yr","[object Object]",2020,6.4637,"2.507867709337591","2.507867709337591","2100","142.66484640000002","2462.8190422000002","GW6","failed","medium","ok","ok","medium","medium",,"ok","ok","ok","ok","medium","true","C6","C6: Below 3.0°C","REMIND-MAgPIE 2.1-4.2","EN_INDCi2030_2500f","36.85960347391567","47.811552966682584","15.187032554795154","2.3954779536089603","142.66484640000002","2.507867709337591","2.507867709337591",
"421","ENGAGE-INDCi2030-2500f","REMIND-MAgPIE 2.1-4.2","Final Energy|Residential and Commercial|Electricity","EJ/yr","[object Object]",2025,6.8581,"2.507867709337591","2.507867709337591","2100","142.66484640000002","2462.8190422000002","GW6","failed","medium","ok","ok","medium","medium",,"ok","ok","ok","ok","medium","true","C6","C6: Below 3.0°C","REMIND-MAgPIE 2.1-4.2","EN_INDCi2030_2500f","36.85960347391567","47.811552966682584","15.187032554795154","2.3954779536089603","142.66484640000002","2.507867709337591","2.507867709337591",
"421","ENGAGE-INDCi2030-2500f","REMIND-MAgPIE 2.1-4.2","Final Energy|Residential and Commercial|Electricity","EJ/yr","[object Object]",2030,7.4601,"2.507867709337591","2.507867709337591","2100","142.66484640000002","2462.8190422000002","GW6","failed","medium","ok","ok","medium","medium",,"ok","ok","ok","ok","medium","true","C6","C6: Below 3.0°C","REMIND-MAgPIE 2.1-4.2","EN_INDCi2030_2500f","36.85960347391567","47.811552966682584","15.187032554795154","2.3954779536089603","142.66484640000002","2.507867709337591","2.507867709337591",
"421","ENGAGE-INDCi2030-2500f","REMIND-MAgPIE 2.1-4.2","Final Energy|Residential and Commercial|Electricity","EJ/yr","[object Object]",2035,7.9158,"2.507867709337591","2.507867709337591","2100","142.66484640000002","2462.8190422000002","GW6","failed","medium","ok","ok","medium","medium",,"ok","ok","ok","ok","medium","true","C6","C6: Below 3.0°C","REMIND-MAgPIE 2.1-4.2","EN_INDCi2030_2500f","36.85960347391567","47.811552966682584","15.187032554795154","2.3954779536089603","142.66484640000002","2.507867709337591","2.507867709337591",
"421","ENGAGE-INDCi2030-2500f","REMIND-MAgPIE 2.1-4.2","Final Energy|Residential and Commercial|Electricity","EJ/yr","[object Object]",2040,7.994,"2.507867709337591","2.507867709337591","2100","142.66484640000002","2462.8190422000002","GW6","failed","medium","ok","ok","medium","medium",,"ok","ok","ok","ok","medium","true","C6","C6: Below 3.0°C","REMIND-MAgPIE 2.1-4.2","EN_INDCi2030_2500f","36.85960347391567","47.811552966682584","15.187032554795154","2.3954779536089603","142.66484640000002","2.507867709337591","2.507867709337591",
"421","ENGAGE-INDCi2030-2500f","REMIND-MAgPIE 2.1-4.2","Final Energy|Residential and Commercial|Electricity","EJ/yr","[object Object]",2045,8.2497,"2.507867709337591","2.507867709337591","2100","142.66484640000002","2462.8190422000002","GW6","failed","medium","ok","ok","medium","medium",,"ok","ok","ok","ok","medium","true","C6","C6: Below 3.0°C","REMIND-MAgPIE 2.1-4.2","EN_INDCi2030_2500f","36.85960347391567","47.811552966682584","15.187032554795154","2.3954779536089603","142.66484640000002","2.507867709337591","2.507867709337591",
"421","ENGAGE-INDCi2030-2500f","REMIND-MAgPIE 2.1-4.2","Final Energy|Residential and Commercial|Electricity","EJ/yr","[object Object]",2050,8.5101,"2.507867709337591","2.507867709337591","2100","142.66484640000002","2462.8190422000002","GW6","failed","medium","ok","ok","medium","medium",,"ok","ok","ok","ok","medium","true","C6","C6: Below 3.0°C","REMIND-MAgPIE 2.1-4.2","EN_INDCi2030_2500f","36.85960347391567","47.811552966682584","15.187032554795154","2.3954779536089603","142.66484640000002","2.507867709337591","2.507867709337591",
"421","ENGAGE-INDCi2030-2500f","REMIND-MAgPIE 2.1-4.2","Final Energy|Residential and Commercial|Electricity","EJ/yr","[object Object]",2055,8.5715,"2.507867709337591","2.507867709337591","2100","142.66484640000002","2462.8190422000002","GW6","failed","medium","ok","ok","medium","medium",,"ok","ok","ok","ok","medium","true","C6","C6: Below 3.0°C","REMIND-MAgPIE 2.1-4.2","EN_INDCi2030_2500f","36.85960347391567","47.811552966682584","15.187032554795154","2.3954779536089603","142.66484640000002","2.507867709337591","2.507867709337591",
"421","ENGAGE-INDCi2030-2500f","REMIND-MAgPIE 2.1-4.2","Final Energy|Residential and Commercial|Electricity","EJ/yr","[object Object]",2060,8.6023,"2.507867709337591","2.507867709337591","2100","142.66484640000002","2462.8190422000002","GW6","failed","medium","ok","ok","medium","medium",,"ok","ok","ok","ok","medium","true","C6","C6: Below 3.0°C","REMIND-MAgPIE 2.1-4.2","EN_INDCi2030_2500f","36.85960347391567","47.811552966682584","15.187032554795154","2.3954779536089603","142.66484640000002","2.507867709337591","2.507867709337591",
"421","ENGAGE-INDCi2030-2500f","REMIND-MAgPIE 2.1-4.2","Final Energy|Residential and Commercial|Electricity","EJ/yr","[object Object]",2070,9.1185,"2.507867709337591","2.507867709337591","2100","142.66484640000002","2462.8190422000002","GW6","failed","medium","ok","ok","medium","medium",,"ok","ok","ok","ok","medium","true","C6","C6: Below 3.0°C","REMIND-MAgPIE 2.1-4.2","EN_INDCi2030_2500f","36.85960347391567","47.811552966682584","15.187032554795154","2.3954779536089603","142.66484640000002","2.507867709337591","2.507867709337591",
"421","ENGAGE-INDCi2030-2500f","REMIND-MAgPIE 2.1-4.2","Final Energy|Residential and Commercial|Electricity","EJ/yr","[object Object]",2080,9.6177,"2.507867709337591","2.507867709337591","2100","142.66484640000002","2462.8190422000002","GW6","failed","medium","ok","ok","medium","medium",,"ok","ok","ok","ok","medium","true","C6","C6: Below 3.0°C","REMIND-MAgPIE 2.1-4.2","EN_INDCi2030_2500f","36.85960347391567","47.811552966682584","15.187032554795154","2.3954779536089603","142.66484640000002","2.507867709337591","2.507867709337591",
"421","ENGAGE-INDCi2030-2500f","REMIND-MAgPIE 2.1-4.2","Final Energy|Residential and Commercial|Electricity","EJ/yr","[object Object]",2090,10.2556,"2.507867709337591","2.507867709337591","2100","142.66484640000002","2462.8190422000002","GW6","failed","medium","ok","ok","medium","medium",,"ok","ok","ok","ok","medium","true","C6","C6: Below 3.0°C","REMIND-MAgPIE 2.1-4.2","EN_INDCi2030_2500f","36.85960347391567","47.811552966682584","15.187032554795154","2.3954779536089603","142.66484640000002","2.507867709337591","2.507867709337591",
"421","ENGAGE-INDCi2030-2500f","REMIND-MAgPIE 2.1-4.2","Final Energy|Residential and Commercial|Electricity","EJ/yr","[object Object]",2100,10.7058,"2.507867709337591","2.507867709337591","2100","142.66484640000002","2462.8190422000002","GW6","failed","medium","ok","ok","medium","medium",,"ok","ok","ok","ok","medium","true","C6","C6: Below 3.0°C","REMIND-MAgPIE 2.1-4.2","EN_INDCi2030_2500f","36.85960347391567","47.811552966682584","15.187032554795154","2.3954779536089603","142.66484640000002","2.507867709337591","2.507867709337591",
"422","ENGAGE-INDCi2030-3000","REMIND-MAgPIE 2.1-4.2","Final Energy|Residential and Commercial|Electricity","EJ/yr","[object Object]",2010,6.2744,"2.895385163219389","2.895385163219389","2100","78.90383905","2959.45467595","GW6","failed","medium","ok","ok","medium","medium",,"ok","ok","ok","ok","ok","true","C6","C6: Below 3.0°C","REMIND-MAgPIE 2.1-4.2","EN_INDCi2030_3000","35.15986691101898","49.72955180328452","14.9717986584346","2.217650043212032","78.90383905","2.895385163219389","2.895385163219389",
"422","ENGAGE-INDCi2030-3000","REMIND-MAgPIE 2.1-4.2","Final Energy|Residential and Commercial|Electricity","EJ/yr","[object Object]",2015,5.7998,"2.895385163219389","2.895385163219389","2100","78.90383905","2959.45467595","GW6","failed","medium","ok","ok","medium","medium",,"ok","ok","ok","ok","ok","true","C6","C6: Below 3.0°C","REMIND-MAgPIE 2.1-4.2","EN_INDCi2030_3000","35.15986691101898","49.72955180328452","14.9717986584346","2.217650043212032","78.90383905","2.895385163219389","2.895385163219389",
"422","ENGAGE-INDCi2030-3000","REMIND-MAgPIE 2.1-4.2","Final Energy|Residential and Commercial|Electricity","EJ/yr","[object Object]",2020,6.4637,"2.895385163219389","2.895385163219389","2100","78.90383905","2959.45467595","GW6","failed","medium","ok","ok","medium","medium",,"ok","ok","ok","ok","ok","true","C6","C6: Below 3.0°C","REMIND-MAgPIE 2.1-4.2","EN_INDCi2030_3000","35.15986691101898","49.72955180328452","14.9717986584346","2.217650043212032","78.90383905","2.895385163219389","2.895385163219389",
"422","ENGAGE-INDCi2030-3000","REMIND-MAgPIE 2.1-4.2","Final Energy|Residential and Commercial|Electricity","EJ/yr","[object Object]",2025,6.8581,"2.895385163219389","2.895385163219389","2100","78.90383905","2959.45467595","GW6","failed","medium","ok","ok","medium","medium",,"ok","ok","ok","ok","ok","true","C6","C6: Below 3.0°C","REMIND-MAgPIE 2.1-4.2","EN_INDCi2030_3000","35.15986691101898","49.72955180328452","14.9717986584346","2.217650043212032","78.90383905","2.895385163219389","2.895385163219389",
"422","ENGAGE-INDCi2030-3000","REMIND-MAgPIE 2.1-4.2","Final Energy|Residential and Commercial|Electricity","EJ/yr","[object Object]",2030,7.4601,"2.895385163219389","2.895385163219389","2100","78.90383905","2959.45467595","GW6","failed","medium","ok","ok","medium","medium",,"ok","ok","ok","ok","ok","true","C6","C6: Below 3.0°C","REMIND-MAgPIE 2.1-4.2","EN_INDCi2030_3000","35.15986691101898","49.72955180328452","14.9717986584346","2.217650043212032","78.90383905","2.895385163219389","2.895385163219389",
"422","ENGAGE-INDCi2030-3000","REMIND-MAgPIE 2.1-4.2","Final Energy|Residential and Commercial|Electricity","EJ/yr","[object Object]",2035,7.9179,"2.895385163219389","2.895385163219389","2100","78.90383905","2959.45467595","GW6","failed","medium","ok","ok","medium","medium",,"ok","ok","ok","ok","ok","true","C6","C6: Below 3.0°C","REMIND-MAgPIE 2.1-4.2","EN_INDCi2030_3000","35.15986691101898","49.72955180328452","14.9717986584346","2.217650043212032","78.90383905","2.895385163219389","2.895385163219389",
"422","ENGAGE-INDCi2030-3000","REMIND-MAgPIE 2.1-4.2","Final Energy|Residential and Commercial|Electricity","EJ/yr","[object Object]",2040,7.9355,"2.895385163219389","2.895385163219389","2100","78.90383905","2959.45467595","GW6","failed","medium","ok","ok","medium","medium",,"ok","ok","ok","ok","ok","true","C6","C6: Below 3.0°C","REMIND-MAgPIE 2.1-4.2","EN_INDCi2030_3000","35.15986691101898","49.72955180328452","14.9717986584346","2.217650043212032","78.90383905","2.895385163219389","2.895385163219389",
"422","ENGAGE-INDCi2030-3000","REMIND-MAgPIE 2.1-4.2","Final Energy|Residential and Commercial|Electricity","EJ/yr","[object Object]",2045,8.1361,"2.895385163219389","2.895385163219389","2100","78.90383905","2959.45467595","GW6","failed","medium","ok","ok","medium","medium",,"ok","ok","ok","ok","ok","true","C6","C6: Below 3.0°C","REMIND-MAgPIE 2.1-4.2","EN_INDCi2030_3000","35.15986691101898","49.72955180328452","14.9717986584346","2.217650043212032","78.90383905","2.895385163219389","2.895385163219389",
"422","ENGAGE-INDCi2030-3000","REMIND-MAgPIE 2.1-4.2","Final Energy|Residential and Commercial|Electricity","EJ/yr","[object Object]",2050,8.3267,"2.895385163219389","2.895385163219389","2100","78.90383905","2959.45467595","GW6","failed","medium","ok","ok","medium","medium",,"ok","ok","ok","ok","ok","true","C6","C6: Below 3.0°C","REMIND-MAgPIE 2.1-4.2","EN_INDCi2030_3000","35.15986691101898","49.72955180328452","14.9717986584346","2.217650043212032","78.90383905","2.895385163219389","2.895385163219389",
"422","ENGAGE-INDCi2030-3000","REMIND-MAgPIE 2.1-4.2","Final Energy|Residential and Commercial|Electricity","EJ/yr","[object Object]",2055,8.3476,"2.895385163219389","2.895385163219389","2100","78.90383905","2959.45467595","GW6","failed","medium","ok","ok","medium","medium",,"ok","ok","ok","ok","ok","true","C6","C6: Below 3.0°C","REMIND-MAgPIE 2.1-4.2","EN_INDCi2030_3000","35.15986691101898","49.72955180328452","14.9717986584346","2.217650043212032","78.90383905","2.895385163219389","2.895385163219389",
"422","ENGAGE-INDCi2030-3000","REMIND-MAgPIE 2.1-4.2","Final Energy|Residential and Commercial|Electricity","EJ/yr","[object Object]",2060,8.3629,"2.895385163219389","2.895385163219389","2100","78.90383905","2959.45467595","GW6","failed","medium","ok","ok","medium","medium",,"ok","ok","ok","ok","ok","true","C6","C6: Below 3.0°C","REMIND-MAgPIE 2.1-4.2","EN_INDCi2030_3000","35.15986691101898","49.72955180328452","14.9717986584346","2.217650043212032","78.90383905","2.895385163219389","2.895385163219389",
"422","ENGAGE-INDCi2030-3000","REMIND-MAgPIE 2.1-4.2","Final Energy|Residential and Commercial|Electricity","EJ/yr","[object Object]",2070,8.9112,"2.895385163219389","2.895385163219389","2100","78.90383905","2959.45467595","GW6","failed","medium","ok","ok","medium","medium",,"ok","ok","ok","ok","ok","true","C6","C6: Below 3.0°C","REMIND-MAgPIE 2.1-4.2","EN_INDCi2030_3000","35.15986691101898","49.72955180328452","14.9717986584346","2.217650043212032","78.90383905","2.895385163219389","2.895385163219389",
"422","ENGAGE-INDCi2030-3000","REMIND-MAgPIE 2.1-4.2","Final Energy|Residential and Commercial|Electricity","EJ/yr","[object Object]",2080,9.432,"2.895385163219389","2.895385163219389","2100","78.90383905","2959.45467595","GW6","failed","medium","ok","ok","medium","medium",,"ok","ok","ok","ok","ok","true","C6","C6: Below 3.0°C","REMIND-MAgPIE 2.1-4.2","EN_INDCi2030_3000","35.15986691101898","49.72955180328452","14.9717986584346","2.217650043212032","78.90383905","2.895385163219389","2.895385163219389",
"422","ENGAGE-INDCi2030-3000","REMIND-MAgPIE 2.1-4.2","Final Energy|Residential and Commercial|Electricity","EJ/yr","[object Object]",2090,9.9863,"2.895385163219389","2.895385163219389","2100","78.90383905","2959.45467595","GW6","failed","medium","ok","ok","medium","medium",,"ok","ok","ok","ok","ok","true","C6","C6: Below 3.0°C","REMIND-MAgPIE 2.1-4.2","EN_INDCi2030_3000","35.15986691101898","49.72955180328452","14.9717986584346","2.217650043212032","78.90383905","2.895385163219389","2.895385163219389",
"422","ENGAGE-INDCi2030-3000","REMIND-MAgPIE 2.1-4.2","Final Energy|Residential and Commercial|Electricity","EJ/yr","[object Object]",2100,10.5281,"2.895385163219389","2.895385163219389","2100","78.90383905","2959.45467595","GW6","failed","medium","ok","ok","medium","medium",,"ok","ok","ok","ok","ok","true","C6","C6: Below 3.0°C","REMIND-MAgPIE 2.1-4.2","EN_INDCi2030_3000","35.15986691101898","49.72955180328452","14.9717986584346","2.217650043212032","78.90383905","2.895385163219389","2.895385163219389",
"423","ENGAGE-INDCi2030-3000f","REMIND-MAgPIE 2.1-4.2","Final Energy|Residential and Commercial|Electricity","EJ/yr","[object Object]",2010,6.2744,"2.894276902705622","2.894276902705622","2100","78.30272805","2957.1031337000004","GW6","failed","medium","ok","ok","medium","medium",,"ok","ok","ok","ok","ok","true","C6","C6: Below 3.0°C","REMIND-MAgPIE 2.1-4.2","EN_INDCi2030_3000f","35.19095134050261","49.700370800031315","14.96971681126207","2.0771505359560223","78.30272805","2.894276902705622","2.894276902705622",
"423","ENGAGE-INDCi2030-3000f","REMIND-MAgPIE 2.1-4.2","Final Energy|Residential and Commercial|Electricity","EJ/yr","[object Object]",2015,5.7998,"2.894276902705622","2.894276902705622","2100","78.30272805","2957.1031337000004","GW6","failed","medium","ok","ok","medium","medium",,"ok","ok","ok","ok","ok","true","C6","C6: Below 3.0°C","REMIND-MAgPIE 2.1-4.2","EN_INDCi2030_3000f","35.19095134050261","49.700370800031315","14.96971681126207","2.0771505359560223","78.30272805","2.894276902705622","2.894276902705622",
"423","ENGAGE-INDCi2030-3000f","REMIND-MAgPIE 2.1-4.2","Final Energy|Residential and Commercial|Electricity","EJ/yr","[object Object]",2020,6.4637,"2.894276902705622","2.894276902705622","2100","78.30272805","2957.1031337000004","GW6","failed","medium","ok","ok","medium","medium",,"ok","ok","ok","ok","ok","true","C6","C6: Below 3.0°C","REMIND-MAgPIE 2.1-4.2","EN_INDCi2030_3000f","35.19095134050261","49.700370800031315","14.96971681126207","2.0771505359560223","78.30272805","2.894276902705622","2.894276902705622",
"423","ENGAGE-INDCi2030-3000f","REMIND-MAgPIE 2.1-4.2","Final Energy|Residential and Commercial|Electricity","EJ/yr","[object Object]",2025,6.8581,"2.894276902705622","2.894276902705622","2100","78.30272805","2957.1031337000004","GW6","failed","medium","ok","ok","medium","medium",,"ok","ok","ok","ok","ok","true","C6","C6: Below 3.0°C","REMIND-MAgPIE 2.1-4.2","EN_INDCi2030_3000f","35.19095134050261","49.700370800031315","14.96971681126207","2.0771505359560223","78.30272805","2.894276902705622","2.894276902705622",
"423","ENGAGE-INDCi2030-3000f","REMIND-MAgPIE 2.1-4.2","Final Energy|Residential and Commercial|Electricity","EJ/yr","[object Object]",2030,7.4601,"2.894276902705622","2.894276902705622","2100","78.30272805","2957.1031337000004","GW6","failed","medium","ok","ok","medium","medium",,"ok","ok","ok","ok","ok","true","C6","C6: Below 3.0°C","REMIND-MAgPIE 2.1-4.2","EN_INDCi2030_3000f","35.19095134050261","49.700370800031315","14.96971681126207","2.0771505359560223","78.30272805","2.894276902705622","2.894276902705622",
"423","ENGAGE-INDCi2030-3000f","REMIND-MAgPIE 2.1-4.2","Final Energy|Residential and Commercial|Electricity","EJ/yr","[object Object]",2035,7.9187,"2.894276902705622","2.894276902705622","2100","78.30272805","2957.1031337000004","GW6","failed","medium","ok","ok","medium","medium",,"ok","ok","ok","ok","ok","true","C6","C6: Below 3.0°C","REMIND-MAgPIE 2.1-4.2","EN_INDCi2030_3000f","35.19095134050261","49.700370800031315","14.96971681126207","2.0771505359560223","78.30272805","2.894276902705622","2.894276902705622",
"423","ENGAGE-INDCi2030-3000f","REMIND-MAgPIE 2.1-4.2","Final Energy|Residential and Commercial|Electricity","EJ/yr","[object Object]",2040,7.9377,"2.894276902705622","2.894276902705622","2100","78.30272805","2957.1031337000004","GW6","failed","medium","ok","ok","medium","medium",,"ok","ok","ok","ok","ok","true","C6","C6: Below 3.0°C","REMIND-MAgPIE 2.1-4.2","EN_INDCi2030_3000f","35.19095134050261","49.700370800031315","14.96971681126207","2.0771505359560223","78.30272805","2.894276902705622","2.894276902705622",
"423","ENGAGE-INDCi2030-3000f","REMIND-MAgPIE 2.1-4.2","Final Energy|Residential and Commercial|Electricity","EJ/yr","[object Object]",2045,8.1402,"2.894276902705622","2.894276902705622","2100","78.30272805","2957.1031337000004","GW6","failed","medium","ok","ok","medium","medium",,"ok","ok","ok","ok","ok","true","C6","C6: Below 3.0°C","REMIND-MAgPIE 2.1-4.2","EN_INDCi2030_3000f","35.19095134050261","49.700370800031315","14.96971681126207","2.0771505359560223","78.30272805","2.894276902705622","2.894276902705622",
"423","ENGAGE-INDCi2030-3000f","REMIND-MAgPIE 2.1-4.2","Final Energy|Residential and Commercial|Electricity","EJ/yr","[object Object]",2050,8.3325,"2.894276902705622","2.894276902705622","2100","78.30272805","2957.1031337000004","GW6","failed","medium","ok","ok","medium","medium",,"ok","ok","ok","ok","ok","true","C6","C6: Below 3.0°C","REMIND-MAgPIE 2.1-4.2","EN_INDCi2030_3000f","35.19095134050261","49.700370800031315","14.96971681126207","2.0771505359560223","78.30272805","2.894276902705622","2.894276902705622",
"423","ENGAGE-INDCi2030-3000f","REMIND-MAgPIE 2.1-4.2","Final Energy|Residential and Commercial|Electricity","EJ/yr","[object Object]",2055,8.3535,"2.894276902705622","2.894276902705622","2100","78.30272805","2957.1031337000004","GW6","failed","medium","ok","ok","medium","medium",,"ok","ok","ok","ok","ok","true","C6","C6: Below 3.0°C","REMIND-MAgPIE 2.1-4.2","EN_INDCi2030_3000f","35.19095134050261","49.700370800031315","14.96971681126207","2.0771505359560223","78.30272805","2.894276902705622","2.894276902705622",
"423","ENGAGE-INDCi2030-3000f","REMIND-MAgPIE 2.1-4.2","Final Energy|Residential and Commercial|Electricity","EJ/yr","[object Object]",2060,8.3681,"2.894276902705622","2.894276902705622","2100","78.30272805","2957.1031337000004","GW6","failed","medium","ok","ok","medium","medium",,"ok","ok","ok","ok","ok","true","C6","C6: Below 3.0°C","REMIND-MAgPIE 2.1-4.2","EN_INDCi2030_3000f","35.19095134050261","49.700370800031315","14.96971681126207","2.0771505359560223","78.30272805","2.894276902705622","2.894276902705622",
"423","ENGAGE-INDCi2030-3000f","REMIND-MAgPIE 2.1-4.2","Final Energy|Residential and Commercial|Electricity","EJ/yr","[object Object]",2070,8.9164,"2.894276902705622","2.894276902705622","2100","78.30272805","2957.1031337000004","GW6","failed","medium","ok","ok","medium","medium",,"ok","ok","ok","ok","ok","true","C6","C6: Below 3.0°C","REMIND-MAgPIE 2.1-4.2","EN_INDCi2030_3000f","35.19095134050261","49.700370800031315","14.96971681126207","2.0771505359560223","78.30272805","2.894276902705622","2.894276902705622",
"423","ENGAGE-INDCi2030-3000f","REMIND-MAgPIE 2.1-4.2","Final Energy|Residential and Commercial|Electricity","EJ/yr","[object Object]",2080,9.4354,"2.894276902705622","2.894276902705622","2100","78.30272805","2957.1031337000004","GW6","failed","medium","ok","ok","medium","medium",,"ok","ok","ok","ok","ok","true","C6","C6: Below 3.0°C","REMIND-MAgPIE 2.1-4.2","EN_INDCi2030_3000f","35.19095134050261","49.700370800031315","14.96971681126207","2.0771505359560223","78.30272805","2.894276902705622","2.894276902705622",
"423","ENGAGE-INDCi2030-3000f","REMIND-MAgPIE 2.1-4.2","Final Energy|Residential and Commercial|Electricity","EJ/yr","[object Object]",2090,9.9873,"2.894276902705622","2.894276902705622","2100","78.30272805","2957.1031337000004","GW6","failed","medium","ok","ok","medium","medium",,"ok","ok","ok","ok","ok","true","C6","C6: Below 3.0°C","REMIND-MAgPIE 2.1-4.2","EN_INDCi2030_3000f","35.19095134050261","49.700370800031315","14.96971681126207","2.0771505359560223","78.30272805","2.894276902705622","2.894276902705622",
"423","ENGAGE-INDCi2030-3000f","REMIND-MAgPIE 2.1-4.2","Final Energy|Residential and Commercial|Electricity","EJ/yr","[object Object]",2100,10.5338,"2.894276902705622","2.894276902705622","2100","78.30272805","2957.1031337000004","GW6","failed","medium","ok","ok","medium","medium",,"ok","ok","ok","ok","ok","true","C6","C6: Below 3.0°C","REMIND-MAgPIE 2.1-4.2","EN_INDCi2030_3000f","35.19095134050261","49.700370800031315","14.96971681126207","2.0771505359560223","78.30272805","2.894276902705622","2.894276902705622",
"458","ENGAGE-NPi2020-2500","REMIND-MAgPIE 2.1-4.2","Final Energy|Residential and Commercial|Electricity","EJ/yr","[object Object]",2010,6.2744,"2.555820572391613","2.555820572391613","2100","125.97837339999998","2461.88686685","GW6","failed","medium","ok","ok","medium","medium",,"medium","ok","ok","ok","medium","true","C6","C6: Below 3.0°C","REMIND-MAgPIE 2.1-4.2","EN_NPi2020_2500","37.61469738944344","46.95703794907875","15.28516775867376","3.094216718331097","125.97837339999998","2.555820572391613","2.555820572391613",
"458","ENGAGE-NPi2020-2500","REMIND-MAgPIE 2.1-4.2","Final Energy|Residential and Commercial|Electricity","EJ/yr","[object Object]",2015,5.7998,"2.555820572391613","2.555820572391613","2100","125.97837339999998","2461.88686685","GW6","failed","medium","ok","ok","medium","medium",,"medium","ok","ok","ok","medium","true","C6","C6: Below 3.0°C","REMIND-MAgPIE 2.1-4.2","EN_NPi2020_2500","37.61469738944344","46.95703794907875","15.28516775867376","3.094216718331097","125.97837339999998","2.555820572391613","2.555820572391613",
"458","ENGAGE-NPi2020-2500","REMIND-MAgPIE 2.1-4.2","Final Energy|Residential and Commercial|Electricity","EJ/yr","[object Object]",2020,6.4637,"2.555820572391613","2.555820572391613","2100","125.97837339999998","2461.88686685","GW6","failed","medium","ok","ok","medium","medium",,"medium","ok","ok","ok","medium","true","C6","C6: Below 3.0°C","REMIND-MAgPIE 2.1-4.2","EN_NPi2020_2500","37.61469738944344","46.95703794907875","15.28516775867376","3.094216718331097","125.97837339999998","2.555820572391613","2.555820572391613",
"458","ENGAGE-NPi2020-2500","REMIND-MAgPIE 2.1-4.2","Final Energy|Residential and Commercial|Electricity","EJ/yr","[object Object]",2025,6.9806,"2.555820572391613","2.555820572391613","2100","125.97837339999998","2461.88686685","GW6","failed","medium","ok","ok","medium","medium",,"medium","ok","ok","ok","medium","true","C6","C6: Below 3.0°C","REMIND-MAgPIE 2.1-4.2","EN_NPi2020_2500","37.61469738944344","46.95703794907875","15.28516775867376","3.094216718331097","125.97837339999998","2.555820572391613","2.555820572391613",
"458","ENGAGE-NPi2020-2500","REMIND-MAgPIE 2.1-4.2","Final Energy|Residential and Commercial|Electricity","EJ/yr","[object Object]",2030,7.5623,"2.555820572391613","2.555820572391613","2100","125.97837339999998","2461.88686685","GW6","failed","medium","ok","ok","medium","medium",,"medium","ok","ok","ok","medium","true","C6","C6: Below 3.0°C","REMIND-MAgPIE 2.1-4.2","EN_NPi2020_2500","37.61469738944344","46.95703794907875","15.28516775867376","3.094216718331097","125.97837339999998","2.555820572391613","2.555820572391613",
"458","ENGAGE-NPi2020-2500","REMIND-MAgPIE 2.1-4.2","Final Energy|Residential and Commercial|Electricity","EJ/yr","[object Object]",2035,7.8961,"2.555820572391613","2.555820572391613","2100","125.97837339999998","2461.88686685","GW6","failed","medium","ok","ok","medium","medium",,"medium","ok","ok","ok","medium","true","C6","C6: Below 3.0°C","REMIND-MAgPIE 2.1-4.2","EN_NPi2020_2500","37.61469738944344","46.95703794907875","15.28516775867376","3.094216718331097","125.97837339999998","2.555820572391613","2.555820572391613",
"458","ENGAGE-NPi2020-2500","REMIND-MAgPIE 2.1-4.2","Final Energy|Residential and Commercial|Electricity","EJ/yr","[object Object]",2040,8.0019,"2.555820572391613","2.555820572391613","2100","125.97837339999998","2461.88686685","GW6","failed","medium","ok","ok","medium","medium",,"medium","ok","ok","ok","medium","true","C6","C6: Below 3.0°C","REMIND-MAgPIE 2.1-4.2","EN_NPi2020_2500","37.61469738944344","46.95703794907875","15.28516775867376","3.094216718331097","125.97837339999998","2.555820572391613","2.555820572391613",
"458","ENGAGE-NPi2020-2500","REMIND-MAgPIE 2.1-4.2","Final Energy|Residential and Commercial|Electricity","EJ/yr","[object Object]",2045,8.283,"2.555820572391613","2.555820572391613","2100","125.97837339999998","2461.88686685","GW6","failed","medium","ok","ok","medium","medium",,"medium","ok","ok","ok","medium","true","C6","C6: Below 3.0°C","REMIND-MAgPIE 2.1-4.2","EN_NPi2020_2500","37.61469738944344","46.95703794907875","15.28516775867376","3.094216718331097","125.97837339999998","2.555820572391613","2.555820572391613",
"458","ENGAGE-NPi2020-2500","REMIND-MAgPIE 2.1-4.2","Final Energy|Residential and Commercial|Electricity","EJ/yr","[object Object]",2050,8.5668,"2.555820572391613","2.555820572391613","2100","125.97837339999998","2461.88686685","GW6","failed","medium","ok","ok","medium","medium",,"medium","ok","ok","ok","medium","true","C6","C6: Below 3.0°C","REMIND-MAgPIE 2.1-4.2","EN_NPi2020_2500","37.61469738944344","46.95703794907875","15.28516775867376","3.094216718331097","125.97837339999998","2.555820572391613","2.555820572391613",
"458","ENGAGE-NPi2020-2500","REMIND-MAgPIE 2.1-4.2","Final Energy|Residential and Commercial|Electricity","EJ/yr","[object Object]",2055,8.6666,"2.555820572391613","2.555820572391613","2100","125.97837339999998","2461.88686685","GW6","failed","medium","ok","ok","medium","medium",,"medium","ok","ok","ok","medium","true","C6","C6: Below 3.0°C","REMIND-MAgPIE 2.1-4.2","EN_NPi2020_2500","37.61469738944344","46.95703794907875","15.28516775867376","3.094216718331097","125.97837339999998","2.555820572391613","2.555820572391613",
"458","ENGAGE-NPi2020-2500","REMIND-MAgPIE 2.1-4.2","Final Energy|Residential and Commercial|Electricity","EJ/yr","[object Object]",2060,8.7191,"2.555820572391613","2.555820572391613","2100","125.97837339999998","2461.88686685","GW6","failed","medium","ok","ok","medium","medium",,"medium","ok","ok","ok","medium","true","C6","C6: Below 3.0°C","REMIND-MAgPIE 2.1-4.2","EN_NPi2020_2500","37.61469738944344","46.95703794907875","15.28516775867376","3.094216718331097","125.97837339999998","2.555820572391613","2.555820572391613",
"458","ENGAGE-NPi2020-2500","REMIND-MAgPIE 2.1-4.2","Final Energy|Residential and Commercial|Electricity","EJ/yr","[object Object]",2070,9.1254,"2.555820572391613","2.555820572391613","2100","125.97837339999998","2461.88686685","GW6","failed","medium","ok","ok","medium","medium",,"medium","ok","ok","ok","medium","true","C6","C6: Below 3.0°C","REMIND-MAgPIE 2.1-4.2","EN_NPi2020_2500","37.61469738944344","46.95703794907875","15.28516775867376","3.094216718331097","125.97837339999998","2.555820572391613","2.555820572391613",
"458","ENGAGE-NPi2020-2500","REMIND-MAgPIE 2.1-4.2","Final Energy|Residential and Commercial|Electricity","EJ/yr","[object Object]",2080,9.6197,"2.555820572391613","2.555820572391613","2100","125.97837339999998","2461.88686685","GW6","failed","medium","ok","ok","medium","medium",,"medium","ok","ok","ok","medium","true","C6","C6: Below 3.0°C","REMIND-MAgPIE 2.1-4.2","EN_NPi2020_2500","37.61469738944344","46.95703794907875","15.28516775867376","3.094216718331097","125.97837339999998","2.555820572391613","2.555820572391613",
"458","ENGAGE-NPi2020-2500","REMIND-MAgPIE 2.1-4.2","Final Energy|Residential and Commercial|Electricity","EJ/yr","[object Object]",2090,10.2997,"2.555820572391613","2.555820572391613","2100","125.97837339999998","2461.88686685","GW6","failed","medium","ok","ok","medium","medium",,"medium","ok","ok","ok","medium","true","C6","C6: Below 3.0°C","REMIND-MAgPIE 2.1-4.2","EN_NPi2020_2500","37.61469738944344","46.95703794907875","15.28516775867376","3.094216718331097","125.97837339999998","2.555820572391613","2.555820572391613",
"458","ENGAGE-NPi2020-2500","REMIND-MAgPIE 2.1-4.2","Final Energy|Residential and Commercial|Electricity","EJ/yr","[object Object]",2100,10.7273,"2.555820572391613","2.555820572391613","2100","125.97837339999998","2461.88686685","GW6","failed","medium","ok","ok","medium","medium",,"medium","ok","ok","ok","medium","true","C6","C6: Below 3.0°C","REMIND-MAgPIE 2.1-4.2","EN_NPi2020_2500","37.61469738944344","46.95703794907875","15.28516775867376","3.094216718331097","125.97837339999998","2.555820572391613","2.555820572391613",
"459","ENGAGE-NPi2020-2500f","REMIND-MAgPIE 2.1-4.2","Final Energy|Residential and Commercial|Electricity","EJ/yr","[object Object]",2010,6.2744,"2.55550867094048","2.55550867094048","2100","126.00129295","2461.90564825","GW6","failed","medium","ok","ok","medium","medium",,"medium","ok","ok","ok","medium","true","C6","C6: Below 3.0°C","REMIND-MAgPIE 2.1-4.2","EN_NPi2020_2500f","37.610801065595695","46.96133001586668","15.284775686242897","3.198845510813271","126.00129295","2.55550867094048","2.55550867094048",
"459","ENGAGE-NPi2020-2500f","REMIND-MAgPIE 2.1-4.2","Final Energy|Residential and Commercial|Electricity","EJ/yr","[object Object]",2015,5.7998,"2.55550867094048","2.55550867094048","2100","126.00129295","2461.90564825","GW6","failed","medium","ok","ok","medium","medium",,"medium","ok","ok","ok","medium","true","C6","C6: Below 3.0°C","REMIND-MAgPIE 2.1-4.2","EN_NPi2020_2500f","37.610801065595695","46.96133001586668","15.284775686242897","3.198845510813271","126.00129295","2.55550867094048","2.55550867094048",
"459","ENGAGE-NPi2020-2500f","REMIND-MAgPIE 2.1-4.2","Final Energy|Residential and Commercial|Electricity","EJ/yr","[object Object]",2020,6.4637,"2.55550867094048","2.55550867094048","2100","126.00129295","2461.90564825","GW6","failed","medium","ok","ok","medium","medium",,"medium","ok","ok","ok","medium","true","C6","C6: Below 3.0°C","REMIND-MAgPIE 2.1-4.2","EN_NPi2020_2500f","37.610801065595695","46.96133001586668","15.284775686242897","3.198845510813271","126.00129295","2.55550867094048","2.55550867094048",
"459","ENGAGE-NPi2020-2500f","REMIND-MAgPIE 2.1-4.2","Final Energy|Residential and Commercial|Electricity","EJ/yr","[object Object]",2025,6.9807,"2.55550867094048","2.55550867094048","2100","126.00129295","2461.90564825","GW6","failed","medium","ok","ok","medium","medium",,"medium","ok","ok","ok","medium","true","C6","C6: Below 3.0°C","REMIND-MAgPIE 2.1-4.2","EN_NPi2020_2500f","37.610801065595695","46.96133001586668","15.284775686242897","3.198845510813271","126.00129295","2.55550867094048","2.55550867094048",
"459","ENGAGE-NPi2020-2500f","REMIND-MAgPIE 2.1-4.2","Final Energy|Residential and Commercial|Electricity","EJ/yr","[object Object]",2030,7.5622,"2.55550867094048","2.55550867094048","2100","126.00129295","2461.90564825","GW6","failed","medium","ok","ok","medium","medium",,"medium","ok","ok","ok","medium","true","C6","C6: Below 3.0°C","REMIND-MAgPIE 2.1-4.2","EN_NPi2020_2500f","37.610801065595695","46.96133001586668","15.284775686242897","3.198845510813271","126.00129295","2.55550867094048","2.55550867094048",
"459","ENGAGE-NPi2020-2500f","REMIND-MAgPIE 2.1-4.2","Final Energy|Residential and Commercial|Electricity","EJ/yr","[object Object]",2035,7.8959,"2.55550867094048","2.55550867094048","2100","126.00129295","2461.90564825","GW6","failed","medium","ok","ok","medium","medium",,"medium","ok","ok","ok","medium","true","C6","C6: Below 3.0°C","REMIND-MAgPIE 2.1-4.2","EN_NPi2020_2500f","37.610801065595695","46.96133001586668","15.284775686242897","3.198845510813271","126.00129295","2.55550867094048","2.55550867094048",
"459","ENGAGE-NPi2020-2500f","REMIND-MAgPIE 2.1-4.2","Final Energy|Residential and Commercial|Electricity","EJ/yr","[object Object]",2040,8.0013,"2.55550867094048","2.55550867094048","2100","126.00129295","2461.90564825","GW6","failed","medium","ok","ok","medium","medium",,"medium","ok","ok","ok","medium","true","C6","C6: Below 3.0°C","REMIND-MAgPIE 2.1-4.2","EN_NPi2020_2500f","37.610801065595695","46.96133001586668","15.284775686242897","3.198845510813271","126.00129295","2.55550867094048","2.55550867094048",
"459","ENGAGE-NPi2020-2500f","REMIND-MAgPIE 2.1-4.2","Final Energy|Residential and Commercial|Electricity","EJ/yr","[object Object]",2045,8.2822,"2.55550867094048","2.55550867094048","2100","126.00129295","2461.90564825","GW6","failed","medium","ok","ok","medium","medium",,"medium","ok","ok","ok","medium","true","C6","C6: Below 3.0°C","REMIND-MAgPIE 2.1-4.2","EN_NPi2020_2500f","37.610801065595695","46.96133001586668","15.284775686242897","3.198845510813271","126.00129295","2.55550867094048","2.55550867094048",
"459","ENGAGE-NPi2020-2500f","REMIND-MAgPIE 2.1-4.2","Final Energy|Residential and Commercial|Electricity","EJ/yr","[object Object]",2050,8.566,"2.55550867094048","2.55550867094048","2100","126.00129295","2461.90564825","GW6","failed","medium","ok","ok","medium","medium",,"medium","ok","ok","ok","medium","true","C6","C6: Below 3.0°C","REMIND-MAgPIE 2.1-4.2","EN_NPi2020_2500f","37.610801065595695","46.96133001586668","15.284775686242897","3.198845510813271","126.00129295","2.55550867094048","2.55550867094048",
"459","ENGAGE-NPi2020-2500f","REMIND-MAgPIE 2.1-4.2","Final Energy|Residential and Commercial|Electricity","EJ/yr","[object Object]",2055,8.6665,"2.55550867094048","2.55550867094048","2100","126.00129295","2461.90564825","GW6","failed","medium","ok","ok","medium","medium",,"medium","ok","ok","ok","medium","true","C6","C6: Below 3.0°C","REMIND-MAgPIE 2.1-4.2","EN_NPi2020_2500f","37.610801065595695","46.96133001586668","15.284775686242897","3.198845510813271","126.00129295","2.55550867094048","2.55550867094048",
"459","ENGAGE-NPi2020-2500f","REMIND-MAgPIE 2.1-4.2","Final Energy|Residential and Commercial|Electricity","EJ/yr","[object Object]",2060,8.7197,"2.55550867094048","2.55550867094048","2100","126.00129295","2461.90564825","GW6","failed","medium","ok","ok","medium","medium",,"medium","ok","ok","ok","medium","true","C6","C6: Below 3.0°C","REMIND-MAgPIE 2.1-4.2","EN_NPi2020_2500f","37.610801065595695","46.96133001586668","15.284775686242897","3.198845510813271","126.00129295","2.55550867094048","2.55550867094048",
"459","ENGAGE-NPi2020-2500f","REMIND-MAgPIE 2.1-4.2","Final Energy|Residential and Commercial|Electricity","EJ/yr","[object Object]",2070,9.1265,"2.55550867094048","2.55550867094048","2100","126.00129295","2461.90564825","GW6","failed","medium","ok","ok","medium","medium",,"medium","ok","ok","ok","medium","true","C6","C6: Below 3.0°C","REMIND-MAgPIE 2.1-4.2","EN_NPi2020_2500f","37.610801065595695","46.96133001586668","15.284775686242897","3.198845510813271","126.00129295","2.55550867094048","2.55550867094048",
"459","ENGAGE-NPi2020-2500f","REMIND-MAgPIE 2.1-4.2","Final Energy|Residential and Commercial|Electricity","EJ/yr","[object Object]",2080,9.6173,"2.55550867094048","2.55550867094048","2100","126.00129295","2461.90564825","GW6","failed","medium","ok","ok","medium","medium",,"medium","ok","ok","ok","medium","true","C6","C6: Below 3.0°C","REMIND-MAgPIE 2.1-4.2","EN_NPi2020_2500f","37.610801065595695","46.96133001586668","15.284775686242897","3.198845510813271","126.00129295","2.55550867094048","2.55550867094048",
"459","ENGAGE-NPi2020-2500f","REMIND-MAgPIE 2.1-4.2","Final Energy|Residential and Commercial|Electricity","EJ/yr","[object Object]",2090,10.3001,"2.55550867094048","2.55550867094048","2100","126.00129295","2461.90564825","GW6","failed","medium","ok","ok","medium","medium",,"medium","ok","ok","ok","medium","true","C6","C6: Below 3.0°C","REMIND-MAgPIE 2.1-4.2","EN_NPi2020_2500f","37.610801065595695","46.96133001586668","15.284775686242897","3.198845510813271","126.00129295","2.55550867094048","2.55550867094048",
"459","ENGAGE-NPi2020-2500f","REMIND-MAgPIE 2.1-4.2","Final Energy|Residential and Commercial|Electricity","EJ/yr","[object Object]",2100,10.7294,"2.55550867094048","2.55550867094048","2100","126.00129295","2461.90564825","GW6","failed","medium","ok","ok","medium","medium",,"medium","ok","ok","ok","medium","true","C6","C6: Below 3.0°C","REMIND-MAgPIE 2.1-4.2","EN_NPi2020_2500f","37.610801065595695","46.96133001586668","15.284775686242897","3.198845510813271","126.00129295","2.55550867094048","2.55550867094048",
"460","ENGAGE-NPi2020-3000","REMIND-MAgPIE 2.1-4.2","Final Energy|Residential and Commercial|Electricity","EJ/yr","[object Object]",2010,6.2744,"2.755710586075925","2.755710586075925","2100","54.16479515","2961.08235145","GW6","failed","medium","ok","ok","medium","medium",,"medium","ok","ok","ok","ok","true","C6","C6: Below 3.0°C","REMIND-MAgPIE 2.1-4.2","EN_NPi2020_3000","35.84440497463555","48.88185870408261","15.133372563204182","2.4440927418096123","54.16479515","2.755710586075925","2.755710586075925",
"460","ENGAGE-NPi2020-3000","REMIND-MAgPIE 2.1-4.2","Final Energy|Residential and Commercial|Electricity","EJ/yr","[object Object]",2015,5.7998,"2.755710586075925","2.755710586075925","2100","54.16479515","2961.08235145","GW6","failed","medium","ok","ok","medium","medium",,"medium","ok","ok","ok","ok","true","C6","C6: Below 3.0°C","REMIND-MAgPIE 2.1-4.2","EN_NPi2020_3000","35.84440497463555","48.88185870408261","15.133372563204182","2.4440927418096123","54.16479515","2.755710586075925","2.755710586075925",
"460","ENGAGE-NPi2020-3000","REMIND-MAgPIE 2.1-4.2","Final Energy|Residential and Commercial|Electricity","EJ/yr","[object Object]",2020,6.4637,"2.755710586075925","2.755710586075925","2100","54.16479515","2961.08235145","GW6","failed","medium","ok","ok","medium","medium",,"medium","ok","ok","ok","ok","true","C6","C6: Below 3.0°C","REMIND-MAgPIE 2.1-4.2","EN_NPi2020_3000","35.84440497463555","48.88185870408261","15.133372563204182","2.4440927418096123","54.16479515","2.755710586075925","2.755710586075925",
"460","ENGAGE-NPi2020-3000","REMIND-MAgPIE 2.1-4.2","Final Energy|Residential and Commercial|Electricity","EJ/yr","[object Object]",2025,6.9916,"2.755710586075925","2.755710586075925","2100","54.16479515","2961.08235145","GW6","failed","medium","ok","ok","medium","medium",,"medium","ok","ok","ok","ok","true","C6","C6: Below 3.0°C","REMIND-MAgPIE 2.1-4.2","EN_NPi2020_3000","35.84440497463555","48.88185870408261","15.133372563204182","2.4440927418096123","54.16479515","2.755710586075925","2.755710586075925",
"460","ENGAGE-NPi2020-3000","REMIND-MAgPIE 2.1-4.2","Final Energy|Residential and Commercial|Electricity","EJ/yr","[object Object]",2030,7.5681,"2.755710586075925","2.755710586075925","2100","54.16479515","2961.08235145","GW6","failed","medium","ok","ok","medium","medium",,"medium","ok","ok","ok","ok","true","C6","C6: Below 3.0°C","REMIND-MAgPIE 2.1-4.2","EN_NPi2020_3000","35.84440497463555","48.88185870408261","15.133372563204182","2.4440927418096123","54.16479515","2.755710586075925","2.755710586075925",
"460","ENGAGE-NPi2020-3000","REMIND-MAgPIE 2.1-4.2","Final Energy|Residential and Commercial|Electricity","EJ/yr","[object Object]",2035,7.8822,"2.755710586075925","2.755710586075925","2100","54.16479515","2961.08235145","GW6","failed","medium","ok","ok","medium","medium",,"medium","ok","ok","ok","ok","true","C6","C6: Below 3.0°C","REMIND-MAgPIE 2.1-4.2","EN_NPi2020_3000","35.84440497463555","48.88185870408261","15.133372563204182","2.4440927418096123","54.16479515","2.755710586075925","2.755710586075925",
"460","ENGAGE-NPi2020-3000","REMIND-MAgPIE 2.1-4.2","Final Energy|Residential and Commercial|Electricity","EJ/yr","[object Object]",2040,7.9313,"2.755710586075925","2.755710586075925","2100","54.16479515","2961.08235145","GW6","failed","medium","ok","ok","medium","medium",,"medium","ok","ok","ok","ok","true","C6","C6: Below 3.0°C","REMIND-MAgPIE 2.1-4.2","EN_NPi2020_3000","35.84440497463555","48.88185870408261","15.133372563204182","2.4440927418096123","54.16479515","2.755710586075925","2.755710586075925",
"460","ENGAGE-NPi2020-3000","REMIND-MAgPIE 2.1-4.2","Final Energy|Residential and Commercial|Electricity","EJ/yr","[object Object]",2045,8.1669,"2.755710586075925","2.755710586075925","2100","54.16479515","2961.08235145","GW6","failed","medium","ok","ok","medium","medium",,"medium","ok","ok","ok","ok","true","C6","C6: Below 3.0°C","REMIND-MAgPIE 2.1-4.2","EN_NPi2020_3000","35.84440497463555","48.88185870408261","15.133372563204182","2.4440927418096123","54.16479515","2.755710586075925","2.755710586075925",
"460","ENGAGE-NPi2020-3000","REMIND-MAgPIE 2.1-4.2","Final Energy|Residential and Commercial|Electricity","EJ/yr","[object Object]",2050,8.378,"2.755710586075925","2.755710586075925","2100","54.16479515","2961.08235145","GW6","failed","medium","ok","ok","medium","medium",,"medium","ok","ok","ok","ok","true","C6","C6: Below 3.0°C","REMIND-MAgPIE 2.1-4.2","EN_NPi2020_3000","35.84440497463555","48.88185870408261","15.133372563204182","2.4440927418096123","54.16479515","2.755710586075925","2.755710586075925",
"460","ENGAGE-NPi2020-3000","REMIND-MAgPIE 2.1-4.2","Final Energy|Residential and Commercial|Electricity","EJ/yr","[object Object]",2055,8.4482,"2.755710586075925","2.755710586075925","2100","54.16479515","2961.08235145","GW6","failed","medium","ok","ok","medium","medium",,"medium","ok","ok","ok","ok","true","C6","C6: Below 3.0°C","REMIND-MAgPIE 2.1-4.2","EN_NPi2020_3000","35.84440497463555","48.88185870408261","15.133372563204182","2.4440927418096123","54.16479515","2.755710586075925","2.755710586075925",
"460","ENGAGE-NPi2020-3000","REMIND-MAgPIE 2.1-4.2","Final Energy|Residential and Commercial|Electricity","EJ/yr","[object Object]",2060,8.482,"2.755710586075925","2.755710586075925","2100","54.16479515","2961.08235145","GW6","failed","medium","ok","ok","medium","medium",,"medium","ok","ok","ok","ok","true","C6","C6: Below 3.0°C","REMIND-MAgPIE 2.1-4.2","EN_NPi2020_3000","35.84440497463555","48.88185870408261","15.133372563204182","2.4440927418096123","54.16479515","2.755710586075925","2.755710586075925",
"460","ENGAGE-NPi2020-3000","REMIND-MAgPIE 2.1-4.2","Final Energy|Residential and Commercial|Electricity","EJ/yr","[object Object]",2070,8.938,"2.755710586075925","2.755710586075925","2100","54.16479515","2961.08235145","GW6","failed","medium","ok","ok","medium","medium",,"medium","ok","ok","ok","ok","true","C6","C6: Below 3.0°C","REMIND-MAgPIE 2.1-4.2","EN_NPi2020_3000","35.84440497463555","48.88185870408261","15.133372563204182","2.4440927418096123","54.16479515","2.755710586075925","2.755710586075925",
"460","ENGAGE-NPi2020-3000","REMIND-MAgPIE 2.1-4.2","Final Energy|Residential and Commercial|Electricity","EJ/yr","[object Object]",2080,9.4518,"2.755710586075925","2.755710586075925","2100","54.16479515","2961.08235145","GW6","failed","medium","ok","ok","medium","medium",,"medium","ok","ok","ok","ok","true","C6","C6: Below 3.0°C","REMIND-MAgPIE 2.1-4.2","EN_NPi2020_3000","35.84440497463555","48.88185870408261","15.133372563204182","2.4440927418096123","54.16479515","2.755710586075925","2.755710586075925",
"460","ENGAGE-NPi2020-3000","REMIND-MAgPIE 2.1-4.2","Final Energy|Residential and Commercial|Electricity","EJ/yr","[object Object]",2090,9.9992,"2.755710586075925","2.755710586075925","2100","54.16479515","2961.08235145","GW6","failed","medium","ok","ok","medium","medium",,"medium","ok","ok","ok","ok","true","C6","C6: Below 3.0°C","REMIND-MAgPIE 2.1-4.2","EN_NPi2020_3000","35.84440497463555","48.88185870408261","15.133372563204182","2.4440927418096123","54.16479515","2.755710586075925","2.755710586075925",
"460","ENGAGE-NPi2020-3000","REMIND-MAgPIE 2.1-4.2","Final Energy|Residential and Commercial|Electricity","EJ/yr","[object Object]",2100,10.5504,"2.755710586075925","2.755710586075925","2100","54.16479515","2961.08235145","GW6","failed","medium","ok","ok","medium","medium",,"medium","ok","ok","ok","ok","true","C6","C6: Below 3.0°C","REMIND-MAgPIE 2.1-4.2","EN_NPi2020_3000","35.84440497463555","48.88185870408261","15.133372563204182","2.4440927418096123","54.16479515","2.755710586075925","2.755710586075925",
"461","ENGAGE-NPi2020-3000f","REMIND-MAgPIE 2.1-4.2","Final Energy|Residential and Commercial|Electricity","EJ/yr","[object Object]",2010,6.2744,"2.754665532008203","2.754665532008203","2100","54.37160175","2959.8643045","GW6","failed","medium","ok","ok","medium","medium",,"medium","ok","ok","ok","ok","true","C6","C6: Below 3.0°C","REMIND-MAgPIE 2.1-4.2","EN_NPi2020_3000f","35.87607979459387","48.85646581272705","15.126930405540351","1.7228743580380836","54.37160175","2.754665532008203","2.754665532008203",
"461","ENGAGE-NPi2020-3000f","REMIND-MAgPIE 2.1-4.2","Final Energy|Residential and Commercial|Electricity","EJ/yr","[object Object]",2015,5.7998,"2.754665532008203","2.754665532008203","2100","54.37160175","2959.8643045","GW6","failed","medium","ok","ok","medium","medium",,"medium","ok","ok","ok","ok","true","C6","C6: Below 3.0°C","REMIND-MAgPIE 2.1-4.2","EN_NPi2020_3000f","35.87607979459387","48.85646581272705","15.126930405540351","1.7228743580380836","54.37160175","2.754665532008203","2.754665532008203",
"461","ENGAGE-NPi2020-3000f","REMIND-MAgPIE 2.1-4.2","Final Energy|Residential and Commercial|Electricity","EJ/yr","[object Object]",2020,6.4637,"2.754665532008203","2.754665532008203","2100","54.37160175","2959.8643045","GW6","failed","medium","ok","ok","medium","medium",,"medium","ok","ok","ok","ok","true","C6","C6: Below 3.0°C","REMIND-MAgPIE 2.1-4.2","EN_NPi2020_3000f","35.87607979459387","48.85646581272705","15.126930405540351","1.7228743580380836","54.37160175","2.754665532008203","2.754665532008203",
"461","ENGAGE-NPi2020-3000f","REMIND-MAgPIE 2.1-4.2","Final Energy|Residential and Commercial|Electricity","EJ/yr","[object Object]",2025,6.9913,"2.754665532008203","2.754665532008203","2100","54.37160175","2959.8643045","GW6","failed","medium","ok","ok","medium","medium",,"medium","ok","ok","ok","ok","true","C6","C6: Below 3.0°C","REMIND-MAgPIE 2.1-4.2","EN_NPi2020_3000f","35.87607979459387","48.85646581272705","15.126930405540351","1.7228743580380836","54.37160175","2.754665532008203","2.754665532008203",
"461","ENGAGE-NPi2020-3000f","REMIND-MAgPIE 2.1-4.2","Final Energy|Residential and Commercial|Electricity","EJ/yr","[object Object]",2030,7.5691,"2.754665532008203","2.754665532008203","2100","54.37160175","2959.8643045","GW6","failed","medium","ok","ok","medium","medium",,"medium","ok","ok","ok","ok","true","C6","C6: Below 3.0°C","REMIND-MAgPIE 2.1-4.2","EN_NPi2020_3000f","35.87607979459387","48.85646581272705","15.126930405540351","1.7228743580380836","54.37160175","2.754665532008203","2.754665532008203",
"461","ENGAGE-NPi2020-3000f","REMIND-MAgPIE 2.1-4.2","Final Energy|Residential and Commercial|Electricity","EJ/yr","[object Object]",2035,7.8832,"2.754665532008203","2.754665532008203","2100","54.37160175","2959.8643045","GW6","failed","medium","ok","ok","medium","medium",,"medium","ok","ok","ok","ok","true","C6","C6: Below 3.0°C","REMIND-MAgPIE 2.1-4.2","EN_NPi2020_3000f","35.87607979459387","48.85646581272705","15.126930405540351","1.7228743580380836","54.37160175","2.754665532008203","2.754665532008203",
"461","ENGAGE-NPi2020-3000f","REMIND-MAgPIE 2.1-4.2","Final Energy|Residential and Commercial|Electricity","EJ/yr","[object Object]",2040,7.9343,"2.754665532008203","2.754665532008203","2100","54.37160175","2959.8643045","GW6","failed","medium","ok","ok","medium","medium",,"medium","ok","ok","ok","ok","true","C6","C6: Below 3.0°C","REMIND-MAgPIE 2.1-4.2","EN_NPi2020_3000f","35.87607979459387","48.85646581272705","15.126930405540351","1.7228743580380836","54.37160175","2.754665532008203","2.754665532008203",
"461","ENGAGE-NPi2020-3000f","REMIND-MAgPIE 2.1-4.2","Final Energy|Residential and Commercial|Electricity","EJ/yr","[object Object]",2045,8.1715,"2.754665532008203","2.754665532008203","2100","54.37160175","2959.8643045","GW6","failed","medium","ok","ok","medium","medium",,"medium","ok","ok","ok","ok","true","C6","C6: Below 3.0°C","REMIND-MAgPIE 2.1-4.2","EN_NPi2020_3000f","35.87607979459387","48.85646581272705","15.126930405540351","1.7228743580380836","54.37160175","2.754665532008203","2.754665532008203",
"461","ENGAGE-NPi2020-3000f","REMIND-MAgPIE 2.1-4.2","Final Energy|Residential and Commercial|Electricity","EJ/yr","[object Object]",2050,8.3832,"2.754665532008203","2.754665532008203","2100","54.37160175","2959.8643045","GW6","failed","medium","ok","ok","medium","medium",,"medium","ok","ok","ok","ok","true","C6","C6: Below 3.0°C","REMIND-MAgPIE 2.1-4.2","EN_NPi2020_3000f","35.87607979459387","48.85646581272705","15.126930405540351","1.7228743580380836","54.37160175","2.754665532008203","2.754665532008203",
"461","ENGAGE-NPi2020-3000f","REMIND-MAgPIE 2.1-4.2","Final Energy|Residential and Commercial|Electricity","EJ/yr","[object Object]",2055,8.4533,"2.754665532008203","2.754665532008203","2100","54.37160175","2959.8643045","GW6","failed","medium","ok","ok","medium","medium",,"medium","ok","ok","ok","ok","true","C6","C6: Below 3.0°C","REMIND-MAgPIE 2.1-4.2","EN_NPi2020_3000f","35.87607979459387","48.85646581272705","15.126930405540351","1.7228743580380836","54.37160175","2.754665532008203","2.754665532008203",
"461","ENGAGE-NPi2020-3000f","REMIND-MAgPIE 2.1-4.2","Final Energy|Residential and Commercial|Electricity","EJ/yr","[object Object]",2060,8.4877,"2.754665532008203","2.754665532008203","2100","54.37160175","2959.8643045","GW6","failed","medium","ok","ok","medium","medium",,"medium","ok","ok","ok","ok","true","C6","C6: Below 3.0°C","REMIND-MAgPIE 2.1-4.2","EN_NPi2020_3000f","35.87607979459387","48.85646581272705","15.126930405540351","1.7228743580380836","54.37160175","2.754665532008203","2.754665532008203",
"461","ENGAGE-NPi2020-3000f","REMIND-MAgPIE 2.1-4.2","Final Energy|Residential and Commercial|Electricity","EJ/yr","[object Object]",2070,8.941,"2.754665532008203","2.754665532008203","2100","54.37160175","2959.8643045","GW6","failed","medium","ok","ok","medium","medium",,"medium","ok","ok","ok","ok","true","C6","C6: Below 3.0°C","REMIND-MAgPIE 2.1-4.2","EN_NPi2020_3000f","35.87607979459387","48.85646581272705","15.126930405540351","1.7228743580380836","54.37160175","2.754665532008203","2.754665532008203",
"461","ENGAGE-NPi2020-3000f","REMIND-MAgPIE 2.1-4.2","Final Energy|Residential and Commercial|Electricity","EJ/yr","[object Object]",2080,9.4526,"2.754665532008203","2.754665532008203","2100","54.37160175","2959.8643045","GW6","failed","medium","ok","ok","medium","medium",,"medium","ok","ok","ok","ok","true","C6","C6: Below 3.0°C","REMIND-MAgPIE 2.1-4.2","EN_NPi2020_3000f","35.87607979459387","48.85646581272705","15.126930405540351","1.7228743580380836","54.37160175","2.754665532008203","2.754665532008203",
"461","ENGAGE-NPi2020-3000f","REMIND-MAgPIE 2.1-4.2","Final Energy|Residential and Commercial|Electricity","EJ/yr","[object Object]",2090,10.0034,"2.754665532008203","2.754665532008203","2100","54.37160175","2959.8643045","GW6","failed","medium","ok","ok","medium","medium",,"medium","ok","ok","ok","ok","true","C6","C6: Below 3.0°C","REMIND-MAgPIE 2.1-4.2","EN_NPi2020_3000f","35.87607979459387","48.85646581272705","15.126930405540351","1.7228743580380836","54.37160175","2.754665532008203","2.754665532008203",
"461","ENGAGE-NPi2020-3000f","REMIND-MAgPIE 2.1-4.2","Final Energy|Residential and Commercial|Electricity","EJ/yr","[object Object]",2100,10.5491,"2.754665532008203","2.754665532008203","2100","54.37160175","2959.8643045","GW6","failed","medium","ok","ok","medium","medium",,"medium","ok","ok","ok","ok","true","C6","C6: Below 3.0°C","REMIND-MAgPIE 2.1-4.2","EN_NPi2020_3000f","35.87607979459387","48.85646581272705","15.126930405540351","1.7228743580380836","54.37160175","2.754665532008203","2.754665532008203",
"661","NGFS Phase 5-Current Policies","GCAM 6.0 NGFS","Final Energy|Residential and Commercial|Electricity","EJ/yr","[object Object]",2010,6.975868155000001,"2.90648783961442","2.90648783961442","2100","86.66074541631761","3337.3865944326158","GW6","ok","medium","ok","ok","ok","ok","ok","medium","ok","ok",,"medium",,"C6","C6: Below 3.0°C",,,"22.101458803617565","62.694531858938575","12.75996728707601","2.07915709359537","86.66074541631761","2.90648783961442","2.90648783961442","0.002721467"
"661","NGFS Phase 5-Current Policies","GCAM 6.0 NGFS","Final Energy|Residential and Commercial|Electricity","EJ/yr","[object Object]",2015,6.8086227500000005,"2.90648783961442","2.90648783961442","2100","86.66074541631761","3337.3865944326158","GW6","ok","medium","ok","ok","ok","ok","ok","medium","ok","ok",,"medium",,"C6","C6: Below 3.0°C",,,"22.101458803617565","62.694531858938575","12.75996728707601","2.07915709359537","86.66074541631761","2.90648783961442","2.90648783961442","0.002721467"
"661","NGFS Phase 5-Current Policies","GCAM 6.0 NGFS","Final Energy|Residential and Commercial|Electricity","EJ/yr","[object Object]",2020,7.748976763,"2.90648783961442","2.90648783961442","2100","86.66074541631761","3337.3865944326158","GW6","ok","medium","ok","ok","ok","ok","ok","medium","ok","ok",,"medium",,"C6","C6: Below 3.0°C",,,"22.101458803617565","62.694531858938575","12.75996728707601","2.07915709359537","86.66074541631761","2.90648783961442","2.90648783961442","0.002721467"
"661","NGFS Phase 5-Current Policies","GCAM 6.0 NGFS","Final Energy|Residential and Commercial|Electricity","EJ/yr","[object Object]",2025,9.19313277,"2.90648783961442","2.90648783961442","2100","86.66074541631761","3337.3865944326158","GW6","ok","medium","ok","ok","ok","ok","ok","medium","ok","ok",,"medium",,"C6","C6: Below 3.0°C",,,"22.101458803617565","62.694531858938575","12.75996728707601","2.07915709359537","86.66074541631761","2.90648783961442","2.90648783961442","0.002721467"
"661","NGFS Phase 5-Current Policies","GCAM 6.0 NGFS","Final Energy|Residential and Commercial|Electricity","EJ/yr","[object Object]",2030,9.987195684,"2.90648783961442","2.90648783961442","2100","86.66074541631761","3337.3865944326158","GW6","ok","medium","ok","ok","ok","ok","ok","medium","ok","ok",,"medium",,"C6","C6: Below 3.0°C",,,"22.101458803617565","62.694531858938575","12.75996728707601","2.07915709359537","86.66074541631761","2.90648783961442","2.90648783961442","0.002721467"
"661","NGFS Phase 5-Current Policies","GCAM 6.0 NGFS","Final Energy|Residential and Commercial|Electricity","EJ/yr","[object Object]",2035,10.157531481,"2.90648783961442","2.90648783961442","2100","86.66074541631761","3337.3865944326158","GW6","ok","medium","ok","ok","ok","ok","ok","medium","ok","ok",,"medium",,"C6","C6: Below 3.0°C",,,"22.101458803617565","62.694531858938575","12.75996728707601","2.07915709359537","86.66074541631761","2.90648783961442","2.90648783961442","0.002721467"
"661","NGFS Phase 5-Current Policies","GCAM 6.0 NGFS","Final Energy|Residential and Commercial|Electricity","EJ/yr","[object Object]",2040,10.29518829,"2.90648783961442","2.90648783961442","2100","86.66074541631761","3337.3865944326158","GW6","ok","medium","ok","ok","ok","ok","ok","medium","ok","ok",,"medium",,"C6","C6: Below 3.0°C",,,"22.101458803617565","62.694531858938575","12.75996728707601","2.07915709359537","86.66074541631761","2.90648783961442","2.90648783961442","0.002721467"
"661","NGFS Phase 5-Current Policies","GCAM 6.0 NGFS","Final Energy|Residential and Commercial|Electricity","EJ/yr","[object Object]",2045,10.70732901,"2.90648783961442","2.90648783961442","2100","86.66074541631761","3337.3865944326158","GW6","ok","medium","ok","ok","ok","ok","ok","medium","ok","ok",,"medium",,"C6","C6: Below 3.0°C",,,"22.101458803617565","62.694531858938575","12.75996728707601","2.07915709359537","86.66074541631761","2.90648783961442","2.90648783961442","0.002721467"
"661","NGFS Phase 5-Current Policies","GCAM 6.0 NGFS","Final Energy|Residential and Commercial|Electricity","EJ/yr","[object Object]",2050,11.27620987,"2.90648783961442","2.90648783961442","2100","86.66074541631761","3337.3865944326158","GW6","ok","medium","ok","ok","ok","ok","ok","medium","ok","ok",,"medium",,"C6","C6: Below 3.0°C",,,"22.101458803617565","62.694531858938575","12.75996728707601","2.07915709359537","86.66074541631761","2.90648783961442","2.90648783961442","0.002721467"
"661","NGFS Phase 5-Current Policies","GCAM 6.0 NGFS","Final Energy|Residential and Commercial|Electricity","EJ/yr","[object Object]",2055,11.74804672,"2.90648783961442","2.90648783961442","2100","86.66074541631761","3337.3865944326158","GW6","ok","medium","ok","ok","ok","ok","ok","medium","ok","ok",,"medium",,"C6","C6: Below 3.0°C",,,"22.101458803617565","62.694531858938575","12.75996728707601","2.07915709359537","86.66074541631761","2.90648783961442","2.90648783961442","0.002721467"
"661","NGFS Phase 5-Current Policies","GCAM 6.0 NGFS","Final Energy|Residential and Commercial|Electricity","EJ/yr","[object Object]",2060,12.10706755,"2.90648783961442","2.90648783961442","2100","86.66074541631761","3337.3865944326158","GW6","ok","medium","ok","ok","ok","ok","ok","medium","ok","ok",,"medium",,"C6","C6: Below 3.0°C",,,"22.101458803617565","62.694531858938575","12.75996728707601","2.07915709359537","86.66074541631761","2.90648783961442","2.90648783961442","0.002721467"
"661","NGFS Phase 5-Current Policies","GCAM 6.0 NGFS","Final Energy|Residential and Commercial|Electricity","EJ/yr","[object Object]",2065,12.26809703,"2.90648783961442","2.90648783961442","2100","86.66074541631761","3337.3865944326158","GW6","ok","medium","ok","ok","ok","ok","ok","medium","ok","ok",,"medium",,"C6","C6: Below 3.0°C",,,"22.101458803617565","62.694531858938575","12.75996728707601","2.07915709359537","86.66074541631761","2.90648783961442","2.90648783961442","0.002721467"
"661","NGFS Phase 5-Current Policies","GCAM 6.0 NGFS","Final Energy|Residential and Commercial|Electricity","EJ/yr","[object Object]",2070,12.6078291,"2.90648783961442","2.90648783961442","2100","86.66074541631761","3337.3865944326158","GW6","ok","medium","ok","ok","ok","ok","ok","medium","ok","ok",,"medium",,"C6","C6: Below 3.0°C",,,"22.101458803617565","62.694531858938575","12.75996728707601","2.07915709359537","86.66074541631761","2.90648783961442","2.90648783961442","0.002721467"
"661","NGFS Phase 5-Current Policies","GCAM 6.0 NGFS","Final Energy|Residential and Commercial|Electricity","EJ/yr","[object Object]",2075,13.008205919999998,"2.90648783961442","2.90648783961442","2100","86.66074541631761","3337.3865944326158","GW6","ok","medium","ok","ok","ok","ok","ok","medium","ok","ok",,"medium",,"C6","C6: Below 3.0°C",,,"22.101458803617565","62.694531858938575","12.75996728707601","2.07915709359537","86.66074541631761","2.90648783961442","2.90648783961442","0.002721467"
"661","NGFS Phase 5-Current Policies","GCAM 6.0 NGFS","Final Energy|Residential and Commercial|Electricity","EJ/yr","[object Object]",2080,13.335020290000001,"2.90648783961442","2.90648783961442","2100","86.66074541631761","3337.3865944326158","GW6","ok","medium","ok","ok","ok","ok","ok","medium","ok","ok",,"medium",,"C6","C6: Below 3.0°C",,,"22.101458803617565","62.694531858938575","12.75996728707601","2.07915709359537","86.66074541631761","2.90648783961442","2.90648783961442","0.002721467"
"661","NGFS Phase 5-Current Policies","GCAM 6.0 NGFS","Final Energy|Residential and Commercial|Electricity","EJ/yr","[object Object]",2085,13.465364070000001,"2.90648783961442","2.90648783961442","2100","86.66074541631761","3337.3865944326158","GW6","ok","medium","ok","ok","ok","ok","ok","medium","ok","ok",,"medium",,"C6","C6: Below 3.0°C",,,"22.101458803617565","62.694531858938575","12.75996728707601","2.07915709359537","86.66074541631761","2.90648783961442","2.90648783961442","0.002721467"
"661","NGFS Phase 5-Current Policies","GCAM 6.0 NGFS","Final Energy|Residential and Commercial|Electricity","EJ/yr","[object Object]",2090,13.48025788,"2.90648783961442","2.90648783961442","2100","86.66074541631761","3337.3865944326158","GW6","ok","medium","ok","ok","ok","ok","ok","medium","ok","ok",,"medium",,"C6","C6: Below 3.0°C",,,"22.101458803617565","62.694531858938575","12.75996728707601","2.07915709359537","86.66074541631761","2.90648783961442","2.90648783961442","0.002721467"
"661","NGFS Phase 5-Current Policies","GCAM 6.0 NGFS","Final Energy|Residential and Commercial|Electricity","EJ/yr","[object Object]",2095,13.45437169,"2.90648783961442","2.90648783961442","2100","86.66074541631761","3337.3865944326158","GW6","ok","medium","ok","ok","ok","ok","ok","medium","ok","ok",,"medium",,"C6","C6: Below 3.0°C",,,"22.101458803617565","62.694531858938575","12.75996728707601","2.07915709359537","86.66074541631761","2.90648783961442","2.90648783961442","0.002721467"
"661","NGFS Phase 5-Current Policies","GCAM 6.0 NGFS","Final Energy|Residential and Commercial|Electricity","EJ/yr","[object Object]",2100,13.42466961,"2.90648783961442","2.90648783961442","2100","86.66074541631761","3337.3865944326158","GW6","ok","medium","ok","ok","ok","ok","ok","medium","ok","ok",,"medium",,"C6","C6: Below 3.0°C",,,"22.101458803617565","62.694531858938575","12.75996728707601","2.07915709359537","86.66074541631761","2.90648783961442","2.90648783961442","0.002721467"
"665","NGFS Phase 5-Nationally Determined Contributions (NDCs)","GCAM 6.0 NGFS","Final Energy|Residential and Commercial|Electricity","EJ/yr","[object Object]",2010,6.975868155000001,"2.507100330188058","2.507100330188058","2100","266.5347257331932","2392.24622226759","GW6","ok","high","medium","ok","ok","ok","ok","medium","ok","ok",,"medium",,"C6","C6: Below 3.0°C",,,"27.09831965502768","53.972421633479485","16.071010506018418","4.481369639821224","266.5347257331932","2.507100330188058","2.507100330188058","0.004254953"
"665","NGFS Phase 5-Nationally Determined Contributions (NDCs)","GCAM 6.0 NGFS","Final Energy|Residential and Commercial|Electricity","EJ/yr","[object Object]",2015,6.8086227500000005,"2.507100330188058","2.507100330188058","2100","266.5347257331932","2392.24622226759","GW6","ok","high","medium","ok","ok","ok","ok","medium","ok","ok",,"medium",,"C6","C6: Below 3.0°C",,,"27.09831965502768","53.972421633479485","16.071010506018418","4.481369639821224","266.5347257331932","2.507100330188058","2.507100330188058","0.004254953"
"665","NGFS Phase 5-Nationally Determined Contributions (NDCs)","GCAM 6.0 NGFS","Final Energy|Residential and Commercial|Electricity","EJ/yr","[object Object]",2020,7.749214492,"2.507100330188058","2.507100330188058","2100","266.5347257331932","2392.24622226759","GW6","ok","high","medium","ok","ok","ok","ok","medium","ok","ok",,"medium",,"C6","C6: Below 3.0°C",,,"27.09831965502768","53.972421633479485","16.071010506018418","4.481369639821224","266.5347257331932","2.507100330188058","2.507100330188058","0.004254953"
"665","NGFS Phase 5-Nationally Determined Contributions (NDCs)","GCAM 6.0 NGFS","Final Energy|Residential and Commercial|Electricity","EJ/yr","[object Object]",2025,9.239863909,"2.507100330188058","2.507100330188058","2100","266.5347257331932","2392.24622226759","GW6","ok","high","medium","ok","ok","ok","ok","medium","ok","ok",,"medium",,"C6","C6: Below 3.0°C",,,"27.09831965502768","53.972421633479485","16.071010506018418","4.481369639821224","266.5347257331932","2.507100330188058","2.507100330188058","0.004254953"
"665","NGFS Phase 5-Nationally Determined Contributions (NDCs)","GCAM 6.0 NGFS","Final Energy|Residential and Commercial|Electricity","EJ/yr","[object Object]",2030,10.210718761999999,"2.507100330188058","2.507100330188058","2100","266.5347257331932","2392.24622226759","GW6","ok","high","medium","ok","ok","ok","ok","medium","ok","ok",,"medium",,"C6","C6: Below 3.0°C",,,"27.09831965502768","53.972421633479485","16.071010506018418","4.481369639821224","266.5347257331932","2.507100330188058","2.507100330188058","0.004254953"
"665","NGFS Phase 5-Nationally Determined Contributions (NDCs)","GCAM 6.0 NGFS","Final Energy|Residential and Commercial|Electricity","EJ/yr","[object Object]",2035,10.497928487,"2.507100330188058","2.507100330188058","2100","266.5347257331932","2392.24622226759","GW6","ok","high","medium","ok","ok","ok","ok","medium","ok","ok",,"medium",,"C6","C6: Below 3.0°C",,,"27.09831965502768","53.972421633479485","16.071010506018418","4.481369639821224","266.5347257331932","2.507100330188058","2.507100330188058","0.004254953"
"665","NGFS Phase 5-Nationally Determined Contributions (NDCs)","GCAM 6.0 NGFS","Final Energy|Residential and Commercial|Electricity","EJ/yr","[object Object]",2040,10.90692665,"2.507100330188058","2.507100330188058","2100","266.5347257331932","2392.24622226759","GW6","ok","high","medium","ok","ok","ok","ok","medium","ok","ok",,"medium",,"C6","C6: Below 3.0°C",,,"27.09831965502768","53.972421633479485","16.071010506018418","4.481369639821224","266.5347257331932","2.507100330188058","2.507100330188058","0.004254953"
"665","NGFS Phase 5-Nationally Determined Contributions (NDCs)","GCAM 6.0 NGFS","Final Energy|Residential and Commercial|Electricity","EJ/yr","[object Object]",2045,11.45109625,"2.507100330188058","2.507100330188058","2100","266.5347257331932","2392.24622226759","GW6","ok","high","medium","ok","ok","ok","ok","medium","ok","ok",,"medium",,"C6","C6: Below 3.0°C",,,"27.09831965502768","53.972421633479485","16.071010506018418","4.481369639821224","266.5347257331932","2.507100330188058","2.507100330188058","0.004254953"
"665","NGFS Phase 5-Nationally Determined Contributions (NDCs)","GCAM 6.0 NGFS","Final Energy|Residential and Commercial|Electricity","EJ/yr","[object Object]",2050,12.12879943,"2.507100330188058","2.507100330188058","2100","266.5347257331932","2392.24622226759","GW6","ok","high","medium","ok","ok","ok","ok","medium","ok","ok",,"medium",,"C6","C6: Below 3.0°C",,,"27.09831965502768","53.972421633479485","16.071010506018418","4.481369639821224","266.5347257331932","2.507100330188058","2.507100330188058","0.004254953"
"665","NGFS Phase 5-Nationally Determined Contributions (NDCs)","GCAM 6.0 NGFS","Final Energy|Residential and Commercial|Electricity","EJ/yr","[object Object]",2055,12.71006059,"2.507100330188058","2.507100330188058","2100","266.5347257331932","2392.24622226759","GW6","ok","high","medium","ok","ok","ok","ok","medium","ok","ok",,"medium",,"C6","C6: Below 3.0°C",,,"27.09831965502768","53.972421633479485","16.071010506018418","4.481369639821224","266.5347257331932","2.507100330188058","2.507100330188058","0.004254953"
"665","NGFS Phase 5-Nationally Determined Contributions (NDCs)","GCAM 6.0 NGFS","Final Energy|Residential and Commercial|Electricity","EJ/yr","[object Object]",2060,13.24784766,"2.507100330188058","2.507100330188058","2100","266.5347257331932","2392.24622226759","GW6","ok","high","medium","ok","ok","ok","ok","medium","ok","ok",,"medium",,"C6","C6: Below 3.0°C",,,"27.09831965502768","53.972421633479485","16.071010506018418","4.481369639821224","266.5347257331932","2.507100330188058","2.507100330188058","0.004254953"
"665","NGFS Phase 5-Nationally Determined Contributions (NDCs)","GCAM 6.0 NGFS","Final Energy|Residential and Commercial|Electricity","EJ/yr","[object Object]",2065,13.543790099999999,"2.507100330188058","2.507100330188058","2100","266.5347257331932","2392.24622226759","GW6","ok","high","medium","ok","ok","ok","ok","medium","ok","ok",,"medium",,"C6","C6: Below 3.0°C",,,"27.09831965502768","53.972421633479485","16.071010506018418","4.481369639821224","266.5347257331932","2.507100330188058","2.507100330188058","0.004254953"
"665","NGFS Phase 5-Nationally Determined Contributions (NDCs)","GCAM 6.0 NGFS","Final Energy|Residential and Commercial|Electricity","EJ/yr","[object Object]",2070,13.97110414,"2.507100330188058","2.507100330188058","2100","266.5347257331932","2392.24622226759","GW6","ok","high","medium","ok","ok","ok","ok","medium","ok","ok",,"medium",,"C6","C6: Below 3.0°C",,,"27.09831965502768","53.972421633479485","16.071010506018418","4.481369639821224","266.5347257331932","2.507100330188058","2.507100330188058","0.004254953"
"665","NGFS Phase 5-Nationally Determined Contributions (NDCs)","GCAM 6.0 NGFS","Final Energy|Residential and Commercial|Electricity","EJ/yr","[object Object]",2075,14.33774196,"2.507100330188058","2.507100330188058","2100","266.5347257331932","2392.24622226759","GW6","ok","high","medium","ok","ok","ok","ok","medium","ok","ok",,"medium",,"C6","C6: Below 3.0°C",,,"27.09831965502768","53.972421633479485","16.071010506018418","4.481369639821224","266.5347257331932","2.507100330188058","2.507100330188058","0.004254953"
"665","NGFS Phase 5-Nationally Determined Contributions (NDCs)","GCAM 6.0 NGFS","Final Energy|Residential and Commercial|Electricity","EJ/yr","[object Object]",2080,14.587538409999999,"2.507100330188058","2.507100330188058","2100","266.5347257331932","2392.24622226759","GW6","ok","high","medium","ok","ok","ok","ok","medium","ok","ok",,"medium",,"C6","C6: Below 3.0°C",,,"27.09831965502768","53.972421633479485","16.071010506018418","4.481369639821224","266.5347257331932","2.507100330188058","2.507100330188058","0.004254953"
"665","NGFS Phase 5-Nationally Determined Contributions (NDCs)","GCAM 6.0 NGFS","Final Energy|Residential and Commercial|Electricity","EJ/yr","[object Object]",2085,14.70291417,"2.507100330188058","2.507100330188058","2100","266.5347257331932","2392.24622226759","GW6","ok","high","medium","ok","ok","ok","ok","medium","ok","ok",,"medium",,"C6","C6: Below 3.0°C",,,"27.09831965502768","53.972421633479485","16.071010506018418","4.481369639821224","266.5347257331932","2.507100330188058","2.507100330188058","0.004254953"
"665","NGFS Phase 5-Nationally Determined Contributions (NDCs)","GCAM 6.0 NGFS","Final Energy|Residential and Commercial|Electricity","EJ/yr","[object Object]",2090,14.755096100000001,"2.507100330188058","2.507100330188058","2100","266.5347257331932","2392.24622226759","GW6","ok","high","medium","ok","ok","ok","ok","medium","ok","ok",,"medium",,"C6","C6: Below 3.0°C",,,"27.09831965502768","53.972421633479485","16.071010506018418","4.481369639821224","266.5347257331932","2.507100330188058","2.507100330188058","0.004254953"
"665","NGFS Phase 5-Nationally Determined Contributions (NDCs)","GCAM 6.0 NGFS","Final Energy|Residential and Commercial|Electricity","EJ/yr","[object Object]",2095,14.6767456,"2.507100330188058","2.507100330188058","2100","266.5347257331932","2392.24622226759","GW6","ok","high","medium","ok","ok","ok","ok","medium","ok","ok",,"medium",,"C6","C6: Below 3.0°C",,,"27.09831965502768","53.972421633479485","16.071010506018418","4.481369639821224","266.5347257331932","2.507100330188058","2.507100330188058","0.004254953"
"665","NGFS Phase 5-Nationally Determined Contributions (NDCs)","GCAM 6.0 NGFS","Final Energy|Residential and Commercial|Electricity","EJ/yr","[object Object]",2100,14.59253613,"2.507100330188058","2.507100330188058","2100","266.5347257331932","2392.24622226759","GW6","ok","high","medium","ok","ok","ok","ok","medium","ok","ok",,"medium",,"C6","C6: Below 3.0°C",,,"27.09831965502768","53.972421633479485","16.071010506018418","4.481369639821224","266.5347257331932","2.507100330188058","2.507100330188058","0.004254953"
"668","NGFS Phase 5-Current Policies","MESSAGEix-GLOBIOM 2.0-M-R12-NGFS","Final Energy|Residential and Commercial|Electricity","EJ/yr","[object Object]",2010,7.1641874634965035,"2.673573165005469","2.673573165005469","2100","0","3224.2069424597066","GW6","ok","medium","ok","ok","ok","ok","high","medium","high","ok","medium","ok",,"C6","C6: Below 3.0°C",,,"14.922955564111447","76.23246618201756","7.711190801297178","1.2864020718395608","0","2.673573165005469","2.673573165005469","0.003210513"
"668","NGFS Phase 5-Current Policies","MESSAGEix-GLOBIOM 2.0-M-R12-NGFS","Final Energy|Residential and Commercial|Electricity","EJ/yr","[object Object]",2015,7.0314676064727015,"2.673573165005469","2.673573165005469","2100","0","3224.2069424597066","GW6","ok","medium","ok","ok","ok","ok","high","medium","high","ok","medium","ok",,"C6","C6: Below 3.0°C",,,"14.922955564111447","76.23246618201756","7.711190801297178","1.2864020718395608","0","2.673573165005469","2.673573165005469","0.003210513"
"668","NGFS Phase 5-Current Policies","MESSAGEix-GLOBIOM 2.0-M-R12-NGFS","Final Energy|Residential and Commercial|Electricity","EJ/yr","[object Object]",2020,6.927906573689063,"2.673573165005469","2.673573165005469","2100","0","3224.2069424597066","GW6","ok","medium","ok","ok","ok","ok","high","medium","high","ok","medium","ok",,"C6","C6: Below 3.0°C",,,"14.922955564111447","76.23246618201756","7.711190801297178","1.2864020718395608","0","2.673573165005469","2.673573165005469","0.003210513"
"668","NGFS Phase 5-Current Policies","MESSAGEix-GLOBIOM 2.0-M-R12-NGFS","Final Energy|Residential and Commercial|Electricity","EJ/yr","[object Object]",2025,7.162249922297215,"2.673573165005469","2.673573165005469","2100","0","3224.2069424597066","GW6","ok","medium","ok","ok","ok","ok","high","medium","high","ok","medium","ok",,"C6","C6: Below 3.0°C",,,"14.922955564111447","76.23246618201756","7.711190801297178","1.2864020718395608","0","2.673573165005469","2.673573165005469","0.003210513"
"668","NGFS Phase 5-Current Policies","MESSAGEix-GLOBIOM 2.0-M-R12-NGFS","Final Energy|Residential and Commercial|Electricity","EJ/yr","[object Object]",2030,7.3798682639680955,"2.673573165005469","2.673573165005469","2100","0","3224.2069424597066","GW6","ok","medium","ok","ok","ok","ok","high","medium","high","ok","medium","ok",,"C6","C6: Below 3.0°C",,,"14.922955564111447","76.23246618201756","7.711190801297178","1.2864020718395608","0","2.673573165005469","2.673573165005469","0.003210513"
"668","NGFS Phase 5-Current Policies","MESSAGEix-GLOBIOM 2.0-M-R12-NGFS","Final Energy|Residential and Commercial|Electricity","EJ/yr","[object Object]",2035,6.897380935083589,"2.673573165005469","2.673573165005469","2100","0","3224.2069424597066","GW6","ok","medium","ok","ok","ok","ok","high","medium","high","ok","medium","ok",,"C6","C6: Below 3.0°C",,,"14.922955564111447","76.23246618201756","7.711190801297178","1.2864020718395608","0","2.673573165005469","2.673573165005469","0.003210513"
"668","NGFS Phase 5-Current Policies","MESSAGEix-GLOBIOM 2.0-M-R12-NGFS","Final Energy|Residential and Commercial|Electricity","EJ/yr","[object Object]",2040,6.775672673222441,"2.673573165005469","2.673573165005469","2100","0","3224.2069424597066","GW6","ok","medium","ok","ok","ok","ok","high","medium","high","ok","medium","ok",,"C6","C6: Below 3.0°C",,,"14.922955564111447","76.23246618201756","7.711190801297178","1.2864020718395608","0","2.673573165005469","2.673573165005469","0.003210513"
"668","NGFS Phase 5-Current Policies","MESSAGEix-GLOBIOM 2.0-M-R12-NGFS","Final Energy|Residential and Commercial|Electricity","EJ/yr","[object Object]",2045,6.698729531612125,"2.673573165005469","2.673573165005469","2100","0","3224.2069424597066","GW6","ok","medium","ok","ok","ok","ok","high","medium","high","ok","medium","ok",,"C6","C6: Below 3.0°C",,,"14.922955564111447","76.23246618201756","7.711190801297178","1.2864020718395608","0","2.673573165005469","2.673573165005469","0.003210513"
"668","NGFS Phase 5-Current Policies","MESSAGEix-GLOBIOM 2.0-M-R12-NGFS","Final Energy|Residential and Commercial|Electricity","EJ/yr","[object Object]",2050,6.632369144916347,"2.673573165005469","2.673573165005469","2100","0","3224.2069424597066","GW6","ok","medium","ok","ok","ok","ok","high","medium","high","ok","medium","ok",,"C6","C6: Below 3.0°C",,,"14.922955564111447","76.23246618201756","7.711190801297178","1.2864020718395608","0","2.673573165005469","2.673573165005469","0.003210513"
"668","NGFS Phase 5-Current Policies","MESSAGEix-GLOBIOM 2.0-M-R12-NGFS","Final Energy|Residential and Commercial|Electricity","EJ/yr","[object Object]",2055,6.569922472264122,"2.673573165005469","2.673573165005469","2100","0","3224.2069424597066","GW6","ok","medium","ok","ok","ok","ok","high","medium","high","ok","medium","ok",,"C6","C6: Below 3.0°C",,,"14.922955564111447","76.23246618201756","7.711190801297178","1.2864020718395608","0","2.673573165005469","2.673573165005469","0.003210513"
"668","NGFS Phase 5-Current Policies","MESSAGEix-GLOBIOM 2.0-M-R12-NGFS","Final Energy|Residential and Commercial|Electricity","EJ/yr","[object Object]",2060,6.504300177248592,"2.673573165005469","2.673573165005469","2100","0","3224.2069424597066","GW6","ok","medium","ok","ok","ok","ok","high","medium","high","ok","medium","ok",,"C6","C6: Below 3.0°C",,,"14.922955564111447","76.23246618201756","7.711190801297178","1.2864020718395608","0","2.673573165005469","2.673573165005469","0.003210513"
"668","NGFS Phase 5-Current Policies","MESSAGEix-GLOBIOM 2.0-M-R12-NGFS","Final Energy|Residential and Commercial|Electricity","EJ/yr","[object Object]",2070,6.397371492174998,"2.673573165005469","2.673573165005469","2100","0","3224.2069424597066","GW6","ok","medium","ok","ok","ok","ok","high","medium","high","ok","medium","ok",,"C6","C6: Below 3.0°C",,,"14.922955564111447","76.23246618201756","7.711190801297178","1.2864020718395608","0","2.673573165005469","2.673573165005469","0.003210513"
"668","NGFS Phase 5-Current Policies","MESSAGEix-GLOBIOM 2.0-M-R12-NGFS","Final Energy|Residential and Commercial|Electricity","EJ/yr","[object Object]",2080,6.284970232548817,"2.673573165005469","2.673573165005469","2100","0","3224.2069424597066","GW6","ok","medium","ok","ok","ok","ok","high","medium","high","ok","medium","ok",,"C6","C6: Below 3.0°C",,,"14.922955564111447","76.23246618201756","7.711190801297178","1.2864020718395608","0","2.673573165005469","2.673573165005469","0.003210513"
"668","NGFS Phase 5-Current Policies","MESSAGEix-GLOBIOM 2.0-M-R12-NGFS","Final Energy|Residential and Commercial|Electricity","EJ/yr","[object Object]",2090,6.127081313035001,"2.673573165005469","2.673573165005469","2100","0","3224.2069424597066","GW6","ok","medium","ok","ok","ok","ok","high","medium","high","ok","medium","ok",,"C6","C6: Below 3.0°C",,,"14.922955564111447","76.23246618201756","7.711190801297178","1.2864020718395608","0","2.673573165005469","2.673573165005469","0.003210513"
"668","NGFS Phase 5-Current Policies","MESSAGEix-GLOBIOM 2.0-M-R12-NGFS","Final Energy|Residential and Commercial|Electricity","EJ/yr","[object Object]",2100,5.940453332976829,"2.673573165005469","2.673573165005469","2100","0","3224.2069424597066","GW6","ok","medium","ok","ok","ok","ok","high","medium","high","ok","medium","ok",,"C6","C6: Below 3.0°C",,,"14.922955564111447","76.23246618201756","7.711190801297178","1.2864020718395608","0","2.673573165005469","2.673573165005469","0.003210513"
"691","NAVIGATE Demand-NPi-act","REMIND 3.0","Final Energy|Residential and Commercial|Electricity","EJ/yr","[object Object]",2010,6.042536899999999,"2.629341308166109","2.629341308166109","2100","18.439025701800002","2614.83553658645","GW6","failed","medium","ok","ok","ok","ok","medium","medium","medium","ok",,"medium",,"C6","C6: Below 3.0°C",,,"30.137279124440898","49.519873917653705","19.65086026107783",,"18.439025701800002","2.629341308166109","2.629341308166109",
"691","NAVIGATE Demand-NPi-act","REMIND 3.0","Final Energy|Residential and Commercial|Electricity","EJ/yr","[object Object]",2015,5.867416399999999,"2.629341308166109","2.629341308166109","2100","18.439025701800002","2614.83553658645","GW6","failed","medium","ok","ok","ok","ok","medium","medium","medium","ok",,"medium",,"C6","C6: Below 3.0°C",,,"30.137279124440898","49.519873917653705","19.65086026107783",,"18.439025701800002","2.629341308166109","2.629341308166109",
"691","NAVIGATE Demand-NPi-act","REMIND 3.0","Final Energy|Residential and Commercial|Electricity","EJ/yr","[object Object]",2020,6.330727400000001,"2.629341308166109","2.629341308166109","2100","18.439025701800002","2614.83553658645","GW6","failed","medium","ok","ok","ok","ok","medium","medium","medium","ok",,"medium",,"C6","C6: Below 3.0°C",,,"30.137279124440898","49.519873917653705","19.65086026107783",,"18.439025701800002","2.629341308166109","2.629341308166109",
"691","NAVIGATE Demand-NPi-act","REMIND 3.0","Final Energy|Residential and Commercial|Electricity","EJ/yr","[object Object]",2025,6.702645,"2.629341308166109","2.629341308166109","2100","18.439025701800002","2614.83553658645","GW6","failed","medium","ok","ok","ok","ok","medium","medium","medium","ok",,"medium",,"C6","C6: Below 3.0°C",,,"30.137279124440898","49.519873917653705","19.65086026107783",,"18.439025701800002","2.629341308166109","2.629341308166109",
"691","NAVIGATE Demand-NPi-act","REMIND 3.0","Final Energy|Residential and Commercial|Electricity","EJ/yr","[object Object]",2030,7.137551799999999,"2.629341308166109","2.629341308166109","2100","18.439025701800002","2614.83553658645","GW6","failed","medium","ok","ok","ok","ok","medium","medium","medium","ok",,"medium",,"C6","C6: Below 3.0°C",,,"30.137279124440898","49.519873917653705","19.65086026107783",,"18.439025701800002","2.629341308166109","2.629341308166109",
"691","NAVIGATE Demand-NPi-act","REMIND 3.0","Final Energy|Residential and Commercial|Electricity","EJ/yr","[object Object]",2035,7.3365964,"2.629341308166109","2.629341308166109","2100","18.439025701800002","2614.83553658645","GW6","failed","medium","ok","ok","ok","ok","medium","medium","medium","ok",,"medium",,"C6","C6: Below 3.0°C",,,"30.137279124440898","49.519873917653705","19.65086026107783",,"18.439025701800002","2.629341308166109","2.629341308166109",
"691","NAVIGATE Demand-NPi-act","REMIND 3.0","Final Energy|Residential and Commercial|Electricity","EJ/yr","[object Object]",2040,7.2683184,"2.629341308166109","2.629341308166109","2100","18.439025701800002","2614.83553658645","GW6","failed","medium","ok","ok","ok","ok","medium","medium","medium","ok",,"medium",,"C6","C6: Below 3.0°C",,,"30.137279124440898","49.519873917653705","19.65086026107783",,"18.439025701800002","2.629341308166109","2.629341308166109",
"691","NAVIGATE Demand-NPi-act","REMIND 3.0","Final Energy|Residential and Commercial|Electricity","EJ/yr","[object Object]",2045,7.1913789,"2.629341308166109","2.629341308166109","2100","18.439025701800002","2614.83553658645","GW6","failed","medium","ok","ok","ok","ok","medium","medium","medium","ok",,"medium",,"C6","C6: Below 3.0°C",,,"30.137279124440898","49.519873917653705","19.65086026107783",,"18.439025701800002","2.629341308166109","2.629341308166109",
"691","NAVIGATE Demand-NPi-act","REMIND 3.0","Final Energy|Residential and Commercial|Electricity","EJ/yr","[object Object]",2050,7.123595999999999,"2.629341308166109","2.629341308166109","2100","18.439025701800002","2614.83553658645","GW6","failed","medium","ok","ok","ok","ok","medium","medium","medium","ok",,"medium",,"C6","C6: Below 3.0°C",,,"30.137279124440898","49.519873917653705","19.65086026107783",,"18.439025701800002","2.629341308166109","2.629341308166109",
"691","NAVIGATE Demand-NPi-act","REMIND 3.0","Final Energy|Residential and Commercial|Electricity","EJ/yr","[object Object]",2055,6.917960799999999,"2.629341308166109","2.629341308166109","2100","18.439025701800002","2614.83553658645","GW6","failed","medium","ok","ok","ok","ok","medium","medium","medium","ok",,"medium",,"C6","C6: Below 3.0°C",,,"30.137279124440898","49.519873917653705","19.65086026107783",,"18.439025701800002","2.629341308166109","2.629341308166109",
"691","NAVIGATE Demand-NPi-act","REMIND 3.0","Final Energy|Residential and Commercial|Electricity","EJ/yr","[object Object]",2060,7.192696,"2.629341308166109","2.629341308166109","2100","18.439025701800002","2614.83553658645","GW6","failed","medium","ok","ok","ok","ok","medium","medium","medium","ok",,"medium",,"C6","C6: Below 3.0°C",,,"30.137279124440898","49.519873917653705","19.65086026107783",,"18.439025701800002","2.629341308166109","2.629341308166109",
"691","NAVIGATE Demand-NPi-act","REMIND 3.0","Final Energy|Residential and Commercial|Electricity","EJ/yr","[object Object]",2070,7.4146581,"2.629341308166109","2.629341308166109","2100","18.439025701800002","2614.83553658645","GW6","failed","medium","ok","ok","ok","ok","medium","medium","medium","ok",,"medium",,"C6","C6: Below 3.0°C",,,"30.137279124440898","49.519873917653705","19.65086026107783",,"18.439025701800002","2.629341308166109","2.629341308166109",
"691","NAVIGATE Demand-NPi-act","REMIND 3.0","Final Energy|Residential and Commercial|Electricity","EJ/yr","[object Object]",2080,8.081367899999998,"2.629341308166109","2.629341308166109","2100","18.439025701800002","2614.83553658645","GW6","failed","medium","ok","ok","ok","ok","medium","medium","medium","ok",,"medium",,"C6","C6: Below 3.0°C",,,"30.137279124440898","49.519873917653705","19.65086026107783",,"18.439025701800002","2.629341308166109","2.629341308166109",
"691","NAVIGATE Demand-NPi-act","REMIND 3.0","Final Energy|Residential and Commercial|Electricity","EJ/yr","[object Object]",2090,8.604363899999997,"2.629341308166109","2.629341308166109","2100","18.439025701800002","2614.83553658645","GW6","failed","medium","ok","ok","ok","ok","medium","medium","medium","ok",,"medium",,"C6","C6: Below 3.0°C",,,"30.137279124440898","49.519873917653705","19.65086026107783",,"18.439025701800002","2.629341308166109","2.629341308166109",
"691","NAVIGATE Demand-NPi-act","REMIND 3.0","Final Energy|Residential and Commercial|Electricity","EJ/yr","[object Object]",2100,9.2749391,"2.629341308166109","2.629341308166109","2100","18.439025701800002","2614.83553658645","GW6","failed","medium","ok","ok","ok","ok","medium","medium","medium","ok",,"medium",,"C6","C6: Below 3.0°C",,,"30.137279124440898","49.519873917653705","19.65086026107783",,"18.439025701800002","2.629341308166109","2.629341308166109",
"693","NAVIGATE Demand-NPi-ref","REMIND 3.0","Final Energy|Residential and Commercial|Electricity","EJ/yr","[object Object]",2010,6.0427254,"2.753459260472412","2.753459260472412","2100","15.137515933000003","2910.9401308652","GW6","failed","ok","ok","ok","ok","ok","medium","ok","ok","ok",,"medium",,"C6","C6: Below 3.0°C",,,"29.587324566707252","51.332274767692276","18.45214805127712",,"15.137515933000003","2.753459260472412","2.753459260472412",
"693","NAVIGATE Demand-NPi-ref","REMIND 3.0","Final Energy|Residential and Commercial|Electricity","EJ/yr","[object Object]",2015,5.8710046,"2.753459260472412","2.753459260472412","2100","15.137515933000003","2910.9401308652","GW6","failed","ok","ok","ok","ok","ok","medium","ok","ok","ok",,"medium",,"C6","C6: Below 3.0°C",,,"29.587324566707252","51.332274767692276","18.45214805127712",,"15.137515933000003","2.753459260472412","2.753459260472412",
"693","NAVIGATE Demand-NPi-ref","REMIND 3.0","Final Energy|Residential and Commercial|Electricity","EJ/yr","[object Object]",2020,6.306393400000001,"2.753459260472412","2.753459260472412","2100","15.137515933000003","2910.9401308652","GW6","failed","ok","ok","ok","ok","ok","medium","ok","ok","ok",,"medium",,"C6","C6: Below 3.0°C",,,"29.587324566707252","51.332274767692276","18.45214805127712",,"15.137515933000003","2.753459260472412","2.753459260472412",
"693","NAVIGATE Demand-NPi-ref","REMIND 3.0","Final Energy|Residential and Commercial|Electricity","EJ/yr","[object Object]",2025,6.7524238,"2.753459260472412","2.753459260472412","2100","15.137515933000003","2910.9401308652","GW6","failed","ok","ok","ok","ok","ok","medium","ok","ok","ok",,"medium",,"C6","C6: Below 3.0°C",,,"29.587324566707252","51.332274767692276","18.45214805127712",,"15.137515933000003","2.753459260472412","2.753459260472412",
"693","NAVIGATE Demand-NPi-ref","REMIND 3.0","Final Energy|Residential and Commercial|Electricity","EJ/yr","[object Object]",2030,7.2773341,"2.753459260472412","2.753459260472412","2100","15.137515933000003","2910.9401308652","GW6","failed","ok","ok","ok","ok","ok","medium","ok","ok","ok",,"medium",,"C6","C6: Below 3.0°C",,,"29.587324566707252","51.332274767692276","18.45214805127712",,"15.137515933000003","2.753459260472412","2.753459260472412",
"693","NAVIGATE Demand-NPi-ref","REMIND 3.0","Final Energy|Residential and Commercial|Electricity","EJ/yr","[object Object]",2035,7.573260100000001,"2.753459260472412","2.753459260472412","2100","15.137515933000003","2910.9401308652","GW6","failed","ok","ok","ok","ok","ok","medium","ok","ok","ok",,"medium",,"C6","C6: Below 3.0°C",,,"29.587324566707252","51.332274767692276","18.45214805127712",,"15.137515933000003","2.753459260472412","2.753459260472412",
"693","NAVIGATE Demand-NPi-ref","REMIND 3.0","Final Energy|Residential and Commercial|Electricity","EJ/yr","[object Object]",2040,7.6085291,"2.753459260472412","2.753459260472412","2100","15.137515933000003","2910.9401308652","GW6","failed","ok","ok","ok","ok","ok","medium","ok","ok","ok",,"medium",,"C6","C6: Below 3.0°C",,,"29.587324566707252","51.332274767692276","18.45214805127712",,"15.137515933000003","2.753459260472412","2.753459260472412",
"693","NAVIGATE Demand-NPi-ref","REMIND 3.0","Final Energy|Residential and Commercial|Electricity","EJ/yr","[object Object]",2045,7.6563111,"2.753459260472412","2.753459260472412","2100","15.137515933000003","2910.9401308652","GW6","failed","ok","ok","ok","ok","ok","medium","ok","ok","ok",,"medium",,"C6","C6: Below 3.0°C",,,"29.587324566707252","51.332274767692276","18.45214805127712",,"15.137515933000003","2.753459260472412","2.753459260472412",
"693","NAVIGATE Demand-NPi-ref","REMIND 3.0","Final Energy|Residential and Commercial|Electricity","EJ/yr","[object Object]",2050,7.634981299999999,"2.753459260472412","2.753459260472412","2100","15.137515933000003","2910.9401308652","GW6","failed","ok","ok","ok","ok","ok","medium","ok","ok","ok",,"medium",,"C6","C6: Below 3.0°C",,,"29.587324566707252","51.332274767692276","18.45214805127712",,"15.137515933000003","2.753459260472412","2.753459260472412",
"693","NAVIGATE Demand-NPi-ref","REMIND 3.0","Final Energy|Residential and Commercial|Electricity","EJ/yr","[object Object]",2055,7.4654351,"2.753459260472412","2.753459260472412","2100","15.137515933000003","2910.9401308652","GW6","failed","ok","ok","ok","ok","ok","medium","ok","ok","ok",,"medium",,"C6","C6: Below 3.0°C",,,"29.587324566707252","51.332274767692276","18.45214805127712",,"15.137515933000003","2.753459260472412","2.753459260472412",
"693","NAVIGATE Demand-NPi-ref","REMIND 3.0","Final Energy|Residential and Commercial|Electricity","EJ/yr","[object Object]",2060,7.7603073,"2.753459260472412","2.753459260472412","2100","15.137515933000003","2910.9401308652","GW6","failed","ok","ok","ok","ok","ok","medium","ok","ok","ok",,"medium",,"C6","C6: Below 3.0°C",,,"29.587324566707252","51.332274767692276","18.45214805127712",,"15.137515933000003","2.753459260472412","2.753459260472412",
"693","NAVIGATE Demand-NPi-ref","REMIND 3.0","Final Energy|Residential and Commercial|Electricity","EJ/yr","[object Object]",2070,8.0352005,"2.753459260472412","2.753459260472412","2100","15.137515933000003","2910.9401308652","GW6","failed","ok","ok","ok","ok","ok","medium","ok","ok","ok",,"medium",,"C6","C6: Below 3.0°C",,,"29.587324566707252","51.332274767692276","18.45214805127712",,"15.137515933000003","2.753459260472412","2.753459260472412",
"693","NAVIGATE Demand-NPi-ref","REMIND 3.0","Final Energy|Residential and Commercial|Electricity","EJ/yr","[object Object]",2080,8.618605599999999,"2.753459260472412","2.753459260472412","2100","15.137515933000003","2910.9401308652","GW6","failed","ok","ok","ok","ok","ok","medium","ok","ok","ok",,"medium",,"C6","C6: Below 3.0°C",,,"29.587324566707252","51.332274767692276","18.45214805127712",,"15.137515933000003","2.753459260472412","2.753459260472412",
"693","NAVIGATE Demand-NPi-ref","REMIND 3.0","Final Energy|Residential and Commercial|Electricity","EJ/yr","[object Object]",2090,9.251352899999999,"2.753459260472412","2.753459260472412","2100","15.137515933000003","2910.9401308652","GW6","failed","ok","ok","ok","ok","ok","medium","ok","ok","ok",,"medium",,"C6","C6: Below 3.0°C",,,"29.587324566707252","51.332274767692276","18.45214805127712",,"15.137515933000003","2.753459260472412","2.753459260472412",
"693","NAVIGATE Demand-NPi-ref","REMIND 3.0","Final Energy|Residential and Commercial|Electricity","EJ/yr","[object Object]",2100,9.9091884,"2.753459260472412","2.753459260472412","2100","15.137515933000003","2910.9401308652","GW6","failed","ok","ok","ok","ok","ok","medium","ok","ok","ok",,"medium",,"C6","C6: Below 3.0°C",,,"29.587324566707252","51.332274767692276","18.45214805127712",,"15.137515933000003","2.753459260472412","2.753459260472412",
"694","NAVIGATE Demand-NPi-tec","REMIND 3.0","Final Energy|Residential and Commercial|Electricity","EJ/yr","[object Object]",2010,6.042563,"2.62355300496216","2.62355300496216","2100","17.886203662399996","2603.1792714455","GW6","failed","medium","ok","ok","ok","ok","medium","medium","medium","ok",,"medium",,"C6","C6: Below 3.0°C",,,"30.406605575526324","49.32262880157408","19.563511428201377",,"17.886203662399996","2.62355300496216","2.62355300496216",
"694","NAVIGATE Demand-NPi-tec","REMIND 3.0","Final Energy|Residential and Commercial|Electricity","EJ/yr","[object Object]",2015,5.8756885,"2.62355300496216","2.62355300496216","2100","17.886203662399996","2603.1792714455","GW6","failed","medium","ok","ok","ok","ok","medium","medium","medium","ok",,"medium",,"C6","C6: Below 3.0°C",,,"30.406605575526324","49.32262880157408","19.563511428201377",,"17.886203662399996","2.62355300496216","2.62355300496216",
"694","NAVIGATE Demand-NPi-tec","REMIND 3.0","Final Energy|Residential and Commercial|Electricity","EJ/yr","[object Object]",2020,6.3092748,"2.62355300496216","2.62355300496216","2100","17.886203662399996","2603.1792714455","GW6","failed","medium","ok","ok","ok","ok","medium","medium","medium","ok",,"medium",,"C6","C6: Below 3.0°C",,,"30.406605575526324","49.32262880157408","19.563511428201377",,"17.886203662399996","2.62355300496216","2.62355300496216",
"694","NAVIGATE Demand-NPi-tec","REMIND 3.0","Final Energy|Residential and Commercial|Electricity","EJ/yr","[object Object]",2025,6.6702805,"2.62355300496216","2.62355300496216","2100","17.886203662399996","2603.1792714455","GW6","failed","medium","ok","ok","ok","ok","medium","medium","medium","ok",,"medium",,"C6","C6: Below 3.0°C",,,"30.406605575526324","49.32262880157408","19.563511428201377",,"17.886203662399996","2.62355300496216","2.62355300496216",
"694","NAVIGATE Demand-NPi-tec","REMIND 3.0","Final Energy|Residential and Commercial|Electricity","EJ/yr","[object Object]",2030,7.0178986,"2.62355300496216","2.62355300496216","2100","17.886203662399996","2603.1792714455","GW6","failed","medium","ok","ok","ok","ok","medium","medium","medium","ok",,"medium",,"C6","C6: Below 3.0°C",,,"30.406605575526324","49.32262880157408","19.563511428201377",,"17.886203662399996","2.62355300496216","2.62355300496216",
"694","NAVIGATE Demand-NPi-tec","REMIND 3.0","Final Energy|Residential and Commercial|Electricity","EJ/yr","[object Object]",2035,7.1570686,"2.62355300496216","2.62355300496216","2100","17.886203662399996","2603.1792714455","GW6","failed","medium","ok","ok","ok","ok","medium","medium","medium","ok",,"medium",,"C6","C6: Below 3.0°C",,,"30.406605575526324","49.32262880157408","19.563511428201377",,"17.886203662399996","2.62355300496216","2.62355300496216",
"694","NAVIGATE Demand-NPi-tec","REMIND 3.0","Final Energy|Residential and Commercial|Electricity","EJ/yr","[object Object]",2040,7.150663000000001,"2.62355300496216","2.62355300496216","2100","17.886203662399996","2603.1792714455","GW6","failed","medium","ok","ok","ok","ok","medium","medium","medium","ok",,"medium",,"C6","C6: Below 3.0°C",,,"30.406605575526324","49.32262880157408","19.563511428201377",,"17.886203662399996","2.62355300496216","2.62355300496216",
"694","NAVIGATE Demand-NPi-tec","REMIND 3.0","Final Energy|Residential and Commercial|Electricity","EJ/yr","[object Object]",2045,7.1527194,"2.62355300496216","2.62355300496216","2100","17.886203662399996","2603.1792714455","GW6","failed","medium","ok","ok","ok","ok","medium","medium","medium","ok",,"medium",,"C6","C6: Below 3.0°C",,,"30.406605575526324","49.32262880157408","19.563511428201377",,"17.886203662399996","2.62355300496216","2.62355300496216",
"694","NAVIGATE Demand-NPi-tec","REMIND 3.0","Final Energy|Residential and Commercial|Electricity","EJ/yr","[object Object]",2050,7.146124899999999,"2.62355300496216","2.62355300496216","2100","17.886203662399996","2603.1792714455","GW6","failed","medium","ok","ok","ok","ok","medium","medium","medium","ok",,"medium",,"C6","C6: Below 3.0°C",,,"30.406605575526324","49.32262880157408","19.563511428201377",,"17.886203662399996","2.62355300496216","2.62355300496216",
"694","NAVIGATE Demand-NPi-tec","REMIND 3.0","Final Energy|Residential and Commercial|Electricity","EJ/yr","[object Object]",2055,7.0220311,"2.62355300496216","2.62355300496216","2100","17.886203662399996","2603.1792714455","GW6","failed","medium","ok","ok","ok","ok","medium","medium","medium","ok",,"medium",,"C6","C6: Below 3.0°C",,,"30.406605575526324","49.32262880157408","19.563511428201377",,"17.886203662399996","2.62355300496216","2.62355300496216",
"694","NAVIGATE Demand-NPi-tec","REMIND 3.0","Final Energy|Residential and Commercial|Electricity","EJ/yr","[object Object]",2060,7.3401951,"2.62355300496216","2.62355300496216","2100","17.886203662399996","2603.1792714455","GW6","failed","medium","ok","ok","ok","ok","medium","medium","medium","ok",,"medium",,"C6","C6: Below 3.0°C",,,"30.406605575526324","49.32262880157408","19.563511428201377",,"17.886203662399996","2.62355300496216","2.62355300496216",
"694","NAVIGATE Demand-NPi-tec","REMIND 3.0","Final Energy|Residential and Commercial|Electricity","EJ/yr","[object Object]",2070,7.586791000000001,"2.62355300496216","2.62355300496216","2100","17.886203662399996","2603.1792714455","GW6","failed","medium","ok","ok","ok","ok","medium","medium","medium","ok",,"medium",,"C6","C6: Below 3.0°C",,,"30.406605575526324","49.32262880157408","19.563511428201377",,"17.886203662399996","2.62355300496216","2.62355300496216",
"694","NAVIGATE Demand-NPi-tec","REMIND 3.0","Final Energy|Residential and Commercial|Electricity","EJ/yr","[object Object]",2080,8.2349368,"2.62355300496216","2.62355300496216","2100","17.886203662399996","2603.1792714455","GW6","failed","medium","ok","ok","ok","ok","medium","medium","medium","ok",,"medium",,"C6","C6: Below 3.0°C",,,"30.406605575526324","49.32262880157408","19.563511428201377",,"17.886203662399996","2.62355300496216","2.62355300496216",
"694","NAVIGATE Demand-NPi-tec","REMIND 3.0","Final Energy|Residential and Commercial|Electricity","EJ/yr","[object Object]",2090,8.697707399999999,"2.62355300496216","2.62355300496216","2100","17.886203662399996","2603.1792714455","GW6","failed","medium","ok","ok","ok","ok","medium","medium","medium","ok",,"medium",,"C6","C6: Below 3.0°C",,,"30.406605575526324","49.32262880157408","19.563511428201377",,"17.886203662399996","2.62355300496216","2.62355300496216",
"694","NAVIGATE Demand-NPi-tec","REMIND 3.0","Final Energy|Residential and Commercial|Electricity","EJ/yr","[object Object]",2100,9.3085752,"2.62355300496216","2.62355300496216","2100","17.886203662399996","2603.1792714455","GW6","failed","medium","ok","ok","ok","ok","medium","medium","medium","ok",,"medium",,"C6","C6: Below 3.0°C",,,"30.406605575526324","49.32262880157408","19.563511428201377",,"17.886203662399996","2.62355300496216","2.62355300496216",
"730","NAVIGATE Demand-NPi-ref","COFFEE 1.5","Final Energy|Residential and Commercial|Electricity","EJ/yr","[object Object]",2010,7.154382157919999,"2.567247555945825","2.567247555945825","2100",,"2808.0537890487603","GW6","failed","medium","ok","ok","medium","medium","medium","high","medium",,,"ok",,"C6","C6: Below 3.0°C",,,"21.618952771822077","66.99761595796436","6.438457688947979","0","0","2.567247555945825","2.567247555945825",
"730","NAVIGATE Demand-NPi-ref","COFFEE 1.5","Final Energy|Residential and Commercial|Electricity","EJ/yr","[object Object]",2015,6.875825300639999,"2.567247555945825","2.567247555945825","2100",,"2808.0537890487603","GW6","failed","medium","ok","ok","medium","medium","medium","high","medium",,,"ok",,"C6","C6: Below 3.0°C",,,"21.618952771822077","66.99761595796436","6.438457688947979","0","0","2.567247555945825","2.567247555945825",
"730","NAVIGATE Demand-NPi-ref","COFFEE 1.5","Final Energy|Residential and Commercial|Electricity","EJ/yr","[object Object]",2020,6.52731276528,"2.567247555945825","2.567247555945825","2100",,"2808.0537890487603","GW6","failed","medium","ok","ok","medium","medium","medium","high","medium",,,"ok",,"C6","C6: Below 3.0°C",,,"21.618952771822077","66.99761595796436","6.438457688947979","0","0","2.567247555945825","2.567247555945825",
"730","NAVIGATE Demand-NPi-ref","COFFEE 1.5","Final Energy|Residential and Commercial|Electricity","EJ/yr","[object Object]",2025,7.752171036816,"2.567247555945825","2.567247555945825","2100",,"2808.0537890487603","GW6","failed","medium","ok","ok","medium","medium","medium","high","medium",,,"ok",,"C6","C6: Below 3.0°C",,,"21.618952771822077","66.99761595796436","6.438457688947979","0","0","2.567247555945825","2.567247555945825",
"730","NAVIGATE Demand-NPi-ref","COFFEE 1.5","Final Energy|Residential and Commercial|Electricity","EJ/yr","[object Object]",2030,8.39752970112,"2.567247555945825","2.567247555945825","2100",,"2808.0537890487603","GW6","failed","medium","ok","ok","medium","medium","medium","high","medium",,,"ok",,"C6","C6: Below 3.0°C",,,"21.618952771822077","66.99761595796436","6.438457688947979","0","0","2.567247555945825","2.567247555945825",
"730","NAVIGATE Demand-NPi-ref","COFFEE 1.5","Final Energy|Residential and Commercial|Electricity","EJ/yr","[object Object]",2035,9.219221089488,"2.567247555945825","2.567247555945825","2100",,"2808.0537890487603","GW6","failed","medium","ok","ok","medium","medium","medium","high","medium",,,"ok",,"C6","C6: Below 3.0°C",,,"21.618952771822077","66.99761595796436","6.438457688947979","0","0","2.567247555945825","2.567247555945825",
"730","NAVIGATE Demand-NPi-ref","COFFEE 1.5","Final Energy|Residential and Commercial|Electricity","EJ/yr","[object Object]",2040,10.42476974208,"2.567247555945825","2.567247555945825","2100",,"2808.0537890487603","GW6","failed","medium","ok","ok","medium","medium","medium","high","medium",,,"ok",,"C6","C6: Below 3.0°C",,,"21.618952771822077","66.99761595796436","6.438457688947979","0","0","2.567247555945825","2.567247555945825",
"730","NAVIGATE Demand-NPi-ref","COFFEE 1.5","Final Energy|Residential and Commercial|Electricity","EJ/yr","[object Object]",2045,11.70133156944,"2.567247555945825","2.567247555945825","2100",,"2808.0537890487603","GW6","failed","medium","ok","ok","medium","medium","medium","high","medium",,,"ok",,"C6","C6: Below 3.0°C",,,"21.618952771822077","66.99761595796436","6.438457688947979","0","0","2.567247555945825","2.567247555945825",
"730","NAVIGATE Demand-NPi-ref","COFFEE 1.5","Final Energy|Residential and Commercial|Electricity","EJ/yr","[object Object]",2050,12.952648387296,"2.567247555945825","2.567247555945825","2100",,"2808.0537890487603","GW6","failed","medium","ok","ok","medium","medium","medium","high","medium",,,"ok",,"C6","C6: Below 3.0°C",,,"21.618952771822077","66.99761595796436","6.438457688947979","0","0","2.567247555945825","2.567247555945825",
"730","NAVIGATE Demand-NPi-ref","COFFEE 1.5","Final Energy|Residential and Commercial|Electricity","EJ/yr","[object Object]",2060,15.563441641392,"2.567247555945825","2.567247555945825","2100",,"2808.0537890487603","GW6","failed","medium","ok","ok","medium","medium","medium","high","medium",,,"ok",,"C6","C6: Below 3.0°C",,,"21.618952771822077","66.99761595796436","6.438457688947979","0","0","2.567247555945825","2.567247555945825",
"730","NAVIGATE Demand-NPi-ref","COFFEE 1.5","Final Energy|Residential and Commercial|Electricity","EJ/yr","[object Object]",2070,18.472726919808,"2.567247555945825","2.567247555945825","2100",,"2808.0537890487603","GW6","failed","medium","ok","ok","medium","medium","medium","high","medium",,,"ok",,"C6","C6: Below 3.0°C",,,"21.618952771822077","66.99761595796436","6.438457688947979","0","0","2.567247555945825","2.567247555945825",
"730","NAVIGATE Demand-NPi-ref","COFFEE 1.5","Final Energy|Residential and Commercial|Electricity","EJ/yr","[object Object]",2080,21.5803954296,"2.567247555945825","2.567247555945825","2100",,"2808.0537890487603","GW6","failed","medium","ok","ok","medium","medium","medium","high","medium",,,"ok",,"C6","C6: Below 3.0°C",,,"21.618952771822077","66.99761595796436","6.438457688947979","0","0","2.567247555945825","2.567247555945825",
"730","NAVIGATE Demand-NPi-ref","COFFEE 1.5","Final Energy|Residential and Commercial|Electricity","EJ/yr","[object Object]",2090,24.904101748896,"2.567247555945825","2.567247555945825","2100",,"2808.0537890487603","GW6","failed","medium","ok","ok","medium","medium","medium","high","medium",,,"ok",,"C6","C6: Below 3.0°C",,,"21.618952771822077","66.99761595796436","6.438457688947979","0","0","2.567247555945825","2.567247555945825",
"730","NAVIGATE Demand-NPi-ref","COFFEE 1.5","Final Energy|Residential and Commercial|Electricity","EJ/yr","[object Object]",2100,28.280381733792,"2.567247555945825","2.567247555945825","2100",,"2808.0537890487603","GW6","failed","medium","ok","ok","medium","medium","medium","high","medium",,,"ok",,"C6","C6: Below 3.0°C",,,"21.618952771822077","66.99761595796436","6.438457688947979","0","0","2.567247555945825","2.567247555945825",
"757","NAVIGATE Demand-NPi-act","IMAGE 3.3","Final Energy|Residential and Commercial|Electricity","EJ/yr","[object Object]",2010,6.228741516113281,"2.836459281825208","2.836459281825208","2100","32.565815930896015","3161.5376148707455","GW6","failed","medium","ok","ok","ok","ok","high","high","high","ok","ok","ok",,"C6","C6: Below 3.0°C",,,"15.365152563196707","71.05366101074027","12.855581411420513","1.2492147182023103","32.565815930896015","2.836459281825208","2.836459281825208",
"757","NAVIGATE Demand-NPi-act","IMAGE 3.3","Final Energy|Residential and Commercial|Electricity","EJ/yr","[object Object]",2015,6.479184112548829,"2.836459281825208","2.836459281825208","2100","32.565815930896015","3161.5376148707455","GW6","failed","medium","ok","ok","ok","ok","high","high","high","ok","ok","ok",,"C6","C6: Below 3.0°C",,,"15.365152563196707","71.05366101074027","12.855581411420513","1.2492147182023103","32.565815930896015","2.836459281825208","2.836459281825208",
"757","NAVIGATE Demand-NPi-act","IMAGE 3.3","Final Energy|Residential and Commercial|Electricity","EJ/yr","[object Object]",2020,5.91831184387207,"2.836459281825208","2.836459281825208","2100","32.565815930896015","3161.5376148707455","GW6","failed","medium","ok","ok","ok","ok","high","high","high","ok","ok","ok",,"C6","C6: Below 3.0°C",,,"15.365152563196707","71.05366101074027","12.855581411420513","1.2492147182023103","32.565815930896015","2.836459281825208","2.836459281825208",
"757","NAVIGATE Demand-NPi-act","IMAGE 3.3","Final Energy|Residential and Commercial|Electricity","EJ/yr","[object Object]",2025,5.20950244140625,"2.836459281825208","2.836459281825208","2100","32.565815930896015","3161.5376148707455","GW6","failed","medium","ok","ok","ok","ok","high","high","high","ok","ok","ok",,"C6","C6: Below 3.0°C",,,"15.365152563196707","71.05366101074027","12.855581411420513","1.2492147182023103","32.565815930896015","2.836459281825208","2.836459281825208",
"757","NAVIGATE Demand-NPi-act","IMAGE 3.3","Final Energy|Residential and Commercial|Electricity","EJ/yr","[object Object]",2030,4.575093673706055,"2.836459281825208","2.836459281825208","2100","32.565815930896015","3161.5376148707455","GW6","failed","medium","ok","ok","ok","ok","high","high","high","ok","ok","ok",,"C6","C6: Below 3.0°C",,,"15.365152563196707","71.05366101074027","12.855581411420513","1.2492147182023103","32.565815930896015","2.836459281825208","2.836459281825208",
"757","NAVIGATE Demand-NPi-act","IMAGE 3.3","Final Energy|Residential and Commercial|Electricity","EJ/yr","[object Object]",2035,4.179966979980469,"2.836459281825208","2.836459281825208","2100","32.565815930896015","3161.5376148707455","GW6","failed","medium","ok","ok","ok","ok","high","high","high","ok","ok","ok",,"C6","C6: Below 3.0°C",,,"15.365152563196707","71.05366101074027","12.855581411420513","1.2492147182023103","32.565815930896015","2.836459281825208","2.836459281825208",
"757","NAVIGATE Demand-NPi-act","IMAGE 3.3","Final Energy|Residential and Commercial|Electricity","EJ/yr","[object Object]",2040,4.247747024536133,"2.836459281825208","2.836459281825208","2100","32.565815930896015","3161.5376148707455","GW6","failed","medium","ok","ok","ok","ok","high","high","high","ok","ok","ok",,"C6","C6: Below 3.0°C",,,"15.365152563196707","71.05366101074027","12.855581411420513","1.2492147182023103","32.565815930896015","2.836459281825208","2.836459281825208",
"757","NAVIGATE Demand-NPi-act","IMAGE 3.3","Final Energy|Residential and Commercial|Electricity","EJ/yr","[object Object]",2045,4.377350997924804,"2.836459281825208","2.836459281825208","2100","32.565815930896015","3161.5376148707455","GW6","failed","medium","ok","ok","ok","ok","high","high","high","ok","ok","ok",,"C6","C6: Below 3.0°C",,,"15.365152563196707","71.05366101074027","12.855581411420513","1.2492147182023103","32.565815930896015","2.836459281825208","2.836459281825208",
"757","NAVIGATE Demand-NPi-act","IMAGE 3.3","Final Energy|Residential and Commercial|Electricity","EJ/yr","[object Object]",2050,4.552614440917969,"2.836459281825208","2.836459281825208","2100","32.565815930896015","3161.5376148707455","GW6","failed","medium","ok","ok","ok","ok","high","high","high","ok","ok","ok",,"C6","C6: Below 3.0°C",,,"15.365152563196707","71.05366101074027","12.855581411420513","1.2492147182023103","32.565815930896015","2.836459281825208","2.836459281825208",
"757","NAVIGATE Demand-NPi-act","IMAGE 3.3","Final Energy|Residential and Commercial|Electricity","EJ/yr","[object Object]",2060,4.725356536865234,"2.836459281825208","2.836459281825208","2100","32.565815930896015","3161.5376148707455","GW6","failed","medium","ok","ok","ok","ok","high","high","high","ok","ok","ok",,"C6","C6: Below 3.0°C",,,"15.365152563196707","71.05366101074027","12.855581411420513","1.2492147182023103","32.565815930896015","2.836459281825208","2.836459281825208",
"757","NAVIGATE Demand-NPi-act","IMAGE 3.3","Final Energy|Residential and Commercial|Electricity","EJ/yr","[object Object]",2070,4.813488540649415,"2.836459281825208","2.836459281825208","2100","32.565815930896015","3161.5376148707455","GW6","failed","medium","ok","ok","ok","ok","high","high","high","ok","ok","ok",,"C6","C6: Below 3.0°C",,,"15.365152563196707","71.05366101074027","12.855581411420513","1.2492147182023103","32.565815930896015","2.836459281825208","2.836459281825208",
"757","NAVIGATE Demand-NPi-act","IMAGE 3.3","Final Energy|Residential and Commercial|Electricity","EJ/yr","[object Object]",2080,4.910676544189453,"2.836459281825208","2.836459281825208","2100","32.565815930896015","3161.5376148707455","GW6","failed","medium","ok","ok","ok","ok","high","high","high","ok","ok","ok",,"C6","C6: Below 3.0°C",,,"15.365152563196707","71.05366101074027","12.855581411420513","1.2492147182023103","32.565815930896015","2.836459281825208","2.836459281825208",
"757","NAVIGATE Demand-NPi-act","IMAGE 3.3","Final Energy|Residential and Commercial|Electricity","EJ/yr","[object Object]",2090,4.965825408935546,"2.836459281825208","2.836459281825208","2100","32.565815930896015","3161.5376148707455","GW6","failed","medium","ok","ok","ok","ok","high","high","high","ok","ok","ok",,"C6","C6: Below 3.0°C",,,"15.365152563196707","71.05366101074027","12.855581411420513","1.2492147182023103","32.565815930896015","2.836459281825208","2.836459281825208",
"757","NAVIGATE Demand-NPi-act","IMAGE 3.3","Final Energy|Residential and Commercial|Electricity","EJ/yr","[object Object]",2100,4.922320220947266,"2.836459281825208","2.836459281825208","2100","32.565815930896015","3161.5376148707455","GW6","failed","medium","ok","ok","ok","ok","high","high","high","ok","ok","ok",,"C6","C6: Below 3.0°C",,,"15.365152563196707","71.05366101074027","12.855581411420513","1.2492147182023103","32.565815930896015","2.836459281825208","2.836459281825208",
"758","NAVIGATE Demand-NPi-all","IMAGE 3.3","Final Energy|Residential and Commercial|Electricity","EJ/yr","[object Object]",2010,6.228670883178711,"2.62339580504947","2.62339580504947","2100","36.18273563857003","2593.924579174613","GW6","failed","medium","ok","ok","ok","ok","high","medium","high","ok","ok","ok",,"C6","C6: Below 3.0°C",,,"20.281499829056695","65.16125024203409","13.915572644865486","1.0773993263146053","36.18273563857003","2.62339580504947","2.62339580504947",
"758","NAVIGATE Demand-NPi-all","IMAGE 3.3","Final Energy|Residential and Commercial|Electricity","EJ/yr","[object Object]",2015,6.479135650634766,"2.62339580504947","2.62339580504947","2100","36.18273563857003","2593.924579174613","GW6","failed","medium","ok","ok","ok","ok","high","medium","high","ok","ok","ok",,"C6","C6: Below 3.0°C",,,"20.281499829056695","65.16125024203409","13.915572644865486","1.0773993263146053","36.18273563857003","2.62339580504947","2.62339580504947",
"758","NAVIGATE Demand-NPi-all","IMAGE 3.3","Final Energy|Residential and Commercial|Electricity","EJ/yr","[object Object]",2020,5.931428680419922,"2.62339580504947","2.62339580504947","2100","36.18273563857003","2593.924579174613","GW6","failed","medium","ok","ok","ok","ok","high","medium","high","ok","ok","ok",,"C6","C6: Below 3.0°C",,,"20.281499829056695","65.16125024203409","13.915572644865486","1.0773993263146053","36.18273563857003","2.62339580504947","2.62339580504947",
"758","NAVIGATE Demand-NPi-all","IMAGE 3.3","Final Energy|Residential and Commercial|Electricity","EJ/yr","[object Object]",2025,5.179755569458008,"2.62339580504947","2.62339580504947","2100","36.18273563857003","2593.924579174613","GW6","failed","medium","ok","ok","ok","ok","high","medium","high","ok","ok","ok",,"C6","C6: Below 3.0°C",,,"20.281499829056695","65.16125024203409","13.915572644865486","1.0773993263146053","36.18273563857003","2.62339580504947","2.62339580504947",
"758","NAVIGATE Demand-NPi-all","IMAGE 3.3","Final Energy|Residential and Commercial|Electricity","EJ/yr","[object Object]",2030,4.525213607788086,"2.62339580504947","2.62339580504947","2100","36.18273563857003","2593.924579174613","GW6","failed","medium","ok","ok","ok","ok","high","medium","high","ok","ok","ok",,"C6","C6: Below 3.0°C",,,"20.281499829056695","65.16125024203409","13.915572644865486","1.0773993263146053","36.18273563857003","2.62339580504947","2.62339580504947",
"758","NAVIGATE Demand-NPi-all","IMAGE 3.3","Final Energy|Residential and Commercial|Electricity","EJ/yr","[object Object]",2035,4.260029296874999,"2.62339580504947","2.62339580504947","2100","36.18273563857003","2593.924579174613","GW6","failed","medium","ok","ok","ok","ok","high","medium","high","ok","ok","ok",,"C6","C6: Below 3.0°C",,,"20.281499829056695","65.16125024203409","13.915572644865486","1.0773993263146053","36.18273563857003","2.62339580504947","2.62339580504947",
"758","NAVIGATE Demand-NPi-all","IMAGE 3.3","Final Energy|Residential and Commercial|Electricity","EJ/yr","[object Object]",2040,4.327447097778322,"2.62339580504947","2.62339580504947","2100","36.18273563857003","2593.924579174613","GW6","failed","medium","ok","ok","ok","ok","high","medium","high","ok","ok","ok",,"C6","C6: Below 3.0°C",,,"20.281499829056695","65.16125024203409","13.915572644865486","1.0773993263146053","36.18273563857003","2.62339580504947","2.62339580504947",
"758","NAVIGATE Demand-NPi-all","IMAGE 3.3","Final Energy|Residential and Commercial|Electricity","EJ/yr","[object Object]",2045,4.390429595947265,"2.62339580504947","2.62339580504947","2100","36.18273563857003","2593.924579174613","GW6","failed","medium","ok","ok","ok","ok","high","medium","high","ok","ok","ok",,"C6","C6: Below 3.0°C",,,"20.281499829056695","65.16125024203409","13.915572644865486","1.0773993263146053","36.18273563857003","2.62339580504947","2.62339580504947",
"758","NAVIGATE Demand-NPi-all","IMAGE 3.3","Final Energy|Residential and Commercial|Electricity","EJ/yr","[object Object]",2050,4.490260589599609,"2.62339580504947","2.62339580504947","2100","36.18273563857003","2593.924579174613","GW6","failed","medium","ok","ok","ok","ok","high","medium","high","ok","ok","ok",,"C6","C6: Below 3.0°C",,,"20.281499829056695","65.16125024203409","13.915572644865486","1.0773993263146053","36.18273563857003","2.62339580504947","2.62339580504947",
"758","NAVIGATE Demand-NPi-all","IMAGE 3.3","Final Energy|Residential and Commercial|Electricity","EJ/yr","[object Object]",2060,4.53436508178711,"2.62339580504947","2.62339580504947","2100","36.18273563857003","2593.924579174613","GW6","failed","medium","ok","ok","ok","ok","high","medium","high","ok","ok","ok",,"C6","C6: Below 3.0°C",,,"20.281499829056695","65.16125024203409","13.915572644865486","1.0773993263146053","36.18273563857003","2.62339580504947","2.62339580504947",
"758","NAVIGATE Demand-NPi-all","IMAGE 3.3","Final Energy|Residential and Commercial|Electricity","EJ/yr","[object Object]",2070,4.506328643798827,"2.62339580504947","2.62339580504947","2100","36.18273563857003","2593.924579174613","GW6","failed","medium","ok","ok","ok","ok","high","medium","high","ok","ok","ok",,"C6","C6: Below 3.0°C",,,"20.281499829056695","65.16125024203409","13.915572644865486","1.0773993263146053","36.18273563857003","2.62339580504947","2.62339580504947",
"758","NAVIGATE Demand-NPi-all","IMAGE 3.3","Final Energy|Residential and Commercial|Electricity","EJ/yr","[object Object]",2080,4.541501922607422,"2.62339580504947","2.62339580504947","2100","36.18273563857003","2593.924579174613","GW6","failed","medium","ok","ok","ok","ok","high","medium","high","ok","ok","ok",,"C6","C6: Below 3.0°C",,,"20.281499829056695","65.16125024203409","13.915572644865486","1.0773993263146053","36.18273563857003","2.62339580504947","2.62339580504947",
"758","NAVIGATE Demand-NPi-all","IMAGE 3.3","Final Energy|Residential and Commercial|Electricity","EJ/yr","[object Object]",2090,4.556112075805665,"2.62339580504947","2.62339580504947","2100","36.18273563857003","2593.924579174613","GW6","failed","medium","ok","ok","ok","ok","high","medium","high","ok","ok","ok",,"C6","C6: Below 3.0°C",,,"20.281499829056695","65.16125024203409","13.915572644865486","1.0773993263146053","36.18273563857003","2.62339580504947","2.62339580504947",
"758","NAVIGATE Demand-NPi-all","IMAGE 3.3","Final Energy|Residential and Commercial|Electricity","EJ/yr","[object Object]",2100,4.498393402099611,"2.62339580504947","2.62339580504947","2100","36.18273563857003","2593.924579174613","GW6","failed","medium","ok","ok","ok","ok","high","medium","high","ok","ok","ok",,"C6","C6: Below 3.0°C",,,"20.281499829056695","65.16125024203409","13.915572644865486","1.0773993263146053","36.18273563857003","2.62339580504947","2.62339580504947",
"759","NAVIGATE Demand-NPi-ele","IMAGE 3.3","Final Energy|Residential and Commercial|Electricity","EJ/yr","[object Object]",2010,6.230954376220703,"2.831344520570201","2.831344520570201","2100","52.54609850903204","3168.5203124625264","GW6","ok","medium","ok","ok","ok","ok","high","medium","high","ok","ok","medium",,"C6","C6: Below 3.0°C",,,"18.960039854583894","67.62199170968898","12.850114921086092","1.0784122108033642","52.54609850903204","2.831344520570201","2.831344520570201","0.002824694"
"759","NAVIGATE Demand-NPi-ele","IMAGE 3.3","Final Energy|Residential and Commercial|Electricity","EJ/yr","[object Object]",2015,6.5219716796875,"2.831344520570201","2.831344520570201","2100","52.54609850903204","3168.5203124625264","GW6","ok","medium","ok","ok","ok","ok","high","medium","high","ok","ok","medium",,"C6","C6: Below 3.0°C",,,"18.960039854583894","67.62199170968898","12.850114921086092","1.0784122108033642","52.54609850903204","2.831344520570201","2.831344520570201","0.002824694"
"759","NAVIGATE Demand-NPi-ele","IMAGE 3.3","Final Energy|Residential and Commercial|Electricity","EJ/yr","[object Object]",2020,6.02911053466797,"2.831344520570201","2.831344520570201","2100","52.54609850903204","3168.5203124625264","GW6","ok","medium","ok","ok","ok","ok","high","medium","high","ok","ok","medium",,"C6","C6: Below 3.0°C",,,"18.960039854583894","67.62199170968898","12.850114921086092","1.0784122108033642","52.54609850903204","2.831344520570201","2.831344520570201","0.002824694"
"759","NAVIGATE Demand-NPi-ele","IMAGE 3.3","Final Energy|Residential and Commercial|Electricity","EJ/yr","[object Object]",2025,6.014235092163086,"2.831344520570201","2.831344520570201","2100","52.54609850903204","3168.5203124625264","GW6","ok","medium","ok","ok","ok","ok","high","medium","high","ok","ok","medium",,"C6","C6: Below 3.0°C",,,"18.960039854583894","67.62199170968898","12.850114921086092","1.0784122108033642","52.54609850903204","2.831344520570201","2.831344520570201","0.002824694"
"759","NAVIGATE Demand-NPi-ele","IMAGE 3.3","Final Energy|Residential and Commercial|Electricity","EJ/yr","[object Object]",2030,5.618221969604493,"2.831344520570201","2.831344520570201","2100","52.54609850903204","3168.5203124625264","GW6","ok","medium","ok","ok","ok","ok","high","medium","high","ok","ok","medium",,"C6","C6: Below 3.0°C",,,"18.960039854583894","67.62199170968898","12.850114921086092","1.0784122108033642","52.54609850903204","2.831344520570201","2.831344520570201","0.002824694"
"759","NAVIGATE Demand-NPi-ele","IMAGE 3.3","Final Energy|Residential and Commercial|Electricity","EJ/yr","[object Object]",2035,5.643552612304687,"2.831344520570201","2.831344520570201","2100","52.54609850903204","3168.5203124625264","GW6","ok","medium","ok","ok","ok","ok","high","medium","high","ok","ok","medium",,"C6","C6: Below 3.0°C",,,"18.960039854583894","67.62199170968898","12.850114921086092","1.0784122108033642","52.54609850903204","2.831344520570201","2.831344520570201","0.002824694"
"759","NAVIGATE Demand-NPi-ele","IMAGE 3.3","Final Energy|Residential and Commercial|Electricity","EJ/yr","[object Object]",2040,5.936295852661133,"2.831344520570201","2.831344520570201","2100","52.54609850903204","3168.5203124625264","GW6","ok","medium","ok","ok","ok","ok","high","medium","high","ok","ok","medium",,"C6","C6: Below 3.0°C",,,"18.960039854583894","67.62199170968898","12.850114921086092","1.0784122108033642","52.54609850903204","2.831344520570201","2.831344520570201","0.002824694"
"759","NAVIGATE Demand-NPi-ele","IMAGE 3.3","Final Energy|Residential and Commercial|Electricity","EJ/yr","[object Object]",2045,6.189254852294923,"2.831344520570201","2.831344520570201","2100","52.54609850903204","3168.5203124625264","GW6","ok","medium","ok","ok","ok","ok","high","medium","high","ok","ok","medium",,"C6","C6: Below 3.0°C",,,"18.960039854583894","67.62199170968898","12.850114921086092","1.0784122108033642","52.54609850903204","2.831344520570201","2.831344520570201","0.002824694"
"759","NAVIGATE Demand-NPi-ele","IMAGE 3.3","Final Energy|Residential and Commercial|Electricity","EJ/yr","[object Object]",2050,6.459501770019531,"2.831344520570201","2.831344520570201","2100","52.54609850903204","3168.5203124625264","GW6","ok","medium","ok","ok","ok","ok","high","medium","high","ok","ok","medium",,"C6","C6: Below 3.0°C",,,"18.960039854583894","67.62199170968898","12.850114921086092","1.0784122108033642","52.54609850903204","2.831344520570201","2.831344520570201","0.002824694"
"759","NAVIGATE Demand-NPi-ele","IMAGE 3.3","Final Energy|Residential and Commercial|Electricity","EJ/yr","[object Object]",2060,6.656115386962891,"2.831344520570201","2.831344520570201","2100","52.54609850903204","3168.5203124625264","GW6","ok","medium","ok","ok","ok","ok","high","medium","high","ok","ok","medium",,"C6","C6: Below 3.0°C",,,"18.960039854583894","67.62199170968898","12.850114921086092","1.0784122108033642","52.54609850903204","2.831344520570201","2.831344520570201","0.002824694"
"759","NAVIGATE Demand-NPi-ele","IMAGE 3.3","Final Energy|Residential and Commercial|Electricity","EJ/yr","[object Object]",2070,6.813809204101563,"2.831344520570201","2.831344520570201","2100","52.54609850903204","3168.5203124625264","GW6","ok","medium","ok","ok","ok","ok","high","medium","high","ok","ok","medium",,"C6","C6: Below 3.0°C",,,"18.960039854583894","67.62199170968898","12.850114921086092","1.0784122108033642","52.54609850903204","2.831344520570201","2.831344520570201","0.002824694"
"759","NAVIGATE Demand-NPi-ele","IMAGE 3.3","Final Energy|Residential and Commercial|Electricity","EJ/yr","[object Object]",2080,6.890249755859375,"2.831344520570201","2.831344520570201","2100","52.54609850903204","3168.5203124625264","GW6","ok","medium","ok","ok","ok","ok","high","medium","high","ok","ok","medium",,"C6","C6: Below 3.0°C",,,"18.960039854583894","67.62199170968898","12.850114921086092","1.0784122108033642","52.54609850903204","2.831344520570201","2.831344520570201","0.002824694"
"759","NAVIGATE Demand-NPi-ele","IMAGE 3.3","Final Energy|Residential and Commercial|Electricity","EJ/yr","[object Object]",2090,6.773618896484376,"2.831344520570201","2.831344520570201","2100","52.54609850903204","3168.5203124625264","GW6","ok","medium","ok","ok","ok","ok","high","medium","high","ok","ok","medium",,"C6","C6: Below 3.0°C",,,"18.960039854583894","67.62199170968898","12.850114921086092","1.0784122108033642","52.54609850903204","2.831344520570201","2.831344520570201","0.002824694"
"759","NAVIGATE Demand-NPi-ele","IMAGE 3.3","Final Energy|Residential and Commercial|Electricity","EJ/yr","[object Object]",2100,6.762529113769531,"2.831344520570201","2.831344520570201","2100","52.54609850903204","3168.5203124625264","GW6","ok","medium","ok","ok","ok","ok","high","medium","high","ok","ok","medium",,"C6","C6: Below 3.0°C",,,"18.960039854583894","67.62199170968898","12.850114921086092","1.0784122108033642","52.54609850903204","2.831344520570201","2.831344520570201","0.002824694"
"761","NAVIGATE Demand-NPi-tec","IMAGE 3.3","Final Energy|Residential and Commercial|Electricity","EJ/yr","[object Object]",2010,6.231012664794923,"2.868144417018277","2.868144417018277","2100","30.622462437757953","3169.5118861930846","GW6","ok","medium","ok","ok","ok","ok","high","medium","high","ok","ok","ok",,"C6","C6: Below 3.0°C",,,"15.853753640027463","71.10197650168249","12.395604671838745","1.2955501381014187","30.622462437757953","2.868144417018277","2.868144417018277","0.002758862"
"761","NAVIGATE Demand-NPi-tec","IMAGE 3.3","Final Energy|Residential and Commercial|Electricity","EJ/yr","[object Object]",2015,6.522055389404297,"2.868144417018277","2.868144417018277","2100","30.622462437757953","3169.5118861930846","GW6","ok","medium","ok","ok","ok","ok","high","medium","high","ok","ok","ok",,"C6","C6: Below 3.0°C",,,"15.853753640027463","71.10197650168249","12.395604671838745","1.2955501381014187","30.622462437757953","2.868144417018277","2.868144417018277","0.002758862"
"761","NAVIGATE Demand-NPi-tec","IMAGE 3.3","Final Energy|Residential and Commercial|Electricity","EJ/yr","[object Object]",2020,6.027048599243164,"2.868144417018277","2.868144417018277","2100","30.622462437757953","3169.5118861930846","GW6","ok","medium","ok","ok","ok","ok","high","medium","high","ok","ok","ok",,"C6","C6: Below 3.0°C",,,"15.853753640027463","71.10197650168249","12.395604671838745","1.2955501381014187","30.622462437757953","2.868144417018277","2.868144417018277","0.002758862"
"761","NAVIGATE Demand-NPi-tec","IMAGE 3.3","Final Energy|Residential and Commercial|Electricity","EJ/yr","[object Object]",2025,5.963255218505859,"2.868144417018277","2.868144417018277","2100","30.622462437757953","3169.5118861930846","GW6","ok","medium","ok","ok","ok","ok","high","medium","high","ok","ok","ok",,"C6","C6: Below 3.0°C",,,"15.853753640027463","71.10197650168249","12.395604671838745","1.2955501381014187","30.622462437757953","2.868144417018277","2.868144417018277","0.002758862"
"761","NAVIGATE Demand-NPi-tec","IMAGE 3.3","Final Energy|Residential and Commercial|Electricity","EJ/yr","[object Object]",2030,5.441859649658203,"2.868144417018277","2.868144417018277","2100","30.622462437757953","3169.5118861930846","GW6","ok","medium","ok","ok","ok","ok","high","medium","high","ok","ok","ok",,"C6","C6: Below 3.0°C",,,"15.853753640027463","71.10197650168249","12.395604671838745","1.2955501381014187","30.622462437757953","2.868144417018277","2.868144417018277","0.002758862"
"761","NAVIGATE Demand-NPi-tec","IMAGE 3.3","Final Energy|Residential and Commercial|Electricity","EJ/yr","[object Object]",2035,5.281421951293945,"2.868144417018277","2.868144417018277","2100","30.622462437757953","3169.5118861930846","GW6","ok","medium","ok","ok","ok","ok","high","medium","high","ok","ok","ok",,"C6","C6: Below 3.0°C",,,"15.853753640027463","71.10197650168249","12.395604671838745","1.2955501381014187","30.622462437757953","2.868144417018277","2.868144417018277","0.002758862"
"761","NAVIGATE Demand-NPi-tec","IMAGE 3.3","Final Energy|Residential and Commercial|Electricity","EJ/yr","[object Object]",2040,5.38529249572754,"2.868144417018277","2.868144417018277","2100","30.622462437757953","3169.5118861930846","GW6","ok","medium","ok","ok","ok","ok","high","medium","high","ok","ok","ok",,"C6","C6: Below 3.0°C",,,"15.853753640027463","71.10197650168249","12.395604671838745","1.2955501381014187","30.622462437757953","2.868144417018277","2.868144417018277","0.002758862"
"761","NAVIGATE Demand-NPi-tec","IMAGE 3.3","Final Energy|Residential and Commercial|Electricity","EJ/yr","[object Object]",2045,5.473424957275391,"2.868144417018277","2.868144417018277","2100","30.622462437757953","3169.5118861930846","GW6","ok","medium","ok","ok","ok","ok","high","medium","high","ok","ok","ok",,"C6","C6: Below 3.0°C",,,"15.853753640027463","71.10197650168249","12.395604671838745","1.2955501381014187","30.622462437757953","2.868144417018277","2.868144417018277","0.002758862"
"761","NAVIGATE Demand-NPi-tec","IMAGE 3.3","Final Energy|Residential and Commercial|Electricity","EJ/yr","[object Object]",2050,5.572735870361329,"2.868144417018277","2.868144417018277","2100","30.622462437757953","3169.5118861930846","GW6","ok","medium","ok","ok","ok","ok","high","medium","high","ok","ok","ok",,"C6","C6: Below 3.0°C",,,"15.853753640027463","71.10197650168249","12.395604671838745","1.2955501381014187","30.622462437757953","2.868144417018277","2.868144417018277","0.002758862"
"761","NAVIGATE Demand-NPi-tec","IMAGE 3.3","Final Energy|Residential and Commercial|Electricity","EJ/yr","[object Object]",2060,5.670039306640625,"2.868144417018277","2.868144417018277","2100","30.622462437757953","3169.5118861930846","GW6","ok","medium","ok","ok","ok","ok","high","medium","high","ok","ok","ok",,"C6","C6: Below 3.0°C",,,"15.853753640027463","71.10197650168249","12.395604671838745","1.2955501381014187","30.622462437757953","2.868144417018277","2.868144417018277","0.002758862"
"761","NAVIGATE Demand-NPi-tec","IMAGE 3.3","Final Energy|Residential and Commercial|Electricity","EJ/yr","[object Object]",2070,5.755570739746094,"2.868144417018277","2.868144417018277","2100","30.622462437757953","3169.5118861930846","GW6","ok","medium","ok","ok","ok","ok","high","medium","high","ok","ok","ok",,"C6","C6: Below 3.0°C",,,"15.853753640027463","71.10197650168249","12.395604671838745","1.2955501381014187","30.622462437757953","2.868144417018277","2.868144417018277","0.002758862"
"761","NAVIGATE Demand-NPi-tec","IMAGE 3.3","Final Energy|Residential and Commercial|Electricity","EJ/yr","[object Object]",2080,5.883776916503907,"2.868144417018277","2.868144417018277","2100","30.622462437757953","3169.5118861930846","GW6","ok","medium","ok","ok","ok","ok","high","medium","high","ok","ok","ok",,"C6","C6: Below 3.0°C",,,"15.853753640027463","71.10197650168249","12.395604671838745","1.2955501381014187","30.622462437757953","2.868144417018277","2.868144417018277","0.002758862"
"761","NAVIGATE Demand-NPi-tec","IMAGE 3.3","Final Energy|Residential and Commercial|Electricity","EJ/yr","[object Object]",2090,5.958259460449219,"2.868144417018277","2.868144417018277","2100","30.622462437757953","3169.5118861930846","GW6","ok","medium","ok","ok","ok","ok","high","medium","high","ok","ok","ok",,"C6","C6: Below 3.0°C",,,"15.853753640027463","71.10197650168249","12.395604671838745","1.2955501381014187","30.622462437757953","2.868144417018277","2.868144417018277","0.002758862"
"761","NAVIGATE Demand-NPi-tec","IMAGE 3.3","Final Energy|Residential and Commercial|Electricity","EJ/yr","[object Object]",2100,5.946253387451172,"2.868144417018277","2.868144417018277","2100","30.622462437757953","3169.5118861930846","GW6","ok","medium","ok","ok","ok","ok","high","medium","high","ok","ok","ok",,"C6","C6: Below 3.0°C",,,"15.853753640027463","71.10197650168249","12.395604671838745","1.2955501381014187","30.622462437757953","2.868144417018277","2.868144417018277","0.002758862"
"794","NAVIGATE Demand-NPi-all","WITCH 5.0","Final Energy|Residential and Commercial|Electricity","EJ/yr","[object Object]",2010,6.43298014248,"2.727707359434393","2.727707359434393","2100","10.052281092172704","2017.336089490066","GW6","ok","medium","ok","ok","ok","ok","high","medium","medium","ok","ok","ok",,"C6","C6: Below 3.0°C",,,"44.43544187179627","44.7856172987589","5.988820346052341","-0.28059176800823593","10.052281092172704","2.727707359434393","2.727707359434393","0.003416964"
"794","NAVIGATE Demand-NPi-all","WITCH 5.0","Final Energy|Residential and Commercial|Electricity","EJ/yr","[object Object]",2015,6.380132032615,"2.727707359434393","2.727707359434393","2100","10.052281092172704","2017.336089490066","GW6","ok","medium","ok","ok","ok","ok","high","medium","medium","ok","ok","ok",,"C6","C6: Below 3.0°C",,,"44.43544187179627","44.7856172987589","5.988820346052341","-0.28059176800823593","10.052281092172704","2.727707359434393","2.727707359434393","0.003416964"
"794","NAVIGATE Demand-NPi-all","WITCH 5.0","Final Energy|Residential and Commercial|Electricity","EJ/yr","[object Object]",2020,6.81393776933239,"2.727707359434393","2.727707359434393","2100","10.052281092172704","2017.336089490066","GW6","ok","medium","ok","ok","ok","ok","high","medium","medium","ok","ok","ok",,"C6","C6: Below 3.0°C",,,"44.43544187179627","44.7856172987589","5.988820346052341","-0.28059176800823593","10.052281092172704","2.727707359434393","2.727707359434393","0.003416964"
"794","NAVIGATE Demand-NPi-all","WITCH 5.0","Final Energy|Residential and Commercial|Electricity","EJ/yr","[object Object]",2025,7.51213087229314,"2.727707359434393","2.727707359434393","2100","10.052281092172704","2017.336089490066","GW6","ok","medium","ok","ok","ok","ok","high","medium","medium","ok","ok","ok",,"C6","C6: Below 3.0°C",,,"44.43544187179627","44.7856172987589","5.988820346052341","-0.28059176800823593","10.052281092172704","2.727707359434393","2.727707359434393","0.003416964"
"794","NAVIGATE Demand-NPi-all","WITCH 5.0","Final Energy|Residential and Commercial|Electricity","EJ/yr","[object Object]",2030,7.673673614787,"2.727707359434393","2.727707359434393","2100","10.052281092172704","2017.336089490066","GW6","ok","medium","ok","ok","ok","ok","high","medium","medium","ok","ok","ok",,"C6","C6: Below 3.0°C",,,"44.43544187179627","44.7856172987589","5.988820346052341","-0.28059176800823593","10.052281092172704","2.727707359434393","2.727707359434393","0.003416964"
"794","NAVIGATE Demand-NPi-all","WITCH 5.0","Final Energy|Residential and Commercial|Electricity","EJ/yr","[object Object]",2035,7.99335401140485,"2.727707359434393","2.727707359434393","2100","10.052281092172704","2017.336089490066","GW6","ok","medium","ok","ok","ok","ok","high","medium","medium","ok","ok","ok",,"C6","C6: Below 3.0°C",,,"44.43544187179627","44.7856172987589","5.988820346052341","-0.28059176800823593","10.052281092172704","2.727707359434393","2.727707359434393","0.003416964"
"794","NAVIGATE Demand-NPi-all","WITCH 5.0","Final Energy|Residential and Commercial|Electricity","EJ/yr","[object Object]",2040,7.57747658479049,"2.727707359434393","2.727707359434393","2100","10.052281092172704","2017.336089490066","GW6","ok","medium","ok","ok","ok","ok","high","medium","medium","ok","ok","ok",,"C6","C6: Below 3.0°C",,,"44.43544187179627","44.7856172987589","5.988820346052341","-0.28059176800823593","10.052281092172704","2.727707359434393","2.727707359434393","0.003416964"
"794","NAVIGATE Demand-NPi-all","WITCH 5.0","Final Energy|Residential and Commercial|Electricity","EJ/yr","[object Object]",2045,7.25569437273138,"2.727707359434393","2.727707359434393","2100","10.052281092172704","2017.336089490066","GW6","ok","medium","ok","ok","ok","ok","high","medium","medium","ok","ok","ok",,"C6","C6: Below 3.0°C",,,"44.43544187179627","44.7856172987589","5.988820346052341","-0.28059176800823593","10.052281092172704","2.727707359434393","2.727707359434393","0.003416964"
"794","NAVIGATE Demand-NPi-all","WITCH 5.0","Final Energy|Residential and Commercial|Electricity","EJ/yr","[object Object]",2050,7.05351586895522,"2.727707359434393","2.727707359434393","2100","10.052281092172704","2017.336089490066","GW6","ok","medium","ok","ok","ok","ok","high","medium","medium","ok","ok","ok",,"C6","C6: Below 3.0°C",,,"44.43544187179627","44.7856172987589","5.988820346052341","-0.28059176800823593","10.052281092172704","2.727707359434393","2.727707359434393","0.003416964"
"794","NAVIGATE Demand-NPi-all","WITCH 5.0","Final Energy|Residential and Commercial|Electricity","EJ/yr","[object Object]",2055,6.99688183799178,"2.727707359434393","2.727707359434393","2100","10.052281092172704","2017.336089490066","GW6","ok","medium","ok","ok","ok","ok","high","medium","medium","ok","ok","ok",,"C6","C6: Below 3.0°C",,,"44.43544187179627","44.7856172987589","5.988820346052341","-0.28059176800823593","10.052281092172704","2.727707359434393","2.727707359434393","0.003416964"
"794","NAVIGATE Demand-NPi-all","WITCH 5.0","Final Energy|Residential and Commercial|Electricity","EJ/yr","[object Object]",2060,7.0523705911416,"2.727707359434393","2.727707359434393","2100","10.052281092172704","2017.336089490066","GW6","ok","medium","ok","ok","ok","ok","high","medium","medium","ok","ok","ok",,"C6","C6: Below 3.0°C",,,"44.43544187179627","44.7856172987589","5.988820346052341","-0.28059176800823593","10.052281092172704","2.727707359434393","2.727707359434393","0.003416964"
"794","NAVIGATE Demand-NPi-all","WITCH 5.0","Final Energy|Residential and Commercial|Electricity","EJ/yr","[object Object]",2065,7.17067367991664,"2.727707359434393","2.727707359434393","2100","10.052281092172704","2017.336089490066","GW6","ok","medium","ok","ok","ok","ok","high","medium","medium","ok","ok","ok",,"C6","C6: Below 3.0°C",,,"44.43544187179627","44.7856172987589","5.988820346052341","-0.28059176800823593","10.052281092172704","2.727707359434393","2.727707359434393","0.003416964"
"794","NAVIGATE Demand-NPi-all","WITCH 5.0","Final Energy|Residential and Commercial|Electricity","EJ/yr","[object Object]",2070,7.33068435867682,"2.727707359434393","2.727707359434393","2100","10.052281092172704","2017.336089490066","GW6","ok","medium","ok","ok","ok","ok","high","medium","medium","ok","ok","ok",,"C6","C6: Below 3.0°C",,,"44.43544187179627","44.7856172987589","5.988820346052341","-0.28059176800823593","10.052281092172704","2.727707359434393","2.727707359434393","0.003416964"
"794","NAVIGATE Demand-NPi-all","WITCH 5.0","Final Energy|Residential and Commercial|Electricity","EJ/yr","[object Object]",2075,7.57479285647906,"2.727707359434393","2.727707359434393","2100","10.052281092172704","2017.336089490066","GW6","ok","medium","ok","ok","ok","ok","high","medium","medium","ok","ok","ok",,"C6","C6: Below 3.0°C",,,"44.43544187179627","44.7856172987589","5.988820346052341","-0.28059176800823593","10.052281092172704","2.727707359434393","2.727707359434393","0.003416964"
"794","NAVIGATE Demand-NPi-all","WITCH 5.0","Final Energy|Residential and Commercial|Electricity","EJ/yr","[object Object]",2080,7.75595691768264,"2.727707359434393","2.727707359434393","2100","10.052281092172704","2017.336089490066","GW6","ok","medium","ok","ok","ok","ok","high","medium","medium","ok","ok","ok",,"C6","C6: Below 3.0°C",,,"44.43544187179627","44.7856172987589","5.988820346052341","-0.28059176800823593","10.052281092172704","2.727707359434393","2.727707359434393","0.003416964"
"794","NAVIGATE Demand-NPi-all","WITCH 5.0","Final Energy|Residential and Commercial|Electricity","EJ/yr","[object Object]",2085,7.92712151340306,"2.727707359434393","2.727707359434393","2100","10.052281092172704","2017.336089490066","GW6","ok","medium","ok","ok","ok","ok","high","medium","medium","ok","ok","ok",,"C6","C6: Below 3.0°C",,,"44.43544187179627","44.7856172987589","5.988820346052341","-0.28059176800823593","10.052281092172704","2.727707359434393","2.727707359434393","0.003416964"
"794","NAVIGATE Demand-NPi-all","WITCH 5.0","Final Energy|Residential and Commercial|Electricity","EJ/yr","[object Object]",2090,8.0867310374124,"2.727707359434393","2.727707359434393","2100","10.052281092172704","2017.336089490066","GW6","ok","medium","ok","ok","ok","ok","high","medium","medium","ok","ok","ok",,"C6","C6: Below 3.0°C",,,"44.43544187179627","44.7856172987589","5.988820346052341","-0.28059176800823593","10.052281092172704","2.727707359434393","2.727707359434393","0.003416964"
"794","NAVIGATE Demand-NPi-all","WITCH 5.0","Final Energy|Residential and Commercial|Electricity","EJ/yr","[object Object]",2095,8.23318277001354,"2.727707359434393","2.727707359434393","2100","10.052281092172704","2017.336089490066","GW6","ok","medium","ok","ok","ok","ok","high","medium","medium","ok","ok","ok",,"C6","C6: Below 3.0°C",,,"44.43544187179627","44.7856172987589","5.988820346052341","-0.28059176800823593","10.052281092172704","2.727707359434393","2.727707359434393","0.003416964"
"794","NAVIGATE Demand-NPi-all","WITCH 5.0","Final Energy|Residential and Commercial|Electricity","EJ/yr","[object Object]",2100,8.36494010842443,"2.727707359434393","2.727707359434393","2100","10.052281092172704","2017.336089490066","GW6","ok","medium","ok","ok","ok","ok","high","medium","medium","ok","ok","ok",,"C6","C6: Below 3.0°C",,,"44.43544187179627","44.7856172987589","5.988820346052341","-0.28059176800823593","10.052281092172704","2.727707359434393","2.727707359434393","0.003416964"
"795","NAVIGATE Demand-NPi-ele","WITCH 5.0","Final Energy|Residential and Commercial|Electricity","EJ/yr","[object Object]",2010,6.43298014248,"2.797529819108099","2.797529819108099","2100","8.376550233141373","2139.2555463655012","GW6","ok","medium","ok","ok","ok","medium","high","ok","ok","ok","ok","ok",,"C6","C6: Below 3.0°C",,,"52.95197370092502","38.11978988747878","4.637775521089872","-0.21914447193400122","8.376550233141373","2.797529819108099","2.797529819108099","0.003395771"
"795","NAVIGATE Demand-NPi-ele","WITCH 5.0","Final Energy|Residential and Commercial|Electricity","EJ/yr","[object Object]",2015,6.380132032615,"2.797529819108099","2.797529819108099","2100","8.376550233141373","2139.2555463655012","GW6","ok","medium","ok","ok","ok","medium","high","ok","ok","ok","ok","ok",,"C6","C6: Below 3.0°C",,,"52.95197370092502","38.11978988747878","4.637775521089872","-0.21914447193400122","8.376550233141373","2.797529819108099","2.797529819108099","0.003395771"
"795","NAVIGATE Demand-NPi-ele","WITCH 5.0","Final Energy|Residential and Commercial|Electricity","EJ/yr","[object Object]",2020,6.78697592116171,"2.797529819108099","2.797529819108099","2100","8.376550233141373","2139.2555463655012","GW6","ok","medium","ok","ok","ok","medium","high","ok","ok","ok","ok","ok",,"C6","C6: Below 3.0°C",,,"52.95197370092502","38.11978988747878","4.637775521089872","-0.21914447193400122","8.376550233141373","2.797529819108099","2.797529819108099","0.003395771"
"795","NAVIGATE Demand-NPi-ele","WITCH 5.0","Final Energy|Residential and Commercial|Electricity","EJ/yr","[object Object]",2025,8.21125209941947,"2.797529819108099","2.797529819108099","2100","8.376550233141373","2139.2555463655012","GW6","ok","medium","ok","ok","ok","medium","high","ok","ok","ok","ok","ok",,"C6","C6: Below 3.0°C",,,"52.95197370092502","38.11978988747878","4.637775521089872","-0.21914447193400122","8.376550233141373","2.797529819108099","2.797529819108099","0.003395771"
"795","NAVIGATE Demand-NPi-ele","WITCH 5.0","Final Energy|Residential and Commercial|Electricity","EJ/yr","[object Object]",2030,9.4168217562854,"2.797529819108099","2.797529819108099","2100","8.376550233141373","2139.2555463655012","GW6","ok","medium","ok","ok","ok","medium","high","ok","ok","ok","ok","ok",,"C6","C6: Below 3.0°C",,,"52.95197370092502","38.11978988747878","4.637775521089872","-0.21914447193400122","8.376550233141373","2.797529819108099","2.797529819108099","0.003395771"
"795","NAVIGATE Demand-NPi-ele","WITCH 5.0","Final Energy|Residential and Commercial|Electricity","EJ/yr","[object Object]",2035,9.894140493100121,"2.797529819108099","2.797529819108099","2100","8.376550233141373","2139.2555463655012","GW6","ok","medium","ok","ok","ok","medium","high","ok","ok","ok","ok","ok",,"C6","C6: Below 3.0°C",,,"52.95197370092502","38.11978988747878","4.637775521089872","-0.21914447193400122","8.376550233141373","2.797529819108099","2.797529819108099","0.003395771"
"795","NAVIGATE Demand-NPi-ele","WITCH 5.0","Final Energy|Residential and Commercial|Electricity","EJ/yr","[object Object]",2040,10.0889036977827,"2.797529819108099","2.797529819108099","2100","8.376550233141373","2139.2555463655012","GW6","ok","medium","ok","ok","ok","medium","high","ok","ok","ok","ok","ok",,"C6","C6: Below 3.0°C",,,"52.95197370092502","38.11978988747878","4.637775521089872","-0.21914447193400122","8.376550233141373","2.797529819108099","2.797529819108099","0.003395771"
"795","NAVIGATE Demand-NPi-ele","WITCH 5.0","Final Energy|Residential and Commercial|Electricity","EJ/yr","[object Object]",2045,10.1349307345268,"2.797529819108099","2.797529819108099","2100","8.376550233141373","2139.2555463655012","GW6","ok","medium","ok","ok","ok","medium","high","ok","ok","ok","ok","ok",,"C6","C6: Below 3.0°C",,,"52.95197370092502","38.11978988747878","4.637775521089872","-0.21914447193400122","8.376550233141373","2.797529819108099","2.797529819108099","0.003395771"
"795","NAVIGATE Demand-NPi-ele","WITCH 5.0","Final Energy|Residential and Commercial|Electricity","EJ/yr","[object Object]",2050,10.1561081791073,"2.797529819108099","2.797529819108099","2100","8.376550233141373","2139.2555463655012","GW6","ok","medium","ok","ok","ok","medium","high","ok","ok","ok","ok","ok",,"C6","C6: Below 3.0°C",,,"52.95197370092502","38.11978988747878","4.637775521089872","-0.21914447193400122","8.376550233141373","2.797529819108099","2.797529819108099","0.003395771"
"795","NAVIGATE Demand-NPi-ele","WITCH 5.0","Final Energy|Residential and Commercial|Electricity","EJ/yr","[object Object]",2055,10.2579979752422,"2.797529819108099","2.797529819108099","2100","8.376550233141373","2139.2555463655012","GW6","ok","medium","ok","ok","ok","medium","high","ok","ok","ok","ok","ok",,"C6","C6: Below 3.0°C",,,"52.95197370092502","38.11978988747878","4.637775521089872","-0.21914447193400122","8.376550233141373","2.797529819108099","2.797529819108099","0.003395771"
"795","NAVIGATE Demand-NPi-ele","WITCH 5.0","Final Energy|Residential and Commercial|Electricity","EJ/yr","[object Object]",2060,10.4502716826441,"2.797529819108099","2.797529819108099","2100","8.376550233141373","2139.2555463655012","GW6","ok","medium","ok","ok","ok","medium","high","ok","ok","ok","ok","ok",,"C6","C6: Below 3.0°C",,,"52.95197370092502","38.11978988747878","4.637775521089872","-0.21914447193400122","8.376550233141373","2.797529819108099","2.797529819108099","0.003395771"
"795","NAVIGATE Demand-NPi-ele","WITCH 5.0","Final Energy|Residential and Commercial|Electricity","EJ/yr","[object Object]",2065,10.7111123921936,"2.797529819108099","2.797529819108099","2100","8.376550233141373","2139.2555463655012","GW6","ok","medium","ok","ok","ok","medium","high","ok","ok","ok","ok","ok",,"C6","C6: Below 3.0°C",,,"52.95197370092502","38.11978988747878","4.637775521089872","-0.21914447193400122","8.376550233141373","2.797529819108099","2.797529819108099","0.003395771"
"795","NAVIGATE Demand-NPi-ele","WITCH 5.0","Final Energy|Residential and Commercial|Electricity","EJ/yr","[object Object]",2070,11.0342345695117,"2.797529819108099","2.797529819108099","2100","8.376550233141373","2139.2555463655012","GW6","ok","medium","ok","ok","ok","medium","high","ok","ok","ok","ok","ok",,"C6","C6: Below 3.0°C",,,"52.95197370092502","38.11978988747878","4.637775521089872","-0.21914447193400122","8.376550233141373","2.797529819108099","2.797529819108099","0.003395771"
"795","NAVIGATE Demand-NPi-ele","WITCH 5.0","Final Energy|Residential and Commercial|Electricity","EJ/yr","[object Object]",2075,11.4332223294975,"2.797529819108099","2.797529819108099","2100","8.376550233141373","2139.2555463655012","GW6","ok","medium","ok","ok","ok","medium","high","ok","ok","ok","ok","ok",,"C6","C6: Below 3.0°C",,,"52.95197370092502","38.11978988747878","4.637775521089872","-0.21914447193400122","8.376550233141373","2.797529819108099","2.797529819108099","0.003395771"
"795","NAVIGATE Demand-NPi-ele","WITCH 5.0","Final Energy|Residential and Commercial|Electricity","EJ/yr","[object Object]",2080,11.8275449025003,"2.797529819108099","2.797529819108099","2100","8.376550233141373","2139.2555463655012","GW6","ok","medium","ok","ok","ok","medium","high","ok","ok","ok","ok","ok",,"C6","C6: Below 3.0°C",,,"52.95197370092502","38.11978988747878","4.637775521089872","-0.21914447193400122","8.376550233141373","2.797529819108099","2.797529819108099","0.003395771"
"795","NAVIGATE Demand-NPi-ele","WITCH 5.0","Final Energy|Residential and Commercial|Electricity","EJ/yr","[object Object]",2085,12.1434325076423,"2.797529819108099","2.797529819108099","2100","8.376550233141373","2139.2555463655012","GW6","ok","medium","ok","ok","ok","medium","high","ok","ok","ok","ok","ok",,"C6","C6: Below 3.0°C",,,"52.95197370092502","38.11978988747878","4.637775521089872","-0.21914447193400122","8.376550233141373","2.797529819108099","2.797529819108099","0.003395771"
"795","NAVIGATE Demand-NPi-ele","WITCH 5.0","Final Energy|Residential and Commercial|Electricity","EJ/yr","[object Object]",2090,12.4488387118557,"2.797529819108099","2.797529819108099","2100","8.376550233141373","2139.2555463655012","GW6","ok","medium","ok","ok","ok","medium","high","ok","ok","ok","ok","ok",,"C6","C6: Below 3.0°C",,,"52.95197370092502","38.11978988747878","4.637775521089872","-0.21914447193400122","8.376550233141373","2.797529819108099","2.797529819108099","0.003395771"
"795","NAVIGATE Demand-NPi-ele","WITCH 5.0","Final Energy|Residential and Commercial|Electricity","EJ/yr","[object Object]",2095,12.7391305513107,"2.797529819108099","2.797529819108099","2100","8.376550233141373","2139.2555463655012","GW6","ok","medium","ok","ok","ok","medium","high","ok","ok","ok","ok","ok",,"C6","C6: Below 3.0°C",,,"52.95197370092502","38.11978988747878","4.637775521089872","-0.21914447193400122","8.376550233141373","2.797529819108099","2.797529819108099","0.003395771"
"795","NAVIGATE Demand-NPi-ele","WITCH 5.0","Final Energy|Residential and Commercial|Electricity","EJ/yr","[object Object]",2100,12.9205094626238,"2.797529819108099","2.797529819108099","2100","8.376550233141373","2139.2555463655012","GW6","ok","medium","ok","ok","ok","medium","high","ok","ok","ok","ok","ok",,"C6","C6: Below 3.0°C",,,"52.95197370092502","38.11978988747878","4.637775521089872","-0.21914447193400122","8.376550233141373","2.797529819108099","2.797529819108099","0.003395771"
"864","CEMICS-SSP1-Npi","REMIND-MAgPIE 2.1-4.2","Final Energy|Residential and Commercial|Electricity","EJ/yr","[object Object]",2010,6.2471,"2.569208413929104","2.569208413929104","2100","0.6706729","2363.2941204000003","GW6","failed","medium","ok","ok","medium","medium",,"medium","medium","ok",,"medium","true","C6","C6: Below 3.0°C","REMIND-MAgPIE 2.1-4.2","CEMICS_SSP1-Npi","25.251981508077836","56.02290173313323","18.393734967776947","-2.719085609198558","0.6706729","2.569208413929104","2.569208413929104",
"864","CEMICS-SSP1-Npi","REMIND-MAgPIE 2.1-4.2","Final Energy|Residential and Commercial|Electricity","EJ/yr","[object Object]",2015,5.8272,"2.569208413929104","2.569208413929104","2100","0.6706729","2363.2941204000003","GW6","failed","medium","ok","ok","medium","medium",,"medium","medium","ok",,"medium","true","C6","C6: Below 3.0°C","REMIND-MAgPIE 2.1-4.2","CEMICS_SSP1-Npi","25.251981508077836","56.02290173313323","18.393734967776947","-2.719085609198558","0.6706729","2.569208413929104","2.569208413929104",
"864","CEMICS-SSP1-Npi","REMIND-MAgPIE 2.1-4.2","Final Energy|Residential and Commercial|Electricity","EJ/yr","[object Object]",2020,6.385,"2.569208413929104","2.569208413929104","2100","0.6706729","2363.2941204000003","GW6","failed","medium","ok","ok","medium","medium",,"medium","medium","ok",,"medium","true","C6","C6: Below 3.0°C","REMIND-MAgPIE 2.1-4.2","CEMICS_SSP1-Npi","25.251981508077836","56.02290173313323","18.393734967776947","-2.719085609198558","0.6706729","2.569208413929104","2.569208413929104",
"864","CEMICS-SSP1-Npi","REMIND-MAgPIE 2.1-4.2","Final Energy|Residential and Commercial|Electricity","EJ/yr","[object Object]",2025,6.8404,"2.569208413929104","2.569208413929104","2100","0.6706729","2363.2941204000003","GW6","failed","medium","ok","ok","medium","medium",,"medium","medium","ok",,"medium","true","C6","C6: Below 3.0°C","REMIND-MAgPIE 2.1-4.2","CEMICS_SSP1-Npi","25.251981508077836","56.02290173313323","18.393734967776947","-2.719085609198558","0.6706729","2.569208413929104","2.569208413929104",
"864","CEMICS-SSP1-Npi","REMIND-MAgPIE 2.1-4.2","Final Energy|Residential and Commercial|Electricity","EJ/yr","[object Object]",2030,7.0704,"2.569208413929104","2.569208413929104","2100","0.6706729","2363.2941204000003","GW6","failed","medium","ok","ok","medium","medium",,"medium","medium","ok",,"medium","true","C6","C6: Below 3.0°C","REMIND-MAgPIE 2.1-4.2","CEMICS_SSP1-Npi","25.251981508077836","56.02290173313323","18.393734967776947","-2.719085609198558","0.6706729","2.569208413929104","2.569208413929104",
"864","CEMICS-SSP1-Npi","REMIND-MAgPIE 2.1-4.2","Final Energy|Residential and Commercial|Electricity","EJ/yr","[object Object]",2035,7.0846,"2.569208413929104","2.569208413929104","2100","0.6706729","2363.2941204000003","GW6","failed","medium","ok","ok","medium","medium",,"medium","medium","ok",,"medium","true","C6","C6: Below 3.0°C","REMIND-MAgPIE 2.1-4.2","CEMICS_SSP1-Npi","25.251981508077836","56.02290173313323","18.393734967776947","-2.719085609198558","0.6706729","2.569208413929104","2.569208413929104",
"864","CEMICS-SSP1-Npi","REMIND-MAgPIE 2.1-4.2","Final Energy|Residential and Commercial|Electricity","EJ/yr","[object Object]",2040,6.6958,"2.569208413929104","2.569208413929104","2100","0.6706729","2363.2941204000003","GW6","failed","medium","ok","ok","medium","medium",,"medium","medium","ok",,"medium","true","C6","C6: Below 3.0°C","REMIND-MAgPIE 2.1-4.2","CEMICS_SSP1-Npi","25.251981508077836","56.02290173313323","18.393734967776947","-2.719085609198558","0.6706729","2.569208413929104","2.569208413929104",
"864","CEMICS-SSP1-Npi","REMIND-MAgPIE 2.1-4.2","Final Energy|Residential and Commercial|Electricity","EJ/yr","[object Object]",2045,6.1982,"2.569208413929104","2.569208413929104","2100","0.6706729","2363.2941204000003","GW6","failed","medium","ok","ok","medium","medium",,"medium","medium","ok",,"medium","true","C6","C6: Below 3.0°C","REMIND-MAgPIE 2.1-4.2","CEMICS_SSP1-Npi","25.251981508077836","56.02290173313323","18.393734967776947","-2.719085609198558","0.6706729","2.569208413929104","2.569208413929104",
"864","CEMICS-SSP1-Npi","REMIND-MAgPIE 2.1-4.2","Final Energy|Residential and Commercial|Electricity","EJ/yr","[object Object]",2050,5.7611,"2.569208413929104","2.569208413929104","2100","0.6706729","2363.2941204000003","GW6","failed","medium","ok","ok","medium","medium",,"medium","medium","ok",,"medium","true","C6","C6: Below 3.0°C","REMIND-MAgPIE 2.1-4.2","CEMICS_SSP1-Npi","25.251981508077836","56.02290173313323","18.393734967776947","-2.719085609198558","0.6706729","2.569208413929104","2.569208413929104",
"864","CEMICS-SSP1-Npi","REMIND-MAgPIE 2.1-4.2","Final Energy|Residential and Commercial|Electricity","EJ/yr","[object Object]",2055,5.4162,"2.569208413929104","2.569208413929104","2100","0.6706729","2363.2941204000003","GW6","failed","medium","ok","ok","medium","medium",,"medium","medium","ok",,"medium","true","C6","C6: Below 3.0°C","REMIND-MAgPIE 2.1-4.2","CEMICS_SSP1-Npi","25.251981508077836","56.02290173313323","18.393734967776947","-2.719085609198558","0.6706729","2.569208413929104","2.569208413929104",
"864","CEMICS-SSP1-Npi","REMIND-MAgPIE 2.1-4.2","Final Energy|Residential and Commercial|Electricity","EJ/yr","[object Object]",2060,5.2463,"2.569208413929104","2.569208413929104","2100","0.6706729","2363.2941204000003","GW6","failed","medium","ok","ok","medium","medium",,"medium","medium","ok",,"medium","true","C6","C6: Below 3.0°C","REMIND-MAgPIE 2.1-4.2","CEMICS_SSP1-Npi","25.251981508077836","56.02290173313323","18.393734967776947","-2.719085609198558","0.6706729","2.569208413929104","2.569208413929104",
"864","CEMICS-SSP1-Npi","REMIND-MAgPIE 2.1-4.2","Final Energy|Residential and Commercial|Electricity","EJ/yr","[object Object]",2070,5.3179,"2.569208413929104","2.569208413929104","2100","0.6706729","2363.2941204000003","GW6","failed","medium","ok","ok","medium","medium",,"medium","medium","ok",,"medium","true","C6","C6: Below 3.0°C","REMIND-MAgPIE 2.1-4.2","CEMICS_SSP1-Npi","25.251981508077836","56.02290173313323","18.393734967776947","-2.719085609198558","0.6706729","2.569208413929104","2.569208413929104",
"864","CEMICS-SSP1-Npi","REMIND-MAgPIE 2.1-4.2","Final Energy|Residential and Commercial|Electricity","EJ/yr","[object Object]",2080,5.4916,"2.569208413929104","2.569208413929104","2100","0.6706729","2363.2941204000003","GW6","failed","medium","ok","ok","medium","medium",,"medium","medium","ok",,"medium","true","C6","C6: Below 3.0°C","REMIND-MAgPIE 2.1-4.2","CEMICS_SSP1-Npi","25.251981508077836","56.02290173313323","18.393734967776947","-2.719085609198558","0.6706729","2.569208413929104","2.569208413929104",
"864","CEMICS-SSP1-Npi","REMIND-MAgPIE 2.1-4.2","Final Energy|Residential and Commercial|Electricity","EJ/yr","[object Object]",2090,5.5636,"2.569208413929104","2.569208413929104","2100","0.6706729","2363.2941204000003","GW6","failed","medium","ok","ok","medium","medium",,"medium","medium","ok",,"medium","true","C6","C6: Below 3.0°C","REMIND-MAgPIE 2.1-4.2","CEMICS_SSP1-Npi","25.251981508077836","56.02290173313323","18.393734967776947","-2.719085609198558","0.6706729","2.569208413929104","2.569208413929104",
"864","CEMICS-SSP1-Npi","REMIND-MAgPIE 2.1-4.2","Final Energy|Residential and Commercial|Electricity","EJ/yr","[object Object]",2100,5.6251,"2.569208413929104","2.569208413929104","2100","0.6706729","2363.2941204000003","GW6","failed","medium","ok","ok","medium","medium",,"medium","medium","ok",,"medium","true","C6","C6: Below 3.0°C","REMIND-MAgPIE 2.1-4.2","CEMICS_SSP1-Npi","25.251981508077836","56.02290173313323","18.393734967776947","-2.719085609198558","0.6706729","2.569208413929104","2.569208413929104",
"876","COMMIT-Current-Policies","COFFEE 1.1","Final Energy|Residential and Commercial|Electricity","EJ/yr","[object Object]",2010,6.483391631999999,"2.941042871213708","2.941042871213708","2100","0","3512.2469252698506","GW6","failed","medium","ok","ok","ok","medium","high","high","high","ok",,"ok","true","C6","C6: Below 3.0°C","COFFEE 1.1","CO_CurPol","11.743260144694316","78.36568664457818","5.854966198582604","-2.815014262853225","0","2.941042871213708","2.941042871213708",
"876","COMMIT-Current-Policies","COFFEE 1.1","Final Energy|Residential and Commercial|Electricity","EJ/yr","[object Object]",2015,6.3393257232,"2.941042871213708","2.941042871213708","2100","0","3512.2469252698506","GW6","failed","medium","ok","ok","ok","medium","high","high","high","ok",,"ok","true","C6","C6: Below 3.0°C","COFFEE 1.1","CO_CurPol","11.743260144694316","78.36568664457818","5.854966198582604","-2.815014262853225","0","2.941042871213708","2.941042871213708",
"876","COMMIT-Current-Policies","COFFEE 1.1","Final Energy|Residential and Commercial|Electricity","EJ/yr","[object Object]",2020,6.8413189248,"2.941042871213708","2.941042871213708","2100","0","3512.2469252698506","GW6","failed","medium","ok","ok","ok","medium","high","high","high","ok",,"ok","true","C6","C6: Below 3.0°C","COFFEE 1.1","CO_CurPol","11.743260144694316","78.36568664457818","5.854966198582604","-2.815014262853225","0","2.941042871213708","2.941042871213708",
"876","COMMIT-Current-Policies","COFFEE 1.1","Final Energy|Residential and Commercial|Electricity","EJ/yr","[object Object]",2025,8.059264473599999,"2.941042871213708","2.941042871213708","2100","0","3512.2469252698506","GW6","failed","medium","ok","ok","ok","medium","high","high","high","ok",,"ok","true","C6","C6: Below 3.0°C","COFFEE 1.1","CO_CurPol","11.743260144694316","78.36568664457818","5.854966198582604","-2.815014262853225","0","2.941042871213708","2.941042871213708",
"876","COMMIT-Current-Policies","COFFEE 1.1","Final Energy|Residential and Commercial|Electricity","EJ/yr","[object Object]",2030,8.871161947200001,"2.941042871213708","2.941042871213708","2100","0","3512.2469252698506","GW6","failed","medium","ok","ok","ok","medium","high","high","high","ok",,"ok","true","C6","C6: Below 3.0°C","COFFEE 1.1","CO_CurPol","11.743260144694316","78.36568664457818","5.854966198582604","-2.815014262853225","0","2.941042871213708","2.941042871213708",
"876","COMMIT-Current-Policies","COFFEE 1.1","Final Energy|Residential and Commercial|Electricity","EJ/yr","[object Object]",2035,9.702851414399998,"2.941042871213708","2.941042871213708","2100","0","3512.2469252698506","GW6","failed","medium","ok","ok","ok","medium","high","high","high","ok",,"ok","true","C6","C6: Below 3.0°C","COFFEE 1.1","CO_CurPol","11.743260144694316","78.36568664457818","5.854966198582604","-2.815014262853225","0","2.941042871213708","2.941042871213708",
"876","COMMIT-Current-Policies","COFFEE 1.1","Final Energy|Residential and Commercial|Electricity","EJ/yr","[object Object]",2040,10.9803905424,"2.941042871213708","2.941042871213708","2100","0","3512.2469252698506","GW6","failed","medium","ok","ok","ok","medium","high","high","high","ok",,"ok","true","C6","C6: Below 3.0°C","COFFEE 1.1","CO_CurPol","11.743260144694316","78.36568664457818","5.854966198582604","-2.815014262853225","0","2.941042871213708","2.941042871213708",
"876","COMMIT-Current-Policies","COFFEE 1.1","Final Energy|Residential and Commercial|Electricity","EJ/yr","[object Object]",2045,12.3403300848,"2.941042871213708","2.941042871213708","2100","0","3512.2469252698506","GW6","failed","medium","ok","ok","ok","medium","high","high","high","ok",,"ok","true","C6","C6: Below 3.0°C","COFFEE 1.1","CO_CurPol","11.743260144694316","78.36568664457818","5.854966198582604","-2.815014262853225","0","2.941042871213708","2.941042871213708",
"876","COMMIT-Current-Policies","COFFEE 1.1","Final Energy|Residential and Commercial|Electricity","EJ/yr","[object Object]",2050,13.7399072256,"2.941042871213708","2.941042871213708","2100","0","3512.2469252698506","GW6","failed","medium","ok","ok","ok","medium","high","high","high","ok",,"ok","true","C6","C6: Below 3.0°C","COFFEE 1.1","CO_CurPol","11.743260144694316","78.36568664457818","5.854966198582604","-2.815014262853225","0","2.941042871213708","2.941042871213708",
"876","COMMIT-Current-Policies","COFFEE 1.1","Final Energy|Residential and Commercial|Electricity","EJ/yr","[object Object]",2060,16.5284023392,"2.941042871213708","2.941042871213708","2100","0","3512.2469252698506","GW6","failed","medium","ok","ok","ok","medium","high","high","high","ok",,"ok","true","C6","C6: Below 3.0°C","COFFEE 1.1","CO_CurPol","11.743260144694316","78.36568664457818","5.854966198582604","-2.815014262853225","0","2.941042871213708","2.941042871213708",
"876","COMMIT-Current-Policies","COFFEE 1.1","Final Energy|Residential and Commercial|Electricity","EJ/yr","[object Object]",2070,19.6887573504,"2.941042871213708","2.941042871213708","2100","0","3512.2469252698506","GW6","failed","medium","ok","ok","ok","medium","high","high","high","ok",,"ok","true","C6","C6: Below 3.0°C","COFFEE 1.1","CO_CurPol","11.743260144694316","78.36568664457818","5.854966198582604","-2.815014262853225","0","2.941042871213708","2.941042871213708",
"876","COMMIT-Current-Policies","COFFEE 1.1","Final Energy|Residential and Commercial|Electricity","EJ/yr","[object Object]",2080,23.00771952,"2.941042871213708","2.941042871213708","2100","0","3512.2469252698506","GW6","failed","medium","ok","ok","ok","medium","high","high","high","ok",,"ok","true","C6","C6: Below 3.0°C","COFFEE 1.1","CO_CurPol","11.743260144694316","78.36568664457818","5.854966198582604","-2.815014262853225","0","2.941042871213708","2.941042871213708",
"876","COMMIT-Current-Policies","COFFEE 1.1","Final Energy|Residential and Commercial|Electricity","EJ/yr","[object Object]",2090,26.5650370848,"2.941042871213708","2.941042871213708","2100","0","3512.2469252698506","GW6","failed","medium","ok","ok","ok","medium","high","high","high","ok",,"ok","true","C6","C6: Below 3.0°C","COFFEE 1.1","CO_CurPol","11.743260144694316","78.36568664457818","5.854966198582604","-2.815014262853225","0","2.941042871213708","2.941042871213708",
"876","COMMIT-Current-Policies","COFFEE 1.1","Final Energy|Residential and Commercial|Electricity","EJ/yr","[object Object]",2100,30.3323560272,"2.941042871213708","2.941042871213708","2100","0","3512.2469252698506","GW6","failed","medium","ok","ok","ok","medium","high","high","high","ok",,"ok","true","C6","C6: Below 3.0°C","COFFEE 1.1","CO_CurPol","11.743260144694316","78.36568664457818","5.854966198582604","-2.815014262853225","0","2.941042871213708","2.941042871213708",
"878","COMMIT-NDCplus","COFFEE 1.1","Final Energy|Residential and Commercial|Electricity","EJ/yr","[object Object]",2010,6.483391631999999,"2.813757097992725","2.813757097992725","2100","0","3091.1227468750003","GW6","failed","medium","ok","ok","ok","medium","high","high","high","ok",,"medium","true","C6","C6: Below 3.0°C","COFFEE 1.1","CO_NDCplus","11.945606477764052","78.55822746781837","5.667198836078188","-2.6194882016309435","0","2.813757097992725","2.813757097992725",
"878","COMMIT-NDCplus","COFFEE 1.1","Final Energy|Residential and Commercial|Electricity","EJ/yr","[object Object]",2015,6.3393257232,"2.813757097992725","2.813757097992725","2100","0","3091.1227468750003","GW6","failed","medium","ok","ok","ok","medium","high","high","high","ok",,"medium","true","C6","C6: Below 3.0°C","COFFEE 1.1","CO_NDCplus","11.945606477764052","78.55822746781837","5.667198836078188","-2.6194882016309435","0","2.813757097992725","2.813757097992725",
"878","COMMIT-NDCplus","COFFEE 1.1","Final Energy|Residential and Commercial|Electricity","EJ/yr","[object Object]",2020,6.8413189248,"2.813757097992725","2.813757097992725","2100","0","3091.1227468750003","GW6","failed","medium","ok","ok","ok","medium","high","high","high","ok",,"medium","true","C6","C6: Below 3.0°C","COFFEE 1.1","CO_NDCplus","11.945606477764052","78.55822746781837","5.667198836078188","-2.6194882016309435","0","2.813757097992725","2.813757097992725",
"878","COMMIT-NDCplus","COFFEE 1.1","Final Energy|Residential and Commercial|Electricity","EJ/yr","[object Object]",2025,8.059264473599999,"2.813757097992725","2.813757097992725","2100","0","3091.1227468750003","GW6","failed","medium","ok","ok","ok","medium","high","high","high","ok",,"medium","true","C6","C6: Below 3.0°C","COFFEE 1.1","CO_NDCplus","11.945606477764052","78.55822746781837","5.667198836078188","-2.6194882016309435","0","2.813757097992725","2.813757097992725",
"878","COMMIT-NDCplus","COFFEE 1.1","Final Energy|Residential and Commercial|Electricity","EJ/yr","[object Object]",2030,8.871161947200001,"2.813757097992725","2.813757097992725","2100","0","3091.1227468750003","GW6","failed","medium","ok","ok","ok","medium","high","high","high","ok",,"medium","true","C6","C6: Below 3.0°C","COFFEE 1.1","CO_NDCplus","11.945606477764052","78.55822746781837","5.667198836078188","-2.6194882016309435","0","2.813757097992725","2.813757097992725",
"878","COMMIT-NDCplus","COFFEE 1.1","Final Energy|Residential and Commercial|Electricity","EJ/yr","[object Object]",2035,9.702851414399998,"2.813757097992725","2.813757097992725","2100","0","3091.1227468750003","GW6","failed","medium","ok","ok","ok","medium","high","high","high","ok",,"medium","true","C6","C6: Below 3.0°C","COFFEE 1.1","CO_NDCplus","11.945606477764052","78.55822746781837","5.667198836078188","-2.6194882016309435","0","2.813757097992725","2.813757097992725",
"878","COMMIT-NDCplus","COFFEE 1.1","Final Energy|Residential and Commercial|Electricity","EJ/yr","[object Object]",2040,10.9803905424,"2.813757097992725","2.813757097992725","2100","0","3091.1227468750003","GW6","failed","medium","ok","ok","ok","medium","high","high","high","ok",,"medium","true","C6","C6: Below 3.0°C","COFFEE 1.1","CO_NDCplus","11.945606477764052","78.55822746781837","5.667198836078188","-2.6194882016309435","0","2.813757097992725","2.813757097992725",
"878","COMMIT-NDCplus","COFFEE 1.1","Final Energy|Residential and Commercial|Electricity","EJ/yr","[object Object]",2045,12.3403300848,"2.813757097992725","2.813757097992725","2100","0","3091.1227468750003","GW6","failed","medium","ok","ok","ok","medium","high","high","high","ok",,"medium","true","C6","C6: Below 3.0°C","COFFEE 1.1","CO_NDCplus","11.945606477764052","78.55822746781837","5.667198836078188","-2.6194882016309435","0","2.813757097992725","2.813757097992725",
"878","COMMIT-NDCplus","COFFEE 1.1","Final Energy|Residential and Commercial|Electricity","EJ/yr","[object Object]",2050,13.7399072256,"2.813757097992725","2.813757097992725","2100","0","3091.1227468750003","GW6","failed","medium","ok","ok","ok","medium","high","high","high","ok",,"medium","true","C6","C6: Below 3.0°C","COFFEE 1.1","CO_NDCplus","11.945606477764052","78.55822746781837","5.667198836078188","-2.6194882016309435","0","2.813757097992725","2.813757097992725",
"878","COMMIT-NDCplus","COFFEE 1.1","Final Energy|Residential and Commercial|Electricity","EJ/yr","[object Object]",2060,16.5284023392,"2.813757097992725","2.813757097992725","2100","0","3091.1227468750003","GW6","failed","medium","ok","ok","ok","medium","high","high","high","ok",,"medium","true","C6","C6: Below 3.0°C","COFFEE 1.1","CO_NDCplus","11.945606477764052","78.55822746781837","5.667198836078188","-2.6194882016309435","0","2.813757097992725","2.813757097992725",
"878","COMMIT-NDCplus","COFFEE 1.1","Final Energy|Residential and Commercial|Electricity","EJ/yr","[object Object]",2070,19.6887573504,"2.813757097992725","2.813757097992725","2100","0","3091.1227468750003","GW6","failed","medium","ok","ok","ok","medium","high","high","high","ok",,"medium","true","C6","C6: Below 3.0°C","COFFEE 1.1","CO_NDCplus","11.945606477764052","78.55822746781837","5.667198836078188","-2.6194882016309435","0","2.813757097992725","2.813757097992725",
"878","COMMIT-NDCplus","COFFEE 1.1","Final Energy|Residential and Commercial|Electricity","EJ/yr","[object Object]",2080,23.00771952,"2.813757097992725","2.813757097992725","2100","0","3091.1227468750003","GW6","failed","medium","ok","ok","ok","medium","high","high","high","ok",,"medium","true","C6","C6: Below 3.0°C","COFFEE 1.1","CO_NDCplus","11.945606477764052","78.55822746781837","5.667198836078188","-2.6194882016309435","0","2.813757097992725","2.813757097992725",
"878","COMMIT-NDCplus","COFFEE 1.1","Final Energy|Residential and Commercial|Electricity","EJ/yr","[object Object]",2090,26.5650370848,"2.813757097992725","2.813757097992725","2100","0","3091.1227468750003","GW6","failed","medium","ok","ok","ok","medium","high","high","high","ok",,"medium","true","C6","C6: Below 3.0°C","COFFEE 1.1","CO_NDCplus","11.945606477764052","78.55822746781837","5.667198836078188","-2.6194882016309435","0","2.813757097992725","2.813757097992725",
"878","COMMIT-NDCplus","COFFEE 1.1","Final Energy|Residential and Commercial|Electricity","EJ/yr","[object Object]",2100,30.3323560272,"2.813757097992725","2.813757097992725","2100","0","3091.1227468750003","GW6","failed","medium","ok","ok","ok","medium","high","high","high","ok",,"medium","true","C6","C6: Below 3.0°C","COFFEE 1.1","CO_NDCplus","11.945606477764052","78.55822746781837","5.667198836078188","-2.6194882016309435","0","2.813757097992725","2.813757097992725",
"910","COMMIT-NDCplus","WITCH 5.0","Final Energy|Residential and Commercial|Electricity","EJ/yr","[object Object]",2010,6.442547800666669,"2.858917140864836","2.858917140864836","2100","66.50478057670018","2951.0308519408813","GW6","failed","ok","ok","ok","medium","medium","medium","high","medium","ok",,"medium","true","C6","C6: Below 3.0°C","WITCH 5.0","CO_NDCplus","29.952482834120698","58.39556593905745","1.3353300379284183","1.0628578102219564","66.50478057670018","2.858917140864836","2.858917140864836",
"910","COMMIT-NDCplus","WITCH 5.0","Final Energy|Residential and Commercial|Electricity","EJ/yr","[object Object]",2015,6.3873360275,"2.858917140864836","2.858917140864836","2100","66.50478057670018","2951.0308519408813","GW6","failed","ok","ok","ok","medium","medium","medium","high","medium","ok",,"medium","true","C6","C6: Below 3.0°C","WITCH 5.0","CO_NDCplus","29.952482834120698","58.39556593905745","1.3353300379284183","1.0628578102219564","66.50478057670018","2.858917140864836","2.858917140864836",
"910","COMMIT-NDCplus","WITCH 5.0","Final Energy|Residential and Commercial|Electricity","EJ/yr","[object Object]",2020,7.04221184545155,"2.858917140864836","2.858917140864836","2100","66.50478057670018","2951.0308519408813","GW6","failed","ok","ok","ok","medium","medium","medium","high","medium","ok",,"medium","true","C6","C6: Below 3.0°C","WITCH 5.0","CO_NDCplus","29.952482834120698","58.39556593905745","1.3353300379284183","1.0628578102219564","66.50478057670018","2.858917140864836","2.858917140864836",
"910","COMMIT-NDCplus","WITCH 5.0","Final Energy|Residential and Commercial|Electricity","EJ/yr","[object Object]",2025,8.690426926132691,"2.858917140864836","2.858917140864836","2100","66.50478057670018","2951.0308519408813","GW6","failed","ok","ok","ok","medium","medium","medium","high","medium","ok",,"medium","true","C6","C6: Below 3.0°C","WITCH 5.0","CO_NDCplus","29.952482834120698","58.39556593905745","1.3353300379284183","1.0628578102219564","66.50478057670018","2.858917140864836","2.858917140864836",
"910","COMMIT-NDCplus","WITCH 5.0","Final Energy|Residential and Commercial|Electricity","EJ/yr","[object Object]",2030,9.72935828690825,"2.858917140864836","2.858917140864836","2100","66.50478057670018","2951.0308519408813","GW6","failed","ok","ok","ok","medium","medium","medium","high","medium","ok",,"medium","true","C6","C6: Below 3.0°C","WITCH 5.0","CO_NDCplus","29.952482834120698","58.39556593905745","1.3353300379284183","1.0628578102219564","66.50478057670018","2.858917140864836","2.858917140864836",
"910","COMMIT-NDCplus","WITCH 5.0","Final Energy|Residential and Commercial|Electricity","EJ/yr","[object Object]",2035,9.996953472303211,"2.858917140864836","2.858917140864836","2100","66.50478057670018","2951.0308519408813","GW6","failed","ok","ok","ok","medium","medium","medium","high","medium","ok",,"medium","true","C6","C6: Below 3.0°C","WITCH 5.0","CO_NDCplus","29.952482834120698","58.39556593905745","1.3353300379284183","1.0628578102219564","66.50478057670018","2.858917140864836","2.858917140864836",
"910","COMMIT-NDCplus","WITCH 5.0","Final Energy|Residential and Commercial|Electricity","EJ/yr","[object Object]",2040,10.5339636517032,"2.858917140864836","2.858917140864836","2100","66.50478057670018","2951.0308519408813","GW6","failed","ok","ok","ok","medium","medium","medium","high","medium","ok",,"medium","true","C6","C6: Below 3.0°C","WITCH 5.0","CO_NDCplus","29.952482834120698","58.39556593905745","1.3353300379284183","1.0628578102219564","66.50478057670018","2.858917140864836","2.858917140864836",
"910","COMMIT-NDCplus","WITCH 5.0","Final Energy|Residential and Commercial|Electricity","EJ/yr","[object Object]",2045,11.3227889938239,"2.858917140864836","2.858917140864836","2100","66.50478057670018","2951.0308519408813","GW6","failed","ok","ok","ok","medium","medium","medium","high","medium","ok",,"medium","true","C6","C6: Below 3.0°C","WITCH 5.0","CO_NDCplus","29.952482834120698","58.39556593905745","1.3353300379284183","1.0628578102219564","66.50478057670018","2.858917140864836","2.858917140864836",
"910","COMMIT-NDCplus","WITCH 5.0","Final Energy|Residential and Commercial|Electricity","EJ/yr","[object Object]",2050,12.3373921360101,"2.858917140864836","2.858917140864836","2100","66.50478057670018","2951.0308519408813","GW6","failed","ok","ok","ok","medium","medium","medium","high","medium","ok",,"medium","true","C6","C6: Below 3.0°C","WITCH 5.0","CO_NDCplus","29.952482834120698","58.39556593905745","1.3353300379284183","1.0628578102219564","66.50478057670018","2.858917140864836","2.858917140864836",
"910","COMMIT-NDCplus","WITCH 5.0","Final Energy|Residential and Commercial|Electricity","EJ/yr","[object Object]",2055,12.9049364295036,"2.858917140864836","2.858917140864836","2100","66.50478057670018","2951.0308519408813","GW6","failed","ok","ok","ok","medium","medium","medium","high","medium","ok",,"medium","true","C6","C6: Below 3.0°C","WITCH 5.0","CO_NDCplus","29.952482834120698","58.39556593905745","1.3353300379284183","1.0628578102219564","66.50478057670018","2.858917140864836","2.858917140864836",
"910","COMMIT-NDCplus","WITCH 5.0","Final Energy|Residential and Commercial|Electricity","EJ/yr","[object Object]",2060,13.5440019553147,"2.858917140864836","2.858917140864836","2100","66.50478057670018","2951.0308519408813","GW6","failed","ok","ok","ok","medium","medium","medium","high","medium","ok",,"medium","true","C6","C6: Below 3.0°C","WITCH 5.0","CO_NDCplus","29.952482834120698","58.39556593905745","1.3353300379284183","1.0628578102219564","66.50478057670018","2.858917140864836","2.858917140864836",
"910","COMMIT-NDCplus","WITCH 5.0","Final Energy|Residential and Commercial|Electricity","EJ/yr","[object Object]",2065,14.0668237589142,"2.858917140864836","2.858917140864836","2100","66.50478057670018","2951.0308519408813","GW6","failed","ok","ok","ok","medium","medium","medium","high","medium","ok",,"medium","true","C6","C6: Below 3.0°C","WITCH 5.0","CO_NDCplus","29.952482834120698","58.39556593905745","1.3353300379284183","1.0628578102219564","66.50478057670018","2.858917140864836","2.858917140864836",
"910","COMMIT-NDCplus","WITCH 5.0","Final Energy|Residential and Commercial|Electricity","EJ/yr","[object Object]",2070,14.4719688441417,"2.858917140864836","2.858917140864836","2100","66.50478057670018","2951.0308519408813","GW6","failed","ok","ok","ok","medium","medium","medium","high","medium","ok",,"medium","true","C6","C6: Below 3.0°C","WITCH 5.0","CO_NDCplus","29.952482834120698","58.39556593905745","1.3353300379284183","1.0628578102219564","66.50478057670018","2.858917140864836","2.858917140864836",
"910","COMMIT-NDCplus","WITCH 5.0","Final Energy|Residential and Commercial|Electricity","EJ/yr","[object Object]",2075,14.9892654510443,"2.858917140864836","2.858917140864836","2100","66.50478057670018","2951.0308519408813","GW6","failed","ok","ok","ok","medium","medium","medium","high","medium","ok",,"medium","true","C6","C6: Below 3.0°C","WITCH 5.0","CO_NDCplus","29.952482834120698","58.39556593905745","1.3353300379284183","1.0628578102219564","66.50478057670018","2.858917140864836","2.858917140864836",
"910","COMMIT-NDCplus","WITCH 5.0","Final Energy|Residential and Commercial|Electricity","EJ/yr","[object Object]",2080,15.3860839891109,"2.858917140864836","2.858917140864836","2100","66.50478057670018","2951.0308519408813","GW6","failed","ok","ok","ok","medium","medium","medium","high","medium","ok",,"medium","true","C6","C6: Below 3.0°C","WITCH 5.0","CO_NDCplus","29.952482834120698","58.39556593905745","1.3353300379284183","1.0628578102219564","66.50478057670018","2.858917140864836","2.858917140864836",
"910","COMMIT-NDCplus","WITCH 5.0","Final Energy|Residential and Commercial|Electricity","EJ/yr","[object Object]",2085,15.6576085856253,"2.858917140864836","2.858917140864836","2100","66.50478057670018","2951.0308519408813","GW6","failed","ok","ok","ok","medium","medium","medium","high","medium","ok",,"medium","true","C6","C6: Below 3.0°C","WITCH 5.0","CO_NDCplus","29.952482834120698","58.39556593905745","1.3353300379284183","1.0628578102219564","66.50478057670018","2.858917140864836","2.858917140864836",
"910","COMMIT-NDCplus","WITCH 5.0","Final Energy|Residential and Commercial|Electricity","EJ/yr","[object Object]",2090,15.7898930194444,"2.858917140864836","2.858917140864836","2100","66.50478057670018","2951.0308519408813","GW6","failed","ok","ok","ok","medium","medium","medium","high","medium","ok",,"medium","true","C6","C6: Below 3.0°C","WITCH 5.0","CO_NDCplus","29.952482834120698","58.39556593905745","1.3353300379284183","1.0628578102219564","66.50478057670018","2.858917140864836","2.858917140864836",
"910","COMMIT-NDCplus","WITCH 5.0","Final Energy|Residential and Commercial|Electricity","EJ/yr","[object Object]",2095,15.9621915192473,"2.858917140864836","2.858917140864836","2100","66.50478057670018","2951.0308519408813","GW6","failed","ok","ok","ok","medium","medium","medium","high","medium","ok",,"medium","true","C6","C6: Below 3.0°C","WITCH 5.0","CO_NDCplus","29.952482834120698","58.39556593905745","1.3353300379284183","1.0628578102219564","66.50478057670018","2.858917140864836","2.858917140864836",
"910","COMMIT-NDCplus","WITCH 5.0","Final Energy|Residential and Commercial|Electricity","EJ/yr","[object Object]",2100,17.0191173329053,"2.858917140864836","2.858917140864836","2100","66.50478057670018","2951.0308519408813","GW6","failed","ok","ok","ok","medium","medium","medium","high","medium","ok",,"medium","true","C6","C6: Below 3.0°C","WITCH 5.0","CO_NDCplus","29.952482834120698","58.39556593905745","1.3353300379284183","1.0628578102219564","66.50478057670018","2.858917140864836","2.858917140864836",
"1087","SSP2021-SSP2-SPA2-45-Default","IMAGE 3.2","Final Energy|Residential and Commercial|Electricity","EJ/yr","[object Object]",2010,6.260484191894531,"2.660619545161942","2.660619545161942","2100","173.5076657056401","3085.945186966739","GW6","ok","medium","ok","ok","ok","high","high","high","high","ok",,"medium","true","C6","C6: Below 3.0°C","IMAGE 3.2","SSP2_SPA2_45I_D","8.987399221129673","70.11517437505562","19.35298934618805","-1.3638740951278123","173.5076657056401","2.660619545161942","2.660619545161942","0.00370306"
"1087","SSP2021-SSP2-SPA2-45-Default","IMAGE 3.2","Final Energy|Residential and Commercial|Electricity","EJ/yr","[object Object]",2015,6.566835311889648,"2.660619545161942","2.660619545161942","2100","173.5076657056401","3085.945186966739","GW6","ok","medium","ok","ok","ok","high","high","high","high","ok",,"medium","true","C6","C6: Below 3.0°C","IMAGE 3.2","SSP2_SPA2_45I_D","8.987399221129673","70.11517437505562","19.35298934618805","-1.3638740951278123","173.5076657056401","2.660619545161942","2.660619545161942","0.00370306"
"1087","SSP2021-SSP2-SPA2-45-Default","IMAGE 3.2","Final Energy|Residential and Commercial|Electricity","EJ/yr","[object Object]",2020,6.038724533081055,"2.660619545161942","2.660619545161942","2100","173.5076657056401","3085.945186966739","GW6","ok","medium","ok","ok","ok","high","high","high","high","ok",,"medium","true","C6","C6: Below 3.0°C","IMAGE 3.2","SSP2_SPA2_45I_D","8.987399221129673","70.11517437505562","19.35298934618805","-1.3638740951278123","173.5076657056401","2.660619545161942","2.660619545161942","0.00370306"
"1087","SSP2021-SSP2-SPA2-45-Default","IMAGE 3.2","Final Energy|Residential and Commercial|Electricity","EJ/yr","[object Object]",2025,6.415002944946289,"2.660619545161942","2.660619545161942","2100","173.5076657056401","3085.945186966739","GW6","ok","medium","ok","ok","ok","high","high","high","high","ok",,"medium","true","C6","C6: Below 3.0°C","IMAGE 3.2","SSP2_SPA2_45I_D","8.987399221129673","70.11517437505562","19.35298934618805","-1.3638740951278123","173.5076657056401","2.660619545161942","2.660619545161942","0.00370306"
"1087","SSP2021-SSP2-SPA2-45-Default","IMAGE 3.2","Final Energy|Residential and Commercial|Electricity","EJ/yr","[object Object]",2030,6.156307571411133,"2.660619545161942","2.660619545161942","2100","173.5076657056401","3085.945186966739","GW6","ok","medium","ok","ok","ok","high","high","high","high","ok",,"medium","true","C6","C6: Below 3.0°C","IMAGE 3.2","SSP2_SPA2_45I_D","8.987399221129673","70.11517437505562","19.35298934618805","-1.3638740951278123","173.5076657056401","2.660619545161942","2.660619545161942","0.00370306"
"1087","SSP2021-SSP2-SPA2-45-Default","IMAGE 3.2","Final Energy|Residential and Commercial|Electricity","EJ/yr","[object Object]",2035,6.126237075805664,"2.660619545161942","2.660619545161942","2100","173.5076657056401","3085.945186966739","GW6","ok","medium","ok","ok","ok","high","high","high","high","ok",,"medium","true","C6","C6: Below 3.0°C","IMAGE 3.2","SSP2_SPA2_45I_D","8.987399221129673","70.11517437505562","19.35298934618805","-1.3638740951278123","173.5076657056401","2.660619545161942","2.660619545161942","0.00370306"
"1087","SSP2021-SSP2-SPA2-45-Default","IMAGE 3.2","Final Energy|Residential and Commercial|Electricity","EJ/yr","[object Object]",2040,6.125976333618165,"2.660619545161942","2.660619545161942","2100","173.5076657056401","3085.945186966739","GW6","ok","medium","ok","ok","ok","high","high","high","high","ok",,"medium","true","C6","C6: Below 3.0°C","IMAGE 3.2","SSP2_SPA2_45I_D","8.987399221129673","70.11517437505562","19.35298934618805","-1.3638740951278123","173.5076657056401","2.660619545161942","2.660619545161942","0.00370306"
"1087","SSP2021-SSP2-SPA2-45-Default","IMAGE 3.2","Final Energy|Residential and Commercial|Electricity","EJ/yr","[object Object]",2045,6.036096588134766,"2.660619545161942","2.660619545161942","2100","173.5076657056401","3085.945186966739","GW6","ok","medium","ok","ok","ok","high","high","high","high","ok",,"medium","true","C6","C6: Below 3.0°C","IMAGE 3.2","SSP2_SPA2_45I_D","8.987399221129673","70.11517437505562","19.35298934618805","-1.3638740951278123","173.5076657056401","2.660619545161942","2.660619545161942","0.00370306"
"1087","SSP2021-SSP2-SPA2-45-Default","IMAGE 3.2","Final Energy|Residential and Commercial|Electricity","EJ/yr","[object Object]",2050,6.136135681152344,"2.660619545161942","2.660619545161942","2100","173.5076657056401","3085.945186966739","GW6","ok","medium","ok","ok","ok","high","high","high","high","ok",,"medium","true","C6","C6: Below 3.0°C","IMAGE 3.2","SSP2_SPA2_45I_D","8.987399221129673","70.11517437505562","19.35298934618805","-1.3638740951278123","173.5076657056401","2.660619545161942","2.660619545161942","0.00370306"
"1087","SSP2021-SSP2-SPA2-45-Default","IMAGE 3.2","Final Energy|Residential and Commercial|Electricity","EJ/yr","[object Object]",2055,6.281048278808593,"2.660619545161942","2.660619545161942","2100","173.5076657056401","3085.945186966739","GW6","ok","medium","ok","ok","ok","high","high","high","high","ok",,"medium","true","C6","C6: Below 3.0°C","IMAGE 3.2","SSP2_SPA2_45I_D","8.987399221129673","70.11517437505562","19.35298934618805","-1.3638740951278123","173.5076657056401","2.660619545161942","2.660619545161942","0.00370306"
"1087","SSP2021-SSP2-SPA2-45-Default","IMAGE 3.2","Final Energy|Residential and Commercial|Electricity","EJ/yr","[object Object]",2060,6.410412200927735,"2.660619545161942","2.660619545161942","2100","173.5076657056401","3085.945186966739","GW6","ok","medium","ok","ok","ok","high","high","high","high","ok",,"medium","true","C6","C6: Below 3.0°C","IMAGE 3.2","SSP2_SPA2_45I_D","8.987399221129673","70.11517437505562","19.35298934618805","-1.3638740951278123","173.5076657056401","2.660619545161942","2.660619545161942","0.00370306"
"1087","SSP2021-SSP2-SPA2-45-Default","IMAGE 3.2","Final Energy|Residential and Commercial|Electricity","EJ/yr","[object Object]",2065,6.474883300781251,"2.660619545161942","2.660619545161942","2100","173.5076657056401","3085.945186966739","GW6","ok","medium","ok","ok","ok","high","high","high","high","ok",,"medium","true","C6","C6: Below 3.0°C","IMAGE 3.2","SSP2_SPA2_45I_D","8.987399221129673","70.11517437505562","19.35298934618805","-1.3638740951278123","173.5076657056401","2.660619545161942","2.660619545161942","0.00370306"
"1087","SSP2021-SSP2-SPA2-45-Default","IMAGE 3.2","Final Energy|Residential and Commercial|Electricity","EJ/yr","[object Object]",2070,6.521789459228516,"2.660619545161942","2.660619545161942","2100","173.5076657056401","3085.945186966739","GW6","ok","medium","ok","ok","ok","high","high","high","high","ok",,"medium","true","C6","C6: Below 3.0°C","IMAGE 3.2","SSP2_SPA2_45I_D","8.987399221129673","70.11517437505562","19.35298934618805","-1.3638740951278123","173.5076657056401","2.660619545161942","2.660619545161942","0.00370306"
"1087","SSP2021-SSP2-SPA2-45-Default","IMAGE 3.2","Final Energy|Residential and Commercial|Electricity","EJ/yr","[object Object]",2075,6.553624542236328,"2.660619545161942","2.660619545161942","2100","173.5076657056401","3085.945186966739","GW6","ok","medium","ok","ok","ok","high","high","high","high","ok",,"medium","true","C6","C6: Below 3.0°C","IMAGE 3.2","SSP2_SPA2_45I_D","8.987399221129673","70.11517437505562","19.35298934618805","-1.3638740951278123","173.5076657056401","2.660619545161942","2.660619545161942","0.00370306"
"1087","SSP2021-SSP2-SPA2-45-Default","IMAGE 3.2","Final Energy|Residential and Commercial|Electricity","EJ/yr","[object Object]",2080,6.586222717285156,"2.660619545161942","2.660619545161942","2100","173.5076657056401","3085.945186966739","GW6","ok","medium","ok","ok","ok","high","high","high","high","ok",,"medium","true","C6","C6: Below 3.0°C","IMAGE 3.2","SSP2_SPA2_45I_D","8.987399221129673","70.11517437505562","19.35298934618805","-1.3638740951278123","173.5076657056401","2.660619545161942","2.660619545161942","0.00370306"
"1087","SSP2021-SSP2-SPA2-45-Default","IMAGE 3.2","Final Energy|Residential and Commercial|Electricity","EJ/yr","[object Object]",2085,6.665805999755859,"2.660619545161942","2.660619545161942","2100","173.5076657056401","3085.945186966739","GW6","ok","medium","ok","ok","ok","high","high","high","high","ok",,"medium","true","C6","C6: Below 3.0°C","IMAGE 3.2","SSP2_SPA2_45I_D","8.987399221129673","70.11517437505562","19.35298934618805","-1.3638740951278123","173.5076657056401","2.660619545161942","2.660619545161942","0.00370306"
"1087","SSP2021-SSP2-SPA2-45-Default","IMAGE 3.2","Final Energy|Residential and Commercial|Electricity","EJ/yr","[object Object]",2090,6.755469970703125,"2.660619545161942","2.660619545161942","2100","173.5076657056401","3085.945186966739","GW6","ok","medium","ok","ok","ok","high","high","high","high","ok",,"medium","true","C6","C6: Below 3.0°C","IMAGE 3.2","SSP2_SPA2_45I_D","8.987399221129673","70.11517437505562","19.35298934618805","-1.3638740951278123","173.5076657056401","2.660619545161942","2.660619545161942","0.00370306"
"1087","SSP2021-SSP2-SPA2-45-Default","IMAGE 3.2","Final Energy|Residential and Commercial|Electricity","EJ/yr","[object Object]",2095,6.816495910644532,"2.660619545161942","2.660619545161942","2100","173.5076657056401","3085.945186966739","GW6","ok","medium","ok","ok","ok","high","high","high","high","ok",,"medium","true","C6","C6: Below 3.0°C","IMAGE 3.2","SSP2_SPA2_45I_D","8.987399221129673","70.11517437505562","19.35298934618805","-1.3638740951278123","173.5076657056401","2.660619545161942","2.660619545161942","0.00370306"
"1087","SSP2021-SSP2-SPA2-45-Default","IMAGE 3.2","Final Energy|Residential and Commercial|Electricity","EJ/yr","[object Object]",2100,6.824522003173828,"2.660619545161942","2.660619545161942","2100","173.5076657056401","3085.945186966739","GW6","ok","medium","ok","ok","ok","high","high","high","high","ok",,"medium","true","C6","C6: Below 3.0°C","IMAGE 3.2","SSP2_SPA2_45I_D","8.987399221129673","70.11517437505562","19.35298934618805","-1.3638740951278123","173.5076657056401","2.660619545161942","2.660619545161942","0.00370306"
"1088","SSP2021-SSP2-SPA2-45-Lifestyle","IMAGE 3.2","Final Energy|Residential and Commercial|Electricity","EJ/yr","[object Object]",2010,6.260685028076172,"2.713525274635605","2.713525274635605","2100","75.72608705201307","2901.1437636100945","GW6","ok","medium","ok","ok","ok","high","high","high","high","ok",,"medium","true","C6","C6: Below 3.0°C","IMAGE 3.2","SSP2_SPA2_45I_LI","9.075310626502308","68.92491723902225","20.786265164687965","12.331205225245611","75.72608705201307","2.713525274635605","2.713525274635605","0.003680714"
"1088","SSP2021-SSP2-SPA2-45-Lifestyle","IMAGE 3.2","Final Energy|Residential and Commercial|Electricity","EJ/yr","[object Object]",2015,6.567097854614258,"2.713525274635605","2.713525274635605","2100","75.72608705201307","2901.1437636100945","GW6","ok","medium","ok","ok","ok","high","high","high","high","ok",,"medium","true","C6","C6: Below 3.0°C","IMAGE 3.2","SSP2_SPA2_45I_LI","9.075310626502308","68.92491723902225","20.786265164687965","12.331205225245611","75.72608705201307","2.713525274635605","2.713525274635605","0.003680714"
"1088","SSP2021-SSP2-SPA2-45-Lifestyle","IMAGE 3.2","Final Energy|Residential and Commercial|Electricity","EJ/yr","[object Object]",2020,6.039052474975586,"2.713525274635605","2.713525274635605","2100","75.72608705201307","2901.1437636100945","GW6","ok","medium","ok","ok","ok","high","high","high","high","ok",,"medium","true","C6","C6: Below 3.0°C","IMAGE 3.2","SSP2_SPA2_45I_LI","9.075310626502308","68.92491723902225","20.786265164687965","12.331205225245611","75.72608705201307","2.713525274635605","2.713525274635605","0.003680714"
"1088","SSP2021-SSP2-SPA2-45-Lifestyle","IMAGE 3.2","Final Energy|Residential and Commercial|Electricity","EJ/yr","[object Object]",2025,6.335759017944335,"2.713525274635605","2.713525274635605","2100","75.72608705201307","2901.1437636100945","GW6","ok","medium","ok","ok","ok","high","high","high","high","ok",,"medium","true","C6","C6: Below 3.0°C","IMAGE 3.2","SSP2_SPA2_45I_LI","9.075310626502308","68.92491723902225","20.786265164687965","12.331205225245611","75.72608705201307","2.713525274635605","2.713525274635605","0.003680714"
"1088","SSP2021-SSP2-SPA2-45-Lifestyle","IMAGE 3.2","Final Energy|Residential and Commercial|Electricity","EJ/yr","[object Object]",2030,5.881308746337892,"2.713525274635605","2.713525274635605","2100","75.72608705201307","2901.1437636100945","GW6","ok","medium","ok","ok","ok","high","high","high","high","ok",,"medium","true","C6","C6: Below 3.0°C","IMAGE 3.2","SSP2_SPA2_45I_LI","9.075310626502308","68.92491723902225","20.786265164687965","12.331205225245611","75.72608705201307","2.713525274635605","2.713525274635605","0.003680714"
"1088","SSP2021-SSP2-SPA2-45-Lifestyle","IMAGE 3.2","Final Energy|Residential and Commercial|Electricity","EJ/yr","[object Object]",2035,5.41130729675293,"2.713525274635605","2.713525274635605","2100","75.72608705201307","2901.1437636100945","GW6","ok","medium","ok","ok","ok","high","high","high","high","ok",,"medium","true","C6","C6: Below 3.0°C","IMAGE 3.2","SSP2_SPA2_45I_LI","9.075310626502308","68.92491723902225","20.786265164687965","12.331205225245611","75.72608705201307","2.713525274635605","2.713525274635605","0.003680714"
"1088","SSP2021-SSP2-SPA2-45-Lifestyle","IMAGE 3.2","Final Energy|Residential and Commercial|Electricity","EJ/yr","[object Object]",2040,5.120022064208984,"2.713525274635605","2.713525274635605","2100","75.72608705201307","2901.1437636100945","GW6","ok","medium","ok","ok","ok","high","high","high","high","ok",,"medium","true","C6","C6: Below 3.0°C","IMAGE 3.2","SSP2_SPA2_45I_LI","9.075310626502308","68.92491723902225","20.786265164687965","12.331205225245611","75.72608705201307","2.713525274635605","2.713525274635605","0.003680714"
"1088","SSP2021-SSP2-SPA2-45-Lifestyle","IMAGE 3.2","Final Energy|Residential and Commercial|Electricity","EJ/yr","[object Object]",2045,5.004854431152344,"2.713525274635605","2.713525274635605","2100","75.72608705201307","2901.1437636100945","GW6","ok","medium","ok","ok","ok","high","high","high","high","ok",,"medium","true","C6","C6: Below 3.0°C","IMAGE 3.2","SSP2_SPA2_45I_LI","9.075310626502308","68.92491723902225","20.786265164687965","12.331205225245611","75.72608705201307","2.713525274635605","2.713525274635605","0.003680714"
"1088","SSP2021-SSP2-SPA2-45-Lifestyle","IMAGE 3.2","Final Energy|Residential and Commercial|Electricity","EJ/yr","[object Object]",2050,5.051940093994141,"2.713525274635605","2.713525274635605","2100","75.72608705201307","2901.1437636100945","GW6","ok","medium","ok","ok","ok","high","high","high","high","ok",,"medium","true","C6","C6: Below 3.0°C","IMAGE 3.2","SSP2_SPA2_45I_LI","9.075310626502308","68.92491723902225","20.786265164687965","12.331205225245611","75.72608705201307","2.713525274635605","2.713525274635605","0.003680714"
"1088","SSP2021-SSP2-SPA2-45-Lifestyle","IMAGE 3.2","Final Energy|Residential and Commercial|Electricity","EJ/yr","[object Object]",2055,5.181907440185547,"2.713525274635605","2.713525274635605","2100","75.72608705201307","2901.1437636100945","GW6","ok","medium","ok","ok","ok","high","high","high","high","ok",,"medium","true","C6","C6: Below 3.0°C","IMAGE 3.2","SSP2_SPA2_45I_LI","9.075310626502308","68.92491723902225","20.786265164687965","12.331205225245611","75.72608705201307","2.713525274635605","2.713525274635605","0.003680714"
"1088","SSP2021-SSP2-SPA2-45-Lifestyle","IMAGE 3.2","Final Energy|Residential and Commercial|Electricity","EJ/yr","[object Object]",2060,5.279651214599609,"2.713525274635605","2.713525274635605","2100","75.72608705201307","2901.1437636100945","GW6","ok","medium","ok","ok","ok","high","high","high","high","ok",,"medium","true","C6","C6: Below 3.0°C","IMAGE 3.2","SSP2_SPA2_45I_LI","9.075310626502308","68.92491723902225","20.786265164687965","12.331205225245611","75.72608705201307","2.713525274635605","2.713525274635605","0.003680714"
"1088","SSP2021-SSP2-SPA2-45-Lifestyle","IMAGE 3.2","Final Energy|Residential and Commercial|Electricity","EJ/yr","[object Object]",2065,5.327887512207031,"2.713525274635605","2.713525274635605","2100","75.72608705201307","2901.1437636100945","GW6","ok","medium","ok","ok","ok","high","high","high","high","ok",,"medium","true","C6","C6: Below 3.0°C","IMAGE 3.2","SSP2_SPA2_45I_LI","9.075310626502308","68.92491723902225","20.786265164687965","12.331205225245611","75.72608705201307","2.713525274635605","2.713525274635605","0.003680714"
"1088","SSP2021-SSP2-SPA2-45-Lifestyle","IMAGE 3.2","Final Energy|Residential and Commercial|Electricity","EJ/yr","[object Object]",2070,5.336503692626954,"2.713525274635605","2.713525274635605","2100","75.72608705201307","2901.1437636100945","GW6","ok","medium","ok","ok","ok","high","high","high","high","ok",,"medium","true","C6","C6: Below 3.0°C","IMAGE 3.2","SSP2_SPA2_45I_LI","9.075310626502308","68.92491723902225","20.786265164687965","12.331205225245611","75.72608705201307","2.713525274635605","2.713525274635605","0.003680714"
"1088","SSP2021-SSP2-SPA2-45-Lifestyle","IMAGE 3.2","Final Energy|Residential and Commercial|Electricity","EJ/yr","[object Object]",2075,5.331120300292969,"2.713525274635605","2.713525274635605","2100","75.72608705201307","2901.1437636100945","GW6","ok","medium","ok","ok","ok","high","high","high","high","ok",,"medium","true","C6","C6: Below 3.0°C","IMAGE 3.2","SSP2_SPA2_45I_LI","9.075310626502308","68.92491723902225","20.786265164687965","12.331205225245611","75.72608705201307","2.713525274635605","2.713525274635605","0.003680714"
"1088","SSP2021-SSP2-SPA2-45-Lifestyle","IMAGE 3.2","Final Energy|Residential and Commercial|Electricity","EJ/yr","[object Object]",2080,5.316152038574218,"2.713525274635605","2.713525274635605","2100","75.72608705201307","2901.1437636100945","GW6","ok","medium","ok","ok","ok","high","high","high","high","ok",,"medium","true","C6","C6: Below 3.0°C","IMAGE 3.2","SSP2_SPA2_45I_LI","9.075310626502308","68.92491723902225","20.786265164687965","12.331205225245611","75.72608705201307","2.713525274635605","2.713525274635605","0.003680714"
"1088","SSP2021-SSP2-SPA2-45-Lifestyle","IMAGE 3.2","Final Energy|Residential and Commercial|Electricity","EJ/yr","[object Object]",2085,5.246897003173828,"2.713525274635605","2.713525274635605","2100","75.72608705201307","2901.1437636100945","GW6","ok","medium","ok","ok","ok","high","high","high","high","ok",,"medium","true","C6","C6: Below 3.0°C","IMAGE 3.2","SSP2_SPA2_45I_LI","9.075310626502308","68.92491723902225","20.786265164687965","12.331205225245611","75.72608705201307","2.713525274635605","2.713525274635605","0.003680714"
"1088","SSP2021-SSP2-SPA2-45-Lifestyle","IMAGE 3.2","Final Energy|Residential and Commercial|Electricity","EJ/yr","[object Object]",2090,5.134248138427735,"2.713525274635605","2.713525274635605","2100","75.72608705201307","2901.1437636100945","GW6","ok","medium","ok","ok","ok","high","high","high","high","ok",,"medium","true","C6","C6: Below 3.0°C","IMAGE 3.2","SSP2_SPA2_45I_LI","9.075310626502308","68.92491723902225","20.786265164687965","12.331205225245611","75.72608705201307","2.713525274635605","2.713525274635605","0.003680714"
"1088","SSP2021-SSP2-SPA2-45-Lifestyle","IMAGE 3.2","Final Energy|Residential and Commercial|Electricity","EJ/yr","[object Object]",2095,5.01002180480957,"2.713525274635605","2.713525274635605","2100","75.72608705201307","2901.1437636100945","GW6","ok","medium","ok","ok","ok","high","high","high","high","ok",,"medium","true","C6","C6: Below 3.0°C","IMAGE 3.2","SSP2_SPA2_45I_LI","9.075310626502308","68.92491723902225","20.786265164687965","12.331205225245611","75.72608705201307","2.713525274635605","2.713525274635605","0.003680714"
"1088","SSP2021-SSP2-SPA2-45-Lifestyle","IMAGE 3.2","Final Energy|Residential and Commercial|Electricity","EJ/yr","[object Object]",2100,4.923092330932617,"2.713525274635605","2.713525274635605","2100","75.72608705201307","2901.1437636100945","GW6","ok","medium","ok","ok","ok","high","high","high","high","ok",,"medium","true","C6","C6: Below 3.0°C","IMAGE 3.2","SSP2_SPA2_45I_LI","9.075310626502308","68.92491723902225","20.786265164687965","12.331205225245611","75.72608705201307","2.713525274635605","2.713525274635605","0.003680714"
"1089","SSP2021-SSP2-SPA2-45-Lifestyle-Renewables","IMAGE 3.2","Final Energy|Residential and Commercial|Electricity","EJ/yr","[object Object]",2010,6.260685028076172,"2.762493324609831","2.762493324609831","2100","55.83627764909194","2772.356970304116","GW6","ok","medium","ok","ok","ok","high","high","high","high","ok",,"medium","true","C6","C6: Below 3.0°C","IMAGE 3.2","SSP2_SPA2_45I_LIRE","12.613433185099698","67.6607945920355","18.627217815780977","12.367367478210369","55.83627764909194","2.762493324609831","2.762493324609831","0.003704749"
"1089","SSP2021-SSP2-SPA2-45-Lifestyle-Renewables","IMAGE 3.2","Final Energy|Residential and Commercial|Electricity","EJ/yr","[object Object]",2015,6.567097854614258,"2.762493324609831","2.762493324609831","2100","55.83627764909194","2772.356970304116","GW6","ok","medium","ok","ok","ok","high","high","high","high","ok",,"medium","true","C6","C6: Below 3.0°C","IMAGE 3.2","SSP2_SPA2_45I_LIRE","12.613433185099698","67.6607945920355","18.627217815780977","12.367367478210369","55.83627764909194","2.762493324609831","2.762493324609831","0.003704749"
"1089","SSP2021-SSP2-SPA2-45-Lifestyle-Renewables","IMAGE 3.2","Final Energy|Residential and Commercial|Electricity","EJ/yr","[object Object]",2020,6.039052474975586,"2.762493324609831","2.762493324609831","2100","55.83627764909194","2772.356970304116","GW6","ok","medium","ok","ok","ok","high","high","high","high","ok",,"medium","true","C6","C6: Below 3.0°C","IMAGE 3.2","SSP2_SPA2_45I_LIRE","12.613433185099698","67.6607945920355","18.627217815780977","12.367367478210369","55.83627764909194","2.762493324609831","2.762493324609831","0.003704749"
"1089","SSP2021-SSP2-SPA2-45-Lifestyle-Renewables","IMAGE 3.2","Final Energy|Residential and Commercial|Electricity","EJ/yr","[object Object]",2025,6.362617691040039,"2.762493324609831","2.762493324609831","2100","55.83627764909194","2772.356970304116","GW6","ok","medium","ok","ok","ok","high","high","high","high","ok",,"medium","true","C6","C6: Below 3.0°C","IMAGE 3.2","SSP2_SPA2_45I_LIRE","12.613433185099698","67.6607945920355","18.627217815780977","12.367367478210369","55.83627764909194","2.762493324609831","2.762493324609831","0.003704749"
"1089","SSP2021-SSP2-SPA2-45-Lifestyle-Renewables","IMAGE 3.2","Final Energy|Residential and Commercial|Electricity","EJ/yr","[object Object]",2030,5.894265060424805,"2.762493324609831","2.762493324609831","2100","55.83627764909194","2772.356970304116","GW6","ok","medium","ok","ok","ok","high","high","high","high","ok",,"medium","true","C6","C6: Below 3.0°C","IMAGE 3.2","SSP2_SPA2_45I_LIRE","12.613433185099698","67.6607945920355","18.627217815780977","12.367367478210369","55.83627764909194","2.762493324609831","2.762493324609831","0.003704749"
"1089","SSP2021-SSP2-SPA2-45-Lifestyle-Renewables","IMAGE 3.2","Final Energy|Residential and Commercial|Electricity","EJ/yr","[object Object]",2035,5.444583648681641,"2.762493324609831","2.762493324609831","2100","55.83627764909194","2772.356970304116","GW6","ok","medium","ok","ok","ok","high","high","high","high","ok",,"medium","true","C6","C6: Below 3.0°C","IMAGE 3.2","SSP2_SPA2_45I_LIRE","12.613433185099698","67.6607945920355","18.627217815780977","12.367367478210369","55.83627764909194","2.762493324609831","2.762493324609831","0.003704749"
"1089","SSP2021-SSP2-SPA2-45-Lifestyle-Renewables","IMAGE 3.2","Final Energy|Residential and Commercial|Electricity","EJ/yr","[object Object]",2040,5.163394454956054,"2.762493324609831","2.762493324609831","2100","55.83627764909194","2772.356970304116","GW6","ok","medium","ok","ok","ok","high","high","high","high","ok",,"medium","true","C6","C6: Below 3.0°C","IMAGE 3.2","SSP2_SPA2_45I_LIRE","12.613433185099698","67.6607945920355","18.627217815780977","12.367367478210369","55.83627764909194","2.762493324609831","2.762493324609831","0.003704749"
"1089","SSP2021-SSP2-SPA2-45-Lifestyle-Renewables","IMAGE 3.2","Final Energy|Residential and Commercial|Electricity","EJ/yr","[object Object]",2045,5.020450668334961,"2.762493324609831","2.762493324609831","2100","55.83627764909194","2772.356970304116","GW6","ok","medium","ok","ok","ok","high","high","high","high","ok",,"medium","true","C6","C6: Below 3.0°C","IMAGE 3.2","SSP2_SPA2_45I_LIRE","12.613433185099698","67.6607945920355","18.627217815780977","12.367367478210369","55.83627764909194","2.762493324609831","2.762493324609831","0.003704749"
"1089","SSP2021-SSP2-SPA2-45-Lifestyle-Renewables","IMAGE 3.2","Final Energy|Residential and Commercial|Electricity","EJ/yr","[object Object]",2050,4.999609069824219,"2.762493324609831","2.762493324609831","2100","55.83627764909194","2772.356970304116","GW6","ok","medium","ok","ok","ok","high","high","high","high","ok",,"medium","true","C6","C6: Below 3.0°C","IMAGE 3.2","SSP2_SPA2_45I_LIRE","12.613433185099698","67.6607945920355","18.627217815780977","12.367367478210369","55.83627764909194","2.762493324609831","2.762493324609831","0.003704749"
"1089","SSP2021-SSP2-SPA2-45-Lifestyle-Renewables","IMAGE 3.2","Final Energy|Residential and Commercial|Electricity","EJ/yr","[object Object]",2055,5.166731964111328,"2.762493324609831","2.762493324609831","2100","55.83627764909194","2772.356970304116","GW6","ok","medium","ok","ok","ok","high","high","high","high","ok",,"medium","true","C6","C6: Below 3.0°C","IMAGE 3.2","SSP2_SPA2_45I_LIRE","12.613433185099698","67.6607945920355","18.627217815780977","12.367367478210369","55.83627764909194","2.762493324609831","2.762493324609831","0.003704749"
"1089","SSP2021-SSP2-SPA2-45-Lifestyle-Renewables","IMAGE 3.2","Final Energy|Residential and Commercial|Electricity","EJ/yr","[object Object]",2060,5.400898620605469,"2.762493324609831","2.762493324609831","2100","55.83627764909194","2772.356970304116","GW6","ok","medium","ok","ok","ok","high","high","high","high","ok",,"medium","true","C6","C6: Below 3.0°C","IMAGE 3.2","SSP2_SPA2_45I_LIRE","12.613433185099698","67.6607945920355","18.627217815780977","12.367367478210369","55.83627764909194","2.762493324609831","2.762493324609831","0.003704749"
"1089","SSP2021-SSP2-SPA2-45-Lifestyle-Renewables","IMAGE 3.2","Final Energy|Residential and Commercial|Electricity","EJ/yr","[object Object]",2065,5.607701324462891,"2.762493324609831","2.762493324609831","2100","55.83627764909194","2772.356970304116","GW6","ok","medium","ok","ok","ok","high","high","high","high","ok",,"medium","true","C6","C6: Below 3.0°C","IMAGE 3.2","SSP2_SPA2_45I_LIRE","12.613433185099698","67.6607945920355","18.627217815780977","12.367367478210369","55.83627764909194","2.762493324609831","2.762493324609831","0.003704749"
"1089","SSP2021-SSP2-SPA2-45-Lifestyle-Renewables","IMAGE 3.2","Final Energy|Residential and Commercial|Electricity","EJ/yr","[object Object]",2070,5.772476745605469,"2.762493324609831","2.762493324609831","2100","55.83627764909194","2772.356970304116","GW6","ok","medium","ok","ok","ok","high","high","high","high","ok",,"medium","true","C6","C6: Below 3.0°C","IMAGE 3.2","SSP2_SPA2_45I_LIRE","12.613433185099698","67.6607945920355","18.627217815780977","12.367367478210369","55.83627764909194","2.762493324609831","2.762493324609831","0.003704749"
"1089","SSP2021-SSP2-SPA2-45-Lifestyle-Renewables","IMAGE 3.2","Final Energy|Residential and Commercial|Electricity","EJ/yr","[object Object]",2075,5.925960021972656,"2.762493324609831","2.762493324609831","2100","55.83627764909194","2772.356970304116","GW6","ok","medium","ok","ok","ok","high","high","high","high","ok",,"medium","true","C6","C6: Below 3.0°C","IMAGE 3.2","SSP2_SPA2_45I_LIRE","12.613433185099698","67.6607945920355","18.627217815780977","12.367367478210369","55.83627764909194","2.762493324609831","2.762493324609831","0.003704749"
"1089","SSP2021-SSP2-SPA2-45-Lifestyle-Renewables","IMAGE 3.2","Final Energy|Residential and Commercial|Electricity","EJ/yr","[object Object]",2080,6.054131225585937,"2.762493324609831","2.762493324609831","2100","55.83627764909194","2772.356970304116","GW6","ok","medium","ok","ok","ok","high","high","high","high","ok",,"medium","true","C6","C6: Below 3.0°C","IMAGE 3.2","SSP2_SPA2_45I_LIRE","12.613433185099698","67.6607945920355","18.627217815780977","12.367367478210369","55.83627764909194","2.762493324609831","2.762493324609831","0.003704749"
"1089","SSP2021-SSP2-SPA2-45-Lifestyle-Renewables","IMAGE 3.2","Final Energy|Residential and Commercial|Electricity","EJ/yr","[object Object]",2085,6.116472534179688,"2.762493324609831","2.762493324609831","2100","55.83627764909194","2772.356970304116","GW6","ok","medium","ok","ok","ok","high","high","high","high","ok",,"medium","true","C6","C6: Below 3.0°C","IMAGE 3.2","SSP2_SPA2_45I_LIRE","12.613433185099698","67.6607945920355","18.627217815780977","12.367367478210369","55.83627764909194","2.762493324609831","2.762493324609831","0.003704749"
"1089","SSP2021-SSP2-SPA2-45-Lifestyle-Renewables","IMAGE 3.2","Final Energy|Residential and Commercial|Electricity","EJ/yr","[object Object]",2090,6.132829315185547,"2.762493324609831","2.762493324609831","2100","55.83627764909194","2772.356970304116","GW6","ok","medium","ok","ok","ok","high","high","high","high","ok",,"medium","true","C6","C6: Below 3.0°C","IMAGE 3.2","SSP2_SPA2_45I_LIRE","12.613433185099698","67.6607945920355","18.627217815780977","12.367367478210369","55.83627764909194","2.762493324609831","2.762493324609831","0.003704749"
"1089","SSP2021-SSP2-SPA2-45-Lifestyle-Renewables","IMAGE 3.2","Final Energy|Residential and Commercial|Electricity","EJ/yr","[object Object]",2095,6.075505615234375,"2.762493324609831","2.762493324609831","2100","55.83627764909194","2772.356970304116","GW6","ok","medium","ok","ok","ok","high","high","high","high","ok",,"medium","true","C6","C6: Below 3.0°C","IMAGE 3.2","SSP2_SPA2_45I_LIRE","12.613433185099698","67.6607945920355","18.627217815780977","12.367367478210369","55.83627764909194","2.762493324609831","2.762493324609831","0.003704749"
"1089","SSP2021-SSP2-SPA2-45-Lifestyle-Renewables","IMAGE 3.2","Final Energy|Residential and Commercial|Electricity","EJ/yr","[object Object]",2100,5.947821960449218,"2.762493324609831","2.762493324609831","2100","55.83627764909194","2772.356970304116","GW6","ok","medium","ok","ok","ok","high","high","high","high","ok",,"medium","true","C6","C6: Below 3.0°C","IMAGE 3.2","SSP2_SPA2_45I_LIRE","12.613433185099698","67.6607945920355","18.627217815780977","12.367367478210369","55.83627764909194","2.762493324609831","2.762493324609831","0.003704749"
"1090","SSP2021-SSP2-SPA2-45-Renewables","IMAGE 3.2","Final Energy|Residential and Commercial|Electricity","EJ/yr","[object Object]",2010,6.260581802368165,"2.654506403740323","2.654506403740323","2100","229.02075816240588","2817.0795274370876","GW6","ok","high","medium","ok","ok","high","high","high","high","ok",,"medium","true","C6","C6: Below 3.0°C","IMAGE 3.2","SSP2_SPA2_45I_RE","12.453373745140368","65.64618794112333","20.631743469014562","-1.751968570541834","229.02075816240588","2.654506403740323","2.654506403740323","0.003694022"
"1090","SSP2021-SSP2-SPA2-45-Renewables","IMAGE 3.2","Final Energy|Residential and Commercial|Electricity","EJ/yr","[object Object]",2015,6.566802246093751,"2.654506403740323","2.654506403740323","2100","229.02075816240588","2817.0795274370876","GW6","ok","high","medium","ok","ok","high","high","high","high","ok",,"medium","true","C6","C6: Below 3.0°C","IMAGE 3.2","SSP2_SPA2_45I_RE","12.453373745140368","65.64618794112333","20.631743469014562","-1.751968570541834","229.02075816240588","2.654506403740323","2.654506403740323","0.003694022"
"1090","SSP2021-SSP2-SPA2-45-Renewables","IMAGE 3.2","Final Energy|Residential and Commercial|Electricity","EJ/yr","[object Object]",2020,6.038696334838868,"2.654506403740323","2.654506403740323","2100","229.02075816240588","2817.0795274370876","GW6","ok","high","medium","ok","ok","high","high","high","high","ok",,"medium","true","C6","C6: Below 3.0°C","IMAGE 3.2","SSP2_SPA2_45I_RE","12.453373745140368","65.64618794112333","20.631743469014562","-1.751968570541834","229.02075816240588","2.654506403740323","2.654506403740323","0.003694022"
"1090","SSP2021-SSP2-SPA2-45-Renewables","IMAGE 3.2","Final Energy|Residential and Commercial|Electricity","EJ/yr","[object Object]",2025,6.43231381225586,"2.654506403740323","2.654506403740323","2100","229.02075816240588","2817.0795274370876","GW6","ok","high","medium","ok","ok","high","high","high","high","ok",,"medium","true","C6","C6: Below 3.0°C","IMAGE 3.2","SSP2_SPA2_45I_RE","12.453373745140368","65.64618794112333","20.631743469014562","-1.751968570541834","229.02075816240588","2.654506403740323","2.654506403740323","0.003694022"
"1090","SSP2021-SSP2-SPA2-45-Renewables","IMAGE 3.2","Final Energy|Residential and Commercial|Electricity","EJ/yr","[object Object]",2030,5.98874008178711,"2.654506403740323","2.654506403740323","2100","229.02075816240588","2817.0795274370876","GW6","ok","high","medium","ok","ok","high","high","high","high","ok",,"medium","true","C6","C6: Below 3.0°C","IMAGE 3.2","SSP2_SPA2_45I_RE","12.453373745140368","65.64618794112333","20.631743469014562","-1.751968570541834","229.02075816240588","2.654506403740323","2.654506403740323","0.003694022"
"1090","SSP2021-SSP2-SPA2-45-Renewables","IMAGE 3.2","Final Energy|Residential and Commercial|Electricity","EJ/yr","[object Object]",2035,5.73645068359375,"2.654506403740323","2.654506403740323","2100","229.02075816240588","2817.0795274370876","GW6","ok","high","medium","ok","ok","high","high","high","high","ok",,"medium","true","C6","C6: Below 3.0°C","IMAGE 3.2","SSP2_SPA2_45I_RE","12.453373745140368","65.64618794112333","20.631743469014562","-1.751968570541834","229.02075816240588","2.654506403740323","2.654506403740323","0.003694022"
"1090","SSP2021-SSP2-SPA2-45-Renewables","IMAGE 3.2","Final Energy|Residential and Commercial|Electricity","EJ/yr","[object Object]",2040,5.443998687744141,"2.654506403740323","2.654506403740323","2100","229.02075816240588","2817.0795274370876","GW6","ok","high","medium","ok","ok","high","high","high","high","ok",,"medium","true","C6","C6: Below 3.0°C","IMAGE 3.2","SSP2_SPA2_45I_RE","12.453373745140368","65.64618794112333","20.631743469014562","-1.751968570541834","229.02075816240588","2.654506403740323","2.654506403740323","0.003694022"
"1090","SSP2021-SSP2-SPA2-45-Renewables","IMAGE 3.2","Final Energy|Residential and Commercial|Electricity","EJ/yr","[object Object]",2045,5.224407470703126,"2.654506403740323","2.654506403740323","2100","229.02075816240588","2817.0795274370876","GW6","ok","high","medium","ok","ok","high","high","high","high","ok",,"medium","true","C6","C6: Below 3.0°C","IMAGE 3.2","SSP2_SPA2_45I_RE","12.453373745140368","65.64618794112333","20.631743469014562","-1.751968570541834","229.02075816240588","2.654506403740323","2.654506403740323","0.003694022"
"1090","SSP2021-SSP2-SPA2-45-Renewables","IMAGE 3.2","Final Energy|Residential and Commercial|Electricity","EJ/yr","[object Object]",2050,5.237808959960938,"2.654506403740323","2.654506403740323","2100","229.02075816240588","2817.0795274370876","GW6","ok","high","medium","ok","ok","high","high","high","high","ok",,"medium","true","C6","C6: Below 3.0°C","IMAGE 3.2","SSP2_SPA2_45I_RE","12.453373745140368","65.64618794112333","20.631743469014562","-1.751968570541834","229.02075816240588","2.654506403740323","2.654506403740323","0.003694022"
"1090","SSP2021-SSP2-SPA2-45-Renewables","IMAGE 3.2","Final Energy|Residential and Commercial|Electricity","EJ/yr","[object Object]",2055,5.391671600341797,"2.654506403740323","2.654506403740323","2100","229.02075816240588","2817.0795274370876","GW6","ok","high","medium","ok","ok","high","high","high","high","ok",,"medium","true","C6","C6: Below 3.0°C","IMAGE 3.2","SSP2_SPA2_45I_RE","12.453373745140368","65.64618794112333","20.631743469014562","-1.751968570541834","229.02075816240588","2.654506403740323","2.654506403740323","0.003694022"
"1090","SSP2021-SSP2-SPA2-45-Renewables","IMAGE 3.2","Final Energy|Residential and Commercial|Electricity","EJ/yr","[object Object]",2060,5.682962310791016,"2.654506403740323","2.654506403740323","2100","229.02075816240588","2817.0795274370876","GW6","ok","high","medium","ok","ok","high","high","high","high","ok",,"medium","true","C6","C6: Below 3.0°C","IMAGE 3.2","SSP2_SPA2_45I_RE","12.453373745140368","65.64618794112333","20.631743469014562","-1.751968570541834","229.02075816240588","2.654506403740323","2.654506403740323","0.003694022"
"1090","SSP2021-SSP2-SPA2-45-Renewables","IMAGE 3.2","Final Energy|Residential and Commercial|Electricity","EJ/yr","[object Object]",2065,5.952771148681641,"2.654506403740323","2.654506403740323","2100","229.02075816240588","2817.0795274370876","GW6","ok","high","medium","ok","ok","high","high","high","high","ok",,"medium","true","C6","C6: Below 3.0°C","IMAGE 3.2","SSP2_SPA2_45I_RE","12.453373745140368","65.64618794112333","20.631743469014562","-1.751968570541834","229.02075816240588","2.654506403740323","2.654506403740323","0.003694022"
"1090","SSP2021-SSP2-SPA2-45-Renewables","IMAGE 3.2","Final Energy|Residential and Commercial|Electricity","EJ/yr","[object Object]",2070,6.148977325439453,"2.654506403740323","2.654506403740323","2100","229.02075816240588","2817.0795274370876","GW6","ok","high","medium","ok","ok","high","high","high","high","ok",,"medium","true","C6","C6: Below 3.0°C","IMAGE 3.2","SSP2_SPA2_45I_RE","12.453373745140368","65.64618794112333","20.631743469014562","-1.751968570541834","229.02075816240588","2.654506403740323","2.654506403740323","0.003694022"
"1090","SSP2021-SSP2-SPA2-45-Renewables","IMAGE 3.2","Final Energy|Residential and Commercial|Electricity","EJ/yr","[object Object]",2075,6.306375091552734,"2.654506403740323","2.654506403740323","2100","229.02075816240588","2817.0795274370876","GW6","ok","high","medium","ok","ok","high","high","high","high","ok",,"medium","true","C6","C6: Below 3.0°C","IMAGE 3.2","SSP2_SPA2_45I_RE","12.453373745140368","65.64618794112333","20.631743469014562","-1.751968570541834","229.02075816240588","2.654506403740323","2.654506403740323","0.003694022"
"1090","SSP2021-SSP2-SPA2-45-Renewables","IMAGE 3.2","Final Energy|Residential and Commercial|Electricity","EJ/yr","[object Object]",2080,6.46358969116211,"2.654506403740323","2.654506403740323","2100","229.02075816240588","2817.0795274370876","GW6","ok","high","medium","ok","ok","high","high","high","high","ok",,"medium","true","C6","C6: Below 3.0°C","IMAGE 3.2","SSP2_SPA2_45I_RE","12.453373745140368","65.64618794112333","20.631743469014562","-1.751968570541834","229.02075816240588","2.654506403740323","2.654506403740323","0.003694022"
"1090","SSP2021-SSP2-SPA2-45-Renewables","IMAGE 3.2","Final Energy|Residential and Commercial|Electricity","EJ/yr","[object Object]",2085,6.601694549560548,"2.654506403740323","2.654506403740323","2100","229.02075816240588","2817.0795274370876","GW6","ok","high","medium","ok","ok","high","high","high","high","ok",,"medium","true","C6","C6: Below 3.0°C","IMAGE 3.2","SSP2_SPA2_45I_RE","12.453373745140368","65.64618794112333","20.631743469014562","-1.751968570541834","229.02075816240588","2.654506403740323","2.654506403740323","0.003694022"
"1090","SSP2021-SSP2-SPA2-45-Renewables","IMAGE 3.2","Final Energy|Residential and Commercial|Electricity","EJ/yr","[object Object]",2090,6.664002197265625,"2.654506403740323","2.654506403740323","2100","229.02075816240588","2817.0795274370876","GW6","ok","high","medium","ok","ok","high","high","high","high","ok",,"medium","true","C6","C6: Below 3.0°C","IMAGE 3.2","SSP2_SPA2_45I_RE","12.453373745140368","65.64618794112333","20.631743469014562","-1.751968570541834","229.02075816240588","2.654506403740323","2.654506403740323","0.003694022"
"1090","SSP2021-SSP2-SPA2-45-Renewables","IMAGE 3.2","Final Energy|Residential and Commercial|Electricity","EJ/yr","[object Object]",2095,6.658548614501953,"2.654506403740323","2.654506403740323","2100","229.02075816240588","2817.0795274370876","GW6","ok","high","medium","ok","ok","high","high","high","high","ok",,"medium","true","C6","C6: Below 3.0°C","IMAGE 3.2","SSP2_SPA2_45I_RE","12.453373745140368","65.64618794112333","20.631743469014562","-1.751968570541834","229.02075816240588","2.654506403740323","2.654506403740323","0.003694022"
"1090","SSP2021-SSP2-SPA2-45-Renewables","IMAGE 3.2","Final Energy|Residential and Commercial|Electricity","EJ/yr","[object Object]",2100,6.628781555175781,"2.654506403740323","2.654506403740323","2100","229.02075816240588","2817.0795274370876","GW6","ok","high","medium","ok","ok","high","high","high","high","ok",,"medium","true","C6","C6: Below 3.0°C","IMAGE 3.2","SSP2_SPA2_45I_RE","12.453373745140368","65.64618794112333","20.631743469014562","-1.751968570541834","229.02075816240588","2.654506403740323","2.654506403740323","0.003694022"
"1186","LeastTotalCost-Base-brkLR15-SSP1-P50","REMIND 2.1","Final Energy|Residential and Commercial|Electricity","EJ/yr","[object Object]",2010,6.2704,"2.685539268425067","2.683675216845911","2100","0","2467.9079053000005","GW6","ok","medium","ok","ok","ok","medium",,"medium","high","ok",,"medium","true","C6","C6: Below 3.0°C","REMIND 2.1","LeastTotalCost_Base_brkLR15_SSP1_P50","20.380022744503414","58.209653228730595","21.012501236114314",,"0","2.683675216845911","2.685539268425067","0.002813362"
"1186","LeastTotalCost-Base-brkLR15-SSP1-P50","REMIND 2.1","Final Energy|Residential and Commercial|Electricity","EJ/yr","[object Object]",2015,5.8465,"2.685539268425067","2.683675216845911","2100","0","2467.9079053000005","GW6","ok","medium","ok","ok","ok","medium",,"medium","high","ok",,"medium","true","C6","C6: Below 3.0°C","REMIND 2.1","LeastTotalCost_Base_brkLR15_SSP1_P50","20.380022744503414","58.209653228730595","21.012501236114314",,"0","2.683675216845911","2.685539268425067","0.002813362"
"1186","LeastTotalCost-Base-brkLR15-SSP1-P50","REMIND 2.1","Final Energy|Residential and Commercial|Electricity","EJ/yr","[object Object]",2020,6.4479,"2.685539268425067","2.683675216845911","2100","0","2467.9079053000005","GW6","ok","medium","ok","ok","ok","medium",,"medium","high","ok",,"medium","true","C6","C6: Below 3.0°C","REMIND 2.1","LeastTotalCost_Base_brkLR15_SSP1_P50","20.380022744503414","58.209653228730595","21.012501236114314",,"0","2.683675216845911","2.685539268425067","0.002813362"
"1186","LeastTotalCost-Base-brkLR15-SSP1-P50","REMIND 2.1","Final Energy|Residential and Commercial|Electricity","EJ/yr","[object Object]",2025,6.9105,"2.685539268425067","2.683675216845911","2100","0","2467.9079053000005","GW6","ok","medium","ok","ok","ok","medium",,"medium","high","ok",,"medium","true","C6","C6: Below 3.0°C","REMIND 2.1","LeastTotalCost_Base_brkLR15_SSP1_P50","20.380022744503414","58.209653228730595","21.012501236114314",,"0","2.683675216845911","2.685539268425067","0.002813362"
"1186","LeastTotalCost-Base-brkLR15-SSP1-P50","REMIND 2.1","Final Energy|Residential and Commercial|Electricity","EJ/yr","[object Object]",2030,7.0102,"2.685539268425067","2.683675216845911","2100","0","2467.9079053000005","GW6","ok","medium","ok","ok","ok","medium",,"medium","high","ok",,"medium","true","C6","C6: Below 3.0°C","REMIND 2.1","LeastTotalCost_Base_brkLR15_SSP1_P50","20.380022744503414","58.209653228730595","21.012501236114314",,"0","2.683675216845911","2.685539268425067","0.002813362"
"1186","LeastTotalCost-Base-brkLR15-SSP1-P50","REMIND 2.1","Final Energy|Residential and Commercial|Electricity","EJ/yr","[object Object]",2035,6.9345,"2.685539268425067","2.683675216845911","2100","0","2467.9079053000005","GW6","ok","medium","ok","ok","ok","medium",,"medium","high","ok",,"medium","true","C6","C6: Below 3.0°C","REMIND 2.1","LeastTotalCost_Base_brkLR15_SSP1_P50","20.380022744503414","58.209653228730595","21.012501236114314",,"0","2.683675216845911","2.685539268425067","0.002813362"
"1186","LeastTotalCost-Base-brkLR15-SSP1-P50","REMIND 2.1","Final Energy|Residential and Commercial|Electricity","EJ/yr","[object Object]",2040,6.5034,"2.685539268425067","2.683675216845911","2100","0","2467.9079053000005","GW6","ok","medium","ok","ok","ok","medium",,"medium","high","ok",,"medium","true","C6","C6: Below 3.0°C","REMIND 2.1","LeastTotalCost_Base_brkLR15_SSP1_P50","20.380022744503414","58.209653228730595","21.012501236114314",,"0","2.683675216845911","2.685539268425067","0.002813362"
"1186","LeastTotalCost-Base-brkLR15-SSP1-P50","REMIND 2.1","Final Energy|Residential and Commercial|Electricity","EJ/yr","[object Object]",2045,5.9382,"2.685539268425067","2.683675216845911","2100","0","2467.9079053000005","GW6","ok","medium","ok","ok","ok","medium",,"medium","high","ok",,"medium","true","C6","C6: Below 3.0°C","REMIND 2.1","LeastTotalCost_Base_brkLR15_SSP1_P50","20.380022744503414","58.209653228730595","21.012501236114314",,"0","2.683675216845911","2.685539268425067","0.002813362"
"1186","LeastTotalCost-Base-brkLR15-SSP1-P50","REMIND 2.1","Final Energy|Residential and Commercial|Electricity","EJ/yr","[object Object]",2050,5.3692,"2.685539268425067","2.683675216845911","2100","0","2467.9079053000005","GW6","ok","medium","ok","ok","ok","medium",,"medium","high","ok",,"medium","true","C6","C6: Below 3.0°C","REMIND 2.1","LeastTotalCost_Base_brkLR15_SSP1_P50","20.380022744503414","58.209653228730595","21.012501236114314",,"0","2.683675216845911","2.685539268425067","0.002813362"
"1186","LeastTotalCost-Base-brkLR15-SSP1-P50","REMIND 2.1","Final Energy|Residential and Commercial|Electricity","EJ/yr","[object Object]",2055,4.8674,"2.685539268425067","2.683675216845911","2100","0","2467.9079053000005","GW6","ok","medium","ok","ok","ok","medium",,"medium","high","ok",,"medium","true","C6","C6: Below 3.0°C","REMIND 2.1","LeastTotalCost_Base_brkLR15_SSP1_P50","20.380022744503414","58.209653228730595","21.012501236114314",,"0","2.683675216845911","2.685539268425067","0.002813362"
"1186","LeastTotalCost-Base-brkLR15-SSP1-P50","REMIND 2.1","Final Energy|Residential and Commercial|Electricity","EJ/yr","[object Object]",2060,4.6288,"2.685539268425067","2.683675216845911","2100","0","2467.9079053000005","GW6","ok","medium","ok","ok","ok","medium",,"medium","high","ok",,"medium","true","C6","C6: Below 3.0°C","REMIND 2.1","LeastTotalCost_Base_brkLR15_SSP1_P50","20.380022744503414","58.209653228730595","21.012501236114314",,"0","2.683675216845911","2.685539268425067","0.002813362"
"1186","LeastTotalCost-Base-brkLR15-SSP1-P50","REMIND 2.1","Final Energy|Residential and Commercial|Electricity","EJ/yr","[object Object]",2070,4.5546,"2.685539268425067","2.683675216845911","2100","0","2467.9079053000005","GW6","ok","medium","ok","ok","ok","medium",,"medium","high","ok",,"medium","true","C6","C6: Below 3.0°C","REMIND 2.1","LeastTotalCost_Base_brkLR15_SSP1_P50","20.380022744503414","58.209653228730595","21.012501236114314",,"0","2.683675216845911","2.685539268425067","0.002813362"
"1186","LeastTotalCost-Base-brkLR15-SSP1-P50","REMIND 2.1","Final Energy|Residential and Commercial|Electricity","EJ/yr","[object Object]",2080,4.672,"2.685539268425067","2.683675216845911","2100","0","2467.9079053000005","GW6","ok","medium","ok","ok","ok","medium",,"medium","high","ok",,"medium","true","C6","C6: Below 3.0°C","REMIND 2.1","LeastTotalCost_Base_brkLR15_SSP1_P50","20.380022744503414","58.209653228730595","21.012501236114314",,"0","2.683675216845911","2.685539268425067","0.002813362"
"1186","LeastTotalCost-Base-brkLR15-SSP1-P50","REMIND 2.1","Final Energy|Residential and Commercial|Electricity","EJ/yr","[object Object]",2090,4.6775,"2.685539268425067","2.683675216845911","2100","0","2467.9079053000005","GW6","ok","medium","ok","ok","ok","medium",,"medium","high","ok",,"medium","true","C6","C6: Below 3.0°C","REMIND 2.1","LeastTotalCost_Base_brkLR15_SSP1_P50","20.380022744503414","58.209653228730595","21.012501236114314",,"0","2.683675216845911","2.685539268425067","0.002813362"
"1186","LeastTotalCost-Base-brkLR15-SSP1-P50","REMIND 2.1","Final Energy|Residential and Commercial|Electricity","EJ/yr","[object Object]",2100,4.7363,"2.685539268425067","2.683675216845911","2100","0","2467.9079053000005","GW6","ok","medium","ok","ok","ok","medium",,"medium","high","ok",,"medium","true","C6","C6: Below 3.0°C","REMIND 2.1","LeastTotalCost_Base_brkLR15_SSP1_P50","20.380022744503414","58.209653228730595","21.012501236114314",,"0","2.683675216845911","2.685539268425067","0.002813362"
"1189","LeastTotalCost-Base-brkSR15-SSP1-P50","REMIND 2.1","Final Energy|Residential and Commercial|Electricity","EJ/yr","[object Object]",2010,6.2649,"2.6097696800267","2.604922876401898","2100","0","2491.6422611500006","GW6","ok","medium","ok","ok","ok","medium",,"medium","high","ok",,"medium","true","C6","C6: Below 3.0°C","REMIND 2.1","LeastTotalCost_Base_brkSR15_SSP1_P50","19.316852923181774","60.59590468003376","19.713761297367626",,"0","2.604922876401898","2.6097696800267","0.002826564"
"1189","LeastTotalCost-Base-brkSR15-SSP1-P50","REMIND 2.1","Final Energy|Residential and Commercial|Electricity","EJ/yr","[object Object]",2015,5.8397,"2.6097696800267","2.604922876401898","2100","0","2491.6422611500006","GW6","ok","medium","ok","ok","ok","medium",,"medium","high","ok",,"medium","true","C6","C6: Below 3.0°C","REMIND 2.1","LeastTotalCost_Base_brkSR15_SSP1_P50","19.316852923181774","60.59590468003376","19.713761297367626",,"0","2.604922876401898","2.6097696800267","0.002826564"
"1189","LeastTotalCost-Base-brkSR15-SSP1-P50","REMIND 2.1","Final Energy|Residential and Commercial|Electricity","EJ/yr","[object Object]",2020,6.4543,"2.6097696800267","2.604922876401898","2100","0","2491.6422611500006","GW6","ok","medium","ok","ok","ok","medium",,"medium","high","ok",,"medium","true","C6","C6: Below 3.0°C","REMIND 2.1","LeastTotalCost_Base_brkSR15_SSP1_P50","19.316852923181774","60.59590468003376","19.713761297367626",,"0","2.604922876401898","2.6097696800267","0.002826564"
"1189","LeastTotalCost-Base-brkSR15-SSP1-P50","REMIND 2.1","Final Energy|Residential and Commercial|Electricity","EJ/yr","[object Object]",2025,6.937,"2.6097696800267","2.604922876401898","2100","0","2491.6422611500006","GW6","ok","medium","ok","ok","ok","medium",,"medium","high","ok",,"medium","true","C6","C6: Below 3.0°C","REMIND 2.1","LeastTotalCost_Base_brkSR15_SSP1_P50","19.316852923181774","60.59590468003376","19.713761297367626",,"0","2.604922876401898","2.6097696800267","0.002826564"
"1189","LeastTotalCost-Base-brkSR15-SSP1-P50","REMIND 2.1","Final Energy|Residential and Commercial|Electricity","EJ/yr","[object Object]",2030,7.0415,"2.6097696800267","2.604922876401898","2100","0","2491.6422611500006","GW6","ok","medium","ok","ok","ok","medium",,"medium","high","ok",,"medium","true","C6","C6: Below 3.0°C","REMIND 2.1","LeastTotalCost_Base_brkSR15_SSP1_P50","19.316852923181774","60.59590468003376","19.713761297367626",,"0","2.604922876401898","2.6097696800267","0.002826564"
"1189","LeastTotalCost-Base-brkSR15-SSP1-P50","REMIND 2.1","Final Energy|Residential and Commercial|Electricity","EJ/yr","[object Object]",2035,7.0205,"2.6097696800267","2.604922876401898","2100","0","2491.6422611500006","GW6","ok","medium","ok","ok","ok","medium",,"medium","high","ok",,"medium","true","C6","C6: Below 3.0°C","REMIND 2.1","LeastTotalCost_Base_brkSR15_SSP1_P50","19.316852923181774","60.59590468003376","19.713761297367626",,"0","2.604922876401898","2.6097696800267","0.002826564"
"1189","LeastTotalCost-Base-brkSR15-SSP1-P50","REMIND 2.1","Final Energy|Residential and Commercial|Electricity","EJ/yr","[object Object]",2040,6.6785,"2.6097696800267","2.604922876401898","2100","0","2491.6422611500006","GW6","ok","medium","ok","ok","ok","medium",,"medium","high","ok",,"medium","true","C6","C6: Below 3.0°C","REMIND 2.1","LeastTotalCost_Base_brkSR15_SSP1_P50","19.316852923181774","60.59590468003376","19.713761297367626",,"0","2.604922876401898","2.6097696800267","0.002826564"
"1189","LeastTotalCost-Base-brkSR15-SSP1-P50","REMIND 2.1","Final Energy|Residential and Commercial|Electricity","EJ/yr","[object Object]",2045,6.2313,"2.6097696800267","2.604922876401898","2100","0","2491.6422611500006","GW6","ok","medium","ok","ok","ok","medium",,"medium","high","ok",,"medium","true","C6","C6: Below 3.0°C","REMIND 2.1","LeastTotalCost_Base_brkSR15_SSP1_P50","19.316852923181774","60.59590468003376","19.713761297367626",,"0","2.604922876401898","2.6097696800267","0.002826564"
"1189","LeastTotalCost-Base-brkSR15-SSP1-P50","REMIND 2.1","Final Energy|Residential and Commercial|Electricity","EJ/yr","[object Object]",2050,5.7735,"2.6097696800267","2.604922876401898","2100","0","2491.6422611500006","GW6","ok","medium","ok","ok","ok","medium",,"medium","high","ok",,"medium","true","C6","C6: Below 3.0°C","REMIND 2.1","LeastTotalCost_Base_brkSR15_SSP1_P50","19.316852923181774","60.59590468003376","19.713761297367626",,"0","2.604922876401898","2.6097696800267","0.002826564"
"1189","LeastTotalCost-Base-brkSR15-SSP1-P50","REMIND 2.1","Final Energy|Residential and Commercial|Electricity","EJ/yr","[object Object]",2055,5.3407,"2.6097696800267","2.604922876401898","2100","0","2491.6422611500006","GW6","ok","medium","ok","ok","ok","medium",,"medium","high","ok",,"medium","true","C6","C6: Below 3.0°C","REMIND 2.1","LeastTotalCost_Base_brkSR15_SSP1_P50","19.316852923181774","60.59590468003376","19.713761297367626",,"0","2.604922876401898","2.6097696800267","0.002826564"
"1189","LeastTotalCost-Base-brkSR15-SSP1-P50","REMIND 2.1","Final Energy|Residential and Commercial|Electricity","EJ/yr","[object Object]",2060,5.072,"2.6097696800267","2.604922876401898","2100","0","2491.6422611500006","GW6","ok","medium","ok","ok","ok","medium",,"medium","high","ok",,"medium","true","C6","C6: Below 3.0°C","REMIND 2.1","LeastTotalCost_Base_brkSR15_SSP1_P50","19.316852923181774","60.59590468003376","19.713761297367626",,"0","2.604922876401898","2.6097696800267","0.002826564"
"1189","LeastTotalCost-Base-brkSR15-SSP1-P50","REMIND 2.1","Final Energy|Residential and Commercial|Electricity","EJ/yr","[object Object]",2070,5.0434,"2.6097696800267","2.604922876401898","2100","0","2491.6422611500006","GW6","ok","medium","ok","ok","ok","medium",,"medium","high","ok",,"medium","true","C6","C6: Below 3.0°C","REMIND 2.1","LeastTotalCost_Base_brkSR15_SSP1_P50","19.316852923181774","60.59590468003376","19.713761297367626",,"0","2.604922876401898","2.6097696800267","0.002826564"
"1189","LeastTotalCost-Base-brkSR15-SSP1-P50","REMIND 2.1","Final Energy|Residential and Commercial|Electricity","EJ/yr","[object Object]",2080,5.3079,"2.6097696800267","2.604922876401898","2100","0","2491.6422611500006","GW6","ok","medium","ok","ok","ok","medium",,"medium","high","ok",,"medium","true","C6","C6: Below 3.0°C","REMIND 2.1","LeastTotalCost_Base_brkSR15_SSP1_P50","19.316852923181774","60.59590468003376","19.713761297367626",,"0","2.604922876401898","2.6097696800267","0.002826564"
"1189","LeastTotalCost-Base-brkSR15-SSP1-P50","REMIND 2.1","Final Energy|Residential and Commercial|Electricity","EJ/yr","[object Object]",2090,5.4586,"2.6097696800267","2.604922876401898","2100","0","2491.6422611500006","GW6","ok","medium","ok","ok","ok","medium",,"medium","high","ok",,"medium","true","C6","C6: Below 3.0°C","REMIND 2.1","LeastTotalCost_Base_brkSR15_SSP1_P50","19.316852923181774","60.59590468003376","19.713761297367626",,"0","2.604922876401898","2.6097696800267","0.002826564"
"1189","LeastTotalCost-Base-brkSR15-SSP1-P50","REMIND 2.1","Final Energy|Residential and Commercial|Electricity","EJ/yr","[object Object]",2100,5.605,"2.6097696800267","2.604922876401898","2100","0","2491.6422611500006","GW6","ok","medium","ok","ok","ok","medium",,"medium","high","ok",,"medium","true","C6","C6: Below 3.0°C","REMIND 2.1","LeastTotalCost_Base_brkSR15_SSP1_P50","19.316852923181774","60.59590468003376","19.713761297367626",,"0","2.604922876401898","2.6097696800267","0.002826564"
"1213","R2p1-SSP1-Baseline","REMIND 2.1","Final Energy|Residential and Commercial|Electricity","EJ/yr","[object Object]",2010,6.2837,"2.646822818651722","2.646822818651722","2100","0","2405.96588595","GW6","ok","medium","ok","ok","medium","medium",,"medium","high","ok",,"medium","true","C6","C6: Below 3.0°C","REMIND 2.1","R2p1_SSP1-Base","26.08380063192053","53.135407474879734","20.621998479161668",,"0","2.646822818651722","2.646822818651722","0.002856559"
"1213","R2p1-SSP1-Baseline","REMIND 2.1","Final Energy|Residential and Commercial|Electricity","EJ/yr","[object Object]",2015,5.7973,"2.646822818651722","2.646822818651722","2100","0","2405.96588595","GW6","ok","medium","ok","ok","medium","medium",,"medium","high","ok",,"medium","true","C6","C6: Below 3.0°C","REMIND 2.1","R2p1_SSP1-Base","26.08380063192053","53.135407474879734","20.621998479161668",,"0","2.646822818651722","2.646822818651722","0.002856559"
"1213","R2p1-SSP1-Baseline","REMIND 2.1","Final Energy|Residential and Commercial|Electricity","EJ/yr","[object Object]",2020,6.4871,"2.646822818651722","2.646822818651722","2100","0","2405.96588595","GW6","ok","medium","ok","ok","medium","medium",,"medium","high","ok",,"medium","true","C6","C6: Below 3.0°C","REMIND 2.1","R2p1_SSP1-Base","26.08380063192053","53.135407474879734","20.621998479161668",,"0","2.646822818651722","2.646822818651722","0.002856559"
"1213","R2p1-SSP1-Baseline","REMIND 2.1","Final Energy|Residential and Commercial|Electricity","EJ/yr","[object Object]",2025,6.9724,"2.646822818651722","2.646822818651722","2100","0","2405.96588595","GW6","ok","medium","ok","ok","medium","medium",,"medium","high","ok",,"medium","true","C6","C6: Below 3.0°C","REMIND 2.1","R2p1_SSP1-Base","26.08380063192053","53.135407474879734","20.621998479161668",,"0","2.646822818651722","2.646822818651722","0.002856559"
"1213","R2p1-SSP1-Baseline","REMIND 2.1","Final Energy|Residential and Commercial|Electricity","EJ/yr","[object Object]",2030,7.1365,"2.646822818651722","2.646822818651722","2100","0","2405.96588595","GW6","ok","medium","ok","ok","medium","medium",,"medium","high","ok",,"medium","true","C6","C6: Below 3.0°C","REMIND 2.1","R2p1_SSP1-Base","26.08380063192053","53.135407474879734","20.621998479161668",,"0","2.646822818651722","2.646822818651722","0.002856559"
"1213","R2p1-SSP1-Baseline","REMIND 2.1","Final Energy|Residential and Commercial|Electricity","EJ/yr","[object Object]",2035,7.1415,"2.646822818651722","2.646822818651722","2100","0","2405.96588595","GW6","ok","medium","ok","ok","medium","medium",,"medium","high","ok",,"medium","true","C6","C6: Below 3.0°C","REMIND 2.1","R2p1_SSP1-Base","26.08380063192053","53.135407474879734","20.621998479161668",,"0","2.646822818651722","2.646822818651722","0.002856559"
"1213","R2p1-SSP1-Baseline","REMIND 2.1","Final Energy|Residential and Commercial|Electricity","EJ/yr","[object Object]",2040,6.8268,"2.646822818651722","2.646822818651722","2100","0","2405.96588595","GW6","ok","medium","ok","ok","medium","medium",,"medium","high","ok",,"medium","true","C6","C6: Below 3.0°C","REMIND 2.1","R2p1_SSP1-Base","26.08380063192053","53.135407474879734","20.621998479161668",,"0","2.646822818651722","2.646822818651722","0.002856559"
"1213","R2p1-SSP1-Baseline","REMIND 2.1","Final Energy|Residential and Commercial|Electricity","EJ/yr","[object Object]",2045,6.4495,"2.646822818651722","2.646822818651722","2100","0","2405.96588595","GW6","ok","medium","ok","ok","medium","medium",,"medium","high","ok",,"medium","true","C6","C6: Below 3.0°C","REMIND 2.1","R2p1_SSP1-Base","26.08380063192053","53.135407474879734","20.621998479161668",,"0","2.646822818651722","2.646822818651722","0.002856559"
"1213","R2p1-SSP1-Baseline","REMIND 2.1","Final Energy|Residential and Commercial|Electricity","EJ/yr","[object Object]",2050,6.0803,"2.646822818651722","2.646822818651722","2100","0","2405.96588595","GW6","ok","medium","ok","ok","medium","medium",,"medium","high","ok",,"medium","true","C6","C6: Below 3.0°C","REMIND 2.1","R2p1_SSP1-Base","26.08380063192053","53.135407474879734","20.621998479161668",,"0","2.646822818651722","2.646822818651722","0.002856559"
"1213","R2p1-SSP1-Baseline","REMIND 2.1","Final Energy|Residential and Commercial|Electricity","EJ/yr","[object Object]",2055,5.8186,"2.646822818651722","2.646822818651722","2100","0","2405.96588595","GW6","ok","medium","ok","ok","medium","medium",,"medium","high","ok",,"medium","true","C6","C6: Below 3.0°C","REMIND 2.1","R2p1_SSP1-Base","26.08380063192053","53.135407474879734","20.621998479161668",,"0","2.646822818651722","2.646822818651722","0.002856559"
"1213","R2p1-SSP1-Baseline","REMIND 2.1","Final Energy|Residential and Commercial|Electricity","EJ/yr","[object Object]",2060,5.6609,"2.646822818651722","2.646822818651722","2100","0","2405.96588595","GW6","ok","medium","ok","ok","medium","medium",,"medium","high","ok",,"medium","true","C6","C6: Below 3.0°C","REMIND 2.1","R2p1_SSP1-Base","26.08380063192053","53.135407474879734","20.621998479161668",,"0","2.646822818651722","2.646822818651722","0.002856559"
"1213","R2p1-SSP1-Baseline","REMIND 2.1","Final Energy|Residential and Commercial|Electricity","EJ/yr","[object Object]",2070,5.6577,"2.646822818651722","2.646822818651722","2100","0","2405.96588595","GW6","ok","medium","ok","ok","medium","medium",,"medium","high","ok",,"medium","true","C6","C6: Below 3.0°C","REMIND 2.1","R2p1_SSP1-Base","26.08380063192053","53.135407474879734","20.621998479161668",,"0","2.646822818651722","2.646822818651722","0.002856559"
"1213","R2p1-SSP1-Baseline","REMIND 2.1","Final Energy|Residential and Commercial|Electricity","EJ/yr","[object Object]",2080,5.8881,"2.646822818651722","2.646822818651722","2100","0","2405.96588595","GW6","ok","medium","ok","ok","medium","medium",,"medium","high","ok",,"medium","true","C6","C6: Below 3.0°C","REMIND 2.1","R2p1_SSP1-Base","26.08380063192053","53.135407474879734","20.621998479161668",,"0","2.646822818651722","2.646822818651722","0.002856559"
"1213","R2p1-SSP1-Baseline","REMIND 2.1","Final Energy|Residential and Commercial|Electricity","EJ/yr","[object Object]",2090,5.9691,"2.646822818651722","2.646822818651722","2100","0","2405.96588595","GW6","ok","medium","ok","ok","medium","medium",,"medium","high","ok",,"medium","true","C6","C6: Below 3.0°C","REMIND 2.1","R2p1_SSP1-Base","26.08380063192053","53.135407474879734","20.621998479161668",,"0","2.646822818651722","2.646822818651722","0.002856559"
"1213","R2p1-SSP1-Baseline","REMIND 2.1","Final Energy|Residential and Commercial|Electricity","EJ/yr","[object Object]",2100,6.0402,"2.646822818651722","2.646822818651722","2100","0","2405.96588595","GW6","ok","medium","ok","ok","medium","medium",,"medium","high","ok",,"medium","true","C6","C6: Below 3.0°C","REMIND 2.1","R2p1_SSP1-Base","26.08380063192053","53.135407474879734","20.621998479161668",,"0","2.646822818651722","2.646822818651722","0.002856559"
"1250","PEP-Good-Practice","REMIND-MAgPIE 1.7-3.0","Final Energy|Residential and Commercial|Electricity","EJ/yr","[object Object]",2010,6.2166,"2.507146738217118","2.507146738217118","2100","417.2664388","2408.5202917000006","GW6","failed","medium","ok","ok","medium","medium",,"medium","medium","ok",,"ok","true","C6","C6: Below 3.0°C","REMIND-MAgPIE 1.7-3.0","PEP_goodpractice","33.69012018638056","53.94889075747133","8.466785946854987","0.13138880157606536","417.2664388","2.507146738217118","2.507146738217118",
"1250","PEP-Good-Practice","REMIND-MAgPIE 1.7-3.0","Final Energy|Residential and Commercial|Electricity","EJ/yr","[object Object]",2015,6.5647,"2.507146738217118","2.507146738217118","2100","417.2664388","2408.5202917000006","GW6","failed","medium","ok","ok","medium","medium",,"medium","medium","ok",,"ok","true","C6","C6: Below 3.0°C","REMIND-MAgPIE 1.7-3.0","PEP_goodpractice","33.69012018638056","53.94889075747133","8.466785946854987","0.13138880157606536","417.2664388","2.507146738217118","2.507146738217118",
"1250","PEP-Good-Practice","REMIND-MAgPIE 1.7-3.0","Final Energy|Residential and Commercial|Electricity","EJ/yr","[object Object]",2020,7.4455,"2.507146738217118","2.507146738217118","2100","417.2664388","2408.5202917000006","GW6","failed","medium","ok","ok","medium","medium",,"medium","medium","ok",,"ok","true","C6","C6: Below 3.0°C","REMIND-MAgPIE 1.7-3.0","PEP_goodpractice","33.69012018638056","53.94889075747133","8.466785946854987","0.13138880157606536","417.2664388","2.507146738217118","2.507146738217118",
"1250","PEP-Good-Practice","REMIND-MAgPIE 1.7-3.0","Final Energy|Residential and Commercial|Electricity","EJ/yr","[object Object]",2025,8.0043,"2.507146738217118","2.507146738217118","2100","417.2664388","2408.5202917000006","GW6","failed","medium","ok","ok","medium","medium",,"medium","medium","ok",,"ok","true","C6","C6: Below 3.0°C","REMIND-MAgPIE 1.7-3.0","PEP_goodpractice","33.69012018638056","53.94889075747133","8.466785946854987","0.13138880157606536","417.2664388","2.507146738217118","2.507146738217118",
"1250","PEP-Good-Practice","REMIND-MAgPIE 1.7-3.0","Final Energy|Residential and Commercial|Electricity","EJ/yr","[object Object]",2030,8.6905,"2.507146738217118","2.507146738217118","2100","417.2664388","2408.5202917000006","GW6","failed","medium","ok","ok","medium","medium",,"medium","medium","ok",,"ok","true","C6","C6: Below 3.0°C","REMIND-MAgPIE 1.7-3.0","PEP_goodpractice","33.69012018638056","53.94889075747133","8.466785946854987","0.13138880157606536","417.2664388","2.507146738217118","2.507146738217118",
"1250","PEP-Good-Practice","REMIND-MAgPIE 1.7-3.0","Final Energy|Residential and Commercial|Electricity","EJ/yr","[object Object]",2035,9.559,"2.507146738217118","2.507146738217118","2100","417.2664388","2408.5202917000006","GW6","failed","medium","ok","ok","medium","medium",,"medium","medium","ok",,"ok","true","C6","C6: Below 3.0°C","REMIND-MAgPIE 1.7-3.0","PEP_goodpractice","33.69012018638056","53.94889075747133","8.466785946854987","0.13138880157606536","417.2664388","2.507146738217118","2.507146738217118",
"1250","PEP-Good-Practice","REMIND-MAgPIE 1.7-3.0","Final Energy|Residential and Commercial|Electricity","EJ/yr","[object Object]",2040,10.5915,"2.507146738217118","2.507146738217118","2100","417.2664388","2408.5202917000006","GW6","failed","medium","ok","ok","medium","medium",,"medium","medium","ok",,"ok","true","C6","C6: Below 3.0°C","REMIND-MAgPIE 1.7-3.0","PEP_goodpractice","33.69012018638056","53.94889075747133","8.466785946854987","0.13138880157606536","417.2664388","2.507146738217118","2.507146738217118",
"1250","PEP-Good-Practice","REMIND-MAgPIE 1.7-3.0","Final Energy|Residential and Commercial|Electricity","EJ/yr","[object Object]",2045,11.4488,"2.507146738217118","2.507146738217118","2100","417.2664388","2408.5202917000006","GW6","failed","medium","ok","ok","medium","medium",,"medium","medium","ok",,"ok","true","C6","C6: Below 3.0°C","REMIND-MAgPIE 1.7-3.0","PEP_goodpractice","33.69012018638056","53.94889075747133","8.466785946854987","0.13138880157606536","417.2664388","2.507146738217118","2.507146738217118",
"1250","PEP-Good-Practice","REMIND-MAgPIE 1.7-3.0","Final Energy|Residential and Commercial|Electricity","EJ/yr","[object Object]",2050,12.1501,"2.507146738217118","2.507146738217118","2100","417.2664388","2408.5202917000006","GW6","failed","medium","ok","ok","medium","medium",,"medium","medium","ok",,"ok","true","C6","C6: Below 3.0°C","REMIND-MAgPIE 1.7-3.0","PEP_goodpractice","33.69012018638056","53.94889075747133","8.466785946854987","0.13138880157606536","417.2664388","2.507146738217118","2.507146738217118",
"1250","PEP-Good-Practice","REMIND-MAgPIE 1.7-3.0","Final Energy|Residential and Commercial|Electricity","EJ/yr","[object Object]",2055,12.6001,"2.507146738217118","2.507146738217118","2100","417.2664388","2408.5202917000006","GW6","failed","medium","ok","ok","medium","medium",,"medium","medium","ok",,"ok","true","C6","C6: Below 3.0°C","REMIND-MAgPIE 1.7-3.0","PEP_goodpractice","33.69012018638056","53.94889075747133","8.466785946854987","0.13138880157606536","417.2664388","2.507146738217118","2.507146738217118",
"1250","PEP-Good-Practice","REMIND-MAgPIE 1.7-3.0","Final Energy|Residential and Commercial|Electricity","EJ/yr","[object Object]",2060,13.1283,"2.507146738217118","2.507146738217118","2100","417.2664388","2408.5202917000006","GW6","failed","medium","ok","ok","medium","medium",,"medium","medium","ok",,"ok","true","C6","C6: Below 3.0°C","REMIND-MAgPIE 1.7-3.0","PEP_goodpractice","33.69012018638056","53.94889075747133","8.466785946854987","0.13138880157606536","417.2664388","2.507146738217118","2.507146738217118",
"1250","PEP-Good-Practice","REMIND-MAgPIE 1.7-3.0","Final Energy|Residential and Commercial|Electricity","EJ/yr","[object Object]",2070,14.0181,"2.507146738217118","2.507146738217118","2100","417.2664388","2408.5202917000006","GW6","failed","medium","ok","ok","medium","medium",,"medium","medium","ok",,"ok","true","C6","C6: Below 3.0°C","REMIND-MAgPIE 1.7-3.0","PEP_goodpractice","33.69012018638056","53.94889075747133","8.466785946854987","0.13138880157606536","417.2664388","2.507146738217118","2.507146738217118",
"1250","PEP-Good-Practice","REMIND-MAgPIE 1.7-3.0","Final Energy|Residential and Commercial|Electricity","EJ/yr","[object Object]",2080,14.7497,"2.507146738217118","2.507146738217118","2100","417.2664388","2408.5202917000006","GW6","failed","medium","ok","ok","medium","medium",,"medium","medium","ok",,"ok","true","C6","C6: Below 3.0°C","REMIND-MAgPIE 1.7-3.0","PEP_goodpractice","33.69012018638056","53.94889075747133","8.466785946854987","0.13138880157606536","417.2664388","2.507146738217118","2.507146738217118",
"1250","PEP-Good-Practice","REMIND-MAgPIE 1.7-3.0","Final Energy|Residential and Commercial|Electricity","EJ/yr","[object Object]",2090,15.3032,"2.507146738217118","2.507146738217118","2100","417.2664388","2408.5202917000006","GW6","failed","medium","ok","ok","medium","medium",,"medium","medium","ok",,"ok","true","C6","C6: Below 3.0°C","REMIND-MAgPIE 1.7-3.0","PEP_goodpractice","33.69012018638056","53.94889075747133","8.466785946854987","0.13138880157606536","417.2664388","2.507146738217118","2.507146738217118",
"1250","PEP-Good-Practice","REMIND-MAgPIE 1.7-3.0","Final Energy|Residential and Commercial|Electricity","EJ/yr","[object Object]",2100,15.8566,"2.507146738217118","2.507146738217118","2100","417.2664388","2408.5202917000006","GW6","failed","medium","ok","ok","medium","medium",,"medium","medium","ok",,"ok","true","C6","C6: Below 3.0°C","REMIND-MAgPIE 1.7-3.0","PEP_goodpractice","33.69012018638056","53.94889075747133","8.466785946854987","0.13138880157606536","417.2664388","2.507146738217118","2.507146738217118",
"1277","Transport-NDC-Conventional","REMIND-Transport 2.1","Final Energy|Residential and Commercial|Electricity","EJ/yr","[object Object]",2010,6.2736,"2.73178625738853","2.73178625738853","2100","130.38534735000002","2683.61533475","GW6","failed","ok","ok","ok","medium","medium",,"medium","ok","ok",,"medium","true","C6","C6: Below 3.0°C","REMIND-Transport 2.1","Transport_NDC_Conv","34.5175096259061","48.252398540522165","17.08892432599984",,"130.38534735000002","2.73178625738853","2.73178625738853",
"1277","Transport-NDC-Conventional","REMIND-Transport 2.1","Final Energy|Residential and Commercial|Electricity","EJ/yr","[object Object]",2015,5.8317,"2.73178625738853","2.73178625738853","2100","130.38534735000002","2683.61533475","GW6","failed","ok","ok","ok","medium","medium",,"medium","ok","ok",,"medium","true","C6","C6: Below 3.0°C","REMIND-Transport 2.1","Transport_NDC_Conv","34.5175096259061","48.252398540522165","17.08892432599984",,"130.38534735000002","2.73178625738853","2.73178625738853",
"1277","Transport-NDC-Conventional","REMIND-Transport 2.1","Final Energy|Residential and Commercial|Electricity","EJ/yr","[object Object]",2020,6.4659,"2.73178625738853","2.73178625738853","2100","130.38534735000002","2683.61533475","GW6","failed","ok","ok","ok","medium","medium",,"medium","ok","ok",,"medium","true","C6","C6: Below 3.0°C","REMIND-Transport 2.1","Transport_NDC_Conv","34.5175096259061","48.252398540522165","17.08892432599984",,"130.38534735000002","2.73178625738853","2.73178625738853",
"1277","Transport-NDC-Conventional","REMIND-Transport 2.1","Final Energy|Residential and Commercial|Electricity","EJ/yr","[object Object]",2025,6.8485,"2.73178625738853","2.73178625738853","2100","130.38534735000002","2683.61533475","GW6","failed","ok","ok","ok","medium","medium",,"medium","ok","ok",,"medium","true","C6","C6: Below 3.0°C","REMIND-Transport 2.1","Transport_NDC_Conv","34.5175096259061","48.252398540522165","17.08892432599984",,"130.38534735000002","2.73178625738853","2.73178625738853",
"1277","Transport-NDC-Conventional","REMIND-Transport 2.1","Final Energy|Residential and Commercial|Electricity","EJ/yr","[object Object]",2030,7.4095,"2.73178625738853","2.73178625738853","2100","130.38534735000002","2683.61533475","GW6","failed","ok","ok","ok","medium","medium",,"medium","ok","ok",,"medium","true","C6","C6: Below 3.0°C","REMIND-Transport 2.1","Transport_NDC_Conv","34.5175096259061","48.252398540522165","17.08892432599984",,"130.38534735000002","2.73178625738853","2.73178625738853",
"1277","Transport-NDC-Conventional","REMIND-Transport 2.1","Final Energy|Residential and Commercial|Electricity","EJ/yr","[object Object]",2035,7.8017,"2.73178625738853","2.73178625738853","2100","130.38534735000002","2683.61533475","GW6","failed","ok","ok","ok","medium","medium",,"medium","ok","ok",,"medium","true","C6","C6: Below 3.0°C","REMIND-Transport 2.1","Transport_NDC_Conv","34.5175096259061","48.252398540522165","17.08892432599984",,"130.38534735000002","2.73178625738853","2.73178625738853",
"1277","Transport-NDC-Conventional","REMIND-Transport 2.1","Final Energy|Residential and Commercial|Electricity","EJ/yr","[object Object]",2040,8.1699,"2.73178625738853","2.73178625738853","2100","130.38534735000002","2683.61533475","GW6","failed","ok","ok","ok","medium","medium",,"medium","ok","ok",,"medium","true","C6","C6: Below 3.0°C","REMIND-Transport 2.1","Transport_NDC_Conv","34.5175096259061","48.252398540522165","17.08892432599984",,"130.38534735000002","2.73178625738853","2.73178625738853",
"1277","Transport-NDC-Conventional","REMIND-Transport 2.1","Final Energy|Residential and Commercial|Electricity","EJ/yr","[object Object]",2045,8.4779,"2.73178625738853","2.73178625738853","2100","130.38534735000002","2683.61533475","GW6","failed","ok","ok","ok","medium","medium",,"medium","ok","ok",,"medium","true","C6","C6: Below 3.0°C","REMIND-Transport 2.1","Transport_NDC_Conv","34.5175096259061","48.252398540522165","17.08892432599984",,"130.38534735000002","2.73178625738853","2.73178625738853",
"1277","Transport-NDC-Conventional","REMIND-Transport 2.1","Final Energy|Residential and Commercial|Electricity","EJ/yr","[object Object]",2050,8.7784,"2.73178625738853","2.73178625738853","2100","130.38534735000002","2683.61533475","GW6","failed","ok","ok","ok","medium","medium",,"medium","ok","ok",,"medium","true","C6","C6: Below 3.0°C","REMIND-Transport 2.1","Transport_NDC_Conv","34.5175096259061","48.252398540522165","17.08892432599984",,"130.38534735000002","2.73178625738853","2.73178625738853",
"1277","Transport-NDC-Conventional","REMIND-Transport 2.1","Final Energy|Residential and Commercial|Electricity","EJ/yr","[object Object]",2055,8.9938,"2.73178625738853","2.73178625738853","2100","130.38534735000002","2683.61533475","GW6","failed","ok","ok","ok","medium","medium",,"medium","ok","ok",,"medium","true","C6","C6: Below 3.0°C","REMIND-Transport 2.1","Transport_NDC_Conv","34.5175096259061","48.252398540522165","17.08892432599984",,"130.38534735000002","2.73178625738853","2.73178625738853",
"1277","Transport-NDC-Conventional","REMIND-Transport 2.1","Final Energy|Residential and Commercial|Electricity","EJ/yr","[object Object]",2060,9.0272,"2.73178625738853","2.73178625738853","2100","130.38534735000002","2683.61533475","GW6","failed","ok","ok","ok","medium","medium",,"medium","ok","ok",,"medium","true","C6","C6: Below 3.0°C","REMIND-Transport 2.1","Transport_NDC_Conv","34.5175096259061","48.252398540522165","17.08892432599984",,"130.38534735000002","2.73178625738853","2.73178625738853",
"1277","Transport-NDC-Conventional","REMIND-Transport 2.1","Final Energy|Residential and Commercial|Electricity","EJ/yr","[object Object]",2070,9.3393,"2.73178625738853","2.73178625738853","2100","130.38534735000002","2683.61533475","GW6","failed","ok","ok","ok","medium","medium",,"medium","ok","ok",,"medium","true","C6","C6: Below 3.0°C","REMIND-Transport 2.1","Transport_NDC_Conv","34.5175096259061","48.252398540522165","17.08892432599984",,"130.38534735000002","2.73178625738853","2.73178625738853",
"1277","Transport-NDC-Conventional","REMIND-Transport 2.1","Final Energy|Residential and Commercial|Electricity","EJ/yr","[object Object]",2080,9.5692,"2.73178625738853","2.73178625738853","2100","130.38534735000002","2683.61533475","GW6","failed","ok","ok","ok","medium","medium",,"medium","ok","ok",,"medium","true","C6","C6: Below 3.0°C","REMIND-Transport 2.1","Transport_NDC_Conv","34.5175096259061","48.252398540522165","17.08892432599984",,"130.38534735000002","2.73178625738853","2.73178625738853",
"1277","Transport-NDC-Conventional","REMIND-Transport 2.1","Final Energy|Residential and Commercial|Electricity","EJ/yr","[object Object]",2090,9.9096,"2.73178625738853","2.73178625738853","2100","130.38534735000002","2683.61533475","GW6","failed","ok","ok","ok","medium","medium",,"medium","ok","ok",,"medium","true","C6","C6: Below 3.0°C","REMIND-Transport 2.1","Transport_NDC_Conv","34.5175096259061","48.252398540522165","17.08892432599984",,"130.38534735000002","2.73178625738853","2.73178625738853",
"1277","Transport-NDC-Conventional","REMIND-Transport 2.1","Final Energy|Residential and Commercial|Electricity","EJ/yr","[object Object]",2100,10.3961,"2.73178625738853","2.73178625738853","2100","130.38534735000002","2683.61533475","GW6","failed","ok","ok","ok","medium","medium",,"medium","ok","ok",,"medium","true","C6","C6: Below 3.0°C","REMIND-Transport 2.1","Transport_NDC_Conv","34.5175096259061","48.252398540522165","17.08892432599984",,"130.38534735000002","2.73178625738853","2.73178625738853",
"1410","ParisReinforce-NDC-PriceOnly","GCAM-PR 5.3","Final Energy|Residential and Commercial|Electricity","EJ/yr","[object Object]",2010,6.94519592,"2.821203931169817","2.821203931169817","2100","492.18679817359987","2824.25080465","GW6","failed","high","medium","ok","ok","high","high","medium","high","ok",,"medium","true","C6","C6: Below 3.0°C","GCAM-PR 5.3","PR_NDC_PriceOnly","0","0","24.221675387567114","0.8491739845095765","492.18679817359987","2.821203931169817","2.821203931169817",
"1410","ParisReinforce-NDC-PriceOnly","GCAM-PR 5.3","Final Energy|Residential and Commercial|Electricity","EJ/yr","[object Object]",2015,6.776752490000001,"2.821203931169817","2.821203931169817","2100","492.18679817359987","2824.25080465","GW6","failed","high","medium","ok","ok","high","high","medium","high","ok",,"medium","true","C6","C6: Below 3.0°C","GCAM-PR 5.3","PR_NDC_PriceOnly","0","0","24.221675387567114","0.8491739845095765","492.18679817359987","2.821203931169817","2.821203931169817",
"1410","ParisReinforce-NDC-PriceOnly","GCAM-PR 5.3","Final Energy|Residential and Commercial|Electricity","EJ/yr","[object Object]",2020,7.636467329999999,"2.821203931169817","2.821203931169817","2100","492.18679817359987","2824.25080465","GW6","failed","high","medium","ok","ok","high","high","medium","high","ok",,"medium","true","C6","C6: Below 3.0°C","GCAM-PR 5.3","PR_NDC_PriceOnly","0","0","24.221675387567114","0.8491739845095765","492.18679817359987","2.821203931169817","2.821203931169817",
"1410","ParisReinforce-NDC-PriceOnly","GCAM-PR 5.3","Final Energy|Residential and Commercial|Electricity","EJ/yr","[object Object]",2025,8.6956998,"2.821203931169817","2.821203931169817","2100","492.18679817359987","2824.25080465","GW6","failed","high","medium","ok","ok","high","high","medium","high","ok",,"medium","true","C6","C6: Below 3.0°C","GCAM-PR 5.3","PR_NDC_PriceOnly","0","0","24.221675387567114","0.8491739845095765","492.18679817359987","2.821203931169817","2.821203931169817",
"1410","ParisReinforce-NDC-PriceOnly","GCAM-PR 5.3","Final Energy|Residential and Commercial|Electricity","EJ/yr","[object Object]",2030,9.30417067,"2.821203931169817","2.821203931169817","2100","492.18679817359987","2824.25080465","GW6","failed","high","medium","ok","ok","high","high","medium","high","ok",,"medium","true","C6","C6: Below 3.0°C","GCAM-PR 5.3","PR_NDC_PriceOnly","0","0","24.221675387567114","0.8491739845095765","492.18679817359987","2.821203931169817","2.821203931169817",
"1410","ParisReinforce-NDC-PriceOnly","GCAM-PR 5.3","Final Energy|Residential and Commercial|Electricity","EJ/yr","[object Object]",2035,9.79824997,"2.821203931169817","2.821203931169817","2100","492.18679817359987","2824.25080465","GW6","failed","high","medium","ok","ok","high","high","medium","high","ok",,"medium","true","C6","C6: Below 3.0°C","GCAM-PR 5.3","PR_NDC_PriceOnly","0","0","24.221675387567114","0.8491739845095765","492.18679817359987","2.821203931169817","2.821203931169817",
"1410","ParisReinforce-NDC-PriceOnly","GCAM-PR 5.3","Final Energy|Residential and Commercial|Electricity","EJ/yr","[object Object]",2040,10.46746128,"2.821203931169817","2.821203931169817","2100","492.18679817359987","2824.25080465","GW6","failed","high","medium","ok","ok","high","high","medium","high","ok",,"medium","true","C6","C6: Below 3.0°C","GCAM-PR 5.3","PR_NDC_PriceOnly","0","0","24.221675387567114","0.8491739845095765","492.18679817359987","2.821203931169817","2.821203931169817",
"1410","ParisReinforce-NDC-PriceOnly","GCAM-PR 5.3","Final Energy|Residential and Commercial|Electricity","EJ/yr","[object Object]",2045,11.15968818,"2.821203931169817","2.821203931169817","2100","492.18679817359987","2824.25080465","GW6","failed","high","medium","ok","ok","high","high","medium","high","ok",,"medium","true","C6","C6: Below 3.0°C","GCAM-PR 5.3","PR_NDC_PriceOnly","0","0","24.221675387567114","0.8491739845095765","492.18679817359987","2.821203931169817","2.821203931169817",
"1410","ParisReinforce-NDC-PriceOnly","GCAM-PR 5.3","Final Energy|Residential and Commercial|Electricity","EJ/yr","[object Object]",2050,11.89170936,"2.821203931169817","2.821203931169817","2100","492.18679817359987","2824.25080465","GW6","failed","high","medium","ok","ok","high","high","medium","high","ok",,"medium","true","C6","C6: Below 3.0°C","GCAM-PR 5.3","PR_NDC_PriceOnly","0","0","24.221675387567114","0.8491739845095765","492.18679817359987","2.821203931169817","2.821203931169817",
"1410","ParisReinforce-NDC-PriceOnly","GCAM-PR 5.3","Final Energy|Residential and Commercial|Electricity","EJ/yr","[object Object]",2055,12.65530855,"2.821203931169817","2.821203931169817","2100","492.18679817359987","2824.25080465","GW6","failed","high","medium","ok","ok","high","high","medium","high","ok",,"medium","true","C6","C6: Below 3.0°C","GCAM-PR 5.3","PR_NDC_PriceOnly","0","0","24.221675387567114","0.8491739845095765","492.18679817359987","2.821203931169817","2.821203931169817",
"1410","ParisReinforce-NDC-PriceOnly","GCAM-PR 5.3","Final Energy|Residential and Commercial|Electricity","EJ/yr","[object Object]",2060,13.24735175,"2.821203931169817","2.821203931169817","2100","492.18679817359987","2824.25080465","GW6","failed","high","medium","ok","ok","high","high","medium","high","ok",,"medium","true","C6","C6: Below 3.0°C","GCAM-PR 5.3","PR_NDC_PriceOnly","0","0","24.221675387567114","0.8491739845095765","492.18679817359987","2.821203931169817","2.821203931169817",
"1410","ParisReinforce-NDC-PriceOnly","GCAM-PR 5.3","Final Energy|Residential and Commercial|Electricity","EJ/yr","[object Object]",2065,13.84921197,"2.821203931169817","2.821203931169817","2100","492.18679817359987","2824.25080465","GW6","failed","high","medium","ok","ok","high","high","medium","high","ok",,"medium","true","C6","C6: Below 3.0°C","GCAM-PR 5.3","PR_NDC_PriceOnly","0","0","24.221675387567114","0.8491739845095765","492.18679817359987","2.821203931169817","2.821203931169817",
"1410","ParisReinforce-NDC-PriceOnly","GCAM-PR 5.3","Final Energy|Residential and Commercial|Electricity","EJ/yr","[object Object]",2070,14.40098036,"2.821203931169817","2.821203931169817","2100","492.18679817359987","2824.25080465","GW6","failed","high","medium","ok","ok","high","high","medium","high","ok",,"medium","true","C6","C6: Below 3.0°C","GCAM-PR 5.3","PR_NDC_PriceOnly","0","0","24.221675387567114","0.8491739845095765","492.18679817359987","2.821203931169817","2.821203931169817",
"1410","ParisReinforce-NDC-PriceOnly","GCAM-PR 5.3","Final Energy|Residential and Commercial|Electricity","EJ/yr","[object Object]",2075,14.84465167,"2.821203931169817","2.821203931169817","2100","492.18679817359987","2824.25080465","GW6","failed","high","medium","ok","ok","high","high","medium","high","ok",,"medium","true","C6","C6: Below 3.0°C","GCAM-PR 5.3","PR_NDC_PriceOnly","0","0","24.221675387567114","0.8491739845095765","492.18679817359987","2.821203931169817","2.821203931169817",
"1410","ParisReinforce-NDC-PriceOnly","GCAM-PR 5.3","Final Energy|Residential and Commercial|Electricity","EJ/yr","[object Object]",2080,15.21696872,"2.821203931169817","2.821203931169817","2100","492.18679817359987","2824.25080465","GW6","failed","high","medium","ok","ok","high","high","medium","high","ok",,"medium","true","C6","C6: Below 3.0°C","GCAM-PR 5.3","PR_NDC_PriceOnly","0","0","24.221675387567114","0.8491739845095765","492.18679817359987","2.821203931169817","2.821203931169817",
"1410","ParisReinforce-NDC-PriceOnly","GCAM-PR 5.3","Final Energy|Residential and Commercial|Electricity","EJ/yr","[object Object]",2085,15.53779415,"2.821203931169817","2.821203931169817","2100","492.18679817359987","2824.25080465","GW6","failed","high","medium","ok","ok","high","high","medium","high","ok",,"medium","true","C6","C6: Below 3.0°C","GCAM-PR 5.3","PR_NDC_PriceOnly","0","0","24.221675387567114","0.8491739845095765","492.18679817359987","2.821203931169817","2.821203931169817",
"1410","ParisReinforce-NDC-PriceOnly","GCAM-PR 5.3","Final Energy|Residential and Commercial|Electricity","EJ/yr","[object Object]",2090,15.80046508,"2.821203931169817","2.821203931169817","2100","492.18679817359987","2824.25080465","GW6","failed","high","medium","ok","ok","high","high","medium","high","ok",,"medium","true","C6","C6: Below 3.0°C","GCAM-PR 5.3","PR_NDC_PriceOnly","0","0","24.221675387567114","0.8491739845095765","492.18679817359987","2.821203931169817","2.821203931169817",
"1410","ParisReinforce-NDC-PriceOnly","GCAM-PR 5.3","Final Energy|Residential and Commercial|Electricity","EJ/yr","[object Object]",2095,16.08098799,"2.821203931169817","2.821203931169817","2100","492.18679817359987","2824.25080465","GW6","failed","high","medium","ok","ok","high","high","medium","high","ok",,"medium","true","C6","C6: Below 3.0°C","GCAM-PR 5.3","PR_NDC_PriceOnly","0","0","24.221675387567114","0.8491739845095765","492.18679817359987","2.821203931169817","2.821203931169817",
"1410","ParisReinforce-NDC-PriceOnly","GCAM-PR 5.3","Final Energy|Residential and Commercial|Electricity","EJ/yr","[object Object]",2100,16.26674878,"2.821203931169817","2.821203931169817","2100","492.18679817359987","2824.25080465","GW6","failed","high","medium","ok","ok","high","high","medium","high","ok",,"medium","true","C6","C6: Below 3.0°C","GCAM-PR 5.3","PR_NDC_PriceOnly","0","0","24.221675387567114","0.8491739845095765","492.18679817359987","2.821203931169817","2.821203931169817",
"1423","SHAPE-SSP1-NPi","IMAGE 3.3","Final Energy|Residential and Commercial|Electricity","EJ/yr","[object Object]",2010,6.14445854187012,"2.899161299643306","2.899161299643306","2100","3.515377014768724","2624.566787185211","GW6","failed","ok","ok","ok","medium","high","high","medium","medium","ok","ok","ok",,"C6","C6: Below 3.0°C",,,"20.777009686287258","65.91092173712252","12.608290297241359","0.8542006463012086","3.515377014768724","2.899161299643306","2.899161299643306",
"1423","SHAPE-SSP1-NPi","IMAGE 3.3","Final Energy|Residential and Commercial|Electricity","EJ/yr","[object Object]",2015,6.44566688537598,"2.899161299643306","2.899161299643306","2100","3.515377014768724","2624.566787185211","GW6","failed","ok","ok","ok","medium","high","high","medium","medium","ok","ok","ok",,"C6","C6: Below 3.0°C",,,"20.777009686287258","65.91092173712252","12.608290297241359","0.8542006463012086","3.515377014768724","2.899161299643306","2.899161299643306",
"1423","SHAPE-SSP1-NPi","IMAGE 3.3","Final Energy|Residential and Commercial|Electricity","EJ/yr","[object Object]",2020,5.81069528198242,"2.899161299643306","2.899161299643306","2100","3.515377014768724","2624.566787185211","GW6","failed","ok","ok","ok","medium","high","high","medium","medium","ok","ok","ok",,"C6","C6: Below 3.0°C",,,"20.777009686287258","65.91092173712252","12.608290297241359","0.8542006463012086","3.515377014768724","2.899161299643306","2.899161299643306",
"1423","SHAPE-SSP1-NPi","IMAGE 3.3","Final Energy|Residential and Commercial|Electricity","EJ/yr","[object Object]",2025,5.78991473388672,"2.899161299643306","2.899161299643306","2100","3.515377014768724","2624.566787185211","GW6","failed","ok","ok","ok","medium","high","high","medium","medium","ok","ok","ok",,"C6","C6: Below 3.0°C",,,"20.777009686287258","65.91092173712252","12.608290297241359","0.8542006463012086","3.515377014768724","2.899161299643306","2.899161299643306",
"1423","SHAPE-SSP1-NPi","IMAGE 3.3","Final Energy|Residential and Commercial|Electricity","EJ/yr","[object Object]",2030,5.2968480682373,"2.899161299643306","2.899161299643306","2100","3.515377014768724","2624.566787185211","GW6","failed","ok","ok","ok","medium","high","high","medium","medium","ok","ok","ok",,"C6","C6: Below 3.0°C",,,"20.777009686287258","65.91092173712252","12.608290297241359","0.8542006463012086","3.515377014768724","2.899161299643306","2.899161299643306",
"1423","SHAPE-SSP1-NPi","IMAGE 3.3","Final Energy|Residential and Commercial|Electricity","EJ/yr","[object Object]",2035,5.10034741210938,"2.899161299643306","2.899161299643306","2100","3.515377014768724","2624.566787185211","GW6","failed","ok","ok","ok","medium","high","high","medium","medium","ok","ok","ok",,"C6","C6: Below 3.0°C",,,"20.777009686287258","65.91092173712252","12.608290297241359","0.8542006463012086","3.515377014768724","2.899161299643306","2.899161299643306",
"1423","SHAPE-SSP1-NPi","IMAGE 3.3","Final Energy|Residential and Commercial|Electricity","EJ/yr","[object Object]",2040,5.35121731567383,"2.899161299643306","2.899161299643306","2100","3.515377014768724","2624.566787185211","GW6","failed","ok","ok","ok","medium","high","high","medium","medium","ok","ok","ok",,"C6","C6: Below 3.0°C",,,"20.777009686287258","65.91092173712252","12.608290297241359","0.8542006463012086","3.515377014768724","2.899161299643306","2.899161299643306",
"1423","SHAPE-SSP1-NPi","IMAGE 3.3","Final Energy|Residential and Commercial|Electricity","EJ/yr","[object Object]",2045,5.58994338989258,"2.899161299643306","2.899161299643306","2100","3.515377014768724","2624.566787185211","GW6","failed","ok","ok","ok","medium","high","high","medium","medium","ok","ok","ok",,"C6","C6: Below 3.0°C",,,"20.777009686287258","65.91092173712252","12.608290297241359","0.8542006463012086","3.515377014768724","2.899161299643306","2.899161299643306",
"1423","SHAPE-SSP1-NPi","IMAGE 3.3","Final Energy|Residential and Commercial|Electricity","EJ/yr","[object Object]",2050,5.81984838867187,"2.899161299643306","2.899161299643306","2100","3.515377014768724","2624.566787185211","GW6","failed","ok","ok","ok","medium","high","high","medium","medium","ok","ok","ok",,"C6","C6: Below 3.0°C",,,"20.777009686287258","65.91092173712252","12.608290297241359","0.8542006463012086","3.515377014768724","2.899161299643306","2.899161299643306",
"1423","SHAPE-SSP1-NPi","IMAGE 3.3","Final Energy|Residential and Commercial|Electricity","EJ/yr","[object Object]",2060,5.98324038696289,"2.899161299643306","2.899161299643306","2100","3.515377014768724","2624.566787185211","GW6","failed","ok","ok","ok","medium","high","high","medium","medium","ok","ok","ok",,"C6","C6: Below 3.0°C",,,"20.777009686287258","65.91092173712252","12.608290297241359","0.8542006463012086","3.515377014768724","2.899161299643306","2.899161299643306",
"1423","SHAPE-SSP1-NPi","IMAGE 3.3","Final Energy|Residential and Commercial|Electricity","EJ/yr","[object Object]",2070,5.93159963989258,"2.899161299643306","2.899161299643306","2100","3.515377014768724","2624.566787185211","GW6","failed","ok","ok","ok","medium","high","high","medium","medium","ok","ok","ok",,"C6","C6: Below 3.0°C",,,"20.777009686287258","65.91092173712252","12.608290297241359","0.8542006463012086","3.515377014768724","2.899161299643306","2.899161299643306",
"1423","SHAPE-SSP1-NPi","IMAGE 3.3","Final Energy|Residential and Commercial|Electricity","EJ/yr","[object Object]",2080,5.93689599609375,"2.899161299643306","2.899161299643306","2100","3.515377014768724","2624.566787185211","GW6","failed","ok","ok","ok","medium","high","high","medium","medium","ok","ok","ok",,"C6","C6: Below 3.0°C",,,"20.777009686287258","65.91092173712252","12.608290297241359","0.8542006463012086","3.515377014768724","2.899161299643306","2.899161299643306",
"1423","SHAPE-SSP1-NPi","IMAGE 3.3","Final Energy|Residential and Commercial|Electricity","EJ/yr","[object Object]",2090,5.85560272216797,"2.899161299643306","2.899161299643306","2100","3.515377014768724","2624.566787185211","GW6","failed","ok","ok","ok","medium","high","high","medium","medium","ok","ok","ok",,"C6","C6: Below 3.0°C",,,"20.777009686287258","65.91092173712252","12.608290297241359","0.8542006463012086","3.515377014768724","2.899161299643306","2.899161299643306",
"1423","SHAPE-SSP1-NPi","IMAGE 3.3","Final Energy|Residential and Commercial|Electricity","EJ/yr","[object Object]",2100,5.63517202758789,"2.899161299643306","2.899161299643306","2100","3.515377014768724","2624.566787185211","GW6","failed","ok","ok","ok","medium","high","high","medium","medium","ok","ok","ok",,"C6","C6: Below 3.0°C",,,"20.777009686287258","65.91092173712252","12.608290297241359","0.8542006463012086","3.515377014768724","2.899161299643306","2.899161299643306",
"1465","ENGAGE-INDCi2030-3000","TIAM-ECN 1.1","Final Energy|Residential and Commercial|Electricity","EJ/yr","[object Object]",2010,7.188755807451759,"2.815879781588805","2.815879781588805","2100","103.84163612220782","2966.466393489417","GW6","ok","high",,"ok","medium","high","medium",,"medium","ok",,"medium","true","C6","C6: Below 3.0°C","TIAM-ECN 1.1","EN_INDCi2030_3000","0","75.7687055972944","5.694127778180443",,"103.84163612220782","2.815879781588805","2.815879781588805","0.002106441"
"1465","ENGAGE-INDCi2030-3000","TIAM-ECN 1.1","Final Energy|Residential and Commercial|Electricity","EJ/yr","[object Object]",2015,7.090108737894432,"2.815879781588805","2.815879781588805","2100","103.84163612220782","2966.466393489417","GW6","ok","high",,"ok","medium","high","medium",,"medium","ok",,"medium","true","C6","C6: Below 3.0°C","TIAM-ECN 1.1","EN_INDCi2030_3000","0","75.7687055972944","5.694127778180443",,"103.84163612220782","2.815879781588805","2.815879781588805","0.002106441"
"1465","ENGAGE-INDCi2030-3000","TIAM-ECN 1.1","Final Energy|Residential and Commercial|Electricity","EJ/yr","[object Object]",2020,6.991461668337104,"2.815879781588805","2.815879781588805","2100","103.84163612220782","2966.466393489417","GW6","ok","high",,"ok","medium","high","medium",,"medium","ok",,"medium","true","C6","C6: Below 3.0°C","TIAM-ECN 1.1","EN_INDCi2030_3000","0","75.7687055972944","5.694127778180443",,"103.84163612220782","2.815879781588805","2.815879781588805","0.002106441"
"1465","ENGAGE-INDCi2030-3000","TIAM-ECN 1.1","Final Energy|Residential and Commercial|Electricity","EJ/yr","[object Object]",2025,7.455234846809325,"2.815879781588805","2.815879781588805","2100","103.84163612220782","2966.466393489417","GW6","ok","high",,"ok","medium","high","medium",,"medium","ok",,"medium","true","C6","C6: Below 3.0°C","TIAM-ECN 1.1","EN_INDCi2030_3000","0","75.7687055972944","5.694127778180443",,"103.84163612220782","2.815879781588805","2.815879781588805","0.002106441"
"1465","ENGAGE-INDCi2030-3000","TIAM-ECN 1.1","Final Energy|Residential and Commercial|Electricity","EJ/yr","[object Object]",2030,7.919008025281546,"2.815879781588805","2.815879781588805","2100","103.84163612220782","2966.466393489417","GW6","ok","high",,"ok","medium","high","medium",,"medium","ok",,"medium","true","C6","C6: Below 3.0°C","TIAM-ECN 1.1","EN_INDCi2030_3000","0","75.7687055972944","5.694127778180443",,"103.84163612220782","2.815879781588805","2.815879781588805","0.002106441"
"1465","ENGAGE-INDCi2030-3000","TIAM-ECN 1.1","Final Energy|Residential and Commercial|Electricity","EJ/yr","[object Object]",2035,8.762313203767365,"2.815879781588805","2.815879781588805","2100","103.84163612220782","2966.466393489417","GW6","ok","high",,"ok","medium","high","medium",,"medium","ok",,"medium","true","C6","C6: Below 3.0°C","TIAM-ECN 1.1","EN_INDCi2030_3000","0","75.7687055972944","5.694127778180443",,"103.84163612220782","2.815879781588805","2.815879781588805","0.002106441"
"1465","ENGAGE-INDCi2030-3000","TIAM-ECN 1.1","Final Energy|Residential and Commercial|Electricity","EJ/yr","[object Object]",2040,9.605618382253184,"2.815879781588805","2.815879781588805","2100","103.84163612220782","2966.466393489417","GW6","ok","high",,"ok","medium","high","medium",,"medium","ok",,"medium","true","C6","C6: Below 3.0°C","TIAM-ECN 1.1","EN_INDCi2030_3000","0","75.7687055972944","5.694127778180443",,"103.84163612220782","2.815879781588805","2.815879781588805","0.002106441"
"1465","ENGAGE-INDCi2030-3000","TIAM-ECN 1.1","Final Energy|Residential and Commercial|Electricity","EJ/yr","[object Object]",2045,10.135772328507102,"2.815879781588805","2.815879781588805","2100","103.84163612220782","2966.466393489417","GW6","ok","high",,"ok","medium","high","medium",,"medium","ok",,"medium","true","C6","C6: Below 3.0°C","TIAM-ECN 1.1","EN_INDCi2030_3000","0","75.7687055972944","5.694127778180443",,"103.84163612220782","2.815879781588805","2.815879781588805","0.002106441"
"1465","ENGAGE-INDCi2030-3000","TIAM-ECN 1.1","Final Energy|Residential and Commercial|Electricity","EJ/yr","[object Object]",2050,10.66592627476102,"2.815879781588805","2.815879781588805","2100","103.84163612220782","2966.466393489417","GW6","ok","high",,"ok","medium","high","medium",,"medium","ok",,"medium","true","C6","C6: Below 3.0°C","TIAM-ECN 1.1","EN_INDCi2030_3000","0","75.7687055972944","5.694127778180443",,"103.84163612220782","2.815879781588805","2.815879781588805","0.002106441"
"1465","ENGAGE-INDCi2030-3000","TIAM-ECN 1.1","Final Energy|Residential and Commercial|Electricity","EJ/yr","[object Object]",2060,11.95663775902378,"2.815879781588805","2.815879781588805","2100","103.84163612220782","2966.466393489417","GW6","ok","high",,"ok","medium","high","medium",,"medium","ok",,"medium","true","C6","C6: Below 3.0°C","TIAM-ECN 1.1","EN_INDCi2030_3000","0","75.7687055972944","5.694127778180443",,"103.84163612220782","2.815879781588805","2.815879781588805","0.002106441"
"1465","ENGAGE-INDCi2030-3000","TIAM-ECN 1.1","Final Energy|Residential and Commercial|Electricity","EJ/yr","[object Object]",2070,13.21767998427387,"2.815879781588805","2.815879781588805","2100","103.84163612220782","2966.466393489417","GW6","ok","high",,"ok","medium","high","medium",,"medium","ok",,"medium","true","C6","C6: Below 3.0°C","TIAM-ECN 1.1","EN_INDCi2030_3000","0","75.7687055972944","5.694127778180443",,"103.84163612220782","2.815879781588805","2.815879781588805","0.002106441"
"1465","ENGAGE-INDCi2030-3000","TIAM-ECN 1.1","Final Energy|Residential and Commercial|Electricity","EJ/yr","[object Object]",2080,14.71488676061734,"2.815879781588805","2.815879781588805","2100","103.84163612220782","2966.466393489417","GW6","ok","high",,"ok","medium","high","medium",,"medium","ok",,"medium","true","C6","C6: Below 3.0°C","TIAM-ECN 1.1","EN_INDCi2030_3000","0","75.7687055972944","5.694127778180443",,"103.84163612220782","2.815879781588805","2.815879781588805","0.002106441"
"1465","ENGAGE-INDCi2030-3000","TIAM-ECN 1.1","Final Energy|Residential and Commercial|Electricity","EJ/yr","[object Object]",2090,15.79057607011853,"2.815879781588805","2.815879781588805","2100","103.84163612220782","2966.466393489417","GW6","ok","high",,"ok","medium","high","medium",,"medium","ok",,"medium","true","C6","C6: Below 3.0°C","TIAM-ECN 1.1","EN_INDCi2030_3000","0","75.7687055972944","5.694127778180443",,"103.84163612220782","2.815879781588805","2.815879781588805","0.002106441"
"1465","ENGAGE-INDCi2030-3000","TIAM-ECN 1.1","Final Energy|Residential and Commercial|Electricity","EJ/yr","[object Object]",2100,16.78329386080753,"2.815879781588805","2.815879781588805","2100","103.84163612220782","2966.466393489417","GW6","ok","high",,"ok","medium","high","medium",,"medium","ok",,"medium","true","C6","C6: Below 3.0°C","TIAM-ECN 1.1","EN_INDCi2030_3000","0","75.7687055972944","5.694127778180443",,"103.84163612220782","2.815879781588805","2.815879781588805","0.002106441"
"1466","ENGAGE-INDCi2030-3000f","TIAM-ECN 1.1","Final Energy|Residential and Commercial|Electricity","EJ/yr","[object Object]",2010,7.2,"2.814093119571779","2.814093119571779","2100","106.62967354181544","2961.3871379","GW6","ok","high",,"ok","medium","high","medium",,"medium","ok",,"medium","true","C6","C6: Below 3.0°C","TIAM-ECN 1.1","EN_INDCi2030_3000f","0","75.78604534636102","5.687085055743455",,"106.62967354181544","2.814093119571779","2.814093119571779","0.002098432"
"1466","ENGAGE-INDCi2030-3000f","TIAM-ECN 1.1","Final Energy|Residential and Commercial|Electricity","EJ/yr","[object Object]",2020,6.9,"2.814093119571779","2.814093119571779","2100","106.62967354181544","2961.3871379","GW6","ok","high",,"ok","medium","high","medium",,"medium","ok",,"medium","true","C6","C6: Below 3.0°C","TIAM-ECN 1.1","EN_INDCi2030_3000f","0","75.78604534636102","5.687085055743455",,"106.62967354181544","2.814093119571779","2.814093119571779","0.002098432"
"1466","ENGAGE-INDCi2030-3000f","TIAM-ECN 1.1","Final Energy|Residential and Commercial|Electricity","EJ/yr","[object Object]",2030,7.9,"2.814093119571779","2.814093119571779","2100","106.62967354181544","2961.3871379","GW6","ok","high",,"ok","medium","high","medium",,"medium","ok",,"medium","true","C6","C6: Below 3.0°C","TIAM-ECN 1.1","EN_INDCi2030_3000f","0","75.78604534636102","5.687085055743455",,"106.62967354181544","2.814093119571779","2.814093119571779","0.002098432"
"1466","ENGAGE-INDCi2030-3000f","TIAM-ECN 1.1","Final Energy|Residential and Commercial|Electricity","EJ/yr","[object Object]",2040,9.6,"2.814093119571779","2.814093119571779","2100","106.62967354181544","2961.3871379","GW6","ok","high",,"ok","medium","high","medium",,"medium","ok",,"medium","true","C6","C6: Below 3.0°C","TIAM-ECN 1.1","EN_INDCi2030_3000f","0","75.78604534636102","5.687085055743455",,"106.62967354181544","2.814093119571779","2.814093119571779","0.002098432"
"1466","ENGAGE-INDCi2030-3000f","TIAM-ECN 1.1","Final Energy|Residential and Commercial|Electricity","EJ/yr","[object Object]",2050,10.7,"2.814093119571779","2.814093119571779","2100","106.62967354181544","2961.3871379","GW6","ok","high",,"ok","medium","high","medium",,"medium","ok",,"medium","true","C6","C6: Below 3.0°C","TIAM-ECN 1.1","EN_INDCi2030_3000f","0","75.78604534636102","5.687085055743455",,"106.62967354181544","2.814093119571779","2.814093119571779","0.002098432"
"1466","ENGAGE-INDCi2030-3000f","TIAM-ECN 1.1","Final Energy|Residential and Commercial|Electricity","EJ/yr","[object Object]",2060,12,"2.814093119571779","2.814093119571779","2100","106.62967354181544","2961.3871379","GW6","ok","high",,"ok","medium","high","medium",,"medium","ok",,"medium","true","C6","C6: Below 3.0°C","TIAM-ECN 1.1","EN_INDCi2030_3000f","0","75.78604534636102","5.687085055743455",,"106.62967354181544","2.814093119571779","2.814093119571779","0.002098432"
"1466","ENGAGE-INDCi2030-3000f","TIAM-ECN 1.1","Final Energy|Residential and Commercial|Electricity","EJ/yr","[object Object]",2070,13.2,"2.814093119571779","2.814093119571779","2100","106.62967354181544","2961.3871379","GW6","ok","high",,"ok","medium","high","medium",,"medium","ok",,"medium","true","C6","C6: Below 3.0°C","TIAM-ECN 1.1","EN_INDCi2030_3000f","0","75.78604534636102","5.687085055743455",,"106.62967354181544","2.814093119571779","2.814093119571779","0.002098432"
"1466","ENGAGE-INDCi2030-3000f","TIAM-ECN 1.1","Final Energy|Residential and Commercial|Electricity","EJ/yr","[object Object]",2080,14.7,"2.814093119571779","2.814093119571779","2100","106.62967354181544","2961.3871379","GW6","ok","high",,"ok","medium","high","medium",,"medium","ok",,"medium","true","C6","C6: Below 3.0°C","TIAM-ECN 1.1","EN_INDCi2030_3000f","0","75.78604534636102","5.687085055743455",,"106.62967354181544","2.814093119571779","2.814093119571779","0.002098432"
"1466","ENGAGE-INDCi2030-3000f","TIAM-ECN 1.1","Final Energy|Residential and Commercial|Electricity","EJ/yr","[object Object]",2090,15.8,"2.814093119571779","2.814093119571779","2100","106.62967354181544","2961.3871379","GW6","ok","high",,"ok","medium","high","medium",,"medium","ok",,"medium","true","C6","C6: Below 3.0°C","TIAM-ECN 1.1","EN_INDCi2030_3000f","0","75.78604534636102","5.687085055743455",,"106.62967354181544","2.814093119571779","2.814093119571779","0.002098432"
"1466","ENGAGE-INDCi2030-3000f","TIAM-ECN 1.1","Final Energy|Residential and Commercial|Electricity","EJ/yr","[object Object]",2100,16.7,"2.814093119571779","2.814093119571779","2100","106.62967354181544","2961.3871379","GW6","ok","high",,"ok","medium","high","medium",,"medium","ok",,"medium","true","C6","C6: Below 3.0°C","TIAM-ECN 1.1","EN_INDCi2030_3000f","0","75.78604534636102","5.687085055743455",,"106.62967354181544","2.814093119571779","2.814093119571779","0.002098432"
"1486","ENGAGE-NPi2020-3000","TIAM-ECN 1.1","Final Energy|Residential and Commercial|Electricity","EJ/yr","[object Object]",2010,7.233485664865904,"2.830882134035927","2.830882134035927","2100","108.70067735932878","2958.8583605157683","GW6","ok","medium",,"ok","high","high","high",,"high","ok",,"medium","true","C6","C6: Below 3.0°C","TIAM-ECN 1.1","EN_NPi2020_3000","0","77.30651374744966","5.642499491649282",,"108.70067735932878","2.830882134035927","2.830882134035927","0.002554248"
"1486","ENGAGE-NPi2020-3000","TIAM-ECN 1.1","Final Energy|Residential and Commercial|Electricity","EJ/yr","[object Object]",2020,6.89464999242209,"2.830882134035927","2.830882134035927","2100","108.70067735932878","2958.8583605157683","GW6","ok","medium",,"ok","high","high","high",,"high","ok",,"medium","true","C6","C6: Below 3.0°C","TIAM-ECN 1.1","EN_NPi2020_3000","0","77.30651374744966","5.642499491649282",,"108.70067735932878","2.830882134035927","2.830882134035927","0.002554248"
"1486","ENGAGE-NPi2020-3000","TIAM-ECN 1.1","Final Energy|Residential and Commercial|Electricity","EJ/yr","[object Object]",2030,8.006714607517228,"2.830882134035927","2.830882134035927","2100","108.70067735932878","2958.8583605157683","GW6","ok","medium",,"ok","high","high","high",,"high","ok",,"medium","true","C6","C6: Below 3.0°C","TIAM-ECN 1.1","EN_NPi2020_3000","0","77.30651374744966","5.642499491649282",,"108.70067735932878","2.830882134035927","2.830882134035927","0.002554248"
"1486","ENGAGE-NPi2020-3000","TIAM-ECN 1.1","Final Energy|Residential and Commercial|Electricity","EJ/yr","[object Object]",2040,9.158784284145336,"2.830882134035927","2.830882134035927","2100","108.70067735932878","2958.8583605157683","GW6","ok","medium",,"ok","high","high","high",,"high","ok",,"medium","true","C6","C6: Below 3.0°C","TIAM-ECN 1.1","EN_NPi2020_3000","0","77.30651374744966","5.642499491649282",,"108.70067735932878","2.830882134035927","2.830882134035927","0.002554248"
"1486","ENGAGE-NPi2020-3000","TIAM-ECN 1.1","Final Energy|Residential and Commercial|Electricity","EJ/yr","[object Object]",2050,9.735339787127604,"2.830882134035927","2.830882134035927","2100","108.70067735932878","2958.8583605157683","GW6","ok","medium",,"ok","high","high","high",,"high","ok",,"medium","true","C6","C6: Below 3.0°C","TIAM-ECN 1.1","EN_NPi2020_3000","0","77.30651374744966","5.642499491649282",,"108.70067735932878","2.830882134035927","2.830882134035927","0.002554248"
"1486","ENGAGE-NPi2020-3000","TIAM-ECN 1.1","Final Energy|Residential and Commercial|Electricity","EJ/yr","[object Object]",2060,11.45241625467488,"2.830882134035927","2.830882134035927","2100","108.70067735932878","2958.8583605157683","GW6","ok","medium",,"ok","high","high","high",,"high","ok",,"medium","true","C6","C6: Below 3.0°C","TIAM-ECN 1.1","EN_NPi2020_3000","0","77.30651374744966","5.642499491649282",,"108.70067735932878","2.830882134035927","2.830882134035927","0.002554248"
"1486","ENGAGE-NPi2020-3000","TIAM-ECN 1.1","Final Energy|Residential and Commercial|Electricity","EJ/yr","[object Object]",2070,13.21035830361188,"2.830882134035927","2.830882134035927","2100","108.70067735932878","2958.8583605157683","GW6","ok","medium",,"ok","high","high","high",,"high","ok",,"medium","true","C6","C6: Below 3.0°C","TIAM-ECN 1.1","EN_NPi2020_3000","0","77.30651374744966","5.642499491649282",,"108.70067735932878","2.830882134035927","2.830882134035927","0.002554248"
"1486","ENGAGE-NPi2020-3000","TIAM-ECN 1.1","Final Energy|Residential and Commercial|Electricity","EJ/yr","[object Object]",2080,14.77717184359679,"2.830882134035927","2.830882134035927","2100","108.70067735932878","2958.8583605157683","GW6","ok","medium",,"ok","high","high","high",,"high","ok",,"medium","true","C6","C6: Below 3.0°C","TIAM-ECN 1.1","EN_NPi2020_3000","0","77.30651374744966","5.642499491649282",,"108.70067735932878","2.830882134035927","2.830882134035927","0.002554248"
"1486","ENGAGE-NPi2020-3000","TIAM-ECN 1.1","Final Energy|Residential and Commercial|Electricity","EJ/yr","[object Object]",2090,16.38457855204966,"2.830882134035927","2.830882134035927","2100","108.70067735932878","2958.8583605157683","GW6","ok","medium",,"ok","high","high","high",,"high","ok",,"medium","true","C6","C6: Below 3.0°C","TIAM-ECN 1.1","EN_NPi2020_3000","0","77.30651374744966","5.642499491649282",,"108.70067735932878","2.830882134035927","2.830882134035927","0.002554248"
"1486","ENGAGE-NPi2020-3000","TIAM-ECN 1.1","Final Energy|Residential and Commercial|Electricity","EJ/yr","[object Object]",2100,17.95869049662622,"2.830882134035927","2.830882134035927","2100","108.70067735932878","2958.8583605157683","GW6","ok","medium",,"ok","high","high","high",,"high","ok",,"medium","true","C6","C6: Below 3.0°C","TIAM-ECN 1.1","EN_NPi2020_3000","0","77.30651374744966","5.642499491649282",,"108.70067735932878","2.830882134035927","2.830882134035927","0.002554248"
"1487","ENGAGE-NPi2020-3000f","TIAM-ECN 1.1","Final Energy|Residential and Commercial|Electricity","EJ/yr","[object Object]",2010,7.233480587840619,"2.830882914501137","2.830882914501137","2100","108.70412070487346","2958.8584354678596","GW6","ok","medium",,"ok","high","high","high",,"high","ok",,"medium","true","C6","C6: Below 3.0°C","TIAM-ECN 1.1","EN_NPi2020_3000f","0","77.30234516189527","5.64227807012132",,"108.70412070487346","2.830882914501137","2.830882914501137","0.002550653"
"1487","ENGAGE-NPi2020-3000f","TIAM-ECN 1.1","Final Energy|Residential and Commercial|Electricity","EJ/yr","[object Object]",2020,6.894650526490018,"2.830882914501137","2.830882914501137","2100","108.70412070487346","2958.8584354678596","GW6","ok","medium",,"ok","high","high","high",,"high","ok",,"medium","true","C6","C6: Below 3.0°C","TIAM-ECN 1.1","EN_NPi2020_3000f","0","77.30234516189527","5.64227807012132",,"108.70412070487346","2.830882914501137","2.830882914501137","0.002550653"
"1487","ENGAGE-NPi2020-3000f","TIAM-ECN 1.1","Final Energy|Residential and Commercial|Electricity","EJ/yr","[object Object]",2030,8.00672932918093,"2.830882914501137","2.830882914501137","2100","108.70412070487346","2958.8584354678596","GW6","ok","medium",,"ok","high","high","high",,"high","ok",,"medium","true","C6","C6: Below 3.0°C","TIAM-ECN 1.1","EN_NPi2020_3000f","0","77.30234516189527","5.64227807012132",,"108.70412070487346","2.830882914501137","2.830882914501137","0.002550653"
"1487","ENGAGE-NPi2020-3000f","TIAM-ECN 1.1","Final Energy|Residential and Commercial|Electricity","EJ/yr","[object Object]",2040,9.15878486130823,"2.830882914501137","2.830882914501137","2100","108.70412070487346","2958.8584354678596","GW6","ok","medium",,"ok","high","high","high",,"high","ok",,"medium","true","C6","C6: Below 3.0°C","TIAM-ECN 1.1","EN_NPi2020_3000f","0","77.30234516189527","5.64227807012132",,"108.70412070487346","2.830882914501137","2.830882914501137","0.002550653"
"1487","ENGAGE-NPi2020-3000f","TIAM-ECN 1.1","Final Energy|Residential and Commercial|Electricity","EJ/yr","[object Object]",2050,9.735329593421346,"2.830882914501137","2.830882914501137","2100","108.70412070487346","2958.8584354678596","GW6","ok","medium",,"ok","high","high","high",,"high","ok",,"medium","true","C6","C6: Below 3.0°C","TIAM-ECN 1.1","EN_NPi2020_3000f","0","77.30234516189527","5.64227807012132",,"108.70412070487346","2.830882914501137","2.830882914501137","0.002550653"
"1487","ENGAGE-NPi2020-3000f","TIAM-ECN 1.1","Final Energy|Residential and Commercial|Electricity","EJ/yr","[object Object]",2060,11.45241768919695,"2.830882914501137","2.830882914501137","2100","108.70412070487346","2958.8584354678596","GW6","ok","medium",,"ok","high","high","high",,"high","ok",,"medium","true","C6","C6: Below 3.0°C","TIAM-ECN 1.1","EN_NPi2020_3000f","0","77.30234516189527","5.64227807012132",,"108.70412070487346","2.830882914501137","2.830882914501137","0.002550653"
"1487","ENGAGE-NPi2020-3000f","TIAM-ECN 1.1","Final Energy|Residential and Commercial|Electricity","EJ/yr","[object Object]",2070,13.21035837089928,"2.830882914501137","2.830882914501137","2100","108.70412070487346","2958.8584354678596","GW6","ok","medium",,"ok","high","high","high",,"high","ok",,"medium","true","C6","C6: Below 3.0°C","TIAM-ECN 1.1","EN_NPi2020_3000f","0","77.30234516189527","5.64227807012132",,"108.70412070487346","2.830882914501137","2.830882914501137","0.002550653"
"1487","ENGAGE-NPi2020-3000f","TIAM-ECN 1.1","Final Energy|Residential and Commercial|Electricity","EJ/yr","[object Object]",2080,14.77716945915164,"2.830882914501137","2.830882914501137","2100","108.70412070487346","2958.8584354678596","GW6","ok","medium",,"ok","high","high","high",,"high","ok",,"medium","true","C6","C6: Below 3.0°C","TIAM-ECN 1.1","EN_NPi2020_3000f","0","77.30234516189527","5.64227807012132",,"108.70412070487346","2.830882914501137","2.830882914501137","0.002550653"
"1487","ENGAGE-NPi2020-3000f","TIAM-ECN 1.1","Final Energy|Residential and Commercial|Electricity","EJ/yr","[object Object]",2090,16.38457661988256,"2.830882914501137","2.830882914501137","2100","108.70412070487346","2958.8584354678596","GW6","ok","medium",,"ok","high","high","high",,"high","ok",,"medium","true","C6","C6: Below 3.0°C","TIAM-ECN 1.1","EN_NPi2020_3000f","0","77.30234516189527","5.64227807012132",,"108.70412070487346","2.830882914501137","2.830882914501137","0.002550653"
"1487","ENGAGE-NPi2020-3000f","TIAM-ECN 1.1","Final Energy|Residential and Commercial|Electricity","EJ/yr","[object Object]",2100,17.95868664048463,"2.830882914501137","2.830882914501137","2100","108.70412070487346","2958.8584354678596","GW6","ok","medium",,"ok","high","high","high",,"high","ok",,"medium","true","C6","C6: Below 3.0°C","TIAM-ECN 1.1","EN_NPi2020_3000f","0","77.30234516189527","5.64227807012132",,"108.70412070487346","2.830882914501137","2.830882914501137","0.002550653"
"1522","ENGAGE-INDCi2030-3000","WITCH 5.0","Final Energy|Residential and Commercial|Electricity","EJ/yr","[object Object]",2010,6.42165816424,"2.755672298992633","2.755672298992633","2100","1.9524360024740175","2820.291289227768","GW6","ok","ok","ok","ok","medium","medium","ok","medium","ok","ok",,"ok","true","C6","C6: Below 3.0°C","WITCH 5.0","EN_INDCi2030_3000","39.48266094902558","56.51782010594329","1.6563437823515177","4.835797002889791","1.9524360024740175","2.755672298992633","2.755672298992633","0.001711766"
"1522","ENGAGE-INDCi2030-3000","WITCH 5.0","Final Energy|Residential and Commercial|Electricity","EJ/yr","[object Object]",2015,6.362434406715,"2.755672298992633","2.755672298992633","2100","1.9524360024740175","2820.291289227768","GW6","ok","ok","ok","ok","medium","medium","ok","medium","ok","ok",,"ok","true","C6","C6: Below 3.0°C","WITCH 5.0","EN_INDCi2030_3000","39.48266094902558","56.51782010594329","1.6563437823515177","4.835797002889791","1.9524360024740175","2.755672298992633","2.755672298992633","0.001711766"
"1522","ENGAGE-INDCi2030-3000","WITCH 5.0","Final Energy|Residential and Commercial|Electricity","EJ/yr","[object Object]",2020,7.13105936434257,"2.755672298992633","2.755672298992633","2100","1.9524360024740175","2820.291289227768","GW6","ok","ok","ok","ok","medium","medium","ok","medium","ok","ok",,"ok","true","C6","C6: Below 3.0°C","WITCH 5.0","EN_INDCi2030_3000","39.48266094902558","56.51782010594329","1.6563437823515177","4.835797002889791","1.9524360024740175","2.755672298992633","2.755672298992633","0.001711766"
"1522","ENGAGE-INDCi2030-3000","WITCH 5.0","Final Energy|Residential and Commercial|Electricity","EJ/yr","[object Object]",2025,7.384071108544049,"2.755672298992633","2.755672298992633","2100","1.9524360024740175","2820.291289227768","GW6","ok","ok","ok","ok","medium","medium","ok","medium","ok","ok",,"ok","true","C6","C6: Below 3.0°C","WITCH 5.0","EN_INDCi2030_3000","39.48266094902558","56.51782010594329","1.6563437823515177","4.835797002889791","1.9524360024740175","2.755672298992633","2.755672298992633","0.001711766"
"1522","ENGAGE-INDCi2030-3000","WITCH 5.0","Final Energy|Residential and Commercial|Electricity","EJ/yr","[object Object]",2030,7.71501564443634,"2.755672298992633","2.755672298992633","2100","1.9524360024740175","2820.291289227768","GW6","ok","ok","ok","ok","medium","medium","ok","medium","ok","ok",,"ok","true","C6","C6: Below 3.0°C","WITCH 5.0","EN_INDCi2030_3000","39.48266094902558","56.51782010594329","1.6563437823515177","4.835797002889791","1.9524360024740175","2.755672298992633","2.755672298992633","0.001711766"
"1522","ENGAGE-INDCi2030-3000","WITCH 5.0","Final Energy|Residential and Commercial|Electricity","EJ/yr","[object Object]",2035,11.4732850448293,"2.755672298992633","2.755672298992633","2100","1.9524360024740175","2820.291289227768","GW6","ok","ok","ok","ok","medium","medium","ok","medium","ok","ok",,"ok","true","C6","C6: Below 3.0°C","WITCH 5.0","EN_INDCi2030_3000","39.48266094902558","56.51782010594329","1.6563437823515177","4.835797002889791","1.9524360024740175","2.755672298992633","2.755672298992633","0.001711766"
"1522","ENGAGE-INDCi2030-3000","WITCH 5.0","Final Energy|Residential and Commercial|Electricity","EJ/yr","[object Object]",2040,12.5916062358551,"2.755672298992633","2.755672298992633","2100","1.9524360024740175","2820.291289227768","GW6","ok","ok","ok","ok","medium","medium","ok","medium","ok","ok",,"ok","true","C6","C6: Below 3.0°C","WITCH 5.0","EN_INDCi2030_3000","39.48266094902558","56.51782010594329","1.6563437823515177","4.835797002889791","1.9524360024740175","2.755672298992633","2.755672298992633","0.001711766"
"1522","ENGAGE-INDCi2030-3000","WITCH 5.0","Final Energy|Residential and Commercial|Electricity","EJ/yr","[object Object]",2045,13.9860473229374,"2.755672298992633","2.755672298992633","2100","1.9524360024740175","2820.291289227768","GW6","ok","ok","ok","ok","medium","medium","ok","medium","ok","ok",,"ok","true","C6","C6: Below 3.0°C","WITCH 5.0","EN_INDCi2030_3000","39.48266094902558","56.51782010594329","1.6563437823515177","4.835797002889791","1.9524360024740175","2.755672298992633","2.755672298992633","0.001711766"
"1522","ENGAGE-INDCi2030-3000","WITCH 5.0","Final Energy|Residential and Commercial|Electricity","EJ/yr","[object Object]",2050,15.2672036300509,"2.755672298992633","2.755672298992633","2100","1.9524360024740175","2820.291289227768","GW6","ok","ok","ok","ok","medium","medium","ok","medium","ok","ok",,"ok","true","C6","C6: Below 3.0°C","WITCH 5.0","EN_INDCi2030_3000","39.48266094902558","56.51782010594329","1.6563437823515177","4.835797002889791","1.9524360024740175","2.755672298992633","2.755672298992633","0.001711766"
"1522","ENGAGE-INDCi2030-3000","WITCH 5.0","Final Energy|Residential and Commercial|Electricity","EJ/yr","[object Object]",2055,15.266329358978,"2.755672298992633","2.755672298992633","2100","1.9524360024740175","2820.291289227768","GW6","ok","ok","ok","ok","medium","medium","ok","medium","ok","ok",,"ok","true","C6","C6: Below 3.0°C","WITCH 5.0","EN_INDCi2030_3000","39.48266094902558","56.51782010594329","1.6563437823515177","4.835797002889791","1.9524360024740175","2.755672298992633","2.755672298992633","0.001711766"
"1522","ENGAGE-INDCi2030-3000","WITCH 5.0","Final Energy|Residential and Commercial|Electricity","EJ/yr","[object Object]",2060,15.7183269363841,"2.755672298992633","2.755672298992633","2100","1.9524360024740175","2820.291289227768","GW6","ok","ok","ok","ok","medium","medium","ok","medium","ok","ok",,"ok","true","C6","C6: Below 3.0°C","WITCH 5.0","EN_INDCi2030_3000","39.48266094902558","56.51782010594329","1.6563437823515177","4.835797002889791","1.9524360024740175","2.755672298992633","2.755672298992633","0.001711766"
"1522","ENGAGE-INDCi2030-3000","WITCH 5.0","Final Energy|Residential and Commercial|Electricity","EJ/yr","[object Object]",2065,15.8971733434097,"2.755672298992633","2.755672298992633","2100","1.9524360024740175","2820.291289227768","GW6","ok","ok","ok","ok","medium","medium","ok","medium","ok","ok",,"ok","true","C6","C6: Below 3.0°C","WITCH 5.0","EN_INDCi2030_3000","39.48266094902558","56.51782010594329","1.6563437823515177","4.835797002889791","1.9524360024740175","2.755672298992633","2.755672298992633","0.001711766"
"1522","ENGAGE-INDCi2030-3000","WITCH 5.0","Final Energy|Residential and Commercial|Electricity","EJ/yr","[object Object]",2070,16.1705738784066,"2.755672298992633","2.755672298992633","2100","1.9524360024740175","2820.291289227768","GW6","ok","ok","ok","ok","medium","medium","ok","medium","ok","ok",,"ok","true","C6","C6: Below 3.0°C","WITCH 5.0","EN_INDCi2030_3000","39.48266094902558","56.51782010594329","1.6563437823515177","4.835797002889791","1.9524360024740175","2.755672298992633","2.755672298992633","0.001711766"
"1522","ENGAGE-INDCi2030-3000","WITCH 5.0","Final Energy|Residential and Commercial|Electricity","EJ/yr","[object Object]",2075,16.4624470792007,"2.755672298992633","2.755672298992633","2100","1.9524360024740175","2820.291289227768","GW6","ok","ok","ok","ok","medium","medium","ok","medium","ok","ok",,"ok","true","C6","C6: Below 3.0°C","WITCH 5.0","EN_INDCi2030_3000","39.48266094902558","56.51782010594329","1.6563437823515177","4.835797002889791","1.9524360024740175","2.755672298992633","2.755672298992633","0.001711766"
"1522","ENGAGE-INDCi2030-3000","WITCH 5.0","Final Energy|Residential and Commercial|Electricity","EJ/yr","[object Object]",2080,16.7772946997385,"2.755672298992633","2.755672298992633","2100","1.9524360024740175","2820.291289227768","GW6","ok","ok","ok","ok","medium","medium","ok","medium","ok","ok",,"ok","true","C6","C6: Below 3.0°C","WITCH 5.0","EN_INDCi2030_3000","39.48266094902558","56.51782010594329","1.6563437823515177","4.835797002889791","1.9524360024740175","2.755672298992633","2.755672298992633","0.001711766"
"1522","ENGAGE-INDCi2030-3000","WITCH 5.0","Final Energy|Residential and Commercial|Electricity","EJ/yr","[object Object]",2085,17.0522530769577,"2.755672298992633","2.755672298992633","2100","1.9524360024740175","2820.291289227768","GW6","ok","ok","ok","ok","medium","medium","ok","medium","ok","ok",,"ok","true","C6","C6: Below 3.0°C","WITCH 5.0","EN_INDCi2030_3000","39.48266094902558","56.51782010594329","1.6563437823515177","4.835797002889791","1.9524360024740175","2.755672298992633","2.755672298992633","0.001711766"
"1522","ENGAGE-INDCi2030-3000","WITCH 5.0","Final Energy|Residential and Commercial|Electricity","EJ/yr","[object Object]",2090,17.0973365074749,"2.755672298992633","2.755672298992633","2100","1.9524360024740175","2820.291289227768","GW6","ok","ok","ok","ok","medium","medium","ok","medium","ok","ok",,"ok","true","C6","C6: Below 3.0°C","WITCH 5.0","EN_INDCi2030_3000","39.48266094902558","56.51782010594329","1.6563437823515177","4.835797002889791","1.9524360024740175","2.755672298992633","2.755672298992633","0.001711766"
"1522","ENGAGE-INDCi2030-3000","WITCH 5.0","Final Energy|Residential and Commercial|Electricity","EJ/yr","[object Object]",2095,16.9518109979008,"2.755672298992633","2.755672298992633","2100","1.9524360024740175","2820.291289227768","GW6","ok","ok","ok","ok","medium","medium","ok","medium","ok","ok",,"ok","true","C6","C6: Below 3.0°C","WITCH 5.0","EN_INDCi2030_3000","39.48266094902558","56.51782010594329","1.6563437823515177","4.835797002889791","1.9524360024740175","2.755672298992633","2.755672298992633","0.001711766"
"1522","ENGAGE-INDCi2030-3000","WITCH 5.0","Final Energy|Residential and Commercial|Electricity","EJ/yr","[object Object]",2100,17.8522600886508,"2.755672298992633","2.755672298992633","2100","1.9524360024740175","2820.291289227768","GW6","ok","ok","ok","ok","medium","medium","ok","medium","ok","ok",,"ok","true","C6","C6: Below 3.0°C","WITCH 5.0","EN_INDCi2030_3000","39.48266094902558","56.51782010594329","1.6563437823515177","4.835797002889791","1.9524360024740175","2.755672298992633","2.755672298992633","0.001711766"
"1523","ENGAGE-INDCi2030-3000-NDCp","WITCH 5.0","Final Energy|Residential and Commercial|Electricity","EJ/yr","[object Object]",2010,6.42165816424,"2.758546191169656","2.758546191169656","2100","2.9337949956295395","2820.228707693183","GW6","ok","ok","ok","ok","medium","medium","ok","medium","ok","ok",,"ok","true","C6","C6: Below 3.0°C","WITCH 5.0","EN_INDCi2030_3000_NDCp","39.46938521695478","56.53480688661383","1.6693981884203715","4.778228984906065","2.9337949956295395","2.758546191169656","2.758546191169656","0.001875848"
"1523","ENGAGE-INDCi2030-3000-NDCp","WITCH 5.0","Final Energy|Residential and Commercial|Electricity","EJ/yr","[object Object]",2015,6.362434406715,"2.758546191169656","2.758546191169656","2100","2.9337949956295395","2820.228707693183","GW6","ok","ok","ok","ok","medium","medium","ok","medium","ok","ok",,"ok","true","C6","C6: Below 3.0°C","WITCH 5.0","EN_INDCi2030_3000_NDCp","39.46938521695478","56.53480688661383","1.6693981884203715","4.778228984906065","2.9337949956295395","2.758546191169656","2.758546191169656","0.001875848"
"1523","ENGAGE-INDCi2030-3000-NDCp","WITCH 5.0","Final Energy|Residential and Commercial|Electricity","EJ/yr","[object Object]",2020,7.13091538831292,"2.758546191169656","2.758546191169656","2100","2.9337949956295395","2820.228707693183","GW6","ok","ok","ok","ok","medium","medium","ok","medium","ok","ok",,"ok","true","C6","C6: Below 3.0°C","WITCH 5.0","EN_INDCi2030_3000_NDCp","39.46938521695478","56.53480688661383","1.6693981884203715","4.778228984906065","2.9337949956295395","2.758546191169656","2.758546191169656","0.001875848"
"1523","ENGAGE-INDCi2030-3000-NDCp","WITCH 5.0","Final Energy|Residential and Commercial|Electricity","EJ/yr","[object Object]",2025,7.13213956913985,"2.758546191169656","2.758546191169656","2100","2.9337949956295395","2820.228707693183","GW6","ok","ok","ok","ok","medium","medium","ok","medium","ok","ok",,"ok","true","C6","C6: Below 3.0°C","WITCH 5.0","EN_INDCi2030_3000_NDCp","39.46938521695478","56.53480688661383","1.6693981884203715","4.778228984906065","2.9337949956295395","2.758546191169656","2.758546191169656","0.001875848"
"1523","ENGAGE-INDCi2030-3000-NDCp","WITCH 5.0","Final Energy|Residential and Commercial|Electricity","EJ/yr","[object Object]",2030,7.4250480849104,"2.758546191169656","2.758546191169656","2100","2.9337949956295395","2820.228707693183","GW6","ok","ok","ok","ok","medium","medium","ok","medium","ok","ok",,"ok","true","C6","C6: Below 3.0°C","WITCH 5.0","EN_INDCi2030_3000_NDCp","39.46938521695478","56.53480688661383","1.6693981884203715","4.778228984906065","2.9337949956295395","2.758546191169656","2.758546191169656","0.001875848"
"1523","ENGAGE-INDCi2030-3000-NDCp","WITCH 5.0","Final Energy|Residential and Commercial|Electricity","EJ/yr","[object Object]",2035,11.4914134237327,"2.758546191169656","2.758546191169656","2100","2.9337949956295395","2820.228707693183","GW6","ok","ok","ok","ok","medium","medium","ok","medium","ok","ok",,"ok","true","C6","C6: Below 3.0°C","WITCH 5.0","EN_INDCi2030_3000_NDCp","39.46938521695478","56.53480688661383","1.6693981884203715","4.778228984906065","2.9337949956295395","2.758546191169656","2.758546191169656","0.001875848"
"1523","ENGAGE-INDCi2030-3000-NDCp","WITCH 5.0","Final Energy|Residential and Commercial|Electricity","EJ/yr","[object Object]",2040,12.6014011683877,"2.758546191169656","2.758546191169656","2100","2.9337949956295395","2820.228707693183","GW6","ok","ok","ok","ok","medium","medium","ok","medium","ok","ok",,"ok","true","C6","C6: Below 3.0°C","WITCH 5.0","EN_INDCi2030_3000_NDCp","39.46938521695478","56.53480688661383","1.6693981884203715","4.778228984906065","2.9337949956295395","2.758546191169656","2.758546191169656","0.001875848"
"1523","ENGAGE-INDCi2030-3000-NDCp","WITCH 5.0","Final Energy|Residential and Commercial|Electricity","EJ/yr","[object Object]",2045,13.9922452665902,"2.758546191169656","2.758546191169656","2100","2.9337949956295395","2820.228707693183","GW6","ok","ok","ok","ok","medium","medium","ok","medium","ok","ok",,"ok","true","C6","C6: Below 3.0°C","WITCH 5.0","EN_INDCi2030_3000_NDCp","39.46938521695478","56.53480688661383","1.6693981884203715","4.778228984906065","2.9337949956295395","2.758546191169656","2.758546191169656","0.001875848"
"1523","ENGAGE-INDCi2030-3000-NDCp","WITCH 5.0","Final Energy|Residential and Commercial|Electricity","EJ/yr","[object Object]",2050,15.260523370194,"2.758546191169656","2.758546191169656","2100","2.9337949956295395","2820.228707693183","GW6","ok","ok","ok","ok","medium","medium","ok","medium","ok","ok",,"ok","true","C6","C6: Below 3.0°C","WITCH 5.0","EN_INDCi2030_3000_NDCp","39.46938521695478","56.53480688661383","1.6693981884203715","4.778228984906065","2.9337949956295395","2.758546191169656","2.758546191169656","0.001875848"
"1523","ENGAGE-INDCi2030-3000-NDCp","WITCH 5.0","Final Energy|Residential and Commercial|Electricity","EJ/yr","[object Object]",2055,15.1925968922386,"2.758546191169656","2.758546191169656","2100","2.9337949956295395","2820.228707693183","GW6","ok","ok","ok","ok","medium","medium","ok","medium","ok","ok",,"ok","true","C6","C6: Below 3.0°C","WITCH 5.0","EN_INDCi2030_3000_NDCp","39.46938521695478","56.53480688661383","1.6693981884203715","4.778228984906065","2.9337949956295395","2.758546191169656","2.758546191169656","0.001875848"
"1523","ENGAGE-INDCi2030-3000-NDCp","WITCH 5.0","Final Energy|Residential and Commercial|Electricity","EJ/yr","[object Object]",2060,15.6153393018767,"2.758546191169656","2.758546191169656","2100","2.9337949956295395","2820.228707693183","GW6","ok","ok","ok","ok","medium","medium","ok","medium","ok","ok",,"ok","true","C6","C6: Below 3.0°C","WITCH 5.0","EN_INDCi2030_3000_NDCp","39.46938521695478","56.53480688661383","1.6693981884203715","4.778228984906065","2.9337949956295395","2.758546191169656","2.758546191169656","0.001875848"
"1523","ENGAGE-INDCi2030-3000-NDCp","WITCH 5.0","Final Energy|Residential and Commercial|Electricity","EJ/yr","[object Object]",2065,15.7679786078777,"2.758546191169656","2.758546191169656","2100","2.9337949956295395","2820.228707693183","GW6","ok","ok","ok","ok","medium","medium","ok","medium","ok","ok",,"ok","true","C6","C6: Below 3.0°C","WITCH 5.0","EN_INDCi2030_3000_NDCp","39.46938521695478","56.53480688661383","1.6693981884203715","4.778228984906065","2.9337949956295395","2.758546191169656","2.758546191169656","0.001875848"
"1523","ENGAGE-INDCi2030-3000-NDCp","WITCH 5.0","Final Energy|Residential and Commercial|Electricity","EJ/yr","[object Object]",2070,16.0499570734784,"2.758546191169656","2.758546191169656","2100","2.9337949956295395","2820.228707693183","GW6","ok","ok","ok","ok","medium","medium","ok","medium","ok","ok",,"ok","true","C6","C6: Below 3.0°C","WITCH 5.0","EN_INDCi2030_3000_NDCp","39.46938521695478","56.53480688661383","1.6693981884203715","4.778228984906065","2.9337949956295395","2.758546191169656","2.758546191169656","0.001875848"
"1523","ENGAGE-INDCi2030-3000-NDCp","WITCH 5.0","Final Energy|Residential and Commercial|Electricity","EJ/yr","[object Object]",2075,16.3603595519933,"2.758546191169656","2.758546191169656","2100","2.9337949956295395","2820.228707693183","GW6","ok","ok","ok","ok","medium","medium","ok","medium","ok","ok",,"ok","true","C6","C6: Below 3.0°C","WITCH 5.0","EN_INDCi2030_3000_NDCp","39.46938521695478","56.53480688661383","1.6693981884203715","4.778228984906065","2.9337949956295395","2.758546191169656","2.758546191169656","0.001875848"
"1523","ENGAGE-INDCi2030-3000-NDCp","WITCH 5.0","Final Energy|Residential and Commercial|Electricity","EJ/yr","[object Object]",2080,16.6889141909214,"2.758546191169656","2.758546191169656","2100","2.9337949956295395","2820.228707693183","GW6","ok","ok","ok","ok","medium","medium","ok","medium","ok","ok",,"ok","true","C6","C6: Below 3.0°C","WITCH 5.0","EN_INDCi2030_3000_NDCp","39.46938521695478","56.53480688661383","1.6693981884203715","4.778228984906065","2.9337949956295395","2.758546191169656","2.758546191169656","0.001875848"
"1523","ENGAGE-INDCi2030-3000-NDCp","WITCH 5.0","Final Energy|Residential and Commercial|Electricity","EJ/yr","[object Object]",2085,16.9764681542103,"2.758546191169656","2.758546191169656","2100","2.9337949956295395","2820.228707693183","GW6","ok","ok","ok","ok","medium","medium","ok","medium","ok","ok",,"ok","true","C6","C6: Below 3.0°C","WITCH 5.0","EN_INDCi2030_3000_NDCp","39.46938521695478","56.53480688661383","1.6693981884203715","4.778228984906065","2.9337949956295395","2.758546191169656","2.758546191169656","0.001875848"
"1523","ENGAGE-INDCi2030-3000-NDCp","WITCH 5.0","Final Energy|Residential and Commercial|Electricity","EJ/yr","[object Object]",2090,17.032901361555,"2.758546191169656","2.758546191169656","2100","2.9337949956295395","2820.228707693183","GW6","ok","ok","ok","ok","medium","medium","ok","medium","ok","ok",,"ok","true","C6","C6: Below 3.0°C","WITCH 5.0","EN_INDCi2030_3000_NDCp","39.46938521695478","56.53480688661383","1.6693981884203715","4.778228984906065","2.9337949956295395","2.758546191169656","2.758546191169656","0.001875848"
"1523","ENGAGE-INDCi2030-3000-NDCp","WITCH 5.0","Final Energy|Residential and Commercial|Electricity","EJ/yr","[object Object]",2095,16.9000843115998,"2.758546191169656","2.758546191169656","2100","2.9337949956295395","2820.228707693183","GW6","ok","ok","ok","ok","medium","medium","ok","medium","ok","ok",,"ok","true","C6","C6: Below 3.0°C","WITCH 5.0","EN_INDCi2030_3000_NDCp","39.46938521695478","56.53480688661383","1.6693981884203715","4.778228984906065","2.9337949956295395","2.758546191169656","2.758546191169656","0.001875848"
"1523","ENGAGE-INDCi2030-3000-NDCp","WITCH 5.0","Final Energy|Residential and Commercial|Electricity","EJ/yr","[object Object]",2100,17.813406281215,"2.758546191169656","2.758546191169656","2100","2.9337949956295395","2820.228707693183","GW6","ok","ok","ok","ok","medium","medium","ok","medium","ok","ok",,"ok","true","C6","C6: Below 3.0°C","WITCH 5.0","EN_INDCi2030_3000_NDCp","39.46938521695478","56.53480688661383","1.6693981884203715","4.778228984906065","2.9337949956295395","2.758546191169656","2.758546191169656","0.001875848"
"1524","ENGAGE-INDCi2030-3000f","WITCH 5.0","Final Energy|Residential and Commercial|Electricity","EJ/yr","[object Object]",2010,6.42165816424,"2.755672298992633","2.755672298992633","2100","1.9524360024740175","2820.291289227768","GW6","ok","ok","ok","ok","medium","medium","ok","medium","ok","ok",,"ok","true","C6","C6: Below 3.0°C","WITCH 5.0","EN_INDCi2030_3000f","39.48266094902558","56.51782010594329","1.6563437823515177","4.835797002889791","1.9524360024740175","2.755672298992633","2.755672298992633","0.001711766"
"1524","ENGAGE-INDCi2030-3000f","WITCH 5.0","Final Energy|Residential and Commercial|Electricity","EJ/yr","[object Object]",2015,6.362434406715,"2.755672298992633","2.755672298992633","2100","1.9524360024740175","2820.291289227768","GW6","ok","ok","ok","ok","medium","medium","ok","medium","ok","ok",,"ok","true","C6","C6: Below 3.0°C","WITCH 5.0","EN_INDCi2030_3000f","39.48266094902558","56.51782010594329","1.6563437823515177","4.835797002889791","1.9524360024740175","2.755672298992633","2.755672298992633","0.001711766"
"1524","ENGAGE-INDCi2030-3000f","WITCH 5.0","Final Energy|Residential and Commercial|Electricity","EJ/yr","[object Object]",2020,7.13105936434257,"2.755672298992633","2.755672298992633","2100","1.9524360024740175","2820.291289227768","GW6","ok","ok","ok","ok","medium","medium","ok","medium","ok","ok",,"ok","true","C6","C6: Below 3.0°C","WITCH 5.0","EN_INDCi2030_3000f","39.48266094902558","56.51782010594329","1.6563437823515177","4.835797002889791","1.9524360024740175","2.755672298992633","2.755672298992633","0.001711766"
"1524","ENGAGE-INDCi2030-3000f","WITCH 5.0","Final Energy|Residential and Commercial|Electricity","EJ/yr","[object Object]",2025,7.384071108544049,"2.755672298992633","2.755672298992633","2100","1.9524360024740175","2820.291289227768","GW6","ok","ok","ok","ok","medium","medium","ok","medium","ok","ok",,"ok","true","C6","C6: Below 3.0°C","WITCH 5.0","EN_INDCi2030_3000f","39.48266094902558","56.51782010594329","1.6563437823515177","4.835797002889791","1.9524360024740175","2.755672298992633","2.755672298992633","0.001711766"
"1524","ENGAGE-INDCi2030-3000f","WITCH 5.0","Final Energy|Residential and Commercial|Electricity","EJ/yr","[object Object]",2030,7.71501564443634,"2.755672298992633","2.755672298992633","2100","1.9524360024740175","2820.291289227768","GW6","ok","ok","ok","ok","medium","medium","ok","medium","ok","ok",,"ok","true","C6","C6: Below 3.0°C","WITCH 5.0","EN_INDCi2030_3000f","39.48266094902558","56.51782010594329","1.6563437823515177","4.835797002889791","1.9524360024740175","2.755672298992633","2.755672298992633","0.001711766"
"1524","ENGAGE-INDCi2030-3000f","WITCH 5.0","Final Energy|Residential and Commercial|Electricity","EJ/yr","[object Object]",2035,11.4732850448293,"2.755672298992633","2.755672298992633","2100","1.9524360024740175","2820.291289227768","GW6","ok","ok","ok","ok","medium","medium","ok","medium","ok","ok",,"ok","true","C6","C6: Below 3.0°C","WITCH 5.0","EN_INDCi2030_3000f","39.48266094902558","56.51782010594329","1.6563437823515177","4.835797002889791","1.9524360024740175","2.755672298992633","2.755672298992633","0.001711766"
"1524","ENGAGE-INDCi2030-3000f","WITCH 5.0","Final Energy|Residential and Commercial|Electricity","EJ/yr","[object Object]",2040,12.5916062358551,"2.755672298992633","2.755672298992633","2100","1.9524360024740175","2820.291289227768","GW6","ok","ok","ok","ok","medium","medium","ok","medium","ok","ok",,"ok","true","C6","C6: Below 3.0°C","WITCH 5.0","EN_INDCi2030_3000f","39.48266094902558","56.51782010594329","1.6563437823515177","4.835797002889791","1.9524360024740175","2.755672298992633","2.755672298992633","0.001711766"
"1524","ENGAGE-INDCi2030-3000f","WITCH 5.0","Final Energy|Residential and Commercial|Electricity","EJ/yr","[object Object]",2045,13.9860473229374,"2.755672298992633","2.755672298992633","2100","1.9524360024740175","2820.291289227768","GW6","ok","ok","ok","ok","medium","medium","ok","medium","ok","ok",,"ok","true","C6","C6: Below 3.0°C","WITCH 5.0","EN_INDCi2030_3000f","39.48266094902558","56.51782010594329","1.6563437823515177","4.835797002889791","1.9524360024740175","2.755672298992633","2.755672298992633","0.001711766"
"1524","ENGAGE-INDCi2030-3000f","WITCH 5.0","Final Energy|Residential and Commercial|Electricity","EJ/yr","[object Object]",2050,15.2672036300509,"2.755672298992633","2.755672298992633","2100","1.9524360024740175","2820.291289227768","GW6","ok","ok","ok","ok","medium","medium","ok","medium","ok","ok",,"ok","true","C6","C6: Below 3.0°C","WITCH 5.0","EN_INDCi2030_3000f","39.48266094902558","56.51782010594329","1.6563437823515177","4.835797002889791","1.9524360024740175","2.755672298992633","2.755672298992633","0.001711766"
"1524","ENGAGE-INDCi2030-3000f","WITCH 5.0","Final Energy|Residential and Commercial|Electricity","EJ/yr","[object Object]",2055,15.266329358978,"2.755672298992633","2.755672298992633","2100","1.9524360024740175","2820.291289227768","GW6","ok","ok","ok","ok","medium","medium","ok","medium","ok","ok",,"ok","true","C6","C6: Below 3.0°C","WITCH 5.0","EN_INDCi2030_3000f","39.48266094902558","56.51782010594329","1.6563437823515177","4.835797002889791","1.9524360024740175","2.755672298992633","2.755672298992633","0.001711766"
"1524","ENGAGE-INDCi2030-3000f","WITCH 5.0","Final Energy|Residential and Commercial|Electricity","EJ/yr","[object Object]",2060,15.7183269363841,"2.755672298992633","2.755672298992633","2100","1.9524360024740175","2820.291289227768","GW6","ok","ok","ok","ok","medium","medium","ok","medium","ok","ok",,"ok","true","C6","C6: Below 3.0°C","WITCH 5.0","EN_INDCi2030_3000f","39.48266094902558","56.51782010594329","1.6563437823515177","4.835797002889791","1.9524360024740175","2.755672298992633","2.755672298992633","0.001711766"
"1524","ENGAGE-INDCi2030-3000f","WITCH 5.0","Final Energy|Residential and Commercial|Electricity","EJ/yr","[object Object]",2065,15.8971733434097,"2.755672298992633","2.755672298992633","2100","1.9524360024740175","2820.291289227768","GW6","ok","ok","ok","ok","medium","medium","ok","medium","ok","ok",,"ok","true","C6","C6: Below 3.0°C","WITCH 5.0","EN_INDCi2030_3000f","39.48266094902558","56.51782010594329","1.6563437823515177","4.835797002889791","1.9524360024740175","2.755672298992633","2.755672298992633","0.001711766"
"1524","ENGAGE-INDCi2030-3000f","WITCH 5.0","Final Energy|Residential and Commercial|Electricity","EJ/yr","[object Object]",2070,16.1705738784066,"2.755672298992633","2.755672298992633","2100","1.9524360024740175","2820.291289227768","GW6","ok","ok","ok","ok","medium","medium","ok","medium","ok","ok",,"ok","true","C6","C6: Below 3.0°C","WITCH 5.0","EN_INDCi2030_3000f","39.48266094902558","56.51782010594329","1.6563437823515177","4.835797002889791","1.9524360024740175","2.755672298992633","2.755672298992633","0.001711766"
"1524","ENGAGE-INDCi2030-3000f","WITCH 5.0","Final Energy|Residential and Commercial|Electricity","EJ/yr","[object Object]",2075,16.4624470792007,"2.755672298992633","2.755672298992633","2100","1.9524360024740175","2820.291289227768","GW6","ok","ok","ok","ok","medium","medium","ok","medium","ok","ok",,"ok","true","C6","C6: Below 3.0°C","WITCH 5.0","EN_INDCi2030_3000f","39.48266094902558","56.51782010594329","1.6563437823515177","4.835797002889791","1.9524360024740175","2.755672298992633","2.755672298992633","0.001711766"
"1524","ENGAGE-INDCi2030-3000f","WITCH 5.0","Final Energy|Residential and Commercial|Electricity","EJ/yr","[object Object]",2080,16.7772946997385,"2.755672298992633","2.755672298992633","2100","1.9524360024740175","2820.291289227768","GW6","ok","ok","ok","ok","medium","medium","ok","medium","ok","ok",,"ok","true","C6","C6: Below 3.0°C","WITCH 5.0","EN_INDCi2030_3000f","39.48266094902558","56.51782010594329","1.6563437823515177","4.835797002889791","1.9524360024740175","2.755672298992633","2.755672298992633","0.001711766"
"1524","ENGAGE-INDCi2030-3000f","WITCH 5.0","Final Energy|Residential and Commercial|Electricity","EJ/yr","[object Object]",2085,17.0522530769577,"2.755672298992633","2.755672298992633","2100","1.9524360024740175","2820.291289227768","GW6","ok","ok","ok","ok","medium","medium","ok","medium","ok","ok",,"ok","true","C6","C6: Below 3.0°C","WITCH 5.0","EN_INDCi2030_3000f","39.48266094902558","56.51782010594329","1.6563437823515177","4.835797002889791","1.9524360024740175","2.755672298992633","2.755672298992633","0.001711766"
"1524","ENGAGE-INDCi2030-3000f","WITCH 5.0","Final Energy|Residential and Commercial|Electricity","EJ/yr","[object Object]",2090,17.0973365074749,"2.755672298992633","2.755672298992633","2100","1.9524360024740175","2820.291289227768","GW6","ok","ok","ok","ok","medium","medium","ok","medium","ok","ok",,"ok","true","C6","C6: Below 3.0°C","WITCH 5.0","EN_INDCi2030_3000f","39.48266094902558","56.51782010594329","1.6563437823515177","4.835797002889791","1.9524360024740175","2.755672298992633","2.755672298992633","0.001711766"
"1524","ENGAGE-INDCi2030-3000f","WITCH 5.0","Final Energy|Residential and Commercial|Electricity","EJ/yr","[object Object]",2095,16.9518109979008,"2.755672298992633","2.755672298992633","2100","1.9524360024740175","2820.291289227768","GW6","ok","ok","ok","ok","medium","medium","ok","medium","ok","ok",,"ok","true","C6","C6: Below 3.0°C","WITCH 5.0","EN_INDCi2030_3000f","39.48266094902558","56.51782010594329","1.6563437823515177","4.835797002889791","1.9524360024740175","2.755672298992633","2.755672298992633","0.001711766"
"1524","ENGAGE-INDCi2030-3000f","WITCH 5.0","Final Energy|Residential and Commercial|Electricity","EJ/yr","[object Object]",2100,17.8522600886508,"2.755672298992633","2.755672298992633","2100","1.9524360024740175","2820.291289227768","GW6","ok","ok","ok","ok","medium","medium","ok","medium","ok","ok",,"ok","true","C6","C6: Below 3.0°C","WITCH 5.0","EN_INDCi2030_3000f","39.48266094902558","56.51782010594329","1.6563437823515177","4.835797002889791","1.9524360024740175","2.755672298992633","2.755672298992633","0.001711766"
"1525","ENGAGE-INDCi2030-3000f-NDCp","WITCH 5.0","Final Energy|Residential and Commercial|Electricity","EJ/yr","[object Object]",2010,6.42165816424,"2.758546191169656","2.758546191169656","2100","2.9337949956295395","2820.228707693183","GW6","ok","ok","ok","ok","medium","medium","ok","medium","ok","ok",,"ok","true","C6","C6: Below 3.0°C","WITCH 5.0","EN_INDCi2030_3000f_NDCp","39.46938521695478","56.53480688661383","1.6693981884203715","4.778228984906065","2.9337949956295395","2.758546191169656","2.758546191169656","0.001875848"
"1525","ENGAGE-INDCi2030-3000f-NDCp","WITCH 5.0","Final Energy|Residential and Commercial|Electricity","EJ/yr","[object Object]",2015,6.362434406715,"2.758546191169656","2.758546191169656","2100","2.9337949956295395","2820.228707693183","GW6","ok","ok","ok","ok","medium","medium","ok","medium","ok","ok",,"ok","true","C6","C6: Below 3.0°C","WITCH 5.0","EN_INDCi2030_3000f_NDCp","39.46938521695478","56.53480688661383","1.6693981884203715","4.778228984906065","2.9337949956295395","2.758546191169656","2.758546191169656","0.001875848"
"1525","ENGAGE-INDCi2030-3000f-NDCp","WITCH 5.0","Final Energy|Residential and Commercial|Electricity","EJ/yr","[object Object]",2020,7.13091538831292,"2.758546191169656","2.758546191169656","2100","2.9337949956295395","2820.228707693183","GW6","ok","ok","ok","ok","medium","medium","ok","medium","ok","ok",,"ok","true","C6","C6: Below 3.0°C","WITCH 5.0","EN_INDCi2030_3000f_NDCp","39.46938521695478","56.53480688661383","1.6693981884203715","4.778228984906065","2.9337949956295395","2.758546191169656","2.758546191169656","0.001875848"
"1525","ENGAGE-INDCi2030-3000f-NDCp","WITCH 5.0","Final Energy|Residential and Commercial|Electricity","EJ/yr","[object Object]",2025,7.13213956913985,"2.758546191169656","2.758546191169656","2100","2.9337949956295395","2820.228707693183","GW6","ok","ok","ok","ok","medium","medium","ok","medium","ok","ok",,"ok","true","C6","C6: Below 3.0°C","WITCH 5.0","EN_INDCi2030_3000f_NDCp","39.46938521695478","56.53480688661383","1.6693981884203715","4.778228984906065","2.9337949956295395","2.758546191169656","2.758546191169656","0.001875848"
"1525","ENGAGE-INDCi2030-3000f-NDCp","WITCH 5.0","Final Energy|Residential and Commercial|Electricity","EJ/yr","[object Object]",2030,7.4250480849104,"2.758546191169656","2.758546191169656","2100","2.9337949956295395","2820.228707693183","GW6","ok","ok","ok","ok","medium","medium","ok","medium","ok","ok",,"ok","true","C6","C6: Below 3.0°C","WITCH 5.0","EN_INDCi2030_3000f_NDCp","39.46938521695478","56.53480688661383","1.6693981884203715","4.778228984906065","2.9337949956295395","2.758546191169656","2.758546191169656","0.001875848"
"1525","ENGAGE-INDCi2030-3000f-NDCp","WITCH 5.0","Final Energy|Residential and Commercial|Electricity","EJ/yr","[object Object]",2035,11.4914134237327,"2.758546191169656","2.758546191169656","2100","2.9337949956295395","2820.228707693183","GW6","ok","ok","ok","ok","medium","medium","ok","medium","ok","ok",,"ok","true","C6","C6: Below 3.0°C","WITCH 5.0","EN_INDCi2030_3000f_NDCp","39.46938521695478","56.53480688661383","1.6693981884203715","4.778228984906065","2.9337949956295395","2.758546191169656","2.758546191169656","0.001875848"
"1525","ENGAGE-INDCi2030-3000f-NDCp","WITCH 5.0","Final Energy|Residential and Commercial|Electricity","EJ/yr","[object Object]",2040,12.6014011683877,"2.758546191169656","2.758546191169656","2100","2.9337949956295395","2820.228707693183","GW6","ok","ok","ok","ok","medium","medium","ok","medium","ok","ok",,"ok","true","C6","C6: Below 3.0°C","WITCH 5.0","EN_INDCi2030_3000f_NDCp","39.46938521695478","56.53480688661383","1.6693981884203715","4.778228984906065","2.9337949956295395","2.758546191169656","2.758546191169656","0.001875848"
"1525","ENGAGE-INDCi2030-3000f-NDCp","WITCH 5.0","Final Energy|Residential and Commercial|Electricity","EJ/yr","[object Object]",2045,13.9922452665902,"2.758546191169656","2.758546191169656","2100","2.9337949956295395","2820.228707693183","GW6","ok","ok","ok","ok","medium","medium","ok","medium","ok","ok",,"ok","true","C6","C6: Below 3.0°C","WITCH 5.0","EN_INDCi2030_3000f_NDCp","39.46938521695478","56.53480688661383","1.6693981884203715","4.778228984906065","2.9337949956295395","2.758546191169656","2.758546191169656","0.001875848"
"1525","ENGAGE-INDCi2030-3000f-NDCp","WITCH 5.0","Final Energy|Residential and Commercial|Electricity","EJ/yr","[object Object]",2050,15.260523370194,"2.758546191169656","2.758546191169656","2100","2.9337949956295395","2820.228707693183","GW6","ok","ok","ok","ok","medium","medium","ok","medium","ok","ok",,"ok","true","C6","C6: Below 3.0°C","WITCH 5.0","EN_INDCi2030_3000f_NDCp","39.46938521695478","56.53480688661383","1.6693981884203715","4.778228984906065","2.9337949956295395","2.758546191169656","2.758546191169656","0.001875848"
"1525","ENGAGE-INDCi2030-3000f-NDCp","WITCH 5.0","Final Energy|Residential and Commercial|Electricity","EJ/yr","[object Object]",2055,15.1925968922386,"2.758546191169656","2.758546191169656","2100","2.9337949956295395","2820.228707693183","GW6","ok","ok","ok","ok","medium","medium","ok","medium","ok","ok",,"ok","true","C6","C6: Below 3.0°C","WITCH 5.0","EN_INDCi2030_3000f_NDCp","39.46938521695478","56.53480688661383","1.6693981884203715","4.778228984906065","2.9337949956295395","2.758546191169656","2.758546191169656","0.001875848"
"1525","ENGAGE-INDCi2030-3000f-NDCp","WITCH 5.0","Final Energy|Residential and Commercial|Electricity","EJ/yr","[object Object]",2060,15.6153393018767,"2.758546191169656","2.758546191169656","2100","2.9337949956295395","2820.228707693183","GW6","ok","ok","ok","ok","medium","medium","ok","medium","ok","ok",,"ok","true","C6","C6: Below 3.0°C","WITCH 5.0","EN_INDCi2030_3000f_NDCp","39.46938521695478","56.53480688661383","1.6693981884203715","4.778228984906065","2.9337949956295395","2.758546191169656","2.758546191169656","0.001875848"
"1525","ENGAGE-INDCi2030-3000f-NDCp","WITCH 5.0","Final Energy|Residential and Commercial|Electricity","EJ/yr","[object Object]",2065,15.7679786078777,"2.758546191169656","2.758546191169656","2100","2.9337949956295395","2820.228707693183","GW6","ok","ok","ok","ok","medium","medium","ok","medium","ok","ok",,"ok","true","C6","C6: Below 3.0°C","WITCH 5.0","EN_INDCi2030_3000f_NDCp","39.46938521695478","56.53480688661383","1.6693981884203715","4.778228984906065","2.9337949956295395","2.758546191169656","2.758546191169656","0.001875848"
"1525","ENGAGE-INDCi2030-3000f-NDCp","WITCH 5.0","Final Energy|Residential and Commercial|Electricity","EJ/yr","[object Object]",2070,16.0499570734784,"2.758546191169656","2.758546191169656","2100","2.9337949956295395","2820.228707693183","GW6","ok","ok","ok","ok","medium","medium","ok","medium","ok","ok",,"ok","true","C6","C6: Below 3.0°C","WITCH 5.0","EN_INDCi2030_3000f_NDCp","39.46938521695478","56.53480688661383","1.6693981884203715","4.778228984906065","2.9337949956295395","2.758546191169656","2.758546191169656","0.001875848"
"1525","ENGAGE-INDCi2030-3000f-NDCp","WITCH 5.0","Final Energy|Residential and Commercial|Electricity","EJ/yr","[object Object]",2075,16.3603595519933,"2.758546191169656","2.758546191169656","2100","2.9337949956295395","2820.228707693183","GW6","ok","ok","ok","ok","medium","medium","ok","medium","ok","ok",,"ok","true","C6","C6: Below 3.0°C","WITCH 5.0","EN_INDCi2030_3000f_NDCp","39.46938521695478","56.53480688661383","1.6693981884203715","4.778228984906065","2.9337949956295395","2.758546191169656","2.758546191169656","0.001875848"
"1525","ENGAGE-INDCi2030-3000f-NDCp","WITCH 5.0","Final Energy|Residential and Commercial|Electricity","EJ/yr","[object Object]",2080,16.6889141909214,"2.758546191169656","2.758546191169656","2100","2.9337949956295395","2820.228707693183","GW6","ok","ok","ok","ok","medium","medium","ok","medium","ok","ok",,"ok","true","C6","C6: Below 3.0°C","WITCH 5.0","EN_INDCi2030_3000f_NDCp","39.46938521695478","56.53480688661383","1.6693981884203715","4.778228984906065","2.9337949956295395","2.758546191169656","2.758546191169656","0.001875848"
"1525","ENGAGE-INDCi2030-3000f-NDCp","WITCH 5.0","Final Energy|Residential and Commercial|Electricity","EJ/yr","[object Object]",2085,16.9764681542103,"2.758546191169656","2.758546191169656","2100","2.9337949956295395","2820.228707693183","GW6","ok","ok","ok","ok","medium","medium","ok","medium","ok","ok",,"ok","true","C6","C6: Below 3.0°C","WITCH 5.0","EN_INDCi2030_3000f_NDCp","39.46938521695478","56.53480688661383","1.6693981884203715","4.778228984906065","2.9337949956295395","2.758546191169656","2.758546191169656","0.001875848"
"1525","ENGAGE-INDCi2030-3000f-NDCp","WITCH 5.0","Final Energy|Residential and Commercial|Electricity","EJ/yr","[object Object]",2090,17.032901361555,"2.758546191169656","2.758546191169656","2100","2.9337949956295395","2820.228707693183","GW6","ok","ok","ok","ok","medium","medium","ok","medium","ok","ok",,"ok","true","C6","C6: Below 3.0°C","WITCH 5.0","EN_INDCi2030_3000f_NDCp","39.46938521695478","56.53480688661383","1.6693981884203715","4.778228984906065","2.9337949956295395","2.758546191169656","2.758546191169656","0.001875848"
"1525","ENGAGE-INDCi2030-3000f-NDCp","WITCH 5.0","Final Energy|Residential and Commercial|Electricity","EJ/yr","[object Object]",2095,16.9000843115998,"2.758546191169656","2.758546191169656","2100","2.9337949956295395","2820.228707693183","GW6","ok","ok","ok","ok","medium","medium","ok","medium","ok","ok",,"ok","true","C6","C6: Below 3.0°C","WITCH 5.0","EN_INDCi2030_3000f_NDCp","39.46938521695478","56.53480688661383","1.6693981884203715","4.778228984906065","2.9337949956295395","2.758546191169656","2.758546191169656","0.001875848"
"1525","ENGAGE-INDCi2030-3000f-NDCp","WITCH 5.0","Final Energy|Residential and Commercial|Electricity","EJ/yr","[object Object]",2100,17.813406281215,"2.758546191169656","2.758546191169656","2100","2.9337949956295395","2820.228707693183","GW6","ok","ok","ok","ok","medium","medium","ok","medium","ok","ok",,"ok","true","C6","C6: Below 3.0°C","WITCH 5.0","EN_INDCi2030_3000f_NDCp","39.46938521695478","56.53480688661383","1.6693981884203715","4.778228984906065","2.9337949956295395","2.758546191169656","2.758546191169656","0.001875848"
"1539","ENGAGE-INDCi2100","WITCH 5.0","Final Energy|Residential and Commercial|Electricity","EJ/yr","[object Object]",2010,6.42165816424,"2.9553075226298","2.9553075226298","2100","56.526284912296845","2856.8498600078597","GW6","ok","ok","ok","ok","medium","medium","ok","medium","ok","ok",,"medium","true","C6","C6: Below 3.0°C","WITCH 5.0","EN_INDCi2100","44.24535655616215","50.52398420648833","2.6332529122287838","0.9870182258611493","56.526284912296845","2.9553075226298","2.9553075226298","0.003522469"
"1539","ENGAGE-INDCi2100","WITCH 5.0","Final Energy|Residential and Commercial|Electricity","EJ/yr","[object Object]",2015,6.362434406715,"2.9553075226298","2.9553075226298","2100","56.526284912296845","2856.8498600078597","GW6","ok","ok","ok","ok","medium","medium","ok","medium","ok","ok",,"medium","true","C6","C6: Below 3.0°C","WITCH 5.0","EN_INDCi2100","44.24535655616215","50.52398420648833","2.6332529122287838","0.9870182258611493","56.526284912296845","2.9553075226298","2.9553075226298","0.003522469"
"1539","ENGAGE-INDCi2100","WITCH 5.0","Final Energy|Residential and Commercial|Electricity","EJ/yr","[object Object]",2020,7.13105936434257,"2.9553075226298","2.9553075226298","2100","56.526284912296845","2856.8498600078597","GW6","ok","ok","ok","ok","medium","medium","ok","medium","ok","ok",,"medium","true","C6","C6: Below 3.0°C","WITCH 5.0","EN_INDCi2100","44.24535655616215","50.52398420648833","2.6332529122287838","0.9870182258611493","56.526284912296845","2.9553075226298","2.9553075226298","0.003522469"
"1539","ENGAGE-INDCi2100","WITCH 5.0","Final Energy|Residential and Commercial|Electricity","EJ/yr","[object Object]",2025,1.88928821140696,"2.9553075226298","2.9553075226298","2100","56.526284912296845","2856.8498600078597","GW6","ok","ok","ok","ok","medium","medium","ok","medium","ok","ok",,"medium","true","C6","C6: Below 3.0°C","WITCH 5.0","EN_INDCi2100","44.24535655616215","50.52398420648833","2.6332529122287838","0.9870182258611493","56.526284912296845","2.9553075226298","2.9553075226298","0.003522469"
"1539","ENGAGE-INDCi2100","WITCH 5.0","Final Energy|Residential and Commercial|Electricity","EJ/yr","[object Object]",2030,1.60491877775725,"2.9553075226298","2.9553075226298","2100","56.526284912296845","2856.8498600078597","GW6","ok","ok","ok","ok","medium","medium","ok","medium","ok","ok",,"medium","true","C6","C6: Below 3.0°C","WITCH 5.0","EN_INDCi2100","44.24535655616215","50.52398420648833","2.6332529122287838","0.9870182258611493","56.526284912296845","2.9553075226298","2.9553075226298","0.003522469"
"1539","ENGAGE-INDCi2100","WITCH 5.0","Final Energy|Residential and Commercial|Electricity","EJ/yr","[object Object]",2035,11.7872122050663,"2.9553075226298","2.9553075226298","2100","56.526284912296845","2856.8498600078597","GW6","ok","ok","ok","ok","medium","medium","ok","medium","ok","ok",,"medium","true","C6","C6: Below 3.0°C","WITCH 5.0","EN_INDCi2100","44.24535655616215","50.52398420648833","2.6332529122287838","0.9870182258611493","56.526284912296845","2.9553075226298","2.9553075226298","0.003522469"
"1539","ENGAGE-INDCi2100","WITCH 5.0","Final Energy|Residential and Commercial|Electricity","EJ/yr","[object Object]",2040,13.0221020082991,"2.9553075226298","2.9553075226298","2100","56.526284912296845","2856.8498600078597","GW6","ok","ok","ok","ok","medium","medium","ok","medium","ok","ok",,"medium","true","C6","C6: Below 3.0°C","WITCH 5.0","EN_INDCi2100","44.24535655616215","50.52398420648833","2.6332529122287838","0.9870182258611493","56.526284912296845","2.9553075226298","2.9553075226298","0.003522469"
"1539","ENGAGE-INDCi2100","WITCH 5.0","Final Energy|Residential and Commercial|Electricity","EJ/yr","[object Object]",2045,14.8072112091818,"2.9553075226298","2.9553075226298","2100","56.526284912296845","2856.8498600078597","GW6","ok","ok","ok","ok","medium","medium","ok","medium","ok","ok",,"medium","true","C6","C6: Below 3.0°C","WITCH 5.0","EN_INDCi2100","44.24535655616215","50.52398420648833","2.6332529122287838","0.9870182258611493","56.526284912296845","2.9553075226298","2.9553075226298","0.003522469"
"1539","ENGAGE-INDCi2100","WITCH 5.0","Final Energy|Residential and Commercial|Electricity","EJ/yr","[object Object]",2050,16.0083846968042,"2.9553075226298","2.9553075226298","2100","56.526284912296845","2856.8498600078597","GW6","ok","ok","ok","ok","medium","medium","ok","medium","ok","ok",,"medium","true","C6","C6: Below 3.0°C","WITCH 5.0","EN_INDCi2100","44.24535655616215","50.52398420648833","2.6332529122287838","0.9870182258611493","56.526284912296845","2.9553075226298","2.9553075226298","0.003522469"
"1539","ENGAGE-INDCi2100","WITCH 5.0","Final Energy|Residential and Commercial|Electricity","EJ/yr","[object Object]",2055,17.6347659942687,"2.9553075226298","2.9553075226298","2100","56.526284912296845","2856.8498600078597","GW6","ok","ok","ok","ok","medium","medium","ok","medium","ok","ok",,"medium","true","C6","C6: Below 3.0°C","WITCH 5.0","EN_INDCi2100","44.24535655616215","50.52398420648833","2.6332529122287838","0.9870182258611493","56.526284912296845","2.9553075226298","2.9553075226298","0.003522469"
"1539","ENGAGE-INDCi2100","WITCH 5.0","Final Energy|Residential and Commercial|Electricity","EJ/yr","[object Object]",2060,17.9377147202752,"2.9553075226298","2.9553075226298","2100","56.526284912296845","2856.8498600078597","GW6","ok","ok","ok","ok","medium","medium","ok","medium","ok","ok",,"medium","true","C6","C6: Below 3.0°C","WITCH 5.0","EN_INDCi2100","44.24535655616215","50.52398420648833","2.6332529122287838","0.9870182258611493","56.526284912296845","2.9553075226298","2.9553075226298","0.003522469"
"1539","ENGAGE-INDCi2100","WITCH 5.0","Final Energy|Residential and Commercial|Electricity","EJ/yr","[object Object]",2065,18.3400122707444,"2.9553075226298","2.9553075226298","2100","56.526284912296845","2856.8498600078597","GW6","ok","ok","ok","ok","medium","medium","ok","medium","ok","ok",,"medium","true","C6","C6: Below 3.0°C","WITCH 5.0","EN_INDCi2100","44.24535655616215","50.52398420648833","2.6332529122287838","0.9870182258611493","56.526284912296845","2.9553075226298","2.9553075226298","0.003522469"
"1539","ENGAGE-INDCi2100","WITCH 5.0","Final Energy|Residential and Commercial|Electricity","EJ/yr","[object Object]",2070,18.6485000260735,"2.9553075226298","2.9553075226298","2100","56.526284912296845","2856.8498600078597","GW6","ok","ok","ok","ok","medium","medium","ok","medium","ok","ok",,"medium","true","C6","C6: Below 3.0°C","WITCH 5.0","EN_INDCi2100","44.24535655616215","50.52398420648833","2.6332529122287838","0.9870182258611493","56.526284912296845","2.9553075226298","2.9553075226298","0.003522469"
"1539","ENGAGE-INDCi2100","WITCH 5.0","Final Energy|Residential and Commercial|Electricity","EJ/yr","[object Object]",2075,18.6441223083891,"2.9553075226298","2.9553075226298","2100","56.526284912296845","2856.8498600078597","GW6","ok","ok","ok","ok","medium","medium","ok","medium","ok","ok",,"medium","true","C6","C6: Below 3.0°C","WITCH 5.0","EN_INDCi2100","44.24535655616215","50.52398420648833","2.6332529122287838","0.9870182258611493","56.526284912296845","2.9553075226298","2.9553075226298","0.003522469"
"1539","ENGAGE-INDCi2100","WITCH 5.0","Final Energy|Residential and Commercial|Electricity","EJ/yr","[object Object]",2080,18.530071619858,"2.9553075226298","2.9553075226298","2100","56.526284912296845","2856.8498600078597","GW6","ok","ok","ok","ok","medium","medium","ok","medium","ok","ok",,"medium","true","C6","C6: Below 3.0°C","WITCH 5.0","EN_INDCi2100","44.24535655616215","50.52398420648833","2.6332529122287838","0.9870182258611493","56.526284912296845","2.9553075226298","2.9553075226298","0.003522469"
"1539","ENGAGE-INDCi2100","WITCH 5.0","Final Energy|Residential and Commercial|Electricity","EJ/yr","[object Object]",2085,18.551373219991,"2.9553075226298","2.9553075226298","2100","56.526284912296845","2856.8498600078597","GW6","ok","ok","ok","ok","medium","medium","ok","medium","ok","ok",,"medium","true","C6","C6: Below 3.0°C","WITCH 5.0","EN_INDCi2100","44.24535655616215","50.52398420648833","2.6332529122287838","0.9870182258611493","56.526284912296845","2.9553075226298","2.9553075226298","0.003522469"
"1539","ENGAGE-INDCi2100","WITCH 5.0","Final Energy|Residential and Commercial|Electricity","EJ/yr","[object Object]",2090,18.52664330079089,"2.9553075226298","2.9553075226298","2100","56.526284912296845","2856.8498600078597","GW6","ok","ok","ok","ok","medium","medium","ok","medium","ok","ok",,"medium","true","C6","C6: Below 3.0°C","WITCH 5.0","EN_INDCi2100","44.24535655616215","50.52398420648833","2.6332529122287838","0.9870182258611493","56.526284912296845","2.9553075226298","2.9553075226298","0.003522469"
"1539","ENGAGE-INDCi2100","WITCH 5.0","Final Energy|Residential and Commercial|Electricity","EJ/yr","[object Object]",2095,18.1464061185215,"2.9553075226298","2.9553075226298","2100","56.526284912296845","2856.8498600078597","GW6","ok","ok","ok","ok","medium","medium","ok","medium","ok","ok",,"medium","true","C6","C6: Below 3.0°C","WITCH 5.0","EN_INDCi2100","44.24535655616215","50.52398420648833","2.6332529122287838","0.9870182258611493","56.526284912296845","2.9553075226298","2.9553075226298","0.003522469"
"1539","ENGAGE-INDCi2100","WITCH 5.0","Final Energy|Residential and Commercial|Electricity","EJ/yr","[object Object]",2100,18.6732867274159,"2.9553075226298","2.9553075226298","2100","56.526284912296845","2856.8498600078597","GW6","ok","ok","ok","ok","medium","medium","ok","medium","ok","ok",,"medium","true","C6","C6: Below 3.0°C","WITCH 5.0","EN_INDCi2100","44.24535655616215","50.52398420648833","2.6332529122287838","0.9870182258611493","56.526284912296845","2.9553075226298","2.9553075226298","0.003522469"
"1540","ENGAGE-INDCi2100-NDCp","WITCH 5.0","Final Energy|Residential and Commercial|Electricity","EJ/yr","[object Object]",2010,6.42165816424,"2.898016479251844","2.898016479251844","2100","28.690868645644244","2670.712372545482","GW6","ok","ok","ok","ok","medium","medium","ok","medium","ok","ok",,"medium","true","C6","C6: Below 3.0°C","WITCH 5.0","EN_INDCi2100_NDCp","44.135631445178056","50.637455310977394","2.6941318784955164","1.807260648848299","28.690868645644244","2.898016479251844","2.898016479251844","0.003008832"
"1540","ENGAGE-INDCi2100-NDCp","WITCH 5.0","Final Energy|Residential and Commercial|Electricity","EJ/yr","[object Object]",2015,6.362434406715,"2.898016479251844","2.898016479251844","2100","28.690868645644244","2670.712372545482","GW6","ok","ok","ok","ok","medium","medium","ok","medium","ok","ok",,"medium","true","C6","C6: Below 3.0°C","WITCH 5.0","EN_INDCi2100_NDCp","44.135631445178056","50.637455310977394","2.6941318784955164","1.807260648848299","28.690868645644244","2.898016479251844","2.898016479251844","0.003008832"
"1540","ENGAGE-INDCi2100-NDCp","WITCH 5.0","Final Energy|Residential and Commercial|Electricity","EJ/yr","[object Object]",2020,7.13091538831292,"2.898016479251844","2.898016479251844","2100","28.690868645644244","2670.712372545482","GW6","ok","ok","ok","ok","medium","medium","ok","medium","ok","ok",,"medium","true","C6","C6: Below 3.0°C","WITCH 5.0","EN_INDCi2100_NDCp","44.135631445178056","50.637455310977394","2.6941318784955164","1.807260648848299","28.690868645644244","2.898016479251844","2.898016479251844","0.003008832"
"1540","ENGAGE-INDCi2100-NDCp","WITCH 5.0","Final Energy|Residential and Commercial|Electricity","EJ/yr","[object Object]",2025,1.88827276836591,"2.898016479251844","2.898016479251844","2100","28.690868645644244","2670.712372545482","GW6","ok","ok","ok","ok","medium","medium","ok","medium","ok","ok",,"medium","true","C6","C6: Below 3.0°C","WITCH 5.0","EN_INDCi2100_NDCp","44.135631445178056","50.637455310977394","2.6941318784955164","1.807260648848299","28.690868645644244","2.898016479251844","2.898016479251844","0.003008832"
"1540","ENGAGE-INDCi2100-NDCp","WITCH 5.0","Final Energy|Residential and Commercial|Electricity","EJ/yr","[object Object]",2030,1.60482867039653,"2.898016479251844","2.898016479251844","2100","28.690868645644244","2670.712372545482","GW6","ok","ok","ok","ok","medium","medium","ok","medium","ok","ok",,"medium","true","C6","C6: Below 3.0°C","WITCH 5.0","EN_INDCi2100_NDCp","44.135631445178056","50.637455310977394","2.6941318784955164","1.807260648848299","28.690868645644244","2.898016479251844","2.898016479251844","0.003008832"
"1540","ENGAGE-INDCi2100-NDCp","WITCH 5.0","Final Energy|Residential and Commercial|Electricity","EJ/yr","[object Object]",2035,11.7796733384378,"2.898016479251844","2.898016479251844","2100","28.690868645644244","2670.712372545482","GW6","ok","ok","ok","ok","medium","medium","ok","medium","ok","ok",,"medium","true","C6","C6: Below 3.0°C","WITCH 5.0","EN_INDCi2100_NDCp","44.135631445178056","50.637455310977394","2.6941318784955164","1.807260648848299","28.690868645644244","2.898016479251844","2.898016479251844","0.003008832"
"1540","ENGAGE-INDCi2100-NDCp","WITCH 5.0","Final Energy|Residential and Commercial|Electricity","EJ/yr","[object Object]",2040,13.0482519381606,"2.898016479251844","2.898016479251844","2100","28.690868645644244","2670.712372545482","GW6","ok","ok","ok","ok","medium","medium","ok","medium","ok","ok",,"medium","true","C6","C6: Below 3.0°C","WITCH 5.0","EN_INDCi2100_NDCp","44.135631445178056","50.637455310977394","2.6941318784955164","1.807260648848299","28.690868645644244","2.898016479251844","2.898016479251844","0.003008832"
"1540","ENGAGE-INDCi2100-NDCp","WITCH 5.0","Final Energy|Residential and Commercial|Electricity","EJ/yr","[object Object]",2045,14.9275932134941,"2.898016479251844","2.898016479251844","2100","28.690868645644244","2670.712372545482","GW6","ok","ok","ok","ok","medium","medium","ok","medium","ok","ok",,"medium","true","C6","C6: Below 3.0°C","WITCH 5.0","EN_INDCi2100_NDCp","44.135631445178056","50.637455310977394","2.6941318784955164","1.807260648848299","28.690868645644244","2.898016479251844","2.898016479251844","0.003008832"
"1540","ENGAGE-INDCi2100-NDCp","WITCH 5.0","Final Energy|Residential and Commercial|Electricity","EJ/yr","[object Object]",2050,16.0373946101577,"2.898016479251844","2.898016479251844","2100","28.690868645644244","2670.712372545482","GW6","ok","ok","ok","ok","medium","medium","ok","medium","ok","ok",,"medium","true","C6","C6: Below 3.0°C","WITCH 5.0","EN_INDCi2100_NDCp","44.135631445178056","50.637455310977394","2.6941318784955164","1.807260648848299","28.690868645644244","2.898016479251844","2.898016479251844","0.003008832"
"1540","ENGAGE-INDCi2100-NDCp","WITCH 5.0","Final Energy|Residential and Commercial|Electricity","EJ/yr","[object Object]",2055,17.4653021152074,"2.898016479251844","2.898016479251844","2100","28.690868645644244","2670.712372545482","GW6","ok","ok","ok","ok","medium","medium","ok","medium","ok","ok",,"medium","true","C6","C6: Below 3.0°C","WITCH 5.0","EN_INDCi2100_NDCp","44.135631445178056","50.637455310977394","2.6941318784955164","1.807260648848299","28.690868645644244","2.898016479251844","2.898016479251844","0.003008832"
"1540","ENGAGE-INDCi2100-NDCp","WITCH 5.0","Final Energy|Residential and Commercial|Electricity","EJ/yr","[object Object]",2060,17.8979975047654,"2.898016479251844","2.898016479251844","2100","28.690868645644244","2670.712372545482","GW6","ok","ok","ok","ok","medium","medium","ok","medium","ok","ok",,"medium","true","C6","C6: Below 3.0°C","WITCH 5.0","EN_INDCi2100_NDCp","44.135631445178056","50.637455310977394","2.6941318784955164","1.807260648848299","28.690868645644244","2.898016479251844","2.898016479251844","0.003008832"
"1540","ENGAGE-INDCi2100-NDCp","WITCH 5.0","Final Energy|Residential and Commercial|Electricity","EJ/yr","[object Object]",2065,18.2999354725928,"2.898016479251844","2.898016479251844","2100","28.690868645644244","2670.712372545482","GW6","ok","ok","ok","ok","medium","medium","ok","medium","ok","ok",,"medium","true","C6","C6: Below 3.0°C","WITCH 5.0","EN_INDCi2100_NDCp","44.135631445178056","50.637455310977394","2.6941318784955164","1.807260648848299","28.690868645644244","2.898016479251844","2.898016479251844","0.003008832"
"1540","ENGAGE-INDCi2100-NDCp","WITCH 5.0","Final Energy|Residential and Commercial|Electricity","EJ/yr","[object Object]",2070,18.5893223838915,"2.898016479251844","2.898016479251844","2100","28.690868645644244","2670.712372545482","GW6","ok","ok","ok","ok","medium","medium","ok","medium","ok","ok",,"medium","true","C6","C6: Below 3.0°C","WITCH 5.0","EN_INDCi2100_NDCp","44.135631445178056","50.637455310977394","2.6941318784955164","1.807260648848299","28.690868645644244","2.898016479251844","2.898016479251844","0.003008832"
"1540","ENGAGE-INDCi2100-NDCp","WITCH 5.0","Final Energy|Residential and Commercial|Electricity","EJ/yr","[object Object]",2075,18.5289082796649,"2.898016479251844","2.898016479251844","2100","28.690868645644244","2670.712372545482","GW6","ok","ok","ok","ok","medium","medium","ok","medium","ok","ok",,"medium","true","C6","C6: Below 3.0°C","WITCH 5.0","EN_INDCi2100_NDCp","44.135631445178056","50.637455310977394","2.6941318784955164","1.807260648848299","28.690868645644244","2.898016479251844","2.898016479251844","0.003008832"
"1540","ENGAGE-INDCi2100-NDCp","WITCH 5.0","Final Energy|Residential and Commercial|Electricity","EJ/yr","[object Object]",2080,18.4693890706512,"2.898016479251844","2.898016479251844","2100","28.690868645644244","2670.712372545482","GW6","ok","ok","ok","ok","medium","medium","ok","medium","ok","ok",,"medium","true","C6","C6: Below 3.0°C","WITCH 5.0","EN_INDCi2100_NDCp","44.135631445178056","50.637455310977394","2.6941318784955164","1.807260648848299","28.690868645644244","2.898016479251844","2.898016479251844","0.003008832"
"1540","ENGAGE-INDCi2100-NDCp","WITCH 5.0","Final Energy|Residential and Commercial|Electricity","EJ/yr","[object Object]",2085,18.482341826974,"2.898016479251844","2.898016479251844","2100","28.690868645644244","2670.712372545482","GW6","ok","ok","ok","ok","medium","medium","ok","medium","ok","ok",,"medium","true","C6","C6: Below 3.0°C","WITCH 5.0","EN_INDCi2100_NDCp","44.135631445178056","50.637455310977394","2.6941318784955164","1.807260648848299","28.690868645644244","2.898016479251844","2.898016479251844","0.003008832"
"1540","ENGAGE-INDCi2100-NDCp","WITCH 5.0","Final Energy|Residential and Commercial|Electricity","EJ/yr","[object Object]",2090,18.4858754455585,"2.898016479251844","2.898016479251844","2100","28.690868645644244","2670.712372545482","GW6","ok","ok","ok","ok","medium","medium","ok","medium","ok","ok",,"medium","true","C6","C6: Below 3.0°C","WITCH 5.0","EN_INDCi2100_NDCp","44.135631445178056","50.637455310977394","2.6941318784955164","1.807260648848299","28.690868645644244","2.898016479251844","2.898016479251844","0.003008832"
"1540","ENGAGE-INDCi2100-NDCp","WITCH 5.0","Final Energy|Residential and Commercial|Electricity","EJ/yr","[object Object]",2095,18.1117215187553,"2.898016479251844","2.898016479251844","2100","28.690868645644244","2670.712372545482","GW6","ok","ok","ok","ok","medium","medium","ok","medium","ok","ok",,"medium","true","C6","C6: Below 3.0°C","WITCH 5.0","EN_INDCi2100_NDCp","44.135631445178056","50.637455310977394","2.6941318784955164","1.807260648848299","28.690868645644244","2.898016479251844","2.898016479251844","0.003008832"
"1540","ENGAGE-INDCi2100-NDCp","WITCH 5.0","Final Energy|Residential and Commercial|Electricity","EJ/yr","[object Object]",2100,18.6365530213221,"2.898016479251844","2.898016479251844","2100","28.690868645644244","2670.712372545482","GW6","ok","ok","ok","ok","medium","medium","ok","medium","ok","ok",,"medium","true","C6","C6: Below 3.0°C","WITCH 5.0","EN_INDCi2100_NDCp","44.135631445178056","50.637455310977394","2.6941318784955164","1.807260648848299","28.690868645644244","2.898016479251844","2.898016479251844","0.003008832"
"1555","ENGAGE-NPi2020-3000","WITCH 5.0","Final Energy|Residential and Commercial|Electricity","EJ/yr","[object Object]",2010,6.42165816424,"2.744696988662996","2.744696988662996","2100","0.22049207112920274","2818.1203476715436","GW6","ok","medium","ok","ok","medium","medium","ok","high","ok","ok",,"medium","true","C6","C6: Below 3.0°C","WITCH 5.0","EN_NPi2020_3000","37.755170941074944","58.3054399290857","1.6702911082207264","4.9568763430411735","0.22049207112920274","2.744696988662996","2.744696988662996","0.001780568"
"1555","ENGAGE-NPi2020-3000","WITCH 5.0","Final Energy|Residential and Commercial|Electricity","EJ/yr","[object Object]",2015,6.362434406715,"2.744696988662996","2.744696988662996","2100","0.22049207112920274","2818.1203476715436","GW6","ok","medium","ok","ok","medium","medium","ok","high","ok","ok",,"medium","true","C6","C6: Below 3.0°C","WITCH 5.0","EN_NPi2020_3000","37.755170941074944","58.3054399290857","1.6702911082207264","4.9568763430411735","0.22049207112920274","2.744696988662996","2.744696988662996","0.001780568"
"1555","ENGAGE-NPi2020-3000","WITCH 5.0","Final Energy|Residential and Commercial|Electricity","EJ/yr","[object Object]",2020,7.12387029038628,"2.744696988662996","2.744696988662996","2100","0.22049207112920274","2818.1203476715436","GW6","ok","medium","ok","ok","medium","medium","ok","high","ok","ok",,"medium","true","C6","C6: Below 3.0°C","WITCH 5.0","EN_NPi2020_3000","37.755170941074944","58.3054399290857","1.6702911082207264","4.9568763430411735","0.22049207112920274","2.744696988662996","2.744696988662996","0.001780568"
"1555","ENGAGE-NPi2020-3000","WITCH 5.0","Final Energy|Residential and Commercial|Electricity","EJ/yr","[object Object]",2025,9.43638758640993,"2.744696988662996","2.744696988662996","2100","0.22049207112920274","2818.1203476715436","GW6","ok","medium","ok","ok","medium","medium","ok","high","ok","ok",,"medium","true","C6","C6: Below 3.0°C","WITCH 5.0","EN_NPi2020_3000","37.755170941074944","58.3054399290857","1.6702911082207264","4.9568763430411735","0.22049207112920274","2.744696988662996","2.744696988662996","0.001780568"
"1555","ENGAGE-NPi2020-3000","WITCH 5.0","Final Energy|Residential and Commercial|Electricity","EJ/yr","[object Object]",2030,10.3935188134634,"2.744696988662996","2.744696988662996","2100","0.22049207112920274","2818.1203476715436","GW6","ok","medium","ok","ok","medium","medium","ok","high","ok","ok",,"medium","true","C6","C6: Below 3.0°C","WITCH 5.0","EN_NPi2020_3000","37.755170941074944","58.3054399290857","1.6702911082207264","4.9568763430411735","0.22049207112920274","2.744696988662996","2.744696988662996","0.001780568"
"1555","ENGAGE-NPi2020-3000","WITCH 5.0","Final Energy|Residential and Commercial|Electricity","EJ/yr","[object Object]",2035,11.4686906451123,"2.744696988662996","2.744696988662996","2100","0.22049207112920274","2818.1203476715436","GW6","ok","medium","ok","ok","medium","medium","ok","high","ok","ok",,"medium","true","C6","C6: Below 3.0°C","WITCH 5.0","EN_NPi2020_3000","37.755170941074944","58.3054399290857","1.6702911082207264","4.9568763430411735","0.22049207112920274","2.744696988662996","2.744696988662996","0.001780568"
"1555","ENGAGE-NPi2020-3000","WITCH 5.0","Final Energy|Residential and Commercial|Electricity","EJ/yr","[object Object]",2040,12.6319201094501,"2.744696988662996","2.744696988662996","2100","0.22049207112920274","2818.1203476715436","GW6","ok","medium","ok","ok","medium","medium","ok","high","ok","ok",,"medium","true","C6","C6: Below 3.0°C","WITCH 5.0","EN_NPi2020_3000","37.755170941074944","58.3054399290857","1.6702911082207264","4.9568763430411735","0.22049207112920274","2.744696988662996","2.744696988662996","0.001780568"
"1555","ENGAGE-NPi2020-3000","WITCH 5.0","Final Energy|Residential and Commercial|Electricity","EJ/yr","[object Object]",2045,13.6613771632091,"2.744696988662996","2.744696988662996","2100","0.22049207112920274","2818.1203476715436","GW6","ok","medium","ok","ok","medium","medium","ok","high","ok","ok",,"medium","true","C6","C6: Below 3.0°C","WITCH 5.0","EN_NPi2020_3000","37.755170941074944","58.3054399290857","1.6702911082207264","4.9568763430411735","0.22049207112920274","2.744696988662996","2.744696988662996","0.001780568"
"1555","ENGAGE-NPi2020-3000","WITCH 5.0","Final Energy|Residential and Commercial|Electricity","EJ/yr","[object Object]",2050,14.6421323983383,"2.744696988662996","2.744696988662996","2100","0.22049207112920274","2818.1203476715436","GW6","ok","medium","ok","ok","medium","medium","ok","high","ok","ok",,"medium","true","C6","C6: Below 3.0°C","WITCH 5.0","EN_NPi2020_3000","37.755170941074944","58.3054399290857","1.6702911082207264","4.9568763430411735","0.22049207112920274","2.744696988662996","2.744696988662996","0.001780568"
"1555","ENGAGE-NPi2020-3000","WITCH 5.0","Final Energy|Residential and Commercial|Electricity","EJ/yr","[object Object]",2055,15.313170001079,"2.744696988662996","2.744696988662996","2100","0.22049207112920274","2818.1203476715436","GW6","ok","medium","ok","ok","medium","medium","ok","high","ok","ok",,"medium","true","C6","C6: Below 3.0°C","WITCH 5.0","EN_NPi2020_3000","37.755170941074944","58.3054399290857","1.6702911082207264","4.9568763430411735","0.22049207112920274","2.744696988662996","2.744696988662996","0.001780568"
"1555","ENGAGE-NPi2020-3000","WITCH 5.0","Final Energy|Residential and Commercial|Electricity","EJ/yr","[object Object]",2060,15.7693873658674,"2.744696988662996","2.744696988662996","2100","0.22049207112920274","2818.1203476715436","GW6","ok","medium","ok","ok","medium","medium","ok","high","ok","ok",,"medium","true","C6","C6: Below 3.0°C","WITCH 5.0","EN_NPi2020_3000","37.755170941074944","58.3054399290857","1.6702911082207264","4.9568763430411735","0.22049207112920274","2.744696988662996","2.744696988662996","0.001780568"
"1555","ENGAGE-NPi2020-3000","WITCH 5.0","Final Energy|Residential and Commercial|Electricity","EJ/yr","[object Object]",2065,15.9914401475042,"2.744696988662996","2.744696988662996","2100","0.22049207112920274","2818.1203476715436","GW6","ok","medium","ok","ok","medium","medium","ok","high","ok","ok",,"medium","true","C6","C6: Below 3.0°C","WITCH 5.0","EN_NPi2020_3000","37.755170941074944","58.3054399290857","1.6702911082207264","4.9568763430411735","0.22049207112920274","2.744696988662996","2.744696988662996","0.001780568"
"1555","ENGAGE-NPi2020-3000","WITCH 5.0","Final Energy|Residential and Commercial|Electricity","EJ/yr","[object Object]",2070,16.2311751849495,"2.744696988662996","2.744696988662996","2100","0.22049207112920274","2818.1203476715436","GW6","ok","medium","ok","ok","medium","medium","ok","high","ok","ok",,"medium","true","C6","C6: Below 3.0°C","WITCH 5.0","EN_NPi2020_3000","37.755170941074944","58.3054399290857","1.6702911082207264","4.9568763430411735","0.22049207112920274","2.744696988662996","2.744696988662996","0.001780568"
"1555","ENGAGE-NPi2020-3000","WITCH 5.0","Final Energy|Residential and Commercial|Electricity","EJ/yr","[object Object]",2075,16.5262457657512,"2.744696988662996","2.744696988662996","2100","0.22049207112920274","2818.1203476715436","GW6","ok","medium","ok","ok","medium","medium","ok","high","ok","ok",,"medium","true","C6","C6: Below 3.0°C","WITCH 5.0","EN_NPi2020_3000","37.755170941074944","58.3054399290857","1.6702911082207264","4.9568763430411735","0.22049207112920274","2.744696988662996","2.744696988662996","0.001780568"
"1555","ENGAGE-NPi2020-3000","WITCH 5.0","Final Energy|Residential and Commercial|Electricity","EJ/yr","[object Object]",2080,16.8401274744036,"2.744696988662996","2.744696988662996","2100","0.22049207112920274","2818.1203476715436","GW6","ok","medium","ok","ok","medium","medium","ok","high","ok","ok",,"medium","true","C6","C6: Below 3.0°C","WITCH 5.0","EN_NPi2020_3000","37.755170941074944","58.3054399290857","1.6702911082207264","4.9568763430411735","0.22049207112920274","2.744696988662996","2.744696988662996","0.001780568"
"1555","ENGAGE-NPi2020-3000","WITCH 5.0","Final Energy|Residential and Commercial|Electricity","EJ/yr","[object Object]",2085,17.1266882484853,"2.744696988662996","2.744696988662996","2100","0.22049207112920274","2818.1203476715436","GW6","ok","medium","ok","ok","medium","medium","ok","high","ok","ok",,"medium","true","C6","C6: Below 3.0°C","WITCH 5.0","EN_NPi2020_3000","37.755170941074944","58.3054399290857","1.6702911082207264","4.9568763430411735","0.22049207112920274","2.744696988662996","2.744696988662996","0.001780568"
"1555","ENGAGE-NPi2020-3000","WITCH 5.0","Final Energy|Residential and Commercial|Electricity","EJ/yr","[object Object]",2090,17.1763949535011,"2.744696988662996","2.744696988662996","2100","0.22049207112920274","2818.1203476715436","GW6","ok","medium","ok","ok","medium","medium","ok","high","ok","ok",,"medium","true","C6","C6: Below 3.0°C","WITCH 5.0","EN_NPi2020_3000","37.755170941074944","58.3054399290857","1.6702911082207264","4.9568763430411735","0.22049207112920274","2.744696988662996","2.744696988662996","0.001780568"
"1555","ENGAGE-NPi2020-3000","WITCH 5.0","Final Energy|Residential and Commercial|Electricity","EJ/yr","[object Object]",2095,17.0275531927348,"2.744696988662996","2.744696988662996","2100","0.22049207112920274","2818.1203476715436","GW6","ok","medium","ok","ok","medium","medium","ok","high","ok","ok",,"medium","true","C6","C6: Below 3.0°C","WITCH 5.0","EN_NPi2020_3000","37.755170941074944","58.3054399290857","1.6702911082207264","4.9568763430411735","0.22049207112920274","2.744696988662996","2.744696988662996","0.001780568"
"1555","ENGAGE-NPi2020-3000","WITCH 5.0","Final Energy|Residential and Commercial|Electricity","EJ/yr","[object Object]",2100,17.9136357148399,"2.744696988662996","2.744696988662996","2100","0.22049207112920274","2818.1203476715436","GW6","ok","medium","ok","ok","medium","medium","ok","high","ok","ok",,"medium","true","C6","C6: Below 3.0°C","WITCH 5.0","EN_NPi2020_3000","37.755170941074944","58.3054399290857","1.6702911082207264","4.9568763430411735","0.22049207112920274","2.744696988662996","2.744696988662996","0.001780568"
"1556","ENGAGE-NPi2020-3000f","WITCH 5.0","Final Energy|Residential and Commercial|Electricity","EJ/yr","[object Object]",2010,6.42165816424,"2.744696988662996","2.744696988662996","2100","0.22049207112920274","2818.1203476715436","GW6","ok","medium","ok","ok","medium","medium","ok","high","ok","ok",,"medium","true","C6","C6: Below 3.0°C","WITCH 5.0","EN_NPi2020_3000f","37.755170941074944","58.3054399290857","1.6702911082207264","4.9568763430411735","0.22049207112920274","2.744696988662996","2.744696988662996","0.001780568"
"1556","ENGAGE-NPi2020-3000f","WITCH 5.0","Final Energy|Residential and Commercial|Electricity","EJ/yr","[object Object]",2015,6.362434406715,"2.744696988662996","2.744696988662996","2100","0.22049207112920274","2818.1203476715436","GW6","ok","medium","ok","ok","medium","medium","ok","high","ok","ok",,"medium","true","C6","C6: Below 3.0°C","WITCH 5.0","EN_NPi2020_3000f","37.755170941074944","58.3054399290857","1.6702911082207264","4.9568763430411735","0.22049207112920274","2.744696988662996","2.744696988662996","0.001780568"
"1556","ENGAGE-NPi2020-3000f","WITCH 5.0","Final Energy|Residential and Commercial|Electricity","EJ/yr","[object Object]",2020,7.12387029038628,"2.744696988662996","2.744696988662996","2100","0.22049207112920274","2818.1203476715436","GW6","ok","medium","ok","ok","medium","medium","ok","high","ok","ok",,"medium","true","C6","C6: Below 3.0°C","WITCH 5.0","EN_NPi2020_3000f","37.755170941074944","58.3054399290857","1.6702911082207264","4.9568763430411735","0.22049207112920274","2.744696988662996","2.744696988662996","0.001780568"
"1556","ENGAGE-NPi2020-3000f","WITCH 5.0","Final Energy|Residential and Commercial|Electricity","EJ/yr","[object Object]",2025,9.43638758640993,"2.744696988662996","2.744696988662996","2100","0.22049207112920274","2818.1203476715436","GW6","ok","medium","ok","ok","medium","medium","ok","high","ok","ok",,"medium","true","C6","C6: Below 3.0°C","WITCH 5.0","EN_NPi2020_3000f","37.755170941074944","58.3054399290857","1.6702911082207264","4.9568763430411735","0.22049207112920274","2.744696988662996","2.744696988662996","0.001780568"
"1556","ENGAGE-NPi2020-3000f","WITCH 5.0","Final Energy|Residential and Commercial|Electricity","EJ/yr","[object Object]",2030,10.3935188134634,"2.744696988662996","2.744696988662996","2100","0.22049207112920274","2818.1203476715436","GW6","ok","medium","ok","ok","medium","medium","ok","high","ok","ok",,"medium","true","C6","C6: Below 3.0°C","WITCH 5.0","EN_NPi2020_3000f","37.755170941074944","58.3054399290857","1.6702911082207264","4.9568763430411735","0.22049207112920274","2.744696988662996","2.744696988662996","0.001780568"
"1556","ENGAGE-NPi2020-3000f","WITCH 5.0","Final Energy|Residential and Commercial|Electricity","EJ/yr","[object Object]",2035,11.4686906451123,"2.744696988662996","2.744696988662996","2100","0.22049207112920274","2818.1203476715436","GW6","ok","medium","ok","ok","medium","medium","ok","high","ok","ok",,"medium","true","C6","C6: Below 3.0°C","WITCH 5.0","EN_NPi2020_3000f","37.755170941074944","58.3054399290857","1.6702911082207264","4.9568763430411735","0.22049207112920274","2.744696988662996","2.744696988662996","0.001780568"
"1556","ENGAGE-NPi2020-3000f","WITCH 5.0","Final Energy|Residential and Commercial|Electricity","EJ/yr","[object Object]",2040,12.6319201094501,"2.744696988662996","2.744696988662996","2100","0.22049207112920274","2818.1203476715436","GW6","ok","medium","ok","ok","medium","medium","ok","high","ok","ok",,"medium","true","C6","C6: Below 3.0°C","WITCH 5.0","EN_NPi2020_3000f","37.755170941074944","58.3054399290857","1.6702911082207264","4.9568763430411735","0.22049207112920274","2.744696988662996","2.744696988662996","0.001780568"
"1556","ENGAGE-NPi2020-3000f","WITCH 5.0","Final Energy|Residential and Commercial|Electricity","EJ/yr","[object Object]",2045,13.6613771632091,"2.744696988662996","2.744696988662996","2100","0.22049207112920274","2818.1203476715436","GW6","ok","medium","ok","ok","medium","medium","ok","high","ok","ok",,"medium","true","C6","C6: Below 3.0°C","WITCH 5.0","EN_NPi2020_3000f","37.755170941074944","58.3054399290857","1.6702911082207264","4.9568763430411735","0.22049207112920274","2.744696988662996","2.744696988662996","0.001780568"
"1556","ENGAGE-NPi2020-3000f","WITCH 5.0","Final Energy|Residential and Commercial|Electricity","EJ/yr","[object Object]",2050,14.6421323983383,"2.744696988662996","2.744696988662996","2100","0.22049207112920274","2818.1203476715436","GW6","ok","medium","ok","ok","medium","medium","ok","high","ok","ok",,"medium","true","C6","C6: Below 3.0°C","WITCH 5.0","EN_NPi2020_3000f","37.755170941074944","58.3054399290857","1.6702911082207264","4.9568763430411735","0.22049207112920274","2.744696988662996","2.744696988662996","0.001780568"
"1556","ENGAGE-NPi2020-3000f","WITCH 5.0","Final Energy|Residential and Commercial|Electricity","EJ/yr","[object Object]",2055,15.313170001079,"2.744696988662996","2.744696988662996","2100","0.22049207112920274","2818.1203476715436","GW6","ok","medium","ok","ok","medium","medium","ok","high","ok","ok",,"medium","true","C6","C6: Below 3.0°C","WITCH 5.0","EN_NPi2020_3000f","37.755170941074944","58.3054399290857","1.6702911082207264","4.9568763430411735","0.22049207112920274","2.744696988662996","2.744696988662996","0.001780568"
"1556","ENGAGE-NPi2020-3000f","WITCH 5.0","Final Energy|Residential and Commercial|Electricity","EJ/yr","[object Object]",2060,15.7693873658674,"2.744696988662996","2.744696988662996","2100","0.22049207112920274","2818.1203476715436","GW6","ok","medium","ok","ok","medium","medium","ok","high","ok","ok",,"medium","true","C6","C6: Below 3.0°C","WITCH 5.0","EN_NPi2020_3000f","37.755170941074944","58.3054399290857","1.6702911082207264","4.9568763430411735","0.22049207112920274","2.744696988662996","2.744696988662996","0.001780568"
"1556","ENGAGE-NPi2020-3000f","WITCH 5.0","Final Energy|Residential and Commercial|Electricity","EJ/yr","[object Object]",2065,15.9914401475042,"2.744696988662996","2.744696988662996","2100","0.22049207112920274","2818.1203476715436","GW6","ok","medium","ok","ok","medium","medium","ok","high","ok","ok",,"medium","true","C6","C6: Below 3.0°C","WITCH 5.0","EN_NPi2020_3000f","37.755170941074944","58.3054399290857","1.6702911082207264","4.9568763430411735","0.22049207112920274","2.744696988662996","2.744696988662996","0.001780568"
"1556","ENGAGE-NPi2020-3000f","WITCH 5.0","Final Energy|Residential and Commercial|Electricity","EJ/yr","[object Object]",2070,16.2311751849495,"2.744696988662996","2.744696988662996","2100","0.22049207112920274","2818.1203476715436","GW6","ok","medium","ok","ok","medium","medium","ok","high","ok","ok",,"medium","true","C6","C6: Below 3.0°C","WITCH 5.0","EN_NPi2020_3000f","37.755170941074944","58.3054399290857","1.6702911082207264","4.9568763430411735","0.22049207112920274","2.744696988662996","2.744696988662996","0.001780568"
"1556","ENGAGE-NPi2020-3000f","WITCH 5.0","Final Energy|Residential and Commercial|Electricity","EJ/yr","[object Object]",2075,16.5262457657512,"2.744696988662996","2.744696988662996","2100","0.22049207112920274","2818.1203476715436","GW6","ok","medium","ok","ok","medium","medium","ok","high","ok","ok",,"medium","true","C6","C6: Below 3.0°C","WITCH 5.0","EN_NPi2020_3000f","37.755170941074944","58.3054399290857","1.6702911082207264","4.9568763430411735","0.22049207112920274","2.744696988662996","2.744696988662996","0.001780568"
"1556","ENGAGE-NPi2020-3000f","WITCH 5.0","Final Energy|Residential and Commercial|Electricity","EJ/yr","[object Object]",2080,16.8401274744036,"2.744696988662996","2.744696988662996","2100","0.22049207112920274","2818.1203476715436","GW6","ok","medium","ok","ok","medium","medium","ok","high","ok","ok",,"medium","true","C6","C6: Below 3.0°C","WITCH 5.0","EN_NPi2020_3000f","37.755170941074944","58.3054399290857","1.6702911082207264","4.9568763430411735","0.22049207112920274","2.744696988662996","2.744696988662996","0.001780568"
"1556","ENGAGE-NPi2020-3000f","WITCH 5.0","Final Energy|Residential and Commercial|Electricity","EJ/yr","[object Object]",2085,17.1266882484853,"2.744696988662996","2.744696988662996","2100","0.22049207112920274","2818.1203476715436","GW6","ok","medium","ok","ok","medium","medium","ok","high","ok","ok",,"medium","true","C6","C6: Below 3.0°C","WITCH 5.0","EN_NPi2020_3000f","37.755170941074944","58.3054399290857","1.6702911082207264","4.9568763430411735","0.22049207112920274","2.744696988662996","2.744696988662996","0.001780568"
"1556","ENGAGE-NPi2020-3000f","WITCH 5.0","Final Energy|Residential and Commercial|Electricity","EJ/yr","[object Object]",2090,17.1763949535011,"2.744696988662996","2.744696988662996","2100","0.22049207112920274","2818.1203476715436","GW6","ok","medium","ok","ok","medium","medium","ok","high","ok","ok",,"medium","true","C6","C6: Below 3.0°C","WITCH 5.0","EN_NPi2020_3000f","37.755170941074944","58.3054399290857","1.6702911082207264","4.9568763430411735","0.22049207112920274","2.744696988662996","2.744696988662996","0.001780568"
"1556","ENGAGE-NPi2020-3000f","WITCH 5.0","Final Energy|Residential and Commercial|Electricity","EJ/yr","[object Object]",2095,17.0275531927348,"2.744696988662996","2.744696988662996","2100","0.22049207112920274","2818.1203476715436","GW6","ok","medium","ok","ok","medium","medium","ok","high","ok","ok",,"medium","true","C6","C6: Below 3.0°C","WITCH 5.0","EN_NPi2020_3000f","37.755170941074944","58.3054399290857","1.6702911082207264","4.9568763430411735","0.22049207112920274","2.744696988662996","2.744696988662996","0.001780568"
"1556","ENGAGE-NPi2020-3000f","WITCH 5.0","Final Energy|Residential and Commercial|Electricity","EJ/yr","[object Object]",2100,17.9136357148399,"2.744696988662996","2.744696988662996","2100","0.22049207112920274","2818.1203476715436","GW6","ok","medium","ok","ok","medium","medium","ok","high","ok","ok",,"medium","true","C6","C6: Below 3.0°C","WITCH 5.0","EN_NPi2020_3000f","37.755170941074944","58.3054399290857","1.6702911082207264","4.9568763430411735","0.22049207112920274","2.744696988662996","2.744696988662996","0.001780568"