"Run ID","Scenario name","Model name","Variable name","unit","Flag Category","year","value","meta_Climate Assessment|Peak Warming|Median [MAGICCv7.5.3]","meta_Climate Assessment|Warming in 2100|Median [MAGICCv7.5.3]","meta_Climate Assessment|Year of Peak Warming|Median [MAGICCv7.5.3]","meta_Emissions Diagnostics|Cumulative CO2 [2020-2100, Gt CO2]","meta_Climate Category|SCI 2025 [Tier I]","meta_Vetting|SCI 2025","meta_Feasibility Concern|Hydropower Capacity|World|2030","meta_Feasibility Concern|Nuclear Capacity|World|2030","meta_Feasibility Concern|Onshore Wind Capacity|World|2030","meta_Feasibility Concern|Solar PV Capacity|World|2030","meta_Feasibility Concern|Wind Capacity|World|2030","meta_Sustainability Concern|Food Availability|World","meta_Sustainability Concern|Unsustainable Bioenergy Use|World","meta_Scenario Ensemble|AR6","meta_Climate Category|AR6 [ID]","meta_Climate Category|AR6 [Name]","meta_Legacy Mapping|AR6|Model Name","meta_Legacy Mapping|AR6|Scenario Name","meta_renewablesShare","meta_fossilShare","meta_biomassShare","meta_gfaIncrease","meta_carbonRemoval","meta_eocWarming","meta_peakWarming","meta_Emissions Diagnostics|Cumulative CCS [2020-2100, Gt CO2]","meta_Ensemble Weight|SCI 2025 [beta]","meta_Feasibility Concern|Carbon Capture|World|2030","meta_Feasibility Concern|Carbon Capture|World|2035","meta_Feasibility Concern|Carbon Capture|World|2040","meta_Sustainability Concern|Exceeding Prudent Limit For Geological Carbon Storage|World"
"33","ENGAGE-NPi2100","AIM/CGE V2.2","Final Energy|Residential and Commercial|Electricity","EJ/yr","[object Object]",2010,6.4234,"3.924294013678517","3.924294013678517","2100","4603.1773534","GW8","failed","ok","high","high","high","high","ok","ok","true","C7","C7: Below 4°C","AIM/CGE 2.2","EN_NPi2100","8.034501806044112","74.95693178493313","11.100906236592435","-3.0546821343991866","0","3.924294013678517","3.924294013678517",,,,,,
"33","ENGAGE-NPi2100","AIM/CGE V2.2","Final Energy|Residential and Commercial|Electricity","EJ/yr","[object Object]",2015,6.1599,"3.924294013678517","3.924294013678517","2100","4603.1773534","GW8","failed","ok","high","high","high","high","ok","ok","true","C7","C7: Below 4°C","AIM/CGE 2.2","EN_NPi2100","8.034501806044112","74.95693178493313","11.100906236592435","-3.0546821343991866","0","3.924294013678517","3.924294013678517",,,,,,
"33","ENGAGE-NPi2100","AIM/CGE V2.2","Final Energy|Residential and Commercial|Electricity","EJ/yr","[object Object]",2020,6.5959,"3.924294013678517","3.924294013678517","2100","4603.1773534","GW8","failed","ok","high","high","high","high","ok","ok","true","C7","C7: Below 4°C","AIM/CGE 2.2","EN_NPi2100","8.034501806044112","74.95693178493313","11.100906236592435","-3.0546821343991866","0","3.924294013678517","3.924294013678517",,,,,,
"33","ENGAGE-NPi2100","AIM/CGE V2.2","Final Energy|Residential and Commercial|Electricity","EJ/yr","[object Object]",2025,6.9436,"3.924294013678517","3.924294013678517","2100","4603.1773534","GW8","failed","ok","high","high","high","high","ok","ok","true","C7","C7: Below 4°C","AIM/CGE 2.2","EN_NPi2100","8.034501806044112","74.95693178493313","11.100906236592435","-3.0546821343991866","0","3.924294013678517","3.924294013678517",,,,,,
"33","ENGAGE-NPi2100","AIM/CGE V2.2","Final Energy|Residential and Commercial|Electricity","EJ/yr","[object Object]",2030,7.2921,"3.924294013678517","3.924294013678517","2100","4603.1773534","GW8","failed","ok","high","high","high","high","ok","ok","true","C7","C7: Below 4°C","AIM/CGE 2.2","EN_NPi2100","8.034501806044112","74.95693178493313","11.100906236592435","-3.0546821343991866","0","3.924294013678517","3.924294013678517",,,,,,
"33","ENGAGE-NPi2100","AIM/CGE V2.2","Final Energy|Residential and Commercial|Electricity","EJ/yr","[object Object]",2035,7.666399999999999,"3.924294013678517","3.924294013678517","2100","4603.1773534","GW8","failed","ok","high","high","high","high","ok","ok","true","C7","C7: Below 4°C","AIM/CGE 2.2","EN_NPi2100","8.034501806044112","74.95693178493313","11.100906236592435","-3.0546821343991866","0","3.924294013678517","3.924294013678517",,,,,,
"33","ENGAGE-NPi2100","AIM/CGE V2.2","Final Energy|Residential and Commercial|Electricity","EJ/yr","[object Object]",2040,8.0368,"3.924294013678517","3.924294013678517","2100","4603.1773534","GW8","failed","ok","high","high","high","high","ok","ok","true","C7","C7: Below 4°C","AIM/CGE 2.2","EN_NPi2100","8.034501806044112","74.95693178493313","11.100906236592435","-3.0546821343991866","0","3.924294013678517","3.924294013678517",,,,,,
"33","ENGAGE-NPi2100","AIM/CGE V2.2","Final Energy|Residential and Commercial|Electricity","EJ/yr","[object Object]",2045,8.4062,"3.924294013678517","3.924294013678517","2100","4603.1773534","GW8","failed","ok","high","high","high","high","ok","ok","true","C7","C7: Below 4°C","AIM/CGE 2.2","EN_NPi2100","8.034501806044112","74.95693178493313","11.100906236592435","-3.0546821343991866","0","3.924294013678517","3.924294013678517",,,,,,
"33","ENGAGE-NPi2100","AIM/CGE V2.2","Final Energy|Residential and Commercial|Electricity","EJ/yr","[object Object]",2050,8.7964,"3.924294013678517","3.924294013678517","2100","4603.1773534","GW8","failed","ok","high","high","high","high","ok","ok","true","C7","C7: Below 4°C","AIM/CGE 2.2","EN_NPi2100","8.034501806044112","74.95693178493313","11.100906236592435","-3.0546821343991866","0","3.924294013678517","3.924294013678517",,,,,,
"33","ENGAGE-NPi2100","AIM/CGE V2.2","Final Energy|Residential and Commercial|Electricity","EJ/yr","[object Object]",2055,9.1785,"3.924294013678517","3.924294013678517","2100","4603.1773534","GW8","failed","ok","high","high","high","high","ok","ok","true","C7","C7: Below 4°C","AIM/CGE 2.2","EN_NPi2100","8.034501806044112","74.95693178493313","11.100906236592435","-3.0546821343991866","0","3.924294013678517","3.924294013678517",,,,,,
"33","ENGAGE-NPi2100","AIM/CGE V2.2","Final Energy|Residential and Commercial|Electricity","EJ/yr","[object Object]",2060,9.5651,"3.924294013678517","3.924294013678517","2100","4603.1773534","GW8","failed","ok","high","high","high","high","ok","ok","true","C7","C7: Below 4°C","AIM/CGE 2.2","EN_NPi2100","8.034501806044112","74.95693178493313","11.100906236592435","-3.0546821343991866","0","3.924294013678517","3.924294013678517",,,,,,
"33","ENGAGE-NPi2100","AIM/CGE V2.2","Final Energy|Residential and Commercial|Electricity","EJ/yr","[object Object]",2065,9.9392,"3.924294013678517","3.924294013678517","2100","4603.1773534","GW8","failed","ok","high","high","high","high","ok","ok","true","C7","C7: Below 4°C","AIM/CGE 2.2","EN_NPi2100","8.034501806044112","74.95693178493313","11.100906236592435","-3.0546821343991866","0","3.924294013678517","3.924294013678517",,,,,,
"33","ENGAGE-NPi2100","AIM/CGE V2.2","Final Energy|Residential and Commercial|Electricity","EJ/yr","[object Object]",2070,10.2836,"3.924294013678517","3.924294013678517","2100","4603.1773534","GW8","failed","ok","high","high","high","high","ok","ok","true","C7","C7: Below 4°C","AIM/CGE 2.2","EN_NPi2100","8.034501806044112","74.95693178493313","11.100906236592435","-3.0546821343991866","0","3.924294013678517","3.924294013678517",,,,,,
"33","ENGAGE-NPi2100","AIM/CGE V2.2","Final Energy|Residential and Commercial|Electricity","EJ/yr","[object Object]",2075,10.59,"3.924294013678517","3.924294013678517","2100","4603.1773534","GW8","failed","ok","high","high","high","high","ok","ok","true","C7","C7: Below 4°C","AIM/CGE 2.2","EN_NPi2100","8.034501806044112","74.95693178493313","11.100906236592435","-3.0546821343991866","0","3.924294013678517","3.924294013678517",,,,,,
"33","ENGAGE-NPi2100","AIM/CGE V2.2","Final Energy|Residential and Commercial|Electricity","EJ/yr","[object Object]",2080,10.8718,"3.924294013678517","3.924294013678517","2100","4603.1773534","GW8","failed","ok","high","high","high","high","ok","ok","true","C7","C7: Below 4°C","AIM/CGE 2.2","EN_NPi2100","8.034501806044112","74.95693178493313","11.100906236592435","-3.0546821343991866","0","3.924294013678517","3.924294013678517",,,,,,
"33","ENGAGE-NPi2100","AIM/CGE V2.2","Final Energy|Residential and Commercial|Electricity","EJ/yr","[object Object]",2085,11.0927,"3.924294013678517","3.924294013678517","2100","4603.1773534","GW8","failed","ok","high","high","high","high","ok","ok","true","C7","C7: Below 4°C","AIM/CGE 2.2","EN_NPi2100","8.034501806044112","74.95693178493313","11.100906236592435","-3.0546821343991866","0","3.924294013678517","3.924294013678517",,,,,,
"33","ENGAGE-NPi2100","AIM/CGE V2.2","Final Energy|Residential and Commercial|Electricity","EJ/yr","[object Object]",2090,11.2988,"3.924294013678517","3.924294013678517","2100","4603.1773534","GW8","failed","ok","high","high","high","high","ok","ok","true","C7","C7: Below 4°C","AIM/CGE 2.2","EN_NPi2100","8.034501806044112","74.95693178493313","11.100906236592435","-3.0546821343991866","0","3.924294013678517","3.924294013678517",,,,,,
"33","ENGAGE-NPi2100","AIM/CGE V2.2","Final Energy|Residential and Commercial|Electricity","EJ/yr","[object Object]",2095,11.466,"3.924294013678517","3.924294013678517","2100","4603.1773534","GW8","failed","ok","high","high","high","high","ok","ok","true","C7","C7: Below 4°C","AIM/CGE 2.2","EN_NPi2100","8.034501806044112","74.95693178493313","11.100906236592435","-3.0546821343991866","0","3.924294013678517","3.924294013678517",,,,,,
"33","ENGAGE-NPi2100","AIM/CGE V2.2","Final Energy|Residential and Commercial|Electricity","EJ/yr","[object Object]",2100,11.6832,"3.924294013678517","3.924294013678517","2100","4603.1773534","GW8","failed","ok","high","high","high","high","ok","ok","true","C7","C7: Below 4°C","AIM/CGE 2.2","EN_NPi2100","8.034501806044112","74.95693178493313","11.100906236592435","-3.0546821343991866","0","3.924294013678517","3.924294013678517",,,,,,
"166","ENGAGE-NPi2100","IMAGE 3.0","Final Energy|Residential and Commercial|Electricity","EJ/yr","[object Object]",2010,7.349530792236328,"3.512825282600009","3.512825282600009","2100","4340.156231677112","GW8","ok","ok","medium","high","high","high","ok","ok","true","C7","C7: Below 4.0°C","IMAGE 3.0","EN_NPi2100","14.049535634057802","82.19218627794214","3.8140433489589265","1.5750914606314836","11.777115392970709","3.512825282600009","3.512825282600009","11.777115392970709","0.003105054","medium","ok","ok","ok"
"166","ENGAGE-NPi2100","IMAGE 3.0","Final Energy|Residential and Commercial|Electricity","EJ/yr","[object Object]",2015,7.585851135253906,"3.512825282600009","3.512825282600009","2100","4340.156231677112","GW8","ok","ok","medium","high","high","high","ok","ok","true","C7","C7: Below 4.0°C","IMAGE 3.0","EN_NPi2100","14.049535634057802","82.19218627794214","3.8140433489589265","1.5750914606314836","11.777115392970709","3.512825282600009","3.512825282600009","11.777115392970709","0.003105054","medium","ok","ok","ok"
"166","ENGAGE-NPi2100","IMAGE 3.0","Final Energy|Residential and Commercial|Electricity","EJ/yr","[object Object]",2020,8.223777954101564,"3.512825282600009","3.512825282600009","2100","4340.156231677112","GW8","ok","ok","medium","high","high","high","ok","ok","true","C7","C7: Below 4.0°C","IMAGE 3.0","EN_NPi2100","14.049535634057802","82.19218627794214","3.8140433489589265","1.5750914606314836","11.777115392970709","3.512825282600009","3.512825282600009","11.777115392970709","0.003105054","medium","ok","ok","ok"
"166","ENGAGE-NPi2100","IMAGE 3.0","Final Energy|Residential and Commercial|Electricity","EJ/yr","[object Object]",2025,8.54767367553711,"3.512825282600009","3.512825282600009","2100","4340.156231677112","GW8","ok","ok","medium","high","high","high","ok","ok","true","C7","C7: Below 4.0°C","IMAGE 3.0","EN_NPi2100","14.049535634057802","82.19218627794214","3.8140433489589265","1.5750914606314836","11.777115392970709","3.512825282600009","3.512825282600009","11.777115392970709","0.003105054","medium","ok","ok","ok"
"166","ENGAGE-NPi2100","IMAGE 3.0","Final Energy|Residential and Commercial|Electricity","EJ/yr","[object Object]",2030,8.815147827148438,"3.512825282600009","3.512825282600009","2100","4340.156231677112","GW8","ok","ok","medium","high","high","high","ok","ok","true","C7","C7: Below 4.0°C","IMAGE 3.0","EN_NPi2100","14.049535634057802","82.19218627794214","3.8140433489589265","1.5750914606314836","11.777115392970709","3.512825282600009","3.512825282600009","11.777115392970709","0.003105054","medium","ok","ok","ok"
"166","ENGAGE-NPi2100","IMAGE 3.0","Final Energy|Residential and Commercial|Electricity","EJ/yr","[object Object]",2035,9.027060028076171,"3.512825282600009","3.512825282600009","2100","4340.156231677112","GW8","ok","ok","medium","high","high","high","ok","ok","true","C7","C7: Below 4.0°C","IMAGE 3.0","EN_NPi2100","14.049535634057802","82.19218627794214","3.8140433489589265","1.5750914606314836","11.777115392970709","3.512825282600009","3.512825282600009","11.777115392970709","0.003105054","medium","ok","ok","ok"
"166","ENGAGE-NPi2100","IMAGE 3.0","Final Energy|Residential and Commercial|Electricity","EJ/yr","[object Object]",2040,9.183320587158205,"3.512825282600009","3.512825282600009","2100","4340.156231677112","GW8","ok","ok","medium","high","high","high","ok","ok","true","C7","C7: Below 4.0°C","IMAGE 3.0","EN_NPi2100","14.049535634057802","82.19218627794214","3.8140433489589265","1.5750914606314836","11.777115392970709","3.512825282600009","3.512825282600009","11.777115392970709","0.003105054","medium","ok","ok","ok"
"166","ENGAGE-NPi2100","IMAGE 3.0","Final Energy|Residential and Commercial|Electricity","EJ/yr","[object Object]",2045,9.282566497802732,"3.512825282600009","3.512825282600009","2100","4340.156231677112","GW8","ok","ok","medium","high","high","high","ok","ok","true","C7","C7: Below 4.0°C","IMAGE 3.0","EN_NPi2100","14.049535634057802","82.19218627794214","3.8140433489589265","1.5750914606314836","11.777115392970709","3.512825282600009","3.512825282600009","11.777115392970709","0.003105054","medium","ok","ok","ok"
"166","ENGAGE-NPi2100","IMAGE 3.0","Final Energy|Residential and Commercial|Electricity","EJ/yr","[object Object]",2050,9.354536193847656,"3.512825282600009","3.512825282600009","2100","4340.156231677112","GW8","ok","ok","medium","high","high","high","ok","ok","true","C7","C7: Below 4.0°C","IMAGE 3.0","EN_NPi2100","14.049535634057802","82.19218627794214","3.8140433489589265","1.5750914606314836","11.777115392970709","3.512825282600009","3.512825282600009","11.777115392970709","0.003105054","medium","ok","ok","ok"
"166","ENGAGE-NPi2100","IMAGE 3.0","Final Energy|Residential and Commercial|Electricity","EJ/yr","[object Object]",2060,9.922559356689453,"3.512825282600009","3.512825282600009","2100","4340.156231677112","GW8","ok","ok","medium","high","high","high","ok","ok","true","C7","C7: Below 4.0°C","IMAGE 3.0","EN_NPi2100","14.049535634057802","82.19218627794214","3.8140433489589265","1.5750914606314836","11.777115392970709","3.512825282600009","3.512825282600009","11.777115392970709","0.003105054","medium","ok","ok","ok"
"166","ENGAGE-NPi2100","IMAGE 3.0","Final Energy|Residential and Commercial|Electricity","EJ/yr","[object Object]",2070,10.907059844970703,"3.512825282600009","3.512825282600009","2100","4340.156231677112","GW8","ok","ok","medium","high","high","high","ok","ok","true","C7","C7: Below 4.0°C","IMAGE 3.0","EN_NPi2100","14.049535634057802","82.19218627794214","3.8140433489589265","1.5750914606314836","11.777115392970709","3.512825282600009","3.512825282600009","11.777115392970709","0.003105054","medium","ok","ok","ok"
"166","ENGAGE-NPi2100","IMAGE 3.0","Final Energy|Residential and Commercial|Electricity","EJ/yr","[object Object]",2080,11.902207305908204,"3.512825282600009","3.512825282600009","2100","4340.156231677112","GW8","ok","ok","medium","high","high","high","ok","ok","true","C7","C7: Below 4.0°C","IMAGE 3.0","EN_NPi2100","14.049535634057802","82.19218627794214","3.8140433489589265","1.5750914606314836","11.777115392970709","3.512825282600009","3.512825282600009","11.777115392970709","0.003105054","medium","ok","ok","ok"
"166","ENGAGE-NPi2100","IMAGE 3.0","Final Energy|Residential and Commercial|Electricity","EJ/yr","[object Object]",2090,12.49178775024414,"3.512825282600009","3.512825282600009","2100","4340.156231677112","GW8","ok","ok","medium","high","high","high","ok","ok","true","C7","C7: Below 4.0°C","IMAGE 3.0","EN_NPi2100","14.049535634057802","82.19218627794214","3.8140433489589265","1.5750914606314836","11.777115392970709","3.512825282600009","3.512825282600009","11.777115392970709","0.003105054","medium","ok","ok","ok"
"166","ENGAGE-NPi2100","IMAGE 3.0","Final Energy|Residential and Commercial|Electricity","EJ/yr","[object Object]",2100,12.514100036621093,"3.512825282600009","3.512825282600009","2100","4340.156231677112","GW8","ok","ok","medium","high","high","high","ok","ok","true","C7","C7: Below 4.0°C","IMAGE 3.0","EN_NPi2100","14.049535634057802","82.19218627794214","3.8140433489589265","1.5750914606314836","11.777115392970709","3.512825282600009","3.512825282600009","11.777115392970709","0.003105054","medium","ok","ok","ok"
"167","ENGAGE-NoPolicy","IMAGE 3.0","Final Energy|Residential and Commercial|Electricity","EJ/yr","[object Object]",2010,7.351426361083985,"3.732931052663885","3.732931052663885","2100","4613.827233329595","GW8","failed","ok","high","high","high","high","ok","medium","true","C7","C7: Below 4.0°C","IMAGE 3.0","EN_NoPolicy","10.025846393314024","75.51890772308721","14.364929370686","-2.776661737711379","0","3.732931052663885","3.732931052663885","0",,"medium","ok","ok","ok"
"167","ENGAGE-NoPolicy","IMAGE 3.0","Final Energy|Residential and Commercial|Electricity","EJ/yr","[object Object]",2015,7.590047103881837,"3.732931052663885","3.732931052663885","2100","4613.827233329595","GW8","failed","ok","high","high","high","high","ok","medium","true","C7","C7: Below 4.0°C","IMAGE 3.0","EN_NoPolicy","10.025846393314024","75.51890772308721","14.364929370686","-2.776661737711379","0","3.732931052663885","3.732931052663885","0",,"medium","ok","ok","ok"
"167","ENGAGE-NoPolicy","IMAGE 3.0","Final Energy|Residential and Commercial|Electricity","EJ/yr","[object Object]",2020,8.203712203979492,"3.732931052663885","3.732931052663885","2100","4613.827233329595","GW8","failed","ok","high","high","high","high","ok","medium","true","C7","C7: Below 4.0°C","IMAGE 3.0","EN_NoPolicy","10.025846393314024","75.51890772308721","14.364929370686","-2.776661737711379","0","3.732931052663885","3.732931052663885","0",,"medium","ok","ok","ok"
"167","ENGAGE-NoPolicy","IMAGE 3.0","Final Energy|Residential and Commercial|Electricity","EJ/yr","[object Object]",2025,8.58209799194336,"3.732931052663885","3.732931052663885","2100","4613.827233329595","GW8","failed","ok","high","high","high","high","ok","medium","true","C7","C7: Below 4.0°C","IMAGE 3.0","EN_NoPolicy","10.025846393314024","75.51890772308721","14.364929370686","-2.776661737711379","0","3.732931052663885","3.732931052663885","0",,"medium","ok","ok","ok"
"167","ENGAGE-NoPolicy","IMAGE 3.0","Final Energy|Residential and Commercial|Electricity","EJ/yr","[object Object]",2030,8.851678833007814,"3.732931052663885","3.732931052663885","2100","4613.827233329595","GW8","failed","ok","high","high","high","high","ok","medium","true","C7","C7: Below 4.0°C","IMAGE 3.0","EN_NoPolicy","10.025846393314024","75.51890772308721","14.364929370686","-2.776661737711379","0","3.732931052663885","3.732931052663885","0",,"medium","ok","ok","ok"
"167","ENGAGE-NoPolicy","IMAGE 3.0","Final Energy|Residential and Commercial|Electricity","EJ/yr","[object Object]",2035,9.061929290771484,"3.732931052663885","3.732931052663885","2100","4613.827233329595","GW8","failed","ok","high","high","high","high","ok","medium","true","C7","C7: Below 4.0°C","IMAGE 3.0","EN_NoPolicy","10.025846393314024","75.51890772308721","14.364929370686","-2.776661737711379","0","3.732931052663885","3.732931052663885","0",,"medium","ok","ok","ok"
"167","ENGAGE-NoPolicy","IMAGE 3.0","Final Energy|Residential and Commercial|Electricity","EJ/yr","[object Object]",2040,9.32614486694336,"3.732931052663885","3.732931052663885","2100","4613.827233329595","GW8","failed","ok","high","high","high","high","ok","medium","true","C7","C7: Below 4.0°C","IMAGE 3.0","EN_NoPolicy","10.025846393314024","75.51890772308721","14.364929370686","-2.776661737711379","0","3.732931052663885","3.732931052663885","0",,"medium","ok","ok","ok"
"167","ENGAGE-NoPolicy","IMAGE 3.0","Final Energy|Residential and Commercial|Electricity","EJ/yr","[object Object]",2045,9.74955111694336,"3.732931052663885","3.732931052663885","2100","4613.827233329595","GW8","failed","ok","high","high","high","high","ok","medium","true","C7","C7: Below 4.0°C","IMAGE 3.0","EN_NoPolicy","10.025846393314024","75.51890772308721","14.364929370686","-2.776661737711379","0","3.732931052663885","3.732931052663885","0",,"medium","ok","ok","ok"
"167","ENGAGE-NoPolicy","IMAGE 3.0","Final Energy|Residential and Commercial|Electricity","EJ/yr","[object Object]",2050,10.237173431396483,"3.732931052663885","3.732931052663885","2100","4613.827233329595","GW8","failed","ok","high","high","high","high","ok","medium","true","C7","C7: Below 4.0°C","IMAGE 3.0","EN_NoPolicy","10.025846393314024","75.51890772308721","14.364929370686","-2.776661737711379","0","3.732931052663885","3.732931052663885","0",,"medium","ok","ok","ok"
"167","ENGAGE-NoPolicy","IMAGE 3.0","Final Energy|Residential and Commercial|Electricity","EJ/yr","[object Object]",2060,11.33170861816406,"3.732931052663885","3.732931052663885","2100","4613.827233329595","GW8","failed","ok","high","high","high","high","ok","medium","true","C7","C7: Below 4.0°C","IMAGE 3.0","EN_NoPolicy","10.025846393314024","75.51890772308721","14.364929370686","-2.776661737711379","0","3.732931052663885","3.732931052663885","0",,"medium","ok","ok","ok"
"167","ENGAGE-NoPolicy","IMAGE 3.0","Final Energy|Residential and Commercial|Electricity","EJ/yr","[object Object]",2070,11.891350708007812,"3.732931052663885","3.732931052663885","2100","4613.827233329595","GW8","failed","ok","high","high","high","high","ok","medium","true","C7","C7: Below 4.0°C","IMAGE 3.0","EN_NoPolicy","10.025846393314024","75.51890772308721","14.364929370686","-2.776661737711379","0","3.732931052663885","3.732931052663885","0",,"medium","ok","ok","ok"
"167","ENGAGE-NoPolicy","IMAGE 3.0","Final Energy|Residential and Commercial|Electricity","EJ/yr","[object Object]",2080,12.578397583007812,"3.732931052663885","3.732931052663885","2100","4613.827233329595","GW8","failed","ok","high","high","high","high","ok","medium","true","C7","C7: Below 4.0°C","IMAGE 3.0","EN_NoPolicy","10.025846393314024","75.51890772308721","14.364929370686","-2.776661737711379","0","3.732931052663885","3.732931052663885","0",,"medium","ok","ok","ok"
"167","ENGAGE-NoPolicy","IMAGE 3.0","Final Energy|Residential and Commercial|Electricity","EJ/yr","[object Object]",2090,13.151444061279296,"3.732931052663885","3.732931052663885","2100","4613.827233329595","GW8","failed","ok","high","high","high","high","ok","medium","true","C7","C7: Below 4.0°C","IMAGE 3.0","EN_NoPolicy","10.025846393314024","75.51890772308721","14.364929370686","-2.776661737711379","0","3.732931052663885","3.732931052663885","0",,"medium","ok","ok","ok"
"167","ENGAGE-NoPolicy","IMAGE 3.0","Final Energy|Residential and Commercial|Electricity","EJ/yr","[object Object]",2100,13.291389770507813,"3.732931052663885","3.732931052663885","2100","4613.827233329595","GW8","failed","ok","high","high","high","high","ok","medium","true","C7","C7: Below 4.0°C","IMAGE 3.0","EN_NoPolicy","10.025846393314024","75.51890772308721","14.364929370686","-2.776661737711379","0","3.732931052663885","3.732931052663885","0",,"medium","ok","ok","ok"
"331","ENGAGE-NoPolicy","MESSAGEix-GLOBIOM 1.1","Final Energy|Residential and Commercial|Electricity","EJ/yr","[object Object]",2010,7.155450464790536,"3.619464392686497","3.619464392686497","2100","5028.9844115413425","GW8","ok","medium","ok","high","medium","high","ok","ok","true","C7","C7: Below 4.0°C","MESSAGEix-GLOBIOM_1.1","EN_NoPolicy","12.929584151001695","80.961562569616","5.46923729043597","0.2830199533942164","0","3.619464392686497","3.619464392686497","0","0.002184317","medium","ok","ok","ok"
"331","ENGAGE-NoPolicy","MESSAGEix-GLOBIOM 1.1","Final Energy|Residential and Commercial|Electricity","EJ/yr","[object Object]",2015,6.950679227102198,"3.619464392686497","3.619464392686497","2100","5028.9844115413425","GW8","ok","medium","ok","high","medium","high","ok","ok","true","C7","C7: Below 4.0°C","MESSAGEix-GLOBIOM_1.1","EN_NoPolicy","12.929584151001695","80.961562569616","5.46923729043597","0.2830199533942164","0","3.619464392686497","3.619464392686497","0","0.002184317","medium","ok","ok","ok"
"331","ENGAGE-NoPolicy","MESSAGEix-GLOBIOM 1.1","Final Energy|Residential and Commercial|Electricity","EJ/yr","[object Object]",2020,7.674004459697035,"3.619464392686497","3.619464392686497","2100","5028.9844115413425","GW8","ok","medium","ok","high","medium","high","ok","ok","true","C7","C7: Below 4.0°C","MESSAGEix-GLOBIOM_1.1","EN_NoPolicy","12.929584151001695","80.961562569616","5.46923729043597","0.2830199533942164","0","3.619464392686497","3.619464392686497","0","0.002184317","medium","ok","ok","ok"
"331","ENGAGE-NoPolicy","MESSAGEix-GLOBIOM 1.1","Final Energy|Residential and Commercial|Electricity","EJ/yr","[object Object]",2025,7.670228791852203,"3.619464392686497","3.619464392686497","2100","5028.9844115413425","GW8","ok","medium","ok","high","medium","high","ok","ok","true","C7","C7: Below 4.0°C","MESSAGEix-GLOBIOM_1.1","EN_NoPolicy","12.929584151001695","80.961562569616","5.46923729043597","0.2830199533942164","0","3.619464392686497","3.619464392686497","0","0.002184317","medium","ok","ok","ok"
"331","ENGAGE-NoPolicy","MESSAGEix-GLOBIOM 1.1","Final Energy|Residential and Commercial|Electricity","EJ/yr","[object Object]",2030,8.29567392144425,"3.619464392686497","3.619464392686497","2100","5028.9844115413425","GW8","ok","medium","ok","high","medium","high","ok","ok","true","C7","C7: Below 4.0°C","MESSAGEix-GLOBIOM_1.1","EN_NoPolicy","12.929584151001695","80.961562569616","5.46923729043597","0.2830199533942164","0","3.619464392686497","3.619464392686497","0","0.002184317","medium","ok","ok","ok"
"331","ENGAGE-NoPolicy","MESSAGEix-GLOBIOM 1.1","Final Energy|Residential and Commercial|Electricity","EJ/yr","[object Object]",2035,8.524045863917674,"3.619464392686497","3.619464392686497","2100","5028.9844115413425","GW8","ok","medium","ok","high","medium","high","ok","ok","true","C7","C7: Below 4.0°C","MESSAGEix-GLOBIOM_1.1","EN_NoPolicy","12.929584151001695","80.961562569616","5.46923729043597","0.2830199533942164","0","3.619464392686497","3.619464392686497","0","0.002184317","medium","ok","ok","ok"
"331","ENGAGE-NoPolicy","MESSAGEix-GLOBIOM 1.1","Final Energy|Residential and Commercial|Electricity","EJ/yr","[object Object]",2040,9.343973948443823,"3.619464392686497","3.619464392686497","2100","5028.9844115413425","GW8","ok","medium","ok","high","medium","high","ok","ok","true","C7","C7: Below 4.0°C","MESSAGEix-GLOBIOM_1.1","EN_NoPolicy","12.929584151001695","80.961562569616","5.46923729043597","0.2830199533942164","0","3.619464392686497","3.619464392686497","0","0.002184317","medium","ok","ok","ok"
"331","ENGAGE-NoPolicy","MESSAGEix-GLOBIOM 1.1","Final Energy|Residential and Commercial|Electricity","EJ/yr","[object Object]",2045,9.757964283373624,"3.619464392686497","3.619464392686497","2100","5028.9844115413425","GW8","ok","medium","ok","high","medium","high","ok","ok","true","C7","C7: Below 4.0°C","MESSAGEix-GLOBIOM_1.1","EN_NoPolicy","12.929584151001695","80.961562569616","5.46923729043597","0.2830199533942164","0","3.619464392686497","3.619464392686497","0","0.002184317","medium","ok","ok","ok"
"331","ENGAGE-NoPolicy","MESSAGEix-GLOBIOM 1.1","Final Energy|Residential and Commercial|Electricity","EJ/yr","[object Object]",2050,10.670829929679575,"3.619464392686497","3.619464392686497","2100","5028.9844115413425","GW8","ok","medium","ok","high","medium","high","ok","ok","true","C7","C7: Below 4.0°C","MESSAGEix-GLOBIOM_1.1","EN_NoPolicy","12.929584151001695","80.961562569616","5.46923729043597","0.2830199533942164","0","3.619464392686497","3.619464392686497","0","0.002184317","medium","ok","ok","ok"
"331","ENGAGE-NoPolicy","MESSAGEix-GLOBIOM 1.1","Final Energy|Residential and Commercial|Electricity","EJ/yr","[object Object]",2055,11.646315916474547,"3.619464392686497","3.619464392686497","2100","5028.9844115413425","GW8","ok","medium","ok","high","medium","high","ok","ok","true","C7","C7: Below 4.0°C","MESSAGEix-GLOBIOM_1.1","EN_NoPolicy","12.929584151001695","80.961562569616","5.46923729043597","0.2830199533942164","0","3.619464392686497","3.619464392686497","0","0.002184317","medium","ok","ok","ok"
"331","ENGAGE-NoPolicy","MESSAGEix-GLOBIOM 1.1","Final Energy|Residential and Commercial|Electricity","EJ/yr","[object Object]",2060,12.63073715831328,"3.619464392686497","3.619464392686497","2100","5028.9844115413425","GW8","ok","medium","ok","high","medium","high","ok","ok","true","C7","C7: Below 4.0°C","MESSAGEix-GLOBIOM_1.1","EN_NoPolicy","12.929584151001695","80.961562569616","5.46923729043597","0.2830199533942164","0","3.619464392686497","3.619464392686497","0","0.002184317","medium","ok","ok","ok"
"331","ENGAGE-NoPolicy","MESSAGEix-GLOBIOM 1.1","Final Energy|Residential and Commercial|Electricity","EJ/yr","[object Object]",2070,14.686079827783328,"3.619464392686497","3.619464392686497","2100","5028.9844115413425","GW8","ok","medium","ok","high","medium","high","ok","ok","true","C7","C7: Below 4.0°C","MESSAGEix-GLOBIOM_1.1","EN_NoPolicy","12.929584151001695","80.961562569616","5.46923729043597","0.2830199533942164","0","3.619464392686497","3.619464392686497","0","0.002184317","medium","ok","ok","ok"
"331","ENGAGE-NoPolicy","MESSAGEix-GLOBIOM 1.1","Final Energy|Residential and Commercial|Electricity","EJ/yr","[object Object]",2080,16.83293684676666,"3.619464392686497","3.619464392686497","2100","5028.9844115413425","GW8","ok","medium","ok","high","medium","high","ok","ok","true","C7","C7: Below 4.0°C","MESSAGEix-GLOBIOM_1.1","EN_NoPolicy","12.929584151001695","80.961562569616","5.46923729043597","0.2830199533942164","0","3.619464392686497","3.619464392686497","0","0.002184317","medium","ok","ok","ok"
"331","ENGAGE-NoPolicy","MESSAGEix-GLOBIOM 1.1","Final Energy|Residential and Commercial|Electricity","EJ/yr","[object Object]",2090,18.91244010375833,"3.619464392686497","3.619464392686497","2100","5028.9844115413425","GW8","ok","medium","ok","high","medium","high","ok","ok","true","C7","C7: Below 4.0°C","MESSAGEix-GLOBIOM_1.1","EN_NoPolicy","12.929584151001695","80.961562569616","5.46923729043597","0.2830199533942164","0","3.619464392686497","3.619464392686497","0","0.002184317","medium","ok","ok","ok"
"331","ENGAGE-NoPolicy","MESSAGEix-GLOBIOM 1.1","Final Energy|Residential and Commercial|Electricity","EJ/yr","[object Object]",2100,20.971286815983333,"3.619464392686497","3.619464392686497","2100","5028.9844115413425","GW8","ok","medium","ok","high","medium","high","ok","ok","true","C7","C7: Below 4.0°C","MESSAGEix-GLOBIOM_1.1","EN_NoPolicy","12.929584151001695","80.961562569616","5.46923729043597","0.2830199533942164","0","3.619464392686497","3.619464392686497","0","0.002184317","medium","ok","ok","ok"
"400","ENGAGE-NPi2100","POLES-JRC ENGAGE","Final Energy|Residential and Commercial|Electricity","EJ/yr","[object Object]",2010,6.937366008758545,"3.566902306340027","3.566902306340027","2100","3986.08785546875","GW8","ok","medium","ok","medium","high","medium","ok","ok","true","C7","C7: Below 4.0°C","POLES ENGAGE","EN_NPi2100","22.288979032464475","67.81617885697061","6.848788426389143","2.4643513836865623","6.781463553448113","3.566902306340027","3.566902306340027","6.781463553448113","0.000826735","medium","ok","ok","ok"
"400","ENGAGE-NPi2100","POLES-JRC ENGAGE","Final Energy|Residential and Commercial|Electricity","EJ/yr","[object Object]",2015,6.746779441833496,"3.566902306340027","3.566902306340027","2100","3986.08785546875","GW8","ok","medium","ok","medium","high","medium","ok","ok","true","C7","C7: Below 4.0°C","POLES ENGAGE","EN_NPi2100","22.288979032464475","67.81617885697061","6.848788426389143","2.4643513836865623","6.781463553448113","3.566902306340027","3.566902306340027","6.781463553448113","0.000826735","medium","ok","ok","ok"
"400","ENGAGE-NPi2100","POLES-JRC ENGAGE","Final Energy|Residential and Commercial|Electricity","EJ/yr","[object Object]",2020,7.320575714111328,"3.566902306340027","3.566902306340027","2100","3986.08785546875","GW8","ok","medium","ok","medium","high","medium","ok","ok","true","C7","C7: Below 4.0°C","POLES ENGAGE","EN_NPi2100","22.288979032464475","67.81617885697061","6.848788426389143","2.4643513836865623","6.781463553448113","3.566902306340027","3.566902306340027","6.781463553448113","0.000826735","medium","ok","ok","ok"
"400","ENGAGE-NPi2100","POLES-JRC ENGAGE","Final Energy|Residential and Commercial|Electricity","EJ/yr","[object Object]",2025,8.058271408081055,"3.566902306340027","3.566902306340027","2100","3986.08785546875","GW8","ok","medium","ok","medium","high","medium","ok","ok","true","C7","C7: Below 4.0°C","POLES ENGAGE","EN_NPi2100","22.288979032464475","67.81617885697061","6.848788426389143","2.4643513836865623","6.781463553448113","3.566902306340027","3.566902306340027","6.781463553448113","0.000826735","medium","ok","ok","ok"
"400","ENGAGE-NPi2100","POLES-JRC ENGAGE","Final Energy|Residential and Commercial|Electricity","EJ/yr","[object Object]",2030,8.765896797180176,"3.566902306340027","3.566902306340027","2100","3986.08785546875","GW8","ok","medium","ok","medium","high","medium","ok","ok","true","C7","C7: Below 4.0°C","POLES ENGAGE","EN_NPi2100","22.288979032464475","67.81617885697061","6.848788426389143","2.4643513836865623","6.781463553448113","3.566902306340027","3.566902306340027","6.781463553448113","0.000826735","medium","ok","ok","ok"
"400","ENGAGE-NPi2100","POLES-JRC ENGAGE","Final Energy|Residential and Commercial|Electricity","EJ/yr","[object Object]",2035,9.509109497070312,"3.566902306340027","3.566902306340027","2100","3986.08785546875","GW8","ok","medium","ok","medium","high","medium","ok","ok","true","C7","C7: Below 4.0°C","POLES ENGAGE","EN_NPi2100","22.288979032464475","67.81617885697061","6.848788426389143","2.4643513836865623","6.781463553448113","3.566902306340027","3.566902306340027","6.781463553448113","0.000826735","medium","ok","ok","ok"
"400","ENGAGE-NPi2100","POLES-JRC ENGAGE","Final Energy|Residential and Commercial|Electricity","EJ/yr","[object Object]",2040,10.14179801940918,"3.566902306340027","3.566902306340027","2100","3986.08785546875","GW8","ok","medium","ok","medium","high","medium","ok","ok","true","C7","C7: Below 4.0°C","POLES ENGAGE","EN_NPi2100","22.288979032464475","67.81617885697061","6.848788426389143","2.4643513836865623","6.781463553448113","3.566902306340027","3.566902306340027","6.781463553448113","0.000826735","medium","ok","ok","ok"
"400","ENGAGE-NPi2100","POLES-JRC ENGAGE","Final Energy|Residential and Commercial|Electricity","EJ/yr","[object Object]",2045,10.700427055358888,"3.566902306340027","3.566902306340027","2100","3986.08785546875","GW8","ok","medium","ok","medium","high","medium","ok","ok","true","C7","C7: Below 4.0°C","POLES ENGAGE","EN_NPi2100","22.288979032464475","67.81617885697061","6.848788426389143","2.4643513836865623","6.781463553448113","3.566902306340027","3.566902306340027","6.781463553448113","0.000826735","medium","ok","ok","ok"
"400","ENGAGE-NPi2100","POLES-JRC ENGAGE","Final Energy|Residential and Commercial|Electricity","EJ/yr","[object Object]",2050,10.991706848144531,"3.566902306340027","3.566902306340027","2100","3986.08785546875","GW8","ok","medium","ok","medium","high","medium","ok","ok","true","C7","C7: Below 4.0°C","POLES ENGAGE","EN_NPi2100","22.288979032464475","67.81617885697061","6.848788426389143","2.4643513836865623","6.781463553448113","3.566902306340027","3.566902306340027","6.781463553448113","0.000826735","medium","ok","ok","ok"
"400","ENGAGE-NPi2100","POLES-JRC ENGAGE","Final Energy|Residential and Commercial|Electricity","EJ/yr","[object Object]",2060,11.12998867034912,"3.566902306340027","3.566902306340027","2100","3986.08785546875","GW8","ok","medium","ok","medium","high","medium","ok","ok","true","C7","C7: Below 4.0°C","POLES ENGAGE","EN_NPi2100","22.288979032464475","67.81617885697061","6.848788426389143","2.4643513836865623","6.781463553448113","3.566902306340027","3.566902306340027","6.781463553448113","0.000826735","medium","ok","ok","ok"
"400","ENGAGE-NPi2100","POLES-JRC ENGAGE","Final Energy|Residential and Commercial|Electricity","EJ/yr","[object Object]",2070,11.020503044128418,"3.566902306340027","3.566902306340027","2100","3986.08785546875","GW8","ok","medium","ok","medium","high","medium","ok","ok","true","C7","C7: Below 4.0°C","POLES ENGAGE","EN_NPi2100","22.288979032464475","67.81617885697061","6.848788426389143","2.4643513836865623","6.781463553448113","3.566902306340027","3.566902306340027","6.781463553448113","0.000826735","medium","ok","ok","ok"
"400","ENGAGE-NPi2100","POLES-JRC ENGAGE","Final Energy|Residential and Commercial|Electricity","EJ/yr","[object Object]",2080,10.925299644470217,"3.566902306340027","3.566902306340027","2100","3986.08785546875","GW8","ok","medium","ok","medium","high","medium","ok","ok","true","C7","C7: Below 4.0°C","POLES ENGAGE","EN_NPi2100","22.288979032464475","67.81617885697061","6.848788426389143","2.4643513836865623","6.781463553448113","3.566902306340027","3.566902306340027","6.781463553448113","0.000826735","medium","ok","ok","ok"
"400","ENGAGE-NPi2100","POLES-JRC ENGAGE","Final Energy|Residential and Commercial|Electricity","EJ/yr","[object Object]",2090,10.780936241149902,"3.566902306340027","3.566902306340027","2100","3986.08785546875","GW8","ok","medium","ok","medium","high","medium","ok","ok","true","C7","C7: Below 4.0°C","POLES ENGAGE","EN_NPi2100","22.288979032464475","67.81617885697061","6.848788426389143","2.4643513836865623","6.781463553448113","3.566902306340027","3.566902306340027","6.781463553448113","0.000826735","medium","ok","ok","ok"
"400","ENGAGE-NPi2100","POLES-JRC ENGAGE","Final Energy|Residential and Commercial|Electricity","EJ/yr","[object Object]",2100,10.622129440307615,"3.566902306340027","3.566902306340027","2100","3986.08785546875","GW8","ok","medium","ok","medium","high","medium","ok","ok","true","C7","C7: Below 4.0°C","POLES ENGAGE","EN_NPi2100","22.288979032464475","67.81617885697061","6.848788426389143","2.4643513836865623","6.781463553448113","3.566902306340027","3.566902306340027","6.781463553448113","0.000826735","medium","ok","ok","ok"
"479","ENGAGE-NoPolicy","REMIND-MAgPIE 2.1-4.2","Final Energy|Residential and Commercial|Electricity","EJ/yr","[object Object]",2010,6.2744,"3.681594577928197","3.681594577928197","2100","4223.828536599999","GW8","ok","medium","medium",,"medium","high","ok","ok","true","C7","C7: Below 4.0°C","REMIND-MAgPIE 2.1-4.2","EN_NoPolicy","24.09580794003509","61.48640578925148","14.286411172098015","-3.9096651246843095","0","3.681594577928197","3.681594577928197","0","0.002784824","medium","ok","ok","ok"
"479","ENGAGE-NoPolicy","REMIND-MAgPIE 2.1-4.2","Final Energy|Residential and Commercial|Electricity","EJ/yr","[object Object]",2015,5.7905,"3.681594577928197","3.681594577928197","2100","4223.828536599999","GW8","ok","medium","medium",,"medium","high","ok","ok","true","C7","C7: Below 4.0°C","REMIND-MAgPIE 2.1-4.2","EN_NoPolicy","24.09580794003509","61.48640578925148","14.286411172098015","-3.9096651246843095","0","3.681594577928197","3.681594577928197","0","0.002784824","medium","ok","ok","ok"
"479","ENGAGE-NoPolicy","REMIND-MAgPIE 2.1-4.2","Final Energy|Residential and Commercial|Electricity","EJ/yr","[object Object]",2020,6.5409,"3.681594577928197","3.681594577928197","2100","4223.828536599999","GW8","ok","medium","medium",,"medium","high","ok","ok","true","C7","C7: Below 4.0°C","REMIND-MAgPIE 2.1-4.2","EN_NoPolicy","24.09580794003509","61.48640578925148","14.286411172098015","-3.9096651246843095","0","3.681594577928197","3.681594577928197","0","0.002784824","medium","ok","ok","ok"
"479","ENGAGE-NoPolicy","REMIND-MAgPIE 2.1-4.2","Final Energy|Residential and Commercial|Electricity","EJ/yr","[object Object]",2025,7.0414,"3.681594577928197","3.681594577928197","2100","4223.828536599999","GW8","ok","medium","medium",,"medium","high","ok","ok","true","C7","C7: Below 4.0°C","REMIND-MAgPIE 2.1-4.2","EN_NoPolicy","24.09580794003509","61.48640578925148","14.286411172098015","-3.9096651246843095","0","3.681594577928197","3.681594577928197","0","0.002784824","medium","ok","ok","ok"
"479","ENGAGE-NoPolicy","REMIND-MAgPIE 2.1-4.2","Final Energy|Residential and Commercial|Electricity","EJ/yr","[object Object]",2030,7.3301,"3.681594577928197","3.681594577928197","2100","4223.828536599999","GW8","ok","medium","medium",,"medium","high","ok","ok","true","C7","C7: Below 4.0°C","REMIND-MAgPIE 2.1-4.2","EN_NoPolicy","24.09580794003509","61.48640578925148","14.286411172098015","-3.9096651246843095","0","3.681594577928197","3.681594577928197","0","0.002784824","medium","ok","ok","ok"
"479","ENGAGE-NoPolicy","REMIND-MAgPIE 2.1-4.2","Final Energy|Residential and Commercial|Electricity","EJ/yr","[object Object]",2035,7.5804,"3.681594577928197","3.681594577928197","2100","4223.828536599999","GW8","ok","medium","medium",,"medium","high","ok","ok","true","C7","C7: Below 4.0°C","REMIND-MAgPIE 2.1-4.2","EN_NoPolicy","24.09580794003509","61.48640578925148","14.286411172098015","-3.9096651246843095","0","3.681594577928197","3.681594577928197","0","0.002784824","medium","ok","ok","ok"
"479","ENGAGE-NoPolicy","REMIND-MAgPIE 2.1-4.2","Final Energy|Residential and Commercial|Electricity","EJ/yr","[object Object]",2040,7.6979,"3.681594577928197","3.681594577928197","2100","4223.828536599999","GW8","ok","medium","medium",,"medium","high","ok","ok","true","C7","C7: Below 4.0°C","REMIND-MAgPIE 2.1-4.2","EN_NoPolicy","24.09580794003509","61.48640578925148","14.286411172098015","-3.9096651246843095","0","3.681594577928197","3.681594577928197","0","0.002784824","medium","ok","ok","ok"
"479","ENGAGE-NoPolicy","REMIND-MAgPIE 2.1-4.2","Final Energy|Residential and Commercial|Electricity","EJ/yr","[object Object]",2045,7.8628,"3.681594577928197","3.681594577928197","2100","4223.828536599999","GW8","ok","medium","medium",,"medium","high","ok","ok","true","C7","C7: Below 4.0°C","REMIND-MAgPIE 2.1-4.2","EN_NoPolicy","24.09580794003509","61.48640578925148","14.286411172098015","-3.9096651246843095","0","3.681594577928197","3.681594577928197","0","0.002784824","medium","ok","ok","ok"
"479","ENGAGE-NoPolicy","REMIND-MAgPIE 2.1-4.2","Final Energy|Residential and Commercial|Electricity","EJ/yr","[object Object]",2050,7.8967,"3.681594577928197","3.681594577928197","2100","4223.828536599999","GW8","ok","medium","medium",,"medium","high","ok","ok","true","C7","C7: Below 4.0°C","REMIND-MAgPIE 2.1-4.2","EN_NoPolicy","24.09580794003509","61.48640578925148","14.286411172098015","-3.9096651246843095","0","3.681594577928197","3.681594577928197","0","0.002784824","medium","ok","ok","ok"
"479","ENGAGE-NoPolicy","REMIND-MAgPIE 2.1-4.2","Final Energy|Residential and Commercial|Electricity","EJ/yr","[object Object]",2055,7.9259,"3.681594577928197","3.681594577928197","2100","4223.828536599999","GW8","ok","medium","medium",,"medium","high","ok","ok","true","C7","C7: Below 4.0°C","REMIND-MAgPIE 2.1-4.2","EN_NoPolicy","24.09580794003509","61.48640578925148","14.286411172098015","-3.9096651246843095","0","3.681594577928197","3.681594577928197","0","0.002784824","medium","ok","ok","ok"
"479","ENGAGE-NoPolicy","REMIND-MAgPIE 2.1-4.2","Final Energy|Residential and Commercial|Electricity","EJ/yr","[object Object]",2060,7.9801,"3.681594577928197","3.681594577928197","2100","4223.828536599999","GW8","ok","medium","medium",,"medium","high","ok","ok","true","C7","C7: Below 4.0°C","REMIND-MAgPIE 2.1-4.2","EN_NoPolicy","24.09580794003509","61.48640578925148","14.286411172098015","-3.9096651246843095","0","3.681594577928197","3.681594577928197","0","0.002784824","medium","ok","ok","ok"
"479","ENGAGE-NoPolicy","REMIND-MAgPIE 2.1-4.2","Final Energy|Residential and Commercial|Electricity","EJ/yr","[object Object]",2070,8.246,"3.681594577928197","3.681594577928197","2100","4223.828536599999","GW8","ok","medium","medium",,"medium","high","ok","ok","true","C7","C7: Below 4.0°C","REMIND-MAgPIE 2.1-4.2","EN_NoPolicy","24.09580794003509","61.48640578925148","14.286411172098015","-3.9096651246843095","0","3.681594577928197","3.681594577928197","0","0.002784824","medium","ok","ok","ok"
"479","ENGAGE-NoPolicy","REMIND-MAgPIE 2.1-4.2","Final Energy|Residential and Commercial|Electricity","EJ/yr","[object Object]",2080,8.8824,"3.681594577928197","3.681594577928197","2100","4223.828536599999","GW8","ok","medium","medium",,"medium","high","ok","ok","true","C7","C7: Below 4.0°C","REMIND-MAgPIE 2.1-4.2","EN_NoPolicy","24.09580794003509","61.48640578925148","14.286411172098015","-3.9096651246843095","0","3.681594577928197","3.681594577928197","0","0.002784824","medium","ok","ok","ok"
"479","ENGAGE-NoPolicy","REMIND-MAgPIE 2.1-4.2","Final Energy|Residential and Commercial|Electricity","EJ/yr","[object Object]",2090,9.426,"3.681594577928197","3.681594577928197","2100","4223.828536599999","GW8","ok","medium","medium",,"medium","high","ok","ok","true","C7","C7: Below 4.0°C","REMIND-MAgPIE 2.1-4.2","EN_NoPolicy","24.09580794003509","61.48640578925148","14.286411172098015","-3.9096651246843095","0","3.681594577928197","3.681594577928197","0","0.002784824","medium","ok","ok","ok"
"479","ENGAGE-NoPolicy","REMIND-MAgPIE 2.1-4.2","Final Energy|Residential and Commercial|Electricity","EJ/yr","[object Object]",2100,9.8565,"3.681594577928197","3.681594577928197","2100","4223.828536599999","GW8","ok","medium","medium",,"medium","high","ok","ok","true","C7","C7: Below 4.0°C","REMIND-MAgPIE 2.1-4.2","EN_NoPolicy","24.09580794003509","61.48640578925148","14.286411172098015","-3.9096651246843095","0","3.681594577928197","3.681594577928197","0","0.002784824","medium","ok","ok","ok"
"803","BEG-Baseline","REMIND-Buildings 2.0","Final Energy|Residential and Commercial|Electricity","EJ/yr","[object Object]",2010,6.4596,"3.805735405574981","3.805735405574981","2100","4674.88782415","GW8","ok","ok","medium",,"medium","high",,"medium","true","C7","C7: Below 4.0°C","REMIND-Buildings 2.0","BEG-Base","19.073347112599702","64.14187425780996","16.452843764104735",,"0","3.805735405574981","3.805735405574981","0","0.00278441","medium","ok","ok","ok"
"803","BEG-Baseline","REMIND-Buildings 2.0","Final Energy|Residential and Commercial|Electricity","EJ/yr","[object Object]",2015,5.9681,"3.805735405574981","3.805735405574981","2100","4674.88782415","GW8","ok","ok","medium",,"medium","high",,"medium","true","C7","C7: Below 4.0°C","REMIND-Buildings 2.0","BEG-Base","19.073347112599702","64.14187425780996","16.452843764104735",,"0","3.805735405574981","3.805735405574981","0","0.00278441","medium","ok","ok","ok"
"803","BEG-Baseline","REMIND-Buildings 2.0","Final Energy|Residential and Commercial|Electricity","EJ/yr","[object Object]",2020,7.0427,"3.805735405574981","3.805735405574981","2100","4674.88782415","GW8","ok","ok","medium",,"medium","high",,"medium","true","C7","C7: Below 4.0°C","REMIND-Buildings 2.0","BEG-Base","19.073347112599702","64.14187425780996","16.452843764104735",,"0","3.805735405574981","3.805735405574981","0","0.00278441","medium","ok","ok","ok"
"803","BEG-Baseline","REMIND-Buildings 2.0","Final Energy|Residential and Commercial|Electricity","EJ/yr","[object Object]",2025,7.6892,"3.805735405574981","3.805735405574981","2100","4674.88782415","GW8","ok","ok","medium",,"medium","high",,"medium","true","C7","C7: Below 4.0°C","REMIND-Buildings 2.0","BEG-Base","19.073347112599702","64.14187425780996","16.452843764104735",,"0","3.805735405574981","3.805735405574981","0","0.00278441","medium","ok","ok","ok"
"803","BEG-Baseline","REMIND-Buildings 2.0","Final Energy|Residential and Commercial|Electricity","EJ/yr","[object Object]",2030,7.6219,"3.805735405574981","3.805735405574981","2100","4674.88782415","GW8","ok","ok","medium",,"medium","high",,"medium","true","C7","C7: Below 4.0°C","REMIND-Buildings 2.0","BEG-Base","19.073347112599702","64.14187425780996","16.452843764104735",,"0","3.805735405574981","3.805735405574981","0","0.00278441","medium","ok","ok","ok"
"803","BEG-Baseline","REMIND-Buildings 2.0","Final Energy|Residential and Commercial|Electricity","EJ/yr","[object Object]",2035,7.6898,"3.805735405574981","3.805735405574981","2100","4674.88782415","GW8","ok","ok","medium",,"medium","high",,"medium","true","C7","C7: Below 4.0°C","REMIND-Buildings 2.0","BEG-Base","19.073347112599702","64.14187425780996","16.452843764104735",,"0","3.805735405574981","3.805735405574981","0","0.00278441","medium","ok","ok","ok"
"803","BEG-Baseline","REMIND-Buildings 2.0","Final Energy|Residential and Commercial|Electricity","EJ/yr","[object Object]",2040,8.1554,"3.805735405574981","3.805735405574981","2100","4674.88782415","GW8","ok","ok","medium",,"medium","high",,"medium","true","C7","C7: Below 4.0°C","REMIND-Buildings 2.0","BEG-Base","19.073347112599702","64.14187425780996","16.452843764104735",,"0","3.805735405574981","3.805735405574981","0","0.00278441","medium","ok","ok","ok"
"803","BEG-Baseline","REMIND-Buildings 2.0","Final Energy|Residential and Commercial|Electricity","EJ/yr","[object Object]",2045,8.4094,"3.805735405574981","3.805735405574981","2100","4674.88782415","GW8","ok","ok","medium",,"medium","high",,"medium","true","C7","C7: Below 4.0°C","REMIND-Buildings 2.0","BEG-Base","19.073347112599702","64.14187425780996","16.452843764104735",,"0","3.805735405574981","3.805735405574981","0","0.00278441","medium","ok","ok","ok"
"803","BEG-Baseline","REMIND-Buildings 2.0","Final Energy|Residential and Commercial|Electricity","EJ/yr","[object Object]",2050,8.6428,"3.805735405574981","3.805735405574981","2100","4674.88782415","GW8","ok","ok","medium",,"medium","high",,"medium","true","C7","C7: Below 4.0°C","REMIND-Buildings 2.0","BEG-Base","19.073347112599702","64.14187425780996","16.452843764104735",,"0","3.805735405574981","3.805735405574981","0","0.00278441","medium","ok","ok","ok"
"803","BEG-Baseline","REMIND-Buildings 2.0","Final Energy|Residential and Commercial|Electricity","EJ/yr","[object Object]",2055,9.2229,"3.805735405574981","3.805735405574981","2100","4674.88782415","GW8","ok","ok","medium",,"medium","high",,"medium","true","C7","C7: Below 4.0°C","REMIND-Buildings 2.0","BEG-Base","19.073347112599702","64.14187425780996","16.452843764104735",,"0","3.805735405574981","3.805735405574981","0","0.00278441","medium","ok","ok","ok"
"803","BEG-Baseline","REMIND-Buildings 2.0","Final Energy|Residential and Commercial|Electricity","EJ/yr","[object Object]",2060,9.9323,"3.805735405574981","3.805735405574981","2100","4674.88782415","GW8","ok","ok","medium",,"medium","high",,"medium","true","C7","C7: Below 4.0°C","REMIND-Buildings 2.0","BEG-Base","19.073347112599702","64.14187425780996","16.452843764104735",,"0","3.805735405574981","3.805735405574981","0","0.00278441","medium","ok","ok","ok"
"803","BEG-Baseline","REMIND-Buildings 2.0","Final Energy|Residential and Commercial|Electricity","EJ/yr","[object Object]",2070,9.9655,"3.805735405574981","3.805735405574981","2100","4674.88782415","GW8","ok","ok","medium",,"medium","high",,"medium","true","C7","C7: Below 4.0°C","REMIND-Buildings 2.0","BEG-Base","19.073347112599702","64.14187425780996","16.452843764104735",,"0","3.805735405574981","3.805735405574981","0","0.00278441","medium","ok","ok","ok"
"803","BEG-Baseline","REMIND-Buildings 2.0","Final Energy|Residential and Commercial|Electricity","EJ/yr","[object Object]",2080,10.2537,"3.805735405574981","3.805735405574981","2100","4674.88782415","GW8","ok","ok","medium",,"medium","high",,"medium","true","C7","C7: Below 4.0°C","REMIND-Buildings 2.0","BEG-Base","19.073347112599702","64.14187425780996","16.452843764104735",,"0","3.805735405574981","3.805735405574981","0","0.00278441","medium","ok","ok","ok"
"803","BEG-Baseline","REMIND-Buildings 2.0","Final Energy|Residential and Commercial|Electricity","EJ/yr","[object Object]",2090,11.2978,"3.805735405574981","3.805735405574981","2100","4674.88782415","GW8","ok","ok","medium",,"medium","high",,"medium","true","C7","C7: Below 4.0°C","REMIND-Buildings 2.0","BEG-Base","19.073347112599702","64.14187425780996","16.452843764104735",,"0","3.805735405574981","3.805735405574981","0","0.00278441","medium","ok","ok","ok"
"803","BEG-Baseline","REMIND-Buildings 2.0","Final Energy|Residential and Commercial|Electricity","EJ/yr","[object Object]",2100,11.7196,"3.805735405574981","3.805735405574981","2100","4674.88782415","GW8","ok","ok","medium",,"medium","high",,"medium","true","C7","C7: Below 4.0°C","REMIND-Buildings 2.0","BEG-Base","19.073347112599702","64.14187425780996","16.452843764104735",,"0","3.805735405574981","3.805735405574981","0","0.00278441","medium","ok","ok","ok"
"804","BEG-Efficiency","REMIND-Buildings 2.0","Final Energy|Residential and Commercial|Electricity","EJ/yr","[object Object]",2010,6.4596,"3.770333669454553","3.770333669454553","2100","4580.12289545","GW8","ok","ok","medium",,"high","high",,"medium","true","C7","C7: Below 4.0°C","REMIND-Buildings 2.0","BEG-EG","17.01235151671467","67.13163965667943","15.502980412385906",,"0","3.770333669454553","3.770333669454553","0","0.002792342","medium","ok","ok","ok"
"804","BEG-Efficiency","REMIND-Buildings 2.0","Final Energy|Residential and Commercial|Electricity","EJ/yr","[object Object]",2015,5.9681,"3.770333669454553","3.770333669454553","2100","4580.12289545","GW8","ok","ok","medium",,"high","high",,"medium","true","C7","C7: Below 4.0°C","REMIND-Buildings 2.0","BEG-EG","17.01235151671467","67.13163965667943","15.502980412385906",,"0","3.770333669454553","3.770333669454553","0","0.002792342","medium","ok","ok","ok"
"804","BEG-Efficiency","REMIND-Buildings 2.0","Final Energy|Residential and Commercial|Electricity","EJ/yr","[object Object]",2020,7.0427,"3.770333669454553","3.770333669454553","2100","4580.12289545","GW8","ok","ok","medium",,"high","high",,"medium","true","C7","C7: Below 4.0°C","REMIND-Buildings 2.0","BEG-EG","17.01235151671467","67.13163965667943","15.502980412385906",,"0","3.770333669454553","3.770333669454553","0","0.002792342","medium","ok","ok","ok"
"804","BEG-Efficiency","REMIND-Buildings 2.0","Final Energy|Residential and Commercial|Electricity","EJ/yr","[object Object]",2025,7.0284,"3.770333669454553","3.770333669454553","2100","4580.12289545","GW8","ok","ok","medium",,"high","high",,"medium","true","C7","C7: Below 4.0°C","REMIND-Buildings 2.0","BEG-EG","17.01235151671467","67.13163965667943","15.502980412385906",,"0","3.770333669454553","3.770333669454553","0","0.002792342","medium","ok","ok","ok"
"804","BEG-Efficiency","REMIND-Buildings 2.0","Final Energy|Residential and Commercial|Electricity","EJ/yr","[object Object]",2030,6.8173,"3.770333669454553","3.770333669454553","2100","4580.12289545","GW8","ok","ok","medium",,"high","high",,"medium","true","C7","C7: Below 4.0°C","REMIND-Buildings 2.0","BEG-EG","17.01235151671467","67.13163965667943","15.502980412385906",,"0","3.770333669454553","3.770333669454553","0","0.002792342","medium","ok","ok","ok"
"804","BEG-Efficiency","REMIND-Buildings 2.0","Final Energy|Residential and Commercial|Electricity","EJ/yr","[object Object]",2035,6.8625,"3.770333669454553","3.770333669454553","2100","4580.12289545","GW8","ok","ok","medium",,"high","high",,"medium","true","C7","C7: Below 4.0°C","REMIND-Buildings 2.0","BEG-EG","17.01235151671467","67.13163965667943","15.502980412385906",,"0","3.770333669454553","3.770333669454553","0","0.002792342","medium","ok","ok","ok"
"804","BEG-Efficiency","REMIND-Buildings 2.0","Final Energy|Residential and Commercial|Electricity","EJ/yr","[object Object]",2040,6.8925,"3.770333669454553","3.770333669454553","2100","4580.12289545","GW8","ok","ok","medium",,"high","high",,"medium","true","C7","C7: Below 4.0°C","REMIND-Buildings 2.0","BEG-EG","17.01235151671467","67.13163965667943","15.502980412385906",,"0","3.770333669454553","3.770333669454553","0","0.002792342","medium","ok","ok","ok"
"804","BEG-Efficiency","REMIND-Buildings 2.0","Final Energy|Residential and Commercial|Electricity","EJ/yr","[object Object]",2045,7.0295,"3.770333669454553","3.770333669454553","2100","4580.12289545","GW8","ok","ok","medium",,"high","high",,"medium","true","C7","C7: Below 4.0°C","REMIND-Buildings 2.0","BEG-EG","17.01235151671467","67.13163965667943","15.502980412385906",,"0","3.770333669454553","3.770333669454553","0","0.002792342","medium","ok","ok","ok"
"804","BEG-Efficiency","REMIND-Buildings 2.0","Final Energy|Residential and Commercial|Electricity","EJ/yr","[object Object]",2050,7.3071,"3.770333669454553","3.770333669454553","2100","4580.12289545","GW8","ok","ok","medium",,"high","high",,"medium","true","C7","C7: Below 4.0°C","REMIND-Buildings 2.0","BEG-EG","17.01235151671467","67.13163965667943","15.502980412385906",,"0","3.770333669454553","3.770333669454553","0","0.002792342","medium","ok","ok","ok"
"804","BEG-Efficiency","REMIND-Buildings 2.0","Final Energy|Residential and Commercial|Electricity","EJ/yr","[object Object]",2055,7.4386,"3.770333669454553","3.770333669454553","2100","4580.12289545","GW8","ok","ok","medium",,"high","high",,"medium","true","C7","C7: Below 4.0°C","REMIND-Buildings 2.0","BEG-EG","17.01235151671467","67.13163965667943","15.502980412385906",,"0","3.770333669454553","3.770333669454553","0","0.002792342","medium","ok","ok","ok"
"804","BEG-Efficiency","REMIND-Buildings 2.0","Final Energy|Residential and Commercial|Electricity","EJ/yr","[object Object]",2060,7.687,"3.770333669454553","3.770333669454553","2100","4580.12289545","GW8","ok","ok","medium",,"high","high",,"medium","true","C7","C7: Below 4.0°C","REMIND-Buildings 2.0","BEG-EG","17.01235151671467","67.13163965667943","15.502980412385906",,"0","3.770333669454553","3.770333669454553","0","0.002792342","medium","ok","ok","ok"
"804","BEG-Efficiency","REMIND-Buildings 2.0","Final Energy|Residential and Commercial|Electricity","EJ/yr","[object Object]",2070,7.7957,"3.770333669454553","3.770333669454553","2100","4580.12289545","GW8","ok","ok","medium",,"high","high",,"medium","true","C7","C7: Below 4.0°C","REMIND-Buildings 2.0","BEG-EG","17.01235151671467","67.13163965667943","15.502980412385906",,"0","3.770333669454553","3.770333669454553","0","0.002792342","medium","ok","ok","ok"
"804","BEG-Efficiency","REMIND-Buildings 2.0","Final Energy|Residential and Commercial|Electricity","EJ/yr","[object Object]",2080,8.0962,"3.770333669454553","3.770333669454553","2100","4580.12289545","GW8","ok","ok","medium",,"high","high",,"medium","true","C7","C7: Below 4.0°C","REMIND-Buildings 2.0","BEG-EG","17.01235151671467","67.13163965667943","15.502980412385906",,"0","3.770333669454553","3.770333669454553","0","0.002792342","medium","ok","ok","ok"
"804","BEG-Efficiency","REMIND-Buildings 2.0","Final Energy|Residential and Commercial|Electricity","EJ/yr","[object Object]",2090,8.4383,"3.770333669454553","3.770333669454553","2100","4580.12289545","GW8","ok","ok","medium",,"high","high",,"medium","true","C7","C7: Below 4.0°C","REMIND-Buildings 2.0","BEG-EG","17.01235151671467","67.13163965667943","15.502980412385906",,"0","3.770333669454553","3.770333669454553","0","0.002792342","medium","ok","ok","ok"
"804","BEG-Efficiency","REMIND-Buildings 2.0","Final Energy|Residential and Commercial|Electricity","EJ/yr","[object Object]",2100,8.3401,"3.770333669454553","3.770333669454553","2100","4580.12289545","GW8","ok","ok","medium",,"high","high",,"medium","true","C7","C7: Below 4.0°C","REMIND-Buildings 2.0","BEG-EG","17.01235151671467","67.13163965667943","15.502980412385906",,"0","3.770333669454553","3.770333669454553","0","0.002792342","medium","ok","ok","ok"
"833","CD-LINKS-NPi","REMIND-MAgPIE 1.7-3.0","Final Energy|Residential and Commercial|Electricity","EJ/yr","[object Object]",2010,6.0979,"3.563300869760543","3.563300869760543","2100","4636.6441039","GW8","failed","medium","ok",,"high","medium",,"ok","true","C7","C7: Below 4.0°C","REMIND-MAgPIE 1.7-3.0","CD-LINKS_NPi","26.81052440268982","63.61811293321591","7.463126843657817","-1.99340677885219","2.04214925","3.563300869760543","3.563300869760543","2.04214925",,"medium","ok","ok","ok"
"833","CD-LINKS-NPi","REMIND-MAgPIE 1.7-3.0","Final Energy|Residential and Commercial|Electricity","EJ/yr","[object Object]",2015,6.3838,"3.563300869760543","3.563300869760543","2100","4636.6441039","GW8","failed","medium","ok",,"high","medium",,"ok","true","C7","C7: Below 4.0°C","REMIND-MAgPIE 1.7-3.0","CD-LINKS_NPi","26.81052440268982","63.61811293321591","7.463126843657817","-1.99340677885219","2.04214925","3.563300869760543","3.563300869760543","2.04214925",,"medium","ok","ok","ok"
"833","CD-LINKS-NPi","REMIND-MAgPIE 1.7-3.0","Final Energy|Residential and Commercial|Electricity","EJ/yr","[object Object]",2020,7.2262,"3.563300869760543","3.563300869760543","2100","4636.6441039","GW8","failed","medium","ok",,"high","medium",,"ok","true","C7","C7: Below 4.0°C","REMIND-MAgPIE 1.7-3.0","CD-LINKS_NPi","26.81052440268982","63.61811293321591","7.463126843657817","-1.99340677885219","2.04214925","3.563300869760543","3.563300869760543","2.04214925",,"medium","ok","ok","ok"
"833","CD-LINKS-NPi","REMIND-MAgPIE 1.7-3.0","Final Energy|Residential and Commercial|Electricity","EJ/yr","[object Object]",2025,8.0809,"3.563300869760543","3.563300869760543","2100","4636.6441039","GW8","failed","medium","ok",,"high","medium",,"ok","true","C7","C7: Below 4.0°C","REMIND-MAgPIE 1.7-3.0","CD-LINKS_NPi","26.81052440268982","63.61811293321591","7.463126843657817","-1.99340677885219","2.04214925","3.563300869760543","3.563300869760543","2.04214925",,"medium","ok","ok","ok"
"833","CD-LINKS-NPi","REMIND-MAgPIE 1.7-3.0","Final Energy|Residential and Commercial|Electricity","EJ/yr","[object Object]",2030,9.0568,"3.563300869760543","3.563300869760543","2100","4636.6441039","GW8","failed","medium","ok",,"high","medium",,"ok","true","C7","C7: Below 4.0°C","REMIND-MAgPIE 1.7-3.0","CD-LINKS_NPi","26.81052440268982","63.61811293321591","7.463126843657817","-1.99340677885219","2.04214925","3.563300869760543","3.563300869760543","2.04214925",,"medium","ok","ok","ok"
"833","CD-LINKS-NPi","REMIND-MAgPIE 1.7-3.0","Final Energy|Residential and Commercial|Electricity","EJ/yr","[object Object]",2035,9.8254,"3.563300869760543","3.563300869760543","2100","4636.6441039","GW8","failed","medium","ok",,"high","medium",,"ok","true","C7","C7: Below 4.0°C","REMIND-MAgPIE 1.7-3.0","CD-LINKS_NPi","26.81052440268982","63.61811293321591","7.463126843657817","-1.99340677885219","2.04214925","3.563300869760543","3.563300869760543","2.04214925",,"medium","ok","ok","ok"
"833","CD-LINKS-NPi","REMIND-MAgPIE 1.7-3.0","Final Energy|Residential and Commercial|Electricity","EJ/yr","[object Object]",2040,10.5891,"3.563300869760543","3.563300869760543","2100","4636.6441039","GW8","failed","medium","ok",,"high","medium",,"ok","true","C7","C7: Below 4.0°C","REMIND-MAgPIE 1.7-3.0","CD-LINKS_NPi","26.81052440268982","63.61811293321591","7.463126843657817","-1.99340677885219","2.04214925","3.563300869760543","3.563300869760543","2.04214925",,"medium","ok","ok","ok"
"833","CD-LINKS-NPi","REMIND-MAgPIE 1.7-3.0","Final Energy|Residential and Commercial|Electricity","EJ/yr","[object Object]",2045,11.4277,"3.563300869760543","3.563300869760543","2100","4636.6441039","GW8","failed","medium","ok",,"high","medium",,"ok","true","C7","C7: Below 4.0°C","REMIND-MAgPIE 1.7-3.0","CD-LINKS_NPi","26.81052440268982","63.61811293321591","7.463126843657817","-1.99340677885219","2.04214925","3.563300869760543","3.563300869760543","2.04214925",,"medium","ok","ok","ok"
"833","CD-LINKS-NPi","REMIND-MAgPIE 1.7-3.0","Final Energy|Residential and Commercial|Electricity","EJ/yr","[object Object]",2050,12.0603,"3.563300869760543","3.563300869760543","2100","4636.6441039","GW8","failed","medium","ok",,"high","medium",,"ok","true","C7","C7: Below 4.0°C","REMIND-MAgPIE 1.7-3.0","CD-LINKS_NPi","26.81052440268982","63.61811293321591","7.463126843657817","-1.99340677885219","2.04214925","3.563300869760543","3.563300869760543","2.04214925",,"medium","ok","ok","ok"
"833","CD-LINKS-NPi","REMIND-MAgPIE 1.7-3.0","Final Energy|Residential and Commercial|Electricity","EJ/yr","[object Object]",2055,12.5951,"3.563300869760543","3.563300869760543","2100","4636.6441039","GW8","failed","medium","ok",,"high","medium",,"ok","true","C7","C7: Below 4.0°C","REMIND-MAgPIE 1.7-3.0","CD-LINKS_NPi","26.81052440268982","63.61811293321591","7.463126843657817","-1.99340677885219","2.04214925","3.563300869760543","3.563300869760543","2.04214925",,"medium","ok","ok","ok"
"833","CD-LINKS-NPi","REMIND-MAgPIE 1.7-3.0","Final Energy|Residential and Commercial|Electricity","EJ/yr","[object Object]",2060,13.1353,"3.563300869760543","3.563300869760543","2100","4636.6441039","GW8","failed","medium","ok",,"high","medium",,"ok","true","C7","C7: Below 4.0°C","REMIND-MAgPIE 1.7-3.0","CD-LINKS_NPi","26.81052440268982","63.61811293321591","7.463126843657817","-1.99340677885219","2.04214925","3.563300869760543","3.563300869760543","2.04214925",,"medium","ok","ok","ok"
"833","CD-LINKS-NPi","REMIND-MAgPIE 1.7-3.0","Final Energy|Residential and Commercial|Electricity","EJ/yr","[object Object]",2070,14.3511,"3.563300869760543","3.563300869760543","2100","4636.6441039","GW8","failed","medium","ok",,"high","medium",,"ok","true","C7","C7: Below 4.0°C","REMIND-MAgPIE 1.7-3.0","CD-LINKS_NPi","26.81052440268982","63.61811293321591","7.463126843657817","-1.99340677885219","2.04214925","3.563300869760543","3.563300869760543","2.04214925",,"medium","ok","ok","ok"
"833","CD-LINKS-NPi","REMIND-MAgPIE 1.7-3.0","Final Energy|Residential and Commercial|Electricity","EJ/yr","[object Object]",2080,15.6278,"3.563300869760543","3.563300869760543","2100","4636.6441039","GW8","failed","medium","ok",,"high","medium",,"ok","true","C7","C7: Below 4.0°C","REMIND-MAgPIE 1.7-3.0","CD-LINKS_NPi","26.81052440268982","63.61811293321591","7.463126843657817","-1.99340677885219","2.04214925","3.563300869760543","3.563300869760543","2.04214925",,"medium","ok","ok","ok"
"833","CD-LINKS-NPi","REMIND-MAgPIE 1.7-3.0","Final Energy|Residential and Commercial|Electricity","EJ/yr","[object Object]",2090,16.5859,"3.563300869760543","3.563300869760543","2100","4636.6441039","GW8","failed","medium","ok",,"high","medium",,"ok","true","C7","C7: Below 4.0°C","REMIND-MAgPIE 1.7-3.0","CD-LINKS_NPi","26.81052440268982","63.61811293321591","7.463126843657817","-1.99340677885219","2.04214925","3.563300869760543","3.563300869760543","2.04214925",,"medium","ok","ok","ok"
"833","CD-LINKS-NPi","REMIND-MAgPIE 1.7-3.0","Final Energy|Residential and Commercial|Electricity","EJ/yr","[object Object]",2100,17.4132,"3.563300869760543","3.563300869760543","2100","4636.6441039","GW8","failed","medium","ok",,"high","medium",,"ok","true","C7","C7: Below 4.0°C","REMIND-MAgPIE 1.7-3.0","CD-LINKS_NPi","26.81052440268982","63.61811293321591","7.463126843657817","-1.99340677885219","2.04214925","3.563300869760543","3.563300869760543","2.04214925",,"medium","ok","ok","ok"
"837","CD-LINKS-No-Policy","REMIND-MAgPIE 1.7-3.0","Final Energy|Residential and Commercial|Electricity","EJ/yr","[object Object]",2010,6.0979,"3.964412482134966","3.964412482134966","2100","5088.562206250001","GW8","ok","ok","ok",,"high","high",,"ok","true","C7","C7: Below 4.0°C","REMIND-MAgPIE 1.7-3.0","CD-LINKS_NoPolicy","20.015162414775993","71.0471494272766","7.275892664568382","-2.4848136355909105","0","3.964412482134966","3.964412482134966","0","0.002630175","medium","ok","ok","ok"
"837","CD-LINKS-No-Policy","REMIND-MAgPIE 1.7-3.0","Final Energy|Residential and Commercial|Electricity","EJ/yr","[object Object]",2015,6.4205,"3.964412482134966","3.964412482134966","2100","5088.562206250001","GW8","ok","ok","ok",,"high","high",,"ok","true","C7","C7: Below 4.0°C","REMIND-MAgPIE 1.7-3.0","CD-LINKS_NoPolicy","20.015162414775993","71.0471494272766","7.275892664568382","-2.4848136355909105","0","3.964412482134966","3.964412482134966","0","0.002630175","medium","ok","ok","ok"
"837","CD-LINKS-No-Policy","REMIND-MAgPIE 1.7-3.0","Final Energy|Residential and Commercial|Electricity","EJ/yr","[object Object]",2020,7.315,"3.964412482134966","3.964412482134966","2100","5088.562206250001","GW8","ok","ok","ok",,"high","high",,"ok","true","C7","C7: Below 4.0°C","REMIND-MAgPIE 1.7-3.0","CD-LINKS_NoPolicy","20.015162414775993","71.0471494272766","7.275892664568382","-2.4848136355909105","0","3.964412482134966","3.964412482134966","0","0.002630175","medium","ok","ok","ok"
"837","CD-LINKS-No-Policy","REMIND-MAgPIE 1.7-3.0","Final Energy|Residential and Commercial|Electricity","EJ/yr","[object Object]",2025,8.1017,"3.964412482134966","3.964412482134966","2100","5088.562206250001","GW8","ok","ok","ok",,"high","high",,"ok","true","C7","C7: Below 4.0°C","REMIND-MAgPIE 1.7-3.0","CD-LINKS_NoPolicy","20.015162414775993","71.0471494272766","7.275892664568382","-2.4848136355909105","0","3.964412482134966","3.964412482134966","0","0.002630175","medium","ok","ok","ok"
"837","CD-LINKS-No-Policy","REMIND-MAgPIE 1.7-3.0","Final Energy|Residential and Commercial|Electricity","EJ/yr","[object Object]",2030,9.0528,"3.964412482134966","3.964412482134966","2100","5088.562206250001","GW8","ok","ok","ok",,"high","high",,"ok","true","C7","C7: Below 4.0°C","REMIND-MAgPIE 1.7-3.0","CD-LINKS_NoPolicy","20.015162414775993","71.0471494272766","7.275892664568382","-2.4848136355909105","0","3.964412482134966","3.964412482134966","0","0.002630175","medium","ok","ok","ok"
"837","CD-LINKS-No-Policy","REMIND-MAgPIE 1.7-3.0","Final Energy|Residential and Commercial|Electricity","EJ/yr","[object Object]",2035,9.6854,"3.964412482134966","3.964412482134966","2100","5088.562206250001","GW8","ok","ok","ok",,"high","high",,"ok","true","C7","C7: Below 4.0°C","REMIND-MAgPIE 1.7-3.0","CD-LINKS_NoPolicy","20.015162414775993","71.0471494272766","7.275892664568382","-2.4848136355909105","0","3.964412482134966","3.964412482134966","0","0.002630175","medium","ok","ok","ok"
"837","CD-LINKS-No-Policy","REMIND-MAgPIE 1.7-3.0","Final Energy|Residential and Commercial|Electricity","EJ/yr","[object Object]",2040,10.3377,"3.964412482134966","3.964412482134966","2100","5088.562206250001","GW8","ok","ok","ok",,"high","high",,"ok","true","C7","C7: Below 4.0°C","REMIND-MAgPIE 1.7-3.0","CD-LINKS_NoPolicy","20.015162414775993","71.0471494272766","7.275892664568382","-2.4848136355909105","0","3.964412482134966","3.964412482134966","0","0.002630175","medium","ok","ok","ok"
"837","CD-LINKS-No-Policy","REMIND-MAgPIE 1.7-3.0","Final Energy|Residential and Commercial|Electricity","EJ/yr","[object Object]",2045,11.1301,"3.964412482134966","3.964412482134966","2100","5088.562206250001","GW8","ok","ok","ok",,"high","high",,"ok","true","C7","C7: Below 4.0°C","REMIND-MAgPIE 1.7-3.0","CD-LINKS_NoPolicy","20.015162414775993","71.0471494272766","7.275892664568382","-2.4848136355909105","0","3.964412482134966","3.964412482134966","0","0.002630175","medium","ok","ok","ok"
"837","CD-LINKS-No-Policy","REMIND-MAgPIE 1.7-3.0","Final Energy|Residential and Commercial|Electricity","EJ/yr","[object Object]",2050,11.8962,"3.964412482134966","3.964412482134966","2100","5088.562206250001","GW8","ok","ok","ok",,"high","high",,"ok","true","C7","C7: Below 4.0°C","REMIND-MAgPIE 1.7-3.0","CD-LINKS_NoPolicy","20.015162414775993","71.0471494272766","7.275892664568382","-2.4848136355909105","0","3.964412482134966","3.964412482134966","0","0.002630175","medium","ok","ok","ok"
"837","CD-LINKS-No-Policy","REMIND-MAgPIE 1.7-3.0","Final Energy|Residential and Commercial|Electricity","EJ/yr","[object Object]",2055,12.6982,"3.964412482134966","3.964412482134966","2100","5088.562206250001","GW8","ok","ok","ok",,"high","high",,"ok","true","C7","C7: Below 4.0°C","REMIND-MAgPIE 1.7-3.0","CD-LINKS_NoPolicy","20.015162414775993","71.0471494272766","7.275892664568382","-2.4848136355909105","0","3.964412482134966","3.964412482134966","0","0.002630175","medium","ok","ok","ok"
"837","CD-LINKS-No-Policy","REMIND-MAgPIE 1.7-3.0","Final Energy|Residential and Commercial|Electricity","EJ/yr","[object Object]",2060,13.2038,"3.964412482134966","3.964412482134966","2100","5088.562206250001","GW8","ok","ok","ok",,"high","high",,"ok","true","C7","C7: Below 4.0°C","REMIND-MAgPIE 1.7-3.0","CD-LINKS_NoPolicy","20.015162414775993","71.0471494272766","7.275892664568382","-2.4848136355909105","0","3.964412482134966","3.964412482134966","0","0.002630175","medium","ok","ok","ok"
"837","CD-LINKS-No-Policy","REMIND-MAgPIE 1.7-3.0","Final Energy|Residential and Commercial|Electricity","EJ/yr","[object Object]",2070,14.2896,"3.964412482134966","3.964412482134966","2100","5088.562206250001","GW8","ok","ok","ok",,"high","high",,"ok","true","C7","C7: Below 4.0°C","REMIND-MAgPIE 1.7-3.0","CD-LINKS_NoPolicy","20.015162414775993","71.0471494272766","7.275892664568382","-2.4848136355909105","0","3.964412482134966","3.964412482134966","0","0.002630175","medium","ok","ok","ok"
"837","CD-LINKS-No-Policy","REMIND-MAgPIE 1.7-3.0","Final Energy|Residential and Commercial|Electricity","EJ/yr","[object Object]",2080,15.541,"3.964412482134966","3.964412482134966","2100","5088.562206250001","GW8","ok","ok","ok",,"high","high",,"ok","true","C7","C7: Below 4.0°C","REMIND-MAgPIE 1.7-3.0","CD-LINKS_NoPolicy","20.015162414775993","71.0471494272766","7.275892664568382","-2.4848136355909105","0","3.964412482134966","3.964412482134966","0","0.002630175","medium","ok","ok","ok"
"837","CD-LINKS-No-Policy","REMIND-MAgPIE 1.7-3.0","Final Energy|Residential and Commercial|Electricity","EJ/yr","[object Object]",2090,16.4242,"3.964412482134966","3.964412482134966","2100","5088.562206250001","GW8","ok","ok","ok",,"high","high",,"ok","true","C7","C7: Below 4.0°C","REMIND-MAgPIE 1.7-3.0","CD-LINKS_NoPolicy","20.015162414775993","71.0471494272766","7.275892664568382","-2.4848136355909105","0","3.964412482134966","3.964412482134966","0","0.002630175","medium","ok","ok","ok"
"837","CD-LINKS-No-Policy","REMIND-MAgPIE 1.7-3.0","Final Energy|Residential and Commercial|Electricity","EJ/yr","[object Object]",2100,17.0495,"3.964412482134966","3.964412482134966","2100","5088.562206250001","GW8","ok","ok","ok",,"high","high",,"ok","true","C7","C7: Below 4.0°C","REMIND-MAgPIE 1.7-3.0","CD-LINKS_NoPolicy","20.015162414775993","71.0471494272766","7.275892664568382","-2.4848136355909105","0","3.964412482134966","3.964412482134966","0","0.002630175","medium","ok","ok","ok"
"859","CEMICS-NPI","REMIND 2.1","Final Energy|Residential and Commercial|Electricity","EJ/yr","[object Object]",2010,6.2317,"3.526182621788664","3.526182621788664","2100","4077.06497485","GW8","failed","medium","medium",,"medium","medium",,"ok","true","C7","C7: Below 4.0°C","REMIND 2.1","CEMICS_NPI","23.4213025625361","61.61637972652472","14.634386120137421",,"31.75982255","3.526182621788664","3.526182621788664","31.75982255",,"medium","ok","ok","ok"
"859","CEMICS-NPI","REMIND 2.1","Final Energy|Residential and Commercial|Electricity","EJ/yr","[object Object]",2015,5.8439,"3.526182621788664","3.526182621788664","2100","4077.06497485","GW8","failed","medium","medium",,"medium","medium",,"ok","true","C7","C7: Below 4.0°C","REMIND 2.1","CEMICS_NPI","23.4213025625361","61.61637972652472","14.634386120137421",,"31.75982255","3.526182621788664","3.526182621788664","31.75982255",,"medium","ok","ok","ok"
"859","CEMICS-NPI","REMIND 2.1","Final Energy|Residential and Commercial|Electricity","EJ/yr","[object Object]",2020,6.4569,"3.526182621788664","3.526182621788664","2100","4077.06497485","GW8","failed","medium","medium",,"medium","medium",,"ok","true","C7","C7: Below 4.0°C","REMIND 2.1","CEMICS_NPI","23.4213025625361","61.61637972652472","14.634386120137421",,"31.75982255","3.526182621788664","3.526182621788664","31.75982255",,"medium","ok","ok","ok"
"859","CEMICS-NPI","REMIND 2.1","Final Energy|Residential and Commercial|Electricity","EJ/yr","[object Object]",2025,6.9735,"3.526182621788664","3.526182621788664","2100","4077.06497485","GW8","failed","medium","medium",,"medium","medium",,"ok","true","C7","C7: Below 4.0°C","REMIND 2.1","CEMICS_NPI","23.4213025625361","61.61637972652472","14.634386120137421",,"31.75982255","3.526182621788664","3.526182621788664","31.75982255",,"medium","ok","ok","ok"
"859","CEMICS-NPI","REMIND 2.1","Final Energy|Residential and Commercial|Electricity","EJ/yr","[object Object]",2030,7.4813,"3.526182621788664","3.526182621788664","2100","4077.06497485","GW8","failed","medium","medium",,"medium","medium",,"ok","true","C7","C7: Below 4.0°C","REMIND 2.1","CEMICS_NPI","23.4213025625361","61.61637972652472","14.634386120137421",,"31.75982255","3.526182621788664","3.526182621788664","31.75982255",,"medium","ok","ok","ok"
"859","CEMICS-NPI","REMIND 2.1","Final Energy|Residential and Commercial|Electricity","EJ/yr","[object Object]",2035,7.7989,"3.526182621788664","3.526182621788664","2100","4077.06497485","GW8","failed","medium","medium",,"medium","medium",,"ok","true","C7","C7: Below 4.0°C","REMIND 2.1","CEMICS_NPI","23.4213025625361","61.61637972652472","14.634386120137421",,"31.75982255","3.526182621788664","3.526182621788664","31.75982255",,"medium","ok","ok","ok"
"859","CEMICS-NPI","REMIND 2.1","Final Energy|Residential and Commercial|Electricity","EJ/yr","[object Object]",2040,7.7341,"3.526182621788664","3.526182621788664","2100","4077.06497485","GW8","failed","medium","medium",,"medium","medium",,"ok","true","C7","C7: Below 4.0°C","REMIND 2.1","CEMICS_NPI","23.4213025625361","61.61637972652472","14.634386120137421",,"31.75982255","3.526182621788664","3.526182621788664","31.75982255",,"medium","ok","ok","ok"
"859","CEMICS-NPI","REMIND 2.1","Final Energy|Residential and Commercial|Electricity","EJ/yr","[object Object]",2045,7.7646,"3.526182621788664","3.526182621788664","2100","4077.06497485","GW8","failed","medium","medium",,"medium","medium",,"ok","true","C7","C7: Below 4.0°C","REMIND 2.1","CEMICS_NPI","23.4213025625361","61.61637972652472","14.634386120137421",,"31.75982255","3.526182621788664","3.526182621788664","31.75982255",,"medium","ok","ok","ok"
"859","CEMICS-NPI","REMIND 2.1","Final Energy|Residential and Commercial|Electricity","EJ/yr","[object Object]",2050,7.8693,"3.526182621788664","3.526182621788664","2100","4077.06497485","GW8","failed","medium","medium",,"medium","medium",,"ok","true","C7","C7: Below 4.0°C","REMIND 2.1","CEMICS_NPI","23.4213025625361","61.61637972652472","14.634386120137421",,"31.75982255","3.526182621788664","3.526182621788664","31.75982255",,"medium","ok","ok","ok"
"859","CEMICS-NPI","REMIND 2.1","Final Energy|Residential and Commercial|Electricity","EJ/yr","[object Object]",2055,7.9719,"3.526182621788664","3.526182621788664","2100","4077.06497485","GW8","failed","medium","medium",,"medium","medium",,"ok","true","C7","C7: Below 4.0°C","REMIND 2.1","CEMICS_NPI","23.4213025625361","61.61637972652472","14.634386120137421",,"31.75982255","3.526182621788664","3.526182621788664","31.75982255",,"medium","ok","ok","ok"
"859","CEMICS-NPI","REMIND 2.1","Final Energy|Residential and Commercial|Electricity","EJ/yr","[object Object]",2060,8.1241,"3.526182621788664","3.526182621788664","2100","4077.06497485","GW8","failed","medium","medium",,"medium","medium",,"ok","true","C7","C7: Below 4.0°C","REMIND 2.1","CEMICS_NPI","23.4213025625361","61.61637972652472","14.634386120137421",,"31.75982255","3.526182621788664","3.526182621788664","31.75982255",,"medium","ok","ok","ok"
"859","CEMICS-NPI","REMIND 2.1","Final Energy|Residential and Commercial|Electricity","EJ/yr","[object Object]",2070,8.7554,"3.526182621788664","3.526182621788664","2100","4077.06497485","GW8","failed","medium","medium",,"medium","medium",,"ok","true","C7","C7: Below 4.0°C","REMIND 2.1","CEMICS_NPI","23.4213025625361","61.61637972652472","14.634386120137421",,"31.75982255","3.526182621788664","3.526182621788664","31.75982255",,"medium","ok","ok","ok"
"859","CEMICS-NPI","REMIND 2.1","Final Energy|Residential and Commercial|Electricity","EJ/yr","[object Object]",2080,9.4218,"3.526182621788664","3.526182621788664","2100","4077.06497485","GW8","failed","medium","medium",,"medium","medium",,"ok","true","C7","C7: Below 4.0°C","REMIND 2.1","CEMICS_NPI","23.4213025625361","61.61637972652472","14.634386120137421",,"31.75982255","3.526182621788664","3.526182621788664","31.75982255",,"medium","ok","ok","ok"
"859","CEMICS-NPI","REMIND 2.1","Final Energy|Residential and Commercial|Electricity","EJ/yr","[object Object]",2090,9.909,"3.526182621788664","3.526182621788664","2100","4077.06497485","GW8","failed","medium","medium",,"medium","medium",,"ok","true","C7","C7: Below 4.0°C","REMIND 2.1","CEMICS_NPI","23.4213025625361","61.61637972652472","14.634386120137421",,"31.75982255","3.526182621788664","3.526182621788664","31.75982255",,"medium","ok","ok","ok"
"859","CEMICS-NPI","REMIND 2.1","Final Energy|Residential and Commercial|Electricity","EJ/yr","[object Object]",2100,10.3309,"3.526182621788664","3.526182621788664","2100","4077.06497485","GW8","failed","medium","medium",,"medium","medium",,"ok","true","C7","C7: Below 4.0°C","REMIND 2.1","CEMICS_NPI","23.4213025625361","61.61637972652472","14.634386120137421",,"31.75982255","3.526182621788664","3.526182621788664","31.75982255",,"medium","ok","ok","ok"
"869","CEMICS-SSP2-Npi","REMIND-MAgPIE 2.1-4.2","Final Energy|Residential and Commercial|Electricity","EJ/yr","[object Object]",2010,6.2315,"3.529298639178679","3.529298639178679","2100","4094.7399719999994","GW8","failed","medium","medium",,"medium","medium",,"ok","true","C7","C7: Below 4.0°C","REMIND-MAgPIE 2.1-4.2","CEMICS_SSP2-Npi","23.631503526370164","61.476708066363464","14.621851392569802","-3.5656835462053067","9.887051350000002","3.529298639178679","3.529298639178679","9.887051350000002",,"medium","ok","ok","ok"
"869","CEMICS-SSP2-Npi","REMIND-MAgPIE 2.1-4.2","Final Energy|Residential and Commercial|Electricity","EJ/yr","[object Object]",2015,5.8541,"3.529298639178679","3.529298639178679","2100","4094.7399719999994","GW8","failed","medium","medium",,"medium","medium",,"ok","true","C7","C7: Below 4.0°C","REMIND-MAgPIE 2.1-4.2","CEMICS_SSP2-Npi","23.631503526370164","61.476708066363464","14.621851392569802","-3.5656835462053067","9.887051350000002","3.529298639178679","3.529298639178679","9.887051350000002",,"medium","ok","ok","ok"
"869","CEMICS-SSP2-Npi","REMIND-MAgPIE 2.1-4.2","Final Energy|Residential and Commercial|Electricity","EJ/yr","[object Object]",2020,6.4594,"3.529298639178679","3.529298639178679","2100","4094.7399719999994","GW8","failed","medium","medium",,"medium","medium",,"ok","true","C7","C7: Below 4.0°C","REMIND-MAgPIE 2.1-4.2","CEMICS_SSP2-Npi","23.631503526370164","61.476708066363464","14.621851392569802","-3.5656835462053067","9.887051350000002","3.529298639178679","3.529298639178679","9.887051350000002",,"medium","ok","ok","ok"
"869","CEMICS-SSP2-Npi","REMIND-MAgPIE 2.1-4.2","Final Energy|Residential and Commercial|Electricity","EJ/yr","[object Object]",2025,6.9771,"3.529298639178679","3.529298639178679","2100","4094.7399719999994","GW8","failed","medium","medium",,"medium","medium",,"ok","true","C7","C7: Below 4.0°C","REMIND-MAgPIE 2.1-4.2","CEMICS_SSP2-Npi","23.631503526370164","61.476708066363464","14.621851392569802","-3.5656835462053067","9.887051350000002","3.529298639178679","3.529298639178679","9.887051350000002",,"medium","ok","ok","ok"
"869","CEMICS-SSP2-Npi","REMIND-MAgPIE 2.1-4.2","Final Energy|Residential and Commercial|Electricity","EJ/yr","[object Object]",2030,7.4984,"3.529298639178679","3.529298639178679","2100","4094.7399719999994","GW8","failed","medium","medium",,"medium","medium",,"ok","true","C7","C7: Below 4.0°C","REMIND-MAgPIE 2.1-4.2","CEMICS_SSP2-Npi","23.631503526370164","61.476708066363464","14.621851392569802","-3.5656835462053067","9.887051350000002","3.529298639178679","3.529298639178679","9.887051350000002",,"medium","ok","ok","ok"
"869","CEMICS-SSP2-Npi","REMIND-MAgPIE 2.1-4.2","Final Energy|Residential and Commercial|Electricity","EJ/yr","[object Object]",2035,7.8239,"3.529298639178679","3.529298639178679","2100","4094.7399719999994","GW8","failed","medium","medium",,"medium","medium",,"ok","true","C7","C7: Below 4.0°C","REMIND-MAgPIE 2.1-4.2","CEMICS_SSP2-Npi","23.631503526370164","61.476708066363464","14.621851392569802","-3.5656835462053067","9.887051350000002","3.529298639178679","3.529298639178679","9.887051350000002",,"medium","ok","ok","ok"
"869","CEMICS-SSP2-Npi","REMIND-MAgPIE 2.1-4.2","Final Energy|Residential and Commercial|Electricity","EJ/yr","[object Object]",2040,7.7567,"3.529298639178679","3.529298639178679","2100","4094.7399719999994","GW8","failed","medium","medium",,"medium","medium",,"ok","true","C7","C7: Below 4.0°C","REMIND-MAgPIE 2.1-4.2","CEMICS_SSP2-Npi","23.631503526370164","61.476708066363464","14.621851392569802","-3.5656835462053067","9.887051350000002","3.529298639178679","3.529298639178679","9.887051350000002",,"medium","ok","ok","ok"
"869","CEMICS-SSP2-Npi","REMIND-MAgPIE 2.1-4.2","Final Energy|Residential and Commercial|Electricity","EJ/yr","[object Object]",2045,7.7771,"3.529298639178679","3.529298639178679","2100","4094.7399719999994","GW8","failed","medium","medium",,"medium","medium",,"ok","true","C7","C7: Below 4.0°C","REMIND-MAgPIE 2.1-4.2","CEMICS_SSP2-Npi","23.631503526370164","61.476708066363464","14.621851392569802","-3.5656835462053067","9.887051350000002","3.529298639178679","3.529298639178679","9.887051350000002",,"medium","ok","ok","ok"
"869","CEMICS-SSP2-Npi","REMIND-MAgPIE 2.1-4.2","Final Energy|Residential and Commercial|Electricity","EJ/yr","[object Object]",2050,7.8816,"3.529298639178679","3.529298639178679","2100","4094.7399719999994","GW8","failed","medium","medium",,"medium","medium",,"ok","true","C7","C7: Below 4.0°C","REMIND-MAgPIE 2.1-4.2","CEMICS_SSP2-Npi","23.631503526370164","61.476708066363464","14.621851392569802","-3.5656835462053067","9.887051350000002","3.529298639178679","3.529298639178679","9.887051350000002",,"medium","ok","ok","ok"
"869","CEMICS-SSP2-Npi","REMIND-MAgPIE 2.1-4.2","Final Energy|Residential and Commercial|Electricity","EJ/yr","[object Object]",2055,7.9773,"3.529298639178679","3.529298639178679","2100","4094.7399719999994","GW8","failed","medium","medium",,"medium","medium",,"ok","true","C7","C7: Below 4.0°C","REMIND-MAgPIE 2.1-4.2","CEMICS_SSP2-Npi","23.631503526370164","61.476708066363464","14.621851392569802","-3.5656835462053067","9.887051350000002","3.529298639178679","3.529298639178679","9.887051350000002",,"medium","ok","ok","ok"
"869","CEMICS-SSP2-Npi","REMIND-MAgPIE 2.1-4.2","Final Energy|Residential and Commercial|Electricity","EJ/yr","[object Object]",2060,8.1197,"3.529298639178679","3.529298639178679","2100","4094.7399719999994","GW8","failed","medium","medium",,"medium","medium",,"ok","true","C7","C7: Below 4.0°C","REMIND-MAgPIE 2.1-4.2","CEMICS_SSP2-Npi","23.631503526370164","61.476708066363464","14.621851392569802","-3.5656835462053067","9.887051350000002","3.529298639178679","3.529298639178679","9.887051350000002",,"medium","ok","ok","ok"
"869","CEMICS-SSP2-Npi","REMIND-MAgPIE 2.1-4.2","Final Energy|Residential and Commercial|Electricity","EJ/yr","[object Object]",2070,8.7423,"3.529298639178679","3.529298639178679","2100","4094.7399719999994","GW8","failed","medium","medium",,"medium","medium",,"ok","true","C7","C7: Below 4.0°C","REMIND-MAgPIE 2.1-4.2","CEMICS_SSP2-Npi","23.631503526370164","61.476708066363464","14.621851392569802","-3.5656835462053067","9.887051350000002","3.529298639178679","3.529298639178679","9.887051350000002",,"medium","ok","ok","ok"
"869","CEMICS-SSP2-Npi","REMIND-MAgPIE 2.1-4.2","Final Energy|Residential and Commercial|Electricity","EJ/yr","[object Object]",2080,9.4003,"3.529298639178679","3.529298639178679","2100","4094.7399719999994","GW8","failed","medium","medium",,"medium","medium",,"ok","true","C7","C7: Below 4.0°C","REMIND-MAgPIE 2.1-4.2","CEMICS_SSP2-Npi","23.631503526370164","61.476708066363464","14.621851392569802","-3.5656835462053067","9.887051350000002","3.529298639178679","3.529298639178679","9.887051350000002",,"medium","ok","ok","ok"
"869","CEMICS-SSP2-Npi","REMIND-MAgPIE 2.1-4.2","Final Energy|Residential and Commercial|Electricity","EJ/yr","[object Object]",2090,9.9079,"3.529298639178679","3.529298639178679","2100","4094.7399719999994","GW8","failed","medium","medium",,"medium","medium",,"ok","true","C7","C7: Below 4.0°C","REMIND-MAgPIE 2.1-4.2","CEMICS_SSP2-Npi","23.631503526370164","61.476708066363464","14.621851392569802","-3.5656835462053067","9.887051350000002","3.529298639178679","3.529298639178679","9.887051350000002",,"medium","ok","ok","ok"
"869","CEMICS-SSP2-Npi","REMIND-MAgPIE 2.1-4.2","Final Energy|Residential and Commercial|Electricity","EJ/yr","[object Object]",2100,10.3663,"3.529298639178679","3.529298639178679","2100","4094.7399719999994","GW8","failed","medium","medium",,"medium","medium",,"ok","true","C7","C7: Below 4.0°C","REMIND-MAgPIE 2.1-4.2","CEMICS_SSP2-Npi","23.631503526370164","61.476708066363464","14.621851392569802","-3.5656835462053067","9.887051350000002","3.529298639178679","3.529298639178679","9.887051350000002",,"medium","ok","ok","ok"
"881","COMMIT-Baseline","IMAGE 3.0","Final Energy|Residential and Commercial|Electricity","EJ/yr","[object Object]",2010,0.311361694335937,"3.732931052663886","3.732931052663886","2100","4613.827233329595","GW8","failed","ok","high","high","high","high",,"medium","true","C7","C7: Below 4.0°C","IMAGE 3.0","CO_BAU","5.287512580385925","86.94266987580718","7.673312105759619","-2.7766617377113363","0","3.732931052663886","3.732931052663886","0",,"medium","ok","ok","ok"
"881","COMMIT-Baseline","IMAGE 3.0","Final Energy|Residential and Commercial|Electricity","EJ/yr","[object Object]",2015,0.390189498901367,"3.732931052663886","3.732931052663886","2100","4613.827233329595","GW8","failed","ok","high","high","high","high",,"medium","true","C7","C7: Below 4.0°C","IMAGE 3.0","CO_BAU","5.287512580385925","86.94266987580718","7.673312105759619","-2.7766617377113363","0","3.732931052663886","3.732931052663886","0",,"medium","ok","ok","ok"
"881","COMMIT-Baseline","IMAGE 3.0","Final Energy|Residential and Commercial|Electricity","EJ/yr","[object Object]",2020,0.4993485870361321,"3.732931052663886","3.732931052663886","2100","4613.827233329595","GW8","failed","ok","high","high","high","high",,"medium","true","C7","C7: Below 4.0°C","IMAGE 3.0","CO_BAU","5.287512580385925","86.94266987580718","7.673312105759619","-2.7766617377113363","0","3.732931052663886","3.732931052663886","0",,"medium","ok","ok","ok"
"881","COMMIT-Baseline","IMAGE 3.0","Final Energy|Residential and Commercial|Electricity","EJ/yr","[object Object]",2025,0.60476870727539,"3.732931052663886","3.732931052663886","2100","4613.827233329595","GW8","failed","ok","high","high","high","high",,"medium","true","C7","C7: Below 4.0°C","IMAGE 3.0","CO_BAU","5.287512580385925","86.94266987580718","7.673312105759619","-2.7766617377113363","0","3.732931052663886","3.732931052663886","0",,"medium","ok","ok","ok"
"881","COMMIT-Baseline","IMAGE 3.0","Final Energy|Residential and Commercial|Electricity","EJ/yr","[object Object]",2030,0.6941469116210931,"3.732931052663886","3.732931052663886","2100","4613.827233329595","GW8","failed","ok","high","high","high","high",,"medium","true","C7","C7: Below 4.0°C","IMAGE 3.0","CO_BAU","5.287512580385925","86.94266987580718","7.673312105759619","-2.7766617377113363","0","3.732931052663886","3.732931052663886","0",,"medium","ok","ok","ok"
"881","COMMIT-Baseline","IMAGE 3.0","Final Energy|Residential and Commercial|Electricity","EJ/yr","[object Object]",2035,0.7757065124511711,"3.732931052663886","3.732931052663886","2100","4613.827233329595","GW8","failed","ok","high","high","high","high",,"medium","true","C7","C7: Below 4.0°C","IMAGE 3.0","CO_BAU","5.287512580385925","86.94266987580718","7.673312105759619","-2.7766617377113363","0","3.732931052663886","3.732931052663886","0",,"medium","ok","ok","ok"
"881","COMMIT-Baseline","IMAGE 3.0","Final Energy|Residential and Commercial|Electricity","EJ/yr","[object Object]",2040,0.84101040649414,"3.732931052663886","3.732931052663886","2100","4613.827233329595","GW8","failed","ok","high","high","high","high",,"medium","true","C7","C7: Below 4.0°C","IMAGE 3.0","CO_BAU","5.287512580385925","86.94266987580718","7.673312105759619","-2.7766617377113363","0","3.732931052663886","3.732931052663886","0",,"medium","ok","ok","ok"
"881","COMMIT-Baseline","IMAGE 3.0","Final Energy|Residential and Commercial|Electricity","EJ/yr","[object Object]",2045,0.8934898986816401,"3.732931052663886","3.732931052663886","2100","4613.827233329595","GW8","failed","ok","high","high","high","high",,"medium","true","C7","C7: Below 4.0°C","IMAGE 3.0","CO_BAU","5.287512580385925","86.94266987580718","7.673312105759619","-2.7766617377113363","0","3.732931052663886","3.732931052663886","0",,"medium","ok","ok","ok"
"881","COMMIT-Baseline","IMAGE 3.0","Final Energy|Residential and Commercial|Electricity","EJ/yr","[object Object]",2050,0.9386161804199221,"3.732931052663886","3.732931052663886","2100","4613.827233329595","GW8","failed","ok","high","high","high","high",,"medium","true","C7","C7: Below 4.0°C","IMAGE 3.0","CO_BAU","5.287512580385925","86.94266987580718","7.673312105759619","-2.7766617377113363","0","3.732931052663886","3.732931052663886","0",,"medium","ok","ok","ok"
"881","COMMIT-Baseline","IMAGE 3.0","Final Energy|Residential and Commercial|Electricity","EJ/yr","[object Object]",2060,1.122708312988281,"3.732931052663886","3.732931052663886","2100","4613.827233329595","GW8","failed","ok","high","high","high","high",,"medium","true","C7","C7: Below 4.0°C","IMAGE 3.0","CO_BAU","5.287512580385925","86.94266987580718","7.673312105759619","-2.7766617377113363","0","3.732931052663886","3.732931052663886","0",,"medium","ok","ok","ok"
"881","COMMIT-Baseline","IMAGE 3.0","Final Energy|Residential and Commercial|Electricity","EJ/yr","[object Object]",2070,1.281660095214844,"3.732931052663886","3.732931052663886","2100","4613.827233329595","GW8","failed","ok","high","high","high","high",,"medium","true","C7","C7: Below 4.0°C","IMAGE 3.0","CO_BAU","5.287512580385925","86.94266987580718","7.673312105759619","-2.7766617377113363","0","3.732931052663886","3.732931052663886","0",,"medium","ok","ok","ok"
"881","COMMIT-Baseline","IMAGE 3.0","Final Energy|Residential and Commercial|Electricity","EJ/yr","[object Object]",2080,1.3977001953125,"3.732931052663886","3.732931052663886","2100","4613.827233329595","GW8","failed","ok","high","high","high","high",,"medium","true","C7","C7: Below 4.0°C","IMAGE 3.0","CO_BAU","5.287512580385925","86.94266987580718","7.673312105759619","-2.7766617377113363","0","3.732931052663886","3.732931052663886","0",,"medium","ok","ok","ok"
"881","COMMIT-Baseline","IMAGE 3.0","Final Energy|Residential and Commercial|Electricity","EJ/yr","[object Object]",2090,1.468668670654297,"3.732931052663886","3.732931052663886","2100","4613.827233329595","GW8","failed","ok","high","high","high","high",,"medium","true","C7","C7: Below 4.0°C","IMAGE 3.0","CO_BAU","5.287512580385925","86.94266987580718","7.673312105759619","-2.7766617377113363","0","3.732931052663886","3.732931052663886","0",,"medium","ok","ok","ok"
"881","COMMIT-Baseline","IMAGE 3.0","Final Energy|Residential and Commercial|Electricity","EJ/yr","[object Object]",2100,1.507491943359375,"3.732931052663886","3.732931052663886","2100","4613.827233329595","GW8","failed","ok","high","high","high","high",,"medium","true","C7","C7: Below 4.0°C","IMAGE 3.0","CO_BAU","5.287512580385925","86.94266987580718","7.673312105759619","-2.7766617377113363","0","3.732931052663886","3.732931052663886","0",,"medium","ok","ok","ok"
"883","COMMIT-Current-Policies","IMAGE 3.0","Final Energy|Residential and Commercial|Electricity","EJ/yr","[object Object]",2010,0.311359710693359,"3.622448032791133","3.622448032791133","2100","4467.849413003824","GW8","ok","ok","medium","high","high","high",,"medium","true","C7","C7: Below 4.0°C","IMAGE 3.0","CO_CurPol","5.715474395514331","87.16827552347497","7.587742610756468","-0.96004017732497","6.933623274065391","3.622448032791133","3.622448032791133","6.933623274065391","0.001853923","medium","ok","ok","ok"
"883","COMMIT-Current-Policies","IMAGE 3.0","Final Energy|Residential and Commercial|Electricity","EJ/yr","[object Object]",2015,0.390167388916015,"3.622448032791133","3.622448032791133","2100","4467.849413003824","GW8","ok","ok","medium","high","high","high",,"medium","true","C7","C7: Below 4.0°C","IMAGE 3.0","CO_CurPol","5.715474395514331","87.16827552347497","7.587742610756468","-0.96004017732497","6.933623274065391","3.622448032791133","3.622448032791133","6.933623274065391","0.001853923","medium","ok","ok","ok"
"883","COMMIT-Current-Policies","IMAGE 3.0","Final Energy|Residential and Commercial|Electricity","EJ/yr","[object Object]",2020,0.495566207885742,"3.622448032791133","3.622448032791133","2100","4467.849413003824","GW8","ok","ok","medium","high","high","high",,"medium","true","C7","C7: Below 4.0°C","IMAGE 3.0","CO_CurPol","5.715474395514331","87.16827552347497","7.587742610756468","-0.96004017732497","6.933623274065391","3.622448032791133","3.622448032791133","6.933623274065391","0.001853923","medium","ok","ok","ok"
"883","COMMIT-Current-Policies","IMAGE 3.0","Final Energy|Residential and Commercial|Electricity","EJ/yr","[object Object]",2025,0.590148284912109,"3.622448032791133","3.622448032791133","2100","4467.849413003824","GW8","ok","ok","medium","high","high","high",,"medium","true","C7","C7: Below 4.0°C","IMAGE 3.0","CO_CurPol","5.715474395514331","87.16827552347497","7.587742610756468","-0.96004017732497","6.933623274065391","3.622448032791133","3.622448032791133","6.933623274065391","0.001853923","medium","ok","ok","ok"
"883","COMMIT-Current-Policies","IMAGE 3.0","Final Energy|Residential and Commercial|Electricity","EJ/yr","[object Object]",2030,0.6690360107421871,"3.622448032791133","3.622448032791133","2100","4467.849413003824","GW8","ok","ok","medium","high","high","high",,"medium","true","C7","C7: Below 4.0°C","IMAGE 3.0","CO_CurPol","5.715474395514331","87.16827552347497","7.587742610756468","-0.96004017732497","6.933623274065391","3.622448032791133","3.622448032791133","6.933623274065391","0.001853923","medium","ok","ok","ok"
"883","COMMIT-Current-Policies","IMAGE 3.0","Final Energy|Residential and Commercial|Electricity","EJ/yr","[object Object]",2035,0.742832122802734,"3.622448032791133","3.622448032791133","2100","4467.849413003824","GW8","ok","ok","medium","high","high","high",,"medium","true","C7","C7: Below 4.0°C","IMAGE 3.0","CO_CurPol","5.715474395514331","87.16827552347497","7.587742610756468","-0.96004017732497","6.933623274065391","3.622448032791133","3.622448032791133","6.933623274065391","0.001853923","medium","ok","ok","ok"
"883","COMMIT-Current-Policies","IMAGE 3.0","Final Energy|Residential and Commercial|Electricity","EJ/yr","[object Object]",2040,0.8055990905761711,"3.622448032791133","3.622448032791133","2100","4467.849413003824","GW8","ok","ok","medium","high","high","high",,"medium","true","C7","C7: Below 4.0°C","IMAGE 3.0","CO_CurPol","5.715474395514331","87.16827552347497","7.587742610756468","-0.96004017732497","6.933623274065391","3.622448032791133","3.622448032791133","6.933623274065391","0.001853923","medium","ok","ok","ok"
"883","COMMIT-Current-Policies","IMAGE 3.0","Final Energy|Residential and Commercial|Electricity","EJ/yr","[object Object]",2045,0.8593582763671871,"3.622448032791133","3.622448032791133","2100","4467.849413003824","GW8","ok","ok","medium","high","high","high",,"medium","true","C7","C7: Below 4.0°C","IMAGE 3.0","CO_CurPol","5.715474395514331","87.16827552347497","7.587742610756468","-0.96004017732497","6.933623274065391","3.622448032791133","3.622448032791133","6.933623274065391","0.001853923","medium","ok","ok","ok"
"883","COMMIT-Current-Policies","IMAGE 3.0","Final Energy|Residential and Commercial|Electricity","EJ/yr","[object Object]",2050,0.91272607421875,"3.622448032791133","3.622448032791133","2100","4467.849413003824","GW8","ok","ok","medium","high","high","high",,"medium","true","C7","C7: Below 4.0°C","IMAGE 3.0","CO_CurPol","5.715474395514331","87.16827552347497","7.587742610756468","-0.96004017732497","6.933623274065391","3.622448032791133","3.622448032791133","6.933623274065391","0.001853923","medium","ok","ok","ok"
"883","COMMIT-Current-Policies","IMAGE 3.0","Final Energy|Residential and Commercial|Electricity","EJ/yr","[object Object]",2060,1.096372985839844,"3.622448032791133","3.622448032791133","2100","4467.849413003824","GW8","ok","ok","medium","high","high","high",,"medium","true","C7","C7: Below 4.0°C","IMAGE 3.0","CO_CurPol","5.715474395514331","87.16827552347497","7.587742610756468","-0.96004017732497","6.933623274065391","3.622448032791133","3.622448032791133","6.933623274065391","0.001853923","medium","ok","ok","ok"
"883","COMMIT-Current-Policies","IMAGE 3.0","Final Energy|Residential and Commercial|Electricity","EJ/yr","[object Object]",2070,1.259900238037109,"3.622448032791133","3.622448032791133","2100","4467.849413003824","GW8","ok","ok","medium","high","high","high",,"medium","true","C7","C7: Below 4.0°C","IMAGE 3.0","CO_CurPol","5.715474395514331","87.16827552347497","7.587742610756468","-0.96004017732497","6.933623274065391","3.622448032791133","3.622448032791133","6.933623274065391","0.001853923","medium","ok","ok","ok"
"883","COMMIT-Current-Policies","IMAGE 3.0","Final Energy|Residential and Commercial|Electricity","EJ/yr","[object Object]",2080,1.383062591552734,"3.622448032791133","3.622448032791133","2100","4467.849413003824","GW8","ok","ok","medium","high","high","high",,"medium","true","C7","C7: Below 4.0°C","IMAGE 3.0","CO_CurPol","5.715474395514331","87.16827552347497","7.587742610756468","-0.96004017732497","6.933623274065391","3.622448032791133","3.622448032791133","6.933623274065391","0.001853923","medium","ok","ok","ok"
"883","COMMIT-Current-Policies","IMAGE 3.0","Final Energy|Residential and Commercial|Electricity","EJ/yr","[object Object]",2090,1.442216400146484,"3.622448032791133","3.622448032791133","2100","4467.849413003824","GW8","ok","ok","medium","high","high","high",,"medium","true","C7","C7: Below 4.0°C","IMAGE 3.0","CO_CurPol","5.715474395514331","87.16827552347497","7.587742610756468","-0.96004017732497","6.933623274065391","3.622448032791133","3.622448032791133","6.933623274065391","0.001853923","medium","ok","ok","ok"
"883","COMMIT-Current-Policies","IMAGE 3.0","Final Energy|Residential and Commercial|Electricity","EJ/yr","[object Object]",2100,1.437783203125,"3.622448032791133","3.622448032791133","2100","4467.849413003824","GW8","ok","ok","medium","high","high","high",,"medium","true","C7","C7: Below 4.0°C","IMAGE 3.0","CO_CurPol","5.715474395514331","87.16827552347497","7.587742610756468","-0.96004017732497","6.933623274065391","3.622448032791133","3.622448032791133","6.933623274065391","0.001853923","medium","ok","ok","ok"
"905","COMMIT-Baseline","WITCH 5.0","Final Energy|Residential and Commercial|Electricity","EJ/yr","[object Object]",2010,6.442547800666669,"3.598533757915169","3.598533757915169","2100","3824.3378787094507","GW8","ok","ok","medium","medium","high","medium",,"ok","true","C7","C7: Below 4.0°C","WITCH 5.0","CO_BAU","24.724160578237974","63.73989038633445","1.469649902837009","-0.866845726564307","0.008015525565843503","3.598533757915169","3.598533757915169","0.008015525565843503","0.002113171","medium","ok","ok","ok"
"905","COMMIT-Baseline","WITCH 5.0","Final Energy|Residential and Commercial|Electricity","EJ/yr","[object Object]",2015,6.3873360275,"3.598533757915169","3.598533757915169","2100","3824.3378787094507","GW8","ok","ok","medium","medium","high","medium",,"ok","true","C7","C7: Below 4.0°C","WITCH 5.0","CO_BAU","24.724160578237974","63.73989038633445","1.469649902837009","-0.866845726564307","0.008015525565843503","3.598533757915169","3.598533757915169","0.008015525565843503","0.002113171","medium","ok","ok","ok"
"905","COMMIT-Baseline","WITCH 5.0","Final Energy|Residential and Commercial|Electricity","EJ/yr","[object Object]",2020,7.00895828438715,"3.598533757915169","3.598533757915169","2100","3824.3378787094507","GW8","ok","ok","medium","medium","high","medium",,"ok","true","C7","C7: Below 4.0°C","WITCH 5.0","CO_BAU","24.724160578237974","63.73989038633445","1.469649902837009","-0.866845726564307","0.008015525565843503","3.598533757915169","3.598533757915169","0.008015525565843503","0.002113171","medium","ok","ok","ok"
"905","COMMIT-Baseline","WITCH 5.0","Final Energy|Residential and Commercial|Electricity","EJ/yr","[object Object]",2025,7.776449933219419,"3.598533757915169","3.598533757915169","2100","3824.3378787094507","GW8","ok","ok","medium","medium","high","medium",,"ok","true","C7","C7: Below 4.0°C","WITCH 5.0","CO_BAU","24.724160578237974","63.73989038633445","1.469649902837009","-0.866845726564307","0.008015525565843503","3.598533757915169","3.598533757915169","0.008015525565843503","0.002113171","medium","ok","ok","ok"
"905","COMMIT-Baseline","WITCH 5.0","Final Energy|Residential and Commercial|Electricity","EJ/yr","[object Object]",2030,8.69244977450605,"3.598533757915169","3.598533757915169","2100","3824.3378787094507","GW8","ok","ok","medium","medium","high","medium",,"ok","true","C7","C7: Below 4.0°C","WITCH 5.0","CO_BAU","24.724160578237974","63.73989038633445","1.469649902837009","-0.866845726564307","0.008015525565843503","3.598533757915169","3.598533757915169","0.008015525565843503","0.002113171","medium","ok","ok","ok"
"905","COMMIT-Baseline","WITCH 5.0","Final Energy|Residential and Commercial|Electricity","EJ/yr","[object Object]",2035,9.26680052740528,"3.598533757915169","3.598533757915169","2100","3824.3378787094507","GW8","ok","ok","medium","medium","high","medium",,"ok","true","C7","C7: Below 4.0°C","WITCH 5.0","CO_BAU","24.724160578237974","63.73989038633445","1.469649902837009","-0.866845726564307","0.008015525565843503","3.598533757915169","3.598533757915169","0.008015525565843503","0.002113171","medium","ok","ok","ok"
"905","COMMIT-Baseline","WITCH 5.0","Final Energy|Residential and Commercial|Electricity","EJ/yr","[object Object]",2040,9.88008757322032,"3.598533757915169","3.598533757915169","2100","3824.3378787094507","GW8","ok","ok","medium","medium","high","medium",,"ok","true","C7","C7: Below 4.0°C","WITCH 5.0","CO_BAU","24.724160578237974","63.73989038633445","1.469649902837009","-0.866845726564307","0.008015525565843503","3.598533757915169","3.598533757915169","0.008015525565843503","0.002113171","medium","ok","ok","ok"
"905","COMMIT-Baseline","WITCH 5.0","Final Energy|Residential and Commercial|Electricity","EJ/yr","[object Object]",2045,10.5981606153564,"3.598533757915169","3.598533757915169","2100","3824.3378787094507","GW8","ok","ok","medium","medium","high","medium",,"ok","true","C7","C7: Below 4.0°C","WITCH 5.0","CO_BAU","24.724160578237974","63.73989038633445","1.469649902837009","-0.866845726564307","0.008015525565843503","3.598533757915169","3.598533757915169","0.008015525565843503","0.002113171","medium","ok","ok","ok"
"905","COMMIT-Baseline","WITCH 5.0","Final Energy|Residential and Commercial|Electricity","EJ/yr","[object Object]",2050,11.4622065865305,"3.598533757915169","3.598533757915169","2100","3824.3378787094507","GW8","ok","ok","medium","medium","high","medium",,"ok","true","C7","C7: Below 4.0°C","WITCH 5.0","CO_BAU","24.724160578237974","63.73989038633445","1.469649902837009","-0.866845726564307","0.008015525565843503","3.598533757915169","3.598533757915169","0.008015525565843503","0.002113171","medium","ok","ok","ok"
"905","COMMIT-Baseline","WITCH 5.0","Final Energy|Residential and Commercial|Electricity","EJ/yr","[object Object]",2055,12.2672811100519,"3.598533757915169","3.598533757915169","2100","3824.3378787094507","GW8","ok","ok","medium","medium","high","medium",,"ok","true","C7","C7: Below 4.0°C","WITCH 5.0","CO_BAU","24.724160578237974","63.73989038633445","1.469649902837009","-0.866845726564307","0.008015525565843503","3.598533757915169","3.598533757915169","0.008015525565843503","0.002113171","medium","ok","ok","ok"
"905","COMMIT-Baseline","WITCH 5.0","Final Energy|Residential and Commercial|Electricity","EJ/yr","[object Object]",2060,12.9555433091158,"3.598533757915169","3.598533757915169","2100","3824.3378787094507","GW8","ok","ok","medium","medium","high","medium",,"ok","true","C7","C7: Below 4.0°C","WITCH 5.0","CO_BAU","24.724160578237974","63.73989038633445","1.469649902837009","-0.866845726564307","0.008015525565843503","3.598533757915169","3.598533757915169","0.008015525565843503","0.002113171","medium","ok","ok","ok"
"905","COMMIT-Baseline","WITCH 5.0","Final Energy|Residential and Commercial|Electricity","EJ/yr","[object Object]",2065,13.889513227678,"3.598533757915169","3.598533757915169","2100","3824.3378787094507","GW8","ok","ok","medium","medium","high","medium",,"ok","true","C7","C7: Below 4.0°C","WITCH 5.0","CO_BAU","24.724160578237974","63.73989038633445","1.469649902837009","-0.866845726564307","0.008015525565843503","3.598533757915169","3.598533757915169","0.008015525565843503","0.002113171","medium","ok","ok","ok"
"905","COMMIT-Baseline","WITCH 5.0","Final Energy|Residential and Commercial|Electricity","EJ/yr","[object Object]",2070,14.7605098780999,"3.598533757915169","3.598533757915169","2100","3824.3378787094507","GW8","ok","ok","medium","medium","high","medium",,"ok","true","C7","C7: Below 4.0°C","WITCH 5.0","CO_BAU","24.724160578237974","63.73989038633445","1.469649902837009","-0.866845726564307","0.008015525565843503","3.598533757915169","3.598533757915169","0.008015525565843503","0.002113171","medium","ok","ok","ok"
"905","COMMIT-Baseline","WITCH 5.0","Final Energy|Residential and Commercial|Electricity","EJ/yr","[object Object]",2075,15.5643079194704,"3.598533757915169","3.598533757915169","2100","3824.3378787094507","GW8","ok","ok","medium","medium","high","medium",,"ok","true","C7","C7: Below 4.0°C","WITCH 5.0","CO_BAU","24.724160578237974","63.73989038633445","1.469649902837009","-0.866845726564307","0.008015525565843503","3.598533757915169","3.598533757915169","0.008015525565843503","0.002113171","medium","ok","ok","ok"
"905","COMMIT-Baseline","WITCH 5.0","Final Energy|Residential and Commercial|Electricity","EJ/yr","[object Object]",2080,16.3940249235724,"3.598533757915169","3.598533757915169","2100","3824.3378787094507","GW8","ok","ok","medium","medium","high","medium",,"ok","true","C7","C7: Below 4.0°C","WITCH 5.0","CO_BAU","24.724160578237974","63.73989038633445","1.469649902837009","-0.866845726564307","0.008015525565843503","3.598533757915169","3.598533757915169","0.008015525565843503","0.002113171","medium","ok","ok","ok"
"905","COMMIT-Baseline","WITCH 5.0","Final Energy|Residential and Commercial|Electricity","EJ/yr","[object Object]",2085,17.1633636952901,"3.598533757915169","3.598533757915169","2100","3824.3378787094507","GW8","ok","ok","medium","medium","high","medium",,"ok","true","C7","C7: Below 4.0°C","WITCH 5.0","CO_BAU","24.724160578237974","63.73989038633445","1.469649902837009","-0.866845726564307","0.008015525565843503","3.598533757915169","3.598533757915169","0.008015525565843503","0.002113171","medium","ok","ok","ok"
"905","COMMIT-Baseline","WITCH 5.0","Final Energy|Residential and Commercial|Electricity","EJ/yr","[object Object]",2090,17.8364644471295,"3.598533757915169","3.598533757915169","2100","3824.3378787094507","GW8","ok","ok","medium","medium","high","medium",,"ok","true","C7","C7: Below 4.0°C","WITCH 5.0","CO_BAU","24.724160578237974","63.73989038633445","1.469649902837009","-0.866845726564307","0.008015525565843503","3.598533757915169","3.598533757915169","0.008015525565843503","0.002113171","medium","ok","ok","ok"
"905","COMMIT-Baseline","WITCH 5.0","Final Energy|Residential and Commercial|Electricity","EJ/yr","[object Object]",2095,18.4310497585086,"3.598533757915169","3.598533757915169","2100","3824.3378787094507","GW8","ok","ok","medium","medium","high","medium",,"ok","true","C7","C7: Below 4.0°C","WITCH 5.0","CO_BAU","24.724160578237974","63.73989038633445","1.469649902837009","-0.866845726564307","0.008015525565843503","3.598533757915169","3.598533757915169","0.008015525565843503","0.002113171","medium","ok","ok","ok"
"905","COMMIT-Baseline","WITCH 5.0","Final Energy|Residential and Commercial|Electricity","EJ/yr","[object Object]",2100,18.9982087721973,"3.598533757915169","3.598533757915169","2100","3824.3378787094507","GW8","ok","ok","medium","medium","high","medium",,"ok","true","C7","C7: Below 4.0°C","WITCH 5.0","CO_BAU","24.724160578237974","63.73989038633445","1.469649902837009","-0.866845726564307","0.008015525565843503","3.598533757915169","3.598533757915169","0.008015525565843503","0.002113171","medium","ok","ok","ok"
"1070","SSP2021-SSP2-Baseline","IMAGE 3.2","Final Energy|Residential and Commercial|Electricity","EJ/yr","[object Object]",2010,6.260599243164062,"3.561291550935377","3.561291550935377","2100","4281.587245506423","GW8","ok","ok","high","high","high","high",,,"true","C7","C7: Below 4.0°C","IMAGE 3.2","SSP2-baseline","7.918992404306986","73.93539059653452","0","-4.329205159511574","0","3.561291550935377","3.561291550935377","0",,"medium","ok","ok","ok"
"1070","SSP2021-SSP2-Baseline","IMAGE 3.2","Final Energy|Residential and Commercial|Electricity","EJ/yr","[object Object]",2015,6.566621490478516,"3.561291550935377","3.561291550935377","2100","4281.587245506423","GW8","ok","ok","high","high","high","high",,,"true","C7","C7: Below 4.0°C","IMAGE 3.2","SSP2-baseline","7.918992404306986","73.93539059653452","0","-4.329205159511574","0","3.561291550935377","3.561291550935377","0",,"medium","ok","ok","ok"
"1070","SSP2021-SSP2-Baseline","IMAGE 3.2","Final Energy|Residential and Commercial|Electricity","EJ/yr","[object Object]",2020,6.038371231079101,"3.561291550935377","3.561291550935377","2100","4281.587245506423","GW8","ok","ok","high","high","high","high",,,"true","C7","C7: Below 4.0°C","IMAGE 3.2","SSP2-baseline","7.918992404306986","73.93539059653452","0","-4.329205159511574","0","3.561291550935377","3.561291550935377","0",,"medium","ok","ok","ok"
"1070","SSP2021-SSP2-Baseline","IMAGE 3.2","Final Energy|Residential and Commercial|Electricity","EJ/yr","[object Object]",2025,6.540308380126953,"3.561291550935377","3.561291550935377","2100","4281.587245506423","GW8","ok","ok","high","high","high","high",,,"true","C7","C7: Below 4.0°C","IMAGE 3.2","SSP2-baseline","7.918992404306986","73.93539059653452","0","-4.329205159511574","0","3.561291550935377","3.561291550935377","0",,"medium","ok","ok","ok"
"1070","SSP2021-SSP2-Baseline","IMAGE 3.2","Final Energy|Residential and Commercial|Electricity","EJ/yr","[object Object]",2030,6.277570083618164,"3.561291550935377","3.561291550935377","2100","4281.587245506423","GW8","ok","ok","high","high","high","high",,,"true","C7","C7: Below 4.0°C","IMAGE 3.2","SSP2-baseline","7.918992404306986","73.93539059653452","0","-4.329205159511574","0","3.561291550935377","3.561291550935377","0",,"medium","ok","ok","ok"
"1070","SSP2021-SSP2-Baseline","IMAGE 3.2","Final Energy|Residential and Commercial|Electricity","EJ/yr","[object Object]",2035,6.141999832153321,"3.561291550935377","3.561291550935377","2100","4281.587245506423","GW8","ok","ok","high","high","high","high",,,"true","C7","C7: Below 4.0°C","IMAGE 3.2","SSP2-baseline","7.918992404306986","73.93539059653452","0","-4.329205159511574","0","3.561291550935377","3.561291550935377","0",,"medium","ok","ok","ok"
"1070","SSP2021-SSP2-Baseline","IMAGE 3.2","Final Energy|Residential and Commercial|Electricity","EJ/yr","[object Object]",2040,6.214089599609375,"3.561291550935377","3.561291550935377","2100","4281.587245506423","GW8","ok","ok","high","high","high","high",,,"true","C7","C7: Below 4.0°C","IMAGE 3.2","SSP2-baseline","7.918992404306986","73.93539059653452","0","-4.329205159511574","0","3.561291550935377","3.561291550935377","0",,"medium","ok","ok","ok"
"1070","SSP2021-SSP2-Baseline","IMAGE 3.2","Final Energy|Residential and Commercial|Electricity","EJ/yr","[object Object]",2045,6.38983578491211,"3.561291550935377","3.561291550935377","2100","4281.587245506423","GW8","ok","ok","high","high","high","high",,,"true","C7","C7: Below 4.0°C","IMAGE 3.2","SSP2-baseline","7.918992404306986","73.93539059653452","0","-4.329205159511574","0","3.561291550935377","3.561291550935377","0",,"medium","ok","ok","ok"
"1070","SSP2021-SSP2-Baseline","IMAGE 3.2","Final Energy|Residential and Commercial|Electricity","EJ/yr","[object Object]",2050,6.65584033203125,"3.561291550935377","3.561291550935377","2100","4281.587245506423","GW8","ok","ok","high","high","high","high",,,"true","C7","C7: Below 4.0°C","IMAGE 3.2","SSP2-baseline","7.918992404306986","73.93539059653452","0","-4.329205159511574","0","3.561291550935377","3.561291550935377","0",,"medium","ok","ok","ok"
"1070","SSP2021-SSP2-Baseline","IMAGE 3.2","Final Energy|Residential and Commercial|Electricity","EJ/yr","[object Object]",2055,6.910381958007813,"3.561291550935377","3.561291550935377","2100","4281.587245506423","GW8","ok","ok","high","high","high","high",,,"true","C7","C7: Below 4.0°C","IMAGE 3.2","SSP2-baseline","7.918992404306986","73.93539059653452","0","-4.329205159511574","0","3.561291550935377","3.561291550935377","0",,"medium","ok","ok","ok"
"1070","SSP2021-SSP2-Baseline","IMAGE 3.2","Final Energy|Residential and Commercial|Electricity","EJ/yr","[object Object]",2060,7.100748107910157,"3.561291550935377","3.561291550935377","2100","4281.587245506423","GW8","ok","ok","high","high","high","high",,,"true","C7","C7: Below 4.0°C","IMAGE 3.2","SSP2-baseline","7.918992404306986","73.93539059653452","0","-4.329205159511574","0","3.561291550935377","3.561291550935377","0",,"medium","ok","ok","ok"
"1070","SSP2021-SSP2-Baseline","IMAGE 3.2","Final Energy|Residential and Commercial|Electricity","EJ/yr","[object Object]",2065,7.228997650146484,"3.561291550935377","3.561291550935377","2100","4281.587245506423","GW8","ok","ok","high","high","high","high",,,"true","C7","C7: Below 4.0°C","IMAGE 3.2","SSP2-baseline","7.918992404306986","73.93539059653452","0","-4.329205159511574","0","3.561291550935377","3.561291550935377","0",,"medium","ok","ok","ok"
"1070","SSP2021-SSP2-Baseline","IMAGE 3.2","Final Energy|Residential and Commercial|Electricity","EJ/yr","[object Object]",2070,7.324412872314453,"3.561291550935377","3.561291550935377","2100","4281.587245506423","GW8","ok","ok","high","high","high","high",,,"true","C7","C7: Below 4.0°C","IMAGE 3.2","SSP2-baseline","7.918992404306986","73.93539059653452","0","-4.329205159511574","0","3.561291550935377","3.561291550935377","0",,"medium","ok","ok","ok"
"1070","SSP2021-SSP2-Baseline","IMAGE 3.2","Final Energy|Residential and Commercial|Electricity","EJ/yr","[object Object]",2075,7.409704132080078,"3.561291550935377","3.561291550935377","2100","4281.587245506423","GW8","ok","ok","high","high","high","high",,,"true","C7","C7: Below 4.0°C","IMAGE 3.2","SSP2-baseline","7.918992404306986","73.93539059653452","0","-4.329205159511574","0","3.561291550935377","3.561291550935377","0",,"medium","ok","ok","ok"
"1070","SSP2021-SSP2-Baseline","IMAGE 3.2","Final Energy|Residential and Commercial|Electricity","EJ/yr","[object Object]",2080,7.488444885253906,"3.561291550935377","3.561291550935377","2100","4281.587245506423","GW8","ok","ok","high","high","high","high",,,"true","C7","C7: Below 4.0°C","IMAGE 3.2","SSP2-baseline","7.918992404306986","73.93539059653452","0","-4.329205159511574","0","3.561291550935377","3.561291550935377","0",,"medium","ok","ok","ok"
"1070","SSP2021-SSP2-Baseline","IMAGE 3.2","Final Energy|Residential and Commercial|Electricity","EJ/yr","[object Object]",2085,7.562589477539062,"3.561291550935377","3.561291550935377","2100","4281.587245506423","GW8","ok","ok","high","high","high","high",,,"true","C7","C7: Below 4.0°C","IMAGE 3.2","SSP2-baseline","7.918992404306986","73.93539059653452","0","-4.329205159511574","0","3.561291550935377","3.561291550935377","0",,"medium","ok","ok","ok"
"1070","SSP2021-SSP2-Baseline","IMAGE 3.2","Final Energy|Residential and Commercial|Electricity","EJ/yr","[object Object]",2090,7.606249969482422,"3.561291550935377","3.561291550935377","2100","4281.587245506423","GW8","ok","ok","high","high","high","high",,,"true","C7","C7: Below 4.0°C","IMAGE 3.2","SSP2-baseline","7.918992404306986","73.93539059653452","0","-4.329205159511574","0","3.561291550935377","3.561291550935377","0",,"medium","ok","ok","ok"
"1070","SSP2021-SSP2-Baseline","IMAGE 3.2","Final Energy|Residential and Commercial|Electricity","EJ/yr","[object Object]",2095,7.621303497314454,"3.561291550935377","3.561291550935377","2100","4281.587245506423","GW8","ok","ok","high","high","high","high",,,"true","C7","C7: Below 4.0°C","IMAGE 3.2","SSP2-baseline","7.918992404306986","73.93539059653452","0","-4.329205159511574","0","3.561291550935377","3.561291550935377","0",,"medium","ok","ok","ok"
"1070","SSP2021-SSP2-Baseline","IMAGE 3.2","Final Energy|Residential and Commercial|Electricity","EJ/yr","[object Object]",2100,7.602766784667969,"3.561291550935377","3.561291550935377","2100","4281.587245506423","GW8","ok","ok","high","high","high","high",,,"true","C7","C7: Below 4.0°C","IMAGE 3.2","SSP2-baseline","7.918992404306986","73.93539059653452","0","-4.329205159511574","0","3.561291550935377","3.561291550935377","0",,"medium","ok","ok","ok"
"1091","SSP2021-SSP3-Baseline","IMAGE 3.2","Final Energy|Residential and Commercial|Electricity","EJ/yr","[object Object]",2010,6.260892761230469,"3.744679781430904","3.744679781430904","2100","4845.938893995227","GW8","ok","ok","high","high","high","high",,,"true","C7","C7: Below 4.0°C","IMAGE 3.2","SSP3-baseline","6.3280885503271485","72.59599078573086","0","-7.847531701877301","0","3.744679781430904","3.744679781430904","0",,"medium","ok","ok","ok"
"1091","SSP2021-SSP3-Baseline","IMAGE 3.2","Final Energy|Residential and Commercial|Electricity","EJ/yr","[object Object]",2015,6.567476623535156,"3.744679781430904","3.744679781430904","2100","4845.938893995227","GW8","ok","ok","high","high","high","high",,,"true","C7","C7: Below 4.0°C","IMAGE 3.2","SSP3-baseline","6.3280885503271485","72.59599078573086","0","-7.847531701877301","0","3.744679781430904","3.744679781430904","0",,"medium","ok","ok","ok"
"1091","SSP2021-SSP3-Baseline","IMAGE 3.2","Final Energy|Residential and Commercial|Electricity","EJ/yr","[object Object]",2020,6.040451583862305,"3.744679781430904","3.744679781430904","2100","4845.938893995227","GW8","ok","ok","high","high","high","high",,,"true","C7","C7: Below 4.0°C","IMAGE 3.2","SSP3-baseline","6.3280885503271485","72.59599078573086","0","-7.847531701877301","0","3.744679781430904","3.744679781430904","0",,"medium","ok","ok","ok"
"1091","SSP2021-SSP3-Baseline","IMAGE 3.2","Final Energy|Residential and Commercial|Electricity","EJ/yr","[object Object]",2025,6.483632904052735,"3.744679781430904","3.744679781430904","2100","4845.938893995227","GW8","ok","ok","high","high","high","high",,,"true","C7","C7: Below 4.0°C","IMAGE 3.2","SSP3-baseline","6.3280885503271485","72.59599078573086","0","-7.847531701877301","0","3.744679781430904","3.744679781430904","0",,"medium","ok","ok","ok"
"1091","SSP2021-SSP3-Baseline","IMAGE 3.2","Final Energy|Residential and Commercial|Electricity","EJ/yr","[object Object]",2030,6.007233535766602,"3.744679781430904","3.744679781430904","2100","4845.938893995227","GW8","ok","ok","high","high","high","high",,,"true","C7","C7: Below 4.0°C","IMAGE 3.2","SSP3-baseline","6.3280885503271485","72.59599078573086","0","-7.847531701877301","0","3.744679781430904","3.744679781430904","0",,"medium","ok","ok","ok"
"1091","SSP2021-SSP3-Baseline","IMAGE 3.2","Final Energy|Residential and Commercial|Electricity","EJ/yr","[object Object]",2035,5.491394256591796,"3.744679781430904","3.744679781430904","2100","4845.938893995227","GW8","ok","ok","high","high","high","high",,,"true","C7","C7: Below 4.0°C","IMAGE 3.2","SSP3-baseline","6.3280885503271485","72.59599078573086","0","-7.847531701877301","0","3.744679781430904","3.744679781430904","0",,"medium","ok","ok","ok"
"1091","SSP2021-SSP3-Baseline","IMAGE 3.2","Final Energy|Residential and Commercial|Electricity","EJ/yr","[object Object]",2040,5.088765533447265,"3.744679781430904","3.744679781430904","2100","4845.938893995227","GW8","ok","ok","high","high","high","high",,,"true","C7","C7: Below 4.0°C","IMAGE 3.2","SSP3-baseline","6.3280885503271485","72.59599078573086","0","-7.847531701877301","0","3.744679781430904","3.744679781430904","0",,"medium","ok","ok","ok"
"1091","SSP2021-SSP3-Baseline","IMAGE 3.2","Final Energy|Residential and Commercial|Electricity","EJ/yr","[object Object]",2045,4.851250915527344,"3.744679781430904","3.744679781430904","2100","4845.938893995227","GW8","ok","ok","high","high","high","high",,,"true","C7","C7: Below 4.0°C","IMAGE 3.2","SSP3-baseline","6.3280885503271485","72.59599078573086","0","-7.847531701877301","0","3.744679781430904","3.744679781430904","0",,"medium","ok","ok","ok"
"1091","SSP2021-SSP3-Baseline","IMAGE 3.2","Final Energy|Residential and Commercial|Electricity","EJ/yr","[object Object]",2050,4.718129180908203,"3.744679781430904","3.744679781430904","2100","4845.938893995227","GW8","ok","ok","high","high","high","high",,,"true","C7","C7: Below 4.0°C","IMAGE 3.2","SSP3-baseline","6.3280885503271485","72.59599078573086","0","-7.847531701877301","0","3.744679781430904","3.744679781430904","0",,"medium","ok","ok","ok"
"1091","SSP2021-SSP3-Baseline","IMAGE 3.2","Final Energy|Residential and Commercial|Electricity","EJ/yr","[object Object]",2055,4.598776580810547,"3.744679781430904","3.744679781430904","2100","4845.938893995227","GW8","ok","ok","high","high","high","high",,,"true","C7","C7: Below 4.0°C","IMAGE 3.2","SSP3-baseline","6.3280885503271485","72.59599078573086","0","-7.847531701877301","0","3.744679781430904","3.744679781430904","0",,"medium","ok","ok","ok"
"1091","SSP2021-SSP3-Baseline","IMAGE 3.2","Final Energy|Residential and Commercial|Electricity","EJ/yr","[object Object]",2060,4.521835449218751,"3.744679781430904","3.744679781430904","2100","4845.938893995227","GW8","ok","ok","high","high","high","high",,,"true","C7","C7: Below 4.0°C","IMAGE 3.2","SSP3-baseline","6.3280885503271485","72.59599078573086","0","-7.847531701877301","0","3.744679781430904","3.744679781430904","0",,"medium","ok","ok","ok"
"1091","SSP2021-SSP3-Baseline","IMAGE 3.2","Final Energy|Residential and Commercial|Electricity","EJ/yr","[object Object]",2065,4.47442822265625,"3.744679781430904","3.744679781430904","2100","4845.938893995227","GW8","ok","ok","high","high","high","high",,,"true","C7","C7: Below 4.0°C","IMAGE 3.2","SSP3-baseline","6.3280885503271485","72.59599078573086","0","-7.847531701877301","0","3.744679781430904","3.744679781430904","0",,"medium","ok","ok","ok"
"1091","SSP2021-SSP3-Baseline","IMAGE 3.2","Final Energy|Residential and Commercial|Electricity","EJ/yr","[object Object]",2070,4.449912719726562,"3.744679781430904","3.744679781430904","2100","4845.938893995227","GW8","ok","ok","high","high","high","high",,,"true","C7","C7: Below 4.0°C","IMAGE 3.2","SSP3-baseline","6.3280885503271485","72.59599078573086","0","-7.847531701877301","0","3.744679781430904","3.744679781430904","0",,"medium","ok","ok","ok"
"1091","SSP2021-SSP3-Baseline","IMAGE 3.2","Final Energy|Residential and Commercial|Electricity","EJ/yr","[object Object]",2075,4.437251770019532,"3.744679781430904","3.744679781430904","2100","4845.938893995227","GW8","ok","ok","high","high","high","high",,,"true","C7","C7: Below 4.0°C","IMAGE 3.2","SSP3-baseline","6.3280885503271485","72.59599078573086","0","-7.847531701877301","0","3.744679781430904","3.744679781430904","0",,"medium","ok","ok","ok"
"1091","SSP2021-SSP3-Baseline","IMAGE 3.2","Final Energy|Residential and Commercial|Electricity","EJ/yr","[object Object]",2080,4.431601257324219,"3.744679781430904","3.744679781430904","2100","4845.938893995227","GW8","ok","ok","high","high","high","high",,,"true","C7","C7: Below 4.0°C","IMAGE 3.2","SSP3-baseline","6.3280885503271485","72.59599078573086","0","-7.847531701877301","0","3.744679781430904","3.744679781430904","0",,"medium","ok","ok","ok"
"1091","SSP2021-SSP3-Baseline","IMAGE 3.2","Final Energy|Residential and Commercial|Electricity","EJ/yr","[object Object]",2085,4.428694580078125,"3.744679781430904","3.744679781430904","2100","4845.938893995227","GW8","ok","ok","high","high","high","high",,,"true","C7","C7: Below 4.0°C","IMAGE 3.2","SSP3-baseline","6.3280885503271485","72.59599078573086","0","-7.847531701877301","0","3.744679781430904","3.744679781430904","0",,"medium","ok","ok","ok"
"1091","SSP2021-SSP3-Baseline","IMAGE 3.2","Final Energy|Residential and Commercial|Electricity","EJ/yr","[object Object]",2090,4.419015777587891,"3.744679781430904","3.744679781430904","2100","4845.938893995227","GW8","ok","ok","high","high","high","high",,,"true","C7","C7: Below 4.0°C","IMAGE 3.2","SSP3-baseline","6.3280885503271485","72.59599078573086","0","-7.847531701877301","0","3.744679781430904","3.744679781430904","0",,"medium","ok","ok","ok"
"1091","SSP2021-SSP3-Baseline","IMAGE 3.2","Final Energy|Residential and Commercial|Electricity","EJ/yr","[object Object]",2095,4.407582977294922,"3.744679781430904","3.744679781430904","2100","4845.938893995227","GW8","ok","ok","high","high","high","high",,,"true","C7","C7: Below 4.0°C","IMAGE 3.2","SSP3-baseline","6.3280885503271485","72.59599078573086","0","-7.847531701877301","0","3.744679781430904","3.744679781430904","0",,"medium","ok","ok","ok"
"1091","SSP2021-SSP3-Baseline","IMAGE 3.2","Final Energy|Residential and Commercial|Electricity","EJ/yr","[object Object]",2100,4.381428344726563,"3.744679781430904","3.744679781430904","2100","4845.938893995227","GW8","ok","ok","high","high","high","high",,,"true","C7","C7: Below 4.0°C","IMAGE 3.2","SSP3-baseline","6.3280885503271485","72.59599078573086","0","-7.847531701877301","0","3.744679781430904","3.744679781430904","0",,"medium","ok","ok","ok"
"1093","SSP2021-SSP5-Baseline","IMAGE 3.2","Final Energy|Residential and Commercial|Electricity","EJ/yr","[object Object]",2010,6.260776794433593,"4.218529926021096","4.218529926021096","2100","6100.686457260336","GW8","ok","ok","high","high","high","high",,"medium","true","C8","C8: Above 4.0°C","IMAGE 3.2","SSP5-baseline","5.453066173892379","82.84903149939773","10.689605019024537","-6.747224747980809","0","4.218529926021096","4.218529926021096","0","0.002748324","medium","ok","ok","ok"
"1093","SSP2021-SSP5-Baseline","IMAGE 3.2","Final Energy|Residential and Commercial|Electricity","EJ/yr","[object Object]",2015,6.567692825317383,"4.218529926021096","4.218529926021096","2100","6100.686457260336","GW8","ok","ok","high","high","high","high",,"medium","true","C8","C8: Above 4.0°C","IMAGE 3.2","SSP5-baseline","5.453066173892379","82.84903149939773","10.689605019024537","-6.747224747980809","0","4.218529926021096","4.218529926021096","0","0.002748324","medium","ok","ok","ok"
"1093","SSP2021-SSP5-Baseline","IMAGE 3.2","Final Energy|Residential and Commercial|Electricity","EJ/yr","[object Object]",2020,6.040923416137696,"4.218529926021096","4.218529926021096","2100","6100.686457260336","GW8","ok","ok","high","high","high","high",,"medium","true","C8","C8: Above 4.0°C","IMAGE 3.2","SSP5-baseline","5.453066173892379","82.84903149939773","10.689605019024537","-6.747224747980809","0","4.218529926021096","4.218529926021096","0","0.002748324","medium","ok","ok","ok"
"1093","SSP2021-SSP5-Baseline","IMAGE 3.2","Final Energy|Residential and Commercial|Electricity","EJ/yr","[object Object]",2025,6.741109146118164,"4.218529926021096","4.218529926021096","2100","6100.686457260336","GW8","ok","ok","high","high","high","high",,"medium","true","C8","C8: Above 4.0°C","IMAGE 3.2","SSP5-baseline","5.453066173892379","82.84903149939773","10.689605019024537","-6.747224747980809","0","4.218529926021096","4.218529926021096","0","0.002748324","medium","ok","ok","ok"
"1093","SSP2021-SSP5-Baseline","IMAGE 3.2","Final Energy|Residential and Commercial|Electricity","EJ/yr","[object Object]",2030,6.712870559692384,"4.218529926021096","4.218529926021096","2100","6100.686457260336","GW8","ok","ok","high","high","high","high",,"medium","true","C8","C8: Above 4.0°C","IMAGE 3.2","SSP5-baseline","5.453066173892379","82.84903149939773","10.689605019024537","-6.747224747980809","0","4.218529926021096","4.218529926021096","0","0.002748324","medium","ok","ok","ok"
"1093","SSP2021-SSP5-Baseline","IMAGE 3.2","Final Energy|Residential and Commercial|Electricity","EJ/yr","[object Object]",2035,6.682339447021484,"4.218529926021096","4.218529926021096","2100","6100.686457260336","GW8","ok","ok","high","high","high","high",,"medium","true","C8","C8: Above 4.0°C","IMAGE 3.2","SSP5-baseline","5.453066173892379","82.84903149939773","10.689605019024537","-6.747224747980809","0","4.218529926021096","4.218529926021096","0","0.002748324","medium","ok","ok","ok"
"1093","SSP2021-SSP5-Baseline","IMAGE 3.2","Final Energy|Residential and Commercial|Electricity","EJ/yr","[object Object]",2040,6.782149108886719,"4.218529926021096","4.218529926021096","2100","6100.686457260336","GW8","ok","ok","high","high","high","high",,"medium","true","C8","C8: Above 4.0°C","IMAGE 3.2","SSP5-baseline","5.453066173892379","82.84903149939773","10.689605019024537","-6.747224747980809","0","4.218529926021096","4.218529926021096","0","0.002748324","medium","ok","ok","ok"
"1093","SSP2021-SSP5-Baseline","IMAGE 3.2","Final Energy|Residential and Commercial|Electricity","EJ/yr","[object Object]",2045,7.082478454589844,"4.218529926021096","4.218529926021096","2100","6100.686457260336","GW8","ok","ok","high","high","high","high",,"medium","true","C8","C8: Above 4.0°C","IMAGE 3.2","SSP5-baseline","5.453066173892379","82.84903149939773","10.689605019024537","-6.747224747980809","0","4.218529926021096","4.218529926021096","0","0.002748324","medium","ok","ok","ok"
"1093","SSP2021-SSP5-Baseline","IMAGE 3.2","Final Energy|Residential and Commercial|Electricity","EJ/yr","[object Object]",2050,7.544309112548828,"4.218529926021096","4.218529926021096","2100","6100.686457260336","GW8","ok","ok","high","high","high","high",,"medium","true","C8","C8: Above 4.0°C","IMAGE 3.2","SSP5-baseline","5.453066173892379","82.84903149939773","10.689605019024537","-6.747224747980809","0","4.218529926021096","4.218529926021096","0","0.002748324","medium","ok","ok","ok"
"1093","SSP2021-SSP5-Baseline","IMAGE 3.2","Final Energy|Residential and Commercial|Electricity","EJ/yr","[object Object]",2055,7.947276977539063,"4.218529926021096","4.218529926021096","2100","6100.686457260336","GW8","ok","ok","high","high","high","high",,"medium","true","C8","C8: Above 4.0°C","IMAGE 3.2","SSP5-baseline","5.453066173892379","82.84903149939773","10.689605019024537","-6.747224747980809","0","4.218529926021096","4.218529926021096","0","0.002748324","medium","ok","ok","ok"
"1093","SSP2021-SSP5-Baseline","IMAGE 3.2","Final Energy|Residential and Commercial|Electricity","EJ/yr","[object Object]",2060,8.389234497070312,"4.218529926021096","4.218529926021096","2100","6100.686457260336","GW8","ok","ok","high","high","high","high",,"medium","true","C8","C8: Above 4.0°C","IMAGE 3.2","SSP5-baseline","5.453066173892379","82.84903149939773","10.689605019024537","-6.747224747980809","0","4.218529926021096","4.218529926021096","0","0.002748324","medium","ok","ok","ok"
"1093","SSP2021-SSP5-Baseline","IMAGE 3.2","Final Energy|Residential and Commercial|Electricity","EJ/yr","[object Object]",2065,8.834392883300781,"4.218529926021096","4.218529926021096","2100","6100.686457260336","GW8","ok","ok","high","high","high","high",,"medium","true","C8","C8: Above 4.0°C","IMAGE 3.2","SSP5-baseline","5.453066173892379","82.84903149939773","10.689605019024537","-6.747224747980809","0","4.218529926021096","4.218529926021096","0","0.002748324","medium","ok","ok","ok"
"1093","SSP2021-SSP5-Baseline","IMAGE 3.2","Final Energy|Residential and Commercial|Electricity","EJ/yr","[object Object]",2070,9.272924041748048,"4.218529926021096","4.218529926021096","2100","6100.686457260336","GW8","ok","ok","high","high","high","high",,"medium","true","C8","C8: Above 4.0°C","IMAGE 3.2","SSP5-baseline","5.453066173892379","82.84903149939773","10.689605019024537","-6.747224747980809","0","4.218529926021096","4.218529926021096","0","0.002748324","medium","ok","ok","ok"
"1093","SSP2021-SSP5-Baseline","IMAGE 3.2","Final Energy|Residential and Commercial|Electricity","EJ/yr","[object Object]",2075,9.680428649902344,"4.218529926021096","4.218529926021096","2100","6100.686457260336","GW8","ok","ok","high","high","high","high",,"medium","true","C8","C8: Above 4.0°C","IMAGE 3.2","SSP5-baseline","5.453066173892379","82.84903149939773","10.689605019024537","-6.747224747980809","0","4.218529926021096","4.218529926021096","0","0.002748324","medium","ok","ok","ok"
"1093","SSP2021-SSP5-Baseline","IMAGE 3.2","Final Energy|Residential and Commercial|Electricity","EJ/yr","[object Object]",2080,10.04624853515625,"4.218529926021096","4.218529926021096","2100","6100.686457260336","GW8","ok","ok","high","high","high","high",,"medium","true","C8","C8: Above 4.0°C","IMAGE 3.2","SSP5-baseline","5.453066173892379","82.84903149939773","10.689605019024537","-6.747224747980809","0","4.218529926021096","4.218529926021096","0","0.002748324","medium","ok","ok","ok"
"1093","SSP2021-SSP5-Baseline","IMAGE 3.2","Final Energy|Residential and Commercial|Electricity","EJ/yr","[object Object]",2085,10.35593515014649,"4.218529926021096","4.218529926021096","2100","6100.686457260336","GW8","ok","ok","high","high","high","high",,"medium","true","C8","C8: Above 4.0°C","IMAGE 3.2","SSP5-baseline","5.453066173892379","82.84903149939773","10.689605019024537","-6.747224747980809","0","4.218529926021096","4.218529926021096","0","0.002748324","medium","ok","ok","ok"
"1093","SSP2021-SSP5-Baseline","IMAGE 3.2","Final Energy|Residential and Commercial|Electricity","EJ/yr","[object Object]",2090,10.62523526000976,"4.218529926021096","4.218529926021096","2100","6100.686457260336","GW8","ok","ok","high","high","high","high",,"medium","true","C8","C8: Above 4.0°C","IMAGE 3.2","SSP5-baseline","5.453066173892379","82.84903149939773","10.689605019024537","-6.747224747980809","0","4.218529926021096","4.218529926021096","0","0.002748324","medium","ok","ok","ok"
"1093","SSP2021-SSP5-Baseline","IMAGE 3.2","Final Energy|Residential and Commercial|Electricity","EJ/yr","[object Object]",2095,10.87637063598633,"4.218529926021096","4.218529926021096","2100","6100.686457260336","GW8","ok","ok","high","high","high","high",,"medium","true","C8","C8: Above 4.0°C","IMAGE 3.2","SSP5-baseline","5.453066173892379","82.84903149939773","10.689605019024537","-6.747224747980809","0","4.218529926021096","4.218529926021096","0","0.002748324","medium","ok","ok","ok"
"1093","SSP2021-SSP5-Baseline","IMAGE 3.2","Final Energy|Residential and Commercial|Electricity","EJ/yr","[object Object]",2100,11.0685121459961,"4.218529926021096","4.218529926021096","2100","6100.686457260336","GW8","ok","ok","high","high","high","high",,"medium","true","C8","C8: Above 4.0°C","IMAGE 3.2","SSP5-baseline","5.453066173892379","82.84903149939773","10.689605019024537","-6.747224747980809","0","4.218529926021096","4.218529926021096","0","0.002748324","medium","ok","ok","ok"
"1135","COVID-Shift-GreenPush_max_GDP","MESSAGEix-GLOBIOM 1.2","Final Energy|Residential and Commercial|Electricity","EJ/yr","[object Object]",2010,7.155450464790534,"3.668341480601553","3.668341480601553","2100","5251.72332462133","GW8","ok",,,,,,,"ok","true","C7","C7: Below 4.0°C","MESSAGEix-GLOBIOM_1.2","COV_GreenPush_max_GDP","0","0","5.310380397355593","0.2850198614078039","0","3.668341480601553","3.668341480601553","0","0.002708957","medium","ok","ok","ok"
"1135","COVID-Shift-GreenPush_max_GDP","MESSAGEix-GLOBIOM 1.2","Final Energy|Residential and Commercial|Electricity","EJ/yr","[object Object]",2015,6.950679227102199,"3.668341480601553","3.668341480601553","2100","5251.72332462133","GW8","ok",,,,,,,"ok","true","C7","C7: Below 4.0°C","MESSAGEix-GLOBIOM_1.2","COV_GreenPush_max_GDP","0","0","5.310380397355593","0.2850198614078039","0","3.668341480601553","3.668341480601553","0","0.002708957","medium","ok","ok","ok"
"1135","COVID-Shift-GreenPush_max_GDP","MESSAGEix-GLOBIOM 1.2","Final Energy|Residential and Commercial|Electricity","EJ/yr","[object Object]",2020,6.927295313696624,"3.668341480601553","3.668341480601553","2100","5251.72332462133","GW8","ok",,,,,,,"ok","true","C7","C7: Below 4.0°C","MESSAGEix-GLOBIOM_1.2","COV_GreenPush_max_GDP","0","0","5.310380397355593","0.2850198614078039","0","3.668341480601553","3.668341480601553","0","0.002708957","medium","ok","ok","ok"
"1135","COVID-Shift-GreenPush_max_GDP","MESSAGEix-GLOBIOM 1.2","Final Energy|Residential and Commercial|Electricity","EJ/yr","[object Object]",2021,6.897335664475937,"3.668341480601553","3.668341480601553","2100","5251.72332462133","GW8","ok",,,,,,,"ok","true","C7","C7: Below 4.0°C","MESSAGEix-GLOBIOM_1.2","COV_GreenPush_max_GDP","0","0","5.310380397355593","0.2850198614078039","0","3.668341480601553","3.668341480601553","0","0.002708957","medium","ok","ok","ok"
"1135","COVID-Shift-GreenPush_max_GDP","MESSAGEix-GLOBIOM 1.2","Final Energy|Residential and Commercial|Electricity","EJ/yr","[object Object]",2022,7.044297536577584,"3.668341480601553","3.668341480601553","2100","5251.72332462133","GW8","ok",,,,,,,"ok","true","C7","C7: Below 4.0°C","MESSAGEix-GLOBIOM_1.2","COV_GreenPush_max_GDP","0","0","5.310380397355593","0.2850198614078039","0","3.668341480601553","3.668341480601553","0","0.002708957","medium","ok","ok","ok"
"1135","COVID-Shift-GreenPush_max_GDP","MESSAGEix-GLOBIOM 1.2","Final Energy|Residential and Commercial|Electricity","EJ/yr","[object Object]",2023,7.141318669263939,"3.668341480601553","3.668341480601553","2100","5251.72332462133","GW8","ok",,,,,,,"ok","true","C7","C7: Below 4.0°C","MESSAGEix-GLOBIOM_1.2","COV_GreenPush_max_GDP","0","0","5.310380397355593","0.2850198614078039","0","3.668341480601553","3.668341480601553","0","0.002708957","medium","ok","ok","ok"
"1135","COVID-Shift-GreenPush_max_GDP","MESSAGEix-GLOBIOM 1.2","Final Energy|Residential and Commercial|Electricity","EJ/yr","[object Object]",2024,7.2686078130594,"3.668341480601553","3.668341480601553","2100","5251.72332462133","GW8","ok",,,,,,,"ok","true","C7","C7: Below 4.0°C","MESSAGEix-GLOBIOM_1.2","COV_GreenPush_max_GDP","0","0","5.310380397355593","0.2850198614078039","0","3.668341480601553","3.668341480601553","0","0.002708957","medium","ok","ok","ok"
"1135","COVID-Shift-GreenPush_max_GDP","MESSAGEix-GLOBIOM 1.2","Final Energy|Residential and Commercial|Electricity","EJ/yr","[object Object]",2025,7.41610615664579,"3.668341480601553","3.668341480601553","2100","5251.72332462133","GW8","ok",,,,,,,"ok","true","C7","C7: Below 4.0°C","MESSAGEix-GLOBIOM_1.2","COV_GreenPush_max_GDP","0","0","5.310380397355593","0.2850198614078039","0","3.668341480601553","3.668341480601553","0","0.002708957","medium","ok","ok","ok"
"1135","COVID-Shift-GreenPush_max_GDP","MESSAGEix-GLOBIOM 1.2","Final Energy|Residential and Commercial|Electricity","EJ/yr","[object Object]",2030,7.93929132934854,"3.668341480601553","3.668341480601553","2100","5251.72332462133","GW8","ok",,,,,,,"ok","true","C7","C7: Below 4.0°C","MESSAGEix-GLOBIOM_1.2","COV_GreenPush_max_GDP","0","0","5.310380397355593","0.2850198614078039","0","3.668341480601553","3.668341480601553","0","0.002708957","medium","ok","ok","ok"
"1135","COVID-Shift-GreenPush_max_GDP","MESSAGEix-GLOBIOM 1.2","Final Energy|Residential and Commercial|Electricity","EJ/yr","[object Object]",2035,9.01170074979318,"3.668341480601553","3.668341480601553","2100","5251.72332462133","GW8","ok",,,,,,,"ok","true","C7","C7: Below 4.0°C","MESSAGEix-GLOBIOM_1.2","COV_GreenPush_max_GDP","0","0","5.310380397355593","0.2850198614078039","0","3.668341480601553","3.668341480601553","0","0.002708957","medium","ok","ok","ok"
"1135","COVID-Shift-GreenPush_max_GDP","MESSAGEix-GLOBIOM 1.2","Final Energy|Residential and Commercial|Electricity","EJ/yr","[object Object]",2040,10.13964135893979,"3.668341480601553","3.668341480601553","2100","5251.72332462133","GW8","ok",,,,,,,"ok","true","C7","C7: Below 4.0°C","MESSAGEix-GLOBIOM_1.2","COV_GreenPush_max_GDP","0","0","5.310380397355593","0.2850198614078039","0","3.668341480601553","3.668341480601553","0","0.002708957","medium","ok","ok","ok"
"1135","COVID-Shift-GreenPush_max_GDP","MESSAGEix-GLOBIOM 1.2","Final Energy|Residential and Commercial|Electricity","EJ/yr","[object Object]",2045,11.29762910293386,"3.668341480601553","3.668341480601553","2100","5251.72332462133","GW8","ok",,,,,,,"ok","true","C7","C7: Below 4.0°C","MESSAGEix-GLOBIOM_1.2","COV_GreenPush_max_GDP","0","0","5.310380397355593","0.2850198614078039","0","3.668341480601553","3.668341480601553","0","0.002708957","medium","ok","ok","ok"
"1135","COVID-Shift-GreenPush_max_GDP","MESSAGEix-GLOBIOM 1.2","Final Energy|Residential and Commercial|Electricity","EJ/yr","[object Object]",2050,12.35191677906465,"3.668341480601553","3.668341480601553","2100","5251.72332462133","GW8","ok",,,,,,,"ok","true","C7","C7: Below 4.0°C","MESSAGEix-GLOBIOM_1.2","COV_GreenPush_max_GDP","0","0","5.310380397355593","0.2850198614078039","0","3.668341480601553","3.668341480601553","0","0.002708957","medium","ok","ok","ok"
"1135","COVID-Shift-GreenPush_max_GDP","MESSAGEix-GLOBIOM 1.2","Final Energy|Residential and Commercial|Electricity","EJ/yr","[object Object]",2055,13.40223516082263,"3.668341480601553","3.668341480601553","2100","5251.72332462133","GW8","ok",,,,,,,"ok","true","C7","C7: Below 4.0°C","MESSAGEix-GLOBIOM_1.2","COV_GreenPush_max_GDP","0","0","5.310380397355593","0.2850198614078039","0","3.668341480601553","3.668341480601553","0","0.002708957","medium","ok","ok","ok"
"1135","COVID-Shift-GreenPush_max_GDP","MESSAGEix-GLOBIOM 1.2","Final Energy|Residential and Commercial|Electricity","EJ/yr","[object Object]",2060,14.34097076420424,"3.668341480601553","3.668341480601553","2100","5251.72332462133","GW8","ok",,,,,,,"ok","true","C7","C7: Below 4.0°C","MESSAGEix-GLOBIOM_1.2","COV_GreenPush_max_GDP","0","0","5.310380397355593","0.2850198614078039","0","3.668341480601553","3.668341480601553","0","0.002708957","medium","ok","ok","ok"
"1135","COVID-Shift-GreenPush_max_GDP","MESSAGEix-GLOBIOM 1.2","Final Energy|Residential and Commercial|Electricity","EJ/yr","[object Object]",2070,17.59214835096796,"3.668341480601553","3.668341480601553","2100","5251.72332462133","GW8","ok",,,,,,,"ok","true","C7","C7: Below 4.0°C","MESSAGEix-GLOBIOM_1.2","COV_GreenPush_max_GDP","0","0","5.310380397355593","0.2850198614078039","0","3.668341480601553","3.668341480601553","0","0.002708957","medium","ok","ok","ok"
"1135","COVID-Shift-GreenPush_max_GDP","MESSAGEix-GLOBIOM 1.2","Final Energy|Residential and Commercial|Electricity","EJ/yr","[object Object]",2080,20.66196982561883,"3.668341480601553","3.668341480601553","2100","5251.72332462133","GW8","ok",,,,,,,"ok","true","C7","C7: Below 4.0°C","MESSAGEix-GLOBIOM_1.2","COV_GreenPush_max_GDP","0","0","5.310380397355593","0.2850198614078039","0","3.668341480601553","3.668341480601553","0","0.002708957","medium","ok","ok","ok"
"1135","COVID-Shift-GreenPush_max_GDP","MESSAGEix-GLOBIOM 1.2","Final Energy|Residential and Commercial|Electricity","EJ/yr","[object Object]",2090,23.22991267162218,"3.668341480601553","3.668341480601553","2100","5251.72332462133","GW8","ok",,,,,,,"ok","true","C7","C7: Below 4.0°C","MESSAGEix-GLOBIOM_1.2","COV_GreenPush_max_GDP","0","0","5.310380397355593","0.2850198614078039","0","3.668341480601553","3.668341480601553","0","0.002708957","medium","ok","ok","ok"
"1135","COVID-Shift-GreenPush_max_GDP","MESSAGEix-GLOBIOM 1.2","Final Energy|Residential and Commercial|Electricity","EJ/yr","[object Object]",2100,25.32185110861583,"3.668341480601553","3.668341480601553","2100","5251.72332462133","GW8","ok",,,,,,,"ok","true","C7","C7: Below 4.0°C","MESSAGEix-GLOBIOM_1.2","COV_GreenPush_max_GDP","0","0","5.310380397355593","0.2850198614078039","0","3.668341480601553","3.668341480601553","0","0.002708957","medium","ok","ok","ok"
"1137","COVID-Shift-NoPolicyNoCOVID","MESSAGEix-GLOBIOM 1.2","Final Energy|Residential and Commercial|Electricity","EJ/yr","[object Object]",2010,7.155450464790534,"3.611520511613984","3.611520511613984","2100","5002.41644165451","GW8","ok",,,,,,,"ok","true","C7","C7: Below 4.0°C","MESSAGEix-GLOBIOM_1.2","COV_NoPolicyNoCOVID","0","0","5.476175194147697","0.28607135300138964","0","3.611520511613984","3.611520511613984","0","0.002191024","medium","ok","ok","ok"
"1137","COVID-Shift-NoPolicyNoCOVID","MESSAGEix-GLOBIOM 1.2","Final Energy|Residential and Commercial|Electricity","EJ/yr","[object Object]",2015,6.950679227102199,"3.611520511613984","3.611520511613984","2100","5002.41644165451","GW8","ok",,,,,,,"ok","true","C7","C7: Below 4.0°C","MESSAGEix-GLOBIOM_1.2","COV_NoPolicyNoCOVID","0","0","5.476175194147697","0.28607135300138964","0","3.611520511613984","3.611520511613984","0","0.002191024","medium","ok","ok","ok"
"1137","COVID-Shift-NoPolicyNoCOVID","MESSAGEix-GLOBIOM 1.2","Final Energy|Residential and Commercial|Electricity","EJ/yr","[object Object]",2020,7.829210275617007,"3.611520511613984","3.611520511613984","2100","5002.41644165451","GW8","ok",,,,,,,"ok","true","C7","C7: Below 4.0°C","MESSAGEix-GLOBIOM_1.2","COV_NoPolicyNoCOVID","0","0","5.476175194147697","0.28607135300138964","0","3.611520511613984","3.611520511613984","0","0.002191024","medium","ok","ok","ok"
"1137","COVID-Shift-NoPolicyNoCOVID","MESSAGEix-GLOBIOM 1.2","Final Energy|Residential and Commercial|Electricity","EJ/yr","[object Object]",2021,7.864619441894006,"3.611520511613984","3.611520511613984","2100","5002.41644165451","GW8","ok",,,,,,,"ok","true","C7","C7: Below 4.0°C","MESSAGEix-GLOBIOM_1.2","COV_NoPolicyNoCOVID","0","0","5.476175194147697","0.28607135300138964","0","3.611520511613984","3.611520511613984","0","0.002191024","medium","ok","ok","ok"
"1137","COVID-Shift-NoPolicyNoCOVID","MESSAGEix-GLOBIOM 1.2","Final Energy|Residential and Commercial|Electricity","EJ/yr","[object Object]",2022,7.905653740915819,"3.611520511613984","3.611520511613984","2100","5002.41644165451","GW8","ok",,,,,,,"ok","true","C7","C7: Below 4.0°C","MESSAGEix-GLOBIOM_1.2","COV_NoPolicyNoCOVID","0","0","5.476175194147697","0.28607135300138964","0","3.611520511613984","3.611520511613984","0","0.002191024","medium","ok","ok","ok"
"1137","COVID-Shift-NoPolicyNoCOVID","MESSAGEix-GLOBIOM 1.2","Final Energy|Residential and Commercial|Electricity","EJ/yr","[object Object]",2023,7.952312535522956,"3.611520511613984","3.611520511613984","2100","5002.41644165451","GW8","ok",,,,,,,"ok","true","C7","C7: Below 4.0°C","MESSAGEix-GLOBIOM_1.2","COV_NoPolicyNoCOVID","0","0","5.476175194147697","0.28607135300138964","0","3.611520511613984","3.611520511613984","0","0.002191024","medium","ok","ok","ok"
"1137","COVID-Shift-NoPolicyNoCOVID","MESSAGEix-GLOBIOM 1.2","Final Energy|Residential and Commercial|Electricity","EJ/yr","[object Object]",2024,8.001978762818217,"3.611520511613984","3.611520511613984","2100","5002.41644165451","GW8","ok",,,,,,,"ok","true","C7","C7: Below 4.0°C","MESSAGEix-GLOBIOM_1.2","COV_NoPolicyNoCOVID","0","0","5.476175194147697","0.28607135300138964","0","3.611520511613984","3.611520511613984","0","0.002191024","medium","ok","ok","ok"
"1137","COVID-Shift-NoPolicyNoCOVID","MESSAGEix-GLOBIOM 1.2","Final Energy|Residential and Commercial|Electricity","EJ/yr","[object Object]",2025,8.011447090808053,"3.611520511613984","3.611520511613984","2100","5002.41644165451","GW8","ok",,,,,,,"ok","true","C7","C7: Below 4.0°C","MESSAGEix-GLOBIOM_1.2","COV_NoPolicyNoCOVID","0","0","5.476175194147697","0.28607135300138964","0","3.611520511613984","3.611520511613984","0","0.002191024","medium","ok","ok","ok"
"1137","COVID-Shift-NoPolicyNoCOVID","MESSAGEix-GLOBIOM 1.2","Final Energy|Residential and Commercial|Electricity","EJ/yr","[object Object]",2030,8.67877036486764,"3.611520511613984","3.611520511613984","2100","5002.41644165451","GW8","ok",,,,,,,"ok","true","C7","C7: Below 4.0°C","MESSAGEix-GLOBIOM_1.2","COV_NoPolicyNoCOVID","0","0","5.476175194147697","0.28607135300138964","0","3.611520511613984","3.611520511613984","0","0.002191024","medium","ok","ok","ok"
"1137","COVID-Shift-NoPolicyNoCOVID","MESSAGEix-GLOBIOM 1.2","Final Energy|Residential and Commercial|Electricity","EJ/yr","[object Object]",2035,8.83138511841399,"3.611520511613984","3.611520511613984","2100","5002.41644165451","GW8","ok",,,,,,,"ok","true","C7","C7: Below 4.0°C","MESSAGEix-GLOBIOM_1.2","COV_NoPolicyNoCOVID","0","0","5.476175194147697","0.28607135300138964","0","3.611520511613984","3.611520511613984","0","0.002191024","medium","ok","ok","ok"
"1137","COVID-Shift-NoPolicyNoCOVID","MESSAGEix-GLOBIOM 1.2","Final Energy|Residential and Commercial|Electricity","EJ/yr","[object Object]",2040,9.61566234501722,"3.611520511613984","3.611520511613984","2100","5002.41644165451","GW8","ok",,,,,,,"ok","true","C7","C7: Below 4.0°C","MESSAGEix-GLOBIOM_1.2","COV_NoPolicyNoCOVID","0","0","5.476175194147697","0.28607135300138964","0","3.611520511613984","3.611520511613984","0","0.002191024","medium","ok","ok","ok"
"1137","COVID-Shift-NoPolicyNoCOVID","MESSAGEix-GLOBIOM 1.2","Final Energy|Residential and Commercial|Electricity","EJ/yr","[object Object]",2045,9.96232175516356,"3.611520511613984","3.611520511613984","2100","5002.41644165451","GW8","ok",,,,,,,"ok","true","C7","C7: Below 4.0°C","MESSAGEix-GLOBIOM_1.2","COV_NoPolicyNoCOVID","0","0","5.476175194147697","0.28607135300138964","0","3.611520511613984","3.611520511613984","0","0.002191024","medium","ok","ok","ok"
"1137","COVID-Shift-NoPolicyNoCOVID","MESSAGEix-GLOBIOM 1.2","Final Energy|Residential and Commercial|Electricity","EJ/yr","[object Object]",2050,10.77612611417858,"3.611520511613984","3.611520511613984","2100","5002.41644165451","GW8","ok",,,,,,,"ok","true","C7","C7: Below 4.0°C","MESSAGEix-GLOBIOM_1.2","COV_NoPolicyNoCOVID","0","0","5.476175194147697","0.28607135300138964","0","3.611520511613984","3.611520511613984","0","0.002191024","medium","ok","ok","ok"
"1137","COVID-Shift-NoPolicyNoCOVID","MESSAGEix-GLOBIOM 1.2","Final Energy|Residential and Commercial|Electricity","EJ/yr","[object Object]",2055,11.65364506659315,"3.611520511613984","3.611520511613984","2100","5002.41644165451","GW8","ok",,,,,,,"ok","true","C7","C7: Below 4.0°C","MESSAGEix-GLOBIOM_1.2","COV_NoPolicyNoCOVID","0","0","5.476175194147697","0.28607135300138964","0","3.611520511613984","3.611520511613984","0","0.002191024","medium","ok","ok","ok"
"1137","COVID-Shift-NoPolicyNoCOVID","MESSAGEix-GLOBIOM 1.2","Final Energy|Residential and Commercial|Electricity","EJ/yr","[object Object]",2060,12.63161297022503,"3.611520511613984","3.611520511613984","2100","5002.41644165451","GW8","ok",,,,,,,"ok","true","C7","C7: Below 4.0°C","MESSAGEix-GLOBIOM_1.2","COV_NoPolicyNoCOVID","0","0","5.476175194147697","0.28607135300138964","0","3.611520511613984","3.611520511613984","0","0.002191024","medium","ok","ok","ok"
"1137","COVID-Shift-NoPolicyNoCOVID","MESSAGEix-GLOBIOM 1.2","Final Energy|Residential and Commercial|Electricity","EJ/yr","[object Object]",2070,14.68607982778337,"3.611520511613984","3.611520511613984","2100","5002.41644165451","GW8","ok",,,,,,,"ok","true","C7","C7: Below 4.0°C","MESSAGEix-GLOBIOM_1.2","COV_NoPolicyNoCOVID","0","0","5.476175194147697","0.28607135300138964","0","3.611520511613984","3.611520511613984","0","0.002191024","medium","ok","ok","ok"
"1137","COVID-Shift-NoPolicyNoCOVID","MESSAGEix-GLOBIOM 1.2","Final Energy|Residential and Commercial|Electricity","EJ/yr","[object Object]",2080,16.8329368467667,"3.611520511613984","3.611520511613984","2100","5002.41644165451","GW8","ok",,,,,,,"ok","true","C7","C7: Below 4.0°C","MESSAGEix-GLOBIOM_1.2","COV_NoPolicyNoCOVID","0","0","5.476175194147697","0.28607135300138964","0","3.611520511613984","3.611520511613984","0","0.002191024","medium","ok","ok","ok"
"1137","COVID-Shift-NoPolicyNoCOVID","MESSAGEix-GLOBIOM 1.2","Final Energy|Residential and Commercial|Electricity","EJ/yr","[object Object]",2090,18.9124401037583,"3.611520511613984","3.611520511613984","2100","5002.41644165451","GW8","ok",,,,,,,"ok","true","C7","C7: Below 4.0°C","MESSAGEix-GLOBIOM_1.2","COV_NoPolicyNoCOVID","0","0","5.476175194147697","0.28607135300138964","0","3.611520511613984","3.611520511613984","0","0.002191024","medium","ok","ok","ok"
"1137","COVID-Shift-NoPolicyNoCOVID","MESSAGEix-GLOBIOM 1.2","Final Energy|Residential and Commercial|Electricity","EJ/yr","[object Object]",2100,20.97128681598333,"3.611520511613984","3.611520511613984","2100","5002.41644165451","GW8","ok",,,,,,,"ok","true","C7","C7: Below 4.0°C","MESSAGEix-GLOBIOM_1.2","COV_NoPolicyNoCOVID","0","0","5.476175194147697","0.28607135300138964","0","3.611520511613984","3.611520511613984","0","0.002191024","medium","ok","ok","ok"
"1140","COVID-Shift-Restore","MESSAGEix-GLOBIOM 1.2","Final Energy|Residential and Commercial|Electricity","EJ/yr","[object Object]",2010,7.155450464790534,"3.529888759057458","3.529888759057458","2100","4792.2337213311985","GW8","ok",,,,,,,"ok","true","C7","C7: Below 4.0°C","MESSAGEix-GLOBIOM_1.2","COV_Restore","0","0","5.667433519430645","0.28554273755490556","0","3.529888759057458","3.529888759057458","0","0.002569736","medium","ok","ok","ok"
"1140","COVID-Shift-Restore","MESSAGEix-GLOBIOM 1.2","Final Energy|Residential and Commercial|Electricity","EJ/yr","[object Object]",2015,6.950679227102199,"3.529888759057458","3.529888759057458","2100","4792.2337213311985","GW8","ok",,,,,,,"ok","true","C7","C7: Below 4.0°C","MESSAGEix-GLOBIOM_1.2","COV_Restore","0","0","5.667433519430645","0.28554273755490556","0","3.529888759057458","3.529888759057458","0","0.002569736","medium","ok","ok","ok"
"1140","COVID-Shift-Restore","MESSAGEix-GLOBIOM 1.2","Final Energy|Residential and Commercial|Electricity","EJ/yr","[object Object]",2020,6.772005279445459,"3.529888759057458","3.529888759057458","2100","4792.2337213311985","GW8","ok",,,,,,,"ok","true","C7","C7: Below 4.0°C","MESSAGEix-GLOBIOM_1.2","COV_Restore","0","0","5.667433519430645","0.28554273755490556","0","3.529888759057458","3.529888759057458","0","0.002569736","medium","ok","ok","ok"
"1140","COVID-Shift-Restore","MESSAGEix-GLOBIOM 1.2","Final Energy|Residential and Commercial|Electricity","EJ/yr","[object Object]",2021,6.410407664526433,"3.529888759057458","3.529888759057458","2100","4792.2337213311985","GW8","ok",,,,,,,"ok","true","C7","C7: Below 4.0°C","MESSAGEix-GLOBIOM_1.2","COV_Restore","0","0","5.667433519430645","0.28554273755490556","0","3.529888759057458","3.529888759057458","0","0.002569736","medium","ok","ok","ok"
"1140","COVID-Shift-Restore","MESSAGEix-GLOBIOM 1.2","Final Energy|Residential and Commercial|Electricity","EJ/yr","[object Object]",2022,6.498993322488191,"3.529888759057458","3.529888759057458","2100","4792.2337213311985","GW8","ok",,,,,,,"ok","true","C7","C7: Below 4.0°C","MESSAGEix-GLOBIOM_1.2","COV_Restore","0","0","5.667433519430645","0.28554273755490556","0","3.529888759057458","3.529888759057458","0","0.002569736","medium","ok","ok","ok"
"1140","COVID-Shift-Restore","MESSAGEix-GLOBIOM 1.2","Final Energy|Residential and Commercial|Electricity","EJ/yr","[object Object]",2023,6.616117996758028,"3.529888759057458","3.529888759057458","2100","4792.2337213311985","GW8","ok",,,,,,,"ok","true","C7","C7: Below 4.0°C","MESSAGEix-GLOBIOM_1.2","COV_Restore","0","0","5.667433519430645","0.28554273755490556","0","3.529888759057458","3.529888759057458","0","0.002569736","medium","ok","ok","ok"
"1140","COVID-Shift-Restore","MESSAGEix-GLOBIOM 1.2","Final Energy|Residential and Commercial|Electricity","EJ/yr","[object Object]",2024,6.753237866140847,"3.529888759057458","3.529888759057458","2100","4792.2337213311985","GW8","ok",,,,,,,"ok","true","C7","C7: Below 4.0°C","MESSAGEix-GLOBIOM_1.2","COV_Restore","0","0","5.667433519430645","0.28554273755490556","0","3.529888759057458","3.529888759057458","0","0.002569736","medium","ok","ok","ok"
"1140","COVID-Shift-Restore","MESSAGEix-GLOBIOM 1.2","Final Energy|Residential and Commercial|Electricity","EJ/yr","[object Object]",2025,6.813731002349363,"3.529888759057458","3.529888759057458","2100","4792.2337213311985","GW8","ok",,,,,,,"ok","true","C7","C7: Below 4.0°C","MESSAGEix-GLOBIOM_1.2","COV_Restore","0","0","5.667433519430645","0.28554273755490556","0","3.529888759057458","3.529888759057458","0","0.002569736","medium","ok","ok","ok"
"1140","COVID-Shift-Restore","MESSAGEix-GLOBIOM 1.2","Final Energy|Residential and Commercial|Electricity","EJ/yr","[object Object]",2030,7.12550523564185,"3.529888759057458","3.529888759057458","2100","4792.2337213311985","GW8","ok",,,,,,,"ok","true","C7","C7: Below 4.0°C","MESSAGEix-GLOBIOM_1.2","COV_Restore","0","0","5.667433519430645","0.28554273755490556","0","3.529888759057458","3.529888759057458","0","0.002569736","medium","ok","ok","ok"
"1140","COVID-Shift-Restore","MESSAGEix-GLOBIOM 1.2","Final Energy|Residential and Commercial|Electricity","EJ/yr","[object Object]",2035,7.90642344063918,"3.529888759057458","3.529888759057458","2100","4792.2337213311985","GW8","ok",,,,,,,"ok","true","C7","C7: Below 4.0°C","MESSAGEix-GLOBIOM_1.2","COV_Restore","0","0","5.667433519430645","0.28554273755490556","0","3.529888759057458","3.529888759057458","0","0.002569736","medium","ok","ok","ok"
"1140","COVID-Shift-Restore","MESSAGEix-GLOBIOM 1.2","Final Energy|Residential and Commercial|Electricity","EJ/yr","[object Object]",2040,8.81501133280872,"3.529888759057458","3.529888759057458","2100","4792.2337213311985","GW8","ok",,,,,,,"ok","true","C7","C7: Below 4.0°C","MESSAGEix-GLOBIOM_1.2","COV_Restore","0","0","5.667433519430645","0.28554273755490556","0","3.529888759057458","3.529888759057458","0","0.002569736","medium","ok","ok","ok"
"1140","COVID-Shift-Restore","MESSAGEix-GLOBIOM 1.2","Final Energy|Residential and Commercial|Electricity","EJ/yr","[object Object]",2045,9.77458712927864,"3.529888759057458","3.529888759057458","2100","4792.2337213311985","GW8","ok",,,,,,,"ok","true","C7","C7: Below 4.0°C","MESSAGEix-GLOBIOM_1.2","COV_Restore","0","0","5.667433519430645","0.28554273755490556","0","3.529888759057458","3.529888759057458","0","0.002569736","medium","ok","ok","ok"
"1140","COVID-Shift-Restore","MESSAGEix-GLOBIOM 1.2","Final Energy|Residential and Commercial|Electricity","EJ/yr","[object Object]",2050,10.68198807351847,"3.529888759057458","3.529888759057458","2100","4792.2337213311985","GW8","ok",,,,,,,"ok","true","C7","C7: Below 4.0°C","MESSAGEix-GLOBIOM_1.2","COV_Restore","0","0","5.667433519430645","0.28554273755490556","0","3.529888759057458","3.529888759057458","0","0.002569736","medium","ok","ok","ok"
"1140","COVID-Shift-Restore","MESSAGEix-GLOBIOM 1.2","Final Energy|Residential and Commercial|Electricity","EJ/yr","[object Object]",2055,11.65283770710005,"3.529888759057458","3.529888759057458","2100","4792.2337213311985","GW8","ok",,,,,,,"ok","true","C7","C7: Below 4.0°C","MESSAGEix-GLOBIOM_1.2","COV_Restore","0","0","5.667433519430645","0.28554273755490556","0","3.529888759057458","3.529888759057458","0","0.002569736","medium","ok","ok","ok"
"1140","COVID-Shift-Restore","MESSAGEix-GLOBIOM 1.2","Final Energy|Residential and Commercial|Electricity","EJ/yr","[object Object]",2060,12.63163738884489,"3.529888759057458","3.529888759057458","2100","4792.2337213311985","GW8","ok",,,,,,,"ok","true","C7","C7: Below 4.0°C","MESSAGEix-GLOBIOM_1.2","COV_Restore","0","0","5.667433519430645","0.28554273755490556","0","3.529888759057458","3.529888759057458","0","0.002569736","medium","ok","ok","ok"
"1140","COVID-Shift-Restore","MESSAGEix-GLOBIOM 1.2","Final Energy|Residential and Commercial|Electricity","EJ/yr","[object Object]",2070,14.6861310377952,"3.529888759057458","3.529888759057458","2100","4792.2337213311985","GW8","ok",,,,,,,"ok","true","C7","C7: Below 4.0°C","MESSAGEix-GLOBIOM_1.2","COV_Restore","0","0","5.667433519430645","0.28554273755490556","0","3.529888759057458","3.529888759057458","0","0.002569736","medium","ok","ok","ok"
"1140","COVID-Shift-Restore","MESSAGEix-GLOBIOM 1.2","Final Energy|Residential and Commercial|Electricity","EJ/yr","[object Object]",2080,16.83296373173439,"3.529888759057458","3.529888759057458","2100","4792.2337213311985","GW8","ok",,,,,,,"ok","true","C7","C7: Below 4.0°C","MESSAGEix-GLOBIOM_1.2","COV_Restore","0","0","5.667433519430645","0.28554273755490556","0","3.529888759057458","3.529888759057458","0","0.002569736","medium","ok","ok","ok"
"1140","COVID-Shift-Restore","MESSAGEix-GLOBIOM 1.2","Final Energy|Residential and Commercial|Electricity","EJ/yr","[object Object]",2090,18.91247673546351,"3.529888759057458","3.529888759057458","2100","4792.2337213311985","GW8","ok",,,,,,,"ok","true","C7","C7: Below 4.0°C","MESSAGEix-GLOBIOM_1.2","COV_Restore","0","0","5.667433519430645","0.28554273755490556","0","3.529888759057458","3.529888759057458","0","0.002569736","medium","ok","ok","ok"
"1140","COVID-Shift-Restore","MESSAGEix-GLOBIOM 1.2","Final Energy|Residential and Commercial|Electricity","EJ/yr","[object Object]",2100,20.97136832594888,"3.529888759057458","3.529888759057458","2100","4792.2337213311985","GW8","ok",,,,,,,"ok","true","C7","C7: Below 4.0°C","MESSAGEix-GLOBIOM_1.2","COV_Restore","0","0","5.667433519430645","0.28554273755490556","0","3.529888759057458","3.529888759057458","0","0.002569736","medium","ok","ok","ok"
"1143","COVID-Shift-SelfReliance","MESSAGEix-GLOBIOM 1.2","Final Energy|Residential and Commercial|Electricity","EJ/yr","[object Object]",2010,7.155450464790534,"3.599815132348226","3.599815132348226","2100","4987.9775352100205","GW8","ok",,,,,,,"ok","true","C7","C7: Below 4.0°C","MESSAGEix-GLOBIOM_1.2","COV_SelfReliance","0","0","5.47994751019251","0.28562817294286447","0","3.599815132348226","3.599815132348226","0","0.002515936","medium","ok","ok","ok"
"1143","COVID-Shift-SelfReliance","MESSAGEix-GLOBIOM 1.2","Final Energy|Residential and Commercial|Electricity","EJ/yr","[object Object]",2015,6.950679227102199,"3.599815132348226","3.599815132348226","2100","4987.9775352100205","GW8","ok",,,,,,,"ok","true","C7","C7: Below 4.0°C","MESSAGEix-GLOBIOM_1.2","COV_SelfReliance","0","0","5.47994751019251","0.28562817294286447","0","3.599815132348226","3.599815132348226","0","0.002515936","medium","ok","ok","ok"
"1143","COVID-Shift-SelfReliance","MESSAGEix-GLOBIOM 1.2","Final Energy|Residential and Commercial|Electricity","EJ/yr","[object Object]",2020,6.768379035653235,"3.599815132348226","3.599815132348226","2100","4987.9775352100205","GW8","ok",,,,,,,"ok","true","C7","C7: Below 4.0°C","MESSAGEix-GLOBIOM_1.2","COV_SelfReliance","0","0","5.47994751019251","0.28562817294286447","0","3.599815132348226","3.599815132348226","0","0.002515936","medium","ok","ok","ok"
"1143","COVID-Shift-SelfReliance","MESSAGEix-GLOBIOM 1.2","Final Energy|Residential and Commercial|Electricity","EJ/yr","[object Object]",2021,6.900992020431652,"3.599815132348226","3.599815132348226","2100","4987.9775352100205","GW8","ok",,,,,,,"ok","true","C7","C7: Below 4.0°C","MESSAGEix-GLOBIOM_1.2","COV_SelfReliance","0","0","5.47994751019251","0.28562817294286447","0","3.599815132348226","3.599815132348226","0","0.002515936","medium","ok","ok","ok"
"1143","COVID-Shift-SelfReliance","MESSAGEix-GLOBIOM 1.2","Final Energy|Residential and Commercial|Electricity","EJ/yr","[object Object]",2022,6.981747598201851,"3.599815132348226","3.599815132348226","2100","4987.9775352100205","GW8","ok",,,,,,,"ok","true","C7","C7: Below 4.0°C","MESSAGEix-GLOBIOM_1.2","COV_SelfReliance","0","0","5.47994751019251","0.28562817294286447","0","3.599815132348226","3.599815132348226","0","0.002515936","medium","ok","ok","ok"
"1143","COVID-Shift-SelfReliance","MESSAGEix-GLOBIOM 1.2","Final Energy|Residential and Commercial|Electricity","EJ/yr","[object Object]",2023,7.073611590476608,"3.599815132348226","3.599815132348226","2100","4987.9775352100205","GW8","ok",,,,,,,"ok","true","C7","C7: Below 4.0°C","MESSAGEix-GLOBIOM_1.2","COV_SelfReliance","0","0","5.47994751019251","0.28562817294286447","0","3.599815132348226","3.599815132348226","0","0.002515936","medium","ok","ok","ok"
"1143","COVID-Shift-SelfReliance","MESSAGEix-GLOBIOM 1.2","Final Energy|Residential and Commercial|Electricity","EJ/yr","[object Object]",2024,7.102562897174404,"3.599815132348226","3.599815132348226","2100","4987.9775352100205","GW8","ok",,,,,,,"ok","true","C7","C7: Below 4.0°C","MESSAGEix-GLOBIOM_1.2","COV_SelfReliance","0","0","5.47994751019251","0.28562817294286447","0","3.599815132348226","3.599815132348226","0","0.002515936","medium","ok","ok","ok"
"1143","COVID-Shift-SelfReliance","MESSAGEix-GLOBIOM 1.2","Final Energy|Residential and Commercial|Electricity","EJ/yr","[object Object]",2025,7.14114141551441,"3.599815132348226","3.599815132348226","2100","4987.9775352100205","GW8","ok",,,,,,,"ok","true","C7","C7: Below 4.0°C","MESSAGEix-GLOBIOM_1.2","COV_SelfReliance","0","0","5.47994751019251","0.28562817294286447","0","3.599815132348226","3.599815132348226","0","0.002515936","medium","ok","ok","ok"
"1143","COVID-Shift-SelfReliance","MESSAGEix-GLOBIOM 1.2","Final Energy|Residential and Commercial|Electricity","EJ/yr","[object Object]",2030,7.53150805783553,"3.599815132348226","3.599815132348226","2100","4987.9775352100205","GW8","ok",,,,,,,"ok","true","C7","C7: Below 4.0°C","MESSAGEix-GLOBIOM_1.2","COV_SelfReliance","0","0","5.47994751019251","0.28562817294286447","0","3.599815132348226","3.599815132348226","0","0.002515936","medium","ok","ok","ok"
"1143","COVID-Shift-SelfReliance","MESSAGEix-GLOBIOM 1.2","Final Energy|Residential and Commercial|Electricity","EJ/yr","[object Object]",2035,8.51850628414278,"3.599815132348226","3.599815132348226","2100","4987.9775352100205","GW8","ok",,,,,,,"ok","true","C7","C7: Below 4.0°C","MESSAGEix-GLOBIOM_1.2","COV_SelfReliance","0","0","5.47994751019251","0.28562817294286447","0","3.599815132348226","3.599815132348226","0","0.002515936","medium","ok","ok","ok"
"1143","COVID-Shift-SelfReliance","MESSAGEix-GLOBIOM 1.2","Final Energy|Residential and Commercial|Electricity","EJ/yr","[object Object]",2040,9.49716034915614,"3.599815132348226","3.599815132348226","2100","4987.9775352100205","GW8","ok",,,,,,,"ok","true","C7","C7: Below 4.0°C","MESSAGEix-GLOBIOM_1.2","COV_SelfReliance","0","0","5.47994751019251","0.28562817294286447","0","3.599815132348226","3.599815132348226","0","0.002515936","medium","ok","ok","ok"
"1143","COVID-Shift-SelfReliance","MESSAGEix-GLOBIOM 1.2","Final Energy|Residential and Commercial|Electricity","EJ/yr","[object Object]",2045,10.53226208923309,"3.599815132348226","3.599815132348226","2100","4987.9775352100205","GW8","ok",,,,,,,"ok","true","C7","C7: Below 4.0°C","MESSAGEix-GLOBIOM_1.2","COV_SelfReliance","0","0","5.47994751019251","0.28562817294286447","0","3.599815132348226","3.599815132348226","0","0.002515936","medium","ok","ok","ok"
"1143","COVID-Shift-SelfReliance","MESSAGEix-GLOBIOM 1.2","Final Energy|Residential and Commercial|Electricity","EJ/yr","[object Object]",2050,11.51041303208964,"3.599815132348226","3.599815132348226","2100","4987.9775352100205","GW8","ok",,,,,,,"ok","true","C7","C7: Below 4.0°C","MESSAGEix-GLOBIOM_1.2","COV_SelfReliance","0","0","5.47994751019251","0.28562817294286447","0","3.599815132348226","3.599815132348226","0","0.002515936","medium","ok","ok","ok"
"1143","COVID-Shift-SelfReliance","MESSAGEix-GLOBIOM 1.2","Final Energy|Residential and Commercial|Electricity","EJ/yr","[object Object]",2055,12.55736058219917,"3.599815132348226","3.599815132348226","2100","4987.9775352100205","GW8","ok",,,,,,,"ok","true","C7","C7: Below 4.0°C","MESSAGEix-GLOBIOM_1.2","COV_SelfReliance","0","0","5.47994751019251","0.28562817294286447","0","3.599815132348226","3.599815132348226","0","0.002515936","medium","ok","ok","ok"
"1143","COVID-Shift-SelfReliance","MESSAGEix-GLOBIOM 1.2","Final Energy|Residential and Commercial|Electricity","EJ/yr","[object Object]",2060,13.6097677554081,"3.599815132348226","3.599815132348226","2100","4987.9775352100205","GW8","ok",,,,,,,"ok","true","C7","C7: Below 4.0°C","MESSAGEix-GLOBIOM_1.2","COV_SelfReliance","0","0","5.47994751019251","0.28562817294286447","0","3.599815132348226","3.599815132348226","0","0.002515936","medium","ok","ok","ok"
"1143","COVID-Shift-SelfReliance","MESSAGEix-GLOBIOM 1.2","Final Energy|Residential and Commercial|Electricity","EJ/yr","[object Object]",2070,15.82325109648492,"3.599815132348226","3.599815132348226","2100","4987.9775352100205","GW8","ok",,,,,,,"ok","true","C7","C7: Below 4.0°C","MESSAGEix-GLOBIOM_1.2","COV_SelfReliance","0","0","5.47994751019251","0.28562817294286447","0","3.599815132348226","3.599815132348226","0","0.002515936","medium","ok","ok","ok"
"1143","COVID-Shift-SelfReliance","MESSAGEix-GLOBIOM 1.2","Final Energy|Residential and Commercial|Electricity","EJ/yr","[object Object]",2080,18.13621949829599,"3.599815132348226","3.599815132348226","2100","4987.9775352100205","GW8","ok",,,,,,,"ok","true","C7","C7: Below 4.0°C","MESSAGEix-GLOBIOM_1.2","COV_SelfReliance","0","0","5.47994751019251","0.28562817294286447","0","3.599815132348226","3.599815132348226","0","0.002515936","medium","ok","ok","ok"
"1143","COVID-Shift-SelfReliance","MESSAGEix-GLOBIOM 1.2","Final Energy|Residential and Commercial|Electricity","EJ/yr","[object Object]",2090,20.37658486237765,"3.599815132348226","3.599815132348226","2100","4987.9775352100205","GW8","ok",,,,,,,"ok","true","C7","C7: Below 4.0°C","MESSAGEix-GLOBIOM_1.2","COV_SelfReliance","0","0","5.47994751019251","0.28562817294286447","0","3.599815132348226","3.599815132348226","0","0.002515936","medium","ok","ok","ok"
"1143","COVID-Shift-SelfReliance","MESSAGEix-GLOBIOM 1.2","Final Energy|Residential and Commercial|Electricity","EJ/yr","[object Object]",2100,22.59492421301353,"3.599815132348226","3.599815132348226","2100","4987.9775352100205","GW8","ok",,,,,,,"ok","true","C7","C7: Below 4.0°C","MESSAGEix-GLOBIOM_1.2","COV_SelfReliance","0","0","5.47994751019251","0.28562817294286447","0","3.599815132348226","3.599815132348226","0","0.002515936","medium","ok","ok","ok"
"1146","COVID-Shift-SelfReliance_max_GDP","MESSAGEix-GLOBIOM 1.2","Final Energy|Residential and Commercial|Electricity","EJ/yr","[object Object]",2010,7.155450464790534,"3.650304297816477","3.650304297816477","2100","5660.689093339267","GW8","ok",,,,,,,"ok","true","C7","C7: Below 4.0°C","MESSAGEix-GLOBIOM_1.2","COV_SelfReliance_max_GDP","0","0","4.953061763470119","0.28423750490341604","0","3.650304297816477","3.650304297816477","0","0.002711675","medium","ok","ok","ok"
"1146","COVID-Shift-SelfReliance_max_GDP","MESSAGEix-GLOBIOM 1.2","Final Energy|Residential and Commercial|Electricity","EJ/yr","[object Object]",2015,6.950679227102199,"3.650304297816477","3.650304297816477","2100","5660.689093339267","GW8","ok",,,,,,,"ok","true","C7","C7: Below 4.0°C","MESSAGEix-GLOBIOM_1.2","COV_SelfReliance_max_GDP","0","0","4.953061763470119","0.28423750490341604","0","3.650304297816477","3.650304297816477","0","0.002711675","medium","ok","ok","ok"
"1146","COVID-Shift-SelfReliance_max_GDP","MESSAGEix-GLOBIOM 1.2","Final Energy|Residential and Commercial|Electricity","EJ/yr","[object Object]",2020,6.905778736815221,"3.650304297816477","3.650304297816477","2100","5660.689093339267","GW8","ok",,,,,,,"ok","true","C7","C7: Below 4.0°C","MESSAGEix-GLOBIOM_1.2","COV_SelfReliance_max_GDP","0","0","4.953061763470119","0.28423750490341604","0","3.650304297816477","3.650304297816477","0","0.002711675","medium","ok","ok","ok"
"1146","COVID-Shift-SelfReliance_max_GDP","MESSAGEix-GLOBIOM 1.2","Final Energy|Residential and Commercial|Electricity","EJ/yr","[object Object]",2021,7.151714495365308,"3.650304297816477","3.650304297816477","2100","5660.689093339267","GW8","ok",,,,,,,"ok","true","C7","C7: Below 4.0°C","MESSAGEix-GLOBIOM_1.2","COV_SelfReliance_max_GDP","0","0","4.953061763470119","0.28423750490341604","0","3.650304297816477","3.650304297816477","0","0.002711675","medium","ok","ok","ok"
"1146","COVID-Shift-SelfReliance_max_GDP","MESSAGEix-GLOBIOM 1.2","Final Energy|Residential and Commercial|Electricity","EJ/yr","[object Object]",2022,7.190854541877502,"3.650304297816477","3.650304297816477","2100","5660.689093339267","GW8","ok",,,,,,,"ok","true","C7","C7: Below 4.0°C","MESSAGEix-GLOBIOM_1.2","COV_SelfReliance_max_GDP","0","0","4.953061763470119","0.28423750490341604","0","3.650304297816477","3.650304297816477","0","0.002711675","medium","ok","ok","ok"
"1146","COVID-Shift-SelfReliance_max_GDP","MESSAGEix-GLOBIOM 1.2","Final Energy|Residential and Commercial|Electricity","EJ/yr","[object Object]",2023,7.27035846289134,"3.650304297816477","3.650304297816477","2100","5660.689093339267","GW8","ok",,,,,,,"ok","true","C7","C7: Below 4.0°C","MESSAGEix-GLOBIOM_1.2","COV_SelfReliance_max_GDP","0","0","4.953061763470119","0.28423750490341604","0","3.650304297816477","3.650304297816477","0","0.002711675","medium","ok","ok","ok"
"1146","COVID-Shift-SelfReliance_max_GDP","MESSAGEix-GLOBIOM 1.2","Final Energy|Residential and Commercial|Electricity","EJ/yr","[object Object]",2024,7.36935721832935,"3.650304297816477","3.650304297816477","2100","5660.689093339267","GW8","ok",,,,,,,"ok","true","C7","C7: Below 4.0°C","MESSAGEix-GLOBIOM_1.2","COV_SelfReliance_max_GDP","0","0","4.953061763470119","0.28423750490341604","0","3.650304297816477","3.650304297816477","0","0.002711675","medium","ok","ok","ok"
"1146","COVID-Shift-SelfReliance_max_GDP","MESSAGEix-GLOBIOM 1.2","Final Energy|Residential and Commercial|Electricity","EJ/yr","[object Object]",2025,7.47751113653116,"3.650304297816477","3.650304297816477","2100","5660.689093339267","GW8","ok",,,,,,,"ok","true","C7","C7: Below 4.0°C","MESSAGEix-GLOBIOM_1.2","COV_SelfReliance_max_GDP","0","0","4.953061763470119","0.28423750490341604","0","3.650304297816477","3.650304297816477","0","0.002711675","medium","ok","ok","ok"
"1146","COVID-Shift-SelfReliance_max_GDP","MESSAGEix-GLOBIOM 1.2","Final Energy|Residential and Commercial|Electricity","EJ/yr","[object Object]",2030,8.087104411524841,"3.650304297816477","3.650304297816477","2100","5660.689093339267","GW8","ok",,,,,,,"ok","true","C7","C7: Below 4.0°C","MESSAGEix-GLOBIOM_1.2","COV_SelfReliance_max_GDP","0","0","4.953061763470119","0.28423750490341604","0","3.650304297816477","3.650304297816477","0","0.002711675","medium","ok","ok","ok"
"1146","COVID-Shift-SelfReliance_max_GDP","MESSAGEix-GLOBIOM 1.2","Final Energy|Residential and Commercial|Electricity","EJ/yr","[object Object]",2035,9.37274344984209,"3.650304297816477","3.650304297816477","2100","5660.689093339267","GW8","ok",,,,,,,"ok","true","C7","C7: Below 4.0°C","MESSAGEix-GLOBIOM_1.2","COV_SelfReliance_max_GDP","0","0","4.953061763470119","0.28423750490341604","0","3.650304297816477","3.650304297816477","0","0.002711675","medium","ok","ok","ok"
"1146","COVID-Shift-SelfReliance_max_GDP","MESSAGEix-GLOBIOM 1.2","Final Energy|Residential and Commercial|Electricity","EJ/yr","[object Object]",2040,10.55976061251646,"3.650304297816477","3.650304297816477","2100","5660.689093339267","GW8","ok",,,,,,,"ok","true","C7","C7: Below 4.0°C","MESSAGEix-GLOBIOM_1.2","COV_SelfReliance_max_GDP","0","0","4.953061763470119","0.28423750490341604","0","3.650304297816477","3.650304297816477","0","0.002711675","medium","ok","ok","ok"
"1146","COVID-Shift-SelfReliance_max_GDP","MESSAGEix-GLOBIOM 1.2","Final Energy|Residential and Commercial|Electricity","EJ/yr","[object Object]",2045,11.77708801541127,"3.650304297816477","3.650304297816477","2100","5660.689093339267","GW8","ok",,,,,,,"ok","true","C7","C7: Below 4.0°C","MESSAGEix-GLOBIOM_1.2","COV_SelfReliance_max_GDP","0","0","4.953061763470119","0.28423750490341604","0","3.650304297816477","3.650304297816477","0","0.002711675","medium","ok","ok","ok"
"1146","COVID-Shift-SelfReliance_max_GDP","MESSAGEix-GLOBIOM 1.2","Final Energy|Residential and Commercial|Electricity","EJ/yr","[object Object]",2050,12.89194857349441,"3.650304297816477","3.650304297816477","2100","5660.689093339267","GW8","ok",,,,,,,"ok","true","C7","C7: Below 4.0°C","MESSAGEix-GLOBIOM_1.2","COV_SelfReliance_max_GDP","0","0","4.953061763470119","0.28423750490341604","0","3.650304297816477","3.650304297816477","0","0.002711675","medium","ok","ok","ok"
"1146","COVID-Shift-SelfReliance_max_GDP","MESSAGEix-GLOBIOM 1.2","Final Energy|Residential and Commercial|Electricity","EJ/yr","[object Object]",2055,14.00293316018296,"3.650304297816477","3.650304297816477","2100","5660.689093339267","GW8","ok",,,,,,,"ok","true","C7","C7: Below 4.0°C","MESSAGEix-GLOBIOM_1.2","COV_SelfReliance_max_GDP","0","0","4.953061763470119","0.28423750490341604","0","3.650304297816477","3.650304297816477","0","0.002711675","medium","ok","ok","ok"
"1146","COVID-Shift-SelfReliance_max_GDP","MESSAGEix-GLOBIOM 1.2","Final Energy|Residential and Commercial|Electricity","EJ/yr","[object Object]",2060,15.00227187624356,"3.650304297816477","3.650304297816477","2100","5660.689093339267","GW8","ok",,,,,,,"ok","true","C7","C7: Below 4.0°C","MESSAGEix-GLOBIOM_1.2","COV_SelfReliance_max_GDP","0","0","4.953061763470119","0.28423750490341604","0","3.650304297816477","3.650304297816477","0","0.002711675","medium","ok","ok","ok"
"1146","COVID-Shift-SelfReliance_max_GDP","MESSAGEix-GLOBIOM 1.2","Final Energy|Residential and Commercial|Electricity","EJ/yr","[object Object]",2070,18.46489711281741,"3.650304297816477","3.650304297816477","2100","5660.689093339267","GW8","ok",,,,,,,"ok","true","C7","C7: Below 4.0°C","MESSAGEix-GLOBIOM_1.2","COV_SelfReliance_max_GDP","0","0","4.953061763470119","0.28423750490341604","0","3.650304297816477","3.650304297816477","0","0.002711675","medium","ok","ok","ok"
"1146","COVID-Shift-SelfReliance_max_GDP","MESSAGEix-GLOBIOM 1.2","Final Energy|Residential and Commercial|Electricity","EJ/yr","[object Object]",2080,21.69299756166017,"3.650304297816477","3.650304297816477","2100","5660.689093339267","GW8","ok",,,,,,,"ok","true","C7","C7: Below 4.0°C","MESSAGEix-GLOBIOM_1.2","COV_SelfReliance_max_GDP","0","0","4.953061763470119","0.28423750490341604","0","3.650304297816477","3.650304297816477","0","0.002711675","medium","ok","ok","ok"
"1146","COVID-Shift-SelfReliance_max_GDP","MESSAGEix-GLOBIOM 1.2","Final Energy|Residential and Commercial|Electricity","EJ/yr","[object Object]",2090,24.44707928103009,"3.650304297816477","3.650304297816477","2100","5660.689093339267","GW8","ok",,,,,,,"ok","true","C7","C7: Below 4.0°C","MESSAGEix-GLOBIOM_1.2","COV_SelfReliance_max_GDP","0","0","4.953061763470119","0.28423750490341604","0","3.650304297816477","3.650304297816477","0","0.002711675","medium","ok","ok","ok"
"1146","COVID-Shift-SelfReliance_max_GDP","MESSAGEix-GLOBIOM 1.2","Final Energy|Residential and Commercial|Electricity","EJ/yr","[object Object]",2100,26.63963021965888,"3.650304297816477","3.650304297816477","2100","5660.689093339267","GW8","ok",,,,,,,"ok","true","C7","C7: Below 4.0°C","MESSAGEix-GLOBIOM_1.2","COV_SelfReliance_max_GDP","0","0","4.953061763470119","0.28423750490341604","0","3.650304297816477","3.650304297816477","0","0.002711675","medium","ok","ok","ok"
"1148","COVID-Shift-SmartUse","MESSAGEix-GLOBIOM 1.2","Final Energy|Residential and Commercial|Electricity","EJ/yr","[object Object]",2010,7.155450464790534,"3.528801505518332","3.528801505518332","2100","4800.3439985606165","GW8","ok",,,,,,,"ok","true","C7","C7: Below 4.0°C","MESSAGEix-GLOBIOM_1.2","COV_SmartUse","0","0","5.699634370371125","0.2850565221720842","0","3.528801505518332","3.528801505518332","0","0.002572625","medium","ok","ok","ok"
"1148","COVID-Shift-SmartUse","MESSAGEix-GLOBIOM 1.2","Final Energy|Residential and Commercial|Electricity","EJ/yr","[object Object]",2015,6.950679227102199,"3.528801505518332","3.528801505518332","2100","4800.3439985606165","GW8","ok",,,,,,,"ok","true","C7","C7: Below 4.0°C","MESSAGEix-GLOBIOM_1.2","COV_SmartUse","0","0","5.699634370371125","0.2850565221720842","0","3.528801505518332","3.528801505518332","0","0.002572625","medium","ok","ok","ok"
"1148","COVID-Shift-SmartUse","MESSAGEix-GLOBIOM 1.2","Final Energy|Residential and Commercial|Electricity","EJ/yr","[object Object]",2020,6.773812848747429,"3.528801505518332","3.528801505518332","2100","4800.3439985606165","GW8","ok",,,,,,,"ok","true","C7","C7: Below 4.0°C","MESSAGEix-GLOBIOM_1.2","COV_SmartUse","0","0","5.699634370371125","0.2850565221720842","0","3.528801505518332","3.528801505518332","0","0.002572625","medium","ok","ok","ok"
"1148","COVID-Shift-SmartUse","MESSAGEix-GLOBIOM 1.2","Final Energy|Residential and Commercial|Electricity","EJ/yr","[object Object]",2021,6.849682822010503,"3.528801505518332","3.528801505518332","2100","4800.3439985606165","GW8","ok",,,,,,,"ok","true","C7","C7: Below 4.0°C","MESSAGEix-GLOBIOM_1.2","COV_SmartUse","0","0","5.699634370371125","0.2850565221720842","0","3.528801505518332","3.528801505518332","0","0.002572625","medium","ok","ok","ok"
"1148","COVID-Shift-SmartUse","MESSAGEix-GLOBIOM 1.2","Final Energy|Residential and Commercial|Electricity","EJ/yr","[object Object]",2022,6.929330858505355,"3.528801505518332","3.528801505518332","2100","4800.3439985606165","GW8","ok",,,,,,,"ok","true","C7","C7: Below 4.0°C","MESSAGEix-GLOBIOM_1.2","COV_SmartUse","0","0","5.699634370371125","0.2850565221720842","0","3.528801505518332","3.528801505518332","0","0.002572625","medium","ok","ok","ok"
"1148","COVID-Shift-SmartUse","MESSAGEix-GLOBIOM 1.2","Final Energy|Residential and Commercial|Electricity","EJ/yr","[object Object]",2023,6.958176019343864,"3.528801505518332","3.528801505518332","2100","4800.3439985606165","GW8","ok",,,,,,,"ok","true","C7","C7: Below 4.0°C","MESSAGEix-GLOBIOM_1.2","COV_SmartUse","0","0","5.699634370371125","0.2850565221720842","0","3.528801505518332","3.528801505518332","0","0.002572625","medium","ok","ok","ok"
"1148","COVID-Shift-SmartUse","MESSAGEix-GLOBIOM 1.2","Final Energy|Residential and Commercial|Electricity","EJ/yr","[object Object]",2024,7.008507283351207,"3.528801505518332","3.528801505518332","2100","4800.3439985606165","GW8","ok",,,,,,,"ok","true","C7","C7: Below 4.0°C","MESSAGEix-GLOBIOM_1.2","COV_SmartUse","0","0","5.699634370371125","0.2850565221720842","0","3.528801505518332","3.528801505518332","0","0.002572625","medium","ok","ok","ok"
"1148","COVID-Shift-SmartUse","MESSAGEix-GLOBIOM 1.2","Final Energy|Residential and Commercial|Electricity","EJ/yr","[object Object]",2025,7.050299298235229,"3.528801505518332","3.528801505518332","2100","4800.3439985606165","GW8","ok",,,,,,,"ok","true","C7","C7: Below 4.0°C","MESSAGEix-GLOBIOM_1.2","COV_SmartUse","0","0","5.699634370371125","0.2850565221720842","0","3.528801505518332","3.528801505518332","0","0.002572625","medium","ok","ok","ok"
"1148","COVID-Shift-SmartUse","MESSAGEix-GLOBIOM 1.2","Final Energy|Residential and Commercial|Electricity","EJ/yr","[object Object]",2030,7.42005562666817,"3.528801505518332","3.528801505518332","2100","4800.3439985606165","GW8","ok",,,,,,,"ok","true","C7","C7: Below 4.0°C","MESSAGEix-GLOBIOM_1.2","COV_SmartUse","0","0","5.699634370371125","0.2850565221720842","0","3.528801505518332","3.528801505518332","0","0.002572625","medium","ok","ok","ok"
"1148","COVID-Shift-SmartUse","MESSAGEix-GLOBIOM 1.2","Final Energy|Residential and Commercial|Electricity","EJ/yr","[object Object]",2035,8.38950310472658,"3.528801505518332","3.528801505518332","2100","4800.3439985606165","GW8","ok",,,,,,,"ok","true","C7","C7: Below 4.0°C","MESSAGEix-GLOBIOM_1.2","COV_SmartUse","0","0","5.699634370371125","0.2850565221720842","0","3.528801505518332","3.528801505518332","0","0.002572625","medium","ok","ok","ok"
"1148","COVID-Shift-SmartUse","MESSAGEix-GLOBIOM 1.2","Final Energy|Residential and Commercial|Electricity","EJ/yr","[object Object]",2040,9.35358924390303,"3.528801505518332","3.528801505518332","2100","4800.3439985606165","GW8","ok",,,,,,,"ok","true","C7","C7: Below 4.0°C","MESSAGEix-GLOBIOM_1.2","COV_SmartUse","0","0","5.699634370371125","0.2850565221720842","0","3.528801505518332","3.528801505518332","0","0.002572625","medium","ok","ok","ok"
"1148","COVID-Shift-SmartUse","MESSAGEix-GLOBIOM 1.2","Final Energy|Residential and Commercial|Electricity","EJ/yr","[object Object]",2045,10.37199506915262,"3.528801505518332","3.528801505518332","2100","4800.3439985606165","GW8","ok",,,,,,,"ok","true","C7","C7: Below 4.0°C","MESSAGEix-GLOBIOM_1.2","COV_SmartUse","0","0","5.699634370371125","0.2850565221720842","0","3.528801505518332","3.528801505518332","0","0.002572625","medium","ok","ok","ok"
"1148","COVID-Shift-SmartUse","MESSAGEix-GLOBIOM 1.2","Final Energy|Residential and Commercial|Electricity","EJ/yr","[object Object]",2050,11.33506820714906,"3.528801505518332","3.528801505518332","2100","4800.3439985606165","GW8","ok",,,,,,,"ok","true","C7","C7: Below 4.0°C","MESSAGEix-GLOBIOM_1.2","COV_SmartUse","0","0","5.699634370371125","0.2850565221720842","0","3.528801505518332","3.528801505518332","0","0.002572625","medium","ok","ok","ok"
"1148","COVID-Shift-SmartUse","MESSAGEix-GLOBIOM 1.2","Final Energy|Residential and Commercial|Electricity","EJ/yr","[object Object]",2055,12.36477686334819,"3.528801505518332","3.528801505518332","2100","4800.3439985606165","GW8","ok",,,,,,,"ok","true","C7","C7: Below 4.0°C","MESSAGEix-GLOBIOM_1.2","COV_SmartUse","0","0","5.699634370371125","0.2850565221720842","0","3.528801505518332","3.528801505518332","0","0.002572625","medium","ok","ok","ok"
"1148","COVID-Shift-SmartUse","MESSAGEix-GLOBIOM 1.2","Final Energy|Residential and Commercial|Electricity","EJ/yr","[object Object]",2060,13.40219126010335,"3.528801505518332","3.528801505518332","2100","4800.3439985606165","GW8","ok",,,,,,,"ok","true","C7","C7: Below 4.0°C","MESSAGEix-GLOBIOM_1.2","COV_SmartUse","0","0","5.699634370371125","0.2850565221720842","0","3.528801505518332","3.528801505518332","0","0.002572625","medium","ok","ok","ok"
"1148","COVID-Shift-SmartUse","MESSAGEix-GLOBIOM 1.2","Final Energy|Residential and Commercial|Electricity","EJ/yr","[object Object]",2070,15.5819680624787,"3.528801505518332","3.528801505518332","2100","4800.3439985606165","GW8","ok",,,,,,,"ok","true","C7","C7: Below 4.0°C","MESSAGEix-GLOBIOM_1.2","COV_SmartUse","0","0","5.699634370371125","0.2850565221720842","0","3.528801505518332","3.528801505518332","0","0.002572625","medium","ok","ok","ok"
"1148","COVID-Shift-SmartUse","MESSAGEix-GLOBIOM 1.2","Final Energy|Residential and Commercial|Electricity","EJ/yr","[object Object]",2080,17.85975728241457,"3.528801505518332","3.528801505518332","2100","4800.3439985606165","GW8","ok",,,,,,,"ok","true","C7","C7: Below 4.0°C","MESSAGEix-GLOBIOM_1.2","COV_SmartUse","0","0","5.699634370371125","0.2850565221720842","0","3.528801505518332","3.528801505518332","0","0.002572625","medium","ok","ok","ok"
"1148","COVID-Shift-SmartUse","MESSAGEix-GLOBIOM 1.2","Final Energy|Residential and Commercial|Electricity","EJ/yr","[object Object]",2090,20.06604667896718,"3.528801505518332","3.528801505518332","2100","4800.3439985606165","GW8","ok",,,,,,,"ok","true","C7","C7: Below 4.0°C","MESSAGEix-GLOBIOM_1.2","COV_SmartUse","0","0","5.699634370371125","0.2850565221720842","0","3.528801505518332","3.528801505518332","0","0.002572625","medium","ok","ok","ok"
"1148","COVID-Shift-SmartUse","MESSAGEix-GLOBIOM 1.2","Final Energy|Residential and Commercial|Electricity","EJ/yr","[object Object]",2100,22.25032100514538,"3.528801505518332","3.528801505518332","2100","4800.3439985606165","GW8","ok",,,,,,,"ok","true","C7","C7: Below 4.0°C","MESSAGEix-GLOBIOM_1.2","COV_SmartUse","0","0","5.699634370371125","0.2850565221720842","0","3.528801505518332","3.528801505518332","0","0.002572625","medium","ok","ok","ok"
"1151","Deep-Mitigation-Baseline","GCAM 5.3","Final Energy|Residential and Commercial|Electricity","EJ/yr","[object Object]",2010,6.94519592,"3.675701901629203","3.675701901629203","2100","4768.1594958521855","GW8","failed",,,,,,,"medium","true","C7","C7: Below 4.0°C","GCAM 5.3","R_BAU","6.524504902406354","0","12.376391679524454","-0.2654464649851178","0","3.675701901629203","3.675701901629203",,,,,,
"1151","Deep-Mitigation-Baseline","GCAM 5.3","Final Energy|Residential and Commercial|Electricity","EJ/yr","[object Object]",2015,6.776752490000001,"3.675701901629203","3.675701901629203","2100","4768.1594958521855","GW8","failed",,,,,,,"medium","true","C7","C7: Below 4.0°C","GCAM 5.3","R_BAU","6.524504902406354","0","12.376391679524454","-0.2654464649851178","0","3.675701901629203","3.675701901629203",,,,,,
"1151","Deep-Mitigation-Baseline","GCAM 5.3","Final Energy|Residential and Commercial|Electricity","EJ/yr","[object Object]",2020,7.622329650000001,"3.675701901629203","3.675701901629203","2100","4768.1594958521855","GW8","failed",,,,,,,"medium","true","C7","C7: Below 4.0°C","GCAM 5.3","R_BAU","6.524504902406354","0","12.376391679524454","-0.2654464649851178","0","3.675701901629203","3.675701901629203",,,,,,
"1151","Deep-Mitigation-Baseline","GCAM 5.3","Final Energy|Residential and Commercial|Electricity","EJ/yr","[object Object]",2025,8.28877012,"3.675701901629203","3.675701901629203","2100","4768.1594958521855","GW8","failed",,,,,,,"medium","true","C7","C7: Below 4.0°C","GCAM 5.3","R_BAU","6.524504902406354","0","12.376391679524454","-0.2654464649851178","0","3.675701901629203","3.675701901629203",,,,,,
"1151","Deep-Mitigation-Baseline","GCAM 5.3","Final Energy|Residential and Commercial|Electricity","EJ/yr","[object Object]",2030,8.986202619999998,"3.675701901629203","3.675701901629203","2100","4768.1594958521855","GW8","failed",,,,,,,"medium","true","C7","C7: Below 4.0°C","GCAM 5.3","R_BAU","6.524504902406354","0","12.376391679524454","-0.2654464649851178","0","3.675701901629203","3.675701901629203",,,,,,
"1151","Deep-Mitigation-Baseline","GCAM 5.3","Final Energy|Residential and Commercial|Electricity","EJ/yr","[object Object]",2035,9.70557237,"3.675701901629203","3.675701901629203","2100","4768.1594958521855","GW8","failed",,,,,,,"medium","true","C7","C7: Below 4.0°C","GCAM 5.3","R_BAU","6.524504902406354","0","12.376391679524454","-0.2654464649851178","0","3.675701901629203","3.675701901629203",,,,,,
"1151","Deep-Mitigation-Baseline","GCAM 5.3","Final Energy|Residential and Commercial|Electricity","EJ/yr","[object Object]",2040,10.47065967,"3.675701901629203","3.675701901629203","2100","4768.1594958521855","GW8","failed",,,,,,,"medium","true","C7","C7: Below 4.0°C","GCAM 5.3","R_BAU","6.524504902406354","0","12.376391679524454","-0.2654464649851178","0","3.675701901629203","3.675701901629203",,,,,,
"1151","Deep-Mitigation-Baseline","GCAM 5.3","Final Energy|Residential and Commercial|Electricity","EJ/yr","[object Object]",2045,11.24311044,"3.675701901629203","3.675701901629203","2100","4768.1594958521855","GW8","failed",,,,,,,"medium","true","C7","C7: Below 4.0°C","GCAM 5.3","R_BAU","6.524504902406354","0","12.376391679524454","-0.2654464649851178","0","3.675701901629203","3.675701901629203",,,,,,
"1151","Deep-Mitigation-Baseline","GCAM 5.3","Final Energy|Residential and Commercial|Electricity","EJ/yr","[object Object]",2050,11.95739651,"3.675701901629203","3.675701901629203","2100","4768.1594958521855","GW8","failed",,,,,,,"medium","true","C7","C7: Below 4.0°C","GCAM 5.3","R_BAU","6.524504902406354","0","12.376391679524454","-0.2654464649851178","0","3.675701901629203","3.675701901629203",,,,,,
"1151","Deep-Mitigation-Baseline","GCAM 5.3","Final Energy|Residential and Commercial|Electricity","EJ/yr","[object Object]",2055,12.61571338,"3.675701901629203","3.675701901629203","2100","4768.1594958521855","GW8","failed",,,,,,,"medium","true","C7","C7: Below 4.0°C","GCAM 5.3","R_BAU","6.524504902406354","0","12.376391679524454","-0.2654464649851178","0","3.675701901629203","3.675701901629203",,,,,,
"1151","Deep-Mitigation-Baseline","GCAM 5.3","Final Energy|Residential and Commercial|Electricity","EJ/yr","[object Object]",2060,13.2056661,"3.675701901629203","3.675701901629203","2100","4768.1594958521855","GW8","failed",,,,,,,"medium","true","C7","C7: Below 4.0°C","GCAM 5.3","R_BAU","6.524504902406354","0","12.376391679524454","-0.2654464649851178","0","3.675701901629203","3.675701901629203",,,,,,
"1151","Deep-Mitigation-Baseline","GCAM 5.3","Final Energy|Residential and Commercial|Electricity","EJ/yr","[object Object]",2065,13.72925085,"3.675701901629203","3.675701901629203","2100","4768.1594958521855","GW8","failed",,,,,,,"medium","true","C7","C7: Below 4.0°C","GCAM 5.3","R_BAU","6.524504902406354","0","12.376391679524454","-0.2654464649851178","0","3.675701901629203","3.675701901629203",,,,,,
"1151","Deep-Mitigation-Baseline","GCAM 5.3","Final Energy|Residential and Commercial|Electricity","EJ/yr","[object Object]",2070,14.16384151,"3.675701901629203","3.675701901629203","2100","4768.1594958521855","GW8","failed",,,,,,,"medium","true","C7","C7: Below 4.0°C","GCAM 5.3","R_BAU","6.524504902406354","0","12.376391679524454","-0.2654464649851178","0","3.675701901629203","3.675701901629203",,,,,,
"1151","Deep-Mitigation-Baseline","GCAM 5.3","Final Energy|Residential and Commercial|Electricity","EJ/yr","[object Object]",2075,14.51411937,"3.675701901629203","3.675701901629203","2100","4768.1594958521855","GW8","failed",,,,,,,"medium","true","C7","C7: Below 4.0°C","GCAM 5.3","R_BAU","6.524504902406354","0","12.376391679524454","-0.2654464649851178","0","3.675701901629203","3.675701901629203",,,,,,
"1151","Deep-Mitigation-Baseline","GCAM 5.3","Final Energy|Residential and Commercial|Electricity","EJ/yr","[object Object]",2080,14.81937819,"3.675701901629203","3.675701901629203","2100","4768.1594958521855","GW8","failed",,,,,,,"medium","true","C7","C7: Below 4.0°C","GCAM 5.3","R_BAU","6.524504902406354","0","12.376391679524454","-0.2654464649851178","0","3.675701901629203","3.675701901629203",,,,,,
"1151","Deep-Mitigation-Baseline","GCAM 5.3","Final Energy|Residential and Commercial|Electricity","EJ/yr","[object Object]",2085,15.05582239,"3.675701901629203","3.675701901629203","2100","4768.1594958521855","GW8","failed",,,,,,,"medium","true","C7","C7: Below 4.0°C","GCAM 5.3","R_BAU","6.524504902406354","0","12.376391679524454","-0.2654464649851178","0","3.675701901629203","3.675701901629203",,,,,,
"1151","Deep-Mitigation-Baseline","GCAM 5.3","Final Energy|Residential and Commercial|Electricity","EJ/yr","[object Object]",2090,15.18042088,"3.675701901629203","3.675701901629203","2100","4768.1594958521855","GW8","failed",,,,,,,"medium","true","C7","C7: Below 4.0°C","GCAM 5.3","R_BAU","6.524504902406354","0","12.376391679524454","-0.2654464649851178","0","3.675701901629203","3.675701901629203",,,,,,
"1151","Deep-Mitigation-Baseline","GCAM 5.3","Final Energy|Residential and Commercial|Electricity","EJ/yr","[object Object]",2095,15.23448343,"3.675701901629203","3.675701901629203","2100","4768.1594958521855","GW8","failed",,,,,,,"medium","true","C7","C7: Below 4.0°C","GCAM 5.3","R_BAU","6.524504902406354","0","12.376391679524454","-0.2654464649851178","0","3.675701901629203","3.675701901629203",,,,,,
"1151","Deep-Mitigation-Baseline","GCAM 5.3","Final Energy|Residential and Commercial|Electricity","EJ/yr","[object Object]",2100,15.20990218,"3.675701901629203","3.675701901629203","2100","4768.1594958521855","GW8","failed",,,,,,,"medium","true","C7","C7: Below 4.0°C","GCAM 5.3","R_BAU","6.524504902406354","0","12.376391679524454","-0.2654464649851178","0","3.675701901629203","3.675701901629203",,,,,,
"1187","LeastTotalCost-Base-brkLR15-SSP2-P50","REMIND 2.1","Final Energy|Residential and Commercial|Electricity","EJ/yr","[object Object]",2010,6.2291,"3.515816702384586","3.515816702384586","2100","4133.7148744","GW8","ok","ok","medium",,"medium","high",,"ok","true","C7","C7: Below 4.0°C","REMIND 2.1","LeastTotalCost_Base_brkLR15_SSP2_P50","19.378483569255305","65.45200800950045","14.826590848018862",,"0","3.515816702384586","3.515816702384586","0","0.002823987","medium","ok","ok","ok"
"1187","LeastTotalCost-Base-brkLR15-SSP2-P50","REMIND 2.1","Final Energy|Residential and Commercial|Electricity","EJ/yr","[object Object]",2015,5.8432,"3.515816702384586","3.515816702384586","2100","4133.7148744","GW8","ok","ok","medium",,"medium","high",,"ok","true","C7","C7: Below 4.0°C","REMIND 2.1","LeastTotalCost_Base_brkLR15_SSP2_P50","19.378483569255305","65.45200800950045","14.826590848018862",,"0","3.515816702384586","3.515816702384586","0","0.002823987","medium","ok","ok","ok"
"1187","LeastTotalCost-Base-brkLR15-SSP2-P50","REMIND 2.1","Final Energy|Residential and Commercial|Electricity","EJ/yr","[object Object]",2020,6.5125,"3.515816702384586","3.515816702384586","2100","4133.7148744","GW8","ok","ok","medium",,"medium","high",,"ok","true","C7","C7: Below 4.0°C","REMIND 2.1","LeastTotalCost_Base_brkLR15_SSP2_P50","19.378483569255305","65.45200800950045","14.826590848018862",,"0","3.515816702384586","3.515816702384586","0","0.002823987","medium","ok","ok","ok"
"1187","LeastTotalCost-Base-brkLR15-SSP2-P50","REMIND 2.1","Final Energy|Residential and Commercial|Electricity","EJ/yr","[object Object]",2025,7.0516,"3.515816702384586","3.515816702384586","2100","4133.7148744","GW8","ok","ok","medium",,"medium","high",,"ok","true","C7","C7: Below 4.0°C","REMIND 2.1","LeastTotalCost_Base_brkLR15_SSP2_P50","19.378483569255305","65.45200800950045","14.826590848018862",,"0","3.515816702384586","3.515816702384586","0","0.002823987","medium","ok","ok","ok"
"1187","LeastTotalCost-Base-brkLR15-SSP2-P50","REMIND 2.1","Final Energy|Residential and Commercial|Electricity","EJ/yr","[object Object]",2030,7.3457,"3.515816702384586","3.515816702384586","2100","4133.7148744","GW8","ok","ok","medium",,"medium","high",,"ok","true","C7","C7: Below 4.0°C","REMIND 2.1","LeastTotalCost_Base_brkLR15_SSP2_P50","19.378483569255305","65.45200800950045","14.826590848018862",,"0","3.515816702384586","3.515816702384586","0","0.002823987","medium","ok","ok","ok"
"1187","LeastTotalCost-Base-brkLR15-SSP2-P50","REMIND 2.1","Final Energy|Residential and Commercial|Electricity","EJ/yr","[object Object]",2035,7.6381,"3.515816702384586","3.515816702384586","2100","4133.7148744","GW8","ok","ok","medium",,"medium","high",,"ok","true","C7","C7: Below 4.0°C","REMIND 2.1","LeastTotalCost_Base_brkLR15_SSP2_P50","19.378483569255305","65.45200800950045","14.826590848018862",,"0","3.515816702384586","3.515816702384586","0","0.002823987","medium","ok","ok","ok"
"1187","LeastTotalCost-Base-brkLR15-SSP2-P50","REMIND 2.1","Final Energy|Residential and Commercial|Electricity","EJ/yr","[object Object]",2040,7.6738,"3.515816702384586","3.515816702384586","2100","4133.7148744","GW8","ok","ok","medium",,"medium","high",,"ok","true","C7","C7: Below 4.0°C","REMIND 2.1","LeastTotalCost_Base_brkLR15_SSP2_P50","19.378483569255305","65.45200800950045","14.826590848018862",,"0","3.515816702384586","3.515816702384586","0","0.002823987","medium","ok","ok","ok"
"1187","LeastTotalCost-Base-brkLR15-SSP2-P50","REMIND 2.1","Final Energy|Residential and Commercial|Electricity","EJ/yr","[object Object]",2045,7.6417,"3.515816702384586","3.515816702384586","2100","4133.7148744","GW8","ok","ok","medium",,"medium","high",,"ok","true","C7","C7: Below 4.0°C","REMIND 2.1","LeastTotalCost_Base_brkLR15_SSP2_P50","19.378483569255305","65.45200800950045","14.826590848018862",,"0","3.515816702384586","3.515816702384586","0","0.002823987","medium","ok","ok","ok"
"1187","LeastTotalCost-Base-brkLR15-SSP2-P50","REMIND 2.1","Final Energy|Residential and Commercial|Electricity","EJ/yr","[object Object]",2050,7.5657,"3.515816702384586","3.515816702384586","2100","4133.7148744","GW8","ok","ok","medium",,"medium","high",,"ok","true","C7","C7: Below 4.0°C","REMIND 2.1","LeastTotalCost_Base_brkLR15_SSP2_P50","19.378483569255305","65.45200800950045","14.826590848018862",,"0","3.515816702384586","3.515816702384586","0","0.002823987","medium","ok","ok","ok"
"1187","LeastTotalCost-Base-brkLR15-SSP2-P50","REMIND 2.1","Final Energy|Residential and Commercial|Electricity","EJ/yr","[object Object]",2055,7.5369,"3.515816702384586","3.515816702384586","2100","4133.7148744","GW8","ok","ok","medium",,"medium","high",,"ok","true","C7","C7: Below 4.0°C","REMIND 2.1","LeastTotalCost_Base_brkLR15_SSP2_P50","19.378483569255305","65.45200800950045","14.826590848018862",,"0","3.515816702384586","3.515816702384586","0","0.002823987","medium","ok","ok","ok"
"1187","LeastTotalCost-Base-brkLR15-SSP2-P50","REMIND 2.1","Final Energy|Residential and Commercial|Electricity","EJ/yr","[object Object]",2060,7.5721,"3.515816702384586","3.515816702384586","2100","4133.7148744","GW8","ok","ok","medium",,"medium","high",,"ok","true","C7","C7: Below 4.0°C","REMIND 2.1","LeastTotalCost_Base_brkLR15_SSP2_P50","19.378483569255305","65.45200800950045","14.826590848018862",,"0","3.515816702384586","3.515816702384586","0","0.002823987","medium","ok","ok","ok"
"1187","LeastTotalCost-Base-brkLR15-SSP2-P50","REMIND 2.1","Final Energy|Residential and Commercial|Electricity","EJ/yr","[object Object]",2070,7.4869,"3.515816702384586","3.515816702384586","2100","4133.7148744","GW8","ok","ok","medium",,"medium","high",,"ok","true","C7","C7: Below 4.0°C","REMIND 2.1","LeastTotalCost_Base_brkLR15_SSP2_P50","19.378483569255305","65.45200800950045","14.826590848018862",,"0","3.515816702384586","3.515816702384586","0","0.002823987","medium","ok","ok","ok"
"1187","LeastTotalCost-Base-brkLR15-SSP2-P50","REMIND 2.1","Final Energy|Residential and Commercial|Electricity","EJ/yr","[object Object]",2080,7.4515,"3.515816702384586","3.515816702384586","2100","4133.7148744","GW8","ok","ok","medium",,"medium","high",,"ok","true","C7","C7: Below 4.0°C","REMIND 2.1","LeastTotalCost_Base_brkLR15_SSP2_P50","19.378483569255305","65.45200800950045","14.826590848018862",,"0","3.515816702384586","3.515816702384586","0","0.002823987","medium","ok","ok","ok"
"1187","LeastTotalCost-Base-brkLR15-SSP2-P50","REMIND 2.1","Final Energy|Residential and Commercial|Electricity","EJ/yr","[object Object]",2090,7.5321,"3.515816702384586","3.515816702384586","2100","4133.7148744","GW8","ok","ok","medium",,"medium","high",,"ok","true","C7","C7: Below 4.0°C","REMIND 2.1","LeastTotalCost_Base_brkLR15_SSP2_P50","19.378483569255305","65.45200800950045","14.826590848018862",,"0","3.515816702384586","3.515816702384586","0","0.002823987","medium","ok","ok","ok"
"1187","LeastTotalCost-Base-brkLR15-SSP2-P50","REMIND 2.1","Final Energy|Residential and Commercial|Electricity","EJ/yr","[object Object]",2100,7.6423,"3.515816702384586","3.515816702384586","2100","4133.7148744","GW8","ok","ok","medium",,"medium","high",,"ok","true","C7","C7: Below 4.0°C","REMIND 2.1","LeastTotalCost_Base_brkLR15_SSP2_P50","19.378483569255305","65.45200800950045","14.826590848018862",,"0","3.515816702384586","3.515816702384586","0","0.002823987","medium","ok","ok","ok"
"1188","LeastTotalCost-Base-brkLR15-SSP5-P50","REMIND 2.1","Final Energy|Residential and Commercial|Electricity","EJ/yr","[object Object]",2010,6.244,"4.521683320550167","4.521683320550167","2100","6439.8703897000005","GW8","ok","ok","medium",,"high","high",,"medium","true","C8","C8: Above 4.0°C","REMIND 2.1","LeastTotalCost_Base_brkLR15_SSP5_P50","7.014150509969677","85.11669576403565","7.645065698796288",,"0","4.521683320550167","4.521683320550167","0","0.00282265","medium","ok","ok","ok"
"1188","LeastTotalCost-Base-brkLR15-SSP5-P50","REMIND 2.1","Final Energy|Residential and Commercial|Electricity","EJ/yr","[object Object]",2015,5.8092,"4.521683320550167","4.521683320550167","2100","6439.8703897000005","GW8","ok","ok","medium",,"high","high",,"medium","true","C8","C8: Above 4.0°C","REMIND 2.1","LeastTotalCost_Base_brkLR15_SSP5_P50","7.014150509969677","85.11669576403565","7.645065698796288",,"0","4.521683320550167","4.521683320550167","0","0.00282265","medium","ok","ok","ok"
"1188","LeastTotalCost-Base-brkLR15-SSP5-P50","REMIND 2.1","Final Energy|Residential and Commercial|Electricity","EJ/yr","[object Object]",2020,6.5009,"4.521683320550167","4.521683320550167","2100","6439.8703897000005","GW8","ok","ok","medium",,"high","high",,"medium","true","C8","C8: Above 4.0°C","REMIND 2.1","LeastTotalCost_Base_brkLR15_SSP5_P50","7.014150509969677","85.11669576403565","7.645065698796288",,"0","4.521683320550167","4.521683320550167","0","0.00282265","medium","ok","ok","ok"
"1188","LeastTotalCost-Base-brkLR15-SSP5-P50","REMIND 2.1","Final Energy|Residential and Commercial|Electricity","EJ/yr","[object Object]",2025,7.2241,"4.521683320550167","4.521683320550167","2100","6439.8703897000005","GW8","ok","ok","medium",,"high","high",,"medium","true","C8","C8: Above 4.0°C","REMIND 2.1","LeastTotalCost_Base_brkLR15_SSP5_P50","7.014150509969677","85.11669576403565","7.645065698796288",,"0","4.521683320550167","4.521683320550167","0","0.00282265","medium","ok","ok","ok"
"1188","LeastTotalCost-Base-brkLR15-SSP5-P50","REMIND 2.1","Final Energy|Residential and Commercial|Electricity","EJ/yr","[object Object]",2030,7.9274,"4.521683320550167","4.521683320550167","2100","6439.8703897000005","GW8","ok","ok","medium",,"high","high",,"medium","true","C8","C8: Above 4.0°C","REMIND 2.1","LeastTotalCost_Base_brkLR15_SSP5_P50","7.014150509969677","85.11669576403565","7.645065698796288",,"0","4.521683320550167","4.521683320550167","0","0.00282265","medium","ok","ok","ok"
"1188","LeastTotalCost-Base-brkLR15-SSP5-P50","REMIND 2.1","Final Energy|Residential and Commercial|Electricity","EJ/yr","[object Object]",2035,8.789,"4.521683320550167","4.521683320550167","2100","6439.8703897000005","GW8","ok","ok","medium",,"high","high",,"medium","true","C8","C8: Above 4.0°C","REMIND 2.1","LeastTotalCost_Base_brkLR15_SSP5_P50","7.014150509969677","85.11669576403565","7.645065698796288",,"0","4.521683320550167","4.521683320550167","0","0.00282265","medium","ok","ok","ok"
"1188","LeastTotalCost-Base-brkLR15-SSP5-P50","REMIND 2.1","Final Energy|Residential and Commercial|Electricity","EJ/yr","[object Object]",2040,9.5197,"4.521683320550167","4.521683320550167","2100","6439.8703897000005","GW8","ok","ok","medium",,"high","high",,"medium","true","C8","C8: Above 4.0°C","REMIND 2.1","LeastTotalCost_Base_brkLR15_SSP5_P50","7.014150509969677","85.11669576403565","7.645065698796288",,"0","4.521683320550167","4.521683320550167","0","0.00282265","medium","ok","ok","ok"
"1188","LeastTotalCost-Base-brkLR15-SSP5-P50","REMIND 2.1","Final Energy|Residential and Commercial|Electricity","EJ/yr","[object Object]",2045,10.2132,"4.521683320550167","4.521683320550167","2100","6439.8703897000005","GW8","ok","ok","medium",,"high","high",,"medium","true","C8","C8: Above 4.0°C","REMIND 2.1","LeastTotalCost_Base_brkLR15_SSP5_P50","7.014150509969677","85.11669576403565","7.645065698796288",,"0","4.521683320550167","4.521683320550167","0","0.00282265","medium","ok","ok","ok"
"1188","LeastTotalCost-Base-brkLR15-SSP5-P50","REMIND 2.1","Final Energy|Residential and Commercial|Electricity","EJ/yr","[object Object]",2050,10.8021,"4.521683320550167","4.521683320550167","2100","6439.8703897000005","GW8","ok","ok","medium",,"high","high",,"medium","true","C8","C8: Above 4.0°C","REMIND 2.1","LeastTotalCost_Base_brkLR15_SSP5_P50","7.014150509969677","85.11669576403565","7.645065698796288",,"0","4.521683320550167","4.521683320550167","0","0.00282265","medium","ok","ok","ok"
"1188","LeastTotalCost-Base-brkLR15-SSP5-P50","REMIND 2.1","Final Energy|Residential and Commercial|Electricity","EJ/yr","[object Object]",2055,11.3068,"4.521683320550167","4.521683320550167","2100","6439.8703897000005","GW8","ok","ok","medium",,"high","high",,"medium","true","C8","C8: Above 4.0°C","REMIND 2.1","LeastTotalCost_Base_brkLR15_SSP5_P50","7.014150509969677","85.11669576403565","7.645065698796288",,"0","4.521683320550167","4.521683320550167","0","0.00282265","medium","ok","ok","ok"
"1188","LeastTotalCost-Base-brkLR15-SSP5-P50","REMIND 2.1","Final Energy|Residential and Commercial|Electricity","EJ/yr","[object Object]",2060,11.6773,"4.521683320550167","4.521683320550167","2100","6439.8703897000005","GW8","ok","ok","medium",,"high","high",,"medium","true","C8","C8: Above 4.0°C","REMIND 2.1","LeastTotalCost_Base_brkLR15_SSP5_P50","7.014150509969677","85.11669576403565","7.645065698796288",,"0","4.521683320550167","4.521683320550167","0","0.00282265","medium","ok","ok","ok"
"1188","LeastTotalCost-Base-brkLR15-SSP5-P50","REMIND 2.1","Final Energy|Residential and Commercial|Electricity","EJ/yr","[object Object]",2070,12.5892,"4.521683320550167","4.521683320550167","2100","6439.8703897000005","GW8","ok","ok","medium",,"high","high",,"medium","true","C8","C8: Above 4.0°C","REMIND 2.1","LeastTotalCost_Base_brkLR15_SSP5_P50","7.014150509969677","85.11669576403565","7.645065698796288",,"0","4.521683320550167","4.521683320550167","0","0.00282265","medium","ok","ok","ok"
"1188","LeastTotalCost-Base-brkLR15-SSP5-P50","REMIND 2.1","Final Energy|Residential and Commercial|Electricity","EJ/yr","[object Object]",2080,13.6341,"4.521683320550167","4.521683320550167","2100","6439.8703897000005","GW8","ok","ok","medium",,"high","high",,"medium","true","C8","C8: Above 4.0°C","REMIND 2.1","LeastTotalCost_Base_brkLR15_SSP5_P50","7.014150509969677","85.11669576403565","7.645065698796288",,"0","4.521683320550167","4.521683320550167","0","0.00282265","medium","ok","ok","ok"
"1188","LeastTotalCost-Base-brkLR15-SSP5-P50","REMIND 2.1","Final Energy|Residential and Commercial|Electricity","EJ/yr","[object Object]",2090,14.4167,"4.521683320550167","4.521683320550167","2100","6439.8703897000005","GW8","ok","ok","medium",,"high","high",,"medium","true","C8","C8: Above 4.0°C","REMIND 2.1","LeastTotalCost_Base_brkLR15_SSP5_P50","7.014150509969677","85.11669576403565","7.645065698796288",,"0","4.521683320550167","4.521683320550167","0","0.00282265","medium","ok","ok","ok"
"1188","LeastTotalCost-Base-brkLR15-SSP5-P50","REMIND 2.1","Final Energy|Residential and Commercial|Electricity","EJ/yr","[object Object]",2100,15.2251,"4.521683320550167","4.521683320550167","2100","6439.8703897000005","GW8","ok","ok","medium",,"high","high",,"medium","true","C8","C8: Above 4.0°C","REMIND 2.1","LeastTotalCost_Base_brkLR15_SSP5_P50","7.014150509969677","85.11669576403565","7.645065698796288",,"0","4.521683320550167","4.521683320550167","0","0.00282265","medium","ok","ok","ok"
"1190","LeastTotalCost-Base-brkSR15-SSP2-P50","REMIND 2.1","Final Energy|Residential and Commercial|Electricity","EJ/yr","[object Object]",2010,6.2264,"3.565455612447481","3.565455612447481","2100","4235.60910585","GW8","ok","ok","medium",,"medium","high",,"ok","true","C7","C7: Below 4.0°C","REMIND 2.1","LeastTotalCost_Base_brkSR15_SSP2_P50","17.755927246197913","67.9085968886334","14.014340361293728",,"0","3.565455612447481","3.565455612447481","0","0.002748244","medium","ok","ok","ok"
"1190","LeastTotalCost-Base-brkSR15-SSP2-P50","REMIND 2.1","Final Energy|Residential and Commercial|Electricity","EJ/yr","[object Object]",2015,5.8364,"3.565455612447481","3.565455612447481","2100","4235.60910585","GW8","ok","ok","medium",,"medium","high",,"ok","true","C7","C7: Below 4.0°C","REMIND 2.1","LeastTotalCost_Base_brkSR15_SSP2_P50","17.755927246197913","67.9085968886334","14.014340361293728",,"0","3.565455612447481","3.565455612447481","0","0.002748244","medium","ok","ok","ok"
"1190","LeastTotalCost-Base-brkSR15-SSP2-P50","REMIND 2.1","Final Energy|Residential and Commercial|Electricity","EJ/yr","[object Object]",2020,6.5189,"3.565455612447481","3.565455612447481","2100","4235.60910585","GW8","ok","ok","medium",,"medium","high",,"ok","true","C7","C7: Below 4.0°C","REMIND 2.1","LeastTotalCost_Base_brkSR15_SSP2_P50","17.755927246197913","67.9085968886334","14.014340361293728",,"0","3.565455612447481","3.565455612447481","0","0.002748244","medium","ok","ok","ok"
"1190","LeastTotalCost-Base-brkSR15-SSP2-P50","REMIND 2.1","Final Energy|Residential and Commercial|Electricity","EJ/yr","[object Object]",2025,7.0905,"3.565455612447481","3.565455612447481","2100","4235.60910585","GW8","ok","ok","medium",,"medium","high",,"ok","true","C7","C7: Below 4.0°C","REMIND 2.1","LeastTotalCost_Base_brkSR15_SSP2_P50","17.755927246197913","67.9085968886334","14.014340361293728",,"0","3.565455612447481","3.565455612447481","0","0.002748244","medium","ok","ok","ok"
"1190","LeastTotalCost-Base-brkSR15-SSP2-P50","REMIND 2.1","Final Energy|Residential and Commercial|Electricity","EJ/yr","[object Object]",2030,7.3749,"3.565455612447481","3.565455612447481","2100","4235.60910585","GW8","ok","ok","medium",,"medium","high",,"ok","true","C7","C7: Below 4.0°C","REMIND 2.1","LeastTotalCost_Base_brkSR15_SSP2_P50","17.755927246197913","67.9085968886334","14.014340361293728",,"0","3.565455612447481","3.565455612447481","0","0.002748244","medium","ok","ok","ok"
"1190","LeastTotalCost-Base-brkSR15-SSP2-P50","REMIND 2.1","Final Energy|Residential and Commercial|Electricity","EJ/yr","[object Object]",2035,7.6935,"3.565455612447481","3.565455612447481","2100","4235.60910585","GW8","ok","ok","medium",,"medium","high",,"ok","true","C7","C7: Below 4.0°C","REMIND 2.1","LeastTotalCost_Base_brkSR15_SSP2_P50","17.755927246197913","67.9085968886334","14.014340361293728",,"0","3.565455612447481","3.565455612447481","0","0.002748244","medium","ok","ok","ok"
"1190","LeastTotalCost-Base-brkSR15-SSP2-P50","REMIND 2.1","Final Energy|Residential and Commercial|Electricity","EJ/yr","[object Object]",2040,7.8425,"3.565455612447481","3.565455612447481","2100","4235.60910585","GW8","ok","ok","medium",,"medium","high",,"ok","true","C7","C7: Below 4.0°C","REMIND 2.1","LeastTotalCost_Base_brkSR15_SSP2_P50","17.755927246197913","67.9085968886334","14.014340361293728",,"0","3.565455612447481","3.565455612447481","0","0.002748244","medium","ok","ok","ok"
"1190","LeastTotalCost-Base-brkSR15-SSP2-P50","REMIND 2.1","Final Energy|Residential and Commercial|Electricity","EJ/yr","[object Object]",2045,7.9916,"3.565455612447481","3.565455612447481","2100","4235.60910585","GW8","ok","ok","medium",,"medium","high",,"ok","true","C7","C7: Below 4.0°C","REMIND 2.1","LeastTotalCost_Base_brkSR15_SSP2_P50","17.755927246197913","67.9085968886334","14.014340361293728",,"0","3.565455612447481","3.565455612447481","0","0.002748244","medium","ok","ok","ok"
"1190","LeastTotalCost-Base-brkSR15-SSP2-P50","REMIND 2.1","Final Energy|Residential and Commercial|Electricity","EJ/yr","[object Object]",2050,8.1616,"3.565455612447481","3.565455612447481","2100","4235.60910585","GW8","ok","ok","medium",,"medium","high",,"ok","true","C7","C7: Below 4.0°C","REMIND 2.1","LeastTotalCost_Base_brkSR15_SSP2_P50","17.755927246197913","67.9085968886334","14.014340361293728",,"0","3.565455612447481","3.565455612447481","0","0.002748244","medium","ok","ok","ok"
"1190","LeastTotalCost-Base-brkSR15-SSP2-P50","REMIND 2.1","Final Energy|Residential and Commercial|Electricity","EJ/yr","[object Object]",2055,8.3636,"3.565455612447481","3.565455612447481","2100","4235.60910585","GW8","ok","ok","medium",,"medium","high",,"ok","true","C7","C7: Below 4.0°C","REMIND 2.1","LeastTotalCost_Base_brkSR15_SSP2_P50","17.755927246197913","67.9085968886334","14.014340361293728",,"0","3.565455612447481","3.565455612447481","0","0.002748244","medium","ok","ok","ok"
"1190","LeastTotalCost-Base-brkSR15-SSP2-P50","REMIND 2.1","Final Energy|Residential and Commercial|Electricity","EJ/yr","[object Object]",2060,8.5977,"3.565455612447481","3.565455612447481","2100","4235.60910585","GW8","ok","ok","medium",,"medium","high",,"ok","true","C7","C7: Below 4.0°C","REMIND 2.1","LeastTotalCost_Base_brkSR15_SSP2_P50","17.755927246197913","67.9085968886334","14.014340361293728",,"0","3.565455612447481","3.565455612447481","0","0.002748244","medium","ok","ok","ok"
"1190","LeastTotalCost-Base-brkSR15-SSP2-P50","REMIND 2.1","Final Energy|Residential and Commercial|Electricity","EJ/yr","[object Object]",2070,8.8798,"3.565455612447481","3.565455612447481","2100","4235.60910585","GW8","ok","ok","medium",,"medium","high",,"ok","true","C7","C7: Below 4.0°C","REMIND 2.1","LeastTotalCost_Base_brkSR15_SSP2_P50","17.755927246197913","67.9085968886334","14.014340361293728",,"0","3.565455612447481","3.565455612447481","0","0.002748244","medium","ok","ok","ok"
"1190","LeastTotalCost-Base-brkSR15-SSP2-P50","REMIND 2.1","Final Energy|Residential and Commercial|Electricity","EJ/yr","[object Object]",2080,9.1075,"3.565455612447481","3.565455612447481","2100","4235.60910585","GW8","ok","ok","medium",,"medium","high",,"ok","true","C7","C7: Below 4.0°C","REMIND 2.1","LeastTotalCost_Base_brkSR15_SSP2_P50","17.755927246197913","67.9085968886334","14.014340361293728",,"0","3.565455612447481","3.565455612447481","0","0.002748244","medium","ok","ok","ok"
"1190","LeastTotalCost-Base-brkSR15-SSP2-P50","REMIND 2.1","Final Energy|Residential and Commercial|Electricity","EJ/yr","[object Object]",2090,9.4038,"3.565455612447481","3.565455612447481","2100","4235.60910585","GW8","ok","ok","medium",,"medium","high",,"ok","true","C7","C7: Below 4.0°C","REMIND 2.1","LeastTotalCost_Base_brkSR15_SSP2_P50","17.755927246197913","67.9085968886334","14.014340361293728",,"0","3.565455612447481","3.565455612447481","0","0.002748244","medium","ok","ok","ok"
"1190","LeastTotalCost-Base-brkSR15-SSP2-P50","REMIND 2.1","Final Energy|Residential and Commercial|Electricity","EJ/yr","[object Object]",2100,9.8763,"3.565455612447481","3.565455612447481","2100","4235.60910585","GW8","ok","ok","medium",,"medium","high",,"ok","true","C7","C7: Below 4.0°C","REMIND 2.1","LeastTotalCost_Base_brkSR15_SSP2_P50","17.755927246197913","67.9085968886334","14.014340361293728",,"0","3.565455612447481","3.565455612447481","0","0.002748244","medium","ok","ok","ok"
"1191","LeastTotalCost-Base-brkSR15-SSP5-P50","REMIND 2.1","Final Energy|Residential and Commercial|Electricity","EJ/yr","[object Object]",2010,6.2264,"4.559442431860271","4.559442431860271","2100","6602.58942835","GW8","ok","ok","medium",,"high","high",,"medium","true","C8","C8: Above 4.0°C","REMIND 2.1","LeastTotalCost_Base_brkSR15_SSP5_P50","6.3883621298829505","86.43194191611842","6.974347832506808",,"0","4.559442431860271","4.559442431860271","0","0.002815202","medium","ok","ok","ok"
"1191","LeastTotalCost-Base-brkSR15-SSP5-P50","REMIND 2.1","Final Energy|Residential and Commercial|Electricity","EJ/yr","[object Object]",2015,5.8018,"4.559442431860271","4.559442431860271","2100","6602.58942835","GW8","ok","ok","medium",,"high","high",,"medium","true","C8","C8: Above 4.0°C","REMIND 2.1","LeastTotalCost_Base_brkSR15_SSP5_P50","6.3883621298829505","86.43194191611842","6.974347832506808",,"0","4.559442431860271","4.559442431860271","0","0.002815202","medium","ok","ok","ok"
"1191","LeastTotalCost-Base-brkSR15-SSP5-P50","REMIND 2.1","Final Energy|Residential and Commercial|Electricity","EJ/yr","[object Object]",2020,6.4895,"4.559442431860271","4.559442431860271","2100","6602.58942835","GW8","ok","ok","medium",,"high","high",,"medium","true","C8","C8: Above 4.0°C","REMIND 2.1","LeastTotalCost_Base_brkSR15_SSP5_P50","6.3883621298829505","86.43194191611842","6.974347832506808",,"0","4.559442431860271","4.559442431860271","0","0.002815202","medium","ok","ok","ok"
"1191","LeastTotalCost-Base-brkSR15-SSP5-P50","REMIND 2.1","Final Energy|Residential and Commercial|Electricity","EJ/yr","[object Object]",2025,7.229,"4.559442431860271","4.559442431860271","2100","6602.58942835","GW8","ok","ok","medium",,"high","high",,"medium","true","C8","C8: Above 4.0°C","REMIND 2.1","LeastTotalCost_Base_brkSR15_SSP5_P50","6.3883621298829505","86.43194191611842","6.974347832506808",,"0","4.559442431860271","4.559442431860271","0","0.002815202","medium","ok","ok","ok"
"1191","LeastTotalCost-Base-brkSR15-SSP5-P50","REMIND 2.1","Final Energy|Residential and Commercial|Electricity","EJ/yr","[object Object]",2030,7.9727,"4.559442431860271","4.559442431860271","2100","6602.58942835","GW8","ok","ok","medium",,"high","high",,"medium","true","C8","C8: Above 4.0°C","REMIND 2.1","LeastTotalCost_Base_brkSR15_SSP5_P50","6.3883621298829505","86.43194191611842","6.974347832506808",,"0","4.559442431860271","4.559442431860271","0","0.002815202","medium","ok","ok","ok"
"1191","LeastTotalCost-Base-brkSR15-SSP5-P50","REMIND 2.1","Final Energy|Residential and Commercial|Electricity","EJ/yr","[object Object]",2035,8.8994,"4.559442431860271","4.559442431860271","2100","6602.58942835","GW8","ok","ok","medium",,"high","high",,"medium","true","C8","C8: Above 4.0°C","REMIND 2.1","LeastTotalCost_Base_brkSR15_SSP5_P50","6.3883621298829505","86.43194191611842","6.974347832506808",,"0","4.559442431860271","4.559442431860271","0","0.002815202","medium","ok","ok","ok"
"1191","LeastTotalCost-Base-brkSR15-SSP5-P50","REMIND 2.1","Final Energy|Residential and Commercial|Electricity","EJ/yr","[object Object]",2040,9.7836,"4.559442431860271","4.559442431860271","2100","6602.58942835","GW8","ok","ok","medium",,"high","high",,"medium","true","C8","C8: Above 4.0°C","REMIND 2.1","LeastTotalCost_Base_brkSR15_SSP5_P50","6.3883621298829505","86.43194191611842","6.974347832506808",,"0","4.559442431860271","4.559442431860271","0","0.002815202","medium","ok","ok","ok"
"1191","LeastTotalCost-Base-brkSR15-SSP5-P50","REMIND 2.1","Final Energy|Residential and Commercial|Electricity","EJ/yr","[object Object]",2045,10.7615,"4.559442431860271","4.559442431860271","2100","6602.58942835","GW8","ok","ok","medium",,"high","high",,"medium","true","C8","C8: Above 4.0°C","REMIND 2.1","LeastTotalCost_Base_brkSR15_SSP5_P50","6.3883621298829505","86.43194191611842","6.974347832506808",,"0","4.559442431860271","4.559442431860271","0","0.002815202","medium","ok","ok","ok"
"1191","LeastTotalCost-Base-brkSR15-SSP5-P50","REMIND 2.1","Final Energy|Residential and Commercial|Electricity","EJ/yr","[object Object]",2050,11.7683,"4.559442431860271","4.559442431860271","2100","6602.58942835","GW8","ok","ok","medium",,"high","high",,"medium","true","C8","C8: Above 4.0°C","REMIND 2.1","LeastTotalCost_Base_brkSR15_SSP5_P50","6.3883621298829505","86.43194191611842","6.974347832506808",,"0","4.559442431860271","4.559442431860271","0","0.002815202","medium","ok","ok","ok"
"1191","LeastTotalCost-Base-brkSR15-SSP5-P50","REMIND 2.1","Final Energy|Residential and Commercial|Electricity","EJ/yr","[object Object]",2055,12.7342,"4.559442431860271","4.559442431860271","2100","6602.58942835","GW8","ok","ok","medium",,"high","high",,"medium","true","C8","C8: Above 4.0°C","REMIND 2.1","LeastTotalCost_Base_brkSR15_SSP5_P50","6.3883621298829505","86.43194191611842","6.974347832506808",,"0","4.559442431860271","4.559442431860271","0","0.002815202","medium","ok","ok","ok"
"1191","LeastTotalCost-Base-brkSR15-SSP5-P50","REMIND 2.1","Final Energy|Residential and Commercial|Electricity","EJ/yr","[object Object]",2060,13.5194,"4.559442431860271","4.559442431860271","2100","6602.58942835","GW8","ok","ok","medium",,"high","high",,"medium","true","C8","C8: Above 4.0°C","REMIND 2.1","LeastTotalCost_Base_brkSR15_SSP5_P50","6.3883621298829505","86.43194191611842","6.974347832506808",,"0","4.559442431860271","4.559442431860271","0","0.002815202","medium","ok","ok","ok"
"1191","LeastTotalCost-Base-brkSR15-SSP5-P50","REMIND 2.1","Final Energy|Residential and Commercial|Electricity","EJ/yr","[object Object]",2070,15.4996,"4.559442431860271","4.559442431860271","2100","6602.58942835","GW8","ok","ok","medium",,"high","high",,"medium","true","C8","C8: Above 4.0°C","REMIND 2.1","LeastTotalCost_Base_brkSR15_SSP5_P50","6.3883621298829505","86.43194191611842","6.974347832506808",,"0","4.559442431860271","4.559442431860271","0","0.002815202","medium","ok","ok","ok"
"1191","LeastTotalCost-Base-brkSR15-SSP5-P50","REMIND 2.1","Final Energy|Residential and Commercial|Electricity","EJ/yr","[object Object]",2080,17.8112,"4.559442431860271","4.559442431860271","2100","6602.58942835","GW8","ok","ok","medium",,"high","high",,"medium","true","C8","C8: Above 4.0°C","REMIND 2.1","LeastTotalCost_Base_brkSR15_SSP5_P50","6.3883621298829505","86.43194191611842","6.974347832506808",,"0","4.559442431860271","4.559442431860271","0","0.002815202","medium","ok","ok","ok"
"1191","LeastTotalCost-Base-brkSR15-SSP5-P50","REMIND 2.1","Final Energy|Residential and Commercial|Electricity","EJ/yr","[object Object]",2090,19.5626,"4.559442431860271","4.559442431860271","2100","6602.58942835","GW8","ok","ok","medium",,"high","high",,"medium","true","C8","C8: Above 4.0°C","REMIND 2.1","LeastTotalCost_Base_brkSR15_SSP5_P50","6.3883621298829505","86.43194191611842","6.974347832506808",,"0","4.559442431860271","4.559442431860271","0","0.002815202","medium","ok","ok","ok"
"1191","LeastTotalCost-Base-brkSR15-SSP5-P50","REMIND 2.1","Final Energy|Residential and Commercial|Electricity","EJ/yr","[object Object]",2100,21.6645,"4.559442431860271","4.559442431860271","2100","6602.58942835","GW8","ok","ok","medium",,"high","high",,"medium","true","C8","C8: Above 4.0°C","REMIND 2.1","LeastTotalCost_Base_brkSR15_SSP5_P50","6.3883621298829505","86.43194191611842","6.974347832506808",,"0","4.559442431860271","4.559442431860271","0","0.002815202","medium","ok","ok","ok"
"1206","LeastTotalCost-NPi-brkLR15-SSP5-P50","REMIND 2.1","Final Energy|Residential and Commercial|Electricity","EJ/yr","[object Object]",2010,6.2291,"4.222525018762076","4.222525018762076","2100","5815.3771584","GW8","failed","medium","medium",,"medium","medium",,"medium","true","C8","C8: Above 4.0°C","REMIND 2.1","LeastTotalCost_NPi_brkLR15_SSP5_P50","17.64957302785404","66.16266292025428","15.953191763793924",,"37.7396923","4.222525018762076","4.222525018762076","37.7396923",,"medium","ok","ok","ok"
"1206","LeastTotalCost-NPi-brkLR15-SSP5-P50","REMIND 2.1","Final Energy|Residential and Commercial|Electricity","EJ/yr","[object Object]",2015,5.8433,"4.222525018762076","4.222525018762076","2100","5815.3771584","GW8","failed","medium","medium",,"medium","medium",,"medium","true","C8","C8: Above 4.0°C","REMIND 2.1","LeastTotalCost_NPi_brkLR15_SSP5_P50","17.64957302785404","66.16266292025428","15.953191763793924",,"37.7396923","4.222525018762076","4.222525018762076","37.7396923",,"medium","ok","ok","ok"
"1206","LeastTotalCost-NPi-brkLR15-SSP5-P50","REMIND 2.1","Final Energy|Residential and Commercial|Electricity","EJ/yr","[object Object]",2020,6.4618,"4.222525018762076","4.222525018762076","2100","5815.3771584","GW8","failed","medium","medium",,"medium","medium",,"medium","true","C8","C8: Above 4.0°C","REMIND 2.1","LeastTotalCost_NPi_brkLR15_SSP5_P50","17.64957302785404","66.16266292025428","15.953191763793924",,"37.7396923","4.222525018762076","4.222525018762076","37.7396923",,"medium","ok","ok","ok"
"1206","LeastTotalCost-NPi-brkLR15-SSP5-P50","REMIND 2.1","Final Energy|Residential and Commercial|Electricity","EJ/yr","[object Object]",2025,7.0467,"4.222525018762076","4.222525018762076","2100","5815.3771584","GW8","failed","medium","medium",,"medium","medium",,"medium","true","C8","C8: Above 4.0°C","REMIND 2.1","LeastTotalCost_NPi_brkLR15_SSP5_P50","17.64957302785404","66.16266292025428","15.953191763793924",,"37.7396923","4.222525018762076","4.222525018762076","37.7396923",,"medium","ok","ok","ok"
"1206","LeastTotalCost-NPi-brkLR15-SSP5-P50","REMIND 2.1","Final Energy|Residential and Commercial|Electricity","EJ/yr","[object Object]",2030,7.8949,"4.222525018762076","4.222525018762076","2100","5815.3771584","GW8","failed","medium","medium",,"medium","medium",,"medium","true","C8","C8: Above 4.0°C","REMIND 2.1","LeastTotalCost_NPi_brkLR15_SSP5_P50","17.64957302785404","66.16266292025428","15.953191763793924",,"37.7396923","4.222525018762076","4.222525018762076","37.7396923",,"medium","ok","ok","ok"
"1206","LeastTotalCost-NPi-brkLR15-SSP5-P50","REMIND 2.1","Final Energy|Residential and Commercial|Electricity","EJ/yr","[object Object]",2035,8.786,"4.222525018762076","4.222525018762076","2100","5815.3771584","GW8","failed","medium","medium",,"medium","medium",,"medium","true","C8","C8: Above 4.0°C","REMIND 2.1","LeastTotalCost_NPi_brkLR15_SSP5_P50","17.64957302785404","66.16266292025428","15.953191763793924",,"37.7396923","4.222525018762076","4.222525018762076","37.7396923",,"medium","ok","ok","ok"
"1206","LeastTotalCost-NPi-brkLR15-SSP5-P50","REMIND 2.1","Final Energy|Residential and Commercial|Electricity","EJ/yr","[object Object]",2040,9.5693,"4.222525018762076","4.222525018762076","2100","5815.3771584","GW8","failed","medium","medium",,"medium","medium",,"medium","true","C8","C8: Above 4.0°C","REMIND 2.1","LeastTotalCost_NPi_brkLR15_SSP5_P50","17.64957302785404","66.16266292025428","15.953191763793924",,"37.7396923","4.222525018762076","4.222525018762076","37.7396923",,"medium","ok","ok","ok"
"1206","LeastTotalCost-NPi-brkLR15-SSP5-P50","REMIND 2.1","Final Energy|Residential and Commercial|Electricity","EJ/yr","[object Object]",2045,10.5861,"4.222525018762076","4.222525018762076","2100","5815.3771584","GW8","failed","medium","medium",,"medium","medium",,"medium","true","C8","C8: Above 4.0°C","REMIND 2.1","LeastTotalCost_NPi_brkLR15_SSP5_P50","17.64957302785404","66.16266292025428","15.953191763793924",,"37.7396923","4.222525018762076","4.222525018762076","37.7396923",,"medium","ok","ok","ok"
"1206","LeastTotalCost-NPi-brkLR15-SSP5-P50","REMIND 2.1","Final Energy|Residential and Commercial|Electricity","EJ/yr","[object Object]",2050,11.5215,"4.222525018762076","4.222525018762076","2100","5815.3771584","GW8","failed","medium","medium",,"medium","medium",,"medium","true","C8","C8: Above 4.0°C","REMIND 2.1","LeastTotalCost_NPi_brkLR15_SSP5_P50","17.64957302785404","66.16266292025428","15.953191763793924",,"37.7396923","4.222525018762076","4.222525018762076","37.7396923",,"medium","ok","ok","ok"
"1206","LeastTotalCost-NPi-brkLR15-SSP5-P50","REMIND 2.1","Final Energy|Residential and Commercial|Electricity","EJ/yr","[object Object]",2055,12.1657,"4.222525018762076","4.222525018762076","2100","5815.3771584","GW8","failed","medium","medium",,"medium","medium",,"medium","true","C8","C8: Above 4.0°C","REMIND 2.1","LeastTotalCost_NPi_brkLR15_SSP5_P50","17.64957302785404","66.16266292025428","15.953191763793924",,"37.7396923","4.222525018762076","4.222525018762076","37.7396923",,"medium","ok","ok","ok"
"1206","LeastTotalCost-NPi-brkLR15-SSP5-P50","REMIND 2.1","Final Energy|Residential and Commercial|Electricity","EJ/yr","[object Object]",2060,12.8038,"4.222525018762076","4.222525018762076","2100","5815.3771584","GW8","failed","medium","medium",,"medium","medium",,"medium","true","C8","C8: Above 4.0°C","REMIND 2.1","LeastTotalCost_NPi_brkLR15_SSP5_P50","17.64957302785404","66.16266292025428","15.953191763793924",,"37.7396923","4.222525018762076","4.222525018762076","37.7396923",,"medium","ok","ok","ok"
"1206","LeastTotalCost-NPi-brkLR15-SSP5-P50","REMIND 2.1","Final Energy|Residential and Commercial|Electricity","EJ/yr","[object Object]",2070,13.9711,"4.222525018762076","4.222525018762076","2100","5815.3771584","GW8","failed","medium","medium",,"medium","medium",,"medium","true","C8","C8: Above 4.0°C","REMIND 2.1","LeastTotalCost_NPi_brkLR15_SSP5_P50","17.64957302785404","66.16266292025428","15.953191763793924",,"37.7396923","4.222525018762076","4.222525018762076","37.7396923",,"medium","ok","ok","ok"
"1206","LeastTotalCost-NPi-brkLR15-SSP5-P50","REMIND 2.1","Final Energy|Residential and Commercial|Electricity","EJ/yr","[object Object]",2080,14.8697,"4.222525018762076","4.222525018762076","2100","5815.3771584","GW8","failed","medium","medium",,"medium","medium",,"medium","true","C8","C8: Above 4.0°C","REMIND 2.1","LeastTotalCost_NPi_brkLR15_SSP5_P50","17.64957302785404","66.16266292025428","15.953191763793924",,"37.7396923","4.222525018762076","4.222525018762076","37.7396923",,"medium","ok","ok","ok"
"1206","LeastTotalCost-NPi-brkLR15-SSP5-P50","REMIND 2.1","Final Energy|Residential and Commercial|Electricity","EJ/yr","[object Object]",2090,15.6751,"4.222525018762076","4.222525018762076","2100","5815.3771584","GW8","failed","medium","medium",,"medium","medium",,"medium","true","C8","C8: Above 4.0°C","REMIND 2.1","LeastTotalCost_NPi_brkLR15_SSP5_P50","17.64957302785404","66.16266292025428","15.953191763793924",,"37.7396923","4.222525018762076","4.222525018762076","37.7396923",,"medium","ok","ok","ok"
"1206","LeastTotalCost-NPi-brkLR15-SSP5-P50","REMIND 2.1","Final Energy|Residential and Commercial|Electricity","EJ/yr","[object Object]",2100,16.65,"4.222525018762076","4.222525018762076","2100","5815.3771584","GW8","failed","medium","medium",,"medium","medium",,"medium","true","C8","C8: Above 4.0°C","REMIND 2.1","LeastTotalCost_NPi_brkLR15_SSP5_P50","17.64957302785404","66.16266292025428","15.953191763793924",,"37.7396923","4.222525018762076","4.222525018762076","37.7396923",,"medium","ok","ok","ok"
"1209","LeastTotalCost-NPi-brkSR15-SSP5-P50","REMIND 2.1","Final Energy|Residential and Commercial|Electricity","EJ/yr","[object Object]",2010,6.2264,"4.259153976607975","4.259153976607975","2100","5925.38255445","GW8","failed","medium","medium",,"medium","medium",,"medium","true","C8","C8: Above 4.0°C","REMIND 2.1","LeastTotalCost_NPi_brkSR15_SSP5_P50","17.813054854686477","65.76336323708064","16.20701336323708",,"38.24968175","4.259153976607975","4.259153976607975","38.24968175",,"medium","ok","ok","ok"
"1209","LeastTotalCost-NPi-brkSR15-SSP5-P50","REMIND 2.1","Final Energy|Residential and Commercial|Electricity","EJ/yr","[object Object]",2015,5.8413,"4.259153976607975","4.259153976607975","2100","5925.38255445","GW8","failed","medium","medium",,"medium","medium",,"medium","true","C8","C8: Above 4.0°C","REMIND 2.1","LeastTotalCost_NPi_brkSR15_SSP5_P50","17.813054854686477","65.76336323708064","16.20701336323708",,"38.24968175","4.259153976607975","4.259153976607975","38.24968175",,"medium","ok","ok","ok"
"1209","LeastTotalCost-NPi-brkSR15-SSP5-P50","REMIND 2.1","Final Energy|Residential and Commercial|Electricity","EJ/yr","[object Object]",2020,6.4653,"4.259153976607975","4.259153976607975","2100","5925.38255445","GW8","failed","medium","medium",,"medium","medium",,"medium","true","C8","C8: Above 4.0°C","REMIND 2.1","LeastTotalCost_NPi_brkSR15_SSP5_P50","17.813054854686477","65.76336323708064","16.20701336323708",,"38.24968175","4.259153976607975","4.259153976607975","38.24968175",,"medium","ok","ok","ok"
"1209","LeastTotalCost-NPi-brkSR15-SSP5-P50","REMIND 2.1","Final Energy|Residential and Commercial|Electricity","EJ/yr","[object Object]",2025,7.0523,"4.259153976607975","4.259153976607975","2100","5925.38255445","GW8","failed","medium","medium",,"medium","medium",,"medium","true","C8","C8: Above 4.0°C","REMIND 2.1","LeastTotalCost_NPi_brkSR15_SSP5_P50","17.813054854686477","65.76336323708064","16.20701336323708",,"38.24968175","4.259153976607975","4.259153976607975","38.24968175",,"medium","ok","ok","ok"
"1209","LeastTotalCost-NPi-brkSR15-SSP5-P50","REMIND 2.1","Final Energy|Residential and Commercial|Electricity","EJ/yr","[object Object]",2030,7.9583,"4.259153976607975","4.259153976607975","2100","5925.38255445","GW8","failed","medium","medium",,"medium","medium",,"medium","true","C8","C8: Above 4.0°C","REMIND 2.1","LeastTotalCost_NPi_brkSR15_SSP5_P50","17.813054854686477","65.76336323708064","16.20701336323708",,"38.24968175","4.259153976607975","4.259153976607975","38.24968175",,"medium","ok","ok","ok"
"1209","LeastTotalCost-NPi-brkSR15-SSP5-P50","REMIND 2.1","Final Energy|Residential and Commercial|Electricity","EJ/yr","[object Object]",2035,8.9322,"4.259153976607975","4.259153976607975","2100","5925.38255445","GW8","failed","medium","medium",,"medium","medium",,"medium","true","C8","C8: Above 4.0°C","REMIND 2.1","LeastTotalCost_NPi_brkSR15_SSP5_P50","17.813054854686477","65.76336323708064","16.20701336323708",,"38.24968175","4.259153976607975","4.259153976607975","38.24968175",,"medium","ok","ok","ok"
"1209","LeastTotalCost-NPi-brkSR15-SSP5-P50","REMIND 2.1","Final Energy|Residential and Commercial|Electricity","EJ/yr","[object Object]",2040,9.8533,"4.259153976607975","4.259153976607975","2100","5925.38255445","GW8","failed","medium","medium",,"medium","medium",,"medium","true","C8","C8: Above 4.0°C","REMIND 2.1","LeastTotalCost_NPi_brkSR15_SSP5_P50","17.813054854686477","65.76336323708064","16.20701336323708",,"38.24968175","4.259153976607975","4.259153976607975","38.24968175",,"medium","ok","ok","ok"
"1209","LeastTotalCost-NPi-brkSR15-SSP5-P50","REMIND 2.1","Final Energy|Residential and Commercial|Electricity","EJ/yr","[object Object]",2045,11.1762,"4.259153976607975","4.259153976607975","2100","5925.38255445","GW8","failed","medium","medium",,"medium","medium",,"medium","true","C8","C8: Above 4.0°C","REMIND 2.1","LeastTotalCost_NPi_brkSR15_SSP5_P50","17.813054854686477","65.76336323708064","16.20701336323708",,"38.24968175","4.259153976607975","4.259153976607975","38.24968175",,"medium","ok","ok","ok"
"1209","LeastTotalCost-NPi-brkSR15-SSP5-P50","REMIND 2.1","Final Energy|Residential and Commercial|Electricity","EJ/yr","[object Object]",2050,12.5487,"4.259153976607975","4.259153976607975","2100","5925.38255445","GW8","failed","medium","medium",,"medium","medium",,"medium","true","C8","C8: Above 4.0°C","REMIND 2.1","LeastTotalCost_NPi_brkSR15_SSP5_P50","17.813054854686477","65.76336323708064","16.20701336323708",,"38.24968175","4.259153976607975","4.259153976607975","38.24968175",,"medium","ok","ok","ok"
"1209","LeastTotalCost-NPi-brkSR15-SSP5-P50","REMIND 2.1","Final Energy|Residential and Commercial|Electricity","EJ/yr","[object Object]",2055,13.6417,"4.259153976607975","4.259153976607975","2100","5925.38255445","GW8","failed","medium","medium",,"medium","medium",,"medium","true","C8","C8: Above 4.0°C","REMIND 2.1","LeastTotalCost_NPi_brkSR15_SSP5_P50","17.813054854686477","65.76336323708064","16.20701336323708",,"38.24968175","4.259153976607975","4.259153976607975","38.24968175",,"medium","ok","ok","ok"
"1209","LeastTotalCost-NPi-brkSR15-SSP5-P50","REMIND 2.1","Final Energy|Residential and Commercial|Electricity","EJ/yr","[object Object]",2060,14.814,"4.259153976607975","4.259153976607975","2100","5925.38255445","GW8","failed","medium","medium",,"medium","medium",,"medium","true","C8","C8: Above 4.0°C","REMIND 2.1","LeastTotalCost_NPi_brkSR15_SSP5_P50","17.813054854686477","65.76336323708064","16.20701336323708",,"38.24968175","4.259153976607975","4.259153976607975","38.24968175",,"medium","ok","ok","ok"
"1209","LeastTotalCost-NPi-brkSR15-SSP5-P50","REMIND 2.1","Final Energy|Residential and Commercial|Electricity","EJ/yr","[object Object]",2070,17.0938,"4.259153976607975","4.259153976607975","2100","5925.38255445","GW8","failed","medium","medium",,"medium","medium",,"medium","true","C8","C8: Above 4.0°C","REMIND 2.1","LeastTotalCost_NPi_brkSR15_SSP5_P50","17.813054854686477","65.76336323708064","16.20701336323708",,"38.24968175","4.259153976607975","4.259153976607975","38.24968175",,"medium","ok","ok","ok"
"1209","LeastTotalCost-NPi-brkSR15-SSP5-P50","REMIND 2.1","Final Energy|Residential and Commercial|Electricity","EJ/yr","[object Object]",2080,19.27,"4.259153976607975","4.259153976607975","2100","5925.38255445","GW8","failed","medium","medium",,"medium","medium",,"medium","true","C8","C8: Above 4.0°C","REMIND 2.1","LeastTotalCost_NPi_brkSR15_SSP5_P50","17.813054854686477","65.76336323708064","16.20701336323708",,"38.24968175","4.259153976607975","4.259153976607975","38.24968175",,"medium","ok","ok","ok"
"1209","LeastTotalCost-NPi-brkSR15-SSP5-P50","REMIND 2.1","Final Energy|Residential and Commercial|Electricity","EJ/yr","[object Object]",2090,21.193,"4.259153976607975","4.259153976607975","2100","5925.38255445","GW8","failed","medium","medium",,"medium","medium",,"medium","true","C8","C8: Above 4.0°C","REMIND 2.1","LeastTotalCost_NPi_brkSR15_SSP5_P50","17.813054854686477","65.76336323708064","16.20701336323708",,"38.24968175","4.259153976607975","4.259153976607975","38.24968175",,"medium","ok","ok","ok"
"1209","LeastTotalCost-NPi-brkSR15-SSP5-P50","REMIND 2.1","Final Energy|Residential and Commercial|Electricity","EJ/yr","[object Object]",2100,23.4053,"4.259153976607975","4.259153976607975","2100","5925.38255445","GW8","failed","medium","medium",,"medium","medium",,"medium","true","C8","C8: Above 4.0°C","REMIND 2.1","LeastTotalCost_NPi_brkSR15_SSP5_P50","17.813054854686477","65.76336323708064","16.20701336323708",,"38.24968175","4.259153976607975","4.259153976607975","38.24968175",,"medium","ok","ok","ok"
"1219","R2p1-SSP2-Baseline","REMIND 2.1","Final Energy|Residential and Commercial|Electricity","EJ/yr","[object Object]",2010,6.2696,"3.68077471207272","3.68077471207272","2100","4232.6838904","GW8","ok","medium","medium",,"medium","high",,"medium","true","C7","C7: Below 4.0°C","REMIND 2.1","R2p1_SSP2-Base","22.849165583956594","62.61250647943076","14.406888055632225",,"0","3.68077471207272","3.68077471207272","0","0.002784663","medium","ok","ok","ok"
"1219","R2p1-SSP2-Baseline","REMIND 2.1","Final Energy|Residential and Commercial|Electricity","EJ/yr","[object Object]",2015,5.7866,"3.68077471207272","3.68077471207272","2100","4232.6838904","GW8","ok","medium","medium",,"medium","high",,"medium","true","C7","C7: Below 4.0°C","REMIND 2.1","R2p1_SSP2-Base","22.849165583956594","62.61250647943076","14.406888055632225",,"0","3.68077471207272","3.68077471207272","0","0.002784663","medium","ok","ok","ok"
"1219","R2p1-SSP2-Baseline","REMIND 2.1","Final Energy|Residential and Commercial|Electricity","EJ/yr","[object Object]",2020,6.539,"3.68077471207272","3.68077471207272","2100","4232.6838904","GW8","ok","medium","medium",,"medium","high",,"medium","true","C7","C7: Below 4.0°C","REMIND 2.1","R2p1_SSP2-Base","22.849165583956594","62.61250647943076","14.406888055632225",,"0","3.68077471207272","3.68077471207272","0","0.002784663","medium","ok","ok","ok"
"1219","R2p1-SSP2-Baseline","REMIND 2.1","Final Energy|Residential and Commercial|Electricity","EJ/yr","[object Object]",2025,7.0352,"3.68077471207272","3.68077471207272","2100","4232.6838904","GW8","ok","medium","medium",,"medium","high",,"medium","true","C7","C7: Below 4.0°C","REMIND 2.1","R2p1_SSP2-Base","22.849165583956594","62.61250647943076","14.406888055632225",,"0","3.68077471207272","3.68077471207272","0","0.002784663","medium","ok","ok","ok"
"1219","R2p1-SSP2-Baseline","REMIND 2.1","Final Energy|Residential and Commercial|Electricity","EJ/yr","[object Object]",2030,7.3686,"3.68077471207272","3.68077471207272","2100","4232.6838904","GW8","ok","medium","medium",,"medium","high",,"medium","true","C7","C7: Below 4.0°C","REMIND 2.1","R2p1_SSP2-Base","22.849165583956594","62.61250647943076","14.406888055632225",,"0","3.68077471207272","3.68077471207272","0","0.002784663","medium","ok","ok","ok"
"1219","R2p1-SSP2-Baseline","REMIND 2.1","Final Energy|Residential and Commercial|Electricity","EJ/yr","[object Object]",2035,7.6347,"3.68077471207272","3.68077471207272","2100","4232.6838904","GW8","ok","medium","medium",,"medium","high",,"medium","true","C7","C7: Below 4.0°C","REMIND 2.1","R2p1_SSP2-Base","22.849165583956594","62.61250647943076","14.406888055632225",,"0","3.68077471207272","3.68077471207272","0","0.002784663","medium","ok","ok","ok"
"1219","R2p1-SSP2-Baseline","REMIND 2.1","Final Energy|Residential and Commercial|Electricity","EJ/yr","[object Object]",2040,7.7006,"3.68077471207272","3.68077471207272","2100","4232.6838904","GW8","ok","medium","medium",,"medium","high",,"medium","true","C7","C7: Below 4.0°C","REMIND 2.1","R2p1_SSP2-Base","22.849165583956594","62.61250647943076","14.406888055632225",,"0","3.68077471207272","3.68077471207272","0","0.002784663","medium","ok","ok","ok"
"1219","R2p1-SSP2-Baseline","REMIND 2.1","Final Energy|Residential and Commercial|Electricity","EJ/yr","[object Object]",2045,7.753,"3.68077471207272","3.68077471207272","2100","4232.6838904","GW8","ok","medium","medium",,"medium","high",,"medium","true","C7","C7: Below 4.0°C","REMIND 2.1","R2p1_SSP2-Base","22.849165583956594","62.61250647943076","14.406888055632225",,"0","3.68077471207272","3.68077471207272","0","0.002784663","medium","ok","ok","ok"
"1219","R2p1-SSP2-Baseline","REMIND 2.1","Final Energy|Residential and Commercial|Electricity","EJ/yr","[object Object]",2050,7.768,"3.68077471207272","3.68077471207272","2100","4232.6838904","GW8","ok","medium","medium",,"medium","high",,"medium","true","C7","C7: Below 4.0°C","REMIND 2.1","R2p1_SSP2-Base","22.849165583956594","62.61250647943076","14.406888055632225",,"0","3.68077471207272","3.68077471207272","0","0.002784663","medium","ok","ok","ok"
"1219","R2p1-SSP2-Baseline","REMIND 2.1","Final Energy|Residential and Commercial|Electricity","EJ/yr","[object Object]",2055,7.8671,"3.68077471207272","3.68077471207272","2100","4232.6838904","GW8","ok","medium","medium",,"medium","high",,"medium","true","C7","C7: Below 4.0°C","REMIND 2.1","R2p1_SSP2-Base","22.849165583956594","62.61250647943076","14.406888055632225",,"0","3.68077471207272","3.68077471207272","0","0.002784663","medium","ok","ok","ok"
"1219","R2p1-SSP2-Baseline","REMIND 2.1","Final Energy|Residential and Commercial|Electricity","EJ/yr","[object Object]",2060,7.9955,"3.68077471207272","3.68077471207272","2100","4232.6838904","GW8","ok","medium","medium",,"medium","high",,"medium","true","C7","C7: Below 4.0°C","REMIND 2.1","R2p1_SSP2-Base","22.849165583956594","62.61250647943076","14.406888055632225",,"0","3.68077471207272","3.68077471207272","0","0.002784663","medium","ok","ok","ok"
"1219","R2p1-SSP2-Baseline","REMIND 2.1","Final Energy|Residential and Commercial|Electricity","EJ/yr","[object Object]",2070,8.3,"3.68077471207272","3.68077471207272","2100","4232.6838904","GW8","ok","medium","medium",,"medium","high",,"medium","true","C7","C7: Below 4.0°C","REMIND 2.1","R2p1_SSP2-Base","22.849165583956594","62.61250647943076","14.406888055632225",,"0","3.68077471207272","3.68077471207272","0","0.002784663","medium","ok","ok","ok"
"1219","R2p1-SSP2-Baseline","REMIND 2.1","Final Energy|Residential and Commercial|Electricity","EJ/yr","[object Object]",2080,8.8862,"3.68077471207272","3.68077471207272","2100","4232.6838904","GW8","ok","medium","medium",,"medium","high",,"medium","true","C7","C7: Below 4.0°C","REMIND 2.1","R2p1_SSP2-Base","22.849165583956594","62.61250647943076","14.406888055632225",,"0","3.68077471207272","3.68077471207272","0","0.002784663","medium","ok","ok","ok"
"1219","R2p1-SSP2-Baseline","REMIND 2.1","Final Energy|Residential and Commercial|Electricity","EJ/yr","[object Object]",2090,9.4318,"3.68077471207272","3.68077471207272","2100","4232.6838904","GW8","ok","medium","medium",,"medium","high",,"medium","true","C7","C7: Below 4.0°C","REMIND 2.1","R2p1_SSP2-Base","22.849165583956594","62.61250647943076","14.406888055632225",,"0","3.68077471207272","3.68077471207272","0","0.002784663","medium","ok","ok","ok"
"1219","R2p1-SSP2-Baseline","REMIND 2.1","Final Energy|Residential and Commercial|Electricity","EJ/yr","[object Object]",2100,9.7502,"3.68077471207272","3.68077471207272","2100","4232.6838904","GW8","ok","medium","medium",,"medium","high",,"medium","true","C7","C7: Below 4.0°C","REMIND 2.1","R2p1_SSP2-Base","22.849165583956594","62.61250647943076","14.406888055632225",,"0","3.68077471207272","3.68077471207272","0","0.002784663","medium","ok","ok","ok"
"1225","R2p1-SSP5-Baseline","REMIND 2.1","Final Energy|Residential and Commercial|Electricity","EJ/yr","[object Object]",2010,6.2599,"4.678871292374669","4.678871292374669","2100","7078.767829000001","GW8","ok","medium","medium",,"high","high",,"medium","true","C8","C8: Above 4.0°C","REMIND 2.1","R2p1_SSP5-Base","7.473426037542789","85.17149839601078","7.269331857794992",,"0","4.678871292374669","4.678871292374669","0","0.002947503","medium","ok","ok","ok"
"1225","R2p1-SSP5-Baseline","REMIND 2.1","Final Energy|Residential and Commercial|Electricity","EJ/yr","[object Object]",2015,5.7818,"4.678871292374669","4.678871292374669","2100","7078.767829000001","GW8","ok","medium","medium",,"high","high",,"medium","true","C8","C8: Above 4.0°C","REMIND 2.1","R2p1_SSP5-Base","7.473426037542789","85.17149839601078","7.269331857794992",,"0","4.678871292374669","4.678871292374669","0","0.002947503","medium","ok","ok","ok"
"1225","R2p1-SSP5-Baseline","REMIND 2.1","Final Energy|Residential and Commercial|Electricity","EJ/yr","[object Object]",2020,6.4962,"4.678871292374669","4.678871292374669","2100","7078.767829000001","GW8","ok","medium","medium",,"high","high",,"medium","true","C8","C8: Above 4.0°C","REMIND 2.1","R2p1_SSP5-Base","7.473426037542789","85.17149839601078","7.269331857794992",,"0","4.678871292374669","4.678871292374669","0","0.002947503","medium","ok","ok","ok"
"1225","R2p1-SSP5-Baseline","REMIND 2.1","Final Energy|Residential and Commercial|Electricity","EJ/yr","[object Object]",2025,7.1922,"4.678871292374669","4.678871292374669","2100","7078.767829000001","GW8","ok","medium","medium",,"high","high",,"medium","true","C8","C8: Above 4.0°C","REMIND 2.1","R2p1_SSP5-Base","7.473426037542789","85.17149839601078","7.269331857794992",,"0","4.678871292374669","4.678871292374669","0","0.002947503","medium","ok","ok","ok"
"1225","R2p1-SSP5-Baseline","REMIND 2.1","Final Energy|Residential and Commercial|Electricity","EJ/yr","[object Object]",2030,7.914,"4.678871292374669","4.678871292374669","2100","7078.767829000001","GW8","ok","medium","medium",,"high","high",,"medium","true","C8","C8: Above 4.0°C","REMIND 2.1","R2p1_SSP5-Base","7.473426037542789","85.17149839601078","7.269331857794992",,"0","4.678871292374669","4.678871292374669","0","0.002947503","medium","ok","ok","ok"
"1225","R2p1-SSP5-Baseline","REMIND 2.1","Final Energy|Residential and Commercial|Electricity","EJ/yr","[object Object]",2035,8.7872,"4.678871292374669","4.678871292374669","2100","7078.767829000001","GW8","ok","medium","medium",,"high","high",,"medium","true","C8","C8: Above 4.0°C","REMIND 2.1","R2p1_SSP5-Base","7.473426037542789","85.17149839601078","7.269331857794992",,"0","4.678871292374669","4.678871292374669","0","0.002947503","medium","ok","ok","ok"
"1225","R2p1-SSP5-Baseline","REMIND 2.1","Final Energy|Residential and Commercial|Electricity","EJ/yr","[object Object]",2040,9.5068,"4.678871292374669","4.678871292374669","2100","7078.767829000001","GW8","ok","medium","medium",,"high","high",,"medium","true","C8","C8: Above 4.0°C","REMIND 2.1","R2p1_SSP5-Base","7.473426037542789","85.17149839601078","7.269331857794992",,"0","4.678871292374669","4.678871292374669","0","0.002947503","medium","ok","ok","ok"
"1225","R2p1-SSP5-Baseline","REMIND 2.1","Final Energy|Residential and Commercial|Electricity","EJ/yr","[object Object]",2045,10.2893,"4.678871292374669","4.678871292374669","2100","7078.767829000001","GW8","ok","medium","medium",,"high","high",,"medium","true","C8","C8: Above 4.0°C","REMIND 2.1","R2p1_SSP5-Base","7.473426037542789","85.17149839601078","7.269331857794992",,"0","4.678871292374669","4.678871292374669","0","0.002947503","medium","ok","ok","ok"
"1225","R2p1-SSP5-Baseline","REMIND 2.1","Final Energy|Residential and Commercial|Electricity","EJ/yr","[object Object]",2050,11.046,"4.678871292374669","4.678871292374669","2100","7078.767829000001","GW8","ok","medium","medium",,"high","high",,"medium","true","C8","C8: Above 4.0°C","REMIND 2.1","R2p1_SSP5-Base","7.473426037542789","85.17149839601078","7.269331857794992",,"0","4.678871292374669","4.678871292374669","0","0.002947503","medium","ok","ok","ok"
"1225","R2p1-SSP5-Baseline","REMIND 2.1","Final Energy|Residential and Commercial|Electricity","EJ/yr","[object Object]",2055,11.852,"4.678871292374669","4.678871292374669","2100","7078.767829000001","GW8","ok","medium","medium",,"high","high",,"medium","true","C8","C8: Above 4.0°C","REMIND 2.1","R2p1_SSP5-Base","7.473426037542789","85.17149839601078","7.269331857794992",,"0","4.678871292374669","4.678871292374669","0","0.002947503","medium","ok","ok","ok"
"1225","R2p1-SSP5-Baseline","REMIND 2.1","Final Energy|Residential and Commercial|Electricity","EJ/yr","[object Object]",2060,12.7215,"4.678871292374669","4.678871292374669","2100","7078.767829000001","GW8","ok","medium","medium",,"high","high",,"medium","true","C8","C8: Above 4.0°C","REMIND 2.1","R2p1_SSP5-Base","7.473426037542789","85.17149839601078","7.269331857794992",,"0","4.678871292374669","4.678871292374669","0","0.002947503","medium","ok","ok","ok"
"1225","R2p1-SSP5-Baseline","REMIND 2.1","Final Energy|Residential and Commercial|Electricity","EJ/yr","[object Object]",2070,14.5762,"4.678871292374669","4.678871292374669","2100","7078.767829000001","GW8","ok","medium","medium",,"high","high",,"medium","true","C8","C8: Above 4.0°C","REMIND 2.1","R2p1_SSP5-Base","7.473426037542789","85.17149839601078","7.269331857794992",,"0","4.678871292374669","4.678871292374669","0","0.002947503","medium","ok","ok","ok"
"1225","R2p1-SSP5-Baseline","REMIND 2.1","Final Energy|Residential and Commercial|Electricity","EJ/yr","[object Object]",2080,16.8511,"4.678871292374669","4.678871292374669","2100","7078.767829000001","GW8","ok","medium","medium",,"high","high",,"medium","true","C8","C8: Above 4.0°C","REMIND 2.1","R2p1_SSP5-Base","7.473426037542789","85.17149839601078","7.269331857794992",,"0","4.678871292374669","4.678871292374669","0","0.002947503","medium","ok","ok","ok"
"1225","R2p1-SSP5-Baseline","REMIND 2.1","Final Energy|Residential and Commercial|Electricity","EJ/yr","[object Object]",2090,18.7655,"4.678871292374669","4.678871292374669","2100","7078.767829000001","GW8","ok","medium","medium",,"high","high",,"medium","true","C8","C8: Above 4.0°C","REMIND 2.1","R2p1_SSP5-Base","7.473426037542789","85.17149839601078","7.269331857794992",,"0","4.678871292374669","4.678871292374669","0","0.002947503","medium","ok","ok","ok"
"1225","R2p1-SSP5-Baseline","REMIND 2.1","Final Energy|Residential and Commercial|Electricity","EJ/yr","[object Object]",2100,20.9111,"4.678871292374669","4.678871292374669","2100","7078.767829000001","GW8","ok","medium","medium",,"high","high",,"medium","true","C8","C8: Above 4.0°C","REMIND 2.1","R2p1_SSP5-Base","7.473426037542789","85.17149839601078","7.269331857794992",,"0","4.678871292374669","4.678871292374669","0","0.002947503","medium","ok","ok","ok"
"1227","R2p1-SSP5-NPi","REMIND 2.1","Final Energy|Residential and Commercial|Electricity","EJ/yr","[object Object]",2010,6.2696,"4.160737026861048","4.160737026861048","2100","6376.283200700001","GW8","failed","medium","medium",,"medium","medium",,"medium","true","C8","C8: Above 4.0°C","REMIND 2.1","R2p1_SSP5-NPi","19.78000947092842","66.254542242549","13.869757558954074",,"6.20492925","4.160737026861048","4.160737026861048","6.20492925",,"medium","ok","ok","ok"
"1227","R2p1-SSP5-NPi","REMIND 2.1","Final Energy|Residential and Commercial|Electricity","EJ/yr","[object Object]",2015,5.7962,"4.160737026861048","4.160737026861048","2100","6376.283200700001","GW8","failed","medium","medium",,"medium","medium",,"medium","true","C8","C8: Above 4.0°C","REMIND 2.1","R2p1_SSP5-NPi","19.78000947092842","66.254542242549","13.869757558954074",,"6.20492925","4.160737026861048","4.160737026861048","6.20492925",,"medium","ok","ok","ok"
"1227","R2p1-SSP5-NPi","REMIND 2.1","Final Energy|Residential and Commercial|Electricity","EJ/yr","[object Object]",2020,6.4758,"4.160737026861048","4.160737026861048","2100","6376.283200700001","GW8","failed","medium","medium",,"medium","medium",,"medium","true","C8","C8: Above 4.0°C","REMIND 2.1","R2p1_SSP5-NPi","19.78000947092842","66.254542242549","13.869757558954074",,"6.20492925","4.160737026861048","4.160737026861048","6.20492925",,"medium","ok","ok","ok"
"1227","R2p1-SSP5-NPi","REMIND 2.1","Final Energy|Residential and Commercial|Electricity","EJ/yr","[object Object]",2025,7.0467,"4.160737026861048","4.160737026861048","2100","6376.283200700001","GW8","failed","medium","medium",,"medium","medium",,"medium","true","C8","C8: Above 4.0°C","REMIND 2.1","R2p1_SSP5-NPi","19.78000947092842","66.254542242549","13.869757558954074",,"6.20492925","4.160737026861048","4.160737026861048","6.20492925",,"medium","ok","ok","ok"
"1227","R2p1-SSP5-NPi","REMIND 2.1","Final Energy|Residential and Commercial|Electricity","EJ/yr","[object Object]",2030,7.8882,"4.160737026861048","4.160737026861048","2100","6376.283200700001","GW8","failed","medium","medium",,"medium","medium",,"medium","true","C8","C8: Above 4.0°C","REMIND 2.1","R2p1_SSP5-NPi","19.78000947092842","66.254542242549","13.869757558954074",,"6.20492925","4.160737026861048","4.160737026861048","6.20492925",,"medium","ok","ok","ok"
"1227","R2p1-SSP5-NPi","REMIND 2.1","Final Energy|Residential and Commercial|Electricity","EJ/yr","[object Object]",2035,8.8438,"4.160737026861048","4.160737026861048","2100","6376.283200700001","GW8","failed","medium","medium",,"medium","medium",,"medium","true","C8","C8: Above 4.0°C","REMIND 2.1","R2p1_SSP5-NPi","19.78000947092842","66.254542242549","13.869757558954074",,"6.20492925","4.160737026861048","4.160737026861048","6.20492925",,"medium","ok","ok","ok"
"1227","R2p1-SSP5-NPi","REMIND 2.1","Final Energy|Residential and Commercial|Electricity","EJ/yr","[object Object]",2040,9.7113,"4.160737026861048","4.160737026861048","2100","6376.283200700001","GW8","failed","medium","medium",,"medium","medium",,"medium","true","C8","C8: Above 4.0°C","REMIND 2.1","R2p1_SSP5-NPi","19.78000947092842","66.254542242549","13.869757558954074",,"6.20492925","4.160737026861048","4.160737026861048","6.20492925",,"medium","ok","ok","ok"
"1227","R2p1-SSP5-NPi","REMIND 2.1","Final Energy|Residential and Commercial|Electricity","EJ/yr","[object Object]",2045,10.7772,"4.160737026861048","4.160737026861048","2100","6376.283200700001","GW8","failed","medium","medium",,"medium","medium",,"medium","true","C8","C8: Above 4.0°C","REMIND 2.1","R2p1_SSP5-NPi","19.78000947092842","66.254542242549","13.869757558954074",,"6.20492925","4.160737026861048","4.160737026861048","6.20492925",,"medium","ok","ok","ok"
"1227","R2p1-SSP5-NPi","REMIND 2.1","Final Energy|Residential and Commercial|Electricity","EJ/yr","[object Object]",2050,11.7046,"4.160737026861048","4.160737026861048","2100","6376.283200700001","GW8","failed","medium","medium",,"medium","medium",,"medium","true","C8","C8: Above 4.0°C","REMIND 2.1","R2p1_SSP5-NPi","19.78000947092842","66.254542242549","13.869757558954074",,"6.20492925","4.160737026861048","4.160737026861048","6.20492925",,"medium","ok","ok","ok"
"1227","R2p1-SSP5-NPi","REMIND 2.1","Final Energy|Residential and Commercial|Electricity","EJ/yr","[object Object]",2055,12.4581,"4.160737026861048","4.160737026861048","2100","6376.283200700001","GW8","failed","medium","medium",,"medium","medium",,"medium","true","C8","C8: Above 4.0°C","REMIND 2.1","R2p1_SSP5-NPi","19.78000947092842","66.254542242549","13.869757558954074",,"6.20492925","4.160737026861048","4.160737026861048","6.20492925",,"medium","ok","ok","ok"
"1227","R2p1-SSP5-NPi","REMIND 2.1","Final Energy|Residential and Commercial|Electricity","EJ/yr","[object Object]",2060,13.2334,"4.160737026861048","4.160737026861048","2100","6376.283200700001","GW8","failed","medium","medium",,"medium","medium",,"medium","true","C8","C8: Above 4.0°C","REMIND 2.1","R2p1_SSP5-NPi","19.78000947092842","66.254542242549","13.869757558954074",,"6.20492925","4.160737026861048","4.160737026861048","6.20492925",,"medium","ok","ok","ok"
"1227","R2p1-SSP5-NPi","REMIND 2.1","Final Energy|Residential and Commercial|Electricity","EJ/yr","[object Object]",2070,15.2581,"4.160737026861048","4.160737026861048","2100","6376.283200700001","GW8","failed","medium","medium",,"medium","medium",,"medium","true","C8","C8: Above 4.0°C","REMIND 2.1","R2p1_SSP5-NPi","19.78000947092842","66.254542242549","13.869757558954074",,"6.20492925","4.160737026861048","4.160737026861048","6.20492925",,"medium","ok","ok","ok"
"1227","R2p1-SSP5-NPi","REMIND 2.1","Final Energy|Residential and Commercial|Electricity","EJ/yr","[object Object]",2080,17.4161,"4.160737026861048","4.160737026861048","2100","6376.283200700001","GW8","failed","medium","medium",,"medium","medium",,"medium","true","C8","C8: Above 4.0°C","REMIND 2.1","R2p1_SSP5-NPi","19.78000947092842","66.254542242549","13.869757558954074",,"6.20492925","4.160737026861048","4.160737026861048","6.20492925",,"medium","ok","ok","ok"
"1227","R2p1-SSP5-NPi","REMIND 2.1","Final Energy|Residential and Commercial|Electricity","EJ/yr","[object Object]",2090,19.3613,"4.160737026861048","4.160737026861048","2100","6376.283200700001","GW8","failed","medium","medium",,"medium","medium",,"medium","true","C8","C8: Above 4.0°C","REMIND 2.1","R2p1_SSP5-NPi","19.78000947092842","66.254542242549","13.869757558954074",,"6.20492925","4.160737026861048","4.160737026861048","6.20492925",,"medium","ok","ok","ok"
"1227","R2p1-SSP5-NPi","REMIND 2.1","Final Energy|Residential and Commercial|Electricity","EJ/yr","[object Object]",2100,21.3147,"4.160737026861048","4.160737026861048","2100","6376.283200700001","GW8","failed","medium","medium",,"medium","medium",,"medium","true","C8","C8: Above 4.0°C","REMIND 2.1","R2p1_SSP5-NPi","19.78000947092842","66.254542242549","13.869757558954074",,"6.20492925","4.160737026861048","4.160737026861048","6.20492925",,"medium","ok","ok","ok"
"1252","PEP-NPi","REMIND-MAgPIE 1.7-3.0","Final Energy|Residential and Commercial|Electricity","EJ/yr","[object Object]",2010,6.2166,"3.583937517054818","3.583937517054818","2100","4448.9129012","GW8","ok","medium","ok",,"high","high",,"ok","true","C7","C7: Below 4.0°C","REMIND-MAgPIE 1.7-3.0","PEP_NPi","27.058430147765026","62.46768306998385","7.587168560269207","0.10651312693397585","0.7778421","3.583937517054818","3.583937517054818","0.7778421","0.003185836","medium","ok","ok","ok"
"1252","PEP-NPi","REMIND-MAgPIE 1.7-3.0","Final Energy|Residential and Commercial|Electricity","EJ/yr","[object Object]",2015,6.5647,"3.583937517054818","3.583937517054818","2100","4448.9129012","GW8","ok","medium","ok",,"high","high",,"ok","true","C7","C7: Below 4.0°C","REMIND-MAgPIE 1.7-3.0","PEP_NPi","27.058430147765026","62.46768306998385","7.587168560269207","0.10651312693397585","0.7778421","3.583937517054818","3.583937517054818","0.7778421","0.003185836","medium","ok","ok","ok"
"1252","PEP-NPi","REMIND-MAgPIE 1.7-3.0","Final Energy|Residential and Commercial|Electricity","EJ/yr","[object Object]",2020,7.4552,"3.583937517054818","3.583937517054818","2100","4448.9129012","GW8","ok","medium","ok",,"high","high",,"ok","true","C7","C7: Below 4.0°C","REMIND-MAgPIE 1.7-3.0","PEP_NPi","27.058430147765026","62.46768306998385","7.587168560269207","0.10651312693397585","0.7778421","3.583937517054818","3.583937517054818","0.7778421","0.003185836","medium","ok","ok","ok"
"1252","PEP-NPi","REMIND-MAgPIE 1.7-3.0","Final Energy|Residential and Commercial|Electricity","EJ/yr","[object Object]",2025,8.2636,"3.583937517054818","3.583937517054818","2100","4448.9129012","GW8","ok","medium","ok",,"high","high",,"ok","true","C7","C7: Below 4.0°C","REMIND-MAgPIE 1.7-3.0","PEP_NPi","27.058430147765026","62.46768306998385","7.587168560269207","0.10651312693397585","0.7778421","3.583937517054818","3.583937517054818","0.7778421","0.003185836","medium","ok","ok","ok"
"1252","PEP-NPi","REMIND-MAgPIE 1.7-3.0","Final Energy|Residential and Commercial|Electricity","EJ/yr","[object Object]",2030,9.1382,"3.583937517054818","3.583937517054818","2100","4448.9129012","GW8","ok","medium","ok",,"high","high",,"ok","true","C7","C7: Below 4.0°C","REMIND-MAgPIE 1.7-3.0","PEP_NPi","27.058430147765026","62.46768306998385","7.587168560269207","0.10651312693397585","0.7778421","3.583937517054818","3.583937517054818","0.7778421","0.003185836","medium","ok","ok","ok"
"1252","PEP-NPi","REMIND-MAgPIE 1.7-3.0","Final Energy|Residential and Commercial|Electricity","EJ/yr","[object Object]",2035,9.8494,"3.583937517054818","3.583937517054818","2100","4448.9129012","GW8","ok","medium","ok",,"high","high",,"ok","true","C7","C7: Below 4.0°C","REMIND-MAgPIE 1.7-3.0","PEP_NPi","27.058430147765026","62.46768306998385","7.587168560269207","0.10651312693397585","0.7778421","3.583937517054818","3.583937517054818","0.7778421","0.003185836","medium","ok","ok","ok"
"1252","PEP-NPi","REMIND-MAgPIE 1.7-3.0","Final Energy|Residential and Commercial|Electricity","EJ/yr","[object Object]",2040,10.5945,"3.583937517054818","3.583937517054818","2100","4448.9129012","GW8","ok","medium","ok",,"high","high",,"ok","true","C7","C7: Below 4.0°C","REMIND-MAgPIE 1.7-3.0","PEP_NPi","27.058430147765026","62.46768306998385","7.587168560269207","0.10651312693397585","0.7778421","3.583937517054818","3.583937517054818","0.7778421","0.003185836","medium","ok","ok","ok"
"1252","PEP-NPi","REMIND-MAgPIE 1.7-3.0","Final Energy|Residential and Commercial|Electricity","EJ/yr","[object Object]",2045,11.4043,"3.583937517054818","3.583937517054818","2100","4448.9129012","GW8","ok","medium","ok",,"high","high",,"ok","true","C7","C7: Below 4.0°C","REMIND-MAgPIE 1.7-3.0","PEP_NPi","27.058430147765026","62.46768306998385","7.587168560269207","0.10651312693397585","0.7778421","3.583937517054818","3.583937517054818","0.7778421","0.003185836","medium","ok","ok","ok"
"1252","PEP-NPi","REMIND-MAgPIE 1.7-3.0","Final Energy|Residential and Commercial|Electricity","EJ/yr","[object Object]",2050,11.9848,"3.583937517054818","3.583937517054818","2100","4448.9129012","GW8","ok","medium","ok",,"high","high",,"ok","true","C7","C7: Below 4.0°C","REMIND-MAgPIE 1.7-3.0","PEP_NPi","27.058430147765026","62.46768306998385","7.587168560269207","0.10651312693397585","0.7778421","3.583937517054818","3.583937517054818","0.7778421","0.003185836","medium","ok","ok","ok"
"1252","PEP-NPi","REMIND-MAgPIE 1.7-3.0","Final Energy|Residential and Commercial|Electricity","EJ/yr","[object Object]",2055,12.5598,"3.583937517054818","3.583937517054818","2100","4448.9129012","GW8","ok","medium","ok",,"high","high",,"ok","true","C7","C7: Below 4.0°C","REMIND-MAgPIE 1.7-3.0","PEP_NPi","27.058430147765026","62.46768306998385","7.587168560269207","0.10651312693397585","0.7778421","3.583937517054818","3.583937517054818","0.7778421","0.003185836","medium","ok","ok","ok"
"1252","PEP-NPi","REMIND-MAgPIE 1.7-3.0","Final Energy|Residential and Commercial|Electricity","EJ/yr","[object Object]",2060,13.1495,"3.583937517054818","3.583937517054818","2100","4448.9129012","GW8","ok","medium","ok",,"high","high",,"ok","true","C7","C7: Below 4.0°C","REMIND-MAgPIE 1.7-3.0","PEP_NPi","27.058430147765026","62.46768306998385","7.587168560269207","0.10651312693397585","0.7778421","3.583937517054818","3.583937517054818","0.7778421","0.003185836","medium","ok","ok","ok"
"1252","PEP-NPi","REMIND-MAgPIE 1.7-3.0","Final Energy|Residential and Commercial|Electricity","EJ/yr","[object Object]",2070,14.2644,"3.583937517054818","3.583937517054818","2100","4448.9129012","GW8","ok","medium","ok",,"high","high",,"ok","true","C7","C7: Below 4.0°C","REMIND-MAgPIE 1.7-3.0","PEP_NPi","27.058430147765026","62.46768306998385","7.587168560269207","0.10651312693397585","0.7778421","3.583937517054818","3.583937517054818","0.7778421","0.003185836","medium","ok","ok","ok"
"1252","PEP-NPi","REMIND-MAgPIE 1.7-3.0","Final Energy|Residential and Commercial|Electricity","EJ/yr","[object Object]",2080,15.3799,"3.583937517054818","3.583937517054818","2100","4448.9129012","GW8","ok","medium","ok",,"high","high",,"ok","true","C7","C7: Below 4.0°C","REMIND-MAgPIE 1.7-3.0","PEP_NPi","27.058430147765026","62.46768306998385","7.587168560269207","0.10651312693397585","0.7778421","3.583937517054818","3.583937517054818","0.7778421","0.003185836","medium","ok","ok","ok"
"1252","PEP-NPi","REMIND-MAgPIE 1.7-3.0","Final Energy|Residential and Commercial|Electricity","EJ/yr","[object Object]",2090,16.2887,"3.583937517054818","3.583937517054818","2100","4448.9129012","GW8","ok","medium","ok",,"high","high",,"ok","true","C7","C7: Below 4.0°C","REMIND-MAgPIE 1.7-3.0","PEP_NPi","27.058430147765026","62.46768306998385","7.587168560269207","0.10651312693397585","0.7778421","3.583937517054818","3.583937517054818","0.7778421","0.003185836","medium","ok","ok","ok"
"1252","PEP-NPi","REMIND-MAgPIE 1.7-3.0","Final Energy|Residential and Commercial|Electricity","EJ/yr","[object Object]",2100,16.9384,"3.583937517054818","3.583937517054818","2100","4448.9129012","GW8","ok","medium","ok",,"high","high",,"ok","true","C7","C7: Below 4.0°C","REMIND-MAgPIE 1.7-3.0","PEP_NPi","27.058430147765026","62.46768306998385","7.587168560269207","0.10651312693397585","0.7778421","3.583937517054818","3.583937517054818","0.7778421","0.003185836","medium","ok","ok","ok"
"1254","PEP-NoPolicy","REMIND-MAgPIE 1.7-3.0","Final Energy|Residential and Commercial|Electricity","EJ/yr","[object Object]",2010,6.2166,"3.937445638506138","3.937445638506138","2100","5102.98454415","GW8","ok","ok","ok",,"high","high",,"ok","true","C7","C7: Below 4.0°C","REMIND-MAgPIE 1.7-3.0","PEP_NoPolicy","20.123113482810083","70.79473138577093","7.477569924796182","-2.4084737651808723","0","3.937445638506138","3.937445638506138","0","0.002494506","medium","ok","ok","ok"
"1254","PEP-NoPolicy","REMIND-MAgPIE 1.7-3.0","Final Energy|Residential and Commercial|Electricity","EJ/yr","[object Object]",2015,6.5784,"3.937445638506138","3.937445638506138","2100","5102.98454415","GW8","ok","ok","ok",,"high","high",,"ok","true","C7","C7: Below 4.0°C","REMIND-MAgPIE 1.7-3.0","PEP_NoPolicy","20.123113482810083","70.79473138577093","7.477569924796182","-2.4084737651808723","0","3.937445638506138","3.937445638506138","0","0.002494506","medium","ok","ok","ok"
"1254","PEP-NoPolicy","REMIND-MAgPIE 1.7-3.0","Final Energy|Residential and Commercial|Electricity","EJ/yr","[object Object]",2020,7.4583,"3.937445638506138","3.937445638506138","2100","5102.98454415","GW8","ok","ok","ok",,"high","high",,"ok","true","C7","C7: Below 4.0°C","REMIND-MAgPIE 1.7-3.0","PEP_NoPolicy","20.123113482810083","70.79473138577093","7.477569924796182","-2.4084737651808723","0","3.937445638506138","3.937445638506138","0","0.002494506","medium","ok","ok","ok"
"1254","PEP-NoPolicy","REMIND-MAgPIE 1.7-3.0","Final Energy|Residential and Commercial|Electricity","EJ/yr","[object Object]",2025,8.1945,"3.937445638506138","3.937445638506138","2100","5102.98454415","GW8","ok","ok","ok",,"high","high",,"ok","true","C7","C7: Below 4.0°C","REMIND-MAgPIE 1.7-3.0","PEP_NoPolicy","20.123113482810083","70.79473138577093","7.477569924796182","-2.4084737651808723","0","3.937445638506138","3.937445638506138","0","0.002494506","medium","ok","ok","ok"
"1254","PEP-NoPolicy","REMIND-MAgPIE 1.7-3.0","Final Energy|Residential and Commercial|Electricity","EJ/yr","[object Object]",2030,9.0512,"3.937445638506138","3.937445638506138","2100","5102.98454415","GW8","ok","ok","ok",,"high","high",,"ok","true","C7","C7: Below 4.0°C","REMIND-MAgPIE 1.7-3.0","PEP_NoPolicy","20.123113482810083","70.79473138577093","7.477569924796182","-2.4084737651808723","0","3.937445638506138","3.937445638506138","0","0.002494506","medium","ok","ok","ok"
"1254","PEP-NoPolicy","REMIND-MAgPIE 1.7-3.0","Final Energy|Residential and Commercial|Electricity","EJ/yr","[object Object]",2035,9.6564,"3.937445638506138","3.937445638506138","2100","5102.98454415","GW8","ok","ok","ok",,"high","high",,"ok","true","C7","C7: Below 4.0°C","REMIND-MAgPIE 1.7-3.0","PEP_NoPolicy","20.123113482810083","70.79473138577093","7.477569924796182","-2.4084737651808723","0","3.937445638506138","3.937445638506138","0","0.002494506","medium","ok","ok","ok"
"1254","PEP-NoPolicy","REMIND-MAgPIE 1.7-3.0","Final Energy|Residential and Commercial|Electricity","EJ/yr","[object Object]",2040,10.319,"3.937445638506138","3.937445638506138","2100","5102.98454415","GW8","ok","ok","ok",,"high","high",,"ok","true","C7","C7: Below 4.0°C","REMIND-MAgPIE 1.7-3.0","PEP_NoPolicy","20.123113482810083","70.79473138577093","7.477569924796182","-2.4084737651808723","0","3.937445638506138","3.937445638506138","0","0.002494506","medium","ok","ok","ok"
"1254","PEP-NoPolicy","REMIND-MAgPIE 1.7-3.0","Final Energy|Residential and Commercial|Electricity","EJ/yr","[object Object]",2045,11.1042,"3.937445638506138","3.937445638506138","2100","5102.98454415","GW8","ok","ok","ok",,"high","high",,"ok","true","C7","C7: Below 4.0°C","REMIND-MAgPIE 1.7-3.0","PEP_NoPolicy","20.123113482810083","70.79473138577093","7.477569924796182","-2.4084737651808723","0","3.937445638506138","3.937445638506138","0","0.002494506","medium","ok","ok","ok"
"1254","PEP-NoPolicy","REMIND-MAgPIE 1.7-3.0","Final Energy|Residential and Commercial|Electricity","EJ/yr","[object Object]",2050,11.7999,"3.937445638506138","3.937445638506138","2100","5102.98454415","GW8","ok","ok","ok",,"high","high",,"ok","true","C7","C7: Below 4.0°C","REMIND-MAgPIE 1.7-3.0","PEP_NoPolicy","20.123113482810083","70.79473138577093","7.477569924796182","-2.4084737651808723","0","3.937445638506138","3.937445638506138","0","0.002494506","medium","ok","ok","ok"
"1254","PEP-NoPolicy","REMIND-MAgPIE 1.7-3.0","Final Energy|Residential and Commercial|Electricity","EJ/yr","[object Object]",2055,12.5545,"3.937445638506138","3.937445638506138","2100","5102.98454415","GW8","ok","ok","ok",,"high","high",,"ok","true","C7","C7: Below 4.0°C","REMIND-MAgPIE 1.7-3.0","PEP_NoPolicy","20.123113482810083","70.79473138577093","7.477569924796182","-2.4084737651808723","0","3.937445638506138","3.937445638506138","0","0.002494506","medium","ok","ok","ok"
"1254","PEP-NoPolicy","REMIND-MAgPIE 1.7-3.0","Final Energy|Residential and Commercial|Electricity","EJ/yr","[object Object]",2060,13.0081,"3.937445638506138","3.937445638506138","2100","5102.98454415","GW8","ok","ok","ok",,"high","high",,"ok","true","C7","C7: Below 4.0°C","REMIND-MAgPIE 1.7-3.0","PEP_NoPolicy","20.123113482810083","70.79473138577093","7.477569924796182","-2.4084737651808723","0","3.937445638506138","3.937445638506138","0","0.002494506","medium","ok","ok","ok"
"1254","PEP-NoPolicy","REMIND-MAgPIE 1.7-3.0","Final Energy|Residential and Commercial|Electricity","EJ/yr","[object Object]",2070,14.0496,"3.937445638506138","3.937445638506138","2100","5102.98454415","GW8","ok","ok","ok",,"high","high",,"ok","true","C7","C7: Below 4.0°C","REMIND-MAgPIE 1.7-3.0","PEP_NoPolicy","20.123113482810083","70.79473138577093","7.477569924796182","-2.4084737651808723","0","3.937445638506138","3.937445638506138","0","0.002494506","medium","ok","ok","ok"
"1254","PEP-NoPolicy","REMIND-MAgPIE 1.7-3.0","Final Energy|Residential and Commercial|Electricity","EJ/yr","[object Object]",2080,15.1603,"3.937445638506138","3.937445638506138","2100","5102.98454415","GW8","ok","ok","ok",,"high","high",,"ok","true","C7","C7: Below 4.0°C","REMIND-MAgPIE 1.7-3.0","PEP_NoPolicy","20.123113482810083","70.79473138577093","7.477569924796182","-2.4084737651808723","0","3.937445638506138","3.937445638506138","0","0.002494506","medium","ok","ok","ok"
"1254","PEP-NoPolicy","REMIND-MAgPIE 1.7-3.0","Final Energy|Residential and Commercial|Electricity","EJ/yr","[object Object]",2090,15.8866,"3.937445638506138","3.937445638506138","2100","5102.98454415","GW8","ok","ok","ok",,"high","high",,"ok","true","C7","C7: Below 4.0°C","REMIND-MAgPIE 1.7-3.0","PEP_NoPolicy","20.123113482810083","70.79473138577093","7.477569924796182","-2.4084737651808723","0","3.937445638506138","3.937445638506138","0","0.002494506","medium","ok","ok","ok"
"1254","PEP-NoPolicy","REMIND-MAgPIE 1.7-3.0","Final Energy|Residential and Commercial|Electricity","EJ/yr","[object Object]",2100,16.4541,"3.937445638506138","3.937445638506138","2100","5102.98454415","GW8","ok","ok","ok",,"high","high",,"ok","true","C7","C7: Below 4.0°C","REMIND-MAgPIE 1.7-3.0","PEP_NoPolicy","20.123113482810083","70.79473138577093","7.477569924796182","-2.4084737651808723","0","3.937445638506138","3.937445638506138","0","0.002494506","medium","ok","ok","ok"
"1278","Transport-NPi-Conventional","REMIND-Transport 2.1","Final Energy|Residential and Commercial|Electricity","EJ/yr","[object Object]",2010,6.2736,"3.520645690368898","3.520645690368898","2100","4336.212935099999","GW8","failed","medium","medium",,"medium","medium",,"medium","true","C7","C7: Below 4.0°C","REMIND-Transport 2.1","Transport_NPi_Conv","20.71232052056013","64.26729436911","14.892713950652983",,"0.8390805","3.520645690368898","3.520645690368898","0.8390805",,"medium","ok","ok","ok"
"1278","Transport-NPi-Conventional","REMIND-Transport 2.1","Final Energy|Residential and Commercial|Electricity","EJ/yr","[object Object]",2015,5.8317,"3.520645690368898","3.520645690368898","2100","4336.212935099999","GW8","failed","medium","medium",,"medium","medium",,"medium","true","C7","C7: Below 4.0°C","REMIND-Transport 2.1","Transport_NPi_Conv","20.71232052056013","64.26729436911","14.892713950652983",,"0.8390805","3.520645690368898","3.520645690368898","0.8390805",,"medium","ok","ok","ok"
"1278","Transport-NPi-Conventional","REMIND-Transport 2.1","Final Energy|Residential and Commercial|Electricity","EJ/yr","[object Object]",2020,6.4659,"3.520645690368898","3.520645690368898","2100","4336.212935099999","GW8","failed","medium","medium",,"medium","medium",,"medium","true","C7","C7: Below 4.0°C","REMIND-Transport 2.1","Transport_NPi_Conv","20.71232052056013","64.26729436911","14.892713950652983",,"0.8390805","3.520645690368898","3.520645690368898","0.8390805",,"medium","ok","ok","ok"
"1278","Transport-NPi-Conventional","REMIND-Transport 2.1","Final Energy|Residential and Commercial|Electricity","EJ/yr","[object Object]",2025,6.9804,"3.520645690368898","3.520645690368898","2100","4336.212935099999","GW8","failed","medium","medium",,"medium","medium",,"medium","true","C7","C7: Below 4.0°C","REMIND-Transport 2.1","Transport_NPi_Conv","20.71232052056013","64.26729436911","14.892713950652983",,"0.8390805","3.520645690368898","3.520645690368898","0.8390805",,"medium","ok","ok","ok"
"1278","Transport-NPi-Conventional","REMIND-Transport 2.1","Final Energy|Residential and Commercial|Electricity","EJ/yr","[object Object]",2030,7.4248,"3.520645690368898","3.520645690368898","2100","4336.212935099999","GW8","failed","medium","medium",,"medium","medium",,"medium","true","C7","C7: Below 4.0°C","REMIND-Transport 2.1","Transport_NPi_Conv","20.71232052056013","64.26729436911","14.892713950652983",,"0.8390805","3.520645690368898","3.520645690368898","0.8390805",,"medium","ok","ok","ok"
"1278","Transport-NPi-Conventional","REMIND-Transport 2.1","Final Energy|Residential and Commercial|Electricity","EJ/yr","[object Object]",2035,7.6904,"3.520645690368898","3.520645690368898","2100","4336.212935099999","GW8","failed","medium","medium",,"medium","medium",,"medium","true","C7","C7: Below 4.0°C","REMIND-Transport 2.1","Transport_NPi_Conv","20.71232052056013","64.26729436911","14.892713950652983",,"0.8390805","3.520645690368898","3.520645690368898","0.8390805",,"medium","ok","ok","ok"
"1278","Transport-NPi-Conventional","REMIND-Transport 2.1","Final Energy|Residential and Commercial|Electricity","EJ/yr","[object Object]",2040,7.6947,"3.520645690368898","3.520645690368898","2100","4336.212935099999","GW8","failed","medium","medium",,"medium","medium",,"medium","true","C7","C7: Below 4.0°C","REMIND-Transport 2.1","Transport_NPi_Conv","20.71232052056013","64.26729436911","14.892713950652983",,"0.8390805","3.520645690368898","3.520645690368898","0.8390805",,"medium","ok","ok","ok"
"1278","Transport-NPi-Conventional","REMIND-Transport 2.1","Final Energy|Residential and Commercial|Electricity","EJ/yr","[object Object]",2045,7.771,"3.520645690368898","3.520645690368898","2100","4336.212935099999","GW8","failed","medium","medium",,"medium","medium",,"medium","true","C7","C7: Below 4.0°C","REMIND-Transport 2.1","Transport_NPi_Conv","20.71232052056013","64.26729436911","14.892713950652983",,"0.8390805","3.520645690368898","3.520645690368898","0.8390805",,"medium","ok","ok","ok"
"1278","Transport-NPi-Conventional","REMIND-Transport 2.1","Final Energy|Residential and Commercial|Electricity","EJ/yr","[object Object]",2050,7.8991,"3.520645690368898","3.520645690368898","2100","4336.212935099999","GW8","failed","medium","medium",,"medium","medium",,"medium","true","C7","C7: Below 4.0°C","REMIND-Transport 2.1","Transport_NPi_Conv","20.71232052056013","64.26729436911","14.892713950652983",,"0.8390805","3.520645690368898","3.520645690368898","0.8390805",,"medium","ok","ok","ok"
"1278","Transport-NPi-Conventional","REMIND-Transport 2.1","Final Energy|Residential and Commercial|Electricity","EJ/yr","[object Object]",2055,7.9884,"3.520645690368898","3.520645690368898","2100","4336.212935099999","GW8","failed","medium","medium",,"medium","medium",,"medium","true","C7","C7: Below 4.0°C","REMIND-Transport 2.1","Transport_NPi_Conv","20.71232052056013","64.26729436911","14.892713950652983",,"0.8390805","3.520645690368898","3.520645690368898","0.8390805",,"medium","ok","ok","ok"
"1278","Transport-NPi-Conventional","REMIND-Transport 2.1","Final Energy|Residential and Commercial|Electricity","EJ/yr","[object Object]",2060,8.109,"3.520645690368898","3.520645690368898","2100","4336.212935099999","GW8","failed","medium","medium",,"medium","medium",,"medium","true","C7","C7: Below 4.0°C","REMIND-Transport 2.1","Transport_NPi_Conv","20.71232052056013","64.26729436911","14.892713950652983",,"0.8390805","3.520645690368898","3.520645690368898","0.8390805",,"medium","ok","ok","ok"
"1278","Transport-NPi-Conventional","REMIND-Transport 2.1","Final Energy|Residential and Commercial|Electricity","EJ/yr","[object Object]",2070,8.663499999999999,"3.520645690368898","3.520645690368898","2100","4336.212935099999","GW8","failed","medium","medium",,"medium","medium",,"medium","true","C7","C7: Below 4.0°C","REMIND-Transport 2.1","Transport_NPi_Conv","20.71232052056013","64.26729436911","14.892713950652983",,"0.8390805","3.520645690368898","3.520645690368898","0.8390805",,"medium","ok","ok","ok"
"1278","Transport-NPi-Conventional","REMIND-Transport 2.1","Final Energy|Residential and Commercial|Electricity","EJ/yr","[object Object]",2080,9.236,"3.520645690368898","3.520645690368898","2100","4336.212935099999","GW8","failed","medium","medium",,"medium","medium",,"medium","true","C7","C7: Below 4.0°C","REMIND-Transport 2.1","Transport_NPi_Conv","20.71232052056013","64.26729436911","14.892713950652983",,"0.8390805","3.520645690368898","3.520645690368898","0.8390805",,"medium","ok","ok","ok"
"1278","Transport-NPi-Conventional","REMIND-Transport 2.1","Final Energy|Residential and Commercial|Electricity","EJ/yr","[object Object]",2090,9.4756,"3.520645690368898","3.520645690368898","2100","4336.212935099999","GW8","failed","medium","medium",,"medium","medium",,"medium","true","C7","C7: Below 4.0°C","REMIND-Transport 2.1","Transport_NPi_Conv","20.71232052056013","64.26729436911","14.892713950652983",,"0.8390805","3.520645690368898","3.520645690368898","0.8390805",,"medium","ok","ok","ok"
"1278","Transport-NPi-Conventional","REMIND-Transport 2.1","Final Energy|Residential and Commercial|Electricity","EJ/yr","[object Object]",2100,9.7425,"3.520645690368898","3.520645690368898","2100","4336.212935099999","GW8","failed","medium","medium",,"medium","medium",,"medium","true","C7","C7: Below 4.0°C","REMIND-Transport 2.1","Transport_NPi_Conv","20.71232052056013","64.26729436911","14.892713950652983",,"0.8390805","3.520645690368898","3.520645690368898","0.8390805",,"medium","ok","ok","ok"
"1383","Diff-NoPolicy-Baseline","REMIND-MAgPIE 2.0-4.1","Final Energy|Residential and Commercial|Electricity","EJ/yr","[object Object]",2010,6.2327,"3.894866510278314","3.894866510278314","2100","4541.4326038","GW8","ok","ok","medium",,"medium","high",,"ok","true","C7","C7: Below 4.0°C","REMIND-MAgPIE 2.0-4.1","Diff_No-policy_baseline","20.359033915319962","65.4905550197167","13.822674513972272","-3.8692057844941132","0","3.894866510278314","3.894866510278314","0","0.002948465","medium","ok","ok","ok"
"1383","Diff-NoPolicy-Baseline","REMIND-MAgPIE 2.0-4.1","Final Energy|Residential and Commercial|Electricity","EJ/yr","[object Object]",2015,5.8209,"3.894866510278314","3.894866510278314","2100","4541.4326038","GW8","ok","ok","medium",,"medium","high",,"ok","true","C7","C7: Below 4.0°C","REMIND-MAgPIE 2.0-4.1","Diff_No-policy_baseline","20.359033915319962","65.4905550197167","13.822674513972272","-3.8692057844941132","0","3.894866510278314","3.894866510278314","0","0.002948465","medium","ok","ok","ok"
"1383","Diff-NoPolicy-Baseline","REMIND-MAgPIE 2.0-4.1","Final Energy|Residential and Commercial|Electricity","EJ/yr","[object Object]",2020,6.4598,"3.894866510278314","3.894866510278314","2100","4541.4326038","GW8","ok","ok","medium",,"medium","high",,"ok","true","C7","C7: Below 4.0°C","REMIND-MAgPIE 2.0-4.1","Diff_No-policy_baseline","20.359033915319962","65.4905550197167","13.822674513972272","-3.8692057844941132","0","3.894866510278314","3.894866510278314","0","0.002948465","medium","ok","ok","ok"
"1383","Diff-NoPolicy-Baseline","REMIND-MAgPIE 2.0-4.1","Final Energy|Residential and Commercial|Electricity","EJ/yr","[object Object]",2025,6.9477,"3.894866510278314","3.894866510278314","2100","4541.4326038","GW8","ok","ok","medium",,"medium","high",,"ok","true","C7","C7: Below 4.0°C","REMIND-MAgPIE 2.0-4.1","Diff_No-policy_baseline","20.359033915319962","65.4905550197167","13.822674513972272","-3.8692057844941132","0","3.894866510278314","3.894866510278314","0","0.002948465","medium","ok","ok","ok"
"1383","Diff-NoPolicy-Baseline","REMIND-MAgPIE 2.0-4.1","Final Energy|Residential and Commercial|Electricity","EJ/yr","[object Object]",2030,7.2525,"3.894866510278314","3.894866510278314","2100","4541.4326038","GW8","ok","ok","medium",,"medium","high",,"ok","true","C7","C7: Below 4.0°C","REMIND-MAgPIE 2.0-4.1","Diff_No-policy_baseline","20.359033915319962","65.4905550197167","13.822674513972272","-3.8692057844941132","0","3.894866510278314","3.894866510278314","0","0.002948465","medium","ok","ok","ok"
"1383","Diff-NoPolicy-Baseline","REMIND-MAgPIE 2.0-4.1","Final Energy|Residential and Commercial|Electricity","EJ/yr","[object Object]",2035,7.5915,"3.894866510278314","3.894866510278314","2100","4541.4326038","GW8","ok","ok","medium",,"medium","high",,"ok","true","C7","C7: Below 4.0°C","REMIND-MAgPIE 2.0-4.1","Diff_No-policy_baseline","20.359033915319962","65.4905550197167","13.822674513972272","-3.8692057844941132","0","3.894866510278314","3.894866510278314","0","0.002948465","medium","ok","ok","ok"
"1383","Diff-NoPolicy-Baseline","REMIND-MAgPIE 2.0-4.1","Final Energy|Residential and Commercial|Electricity","EJ/yr","[object Object]",2040,7.7241,"3.894866510278314","3.894866510278314","2100","4541.4326038","GW8","ok","ok","medium",,"medium","high",,"ok","true","C7","C7: Below 4.0°C","REMIND-MAgPIE 2.0-4.1","Diff_No-policy_baseline","20.359033915319962","65.4905550197167","13.822674513972272","-3.8692057844941132","0","3.894866510278314","3.894866510278314","0","0.002948465","medium","ok","ok","ok"
"1383","Diff-NoPolicy-Baseline","REMIND-MAgPIE 2.0-4.1","Final Energy|Residential and Commercial|Electricity","EJ/yr","[object Object]",2045,7.7727,"3.894866510278314","3.894866510278314","2100","4541.4326038","GW8","ok","ok","medium",,"medium","high",,"ok","true","C7","C7: Below 4.0°C","REMIND-MAgPIE 2.0-4.1","Diff_No-policy_baseline","20.359033915319962","65.4905550197167","13.822674513972272","-3.8692057844941132","0","3.894866510278314","3.894866510278314","0","0.002948465","medium","ok","ok","ok"
"1383","Diff-NoPolicy-Baseline","REMIND-MAgPIE 2.0-4.1","Final Energy|Residential and Commercial|Electricity","EJ/yr","[object Object]",2050,7.6702,"3.894866510278314","3.894866510278314","2100","4541.4326038","GW8","ok","ok","medium",,"medium","high",,"ok","true","C7","C7: Below 4.0°C","REMIND-MAgPIE 2.0-4.1","Diff_No-policy_baseline","20.359033915319962","65.4905550197167","13.822674513972272","-3.8692057844941132","0","3.894866510278314","3.894866510278314","0","0.002948465","medium","ok","ok","ok"
"1383","Diff-NoPolicy-Baseline","REMIND-MAgPIE 2.0-4.1","Final Energy|Residential and Commercial|Electricity","EJ/yr","[object Object]",2055,7.883,"3.894866510278314","3.894866510278314","2100","4541.4326038","GW8","ok","ok","medium",,"medium","high",,"ok","true","C7","C7: Below 4.0°C","REMIND-MAgPIE 2.0-4.1","Diff_No-policy_baseline","20.359033915319962","65.4905550197167","13.822674513972272","-3.8692057844941132","0","3.894866510278314","3.894866510278314","0","0.002948465","medium","ok","ok","ok"
"1383","Diff-NoPolicy-Baseline","REMIND-MAgPIE 2.0-4.1","Final Energy|Residential and Commercial|Electricity","EJ/yr","[object Object]",2060,8.0049,"3.894866510278314","3.894866510278314","2100","4541.4326038","GW8","ok","ok","medium",,"medium","high",,"ok","true","C7","C7: Below 4.0°C","REMIND-MAgPIE 2.0-4.1","Diff_No-policy_baseline","20.359033915319962","65.4905550197167","13.822674513972272","-3.8692057844941132","0","3.894866510278314","3.894866510278314","0","0.002948465","medium","ok","ok","ok"
"1383","Diff-NoPolicy-Baseline","REMIND-MAgPIE 2.0-4.1","Final Energy|Residential and Commercial|Electricity","EJ/yr","[object Object]",2070,8.3637,"3.894866510278314","3.894866510278314","2100","4541.4326038","GW8","ok","ok","medium",,"medium","high",,"ok","true","C7","C7: Below 4.0°C","REMIND-MAgPIE 2.0-4.1","Diff_No-policy_baseline","20.359033915319962","65.4905550197167","13.822674513972272","-3.8692057844941132","0","3.894866510278314","3.894866510278314","0","0.002948465","medium","ok","ok","ok"
"1383","Diff-NoPolicy-Baseline","REMIND-MAgPIE 2.0-4.1","Final Energy|Residential and Commercial|Electricity","EJ/yr","[object Object]",2080,8.854,"3.894866510278314","3.894866510278314","2100","4541.4326038","GW8","ok","ok","medium",,"medium","high",,"ok","true","C7","C7: Below 4.0°C","REMIND-MAgPIE 2.0-4.1","Diff_No-policy_baseline","20.359033915319962","65.4905550197167","13.822674513972272","-3.8692057844941132","0","3.894866510278314","3.894866510278314","0","0.002948465","medium","ok","ok","ok"
"1383","Diff-NoPolicy-Baseline","REMIND-MAgPIE 2.0-4.1","Final Energy|Residential and Commercial|Electricity","EJ/yr","[object Object]",2090,9.0803,"3.894866510278314","3.894866510278314","2100","4541.4326038","GW8","ok","ok","medium",,"medium","high",,"ok","true","C7","C7: Below 4.0°C","REMIND-MAgPIE 2.0-4.1","Diff_No-policy_baseline","20.359033915319962","65.4905550197167","13.822674513972272","-3.8692057844941132","0","3.894866510278314","3.894866510278314","0","0.002948465","medium","ok","ok","ok"
"1383","Diff-NoPolicy-Baseline","REMIND-MAgPIE 2.0-4.1","Final Energy|Residential and Commercial|Electricity","EJ/yr","[object Object]",2100,9.375,"3.894866510278314","3.894866510278314","2100","4541.4326038","GW8","ok","ok","medium",,"medium","high",,"ok","true","C7","C7: Below 4.0°C","REMIND-MAgPIE 2.0-4.1","Diff_No-policy_baseline","20.359033915319962","65.4905550197167","13.822674513972272","-3.8692057844941132","0","3.894866510278314","3.894866510278314","0","0.002948465","medium","ok","ok","ok"
"1408","ParisReinforce-Baseline","GCAM-PR 5.3","Final Energy|Residential and Commercial|Electricity","EJ/yr","[object Object]",2010,6.94519592,"3.641772920899822","3.641772920899822","2100","4097.95349068","GW8","failed","ok","medium","high","medium","high",,"medium","true","C7","C7: Below 4.0°C","GCAM-PR 5.3","PR_baseline","0","0","12.357841600809618","0.0026797727000058558","0","3.641772920899822","3.641772920899822",,,,,,
"1408","ParisReinforce-Baseline","GCAM-PR 5.3","Final Energy|Residential and Commercial|Electricity","EJ/yr","[object Object]",2015,6.776752490000001,"3.641772920899822","3.641772920899822","2100","4097.95349068","GW8","failed","ok","medium","high","medium","high",,"medium","true","C7","C7: Below 4.0°C","GCAM-PR 5.3","PR_baseline","0","0","12.357841600809618","0.0026797727000058558","0","3.641772920899822","3.641772920899822",,,,,,
"1408","ParisReinforce-Baseline","GCAM-PR 5.3","Final Energy|Residential and Commercial|Electricity","EJ/yr","[object Object]",2020,7.83107051,"3.641772920899822","3.641772920899822","2100","4097.95349068","GW8","failed","ok","medium","high","medium","high",,"medium","true","C7","C7: Below 4.0°C","GCAM-PR 5.3","PR_baseline","0","0","12.357841600809618","0.0026797727000058558","0","3.641772920899822","3.641772920899822",,,,,,
"1408","ParisReinforce-Baseline","GCAM-PR 5.3","Final Energy|Residential and Commercial|Electricity","EJ/yr","[object Object]",2025,8.633894770000001,"3.641772920899822","3.641772920899822","2100","4097.95349068","GW8","failed","ok","medium","high","medium","high",,"medium","true","C7","C7: Below 4.0°C","GCAM-PR 5.3","PR_baseline","0","0","12.357841600809618","0.0026797727000058558","0","3.641772920899822","3.641772920899822",,,,,,
"1408","ParisReinforce-Baseline","GCAM-PR 5.3","Final Energy|Residential and Commercial|Electricity","EJ/yr","[object Object]",2030,9.402061519999998,"3.641772920899822","3.641772920899822","2100","4097.95349068","GW8","failed","ok","medium","high","medium","high",,"medium","true","C7","C7: Below 4.0°C","GCAM-PR 5.3","PR_baseline","0","0","12.357841600809618","0.0026797727000058558","0","3.641772920899822","3.641772920899822",,,,,,
"1408","ParisReinforce-Baseline","GCAM-PR 5.3","Final Energy|Residential and Commercial|Electricity","EJ/yr","[object Object]",2035,9.7401911,"3.641772920899822","3.641772920899822","2100","4097.95349068","GW8","failed","ok","medium","high","medium","high",,"medium","true","C7","C7: Below 4.0°C","GCAM-PR 5.3","PR_baseline","0","0","12.357841600809618","0.0026797727000058558","0","3.641772920899822","3.641772920899822",,,,,,
"1408","ParisReinforce-Baseline","GCAM-PR 5.3","Final Energy|Residential and Commercial|Electricity","EJ/yr","[object Object]",2040,10.30606803,"3.641772920899822","3.641772920899822","2100","4097.95349068","GW8","failed","ok","medium","high","medium","high",,"medium","true","C7","C7: Below 4.0°C","GCAM-PR 5.3","PR_baseline","0","0","12.357841600809618","0.0026797727000058558","0","3.641772920899822","3.641772920899822",,,,,,
"1408","ParisReinforce-Baseline","GCAM-PR 5.3","Final Energy|Residential and Commercial|Electricity","EJ/yr","[object Object]",2045,10.87948769,"3.641772920899822","3.641772920899822","2100","4097.95349068","GW8","failed","ok","medium","high","medium","high",,"medium","true","C7","C7: Below 4.0°C","GCAM-PR 5.3","PR_baseline","0","0","12.357841600809618","0.0026797727000058558","0","3.641772920899822","3.641772920899822",,,,,,
"1408","ParisReinforce-Baseline","GCAM-PR 5.3","Final Energy|Residential and Commercial|Electricity","EJ/yr","[object Object]",2050,11.49346588,"3.641772920899822","3.641772920899822","2100","4097.95349068","GW8","failed","ok","medium","high","medium","high",,"medium","true","C7","C7: Below 4.0°C","GCAM-PR 5.3","PR_baseline","0","0","12.357841600809618","0.0026797727000058558","0","3.641772920899822","3.641772920899822",,,,,,
"1408","ParisReinforce-Baseline","GCAM-PR 5.3","Final Energy|Residential and Commercial|Electricity","EJ/yr","[object Object]",2055,12.08409217,"3.641772920899822","3.641772920899822","2100","4097.95349068","GW8","failed","ok","medium","high","medium","high",,"medium","true","C7","C7: Below 4.0°C","GCAM-PR 5.3","PR_baseline","0","0","12.357841600809618","0.0026797727000058558","0","3.641772920899822","3.641772920899822",,,,,,
"1408","ParisReinforce-Baseline","GCAM-PR 5.3","Final Energy|Residential and Commercial|Electricity","EJ/yr","[object Object]",2060,12.60463152,"3.641772920899822","3.641772920899822","2100","4097.95349068","GW8","failed","ok","medium","high","medium","high",,"medium","true","C7","C7: Below 4.0°C","GCAM-PR 5.3","PR_baseline","0","0","12.357841600809618","0.0026797727000058558","0","3.641772920899822","3.641772920899822",,,,,,
"1408","ParisReinforce-Baseline","GCAM-PR 5.3","Final Energy|Residential and Commercial|Electricity","EJ/yr","[object Object]",2065,13.04835091,"3.641772920899822","3.641772920899822","2100","4097.95349068","GW8","failed","ok","medium","high","medium","high",,"medium","true","C7","C7: Below 4.0°C","GCAM-PR 5.3","PR_baseline","0","0","12.357841600809618","0.0026797727000058558","0","3.641772920899822","3.641772920899822",,,,,,
"1408","ParisReinforce-Baseline","GCAM-PR 5.3","Final Energy|Residential and Commercial|Electricity","EJ/yr","[object Object]",2070,13.42046548,"3.641772920899822","3.641772920899822","2100","4097.95349068","GW8","failed","ok","medium","high","medium","high",,"medium","true","C7","C7: Below 4.0°C","GCAM-PR 5.3","PR_baseline","0","0","12.357841600809618","0.0026797727000058558","0","3.641772920899822","3.641772920899822",,,,,,
"1408","ParisReinforce-Baseline","GCAM-PR 5.3","Final Energy|Residential and Commercial|Electricity","EJ/yr","[object Object]",2075,13.68738038,"3.641772920899822","3.641772920899822","2100","4097.95349068","GW8","failed","ok","medium","high","medium","high",,"medium","true","C7","C7: Below 4.0°C","GCAM-PR 5.3","PR_baseline","0","0","12.357841600809618","0.0026797727000058558","0","3.641772920899822","3.641772920899822",,,,,,
"1408","ParisReinforce-Baseline","GCAM-PR 5.3","Final Energy|Residential and Commercial|Electricity","EJ/yr","[object Object]",2080,13.8953425,"3.641772920899822","3.641772920899822","2100","4097.95349068","GW8","failed","ok","medium","high","medium","high",,"medium","true","C7","C7: Below 4.0°C","GCAM-PR 5.3","PR_baseline","0","0","12.357841600809618","0.0026797727000058558","0","3.641772920899822","3.641772920899822",,,,,,
"1408","ParisReinforce-Baseline","GCAM-PR 5.3","Final Energy|Residential and Commercial|Electricity","EJ/yr","[object Object]",2085,14.07344472,"3.641772920899822","3.641772920899822","2100","4097.95349068","GW8","failed","ok","medium","high","medium","high",,"medium","true","C7","C7: Below 4.0°C","GCAM-PR 5.3","PR_baseline","0","0","12.357841600809618","0.0026797727000058558","0","3.641772920899822","3.641772920899822",,,,,,
"1408","ParisReinforce-Baseline","GCAM-PR 5.3","Final Energy|Residential and Commercial|Electricity","EJ/yr","[object Object]",2090,14.27039567,"3.641772920899822","3.641772920899822","2100","4097.95349068","GW8","failed","ok","medium","high","medium","high",,"medium","true","C7","C7: Below 4.0°C","GCAM-PR 5.3","PR_baseline","0","0","12.357841600809618","0.0026797727000058558","0","3.641772920899822","3.641772920899822",,,,,,
"1408","ParisReinforce-Baseline","GCAM-PR 5.3","Final Energy|Residential and Commercial|Electricity","EJ/yr","[object Object]",2095,14.3855188,"3.641772920899822","3.641772920899822","2100","4097.95349068","GW8","failed","ok","medium","high","medium","high",,"medium","true","C7","C7: Below 4.0°C","GCAM-PR 5.3","PR_baseline","0","0","12.357841600809618","0.0026797727000058558","0","3.641772920899822","3.641772920899822",,,,,,
"1408","ParisReinforce-Baseline","GCAM-PR 5.3","Final Energy|Residential and Commercial|Electricity","EJ/yr","[object Object]",2100,14.40977582,"3.641772920899822","3.641772920899822","2100","4097.95349068","GW8","failed","ok","medium","high","medium","high",,"medium","true","C7","C7: Below 4.0°C","GCAM-PR 5.3","PR_baseline","0","0","12.357841600809618","0.0026797727000058558","0","3.641772920899822","3.641772920899822",,,,,,
"1415","DISCRATE-Reference-dr2p","WITCH 4.6","Final Energy|Residential and Commercial|Electricity","EJ/yr","[object Object]",2010,6.311642141999999,"4.158862752322248","4.158862752322248","2100","5419.541116227754","GW8","failed",,,,,,,"ok","true","C8","C8: Above 4.0°C","WITCH 4.6","DISCRATE_Ref_dr2p","20.043197725034766","67.25935185250113","2.1443720535462516","-1.4356868632240491","0.006670353631937174","4.158862752322248","4.158862752322248","0.006670353631937174",,"medium","ok","ok","ok"
"1415","DISCRATE-Reference-dr2p","WITCH 4.6","Final Energy|Residential and Commercial|Electricity","EJ/yr","[object Object]",2015,6.207056275,"4.158862752322248","4.158862752322248","2100","5419.541116227754","GW8","failed",,,,,,,"ok","true","C8","C8: Above 4.0°C","WITCH 4.6","DISCRATE_Ref_dr2p","20.043197725034766","67.25935185250113","2.1443720535462516","-1.4356868632240491","0.006670353631937174","4.158862752322248","4.158862752322248","0.006670353631937174",,"medium","ok","ok","ok"
"1415","DISCRATE-Reference-dr2p","WITCH 4.6","Final Energy|Residential and Commercial|Electricity","EJ/yr","[object Object]",2020,6.451241084725941,"4.158862752322248","4.158862752322248","2100","5419.541116227754","GW8","failed",,,,,,,"ok","true","C8","C8: Above 4.0°C","WITCH 4.6","DISCRATE_Ref_dr2p","20.043197725034766","67.25935185250113","2.1443720535462516","-1.4356868632240491","0.006670353631937174","4.158862752322248","4.158862752322248","0.006670353631937174",,"medium","ok","ok","ok"
"1415","DISCRATE-Reference-dr2p","WITCH 4.6","Final Energy|Residential and Commercial|Electricity","EJ/yr","[object Object]",2025,6.998818695746361,"4.158862752322248","4.158862752322248","2100","5419.541116227754","GW8","failed",,,,,,,"ok","true","C8","C8: Above 4.0°C","WITCH 4.6","DISCRATE_Ref_dr2p","20.043197725034766","67.25935185250113","2.1443720535462516","-1.4356868632240491","0.006670353631937174","4.158862752322248","4.158862752322248","0.006670353631937174",,"medium","ok","ok","ok"
"1415","DISCRATE-Reference-dr2p","WITCH 4.6","Final Energy|Residential and Commercial|Electricity","EJ/yr","[object Object]",2030,7.73198268227022,"4.158862752322248","4.158862752322248","2100","5419.541116227754","GW8","failed",,,,,,,"ok","true","C8","C8: Above 4.0°C","WITCH 4.6","DISCRATE_Ref_dr2p","20.043197725034766","67.25935185250113","2.1443720535462516","-1.4356868632240491","0.006670353631937174","4.158862752322248","4.158862752322248","0.006670353631937174",,"medium","ok","ok","ok"
"1415","DISCRATE-Reference-dr2p","WITCH 4.6","Final Energy|Residential and Commercial|Electricity","EJ/yr","[object Object]",2035,8.43321580987106,"4.158862752322248","4.158862752322248","2100","5419.541116227754","GW8","failed",,,,,,,"ok","true","C8","C8: Above 4.0°C","WITCH 4.6","DISCRATE_Ref_dr2p","20.043197725034766","67.25935185250113","2.1443720535462516","-1.4356868632240491","0.006670353631937174","4.158862752322248","4.158862752322248","0.006670353631937174",,"medium","ok","ok","ok"
"1415","DISCRATE-Reference-dr2p","WITCH 4.6","Final Energy|Residential and Commercial|Electricity","EJ/yr","[object Object]",2040,8.902833995138149,"4.158862752322248","4.158862752322248","2100","5419.541116227754","GW8","failed",,,,,,,"ok","true","C8","C8: Above 4.0°C","WITCH 4.6","DISCRATE_Ref_dr2p","20.043197725034766","67.25935185250113","2.1443720535462516","-1.4356868632240491","0.006670353631937174","4.158862752322248","4.158862752322248","0.006670353631937174",,"medium","ok","ok","ok"
"1415","DISCRATE-Reference-dr2p","WITCH 4.6","Final Energy|Residential and Commercial|Electricity","EJ/yr","[object Object]",2045,9.72070733930581,"4.158862752322248","4.158862752322248","2100","5419.541116227754","GW8","failed",,,,,,,"ok","true","C8","C8: Above 4.0°C","WITCH 4.6","DISCRATE_Ref_dr2p","20.043197725034766","67.25935185250113","2.1443720535462516","-1.4356868632240491","0.006670353631937174","4.158862752322248","4.158862752322248","0.006670353631937174",,"medium","ok","ok","ok"
"1415","DISCRATE-Reference-dr2p","WITCH 4.6","Final Energy|Residential and Commercial|Electricity","EJ/yr","[object Object]",2050,10.51166115807009,"4.158862752322248","4.158862752322248","2100","5419.541116227754","GW8","failed",,,,,,,"ok","true","C8","C8: Above 4.0°C","WITCH 4.6","DISCRATE_Ref_dr2p","20.043197725034766","67.25935185250113","2.1443720535462516","-1.4356868632240491","0.006670353631937174","4.158862752322248","4.158862752322248","0.006670353631937174",,"medium","ok","ok","ok"
"1415","DISCRATE-Reference-dr2p","WITCH 4.6","Final Energy|Residential and Commercial|Electricity","EJ/yr","[object Object]",2055,11.35819289184342,"4.158862752322248","4.158862752322248","2100","5419.541116227754","GW8","failed",,,,,,,"ok","true","C8","C8: Above 4.0°C","WITCH 4.6","DISCRATE_Ref_dr2p","20.043197725034766","67.25935185250113","2.1443720535462516","-1.4356868632240491","0.006670353631937174","4.158862752322248","4.158862752322248","0.006670353631937174",,"medium","ok","ok","ok"
"1415","DISCRATE-Reference-dr2p","WITCH 4.6","Final Energy|Residential and Commercial|Electricity","EJ/yr","[object Object]",2060,12.15073566498219,"4.158862752322248","4.158862752322248","2100","5419.541116227754","GW8","failed",,,,,,,"ok","true","C8","C8: Above 4.0°C","WITCH 4.6","DISCRATE_Ref_dr2p","20.043197725034766","67.25935185250113","2.1443720535462516","-1.4356868632240491","0.006670353631937174","4.158862752322248","4.158862752322248","0.006670353631937174",,"medium","ok","ok","ok"
"1415","DISCRATE-Reference-dr2p","WITCH 4.6","Final Energy|Residential and Commercial|Electricity","EJ/yr","[object Object]",2065,12.86107120647003,"4.158862752322248","4.158862752322248","2100","5419.541116227754","GW8","failed",,,,,,,"ok","true","C8","C8: Above 4.0°C","WITCH 4.6","DISCRATE_Ref_dr2p","20.043197725034766","67.25935185250113","2.1443720535462516","-1.4356868632240491","0.006670353631937174","4.158862752322248","4.158862752322248","0.006670353631937174",,"medium","ok","ok","ok"
"1415","DISCRATE-Reference-dr2p","WITCH 4.6","Final Energy|Residential and Commercial|Electricity","EJ/yr","[object Object]",2070,13.54277300900427,"4.158862752322248","4.158862752322248","2100","5419.541116227754","GW8","failed",,,,,,,"ok","true","C8","C8: Above 4.0°C","WITCH 4.6","DISCRATE_Ref_dr2p","20.043197725034766","67.25935185250113","2.1443720535462516","-1.4356868632240491","0.006670353631937174","4.158862752322248","4.158862752322248","0.006670353631937174",,"medium","ok","ok","ok"
"1415","DISCRATE-Reference-dr2p","WITCH 4.6","Final Energy|Residential and Commercial|Electricity","EJ/yr","[object Object]",2075,13.96037820288511,"4.158862752322248","4.158862752322248","2100","5419.541116227754","GW8","failed",,,,,,,"ok","true","C8","C8: Above 4.0°C","WITCH 4.6","DISCRATE_Ref_dr2p","20.043197725034766","67.25935185250113","2.1443720535462516","-1.4356868632240491","0.006670353631937174","4.158862752322248","4.158862752322248","0.006670353631937174",,"medium","ok","ok","ok"
"1415","DISCRATE-Reference-dr2p","WITCH 4.6","Final Energy|Residential and Commercial|Electricity","EJ/yr","[object Object]",2080,14.4795060069675,"4.158862752322248","4.158862752322248","2100","5419.541116227754","GW8","failed",,,,,,,"ok","true","C8","C8: Above 4.0°C","WITCH 4.6","DISCRATE_Ref_dr2p","20.043197725034766","67.25935185250113","2.1443720535462516","-1.4356868632240491","0.006670353631937174","4.158862752322248","4.158862752322248","0.006670353631937174",,"medium","ok","ok","ok"
"1415","DISCRATE-Reference-dr2p","WITCH 4.6","Final Energy|Residential and Commercial|Electricity","EJ/yr","[object Object]",2085,15.19689340876036,"4.158862752322248","4.158862752322248","2100","5419.541116227754","GW8","failed",,,,,,,"ok","true","C8","C8: Above 4.0°C","WITCH 4.6","DISCRATE_Ref_dr2p","20.043197725034766","67.25935185250113","2.1443720535462516","-1.4356868632240491","0.006670353631937174","4.158862752322248","4.158862752322248","0.006670353631937174",,"medium","ok","ok","ok"
"1415","DISCRATE-Reference-dr2p","WITCH 4.6","Final Energy|Residential and Commercial|Electricity","EJ/yr","[object Object]",2090,15.87974389338105,"4.158862752322248","4.158862752322248","2100","5419.541116227754","GW8","failed",,,,,,,"ok","true","C8","C8: Above 4.0°C","WITCH 4.6","DISCRATE_Ref_dr2p","20.043197725034766","67.25935185250113","2.1443720535462516","-1.4356868632240491","0.006670353631937174","4.158862752322248","4.158862752322248","0.006670353631937174",,"medium","ok","ok","ok"
"1415","DISCRATE-Reference-dr2p","WITCH 4.6","Final Energy|Residential and Commercial|Electricity","EJ/yr","[object Object]",2095,16.55362699360966,"4.158862752322248","4.158862752322248","2100","5419.541116227754","GW8","failed",,,,,,,"ok","true","C8","C8: Above 4.0°C","WITCH 4.6","DISCRATE_Ref_dr2p","20.043197725034766","67.25935185250113","2.1443720535462516","-1.4356868632240491","0.006670353631937174","4.158862752322248","4.158862752322248","0.006670353631937174",,"medium","ok","ok","ok"
"1415","DISCRATE-Reference-dr2p","WITCH 4.6","Final Energy|Residential and Commercial|Electricity","EJ/yr","[object Object]",2100,17.18857944290672,"4.158862752322248","4.158862752322248","2100","5419.541116227754","GW8","failed",,,,,,,"ok","true","C8","C8: Above 4.0°C","WITCH 4.6","DISCRATE_Ref_dr2p","20.043197725034766","67.25935185250113","2.1443720535462516","-1.4356868632240491","0.006670353631937174","4.158862752322248","4.158862752322248","0.006670353631937174",,"medium","ok","ok","ok"
"1416","DISCRATE-Reference-dr3p","WITCH 4.6","Final Energy|Residential and Commercial|Electricity","EJ/yr","[object Object]",2010,6.311642141999999,"4.206100611044091","4.206100611044091","2100","5539.67229236354","GW8","failed",,,,,,,"ok","true","C8","C8: Above 4.0°C","WITCH 4.6","DISCRATE_Ref_dr3p","16.52471649232056","70.56065996489778","2.144388702535184","-1.438937478025224","0.008442793206263993","4.206100611044091","4.206100611044091","0.008442793206263993",,"medium","ok","ok","ok"
"1416","DISCRATE-Reference-dr3p","WITCH 4.6","Final Energy|Residential and Commercial|Electricity","EJ/yr","[object Object]",2015,6.207056275,"4.206100611044091","4.206100611044091","2100","5539.67229236354","GW8","failed",,,,,,,"ok","true","C8","C8: Above 4.0°C","WITCH 4.6","DISCRATE_Ref_dr3p","16.52471649232056","70.56065996489778","2.144388702535184","-1.438937478025224","0.008442793206263993","4.206100611044091","4.206100611044091","0.008442793206263993",,"medium","ok","ok","ok"
"1416","DISCRATE-Reference-dr3p","WITCH 4.6","Final Energy|Residential and Commercial|Electricity","EJ/yr","[object Object]",2020,6.359391678599696,"4.206100611044091","4.206100611044091","2100","5539.67229236354","GW8","failed",,,,,,,"ok","true","C8","C8: Above 4.0°C","WITCH 4.6","DISCRATE_Ref_dr3p","16.52471649232056","70.56065996489778","2.144388702535184","-1.438937478025224","0.008442793206263993","4.206100611044091","4.206100611044091","0.008442793206263993",,"medium","ok","ok","ok"
"1416","DISCRATE-Reference-dr3p","WITCH 4.6","Final Energy|Residential and Commercial|Electricity","EJ/yr","[object Object]",2025,6.876353619045102,"4.206100611044091","4.206100611044091","2100","5539.67229236354","GW8","failed",,,,,,,"ok","true","C8","C8: Above 4.0°C","WITCH 4.6","DISCRATE_Ref_dr3p","16.52471649232056","70.56065996489778","2.144388702535184","-1.438937478025224","0.008442793206263993","4.206100611044091","4.206100611044091","0.008442793206263993",,"medium","ok","ok","ok"
"1416","DISCRATE-Reference-dr3p","WITCH 4.6","Final Energy|Residential and Commercial|Electricity","EJ/yr","[object Object]",2030,7.563003144248397,"4.206100611044091","4.206100611044091","2100","5539.67229236354","GW8","failed",,,,,,,"ok","true","C8","C8: Above 4.0°C","WITCH 4.6","DISCRATE_Ref_dr3p","16.52471649232056","70.56065996489778","2.144388702535184","-1.438937478025224","0.008442793206263993","4.206100611044091","4.206100611044091","0.008442793206263993",,"medium","ok","ok","ok"
"1416","DISCRATE-Reference-dr3p","WITCH 4.6","Final Energy|Residential and Commercial|Electricity","EJ/yr","[object Object]",2035,8.15189140861236,"4.206100611044091","4.206100611044091","2100","5539.67229236354","GW8","failed",,,,,,,"ok","true","C8","C8: Above 4.0°C","WITCH 4.6","DISCRATE_Ref_dr3p","16.52471649232056","70.56065996489778","2.144388702535184","-1.438937478025224","0.008442793206263993","4.206100611044091","4.206100611044091","0.008442793206263993",,"medium","ok","ok","ok"
"1416","DISCRATE-Reference-dr3p","WITCH 4.6","Final Energy|Residential and Commercial|Electricity","EJ/yr","[object Object]",2040,8.52853661927414,"4.206100611044091","4.206100611044091","2100","5539.67229236354","GW8","failed",,,,,,,"ok","true","C8","C8: Above 4.0°C","WITCH 4.6","DISCRATE_Ref_dr3p","16.52471649232056","70.56065996489778","2.144388702535184","-1.438937478025224","0.008442793206263993","4.206100611044091","4.206100611044091","0.008442793206263993",,"medium","ok","ok","ok"
"1416","DISCRATE-Reference-dr3p","WITCH 4.6","Final Energy|Residential and Commercial|Electricity","EJ/yr","[object Object]",2045,9.15238181993922,"4.206100611044091","4.206100611044091","2100","5539.67229236354","GW8","failed",,,,,,,"ok","true","C8","C8: Above 4.0°C","WITCH 4.6","DISCRATE_Ref_dr3p","16.52471649232056","70.56065996489778","2.144388702535184","-1.438937478025224","0.008442793206263993","4.206100611044091","4.206100611044091","0.008442793206263993",,"medium","ok","ok","ok"
"1416","DISCRATE-Reference-dr3p","WITCH 4.6","Final Energy|Residential and Commercial|Electricity","EJ/yr","[object Object]",2050,9.83720678991583,"4.206100611044091","4.206100611044091","2100","5539.67229236354","GW8","failed",,,,,,,"ok","true","C8","C8: Above 4.0°C","WITCH 4.6","DISCRATE_Ref_dr3p","16.52471649232056","70.56065996489778","2.144388702535184","-1.438937478025224","0.008442793206263993","4.206100611044091","4.206100611044091","0.008442793206263993",,"medium","ok","ok","ok"
"1416","DISCRATE-Reference-dr3p","WITCH 4.6","Final Energy|Residential and Commercial|Electricity","EJ/yr","[object Object]",2055,10.62400522281396,"4.206100611044091","4.206100611044091","2100","5539.67229236354","GW8","failed",,,,,,,"ok","true","C8","C8: Above 4.0°C","WITCH 4.6","DISCRATE_Ref_dr3p","16.52471649232056","70.56065996489778","2.144388702535184","-1.438937478025224","0.008442793206263993","4.206100611044091","4.206100611044091","0.008442793206263993",,"medium","ok","ok","ok"
"1416","DISCRATE-Reference-dr3p","WITCH 4.6","Final Energy|Residential and Commercial|Electricity","EJ/yr","[object Object]",2060,11.3745444060876,"4.206100611044091","4.206100611044091","2100","5539.67229236354","GW8","failed",,,,,,,"ok","true","C8","C8: Above 4.0°C","WITCH 4.6","DISCRATE_Ref_dr3p","16.52471649232056","70.56065996489778","2.144388702535184","-1.438937478025224","0.008442793206263993","4.206100611044091","4.206100611044091","0.008442793206263993",,"medium","ok","ok","ok"
"1416","DISCRATE-Reference-dr3p","WITCH 4.6","Final Energy|Residential and Commercial|Electricity","EJ/yr","[object Object]",2065,12.04902004220856,"4.206100611044091","4.206100611044091","2100","5539.67229236354","GW8","failed",,,,,,,"ok","true","C8","C8: Above 4.0°C","WITCH 4.6","DISCRATE_Ref_dr3p","16.52471649232056","70.56065996489778","2.144388702535184","-1.438937478025224","0.008442793206263993","4.206100611044091","4.206100611044091","0.008442793206263993",,"medium","ok","ok","ok"
"1416","DISCRATE-Reference-dr3p","WITCH 4.6","Final Energy|Residential and Commercial|Electricity","EJ/yr","[object Object]",2070,12.74574138346991,"4.206100611044091","4.206100611044091","2100","5539.67229236354","GW8","failed",,,,,,,"ok","true","C8","C8: Above 4.0°C","WITCH 4.6","DISCRATE_Ref_dr3p","16.52471649232056","70.56065996489778","2.144388702535184","-1.438937478025224","0.008442793206263993","4.206100611044091","4.206100611044091","0.008442793206263993",,"medium","ok","ok","ok"
"1416","DISCRATE-Reference-dr3p","WITCH 4.6","Final Energy|Residential and Commercial|Electricity","EJ/yr","[object Object]",2075,13.44718963284296,"4.206100611044091","4.206100611044091","2100","5539.67229236354","GW8","failed",,,,,,,"ok","true","C8","C8: Above 4.0°C","WITCH 4.6","DISCRATE_Ref_dr3p","16.52471649232056","70.56065996489778","2.144388702535184","-1.438937478025224","0.008442793206263993","4.206100611044091","4.206100611044091","0.008442793206263993",,"medium","ok","ok","ok"
"1416","DISCRATE-Reference-dr3p","WITCH 4.6","Final Energy|Residential and Commercial|Electricity","EJ/yr","[object Object]",2080,14.01290205060855,"4.206100611044091","4.206100611044091","2100","5539.67229236354","GW8","failed",,,,,,,"ok","true","C8","C8: Above 4.0°C","WITCH 4.6","DISCRATE_Ref_dr3p","16.52471649232056","70.56065996489778","2.144388702535184","-1.438937478025224","0.008442793206263993","4.206100611044091","4.206100611044091","0.008442793206263993",,"medium","ok","ok","ok"
"1416","DISCRATE-Reference-dr3p","WITCH 4.6","Final Energy|Residential and Commercial|Electricity","EJ/yr","[object Object]",2085,14.40568708754512,"4.206100611044091","4.206100611044091","2100","5539.67229236354","GW8","failed",,,,,,,"ok","true","C8","C8: Above 4.0°C","WITCH 4.6","DISCRATE_Ref_dr3p","16.52471649232056","70.56065996489778","2.144388702535184","-1.438937478025224","0.008442793206263993","4.206100611044091","4.206100611044091","0.008442793206263993",,"medium","ok","ok","ok"
"1416","DISCRATE-Reference-dr3p","WITCH 4.6","Final Energy|Residential and Commercial|Electricity","EJ/yr","[object Object]",2090,14.86031708612279,"4.206100611044091","4.206100611044091","2100","5539.67229236354","GW8","failed",,,,,,,"ok","true","C8","C8: Above 4.0°C","WITCH 4.6","DISCRATE_Ref_dr3p","16.52471649232056","70.56065996489778","2.144388702535184","-1.438937478025224","0.008442793206263993","4.206100611044091","4.206100611044091","0.008442793206263993",,"medium","ok","ok","ok"
"1416","DISCRATE-Reference-dr3p","WITCH 4.6","Final Energy|Residential and Commercial|Electricity","EJ/yr","[object Object]",2095,15.47414231992726,"4.206100611044091","4.206100611044091","2100","5539.67229236354","GW8","failed",,,,,,,"ok","true","C8","C8: Above 4.0°C","WITCH 4.6","DISCRATE_Ref_dr3p","16.52471649232056","70.56065996489778","2.144388702535184","-1.438937478025224","0.008442793206263993","4.206100611044091","4.206100611044091","0.008442793206263993",,"medium","ok","ok","ok"
"1416","DISCRATE-Reference-dr3p","WITCH 4.6","Final Energy|Residential and Commercial|Electricity","EJ/yr","[object Object]",2100,16.1535996456318,"4.206100611044091","4.206100611044091","2100","5539.67229236354","GW8","failed",,,,,,,"ok","true","C8","C8: Above 4.0°C","WITCH 4.6","DISCRATE_Ref_dr3p","16.52471649232056","70.56065996489778","2.144388702535184","-1.438937478025224","0.008442793206263993","4.206100611044091","4.206100611044091","0.008442793206263993",,"medium","ok","ok","ok"
"1417","DISCRATE-Reference-dr4p","WITCH 4.6","Final Energy|Residential and Commercial|Electricity","EJ/yr","[object Object]",2010,6.311642141999999,"4.239394226649041","4.239394226649041","2100","5636.4343903006375","GW8","failed",,,,,,,"ok","true","C8","C8: Above 4.0°C","WITCH 4.6","DISCRATE_Ref_dr4p","14.973448654731591","71.89738417429108","2.1442938089194232","-1.4390148991396927","0.01052916852328796","4.239394226649041","4.239394226649041","0.01052916852328796",,"medium","ok","ok","ok"
"1417","DISCRATE-Reference-dr4p","WITCH 4.6","Final Energy|Residential and Commercial|Electricity","EJ/yr","[object Object]",2015,6.207056275,"4.239394226649041","4.239394226649041","2100","5636.4343903006375","GW8","failed",,,,,,,"ok","true","C8","C8: Above 4.0°C","WITCH 4.6","DISCRATE_Ref_dr4p","14.973448654731591","71.89738417429108","2.1442938089194232","-1.4390148991396927","0.01052916852328796","4.239394226649041","4.239394226649041","0.01052916852328796",,"medium","ok","ok","ok"
"1417","DISCRATE-Reference-dr4p","WITCH 4.6","Final Energy|Residential and Commercial|Electricity","EJ/yr","[object Object]",2020,6.306469831598827,"4.239394226649041","4.239394226649041","2100","5636.4343903006375","GW8","failed",,,,,,,"ok","true","C8","C8: Above 4.0°C","WITCH 4.6","DISCRATE_Ref_dr4p","14.973448654731591","71.89738417429108","2.1442938089194232","-1.4390148991396927","0.01052916852328796","4.239394226649041","4.239394226649041","0.01052916852328796",,"medium","ok","ok","ok"
"1417","DISCRATE-Reference-dr4p","WITCH 4.6","Final Energy|Residential and Commercial|Electricity","EJ/yr","[object Object]",2025,6.780128490571128,"4.239394226649041","4.239394226649041","2100","5636.4343903006375","GW8","failed",,,,,,,"ok","true","C8","C8: Above 4.0°C","WITCH 4.6","DISCRATE_Ref_dr4p","14.973448654731591","71.89738417429108","2.1442938089194232","-1.4390148991396927","0.01052916852328796","4.239394226649041","4.239394226649041","0.01052916852328796",,"medium","ok","ok","ok"
"1417","DISCRATE-Reference-dr4p","WITCH 4.6","Final Energy|Residential and Commercial|Electricity","EJ/yr","[object Object]",2030,7.387010467899652,"4.239394226649041","4.239394226649041","2100","5636.4343903006375","GW8","failed",,,,,,,"ok","true","C8","C8: Above 4.0°C","WITCH 4.6","DISCRATE_Ref_dr4p","14.973448654731591","71.89738417429108","2.1442938089194232","-1.4390148991396927","0.01052916852328796","4.239394226649041","4.239394226649041","0.01052916852328796",,"medium","ok","ok","ok"
"1417","DISCRATE-Reference-dr4p","WITCH 4.6","Final Energy|Residential and Commercial|Electricity","EJ/yr","[object Object]",2035,7.86425618736582,"4.239394226649041","4.239394226649041","2100","5636.4343903006375","GW8","failed",,,,,,,"ok","true","C8","C8: Above 4.0°C","WITCH 4.6","DISCRATE_Ref_dr4p","14.973448654731591","71.89738417429108","2.1442938089194232","-1.4390148991396927","0.01052916852328796","4.239394226649041","4.239394226649041","0.01052916852328796",,"medium","ok","ok","ok"
"1417","DISCRATE-Reference-dr4p","WITCH 4.6","Final Energy|Residential and Commercial|Electricity","EJ/yr","[object Object]",2040,8.25756266701554,"4.239394226649041","4.239394226649041","2100","5636.4343903006375","GW8","failed",,,,,,,"ok","true","C8","C8: Above 4.0°C","WITCH 4.6","DISCRATE_Ref_dr4p","14.973448654731591","71.89738417429108","2.1442938089194232","-1.4390148991396927","0.01052916852328796","4.239394226649041","4.239394226649041","0.01052916852328796",,"medium","ok","ok","ok"
"1417","DISCRATE-Reference-dr4p","WITCH 4.6","Final Energy|Residential and Commercial|Electricity","EJ/yr","[object Object]",2045,8.80230223839353,"4.239394226649041","4.239394226649041","2100","5636.4343903006375","GW8","failed",,,,,,,"ok","true","C8","C8: Above 4.0°C","WITCH 4.6","DISCRATE_Ref_dr4p","14.973448654731591","71.89738417429108","2.1442938089194232","-1.4390148991396927","0.01052916852328796","4.239394226649041","4.239394226649041","0.01052916852328796",,"medium","ok","ok","ok"
"1417","DISCRATE-Reference-dr4p","WITCH 4.6","Final Energy|Residential and Commercial|Electricity","EJ/yr","[object Object]",2050,9.414445335127231,"4.239394226649041","4.239394226649041","2100","5636.4343903006375","GW8","failed",,,,,,,"ok","true","C8","C8: Above 4.0°C","WITCH 4.6","DISCRATE_Ref_dr4p","14.973448654731591","71.89738417429108","2.1442938089194232","-1.4390148991396927","0.01052916852328796","4.239394226649041","4.239394226649041","0.01052916852328796",,"medium","ok","ok","ok"
"1417","DISCRATE-Reference-dr4p","WITCH 4.6","Final Energy|Residential and Commercial|Electricity","EJ/yr","[object Object]",2055,10.14275678466011,"4.239394226649041","4.239394226649041","2100","5636.4343903006375","GW8","failed",,,,,,,"ok","true","C8","C8: Above 4.0°C","WITCH 4.6","DISCRATE_Ref_dr4p","14.973448654731591","71.89738417429108","2.1442938089194232","-1.4390148991396927","0.01052916852328796","4.239394226649041","4.239394226649041","0.01052916852328796",,"medium","ok","ok","ok"
"1417","DISCRATE-Reference-dr4p","WITCH 4.6","Final Energy|Residential and Commercial|Electricity","EJ/yr","[object Object]",2060,10.8691237120878,"4.239394226649041","4.239394226649041","2100","5636.4343903006375","GW8","failed",,,,,,,"ok","true","C8","C8: Above 4.0°C","WITCH 4.6","DISCRATE_Ref_dr4p","14.973448654731591","71.89738417429108","2.1442938089194232","-1.4390148991396927","0.01052916852328796","4.239394226649041","4.239394226649041","0.01052916852328796",,"medium","ok","ok","ok"
"1417","DISCRATE-Reference-dr4p","WITCH 4.6","Final Energy|Residential and Commercial|Electricity","EJ/yr","[object Object]",2065,11.43820848396336,"4.239394226649041","4.239394226649041","2100","5636.4343903006375","GW8","failed",,,,,,,"ok","true","C8","C8: Above 4.0°C","WITCH 4.6","DISCRATE_Ref_dr4p","14.973448654731591","71.89738417429108","2.1442938089194232","-1.4390148991396927","0.01052916852328796","4.239394226649041","4.239394226649041","0.01052916852328796",,"medium","ok","ok","ok"
"1417","DISCRATE-Reference-dr4p","WITCH 4.6","Final Energy|Residential and Commercial|Electricity","EJ/yr","[object Object]",2070,12.13039942639679,"4.239394226649041","4.239394226649041","2100","5636.4343903006375","GW8","failed",,,,,,,"ok","true","C8","C8: Above 4.0°C","WITCH 4.6","DISCRATE_Ref_dr4p","14.973448654731591","71.89738417429108","2.1442938089194232","-1.4390148991396927","0.01052916852328796","4.239394226649041","4.239394226649041","0.01052916852328796",,"medium","ok","ok","ok"
"1417","DISCRATE-Reference-dr4p","WITCH 4.6","Final Energy|Residential and Commercial|Electricity","EJ/yr","[object Object]",2075,12.80101066453045,"4.239394226649041","4.239394226649041","2100","5636.4343903006375","GW8","failed",,,,,,,"ok","true","C8","C8: Above 4.0°C","WITCH 4.6","DISCRATE_Ref_dr4p","14.973448654731591","71.89738417429108","2.1442938089194232","-1.4390148991396927","0.01052916852328796","4.239394226649041","4.239394226649041","0.01052916852328796",,"medium","ok","ok","ok"
"1417","DISCRATE-Reference-dr4p","WITCH 4.6","Final Energy|Residential and Commercial|Electricity","EJ/yr","[object Object]",2080,13.4169989423592,"4.239394226649041","4.239394226649041","2100","5636.4343903006375","GW8","failed",,,,,,,"ok","true","C8","C8: Above 4.0°C","WITCH 4.6","DISCRATE_Ref_dr4p","14.973448654731591","71.89738417429108","2.1442938089194232","-1.4390148991396927","0.01052916852328796","4.239394226649041","4.239394226649041","0.01052916852328796",,"medium","ok","ok","ok"
"1417","DISCRATE-Reference-dr4p","WITCH 4.6","Final Energy|Residential and Commercial|Electricity","EJ/yr","[object Object]",2085,14.04505394984056,"4.239394226649041","4.239394226649041","2100","5636.4343903006375","GW8","failed",,,,,,,"ok","true","C8","C8: Above 4.0°C","WITCH 4.6","DISCRATE_Ref_dr4p","14.973448654731591","71.89738417429108","2.1442938089194232","-1.4390148991396927","0.01052916852328796","4.239394226649041","4.239394226649041","0.01052916852328796",,"medium","ok","ok","ok"
"1417","DISCRATE-Reference-dr4p","WITCH 4.6","Final Energy|Residential and Commercial|Electricity","EJ/yr","[object Object]",2090,14.43542275555748,"4.239394226649041","4.239394226649041","2100","5636.4343903006375","GW8","failed",,,,,,,"ok","true","C8","C8: Above 4.0°C","WITCH 4.6","DISCRATE_Ref_dr4p","14.973448654731591","71.89738417429108","2.1442938089194232","-1.4390148991396927","0.01052916852328796","4.239394226649041","4.239394226649041","0.01052916852328796",,"medium","ok","ok","ok"
"1417","DISCRATE-Reference-dr4p","WITCH 4.6","Final Energy|Residential and Commercial|Electricity","EJ/yr","[object Object]",2095,14.84134616036934,"4.239394226649041","4.239394226649041","2100","5636.4343903006375","GW8","failed",,,,,,,"ok","true","C8","C8: Above 4.0°C","WITCH 4.6","DISCRATE_Ref_dr4p","14.973448654731591","71.89738417429108","2.1442938089194232","-1.4390148991396927","0.01052916852328796","4.239394226649041","4.239394226649041","0.01052916852328796",,"medium","ok","ok","ok"
"1417","DISCRATE-Reference-dr4p","WITCH 4.6","Final Energy|Residential and Commercial|Electricity","EJ/yr","[object Object]",2100,15.37877912074405,"4.239394226649041","4.239394226649041","2100","5636.4343903006375","GW8","failed",,,,,,,"ok","true","C8","C8: Above 4.0°C","WITCH 4.6","DISCRATE_Ref_dr4p","14.973448654731591","71.89738417429108","2.1442938089194232","-1.4390148991396927","0.01052916852328796","4.239394226649041","4.239394226649041","0.01052916852328796",,"medium","ok","ok","ok"
"1418","DISCRATE-Reference-dr5p","WITCH 4.6","Final Energy|Residential and Commercial|Electricity","EJ/yr","[object Object]",2010,6.311642141999999,"4.26510141080362","4.26510141080362","2100","5711.710492852042","GW8","failed",,,,,,,"ok","true","C8","C8: Above 4.0°C","WITCH 4.6","DISCRATE_Ref_dr5p","13.811740617948745","73.06448095300344","2.1448165449620813","-1.4390155041756003","0.01261378224563305","4.26510141080362","4.26510141080362","0.01261378224563305",,"medium","ok","ok","ok"
"1418","DISCRATE-Reference-dr5p","WITCH 4.6","Final Energy|Residential and Commercial|Electricity","EJ/yr","[object Object]",2015,6.207056275,"4.26510141080362","4.26510141080362","2100","5711.710492852042","GW8","failed",,,,,,,"ok","true","C8","C8: Above 4.0°C","WITCH 4.6","DISCRATE_Ref_dr5p","13.811740617948745","73.06448095300344","2.1448165449620813","-1.4390155041756003","0.01261378224563305","4.26510141080362","4.26510141080362","0.01261378224563305",,"medium","ok","ok","ok"
"1418","DISCRATE-Reference-dr5p","WITCH 4.6","Final Energy|Residential and Commercial|Electricity","EJ/yr","[object Object]",2020,6.266147476350623,"4.26510141080362","4.26510141080362","2100","5711.710492852042","GW8","failed",,,,,,,"ok","true","C8","C8: Above 4.0°C","WITCH 4.6","DISCRATE_Ref_dr5p","13.811740617948745","73.06448095300344","2.1448165449620813","-1.4390155041756003","0.01261378224563305","4.26510141080362","4.26510141080362","0.01261378224563305",,"medium","ok","ok","ok"
"1418","DISCRATE-Reference-dr5p","WITCH 4.6","Final Energy|Residential and Commercial|Electricity","EJ/yr","[object Object]",2025,6.707879024135216,"4.26510141080362","4.26510141080362","2100","5711.710492852042","GW8","failed",,,,,,,"ok","true","C8","C8: Above 4.0°C","WITCH 4.6","DISCRATE_Ref_dr5p","13.811740617948745","73.06448095300344","2.1448165449620813","-1.4390155041756003","0.01261378224563305","4.26510141080362","4.26510141080362","0.01261378224563305",,"medium","ok","ok","ok"
"1418","DISCRATE-Reference-dr5p","WITCH 4.6","Final Energy|Residential and Commercial|Electricity","EJ/yr","[object Object]",2030,7.21181900989402,"4.26510141080362","4.26510141080362","2100","5711.710492852042","GW8","failed",,,,,,,"ok","true","C8","C8: Above 4.0°C","WITCH 4.6","DISCRATE_Ref_dr5p","13.811740617948745","73.06448095300344","2.1448165449620813","-1.4390155041756003","0.01261378224563305","4.26510141080362","4.26510141080362","0.01261378224563305",,"medium","ok","ok","ok"
"1418","DISCRATE-Reference-dr5p","WITCH 4.6","Final Energy|Residential and Commercial|Electricity","EJ/yr","[object Object]",2035,7.65694279799751,"4.26510141080362","4.26510141080362","2100","5711.710492852042","GW8","failed",,,,,,,"ok","true","C8","C8: Above 4.0°C","WITCH 4.6","DISCRATE_Ref_dr5p","13.811740617948745","73.06448095300344","2.1448165449620813","-1.4390155041756003","0.01261378224563305","4.26510141080362","4.26510141080362","0.01261378224563305",,"medium","ok","ok","ok"
"1418","DISCRATE-Reference-dr5p","WITCH 4.6","Final Energy|Residential and Commercial|Electricity","EJ/yr","[object Object]",2040,8.059632839047051,"4.26510141080362","4.26510141080362","2100","5711.710492852042","GW8","failed",,,,,,,"ok","true","C8","C8: Above 4.0°C","WITCH 4.6","DISCRATE_Ref_dr5p","13.811740617948745","73.06448095300344","2.1448165449620813","-1.4390155041756003","0.01261378224563305","4.26510141080362","4.26510141080362","0.01261378224563305",,"medium","ok","ok","ok"
"1418","DISCRATE-Reference-dr5p","WITCH 4.6","Final Energy|Residential and Commercial|Electricity","EJ/yr","[object Object]",2045,8.5633568296368,"4.26510141080362","4.26510141080362","2100","5711.710492852042","GW8","failed",,,,,,,"ok","true","C8","C8: Above 4.0°C","WITCH 4.6","DISCRATE_Ref_dr5p","13.811740617948745","73.06448095300344","2.1448165449620813","-1.4390155041756003","0.01261378224563305","4.26510141080362","4.26510141080362","0.01261378224563305",,"medium","ok","ok","ok"
"1418","DISCRATE-Reference-dr5p","WITCH 4.6","Final Energy|Residential and Commercial|Electricity","EJ/yr","[object Object]",2050,9.0471811439944,"4.26510141080362","4.26510141080362","2100","5711.710492852042","GW8","failed",,,,,,,"ok","true","C8","C8: Above 4.0°C","WITCH 4.6","DISCRATE_Ref_dr5p","13.811740617948745","73.06448095300344","2.1448165449620813","-1.4390155041756003","0.01261378224563305","4.26510141080362","4.26510141080362","0.01261378224563305",,"medium","ok","ok","ok"
"1418","DISCRATE-Reference-dr5p","WITCH 4.6","Final Energy|Residential and Commercial|Electricity","EJ/yr","[object Object]",2055,9.772882894894959,"4.26510141080362","4.26510141080362","2100","5711.710492852042","GW8","failed",,,,,,,"ok","true","C8","C8: Above 4.0°C","WITCH 4.6","DISCRATE_Ref_dr5p","13.811740617948745","73.06448095300344","2.1448165449620813","-1.4390155041756003","0.01261378224563305","4.26510141080362","4.26510141080362","0.01261378224563305",,"medium","ok","ok","ok"
"1418","DISCRATE-Reference-dr5p","WITCH 4.6","Final Energy|Residential and Commercial|Electricity","EJ/yr","[object Object]",2060,10.43189464904889,"4.26510141080362","4.26510141080362","2100","5711.710492852042","GW8","failed",,,,,,,"ok","true","C8","C8: Above 4.0°C","WITCH 4.6","DISCRATE_Ref_dr5p","13.811740617948745","73.06448095300344","2.1448165449620813","-1.4390155041756003","0.01261378224563305","4.26510141080362","4.26510141080362","0.01261378224563305",,"medium","ok","ok","ok"
"1418","DISCRATE-Reference-dr5p","WITCH 4.6","Final Energy|Residential and Commercial|Electricity","EJ/yr","[object Object]",2065,10.97622687828626,"4.26510141080362","4.26510141080362","2100","5711.710492852042","GW8","failed",,,,,,,"ok","true","C8","C8: Above 4.0°C","WITCH 4.6","DISCRATE_Ref_dr5p","13.811740617948745","73.06448095300344","2.1448165449620813","-1.4390155041756003","0.01261378224563305","4.26510141080362","4.26510141080362","0.01261378224563305",,"medium","ok","ok","ok"
"1418","DISCRATE-Reference-dr5p","WITCH 4.6","Final Energy|Residential and Commercial|Electricity","EJ/yr","[object Object]",2070,11.610844503461,"4.26510141080362","4.26510141080362","2100","5711.710492852042","GW8","failed",,,,,,,"ok","true","C8","C8: Above 4.0°C","WITCH 4.6","DISCRATE_Ref_dr5p","13.811740617948745","73.06448095300344","2.1448165449620813","-1.4390155041756003","0.01261378224563305","4.26510141080362","4.26510141080362","0.01261378224563305",,"medium","ok","ok","ok"
"1418","DISCRATE-Reference-dr5p","WITCH 4.6","Final Energy|Residential and Commercial|Electricity","EJ/yr","[object Object]",2075,12.21624096847827,"4.26510141080362","4.26510141080362","2100","5711.710492852042","GW8","failed",,,,,,,"ok","true","C8","C8: Above 4.0°C","WITCH 4.6","DISCRATE_Ref_dr5p","13.811740617948745","73.06448095300344","2.1448165449620813","-1.4390155041756003","0.01261378224563305","4.26510141080362","4.26510141080362","0.01261378224563305",,"medium","ok","ok","ok"
"1418","DISCRATE-Reference-dr5p","WITCH 4.6","Final Energy|Residential and Commercial|Electricity","EJ/yr","[object Object]",2080,12.86100451925243,"4.26510141080362","4.26510141080362","2100","5711.710492852042","GW8","failed",,,,,,,"ok","true","C8","C8: Above 4.0°C","WITCH 4.6","DISCRATE_Ref_dr5p","13.811740617948745","73.06448095300344","2.1448165449620813","-1.4390155041756003","0.01261378224563305","4.26510141080362","4.26510141080362","0.01261378224563305",,"medium","ok","ok","ok"
"1418","DISCRATE-Reference-dr5p","WITCH 4.6","Final Energy|Residential and Commercial|Electricity","EJ/yr","[object Object]",2085,13.43833492877962,"4.26510141080362","4.26510141080362","2100","5711.710492852042","GW8","failed",,,,,,,"ok","true","C8","C8: Above 4.0°C","WITCH 4.6","DISCRATE_Ref_dr5p","13.811740617948745","73.06448095300344","2.1448165449620813","-1.4390155041756003","0.01261378224563305","4.26510141080362","4.26510141080362","0.01261378224563305",,"medium","ok","ok","ok"
"1418","DISCRATE-Reference-dr5p","WITCH 4.6","Final Energy|Residential and Commercial|Electricity","EJ/yr","[object Object]",2090,14.01103451604306,"4.26510141080362","4.26510141080362","2100","5711.710492852042","GW8","failed",,,,,,,"ok","true","C8","C8: Above 4.0°C","WITCH 4.6","DISCRATE_Ref_dr5p","13.811740617948745","73.06448095300344","2.1448165449620813","-1.4390155041756003","0.01261378224563305","4.26510141080362","4.26510141080362","0.01261378224563305",,"medium","ok","ok","ok"
"1418","DISCRATE-Reference-dr5p","WITCH 4.6","Final Energy|Residential and Commercial|Electricity","EJ/yr","[object Object]",2095,14.61137364733673,"4.26510141080362","4.26510141080362","2100","5711.710492852042","GW8","failed",,,,,,,"ok","true","C8","C8: Above 4.0°C","WITCH 4.6","DISCRATE_Ref_dr5p","13.811740617948745","73.06448095300344","2.1448165449620813","-1.4390155041756003","0.01261378224563305","4.26510141080362","4.26510141080362","0.01261378224563305",,"medium","ok","ok","ok"
"1418","DISCRATE-Reference-dr5p","WITCH 4.6","Final Energy|Residential and Commercial|Electricity","EJ/yr","[object Object]",2100,15.01267095580913,"4.26510141080362","4.26510141080362","2100","5711.710492852042","GW8","failed",,,,,,,"ok","true","C8","C8: Above 4.0°C","WITCH 4.6","DISCRATE_Ref_dr5p","13.811740617948745","73.06448095300344","2.1448165449620813","-1.4390155041756003","0.01261378224563305","4.26510141080362","4.26510141080362","0.01261378224563305",,"medium","ok","ok","ok"