"Run ID","Scenario name","Model name","Variable name","unit","Flag Category","year","value","meta_Climate Assessment|Peak Warming|Median [MAGICCv7.5.3]","meta_Climate Assessment|Warming in 2100|Median [MAGICCv7.5.3]","meta_Climate Assessment|Year of Peak Warming|Median [MAGICCv7.5.3]","meta_Emissions Diagnostics|Cumulative CCS [2020-2100, Gt CO2]","meta_Emissions Diagnostics|Cumulative CO2 [2020-2100, Gt CO2]","meta_Emissions Diagnostics|Cumulative Net-Negative CO2 [2020-2100, Gt CO2]","meta_Emissions Diagnostics|Year of Net Zero|CO2","meta_Emissions Diagnostics|Year of Net Zero|Kyoto Gases","meta_Climate Category|SCI 2025 [Tier I]","meta_Scenario Typology|SCI 2025 [beta]","meta_Vetting|SCI 2025","meta_Feasibility Concern|Carbon Capture|World|2030","meta_Feasibility Concern|Carbon Capture|World|2035","meta_Feasibility Concern|Carbon Capture|World|2040","meta_Feasibility Concern|Hydropower Capacity|World|2030","meta_Feasibility Concern|Nuclear Capacity|World|2030","meta_Feasibility Concern|Onshore Wind Capacity|World|2030","meta_Feasibility Concern|Solar PV Capacity|World|2030","meta_Feasibility Concern|Wind Capacity|World|2030","meta_Sustainability Concern|Exceeding Prudent Limit For Geological Carbon Storage|World","meta_Sustainability Concern|Food Availability|World","meta_Sustainability Concern|Unsustainable Bioenergy Use|World","meta_Scenario Ensemble|AR6","meta_Climate Category|AR6 [ID]","meta_Climate Category|AR6 [Name]","meta_Legacy Mapping|AR6|Model Name","meta_Legacy Mapping|AR6|Scenario Name","meta_renewablesShare","meta_fossilShare","meta_biomassShare","meta_gfaIncrease","meta_carbonRemoval","meta_eocWarming","meta_peakWarming","meta_Ensemble Weight|SCI 2025 [beta]"
"22","ENGAGE-NPi2020-300f","AIM/CGE V2.2","Final Energy|Electricity","EJ/yr","[object Object]",2010,10.913,"1.608746045509346","1.303397456870074","2049","1156.3710320999999","243.22856430000013","-387.82802910000004","2055","2064","GW1","Carbon Capture and Storage","failed","high","medium","medium","high","high","ok","ok","ok","ok","ok","high","true","C1","C1: Below 1.5°C with no or limited overshoot","AIM/CGE 2.2","EN_NPi2020_300f","23.256664793104108","47.10106763560831","22.491159587698213","25.414979197038534","1156.3710320999999","1.303397456870074","1.608746045509346",
"22","ENGAGE-NPi2020-300f","AIM/CGE V2.2","Final Energy|Electricity","EJ/yr","[object Object]",2015,10.6603,"1.608746045509346","1.303397456870074","2049","1156.3710320999999","243.22856430000013","-387.82802910000004","2055","2064","GW1","Carbon Capture and Storage","failed","high","medium","medium","high","high","ok","ok","ok","ok","ok","high","true","C1","C1: Below 1.5°C with no or limited overshoot","AIM/CGE 2.2","EN_NPi2020_300f","23.256664793104108","47.10106763560831","22.491159587698213","25.414979197038534","1156.3710320999999","1.303397456870074","1.608746045509346",
"22","ENGAGE-NPi2020-300f","AIM/CGE V2.2","Final Energy|Electricity","EJ/yr","[object Object]",2020,11.6626,"1.608746045509346","1.303397456870074","2049","1156.3710320999999","243.22856430000013","-387.82802910000004","2055","2064","GW1","Carbon Capture and Storage","failed","high","medium","medium","high","high","ok","ok","ok","ok","ok","high","true","C1","C1: Below 1.5°C with no or limited overshoot","AIM/CGE 2.2","EN_NPi2020_300f","23.256664793104108","47.10106763560831","22.491159587698213","25.414979197038534","1156.3710320999999","1.303397456870074","1.608746045509346",
"22","ENGAGE-NPi2020-300f","AIM/CGE V2.2","Final Energy|Electricity","EJ/yr","[object Object]",2025,12.5663,"1.608746045509346","1.303397456870074","2049","1156.3710320999999","243.22856430000013","-387.82802910000004","2055","2064","GW1","Carbon Capture and Storage","failed","high","medium","medium","high","high","ok","ok","ok","ok","ok","high","true","C1","C1: Below 1.5°C with no or limited overshoot","AIM/CGE 2.2","EN_NPi2020_300f","23.256664793104108","47.10106763560831","22.491159587698213","25.414979197038534","1156.3710320999999","1.303397456870074","1.608746045509346",
"22","ENGAGE-NPi2020-300f","AIM/CGE V2.2","Final Energy|Electricity","EJ/yr","[object Object]",2030,14.8579,"1.608746045509346","1.303397456870074","2049","1156.3710320999999","243.22856430000013","-387.82802910000004","2055","2064","GW1","Carbon Capture and Storage","failed","high","medium","medium","high","high","ok","ok","ok","ok","ok","high","true","C1","C1: Below 1.5°C with no or limited overshoot","AIM/CGE 2.2","EN_NPi2020_300f","23.256664793104108","47.10106763560831","22.491159587698213","25.414979197038534","1156.3710320999999","1.303397456870074","1.608746045509346",
"22","ENGAGE-NPi2020-300f","AIM/CGE V2.2","Final Energy|Electricity","EJ/yr","[object Object]",2035,17.188,"1.608746045509346","1.303397456870074","2049","1156.3710320999999","243.22856430000013","-387.82802910000004","2055","2064","GW1","Carbon Capture and Storage","failed","high","medium","medium","high","high","ok","ok","ok","ok","ok","high","true","C1","C1: Below 1.5°C with no or limited overshoot","AIM/CGE 2.2","EN_NPi2020_300f","23.256664793104108","47.10106763560831","22.491159587698213","25.414979197038534","1156.3710320999999","1.303397456870074","1.608746045509346",
"22","ENGAGE-NPi2020-300f","AIM/CGE V2.2","Final Energy|Electricity","EJ/yr","[object Object]",2040,18.0698,"1.608746045509346","1.303397456870074","2049","1156.3710320999999","243.22856430000013","-387.82802910000004","2055","2064","GW1","Carbon Capture and Storage","failed","high","medium","medium","high","high","ok","ok","ok","ok","ok","high","true","C1","C1: Below 1.5°C with no or limited overshoot","AIM/CGE 2.2","EN_NPi2020_300f","23.256664793104108","47.10106763560831","22.491159587698213","25.414979197038534","1156.3710320999999","1.303397456870074","1.608746045509346",
"22","ENGAGE-NPi2020-300f","AIM/CGE V2.2","Final Energy|Electricity","EJ/yr","[object Object]",2045,19.4896,"1.608746045509346","1.303397456870074","2049","1156.3710320999999","243.22856430000013","-387.82802910000004","2055","2064","GW1","Carbon Capture and Storage","failed","high","medium","medium","high","high","ok","ok","ok","ok","ok","high","true","C1","C1: Below 1.5°C with no or limited overshoot","AIM/CGE 2.2","EN_NPi2020_300f","23.256664793104108","47.10106763560831","22.491159587698213","25.414979197038534","1156.3710320999999","1.303397456870074","1.608746045509346",
"22","ENGAGE-NPi2020-300f","AIM/CGE V2.2","Final Energy|Electricity","EJ/yr","[object Object]",2050,22.7362,"1.608746045509346","1.303397456870074","2049","1156.3710320999999","243.22856430000013","-387.82802910000004","2055","2064","GW1","Carbon Capture and Storage","failed","high","medium","medium","high","high","ok","ok","ok","ok","ok","high","true","C1","C1: Below 1.5°C with no or limited overshoot","AIM/CGE 2.2","EN_NPi2020_300f","23.256664793104108","47.10106763560831","22.491159587698213","25.414979197038534","1156.3710320999999","1.303397456870074","1.608746045509346",
"22","ENGAGE-NPi2020-300f","AIM/CGE V2.2","Final Energy|Electricity","EJ/yr","[object Object]",2055,26.3629,"1.608746045509346","1.303397456870074","2049","1156.3710320999999","243.22856430000013","-387.82802910000004","2055","2064","GW1","Carbon Capture and Storage","failed","high","medium","medium","high","high","ok","ok","ok","ok","ok","high","true","C1","C1: Below 1.5°C with no or limited overshoot","AIM/CGE 2.2","EN_NPi2020_300f","23.256664793104108","47.10106763560831","22.491159587698213","25.414979197038534","1156.3710320999999","1.303397456870074","1.608746045509346",
"22","ENGAGE-NPi2020-300f","AIM/CGE V2.2","Final Energy|Electricity","EJ/yr","[object Object]",2060,30.0451,"1.608746045509346","1.303397456870074","2049","1156.3710320999999","243.22856430000013","-387.82802910000004","2055","2064","GW1","Carbon Capture and Storage","failed","high","medium","medium","high","high","ok","ok","ok","ok","ok","high","true","C1","C1: Below 1.5°C with no or limited overshoot","AIM/CGE 2.2","EN_NPi2020_300f","23.256664793104108","47.10106763560831","22.491159587698213","25.414979197038534","1156.3710320999999","1.303397456870074","1.608746045509346",
"22","ENGAGE-NPi2020-300f","AIM/CGE V2.2","Final Energy|Electricity","EJ/yr","[object Object]",2065,32.5712,"1.608746045509346","1.303397456870074","2049","1156.3710320999999","243.22856430000013","-387.82802910000004","2055","2064","GW1","Carbon Capture and Storage","failed","high","medium","medium","high","high","ok","ok","ok","ok","ok","high","true","C1","C1: Below 1.5°C with no or limited overshoot","AIM/CGE 2.2","EN_NPi2020_300f","23.256664793104108","47.10106763560831","22.491159587698213","25.414979197038534","1156.3710320999999","1.303397456870074","1.608746045509346",
"22","ENGAGE-NPi2020-300f","AIM/CGE V2.2","Final Energy|Electricity","EJ/yr","[object Object]",2070,34.5245,"1.608746045509346","1.303397456870074","2049","1156.3710320999999","243.22856430000013","-387.82802910000004","2055","2064","GW1","Carbon Capture and Storage","failed","high","medium","medium","high","high","ok","ok","ok","ok","ok","high","true","C1","C1: Below 1.5°C with no or limited overshoot","AIM/CGE 2.2","EN_NPi2020_300f","23.256664793104108","47.10106763560831","22.491159587698213","25.414979197038534","1156.3710320999999","1.303397456870074","1.608746045509346",
"22","ENGAGE-NPi2020-300f","AIM/CGE V2.2","Final Energy|Electricity","EJ/yr","[object Object]",2075,35.6135,"1.608746045509346","1.303397456870074","2049","1156.3710320999999","243.22856430000013","-387.82802910000004","2055","2064","GW1","Carbon Capture and Storage","failed","high","medium","medium","high","high","ok","ok","ok","ok","ok","high","true","C1","C1: Below 1.5°C with no or limited overshoot","AIM/CGE 2.2","EN_NPi2020_300f","23.256664793104108","47.10106763560831","22.491159587698213","25.414979197038534","1156.3710320999999","1.303397456870074","1.608746045509346",
"22","ENGAGE-NPi2020-300f","AIM/CGE V2.2","Final Energy|Electricity","EJ/yr","[object Object]",2080,36.3846,"1.608746045509346","1.303397456870074","2049","1156.3710320999999","243.22856430000013","-387.82802910000004","2055","2064","GW1","Carbon Capture and Storage","failed","high","medium","medium","high","high","ok","ok","ok","ok","ok","high","true","C1","C1: Below 1.5°C with no or limited overshoot","AIM/CGE 2.2","EN_NPi2020_300f","23.256664793104108","47.10106763560831","22.491159587698213","25.414979197038534","1156.3710320999999","1.303397456870074","1.608746045509346",
"22","ENGAGE-NPi2020-300f","AIM/CGE V2.2","Final Energy|Electricity","EJ/yr","[object Object]",2085,36.7907,"1.608746045509346","1.303397456870074","2049","1156.3710320999999","243.22856430000013","-387.82802910000004","2055","2064","GW1","Carbon Capture and Storage","failed","high","medium","medium","high","high","ok","ok","ok","ok","ok","high","true","C1","C1: Below 1.5°C with no or limited overshoot","AIM/CGE 2.2","EN_NPi2020_300f","23.256664793104108","47.10106763560831","22.491159587698213","25.414979197038534","1156.3710320999999","1.303397456870074","1.608746045509346",
"22","ENGAGE-NPi2020-300f","AIM/CGE V2.2","Final Energy|Electricity","EJ/yr","[object Object]",2090,37.1103,"1.608746045509346","1.303397456870074","2049","1156.3710320999999","243.22856430000013","-387.82802910000004","2055","2064","GW1","Carbon Capture and Storage","failed","high","medium","medium","high","high","ok","ok","ok","ok","ok","high","true","C1","C1: Below 1.5°C with no or limited overshoot","AIM/CGE 2.2","EN_NPi2020_300f","23.256664793104108","47.10106763560831","22.491159587698213","25.414979197038534","1156.3710320999999","1.303397456870074","1.608746045509346",
"22","ENGAGE-NPi2020-300f","AIM/CGE V2.2","Final Energy|Electricity","EJ/yr","[object Object]",2095,37.3466,"1.608746045509346","1.303397456870074","2049","1156.3710320999999","243.22856430000013","-387.82802910000004","2055","2064","GW1","Carbon Capture and Storage","failed","high","medium","medium","high","high","ok","ok","ok","ok","ok","high","true","C1","C1: Below 1.5°C with no or limited overshoot","AIM/CGE 2.2","EN_NPi2020_300f","23.256664793104108","47.10106763560831","22.491159587698213","25.414979197038534","1156.3710320999999","1.303397456870074","1.608746045509346",
"22","ENGAGE-NPi2020-300f","AIM/CGE V2.2","Final Energy|Electricity","EJ/yr","[object Object]",2100,37.7798,"1.608746045509346","1.303397456870074","2049","1156.3710320999999","243.22856430000013","-387.82802910000004","2055","2064","GW1","Carbon Capture and Storage","failed","high","medium","medium","high","high","ok","ok","ok","ok","ok","high","true","C1","C1: Below 1.5°C with no or limited overshoot","AIM/CGE 2.2","EN_NPi2020_300f","23.256664793104108","47.10106763560831","22.491159587698213","25.414979197038534","1156.3710320999999","1.303397456870074","1.608746045509346",
"25","ENGAGE-NPi2020-600","AIM/CGE V2.2","Final Energy|Electricity","EJ/yr","[object Object]",2010,10.913,"1.58686642737579","1.478589824902255","2048","992.6606307999999","568.0111522999996","-0.00045999999999999996","2055",,"GW1","Carbon Capture and Storage","failed","high","medium","medium","high","high","ok","ok","ok","ok","ok","medium","true","C1","C1: Below 1.5°C with no or limited overshoot","AIM/CGE 2.2","EN_NPi2020_600","23.72718149808867","42.94199880505589","26.365484677452102","27.11513594269185","992.6606307999999","1.478589824902255","1.58686642737579",
"25","ENGAGE-NPi2020-600","AIM/CGE V2.2","Final Energy|Electricity","EJ/yr","[object Object]",2015,10.6603,"1.58686642737579","1.478589824902255","2048","992.6606307999999","568.0111522999996","-0.00045999999999999996","2055",,"GW1","Carbon Capture and Storage","failed","high","medium","medium","high","high","ok","ok","ok","ok","ok","medium","true","C1","C1: Below 1.5°C with no or limited overshoot","AIM/CGE 2.2","EN_NPi2020_600","23.72718149808867","42.94199880505589","26.365484677452102","27.11513594269185","992.6606307999999","1.478589824902255","1.58686642737579",
"25","ENGAGE-NPi2020-600","AIM/CGE V2.2","Final Energy|Electricity","EJ/yr","[object Object]",2020,11.6626,"1.58686642737579","1.478589824902255","2048","992.6606307999999","568.0111522999996","-0.00045999999999999996","2055",,"GW1","Carbon Capture and Storage","failed","high","medium","medium","high","high","ok","ok","ok","ok","ok","medium","true","C1","C1: Below 1.5°C with no or limited overshoot","AIM/CGE 2.2","EN_NPi2020_600","23.72718149808867","42.94199880505589","26.365484677452102","27.11513594269185","992.6606307999999","1.478589824902255","1.58686642737579",
"25","ENGAGE-NPi2020-600","AIM/CGE V2.2","Final Energy|Electricity","EJ/yr","[object Object]",2025,12.5663,"1.58686642737579","1.478589824902255","2048","992.6606307999999","568.0111522999996","-0.00045999999999999996","2055",,"GW1","Carbon Capture and Storage","failed","high","medium","medium","high","high","ok","ok","ok","ok","ok","medium","true","C1","C1: Below 1.5°C with no or limited overshoot","AIM/CGE 2.2","EN_NPi2020_600","23.72718149808867","42.94199880505589","26.365484677452102","27.11513594269185","992.6606307999999","1.478589824902255","1.58686642737579",
"25","ENGAGE-NPi2020-600","AIM/CGE V2.2","Final Energy|Electricity","EJ/yr","[object Object]",2030,14.8579,"1.58686642737579","1.478589824902255","2048","992.6606307999999","568.0111522999996","-0.00045999999999999996","2055",,"GW1","Carbon Capture and Storage","failed","high","medium","medium","high","high","ok","ok","ok","ok","ok","medium","true","C1","C1: Below 1.5°C with no or limited overshoot","AIM/CGE 2.2","EN_NPi2020_600","23.72718149808867","42.94199880505589","26.365484677452102","27.11513594269185","992.6606307999999","1.478589824902255","1.58686642737579",
"25","ENGAGE-NPi2020-600","AIM/CGE V2.2","Final Energy|Electricity","EJ/yr","[object Object]",2035,17.5663,"1.58686642737579","1.478589824902255","2048","992.6606307999999","568.0111522999996","-0.00045999999999999996","2055",,"GW1","Carbon Capture and Storage","failed","high","medium","medium","high","high","ok","ok","ok","ok","ok","medium","true","C1","C1: Below 1.5°C with no or limited overshoot","AIM/CGE 2.2","EN_NPi2020_600","23.72718149808867","42.94199880505589","26.365484677452102","27.11513594269185","992.6606307999999","1.478589824902255","1.58686642737579",
"25","ENGAGE-NPi2020-600","AIM/CGE V2.2","Final Energy|Electricity","EJ/yr","[object Object]",2040,19.5209,"1.58686642737579","1.478589824902255","2048","992.6606307999999","568.0111522999996","-0.00045999999999999996","2055",,"GW1","Carbon Capture and Storage","failed","high","medium","medium","high","high","ok","ok","ok","ok","ok","medium","true","C1","C1: Below 1.5°C with no or limited overshoot","AIM/CGE 2.2","EN_NPi2020_600","23.72718149808867","42.94199880505589","26.365484677452102","27.11513594269185","992.6606307999999","1.478589824902255","1.58686642737579",
"25","ENGAGE-NPi2020-600","AIM/CGE V2.2","Final Energy|Electricity","EJ/yr","[object Object]",2045,21.2293,"1.58686642737579","1.478589824902255","2048","992.6606307999999","568.0111522999996","-0.00045999999999999996","2055",,"GW1","Carbon Capture and Storage","failed","high","medium","medium","high","high","ok","ok","ok","ok","ok","medium","true","C1","C1: Below 1.5°C with no or limited overshoot","AIM/CGE 2.2","EN_NPi2020_600","23.72718149808867","42.94199880505589","26.365484677452102","27.11513594269185","992.6606307999999","1.478589824902255","1.58686642737579",
"25","ENGAGE-NPi2020-600","AIM/CGE V2.2","Final Energy|Electricity","EJ/yr","[object Object]",2050,24.3748,"1.58686642737579","1.478589824902255","2048","992.6606307999999","568.0111522999996","-0.00045999999999999996","2055",,"GW1","Carbon Capture and Storage","failed","high","medium","medium","high","high","ok","ok","ok","ok","ok","medium","true","C1","C1: Below 1.5°C with no or limited overshoot","AIM/CGE 2.2","EN_NPi2020_600","23.72718149808867","42.94199880505589","26.365484677452102","27.11513594269185","992.6606307999999","1.478589824902255","1.58686642737579",
"25","ENGAGE-NPi2020-600","AIM/CGE V2.2","Final Energy|Electricity","EJ/yr","[object Object]",2055,25.7195,"1.58686642737579","1.478589824902255","2048","992.6606307999999","568.0111522999996","-0.00045999999999999996","2055",,"GW1","Carbon Capture and Storage","failed","high","medium","medium","high","high","ok","ok","ok","ok","ok","medium","true","C1","C1: Below 1.5°C with no or limited overshoot","AIM/CGE 2.2","EN_NPi2020_600","23.72718149808867","42.94199880505589","26.365484677452102","27.11513594269185","992.6606307999999","1.478589824902255","1.58686642737579",
"25","ENGAGE-NPi2020-600","AIM/CGE V2.2","Final Energy|Electricity","EJ/yr","[object Object]",2060,27.1841,"1.58686642737579","1.478589824902255","2048","992.6606307999999","568.0111522999996","-0.00045999999999999996","2055",,"GW1","Carbon Capture and Storage","failed","high","medium","medium","high","high","ok","ok","ok","ok","ok","medium","true","C1","C1: Below 1.5°C with no or limited overshoot","AIM/CGE 2.2","EN_NPi2020_600","23.72718149808867","42.94199880505589","26.365484677452102","27.11513594269185","992.6606307999999","1.478589824902255","1.58686642737579",
"25","ENGAGE-NPi2020-600","AIM/CGE V2.2","Final Energy|Electricity","EJ/yr","[object Object]",2065,28.4117,"1.58686642737579","1.478589824902255","2048","992.6606307999999","568.0111522999996","-0.00045999999999999996","2055",,"GW1","Carbon Capture and Storage","failed","high","medium","medium","high","high","ok","ok","ok","ok","ok","medium","true","C1","C1: Below 1.5°C with no or limited overshoot","AIM/CGE 2.2","EN_NPi2020_600","23.72718149808867","42.94199880505589","26.365484677452102","27.11513594269185","992.6606307999999","1.478589824902255","1.58686642737579",
"25","ENGAGE-NPi2020-600","AIM/CGE V2.2","Final Energy|Electricity","EJ/yr","[object Object]",2070,29.5701,"1.58686642737579","1.478589824902255","2048","992.6606307999999","568.0111522999996","-0.00045999999999999996","2055",,"GW1","Carbon Capture and Storage","failed","high","medium","medium","high","high","ok","ok","ok","ok","ok","medium","true","C1","C1: Below 1.5°C with no or limited overshoot","AIM/CGE 2.2","EN_NPi2020_600","23.72718149808867","42.94199880505589","26.365484677452102","27.11513594269185","992.6606307999999","1.478589824902255","1.58686642737579",
"25","ENGAGE-NPi2020-600","AIM/CGE V2.2","Final Energy|Electricity","EJ/yr","[object Object]",2075,30.44,"1.58686642737579","1.478589824902255","2048","992.6606307999999","568.0111522999996","-0.00045999999999999996","2055",,"GW1","Carbon Capture and Storage","failed","high","medium","medium","high","high","ok","ok","ok","ok","ok","medium","true","C1","C1: Below 1.5°C with no or limited overshoot","AIM/CGE 2.2","EN_NPi2020_600","23.72718149808867","42.94199880505589","26.365484677452102","27.11513594269185","992.6606307999999","1.478589824902255","1.58686642737579",
"25","ENGAGE-NPi2020-600","AIM/CGE V2.2","Final Energy|Electricity","EJ/yr","[object Object]",2080,31.1813,"1.58686642737579","1.478589824902255","2048","992.6606307999999","568.0111522999996","-0.00045999999999999996","2055",,"GW1","Carbon Capture and Storage","failed","high","medium","medium","high","high","ok","ok","ok","ok","ok","medium","true","C1","C1: Below 1.5°C with no or limited overshoot","AIM/CGE 2.2","EN_NPi2020_600","23.72718149808867","42.94199880505589","26.365484677452102","27.11513594269185","992.6606307999999","1.478589824902255","1.58686642737579",
"25","ENGAGE-NPi2020-600","AIM/CGE V2.2","Final Energy|Electricity","EJ/yr","[object Object]",2085,31.8122,"1.58686642737579","1.478589824902255","2048","992.6606307999999","568.0111522999996","-0.00045999999999999996","2055",,"GW1","Carbon Capture and Storage","failed","high","medium","medium","high","high","ok","ok","ok","ok","ok","medium","true","C1","C1: Below 1.5°C with no or limited overshoot","AIM/CGE 2.2","EN_NPi2020_600","23.72718149808867","42.94199880505589","26.365484677452102","27.11513594269185","992.6606307999999","1.478589824902255","1.58686642737579",
"25","ENGAGE-NPi2020-600","AIM/CGE V2.2","Final Energy|Electricity","EJ/yr","[object Object]",2090,32.3794,"1.58686642737579","1.478589824902255","2048","992.6606307999999","568.0111522999996","-0.00045999999999999996","2055",,"GW1","Carbon Capture and Storage","failed","high","medium","medium","high","high","ok","ok","ok","ok","ok","medium","true","C1","C1: Below 1.5°C with no or limited overshoot","AIM/CGE 2.2","EN_NPi2020_600","23.72718149808867","42.94199880505589","26.365484677452102","27.11513594269185","992.6606307999999","1.478589824902255","1.58686642737579",
"25","ENGAGE-NPi2020-600","AIM/CGE V2.2","Final Energy|Electricity","EJ/yr","[object Object]",2095,32.8462,"1.58686642737579","1.478589824902255","2048","992.6606307999999","568.0111522999996","-0.00045999999999999996","2055",,"GW1","Carbon Capture and Storage","failed","high","medium","medium","high","high","ok","ok","ok","ok","ok","medium","true","C1","C1: Below 1.5°C with no or limited overshoot","AIM/CGE 2.2","EN_NPi2020_600","23.72718149808867","42.94199880505589","26.365484677452102","27.11513594269185","992.6606307999999","1.478589824902255","1.58686642737579",
"25","ENGAGE-NPi2020-600","AIM/CGE V2.2","Final Energy|Electricity","EJ/yr","[object Object]",2100,33.474,"1.58686642737579","1.478589824902255","2048","992.6606307999999","568.0111522999996","-0.00045999999999999996","2055",,"GW1","Carbon Capture and Storage","failed","high","medium","medium","high","high","ok","ok","ok","ok","ok","medium","true","C1","C1: Below 1.5°C with no or limited overshoot","AIM/CGE 2.2","EN_NPi2020_600","23.72718149808867","42.94199880505589","26.365484677452102","27.11513594269185","992.6606307999999","1.478589824902255","1.58686642737579",
"86","ENGAGE-NPi2020-400","COFFEE 1.1","Final Energy|Electricity","EJ/yr","[object Object]",2010,11.581816752,"1.608310006807809","1.487108912408552","2048","736.6176995420001","379.65804626499994",,,,"GW1","Carbon Dioxide Removal","failed","high","medium","ok","high","high","high","medium","ok","ok",,"high","true","C1","C1: Below 1.5°C with no or limited overshoot","COFFEE 1.1","EN_NPi2020_400","53.29118084759603","34.00598968791042","6.69444205256615","2.3389597597923597","736.6176995420001","1.487108912408552","1.608310006807809",
"86","ENGAGE-NPi2020-400","COFFEE 1.1","Final Energy|Electricity","EJ/yr","[object Object]",2015,11.1041977248,"1.608310006807809","1.487108912408552","2048","736.6176995420001","379.65804626499994",,,,"GW1","Carbon Dioxide Removal","failed","high","medium","ok","high","high","high","medium","ok","ok",,"high","true","C1","C1: Below 1.5°C with no or limited overshoot","COFFEE 1.1","EN_NPi2020_400","53.29118084759603","34.00598968791042","6.69444205256615","2.3389597597923597","736.6176995420001","1.487108912408552","1.608310006807809",
"86","ENGAGE-NPi2020-400","COFFEE 1.1","Final Energy|Electricity","EJ/yr","[object Object]",2020,11.9692175904,"1.608310006807809","1.487108912408552","2048","736.6176995420001","379.65804626499994",,,,"GW1","Carbon Dioxide Removal","failed","high","medium","ok","high","high","high","medium","ok","ok",,"high","true","C1","C1: Below 1.5°C with no or limited overshoot","COFFEE 1.1","EN_NPi2020_400","53.29118084759603","34.00598968791042","6.69444205256615","2.3389597597923597","736.6176995420001","1.487108912408552","1.608310006807809",
"86","ENGAGE-NPi2020-400","COFFEE 1.1","Final Energy|Electricity","EJ/yr","[object Object]",2025,21.4715315808,"1.608310006807809","1.487108912408552","2048","736.6176995420001","379.65804626499994",,,,"GW1","Carbon Dioxide Removal","failed","high","medium","ok","high","high","high","medium","ok","ok",,"high","true","C1","C1: Below 1.5°C with no or limited overshoot","COFFEE 1.1","EN_NPi2020_400","53.29118084759603","34.00598968791042","6.69444205256615","2.3389597597923597","736.6176995420001","1.487108912408552","1.608310006807809",
"86","ENGAGE-NPi2020-400","COFFEE 1.1","Final Energy|Electricity","EJ/yr","[object Object]",2030,26.9076441888,"1.608310006807809","1.487108912408552","2048","736.6176995420001","379.65804626499994",,,,"GW1","Carbon Dioxide Removal","failed","high","medium","ok","high","high","high","medium","ok","ok",,"high","true","C1","C1: Below 1.5°C with no or limited overshoot","COFFEE 1.1","EN_NPi2020_400","53.29118084759603","34.00598968791042","6.69444205256615","2.3389597597923597","736.6176995420001","1.487108912408552","1.608310006807809",
"86","ENGAGE-NPi2020-400","COFFEE 1.1","Final Energy|Electricity","EJ/yr","[object Object]",2035,33.507504575999995,"1.608310006807809","1.487108912408552","2048","736.6176995420001","379.65804626499994",,,,"GW1","Carbon Dioxide Removal","failed","high","medium","ok","high","high","high","medium","ok","ok",,"high","true","C1","C1: Below 1.5°C with no or limited overshoot","COFFEE 1.1","EN_NPi2020_400","53.29118084759603","34.00598968791042","6.69444205256615","2.3389597597923597","736.6176995420001","1.487108912408552","1.608310006807809",
"86","ENGAGE-NPi2020-400","COFFEE 1.1","Final Energy|Electricity","EJ/yr","[object Object]",2040,43.749829728,"1.608310006807809","1.487108912408552","2048","736.6176995420001","379.65804626499994",,,,"GW1","Carbon Dioxide Removal","failed","high","medium","ok","high","high","high","medium","ok","ok",,"high","true","C1","C1: Below 1.5°C with no or limited overshoot","COFFEE 1.1","EN_NPi2020_400","53.29118084759603","34.00598968791042","6.69444205256615","2.3389597597923597","736.6176995420001","1.487108912408552","1.608310006807809",
"86","ENGAGE-NPi2020-400","COFFEE 1.1","Final Energy|Electricity","EJ/yr","[object Object]",2045,46.406043936,"1.608310006807809","1.487108912408552","2048","736.6176995420001","379.65804626499994",,,,"GW1","Carbon Dioxide Removal","failed","high","medium","ok","high","high","high","medium","ok","ok",,"high","true","C1","C1: Below 1.5°C with no or limited overshoot","COFFEE 1.1","EN_NPi2020_400","53.29118084759603","34.00598968791042","6.69444205256615","2.3389597597923597","736.6176995420001","1.487108912408552","1.608310006807809",
"86","ENGAGE-NPi2020-400","COFFEE 1.1","Final Energy|Electricity","EJ/yr","[object Object]",2050,48.728134224,"1.608310006807809","1.487108912408552","2048","736.6176995420001","379.65804626499994",,,,"GW1","Carbon Dioxide Removal","failed","high","medium","ok","high","high","high","medium","ok","ok",,"high","true","C1","C1: Below 1.5°C with no or limited overshoot","COFFEE 1.1","EN_NPi2020_400","53.29118084759603","34.00598968791042","6.69444205256615","2.3389597597923597","736.6176995420001","1.487108912408552","1.608310006807809",
"86","ENGAGE-NPi2020-400","COFFEE 1.1","Final Energy|Electricity","EJ/yr","[object Object]",2060,50.380084512,"1.608310006807809","1.487108912408552","2048","736.6176995420001","379.65804626499994",,,,"GW1","Carbon Dioxide Removal","failed","high","medium","ok","high","high","high","medium","ok","ok",,"high","true","C1","C1: Below 1.5°C with no or limited overshoot","COFFEE 1.1","EN_NPi2020_400","53.29118084759603","34.00598968791042","6.69444205256615","2.3389597597923597","736.6176995420001","1.487108912408552","1.608310006807809",
"86","ENGAGE-NPi2020-400","COFFEE 1.1","Final Energy|Electricity","EJ/yr","[object Object]",2070,55.31382864,"1.608310006807809","1.487108912408552","2048","736.6176995420001","379.65804626499994",,,,"GW1","Carbon Dioxide Removal","failed","high","medium","ok","high","high","high","medium","ok","ok",,"high","true","C1","C1: Below 1.5°C with no or limited overshoot","COFFEE 1.1","EN_NPi2020_400","53.29118084759603","34.00598968791042","6.69444205256615","2.3389597597923597","736.6176995420001","1.487108912408552","1.608310006807809",
"86","ENGAGE-NPi2020-400","COFFEE 1.1","Final Energy|Electricity","EJ/yr","[object Object]",2080,55.32168110399999,"1.608310006807809","1.487108912408552","2048","736.6176995420001","379.65804626499994",,,,"GW1","Carbon Dioxide Removal","failed","high","medium","ok","high","high","high","medium","ok","ok",,"high","true","C1","C1: Below 1.5°C with no or limited overshoot","COFFEE 1.1","EN_NPi2020_400","53.29118084759603","34.00598968791042","6.69444205256615","2.3389597597923597","736.6176995420001","1.487108912408552","1.608310006807809",
"86","ENGAGE-NPi2020-400","COFFEE 1.1","Final Energy|Electricity","EJ/yr","[object Object]",2090,53.90268724799999,"1.608310006807809","1.487108912408552","2048","736.6176995420001","379.65804626499994",,,,"GW1","Carbon Dioxide Removal","failed","high","medium","ok","high","high","high","medium","ok","ok",,"high","true","C1","C1: Below 1.5°C with no or limited overshoot","COFFEE 1.1","EN_NPi2020_400","53.29118084759603","34.00598968791042","6.69444205256615","2.3389597597923597","736.6176995420001","1.487108912408552","1.608310006807809",
"86","ENGAGE-NPi2020-400","COFFEE 1.1","Final Energy|Electricity","EJ/yr","[object Object]",2100,57.069532368,"1.608310006807809","1.487108912408552","2048","736.6176995420001","379.65804626499994",,,,"GW1","Carbon Dioxide Removal","failed","high","medium","ok","high","high","high","medium","ok","ok",,"high","true","C1","C1: Below 1.5°C with no or limited overshoot","COFFEE 1.1","EN_NPi2020_400","53.29118084759603","34.00598968791042","6.69444205256615","2.3389597597923597","736.6176995420001","1.487108912408552","1.608310006807809",
"135","ENGAGE-NPi2020-500","GEM-E3 V2021","Final Energy|Electricity","EJ/yr","[object Object]",2015,14.0795533523795,"1.579595339355501","1.438249664270632","2037","573.5525034609609","458.72956456033046","-0.3127888186917762","2045",,"GW1",,"failed","medium","medium","ok","high","high","high","ok","ok","ok",,"high","true","C1","C1: Below 1.5°C with no or limited overshoot","GEM-E3_V2021","EN_NPi2020_500","37.491930226466046","20.372836308917723","34.978346810711464",,"573.5525034609609","1.438249664270632","1.579595339355501",
"135","ENGAGE-NPi2020-500","GEM-E3 V2021","Final Energy|Electricity","EJ/yr","[object Object]",2020,14.749356688853874,"1.579595339355501","1.438249664270632","2037","573.5525034609609","458.72956456033046","-0.3127888186917762","2045",,"GW1",,"failed","medium","medium","ok","high","high","high","ok","ok","ok",,"high","true","C1","C1: Below 1.5°C with no or limited overshoot","GEM-E3_V2021","EN_NPi2020_500","37.491930226466046","20.372836308917723","34.978346810711464",,"573.5525034609609","1.438249664270632","1.579595339355501",
"135","ENGAGE-NPi2020-500","GEM-E3 V2021","Final Energy|Electricity","EJ/yr","[object Object]",2025,15.612696473125691,"1.579595339355501","1.438249664270632","2037","573.5525034609609","458.72956456033046","-0.3127888186917762","2045",,"GW1",,"failed","medium","medium","ok","high","high","high","ok","ok","ok",,"high","true","C1","C1: Below 1.5°C with no or limited overshoot","GEM-E3_V2021","EN_NPi2020_500","37.491930226466046","20.372836308917723","34.978346810711464",,"573.5525034609609","1.438249664270632","1.579595339355501",
"135","ENGAGE-NPi2020-500","GEM-E3 V2021","Final Energy|Electricity","EJ/yr","[object Object]",2030,19.09323415200221,"1.579595339355501","1.438249664270632","2037","573.5525034609609","458.72956456033046","-0.3127888186917762","2045",,"GW1",,"failed","medium","medium","ok","high","high","high","ok","ok","ok",,"high","true","C1","C1: Below 1.5°C with no or limited overshoot","GEM-E3_V2021","EN_NPi2020_500","37.491930226466046","20.372836308917723","34.978346810711464",,"573.5525034609609","1.438249664270632","1.579595339355501",
"135","ENGAGE-NPi2020-500","GEM-E3 V2021","Final Energy|Electricity","EJ/yr","[object Object]",2035,20.970913330404723,"1.579595339355501","1.438249664270632","2037","573.5525034609609","458.72956456033046","-0.3127888186917762","2045",,"GW1",,"failed","medium","medium","ok","high","high","high","ok","ok","ok",,"high","true","C1","C1: Below 1.5°C with no or limited overshoot","GEM-E3_V2021","EN_NPi2020_500","37.491930226466046","20.372836308917723","34.978346810711464",,"573.5525034609609","1.438249664270632","1.579595339355501",
"135","ENGAGE-NPi2020-500","GEM-E3 V2021","Final Energy|Electricity","EJ/yr","[object Object]",2040,21.372560119221543,"1.579595339355501","1.438249664270632","2037","573.5525034609609","458.72956456033046","-0.3127888186917762","2045",,"GW1",,"failed","medium","medium","ok","high","high","high","ok","ok","ok",,"high","true","C1","C1: Below 1.5°C with no or limited overshoot","GEM-E3_V2021","EN_NPi2020_500","37.491930226466046","20.372836308917723","34.978346810711464",,"573.5525034609609","1.438249664270632","1.579595339355501",
"135","ENGAGE-NPi2020-500","GEM-E3 V2021","Final Energy|Electricity","EJ/yr","[object Object]",2045,21.62271044036141,"1.579595339355501","1.438249664270632","2037","573.5525034609609","458.72956456033046","-0.3127888186917762","2045",,"GW1",,"failed","medium","medium","ok","high","high","high","ok","ok","ok",,"high","true","C1","C1: Below 1.5°C with no or limited overshoot","GEM-E3_V2021","EN_NPi2020_500","37.491930226466046","20.372836308917723","34.978346810711464",,"573.5525034609609","1.438249664270632","1.579595339355501",
"135","ENGAGE-NPi2020-500","GEM-E3 V2021","Final Energy|Electricity","EJ/yr","[object Object]",2050,22.58143456772249,"1.579595339355501","1.438249664270632","2037","573.5525034609609","458.72956456033046","-0.3127888186917762","2045",,"GW1",,"failed","medium","medium","ok","high","high","high","ok","ok","ok",,"high","true","C1","C1: Below 1.5°C with no or limited overshoot","GEM-E3_V2021","EN_NPi2020_500","37.491930226466046","20.372836308917723","34.978346810711464",,"573.5525034609609","1.438249664270632","1.579595339355501",
"135","ENGAGE-NPi2020-500","GEM-E3 V2021","Final Energy|Electricity","EJ/yr","[object Object]",2055,23.584772803856524,"1.579595339355501","1.438249664270632","2037","573.5525034609609","458.72956456033046","-0.3127888186917762","2045",,"GW1",,"failed","medium","medium","ok","high","high","high","ok","ok","ok",,"high","true","C1","C1: Below 1.5°C with no or limited overshoot","GEM-E3_V2021","EN_NPi2020_500","37.491930226466046","20.372836308917723","34.978346810711464",,"573.5525034609609","1.438249664270632","1.579595339355501",
"135","ENGAGE-NPi2020-500","GEM-E3 V2021","Final Energy|Electricity","EJ/yr","[object Object]",2060,24.50190121766844,"1.579595339355501","1.438249664270632","2037","573.5525034609609","458.72956456033046","-0.3127888186917762","2045",,"GW1",,"failed","medium","medium","ok","high","high","high","ok","ok","ok",,"high","true","C1","C1: Below 1.5°C with no or limited overshoot","GEM-E3_V2021","EN_NPi2020_500","37.491930226466046","20.372836308917723","34.978346810711464",,"573.5525034609609","1.438249664270632","1.579595339355501",
"135","ENGAGE-NPi2020-500","GEM-E3 V2021","Final Energy|Electricity","EJ/yr","[object Object]",2065,25.43694127161048,"1.579595339355501","1.438249664270632","2037","573.5525034609609","458.72956456033046","-0.3127888186917762","2045",,"GW1",,"failed","medium","medium","ok","high","high","high","ok","ok","ok",,"high","true","C1","C1: Below 1.5°C with no or limited overshoot","GEM-E3_V2021","EN_NPi2020_500","37.491930226466046","20.372836308917723","34.978346810711464",,"573.5525034609609","1.438249664270632","1.579595339355501",
"135","ENGAGE-NPi2020-500","GEM-E3 V2021","Final Energy|Electricity","EJ/yr","[object Object]",2070,26.46792574259636,"1.579595339355501","1.438249664270632","2037","573.5525034609609","458.72956456033046","-0.3127888186917762","2045",,"GW1",,"failed","medium","medium","ok","high","high","high","ok","ok","ok",,"high","true","C1","C1: Below 1.5°C with no or limited overshoot","GEM-E3_V2021","EN_NPi2020_500","37.491930226466046","20.372836308917723","34.978346810711464",,"573.5525034609609","1.438249664270632","1.579595339355501",
"135","ENGAGE-NPi2020-500","GEM-E3 V2021","Final Energy|Electricity","EJ/yr","[object Object]",2075,27.32473141080387,"1.579595339355501","1.438249664270632","2037","573.5525034609609","458.72956456033046","-0.3127888186917762","2045",,"GW1",,"failed","medium","medium","ok","high","high","high","ok","ok","ok",,"high","true","C1","C1: Below 1.5°C with no or limited overshoot","GEM-E3_V2021","EN_NPi2020_500","37.491930226466046","20.372836308917723","34.978346810711464",,"573.5525034609609","1.438249664270632","1.579595339355501",
"135","ENGAGE-NPi2020-500","GEM-E3 V2021","Final Energy|Electricity","EJ/yr","[object Object]",2080,28.23299533687627,"1.579595339355501","1.438249664270632","2037","573.5525034609609","458.72956456033046","-0.3127888186917762","2045",,"GW1",,"failed","medium","medium","ok","high","high","high","ok","ok","ok",,"high","true","C1","C1: Below 1.5°C with no or limited overshoot","GEM-E3_V2021","EN_NPi2020_500","37.491930226466046","20.372836308917723","34.978346810711464",,"573.5525034609609","1.438249664270632","1.579595339355501",
"135","ENGAGE-NPi2020-500","GEM-E3 V2021","Final Energy|Electricity","EJ/yr","[object Object]",2085,29.016115273249632,"1.579595339355501","1.438249664270632","2037","573.5525034609609","458.72956456033046","-0.3127888186917762","2045",,"GW1",,"failed","medium","medium","ok","high","high","high","ok","ok","ok",,"high","true","C1","C1: Below 1.5°C with no or limited overshoot","GEM-E3_V2021","EN_NPi2020_500","37.491930226466046","20.372836308917723","34.978346810711464",,"573.5525034609609","1.438249664270632","1.579595339355501",
"135","ENGAGE-NPi2020-500","GEM-E3 V2021","Final Energy|Electricity","EJ/yr","[object Object]",2090,29.9105714137342,"1.579595339355501","1.438249664270632","2037","573.5525034609609","458.72956456033046","-0.3127888186917762","2045",,"GW1",,"failed","medium","medium","ok","high","high","high","ok","ok","ok",,"high","true","C1","C1: Below 1.5°C with no or limited overshoot","GEM-E3_V2021","EN_NPi2020_500","37.491930226466046","20.372836308917723","34.978346810711464",,"573.5525034609609","1.438249664270632","1.579595339355501",
"135","ENGAGE-NPi2020-500","GEM-E3 V2021","Final Energy|Electricity","EJ/yr","[object Object]",2095,30.86368854060292,"1.579595339355501","1.438249664270632","2037","573.5525034609609","458.72956456033046","-0.3127888186917762","2045",,"GW1",,"failed","medium","medium","ok","high","high","high","ok","ok","ok",,"high","true","C1","C1: Below 1.5°C with no or limited overshoot","GEM-E3_V2021","EN_NPi2020_500","37.491930226466046","20.372836308917723","34.978346810711464",,"573.5525034609609","1.438249664270632","1.579595339355501",
"135","ENGAGE-NPi2020-500","GEM-E3 V2021","Final Energy|Electricity","EJ/yr","[object Object]",2100,31.86372752479234,"1.579595339355501","1.438249664270632","2037","573.5525034609609","458.72956456033046","-0.3127888186917762","2045",,"GW1",,"failed","medium","medium","ok","high","high","high","ok","ok","ok",,"high","true","C1","C1: Below 1.5°C with no or limited overshoot","GEM-E3_V2021","EN_NPi2020_500","37.491930226466046","20.372836308917723","34.978346810711464",,"573.5525034609609","1.438249664270632","1.579595339355501",
"137","ENGAGE-NPi2020-600","GEM-E3 V2021","Final Energy|Electricity","EJ/yr","[object Object]",2015,14.0795533523795,"1.620863753313221","1.477816998316081","2039","618.9945980377458","560.0781487676965","-0.008634392413453859","2055",,"GW1",,"failed","medium","medium","ok","medium","high","high","ok","ok","ok",,"high","true","C2","C2: Below 1.5°C with high OS","GEM-E3_V2021","EN_NPi2020_600","37.42090571884162","21.251429759661892","34.14946894730716",,"618.9945980377458","1.477816998316081","1.620863753313221",
"137","ENGAGE-NPi2020-600","GEM-E3 V2021","Final Energy|Electricity","EJ/yr","[object Object]",2020,14.749356688853874,"1.620863753313221","1.477816998316081","2039","618.9945980377458","560.0781487676965","-0.008634392413453859","2055",,"GW1",,"failed","medium","medium","ok","medium","high","high","ok","ok","ok",,"high","true","C2","C2: Below 1.5°C with high OS","GEM-E3_V2021","EN_NPi2020_600","37.42090571884162","21.251429759661892","34.14946894730716",,"618.9945980377458","1.477816998316081","1.620863753313221",
"137","ENGAGE-NPi2020-600","GEM-E3 V2021","Final Energy|Electricity","EJ/yr","[object Object]",2025,15.426927217789654,"1.620863753313221","1.477816998316081","2039","618.9945980377458","560.0781487676965","-0.008634392413453859","2055",,"GW1",,"failed","medium","medium","ok","medium","high","high","ok","ok","ok",,"high","true","C2","C2: Below 1.5°C with high OS","GEM-E3_V2021","EN_NPi2020_600","37.42090571884162","21.251429759661892","34.14946894730716",,"618.9945980377458","1.477816998316081","1.620863753313221",
"137","ENGAGE-NPi2020-600","GEM-E3 V2021","Final Energy|Electricity","EJ/yr","[object Object]",2030,18.327789184756423,"1.620863753313221","1.477816998316081","2039","618.9945980377458","560.0781487676965","-0.008634392413453859","2055",,"GW1",,"failed","medium","medium","ok","medium","high","high","ok","ok","ok",,"high","true","C2","C2: Below 1.5°C with high OS","GEM-E3_V2021","EN_NPi2020_600","37.42090571884162","21.251429759661892","34.14946894730716",,"618.9945980377458","1.477816998316081","1.620863753313221",
"137","ENGAGE-NPi2020-600","GEM-E3 V2021","Final Energy|Electricity","EJ/yr","[object Object]",2035,20.705427915409462,"1.620863753313221","1.477816998316081","2039","618.9945980377458","560.0781487676965","-0.008634392413453859","2055",,"GW1",,"failed","medium","medium","ok","medium","high","high","ok","ok","ok",,"high","true","C2","C2: Below 1.5°C with high OS","GEM-E3_V2021","EN_NPi2020_600","37.42090571884162","21.251429759661892","34.14946894730716",,"618.9945980377458","1.477816998316081","1.620863753313221",
"137","ENGAGE-NPi2020-600","GEM-E3 V2021","Final Energy|Electricity","EJ/yr","[object Object]",2040,21.483149096586907,"1.620863753313221","1.477816998316081","2039","618.9945980377458","560.0781487676965","-0.008634392413453859","2055",,"GW1",,"failed","medium","medium","ok","medium","high","high","ok","ok","ok",,"high","true","C2","C2: Below 1.5°C with high OS","GEM-E3_V2021","EN_NPi2020_600","37.42090571884162","21.251429759661892","34.14946894730716",,"618.9945980377458","1.477816998316081","1.620863753313221",
"137","ENGAGE-NPi2020-600","GEM-E3 V2021","Final Energy|Electricity","EJ/yr","[object Object]",2045,21.98318236035315,"1.620863753313221","1.477816998316081","2039","618.9945980377458","560.0781487676965","-0.008634392413453859","2055",,"GW1",,"failed","medium","medium","ok","medium","high","high","ok","ok","ok",,"high","true","C2","C2: Below 1.5°C with high OS","GEM-E3_V2021","EN_NPi2020_600","37.42090571884162","21.251429759661892","34.14946894730716",,"618.9945980377458","1.477816998316081","1.620863753313221",
"137","ENGAGE-NPi2020-600","GEM-E3 V2021","Final Energy|Electricity","EJ/yr","[object Object]",2050,22.529424625447945,"1.620863753313221","1.477816998316081","2039","618.9945980377458","560.0781487676965","-0.008634392413453859","2055",,"GW1",,"failed","medium","medium","ok","medium","high","high","ok","ok","ok",,"high","true","C2","C2: Below 1.5°C with high OS","GEM-E3_V2021","EN_NPi2020_600","37.42090571884162","21.251429759661892","34.14946894730716",,"618.9945980377458","1.477816998316081","1.620863753313221",
"137","ENGAGE-NPi2020-600","GEM-E3 V2021","Final Energy|Electricity","EJ/yr","[object Object]",2055,23.49976171274465,"1.620863753313221","1.477816998316081","2039","618.9945980377458","560.0781487676965","-0.008634392413453859","2055",,"GW1",,"failed","medium","medium","ok","medium","high","high","ok","ok","ok",,"high","true","C2","C2: Below 1.5°C with high OS","GEM-E3_V2021","EN_NPi2020_600","37.42090571884162","21.251429759661892","34.14946894730716",,"618.9945980377458","1.477816998316081","1.620863753313221",
"137","ENGAGE-NPi2020-600","GEM-E3 V2021","Final Energy|Electricity","EJ/yr","[object Object]",2060,24.497031914961926,"1.620863753313221","1.477816998316081","2039","618.9945980377458","560.0781487676965","-0.008634392413453859","2055",,"GW1",,"failed","medium","medium","ok","medium","high","high","ok","ok","ok",,"high","true","C2","C2: Below 1.5°C with high OS","GEM-E3_V2021","EN_NPi2020_600","37.42090571884162","21.251429759661892","34.14946894730716",,"618.9945980377458","1.477816998316081","1.620863753313221",
"137","ENGAGE-NPi2020-600","GEM-E3 V2021","Final Energy|Electricity","EJ/yr","[object Object]",2065,25.428691480119333,"1.620863753313221","1.477816998316081","2039","618.9945980377458","560.0781487676965","-0.008634392413453859","2055",,"GW1",,"failed","medium","medium","ok","medium","high","high","ok","ok","ok",,"high","true","C2","C2: Below 1.5°C with high OS","GEM-E3_V2021","EN_NPi2020_600","37.42090571884162","21.251429759661892","34.14946894730716",,"618.9945980377458","1.477816998316081","1.620863753313221",
"137","ENGAGE-NPi2020-600","GEM-E3 V2021","Final Energy|Electricity","EJ/yr","[object Object]",2070,26.38717814161887,"1.620863753313221","1.477816998316081","2039","618.9945980377458","560.0781487676965","-0.008634392413453859","2055",,"GW1",,"failed","medium","medium","ok","medium","high","high","ok","ok","ok",,"high","true","C2","C2: Below 1.5°C with high OS","GEM-E3_V2021","EN_NPi2020_600","37.42090571884162","21.251429759661892","34.14946894730716",,"618.9945980377458","1.477816998316081","1.620863753313221",
"137","ENGAGE-NPi2020-600","GEM-E3 V2021","Final Energy|Electricity","EJ/yr","[object Object]",2075,27.31178046260501,"1.620863753313221","1.477816998316081","2039","618.9945980377458","560.0781487676965","-0.008634392413453859","2055",,"GW1",,"failed","medium","medium","ok","medium","high","high","ok","ok","ok",,"high","true","C2","C2: Below 1.5°C with high OS","GEM-E3_V2021","EN_NPi2020_600","37.42090571884162","21.251429759661892","34.14946894730716",,"618.9945980377458","1.477816998316081","1.620863753313221",
"137","ENGAGE-NPi2020-600","GEM-E3 V2021","Final Energy|Electricity","EJ/yr","[object Object]",2080,28.15410694530017,"1.620863753313221","1.477816998316081","2039","618.9945980377458","560.0781487676965","-0.008634392413453859","2055",,"GW1",,"failed","medium","medium","ok","medium","high","high","ok","ok","ok",,"high","true","C2","C2: Below 1.5°C with high OS","GEM-E3_V2021","EN_NPi2020_600","37.42090571884162","21.251429759661892","34.14946894730716",,"618.9945980377458","1.477816998316081","1.620863753313221",
"137","ENGAGE-NPi2020-600","GEM-E3 V2021","Final Energy|Electricity","EJ/yr","[object Object]",2085,28.96982396614723,"1.620863753313221","1.477816998316081","2039","618.9945980377458","560.0781487676965","-0.008634392413453859","2055",,"GW1",,"failed","medium","medium","ok","medium","high","high","ok","ok","ok",,"high","true","C2","C2: Below 1.5°C with high OS","GEM-E3_V2021","EN_NPi2020_600","37.42090571884162","21.251429759661892","34.14946894730716",,"618.9945980377458","1.477816998316081","1.620863753313221",
"137","ENGAGE-NPi2020-600","GEM-E3 V2021","Final Energy|Electricity","EJ/yr","[object Object]",2090,29.851463576778627,"1.620863753313221","1.477816998316081","2039","618.9945980377458","560.0781487676965","-0.008634392413453859","2055",,"GW1",,"failed","medium","medium","ok","medium","high","high","ok","ok","ok",,"high","true","C2","C2: Below 1.5°C with high OS","GEM-E3_V2021","EN_NPi2020_600","37.42090571884162","21.251429759661892","34.14946894730716",,"618.9945980377458","1.477816998316081","1.620863753313221",
"137","ENGAGE-NPi2020-600","GEM-E3 V2021","Final Energy|Electricity","EJ/yr","[object Object]",2095,30.817013728501028,"1.620863753313221","1.477816998316081","2039","618.9945980377458","560.0781487676965","-0.008634392413453859","2055",,"GW1",,"failed","medium","medium","ok","medium","high","high","ok","ok","ok",,"high","true","C2","C2: Below 1.5°C with high OS","GEM-E3_V2021","EN_NPi2020_600","37.42090571884162","21.251429759661892","34.14946894730716",,"618.9945980377458","1.477816998316081","1.620863753313221",
"137","ENGAGE-NPi2020-600","GEM-E3 V2021","Final Energy|Electricity","EJ/yr","[object Object]",2100,31.734662120543373,"1.620863753313221","1.477816998316081","2039","618.9945980377458","560.0781487676965","-0.008634392413453859","2055",,"GW1",,"failed","medium","medium","ok","medium","high","high","ok","ok","ok",,"high","true","C2","C2: Below 1.5°C with high OS","GEM-E3_V2021","EN_NPi2020_600","37.42090571884162","21.251429759661892","34.14946894730716",,"618.9945980377458","1.477816998316081","1.620863753313221",
"138","ENGAGE-NPi2020-600-COV","GEM-E3 V2021","Final Energy|Electricity","EJ/yr","[object Object]",2015,14.0795533523795,"1.604744759958369","1.439240788014465","2039","536.111600995384","561.4591977741031","-0.00004515269285875546","2065",,"GW1",,"failed","medium","medium","ok","medium","high","medium","ok","ok","ok",,"high","true","C1","C1: Below 1.5°C with no or limited overshoot","GEM-E3_V2021","EN_NPi2020_600_COV","36.76976290244","21.189809749244986","34.677084787174486",,"536.111600995384","1.439240788014465","1.604744759958369",
"138","ENGAGE-NPi2020-600-COV","GEM-E3 V2021","Final Energy|Electricity","EJ/yr","[object Object]",2020,13.470175665960715,"1.604744759958369","1.439240788014465","2039","536.111600995384","561.4591977741031","-0.00004515269285875546","2065",,"GW1",,"failed","medium","medium","ok","medium","high","medium","ok","ok","ok",,"high","true","C1","C1: Below 1.5°C with no or limited overshoot","GEM-E3_V2021","EN_NPi2020_600_COV","36.76976290244","21.189809749244986","34.677084787174486",,"536.111600995384","1.439240788014465","1.604744759958369",
"138","ENGAGE-NPi2020-600-COV","GEM-E3 V2021","Final Energy|Electricity","EJ/yr","[object Object]",2025,14.811312808425676,"1.604744759958369","1.439240788014465","2039","536.111600995384","561.4591977741031","-0.00004515269285875546","2065",,"GW1",,"failed","medium","medium","ok","medium","high","medium","ok","ok","ok",,"high","true","C1","C1: Below 1.5°C with no or limited overshoot","GEM-E3_V2021","EN_NPi2020_600_COV","36.76976290244","21.189809749244986","34.677084787174486",,"536.111600995384","1.439240788014465","1.604744759958369",
"138","ENGAGE-NPi2020-600-COV","GEM-E3 V2021","Final Energy|Electricity","EJ/yr","[object Object]",2030,17.45953144471659,"1.604744759958369","1.439240788014465","2039","536.111600995384","561.4591977741031","-0.00004515269285875546","2065",,"GW1",,"failed","medium","medium","ok","medium","high","medium","ok","ok","ok",,"high","true","C1","C1: Below 1.5°C with no or limited overshoot","GEM-E3_V2021","EN_NPi2020_600_COV","36.76976290244","21.189809749244986","34.677084787174486",,"536.111600995384","1.439240788014465","1.604744759958369",
"138","ENGAGE-NPi2020-600-COV","GEM-E3 V2021","Final Energy|Electricity","EJ/yr","[object Object]",2035,19.22815229030972,"1.604744759958369","1.439240788014465","2039","536.111600995384","561.4591977741031","-0.00004515269285875546","2065",,"GW1",,"failed","medium","medium","ok","medium","high","medium","ok","ok","ok",,"high","true","C1","C1: Below 1.5°C with no or limited overshoot","GEM-E3_V2021","EN_NPi2020_600_COV","36.76976290244","21.189809749244986","34.677084787174486",,"536.111600995384","1.439240788014465","1.604744759958369",
"138","ENGAGE-NPi2020-600-COV","GEM-E3 V2021","Final Energy|Electricity","EJ/yr","[object Object]",2040,20.636620860364285,"1.604744759958369","1.439240788014465","2039","536.111600995384","561.4591977741031","-0.00004515269285875546","2065",,"GW1",,"failed","medium","medium","ok","medium","high","medium","ok","ok","ok",,"high","true","C1","C1: Below 1.5°C with no or limited overshoot","GEM-E3_V2021","EN_NPi2020_600_COV","36.76976290244","21.189809749244986","34.677084787174486",,"536.111600995384","1.439240788014465","1.604744759958369",
"138","ENGAGE-NPi2020-600-COV","GEM-E3 V2021","Final Energy|Electricity","EJ/yr","[object Object]",2045,21.039512967505708,"1.604744759958369","1.439240788014465","2039","536.111600995384","561.4591977741031","-0.00004515269285875546","2065",,"GW1",,"failed","medium","medium","ok","medium","high","medium","ok","ok","ok",,"high","true","C1","C1: Below 1.5°C with no or limited overshoot","GEM-E3_V2021","EN_NPi2020_600_COV","36.76976290244","21.189809749244986","34.677084787174486",,"536.111600995384","1.439240788014465","1.604744759958369",
"138","ENGAGE-NPi2020-600-COV","GEM-E3 V2021","Final Energy|Electricity","EJ/yr","[object Object]",2050,21.55941843077545,"1.604744759958369","1.439240788014465","2039","536.111600995384","561.4591977741031","-0.00004515269285875546","2065",,"GW1",,"failed","medium","medium","ok","medium","high","medium","ok","ok","ok",,"high","true","C1","C1: Below 1.5°C with no or limited overshoot","GEM-E3_V2021","EN_NPi2020_600_COV","36.76976290244","21.189809749244986","34.677084787174486",,"536.111600995384","1.439240788014465","1.604744759958369",
"138","ENGAGE-NPi2020-600-COV","GEM-E3 V2021","Final Energy|Electricity","EJ/yr","[object Object]",2055,22.38141170232091,"1.604744759958369","1.439240788014465","2039","536.111600995384","561.4591977741031","-0.00004515269285875546","2065",,"GW1",,"failed","medium","medium","ok","medium","high","medium","ok","ok","ok",,"high","true","C1","C1: Below 1.5°C with no or limited overshoot","GEM-E3_V2021","EN_NPi2020_600_COV","36.76976290244","21.189809749244986","34.677084787174486",,"536.111600995384","1.439240788014465","1.604744759958369",
"138","ENGAGE-NPi2020-600-COV","GEM-E3 V2021","Final Energy|Electricity","EJ/yr","[object Object]",2060,23.352526068085574,"1.604744759958369","1.439240788014465","2039","536.111600995384","561.4591977741031","-0.00004515269285875546","2065",,"GW1",,"failed","medium","medium","ok","medium","high","medium","ok","ok","ok",,"high","true","C1","C1: Below 1.5°C with no or limited overshoot","GEM-E3_V2021","EN_NPi2020_600_COV","36.76976290244","21.189809749244986","34.677084787174486",,"536.111600995384","1.439240788014465","1.604744759958369",
"138","ENGAGE-NPi2020-600-COV","GEM-E3 V2021","Final Energy|Electricity","EJ/yr","[object Object]",2065,24.22192224573748,"1.604744759958369","1.439240788014465","2039","536.111600995384","561.4591977741031","-0.00004515269285875546","2065",,"GW1",,"failed","medium","medium","ok","medium","high","medium","ok","ok","ok",,"high","true","C1","C1: Below 1.5°C with no or limited overshoot","GEM-E3_V2021","EN_NPi2020_600_COV","36.76976290244","21.189809749244986","34.677084787174486",,"536.111600995384","1.439240788014465","1.604744759958369",
"138","ENGAGE-NPi2020-600-COV","GEM-E3 V2021","Final Energy|Electricity","EJ/yr","[object Object]",2070,25.207196194860764,"1.604744759958369","1.439240788014465","2039","536.111600995384","561.4591977741031","-0.00004515269285875546","2065",,"GW1",,"failed","medium","medium","ok","medium","high","medium","ok","ok","ok",,"high","true","C1","C1: Below 1.5°C with no or limited overshoot","GEM-E3_V2021","EN_NPi2020_600_COV","36.76976290244","21.189809749244986","34.677084787174486",,"536.111600995384","1.439240788014465","1.604744759958369",
"138","ENGAGE-NPi2020-600-COV","GEM-E3 V2021","Final Energy|Electricity","EJ/yr","[object Object]",2075,26.10176377287972,"1.604744759958369","1.439240788014465","2039","536.111600995384","561.4591977741031","-0.00004515269285875546","2065",,"GW1",,"failed","medium","medium","ok","medium","high","medium","ok","ok","ok",,"high","true","C1","C1: Below 1.5°C with no or limited overshoot","GEM-E3_V2021","EN_NPi2020_600_COV","36.76976290244","21.189809749244986","34.677084787174486",,"536.111600995384","1.439240788014465","1.604744759958369",
"138","ENGAGE-NPi2020-600-COV","GEM-E3 V2021","Final Energy|Electricity","EJ/yr","[object Object]",2080,26.909721871374483,"1.604744759958369","1.439240788014465","2039","536.111600995384","561.4591977741031","-0.00004515269285875546","2065",,"GW1",,"failed","medium","medium","ok","medium","high","medium","ok","ok","ok",,"high","true","C1","C1: Below 1.5°C with no or limited overshoot","GEM-E3_V2021","EN_NPi2020_600_COV","36.76976290244","21.189809749244986","34.677084787174486",,"536.111600995384","1.439240788014465","1.604744759958369",
"138","ENGAGE-NPi2020-600-COV","GEM-E3 V2021","Final Energy|Electricity","EJ/yr","[object Object]",2085,27.752278071737607,"1.604744759958369","1.439240788014465","2039","536.111600995384","561.4591977741031","-0.00004515269285875546","2065",,"GW1",,"failed","medium","medium","ok","medium","high","medium","ok","ok","ok",,"high","true","C1","C1: Below 1.5°C with no or limited overshoot","GEM-E3_V2021","EN_NPi2020_600_COV","36.76976290244","21.189809749244986","34.677084787174486",,"536.111600995384","1.439240788014465","1.604744759958369",
"138","ENGAGE-NPi2020-600-COV","GEM-E3 V2021","Final Energy|Electricity","EJ/yr","[object Object]",2090,28.616087067690344,"1.604744759958369","1.439240788014465","2039","536.111600995384","561.4591977741031","-0.00004515269285875546","2065",,"GW1",,"failed","medium","medium","ok","medium","high","medium","ok","ok","ok",,"high","true","C1","C1: Below 1.5°C with no or limited overshoot","GEM-E3_V2021","EN_NPi2020_600_COV","36.76976290244","21.189809749244986","34.677084787174486",,"536.111600995384","1.439240788014465","1.604744759958369",
"138","ENGAGE-NPi2020-600-COV","GEM-E3 V2021","Final Energy|Electricity","EJ/yr","[object Object]",2095,29.540147921676613,"1.604744759958369","1.439240788014465","2039","536.111600995384","561.4591977741031","-0.00004515269285875546","2065",,"GW1",,"failed","medium","medium","ok","medium","high","medium","ok","ok","ok",,"high","true","C1","C1: Below 1.5°C with no or limited overshoot","GEM-E3_V2021","EN_NPi2020_600_COV","36.76976290244","21.189809749244986","34.677084787174486",,"536.111600995384","1.439240788014465","1.604744759958369",
"138","ENGAGE-NPi2020-600-COV","GEM-E3 V2021","Final Energy|Electricity","EJ/yr","[object Object]",2100,30.455192671293204,"1.604744759958369","1.439240788014465","2039","536.111600995384","561.4591977741031","-0.00004515269285875546","2065",,"GW1",,"failed","medium","medium","ok","medium","high","medium","ok","ok","ok",,"high","true","C1","C1: Below 1.5°C with no or limited overshoot","GEM-E3_V2021","EN_NPi2020_600_COV","36.76976290244","21.189809749244986","34.677084787174486",,"536.111600995384","1.439240788014465","1.604744759958369",
"299","ENGAGE-NPi2020-450","MESSAGEix-GLOBIOM 1.1","Final Energy|Electricity","EJ/yr","[object Object]",2010,11.704675352868431,"1.572829619981273","1.354001936151281","2038","563.2196289816103","410.79197652489273","-0.1262739961185492","2050",,"GW1","Carbon Dioxide Removal","failed","high","medium","ok","medium","high","high","ok","ok","ok","ok","medium","true","C1","C1: Below 1.5°C with no or limited overshoot","MESSAGEix-GLOBIOM_1.1","EN_NPi2020_450","59.15184286529198","17.16807241783151","16.44348056923818","9.080992168058941","563.2196289816103","1.354001936151281","1.572829619981273",
"299","ENGAGE-NPi2020-450","MESSAGEix-GLOBIOM 1.1","Final Energy|Electricity","EJ/yr","[object Object]",2015,11.552076015093355,"1.572829619981273","1.354001936151281","2038","563.2196289816103","410.79197652489273","-0.1262739961185492","2050",,"GW1","Carbon Dioxide Removal","failed","high","medium","ok","medium","high","high","ok","ok","ok","ok","medium","true","C1","C1: Below 1.5°C with no or limited overshoot","MESSAGEix-GLOBIOM_1.1","EN_NPi2020_450","59.15184286529198","17.16807241783151","16.44348056923818","9.080992168058941","563.2196289816103","1.354001936151281","1.572829619981273",
"299","ENGAGE-NPi2020-450","MESSAGEix-GLOBIOM 1.1","Final Energy|Electricity","EJ/yr","[object Object]",2020,12.72969789625852,"1.572829619981273","1.354001936151281","2038","563.2196289816103","410.79197652489273","-0.1262739961185492","2050",,"GW1","Carbon Dioxide Removal","failed","high","medium","ok","medium","high","high","ok","ok","ok","ok","medium","true","C1","C1: Below 1.5°C with no or limited overshoot","MESSAGEix-GLOBIOM_1.1","EN_NPi2020_450","59.15184286529198","17.16807241783151","16.44348056923818","9.080992168058941","563.2196289816103","1.354001936151281","1.572829619981273",
"299","ENGAGE-NPi2020-450","MESSAGEix-GLOBIOM 1.1","Final Energy|Electricity","EJ/yr","[object Object]",2025,13.047659774960795,"1.572829619981273","1.354001936151281","2038","563.2196289816103","410.79197652489273","-0.1262739961185492","2050",,"GW1","Carbon Dioxide Removal","failed","high","medium","ok","medium","high","high","ok","ok","ok","ok","medium","true","C1","C1: Below 1.5°C with no or limited overshoot","MESSAGEix-GLOBIOM_1.1","EN_NPi2020_450","59.15184286529198","17.16807241783151","16.44348056923818","9.080992168058941","563.2196289816103","1.354001936151281","1.572829619981273",
"299","ENGAGE-NPi2020-450","MESSAGEix-GLOBIOM 1.1","Final Energy|Electricity","EJ/yr","[object Object]",2030,15.304538205162828,"1.572829619981273","1.354001936151281","2038","563.2196289816103","410.79197652489273","-0.1262739961185492","2050",,"GW1","Carbon Dioxide Removal","failed","high","medium","ok","medium","high","high","ok","ok","ok","ok","medium","true","C1","C1: Below 1.5°C with no or limited overshoot","MESSAGEix-GLOBIOM_1.1","EN_NPi2020_450","59.15184286529198","17.16807241783151","16.44348056923818","9.080992168058941","563.2196289816103","1.354001936151281","1.572829619981273",
"299","ENGAGE-NPi2020-450","MESSAGEix-GLOBIOM 1.1","Final Energy|Electricity","EJ/yr","[object Object]",2035,17.859456327186628,"1.572829619981273","1.354001936151281","2038","563.2196289816103","410.79197652489273","-0.1262739961185492","2050",,"GW1","Carbon Dioxide Removal","failed","high","medium","ok","medium","high","high","ok","ok","ok","ok","medium","true","C1","C1: Below 1.5°C with no or limited overshoot","MESSAGEix-GLOBIOM_1.1","EN_NPi2020_450","59.15184286529198","17.16807241783151","16.44348056923818","9.080992168058941","563.2196289816103","1.354001936151281","1.572829619981273",
"299","ENGAGE-NPi2020-450","MESSAGEix-GLOBIOM 1.1","Final Energy|Electricity","EJ/yr","[object Object]",2040,19.902966318642328,"1.572829619981273","1.354001936151281","2038","563.2196289816103","410.79197652489273","-0.1262739961185492","2050",,"GW1","Carbon Dioxide Removal","failed","high","medium","ok","medium","high","high","ok","ok","ok","ok","medium","true","C1","C1: Below 1.5°C with no or limited overshoot","MESSAGEix-GLOBIOM_1.1","EN_NPi2020_450","59.15184286529198","17.16807241783151","16.44348056923818","9.080992168058941","563.2196289816103","1.354001936151281","1.572829619981273",
"299","ENGAGE-NPi2020-450","MESSAGEix-GLOBIOM 1.1","Final Energy|Electricity","EJ/yr","[object Object]",2045,20.86455624379471,"1.572829619981273","1.354001936151281","2038","563.2196289816103","410.79197652489273","-0.1262739961185492","2050",,"GW1","Carbon Dioxide Removal","failed","high","medium","ok","medium","high","high","ok","ok","ok","ok","medium","true","C1","C1: Below 1.5°C with no or limited overshoot","MESSAGEix-GLOBIOM_1.1","EN_NPi2020_450","59.15184286529198","17.16807241783151","16.44348056923818","9.080992168058941","563.2196289816103","1.354001936151281","1.572829619981273",
"299","ENGAGE-NPi2020-450","MESSAGEix-GLOBIOM 1.1","Final Energy|Electricity","EJ/yr","[object Object]",2050,22.3565724960734,"1.572829619981273","1.354001936151281","2038","563.2196289816103","410.79197652489273","-0.1262739961185492","2050",,"GW1","Carbon Dioxide Removal","failed","high","medium","ok","medium","high","high","ok","ok","ok","ok","medium","true","C1","C1: Below 1.5°C with no or limited overshoot","MESSAGEix-GLOBIOM_1.1","EN_NPi2020_450","59.15184286529198","17.16807241783151","16.44348056923818","9.080992168058941","563.2196289816103","1.354001936151281","1.572829619981273",
"299","ENGAGE-NPi2020-450","MESSAGEix-GLOBIOM 1.1","Final Energy|Electricity","EJ/yr","[object Object]",2055,23.826669969439777,"1.572829619981273","1.354001936151281","2038","563.2196289816103","410.79197652489273","-0.1262739961185492","2050",,"GW1","Carbon Dioxide Removal","failed","high","medium","ok","medium","high","high","ok","ok","ok","ok","medium","true","C1","C1: Below 1.5°C with no or limited overshoot","MESSAGEix-GLOBIOM_1.1","EN_NPi2020_450","59.15184286529198","17.16807241783151","16.44348056923818","9.080992168058941","563.2196289816103","1.354001936151281","1.572829619981273",
"299","ENGAGE-NPi2020-450","MESSAGEix-GLOBIOM 1.1","Final Energy|Electricity","EJ/yr","[object Object]",2060,25.174363300433583,"1.572829619981273","1.354001936151281","2038","563.2196289816103","410.79197652489273","-0.1262739961185492","2050",,"GW1","Carbon Dioxide Removal","failed","high","medium","ok","medium","high","high","ok","ok","ok","ok","medium","true","C1","C1: Below 1.5°C with no or limited overshoot","MESSAGEix-GLOBIOM_1.1","EN_NPi2020_450","59.15184286529198","17.16807241783151","16.44348056923818","9.080992168058941","563.2196289816103","1.354001936151281","1.572829619981273",
"299","ENGAGE-NPi2020-450","MESSAGEix-GLOBIOM 1.1","Final Energy|Electricity","EJ/yr","[object Object]",2070,28.35519903864221,"1.572829619981273","1.354001936151281","2038","563.2196289816103","410.79197652489273","-0.1262739961185492","2050",,"GW1","Carbon Dioxide Removal","failed","high","medium","ok","medium","high","high","ok","ok","ok","ok","medium","true","C1","C1: Below 1.5°C with no or limited overshoot","MESSAGEix-GLOBIOM_1.1","EN_NPi2020_450","59.15184286529198","17.16807241783151","16.44348056923818","9.080992168058941","563.2196289816103","1.354001936151281","1.572829619981273",
"299","ENGAGE-NPi2020-450","MESSAGEix-GLOBIOM 1.1","Final Energy|Electricity","EJ/yr","[object Object]",2080,31.1459818499192,"1.572829619981273","1.354001936151281","2038","563.2196289816103","410.79197652489273","-0.1262739961185492","2050",,"GW1","Carbon Dioxide Removal","failed","high","medium","ok","medium","high","high","ok","ok","ok","ok","medium","true","C1","C1: Below 1.5°C with no or limited overshoot","MESSAGEix-GLOBIOM_1.1","EN_NPi2020_450","59.15184286529198","17.16807241783151","16.44348056923818","9.080992168058941","563.2196289816103","1.354001936151281","1.572829619981273",
"299","ENGAGE-NPi2020-450","MESSAGEix-GLOBIOM 1.1","Final Energy|Electricity","EJ/yr","[object Object]",2090,33.74730792721461,"1.572829619981273","1.354001936151281","2038","563.2196289816103","410.79197652489273","-0.1262739961185492","2050",,"GW1","Carbon Dioxide Removal","failed","high","medium","ok","medium","high","high","ok","ok","ok","ok","medium","true","C1","C1: Below 1.5°C with no or limited overshoot","MESSAGEix-GLOBIOM_1.1","EN_NPi2020_450","59.15184286529198","17.16807241783151","16.44348056923818","9.080992168058941","563.2196289816103","1.354001936151281","1.572829619981273",
"299","ENGAGE-NPi2020-450","MESSAGEix-GLOBIOM 1.1","Final Energy|Electricity","EJ/yr","[object Object]",2100,35.99369251320538,"1.572829619981273","1.354001936151281","2038","563.2196289816103","410.79197652489273","-0.1262739961185492","2050",,"GW1","Carbon Dioxide Removal","failed","high","medium","ok","medium","high","high","ok","ok","ok","ok","medium","true","C1","C1: Below 1.5°C with no or limited overshoot","MESSAGEix-GLOBIOM_1.1","EN_NPi2020_450","59.15184286529198","17.16807241783151","16.44348056923818","9.080992168058941","563.2196289816103","1.354001936151281","1.572829619981273",
"301","ENGAGE-NPi2020-500","MESSAGEix-GLOBIOM 1.1","Final Energy|Electricity","EJ/yr","[object Object]",2010,11.704675352868431,"1.590188617720889","1.378571424312939","2038","587.0327381597161","457.64718875438336","-0.022715350201867403","2055",,"GW1","Carbon Dioxide Removal","failed","high","medium","ok","medium","high","high","ok","ok","ok","ok","medium","true","C1","C1: Below 1.5°C with no or limited overshoot","MESSAGEix-GLOBIOM_1.1","EN_NPi2020_500","57.94019813196919","22.67093001827635","12.434446007305423","8.935431750737862","587.0327381597161","1.378571424312939","1.590188617720889",
"301","ENGAGE-NPi2020-500","MESSAGEix-GLOBIOM 1.1","Final Energy|Electricity","EJ/yr","[object Object]",2015,11.552076015093355,"1.590188617720889","1.378571424312939","2038","587.0327381597161","457.64718875438336","-0.022715350201867403","2055",,"GW1","Carbon Dioxide Removal","failed","high","medium","ok","medium","high","high","ok","ok","ok","ok","medium","true","C1","C1: Below 1.5°C with no or limited overshoot","MESSAGEix-GLOBIOM_1.1","EN_NPi2020_500","57.94019813196919","22.67093001827635","12.434446007305423","8.935431750737862","587.0327381597161","1.378571424312939","1.590188617720889",
"301","ENGAGE-NPi2020-500","MESSAGEix-GLOBIOM 1.1","Final Energy|Electricity","EJ/yr","[object Object]",2020,12.72969789625852,"1.590188617720889","1.378571424312939","2038","587.0327381597161","457.64718875438336","-0.022715350201867403","2055",,"GW1","Carbon Dioxide Removal","failed","high","medium","ok","medium","high","high","ok","ok","ok","ok","medium","true","C1","C1: Below 1.5°C with no or limited overshoot","MESSAGEix-GLOBIOM_1.1","EN_NPi2020_500","57.94019813196919","22.67093001827635","12.434446007305423","8.935431750737862","587.0327381597161","1.378571424312939","1.590188617720889",
"301","ENGAGE-NPi2020-500","MESSAGEix-GLOBIOM 1.1","Final Energy|Electricity","EJ/yr","[object Object]",2025,13.144492936129634,"1.590188617720889","1.378571424312939","2038","587.0327381597161","457.64718875438336","-0.022715350201867403","2055",,"GW1","Carbon Dioxide Removal","failed","high","medium","ok","medium","high","high","ok","ok","ok","ok","medium","true","C1","C1: Below 1.5°C with no or limited overshoot","MESSAGEix-GLOBIOM_1.1","EN_NPi2020_500","57.94019813196919","22.67093001827635","12.434446007305423","8.935431750737862","587.0327381597161","1.378571424312939","1.590188617720889",
"301","ENGAGE-NPi2020-500","MESSAGEix-GLOBIOM 1.1","Final Energy|Electricity","EJ/yr","[object Object]",2030,15.184343554375982,"1.590188617720889","1.378571424312939","2038","587.0327381597161","457.64718875438336","-0.022715350201867403","2055",,"GW1","Carbon Dioxide Removal","failed","high","medium","ok","medium","high","high","ok","ok","ok","ok","medium","true","C1","C1: Below 1.5°C with no or limited overshoot","MESSAGEix-GLOBIOM_1.1","EN_NPi2020_500","57.94019813196919","22.67093001827635","12.434446007305423","8.935431750737862","587.0327381597161","1.378571424312939","1.590188617720889",
"301","ENGAGE-NPi2020-500","MESSAGEix-GLOBIOM 1.1","Final Energy|Electricity","EJ/yr","[object Object]",2035,17.684863823508152,"1.590188617720889","1.378571424312939","2038","587.0327381597161","457.64718875438336","-0.022715350201867403","2055",,"GW1","Carbon Dioxide Removal","failed","high","medium","ok","medium","high","high","ok","ok","ok","ok","medium","true","C1","C1: Below 1.5°C with no or limited overshoot","MESSAGEix-GLOBIOM_1.1","EN_NPi2020_500","57.94019813196919","22.67093001827635","12.434446007305423","8.935431750737862","587.0327381597161","1.378571424312939","1.590188617720889",
"301","ENGAGE-NPi2020-500","MESSAGEix-GLOBIOM 1.1","Final Energy|Electricity","EJ/yr","[object Object]",2040,19.97904670860441,"1.590188617720889","1.378571424312939","2038","587.0327381597161","457.64718875438336","-0.022715350201867403","2055",,"GW1","Carbon Dioxide Removal","failed","high","medium","ok","medium","high","high","ok","ok","ok","ok","medium","true","C1","C1: Below 1.5°C with no or limited overshoot","MESSAGEix-GLOBIOM_1.1","EN_NPi2020_500","57.94019813196919","22.67093001827635","12.434446007305423","8.935431750737862","587.0327381597161","1.378571424312939","1.590188617720889",
"301","ENGAGE-NPi2020-500","MESSAGEix-GLOBIOM 1.1","Final Energy|Electricity","EJ/yr","[object Object]",2045,21.345062234285027,"1.590188617720889","1.378571424312939","2038","587.0327381597161","457.64718875438336","-0.022715350201867403","2055",,"GW1","Carbon Dioxide Removal","failed","high","medium","ok","medium","high","high","ok","ok","ok","ok","medium","true","C1","C1: Below 1.5°C with no or limited overshoot","MESSAGEix-GLOBIOM_1.1","EN_NPi2020_500","57.94019813196919","22.67093001827635","12.434446007305423","8.935431750737862","587.0327381597161","1.378571424312939","1.590188617720889",
"301","ENGAGE-NPi2020-500","MESSAGEix-GLOBIOM 1.1","Final Energy|Electricity","EJ/yr","[object Object]",2050,23.08528285878196,"1.590188617720889","1.378571424312939","2038","587.0327381597161","457.64718875438336","-0.022715350201867403","2055",,"GW1","Carbon Dioxide Removal","failed","high","medium","ok","medium","high","high","ok","ok","ok","ok","medium","true","C1","C1: Below 1.5°C with no or limited overshoot","MESSAGEix-GLOBIOM_1.1","EN_NPi2020_500","57.94019813196919","22.67093001827635","12.434446007305423","8.935431750737862","587.0327381597161","1.378571424312939","1.590188617720889",
"301","ENGAGE-NPi2020-500","MESSAGEix-GLOBIOM 1.1","Final Energy|Electricity","EJ/yr","[object Object]",2055,24.28810008753112,"1.590188617720889","1.378571424312939","2038","587.0327381597161","457.64718875438336","-0.022715350201867403","2055",,"GW1","Carbon Dioxide Removal","failed","high","medium","ok","medium","high","high","ok","ok","ok","ok","medium","true","C1","C1: Below 1.5°C with no or limited overshoot","MESSAGEix-GLOBIOM_1.1","EN_NPi2020_500","57.94019813196919","22.67093001827635","12.434446007305423","8.935431750737862","587.0327381597161","1.378571424312939","1.590188617720889",
"301","ENGAGE-NPi2020-500","MESSAGEix-GLOBIOM 1.1","Final Energy|Electricity","EJ/yr","[object Object]",2060,25.555922677230573,"1.590188617720889","1.378571424312939","2038","587.0327381597161","457.64718875438336","-0.022715350201867403","2055",,"GW1","Carbon Dioxide Removal","failed","high","medium","ok","medium","high","high","ok","ok","ok","ok","medium","true","C1","C1: Below 1.5°C with no or limited overshoot","MESSAGEix-GLOBIOM_1.1","EN_NPi2020_500","57.94019813196919","22.67093001827635","12.434446007305423","8.935431750737862","587.0327381597161","1.378571424312939","1.590188617720889",
"301","ENGAGE-NPi2020-500","MESSAGEix-GLOBIOM 1.1","Final Energy|Electricity","EJ/yr","[object Object]",2070,28.63107867015289,"1.590188617720889","1.378571424312939","2038","587.0327381597161","457.64718875438336","-0.022715350201867403","2055",,"GW1","Carbon Dioxide Removal","failed","high","medium","ok","medium","high","high","ok","ok","ok","ok","medium","true","C1","C1: Below 1.5°C with no or limited overshoot","MESSAGEix-GLOBIOM_1.1","EN_NPi2020_500","57.94019813196919","22.67093001827635","12.434446007305423","8.935431750737862","587.0327381597161","1.378571424312939","1.590188617720889",
"301","ENGAGE-NPi2020-500","MESSAGEix-GLOBIOM 1.1","Final Energy|Electricity","EJ/yr","[object Object]",2080,31.27554651128348,"1.590188617720889","1.378571424312939","2038","587.0327381597161","457.64718875438336","-0.022715350201867403","2055",,"GW1","Carbon Dioxide Removal","failed","high","medium","ok","medium","high","high","ok","ok","ok","ok","medium","true","C1","C1: Below 1.5°C with no or limited overshoot","MESSAGEix-GLOBIOM_1.1","EN_NPi2020_500","57.94019813196919","22.67093001827635","12.434446007305423","8.935431750737862","587.0327381597161","1.378571424312939","1.590188617720889",
"301","ENGAGE-NPi2020-500","MESSAGEix-GLOBIOM 1.1","Final Energy|Electricity","EJ/yr","[object Object]",2090,33.83037100208978,"1.590188617720889","1.378571424312939","2038","587.0327381597161","457.64718875438336","-0.022715350201867403","2055",,"GW1","Carbon Dioxide Removal","failed","high","medium","ok","medium","high","high","ok","ok","ok","ok","medium","true","C1","C1: Below 1.5°C with no or limited overshoot","MESSAGEix-GLOBIOM_1.1","EN_NPi2020_500","57.94019813196919","22.67093001827635","12.434446007305423","8.935431750737862","587.0327381597161","1.378571424312939","1.590188617720889",
"301","ENGAGE-NPi2020-500","MESSAGEix-GLOBIOM 1.1","Final Energy|Electricity","EJ/yr","[object Object]",2100,36.04640885082533,"1.590188617720889","1.378571424312939","2038","587.0327381597161","457.64718875438336","-0.022715350201867403","2055",,"GW1","Carbon Dioxide Removal","failed","high","medium","ok","medium","high","high","ok","ok","ok","ok","medium","true","C1","C1: Below 1.5°C with no or limited overshoot","MESSAGEix-GLOBIOM_1.1","EN_NPi2020_500","57.94019813196919","22.67093001827635","12.434446007305423","8.935431750737862","587.0327381597161","1.378571424312939","1.590188617720889",
"304","ENGAGE-NPi2020-600-COV","MESSAGEix-GLOBIOM 1.1","Final Energy|Electricity","EJ/yr","[object Object]",2010,11.704675352868431,"1.614029174966196","1.424394670133215","2048","593.4230663284219","557.4893010815485","-0.04768318997123089","2060",,"GW1","Carbon Dioxide Removal","failed","high","medium","ok","medium","high","ok","medium","ok","ok","ok","medium","true","C1","C1: Below 1.5°C with no or limited overshoot","MESSAGEix-GLOBIOM_1.1","EN_NPi2020_600_COV","46.162308180746805","36.89964175225112","10.908587179174347","8.548755219479958","593.4230663284219","1.424394670133215","1.614029174966196",
"304","ENGAGE-NPi2020-600-COV","MESSAGEix-GLOBIOM 1.1","Final Energy|Electricity","EJ/yr","[object Object]",2015,11.552076015093355,"1.614029174966196","1.424394670133215","2048","593.4230663284219","557.4893010815485","-0.04768318997123089","2060",,"GW1","Carbon Dioxide Removal","failed","high","medium","ok","medium","high","ok","medium","ok","ok","ok","medium","true","C1","C1: Below 1.5°C with no or limited overshoot","MESSAGEix-GLOBIOM_1.1","EN_NPi2020_600_COV","46.162308180746805","36.89964175225112","10.908587179174347","8.548755219479958","593.4230663284219","1.424394670133215","1.614029174966196",
"304","ENGAGE-NPi2020-600-COV","MESSAGEix-GLOBIOM 1.1","Final Energy|Electricity","EJ/yr","[object Object]",2020,11.814163030572054,"1.614029174966196","1.424394670133215","2048","593.4230663284219","557.4893010815485","-0.04768318997123089","2060",,"GW1","Carbon Dioxide Removal","failed","high","medium","ok","medium","high","ok","medium","ok","ok","ok","medium","true","C1","C1: Below 1.5°C with no or limited overshoot","MESSAGEix-GLOBIOM_1.1","EN_NPi2020_600_COV","46.162308180746805","36.89964175225112","10.908587179174347","8.548755219479958","593.4230663284219","1.424394670133215","1.614029174966196",
"304","ENGAGE-NPi2020-600-COV","MESSAGEix-GLOBIOM 1.1","Final Energy|Electricity","EJ/yr","[object Object]",2025,12.155335022998804,"1.614029174966196","1.424394670133215","2048","593.4230663284219","557.4893010815485","-0.04768318997123089","2060",,"GW1","Carbon Dioxide Removal","failed","high","medium","ok","medium","high","ok","medium","ok","ok","ok","medium","true","C1","C1: Below 1.5°C with no or limited overshoot","MESSAGEix-GLOBIOM_1.1","EN_NPi2020_600_COV","46.162308180746805","36.89964175225112","10.908587179174347","8.548755219479958","593.4230663284219","1.424394670133215","1.614029174966196",
"304","ENGAGE-NPi2020-600-COV","MESSAGEix-GLOBIOM 1.1","Final Energy|Electricity","EJ/yr","[object Object]",2030,14.25781644235585,"1.614029174966196","1.424394670133215","2048","593.4230663284219","557.4893010815485","-0.04768318997123089","2060",,"GW1","Carbon Dioxide Removal","failed","high","medium","ok","medium","high","ok","medium","ok","ok","ok","medium","true","C1","C1: Below 1.5°C with no or limited overshoot","MESSAGEix-GLOBIOM_1.1","EN_NPi2020_600_COV","46.162308180746805","36.89964175225112","10.908587179174347","8.548755219479958","593.4230663284219","1.424394670133215","1.614029174966196",
"304","ENGAGE-NPi2020-600-COV","MESSAGEix-GLOBIOM 1.1","Final Energy|Electricity","EJ/yr","[object Object]",2035,17.258970173579673,"1.614029174966196","1.424394670133215","2048","593.4230663284219","557.4893010815485","-0.04768318997123089","2060",,"GW1","Carbon Dioxide Removal","failed","high","medium","ok","medium","high","ok","medium","ok","ok","ok","medium","true","C1","C1: Below 1.5°C with no or limited overshoot","MESSAGEix-GLOBIOM_1.1","EN_NPi2020_600_COV","46.162308180746805","36.89964175225112","10.908587179174347","8.548755219479958","593.4230663284219","1.424394670133215","1.614029174966196",
"304","ENGAGE-NPi2020-600-COV","MESSAGEix-GLOBIOM 1.1","Final Energy|Electricity","EJ/yr","[object Object]",2040,19.513827496803344,"1.614029174966196","1.424394670133215","2048","593.4230663284219","557.4893010815485","-0.04768318997123089","2060",,"GW1","Carbon Dioxide Removal","failed","high","medium","ok","medium","high","ok","medium","ok","ok","ok","medium","true","C1","C1: Below 1.5°C with no or limited overshoot","MESSAGEix-GLOBIOM_1.1","EN_NPi2020_600_COV","46.162308180746805","36.89964175225112","10.908587179174347","8.548755219479958","593.4230663284219","1.424394670133215","1.614029174966196",
"304","ENGAGE-NPi2020-600-COV","MESSAGEix-GLOBIOM 1.1","Final Energy|Electricity","EJ/yr","[object Object]",2045,21.091905919665123,"1.614029174966196","1.424394670133215","2048","593.4230663284219","557.4893010815485","-0.04768318997123089","2060",,"GW1","Carbon Dioxide Removal","failed","high","medium","ok","medium","high","ok","medium","ok","ok","ok","medium","true","C1","C1: Below 1.5°C with no or limited overshoot","MESSAGEix-GLOBIOM_1.1","EN_NPi2020_600_COV","46.162308180746805","36.89964175225112","10.908587179174347","8.548755219479958","593.4230663284219","1.424394670133215","1.614029174966196",
"304","ENGAGE-NPi2020-600-COV","MESSAGEix-GLOBIOM 1.1","Final Energy|Electricity","EJ/yr","[object Object]",2050,22.54027948751135,"1.614029174966196","1.424394670133215","2048","593.4230663284219","557.4893010815485","-0.04768318997123089","2060",,"GW1","Carbon Dioxide Removal","failed","high","medium","ok","medium","high","ok","medium","ok","ok","ok","medium","true","C1","C1: Below 1.5°C with no or limited overshoot","MESSAGEix-GLOBIOM_1.1","EN_NPi2020_600_COV","46.162308180746805","36.89964175225112","10.908587179174347","8.548755219479958","593.4230663284219","1.424394670133215","1.614029174966196",
"304","ENGAGE-NPi2020-600-COV","MESSAGEix-GLOBIOM 1.1","Final Energy|Electricity","EJ/yr","[object Object]",2055,24.154230960846284,"1.614029174966196","1.424394670133215","2048","593.4230663284219","557.4893010815485","-0.04768318997123089","2060",,"GW1","Carbon Dioxide Removal","failed","high","medium","ok","medium","high","ok","medium","ok","ok","ok","medium","true","C1","C1: Below 1.5°C with no or limited overshoot","MESSAGEix-GLOBIOM_1.1","EN_NPi2020_600_COV","46.162308180746805","36.89964175225112","10.908587179174347","8.548755219479958","593.4230663284219","1.424394670133215","1.614029174966196",
"304","ENGAGE-NPi2020-600-COV","MESSAGEix-GLOBIOM 1.1","Final Energy|Electricity","EJ/yr","[object Object]",2060,25.41671377240749,"1.614029174966196","1.424394670133215","2048","593.4230663284219","557.4893010815485","-0.04768318997123089","2060",,"GW1","Carbon Dioxide Removal","failed","high","medium","ok","medium","high","ok","medium","ok","ok","ok","medium","true","C1","C1: Below 1.5°C with no or limited overshoot","MESSAGEix-GLOBIOM_1.1","EN_NPi2020_600_COV","46.162308180746805","36.89964175225112","10.908587179174347","8.548755219479958","593.4230663284219","1.424394670133215","1.614029174966196",
"304","ENGAGE-NPi2020-600-COV","MESSAGEix-GLOBIOM 1.1","Final Energy|Electricity","EJ/yr","[object Object]",2070,30.25338881938273,"1.614029174966196","1.424394670133215","2048","593.4230663284219","557.4893010815485","-0.04768318997123089","2060",,"GW1","Carbon Dioxide Removal","failed","high","medium","ok","medium","high","ok","medium","ok","ok","ok","medium","true","C1","C1: Below 1.5°C with no or limited overshoot","MESSAGEix-GLOBIOM_1.1","EN_NPi2020_600_COV","46.162308180746805","36.89964175225112","10.908587179174347","8.548755219479958","593.4230663284219","1.424394670133215","1.614029174966196",
"304","ENGAGE-NPi2020-600-COV","MESSAGEix-GLOBIOM 1.1","Final Energy|Electricity","EJ/yr","[object Object]",2080,34.293354759845286,"1.614029174966196","1.424394670133215","2048","593.4230663284219","557.4893010815485","-0.04768318997123089","2060",,"GW1","Carbon Dioxide Removal","failed","high","medium","ok","medium","high","ok","medium","ok","ok","ok","medium","true","C1","C1: Below 1.5°C with no or limited overshoot","MESSAGEix-GLOBIOM_1.1","EN_NPi2020_600_COV","46.162308180746805","36.89964175225112","10.908587179174347","8.548755219479958","593.4230663284219","1.424394670133215","1.614029174966196",
"304","ENGAGE-NPi2020-600-COV","MESSAGEix-GLOBIOM 1.1","Final Energy|Electricity","EJ/yr","[object Object]",2090,37.23259846494356,"1.614029174966196","1.424394670133215","2048","593.4230663284219","557.4893010815485","-0.04768318997123089","2060",,"GW1","Carbon Dioxide Removal","failed","high","medium","ok","medium","high","ok","medium","ok","ok","ok","medium","true","C1","C1: Below 1.5°C with no or limited overshoot","MESSAGEix-GLOBIOM_1.1","EN_NPi2020_600_COV","46.162308180746805","36.89964175225112","10.908587179174347","8.548755219479958","593.4230663284219","1.424394670133215","1.614029174966196",
"304","ENGAGE-NPi2020-600-COV","MESSAGEix-GLOBIOM 1.1","Final Energy|Electricity","EJ/yr","[object Object]",2100,39.280873428548816,"1.614029174966196","1.424394670133215","2048","593.4230663284219","557.4893010815485","-0.04768318997123089","2060",,"GW1","Carbon Dioxide Removal","failed","high","medium","ok","medium","high","ok","medium","ok","ok","ok","medium","true","C1","C1: Below 1.5°C with no or limited overshoot","MESSAGEix-GLOBIOM_1.1","EN_NPi2020_600_COV","46.162308180746805","36.89964175225112","10.908587179174347","8.548755219479958","593.4230663284219","1.424394670133215","1.614029174966196",
"306","ENGAGE-NPi2020-600-DR1p","MESSAGEix-GLOBIOM 1.1","Final Energy|Electricity","EJ/yr","[object Object]",2010,11.704675352868431,"1.604430798697195","1.431229866945519","2048","420.3928263625919","557.5510496164904","-0.000041263189679965854","2070",,"GW1",,"failed","high","medium","ok","medium","high","high","ok","ok","ok","ok","ok","true","C1","C1: Below 1.5°C with no or limited overshoot","MESSAGEix-GLOBIOM_1.1","EN_NPi2020_600_DR1p","50.711811958690504","28.372834004781872","10.867439137252022","8.469991064446702","420.3928263625919","1.431229866945519","1.604430798697195",
"306","ENGAGE-NPi2020-600-DR1p","MESSAGEix-GLOBIOM 1.1","Final Energy|Electricity","EJ/yr","[object Object]",2015,11.552076015093355,"1.604430798697195","1.431229866945519","2048","420.3928263625919","557.5510496164904","-0.000041263189679965854","2070",,"GW1",,"failed","high","medium","ok","medium","high","high","ok","ok","ok","ok","ok","true","C1","C1: Below 1.5°C with no or limited overshoot","MESSAGEix-GLOBIOM_1.1","EN_NPi2020_600_DR1p","50.711811958690504","28.372834004781872","10.867439137252022","8.469991064446702","420.3928263625919","1.431229866945519","1.604430798697195",
"306","ENGAGE-NPi2020-600-DR1p","MESSAGEix-GLOBIOM 1.1","Final Energy|Electricity","EJ/yr","[object Object]",2020,12.950668085804471,"1.604430798697195","1.431229866945519","2048","420.3928263625919","557.5510496164904","-0.000041263189679965854","2070",,"GW1",,"failed","high","medium","ok","medium","high","high","ok","ok","ok","ok","ok","true","C1","C1: Below 1.5°C with no or limited overshoot","MESSAGEix-GLOBIOM_1.1","EN_NPi2020_600_DR1p","50.711811958690504","28.372834004781872","10.867439137252022","8.469991064446702","420.3928263625919","1.431229866945519","1.604430798697195",
"306","ENGAGE-NPi2020-600-DR1p","MESSAGEix-GLOBIOM 1.1","Final Energy|Electricity","EJ/yr","[object Object]",2025,13.373156363650136,"1.604430798697195","1.431229866945519","2048","420.3928263625919","557.5510496164904","-0.000041263189679965854","2070",,"GW1",,"failed","high","medium","ok","medium","high","high","ok","ok","ok","ok","ok","true","C1","C1: Below 1.5°C with no or limited overshoot","MESSAGEix-GLOBIOM_1.1","EN_NPi2020_600_DR1p","50.711811958690504","28.372834004781872","10.867439137252022","8.469991064446702","420.3928263625919","1.431229866945519","1.604430798697195",
"306","ENGAGE-NPi2020-600-DR1p","MESSAGEix-GLOBIOM 1.1","Final Energy|Electricity","EJ/yr","[object Object]",2030,15.39793489907282,"1.604430798697195","1.431229866945519","2048","420.3928263625919","557.5510496164904","-0.000041263189679965854","2070",,"GW1",,"failed","high","medium","ok","medium","high","high","ok","ok","ok","ok","ok","true","C1","C1: Below 1.5°C with no or limited overshoot","MESSAGEix-GLOBIOM_1.1","EN_NPi2020_600_DR1p","50.711811958690504","28.372834004781872","10.867439137252022","8.469991064446702","420.3928263625919","1.431229866945519","1.604430798697195",
"306","ENGAGE-NPi2020-600-DR1p","MESSAGEix-GLOBIOM 1.1","Final Energy|Electricity","EJ/yr","[object Object]",2035,17.70362696780712,"1.604430798697195","1.431229866945519","2048","420.3928263625919","557.5510496164904","-0.000041263189679965854","2070",,"GW1",,"failed","high","medium","ok","medium","high","high","ok","ok","ok","ok","ok","true","C1","C1: Below 1.5°C with no or limited overshoot","MESSAGEix-GLOBIOM_1.1","EN_NPi2020_600_DR1p","50.711811958690504","28.372834004781872","10.867439137252022","8.469991064446702","420.3928263625919","1.431229866945519","1.604430798697195",
"306","ENGAGE-NPi2020-600-DR1p","MESSAGEix-GLOBIOM 1.1","Final Energy|Electricity","EJ/yr","[object Object]",2040,20.12807877737121,"1.604430798697195","1.431229866945519","2048","420.3928263625919","557.5510496164904","-0.000041263189679965854","2070",,"GW1",,"failed","high","medium","ok","medium","high","high","ok","ok","ok","ok","ok","true","C1","C1: Below 1.5°C with no or limited overshoot","MESSAGEix-GLOBIOM_1.1","EN_NPi2020_600_DR1p","50.711811958690504","28.372834004781872","10.867439137252022","8.469991064446702","420.3928263625919","1.431229866945519","1.604430798697195",
"306","ENGAGE-NPi2020-600-DR1p","MESSAGEix-GLOBIOM 1.1","Final Energy|Electricity","EJ/yr","[object Object]",2045,21.37611158890237,"1.604430798697195","1.431229866945519","2048","420.3928263625919","557.5510496164904","-0.000041263189679965854","2070",,"GW1",,"failed","high","medium","ok","medium","high","high","ok","ok","ok","ok","ok","true","C1","C1: Below 1.5°C with no or limited overshoot","MESSAGEix-GLOBIOM_1.1","EN_NPi2020_600_DR1p","50.711811958690504","28.372834004781872","10.867439137252022","8.469991064446702","420.3928263625919","1.431229866945519","1.604430798697195",
"306","ENGAGE-NPi2020-600-DR1p","MESSAGEix-GLOBIOM 1.1","Final Energy|Electricity","EJ/yr","[object Object]",2050,22.854629356685045,"1.604430798697195","1.431229866945519","2048","420.3928263625919","557.5510496164904","-0.000041263189679965854","2070",,"GW1",,"failed","high","medium","ok","medium","high","high","ok","ok","ok","ok","ok","true","C1","C1: Below 1.5°C with no or limited overshoot","MESSAGEix-GLOBIOM_1.1","EN_NPi2020_600_DR1p","50.711811958690504","28.372834004781872","10.867439137252022","8.469991064446702","420.3928263625919","1.431229866945519","1.604430798697195",
"306","ENGAGE-NPi2020-600-DR1p","MESSAGEix-GLOBIOM 1.1","Final Energy|Electricity","EJ/yr","[object Object]",2055,24.218740967670985,"1.604430798697195","1.431229866945519","2048","420.3928263625919","557.5510496164904","-0.000041263189679965854","2070",,"GW1",,"failed","high","medium","ok","medium","high","high","ok","ok","ok","ok","ok","true","C1","C1: Below 1.5°C with no or limited overshoot","MESSAGEix-GLOBIOM_1.1","EN_NPi2020_600_DR1p","50.711811958690504","28.372834004781872","10.867439137252022","8.469991064446702","420.3928263625919","1.431229866945519","1.604430798697195",
"306","ENGAGE-NPi2020-600-DR1p","MESSAGEix-GLOBIOM 1.1","Final Energy|Electricity","EJ/yr","[object Object]",2060,25.49957917146733,"1.604430798697195","1.431229866945519","2048","420.3928263625919","557.5510496164904","-0.000041263189679965854","2070",,"GW1",,"failed","high","medium","ok","medium","high","high","ok","ok","ok","ok","ok","true","C1","C1: Below 1.5°C with no or limited overshoot","MESSAGEix-GLOBIOM_1.1","EN_NPi2020_600_DR1p","50.711811958690504","28.372834004781872","10.867439137252022","8.469991064446702","420.3928263625919","1.431229866945519","1.604430798697195",
"306","ENGAGE-NPi2020-600-DR1p","MESSAGEix-GLOBIOM 1.1","Final Energy|Electricity","EJ/yr","[object Object]",2070,28.42208949059738,"1.604430798697195","1.431229866945519","2048","420.3928263625919","557.5510496164904","-0.000041263189679965854","2070",,"GW1",,"failed","high","medium","ok","medium","high","high","ok","ok","ok","ok","ok","true","C1","C1: Below 1.5°C with no or limited overshoot","MESSAGEix-GLOBIOM_1.1","EN_NPi2020_600_DR1p","50.711811958690504","28.372834004781872","10.867439137252022","8.469991064446702","420.3928263625919","1.431229866945519","1.604430798697195",
"306","ENGAGE-NPi2020-600-DR1p","MESSAGEix-GLOBIOM 1.1","Final Energy|Electricity","EJ/yr","[object Object]",2080,31.202408653007133,"1.604430798697195","1.431229866945519","2048","420.3928263625919","557.5510496164904","-0.000041263189679965854","2070",,"GW1",,"failed","high","medium","ok","medium","high","high","ok","ok","ok","ok","ok","true","C1","C1: Below 1.5°C with no or limited overshoot","MESSAGEix-GLOBIOM_1.1","EN_NPi2020_600_DR1p","50.711811958690504","28.372834004781872","10.867439137252022","8.469991064446702","420.3928263625919","1.431229866945519","1.604430798697195",
"306","ENGAGE-NPi2020-600-DR1p","MESSAGEix-GLOBIOM 1.1","Final Energy|Electricity","EJ/yr","[object Object]",2090,33.99760683233673,"1.604430798697195","1.431229866945519","2048","420.3928263625919","557.5510496164904","-0.000041263189679965854","2070",,"GW1",,"failed","high","medium","ok","medium","high","high","ok","ok","ok","ok","ok","true","C1","C1: Below 1.5°C with no or limited overshoot","MESSAGEix-GLOBIOM_1.1","EN_NPi2020_600_DR1p","50.711811958690504","28.372834004781872","10.867439137252022","8.469991064446702","420.3928263625919","1.431229866945519","1.604430798697195",
"306","ENGAGE-NPi2020-600-DR1p","MESSAGEix-GLOBIOM 1.1","Final Energy|Electricity","EJ/yr","[object Object]",2100,36.62961254505684,"1.604430798697195","1.431229866945519","2048","420.3928263625919","557.5510496164904","-0.000041263189679965854","2070",,"GW1",,"failed","high","medium","ok","medium","high","high","ok","ok","ok","ok","ok","true","C1","C1: Below 1.5°C with no or limited overshoot","MESSAGEix-GLOBIOM_1.1","EN_NPi2020_600_DR1p","50.711811958690504","28.372834004781872","10.867439137252022","8.469991064446702","420.3928263625919","1.431229866945519","1.604430798697195",
"307","ENGAGE-NPi2020-600-DR2p","MESSAGEix-GLOBIOM 1.1","Final Energy|Electricity","EJ/yr","[object Object]",2010,11.704675352868431,"1.60684145574225","1.428886248984998","2048","446.533095205891","557.6250466252312","-0.00012015879362959323","2070",,"GW1",,"failed","high","medium","ok","medium","high","high","ok","ok","ok","ok","ok","true","C1","C1: Below 1.5°C with no or limited overshoot","MESSAGEix-GLOBIOM_1.1","EN_NPi2020_600_DR2p","50.23427258431996","29.521216519036198","11.135674806459477","8.557609641585799","446.533095205891","1.428886248984998","1.60684145574225",
"307","ENGAGE-NPi2020-600-DR2p","MESSAGEix-GLOBIOM 1.1","Final Energy|Electricity","EJ/yr","[object Object]",2015,11.552076015093355,"1.60684145574225","1.428886248984998","2048","446.533095205891","557.6250466252312","-0.00012015879362959323","2070",,"GW1",,"failed","high","medium","ok","medium","high","high","ok","ok","ok","ok","ok","true","C1","C1: Below 1.5°C with no or limited overshoot","MESSAGEix-GLOBIOM_1.1","EN_NPi2020_600_DR2p","50.23427258431996","29.521216519036198","11.135674806459477","8.557609641585799","446.533095205891","1.428886248984998","1.60684145574225",
"307","ENGAGE-NPi2020-600-DR2p","MESSAGEix-GLOBIOM 1.1","Final Energy|Electricity","EJ/yr","[object Object]",2020,12.77815316708094,"1.60684145574225","1.428886248984998","2048","446.533095205891","557.6250466252312","-0.00012015879362959323","2070",,"GW1",,"failed","high","medium","ok","medium","high","high","ok","ok","ok","ok","ok","true","C1","C1: Below 1.5°C with no or limited overshoot","MESSAGEix-GLOBIOM_1.1","EN_NPi2020_600_DR2p","50.23427258431996","29.521216519036198","11.135674806459477","8.557609641585799","446.533095205891","1.428886248984998","1.60684145574225",
"307","ENGAGE-NPi2020-600-DR2p","MESSAGEix-GLOBIOM 1.1","Final Energy|Electricity","EJ/yr","[object Object]",2025,13.0738770059745,"1.60684145574225","1.428886248984998","2048","446.533095205891","557.6250466252312","-0.00012015879362959323","2070",,"GW1",,"failed","high","medium","ok","medium","high","high","ok","ok","ok","ok","ok","true","C1","C1: Below 1.5°C with no or limited overshoot","MESSAGEix-GLOBIOM_1.1","EN_NPi2020_600_DR2p","50.23427258431996","29.521216519036198","11.135674806459477","8.557609641585799","446.533095205891","1.428886248984998","1.60684145574225",
"307","ENGAGE-NPi2020-600-DR2p","MESSAGEix-GLOBIOM 1.1","Final Energy|Electricity","EJ/yr","[object Object]",2030,14.88140368599402,"1.60684145574225","1.428886248984998","2048","446.533095205891","557.6250466252312","-0.00012015879362959323","2070",,"GW1",,"failed","high","medium","ok","medium","high","high","ok","ok","ok","ok","ok","true","C1","C1: Below 1.5°C with no or limited overshoot","MESSAGEix-GLOBIOM_1.1","EN_NPi2020_600_DR2p","50.23427258431996","29.521216519036198","11.135674806459477","8.557609641585799","446.533095205891","1.428886248984998","1.60684145574225",
"307","ENGAGE-NPi2020-600-DR2p","MESSAGEix-GLOBIOM 1.1","Final Energy|Electricity","EJ/yr","[object Object]",2035,16.879023688696545,"1.60684145574225","1.428886248984998","2048","446.533095205891","557.6250466252312","-0.00012015879362959323","2070",,"GW1",,"failed","high","medium","ok","medium","high","high","ok","ok","ok","ok","ok","true","C1","C1: Below 1.5°C with no or limited overshoot","MESSAGEix-GLOBIOM_1.1","EN_NPi2020_600_DR2p","50.23427258431996","29.521216519036198","11.135674806459477","8.557609641585799","446.533095205891","1.428886248984998","1.60684145574225",
"307","ENGAGE-NPi2020-600-DR2p","MESSAGEix-GLOBIOM 1.1","Final Energy|Electricity","EJ/yr","[object Object]",2040,19.76540128153886,"1.60684145574225","1.428886248984998","2048","446.533095205891","557.6250466252312","-0.00012015879362959323","2070",,"GW1",,"failed","high","medium","ok","medium","high","high","ok","ok","ok","ok","ok","true","C1","C1: Below 1.5°C with no or limited overshoot","MESSAGEix-GLOBIOM_1.1","EN_NPi2020_600_DR2p","50.23427258431996","29.521216519036198","11.135674806459477","8.557609641585799","446.533095205891","1.428886248984998","1.60684145574225",
"307","ENGAGE-NPi2020-600-DR2p","MESSAGEix-GLOBIOM 1.1","Final Energy|Electricity","EJ/yr","[object Object]",2045,20.86598945798485,"1.60684145574225","1.428886248984998","2048","446.533095205891","557.6250466252312","-0.00012015879362959323","2070",,"GW1",,"failed","high","medium","ok","medium","high","high","ok","ok","ok","ok","ok","true","C1","C1: Below 1.5°C with no or limited overshoot","MESSAGEix-GLOBIOM_1.1","EN_NPi2020_600_DR2p","50.23427258431996","29.521216519036198","11.135674806459477","8.557609641585799","446.533095205891","1.428886248984998","1.60684145574225",
"307","ENGAGE-NPi2020-600-DR2p","MESSAGEix-GLOBIOM 1.1","Final Energy|Electricity","EJ/yr","[object Object]",2050,22.27574892118904,"1.60684145574225","1.428886248984998","2048","446.533095205891","557.6250466252312","-0.00012015879362959323","2070",,"GW1",,"failed","high","medium","ok","medium","high","high","ok","ok","ok","ok","ok","true","C1","C1: Below 1.5°C with no or limited overshoot","MESSAGEix-GLOBIOM_1.1","EN_NPi2020_600_DR2p","50.23427258431996","29.521216519036198","11.135674806459477","8.557609641585799","446.533095205891","1.428886248984998","1.60684145574225",
"307","ENGAGE-NPi2020-600-DR2p","MESSAGEix-GLOBIOM 1.1","Final Energy|Electricity","EJ/yr","[object Object]",2055,23.859363942558748,"1.60684145574225","1.428886248984998","2048","446.533095205891","557.6250466252312","-0.00012015879362959323","2070",,"GW1",,"failed","high","medium","ok","medium","high","high","ok","ok","ok","ok","ok","true","C1","C1: Below 1.5°C with no or limited overshoot","MESSAGEix-GLOBIOM_1.1","EN_NPi2020_600_DR2p","50.23427258431996","29.521216519036198","11.135674806459477","8.557609641585799","446.533095205891","1.428886248984998","1.60684145574225",
"307","ENGAGE-NPi2020-600-DR2p","MESSAGEix-GLOBIOM 1.1","Final Energy|Electricity","EJ/yr","[object Object]",2060,25.15433010154799,"1.60684145574225","1.428886248984998","2048","446.533095205891","557.6250466252312","-0.00012015879362959323","2070",,"GW1",,"failed","high","medium","ok","medium","high","high","ok","ok","ok","ok","ok","true","C1","C1: Below 1.5°C with no or limited overshoot","MESSAGEix-GLOBIOM_1.1","EN_NPi2020_600_DR2p","50.23427258431996","29.521216519036198","11.135674806459477","8.557609641585799","446.533095205891","1.428886248984998","1.60684145574225",
"307","ENGAGE-NPi2020-600-DR2p","MESSAGEix-GLOBIOM 1.1","Final Energy|Electricity","EJ/yr","[object Object]",2070,28.30837534402946,"1.60684145574225","1.428886248984998","2048","446.533095205891","557.6250466252312","-0.00012015879362959323","2070",,"GW1",,"failed","high","medium","ok","medium","high","high","ok","ok","ok","ok","ok","true","C1","C1: Below 1.5°C with no or limited overshoot","MESSAGEix-GLOBIOM_1.1","EN_NPi2020_600_DR2p","50.23427258431996","29.521216519036198","11.135674806459477","8.557609641585799","446.533095205891","1.428886248984998","1.60684145574225",
"307","ENGAGE-NPi2020-600-DR2p","MESSAGEix-GLOBIOM 1.1","Final Energy|Electricity","EJ/yr","[object Object]",2080,31.11292613352784,"1.60684145574225","1.428886248984998","2048","446.533095205891","557.6250466252312","-0.00012015879362959323","2070",,"GW1",,"failed","high","medium","ok","medium","high","high","ok","ok","ok","ok","ok","true","C1","C1: Below 1.5°C with no or limited overshoot","MESSAGEix-GLOBIOM_1.1","EN_NPi2020_600_DR2p","50.23427258431996","29.521216519036198","11.135674806459477","8.557609641585799","446.533095205891","1.428886248984998","1.60684145574225",
"307","ENGAGE-NPi2020-600-DR2p","MESSAGEix-GLOBIOM 1.1","Final Energy|Electricity","EJ/yr","[object Object]",2090,33.75713558051151,"1.60684145574225","1.428886248984998","2048","446.533095205891","557.6250466252312","-0.00012015879362959323","2070",,"GW1",,"failed","high","medium","ok","medium","high","high","ok","ok","ok","ok","ok","true","C1","C1: Below 1.5°C with no or limited overshoot","MESSAGEix-GLOBIOM_1.1","EN_NPi2020_600_DR2p","50.23427258431996","29.521216519036198","11.135674806459477","8.557609641585799","446.533095205891","1.428886248984998","1.60684145574225",
"307","ENGAGE-NPi2020-600-DR2p","MESSAGEix-GLOBIOM 1.1","Final Energy|Electricity","EJ/yr","[object Object]",2100,35.89536795810344,"1.60684145574225","1.428886248984998","2048","446.533095205891","557.6250466252312","-0.00012015879362959323","2070",,"GW1",,"failed","high","medium","ok","medium","high","high","ok","ok","ok","ok","ok","true","C1","C1: Below 1.5°C with no or limited overshoot","MESSAGEix-GLOBIOM_1.1","EN_NPi2020_600_DR2p","50.23427258431996","29.521216519036198","11.135674806459477","8.557609641585799","446.533095205891","1.428886248984998","1.60684145574225",
"308","ENGAGE-NPi2020-600-DR3p","MESSAGEix-GLOBIOM 1.1","Final Energy|Electricity","EJ/yr","[object Object]",2010,11.704675352868431,"1.60756972605525","1.427113410146957","2048","467.7757606766859","556.7013697955423","-0.005504257926271749","2070",,"GW1",,"failed","high","medium","ok","medium","high","high","ok","ok","ok","ok","medium","true","C1","C1: Below 1.5°C with no or limited overshoot","MESSAGEix-GLOBIOM_1.1","EN_NPi2020_600_DR3p","49.88740555828443","30.231436198144333","11.08980593805003","8.62510154996194","467.7757606766859","1.427113410146957","1.60756972605525",
"308","ENGAGE-NPi2020-600-DR3p","MESSAGEix-GLOBIOM 1.1","Final Energy|Electricity","EJ/yr","[object Object]",2015,11.552076015093355,"1.60756972605525","1.427113410146957","2048","467.7757606766859","556.7013697955423","-0.005504257926271749","2070",,"GW1",,"failed","high","medium","ok","medium","high","high","ok","ok","ok","ok","medium","true","C1","C1: Below 1.5°C with no or limited overshoot","MESSAGEix-GLOBIOM_1.1","EN_NPi2020_600_DR3p","49.88740555828443","30.231436198144333","11.08980593805003","8.62510154996194","467.7757606766859","1.427113410146957","1.60756972605525",
"308","ENGAGE-NPi2020-600-DR3p","MESSAGEix-GLOBIOM 1.1","Final Energy|Electricity","EJ/yr","[object Object]",2020,12.702264050009983,"1.60756972605525","1.427113410146957","2048","467.7757606766859","556.7013697955423","-0.005504257926271749","2070",,"GW1",,"failed","high","medium","ok","medium","high","high","ok","ok","ok","ok","medium","true","C1","C1: Below 1.5°C with no or limited overshoot","MESSAGEix-GLOBIOM_1.1","EN_NPi2020_600_DR3p","49.88740555828443","30.231436198144333","11.08980593805003","8.62510154996194","467.7757606766859","1.427113410146957","1.60756972605525",
"308","ENGAGE-NPi2020-600-DR3p","MESSAGEix-GLOBIOM 1.1","Final Energy|Electricity","EJ/yr","[object Object]",2025,13.131776657347828,"1.60756972605525","1.427113410146957","2048","467.7757606766859","556.7013697955423","-0.005504257926271749","2070",,"GW1",,"failed","high","medium","ok","medium","high","high","ok","ok","ok","ok","medium","true","C1","C1: Below 1.5°C with no or limited overshoot","MESSAGEix-GLOBIOM_1.1","EN_NPi2020_600_DR3p","49.88740555828443","30.231436198144333","11.08980593805003","8.62510154996194","467.7757606766859","1.427113410146957","1.60756972605525",
"308","ENGAGE-NPi2020-600-DR3p","MESSAGEix-GLOBIOM 1.1","Final Energy|Electricity","EJ/yr","[object Object]",2030,14.996027856098756,"1.60756972605525","1.427113410146957","2048","467.7757606766859","556.7013697955423","-0.005504257926271749","2070",,"GW1",,"failed","high","medium","ok","medium","high","high","ok","ok","ok","ok","medium","true","C1","C1: Below 1.5°C with no or limited overshoot","MESSAGEix-GLOBIOM_1.1","EN_NPi2020_600_DR3p","49.88740555828443","30.231436198144333","11.08980593805003","8.62510154996194","467.7757606766859","1.427113410146957","1.60756972605525",
"308","ENGAGE-NPi2020-600-DR3p","MESSAGEix-GLOBIOM 1.1","Final Energy|Electricity","EJ/yr","[object Object]",2035,17.086490272380118,"1.60756972605525","1.427113410146957","2048","467.7757606766859","556.7013697955423","-0.005504257926271749","2070",,"GW1",,"failed","high","medium","ok","medium","high","high","ok","ok","ok","ok","medium","true","C1","C1: Below 1.5°C with no or limited overshoot","MESSAGEix-GLOBIOM_1.1","EN_NPi2020_600_DR3p","49.88740555828443","30.231436198144333","11.08980593805003","8.62510154996194","467.7757606766859","1.427113410146957","1.60756972605525",
"308","ENGAGE-NPi2020-600-DR3p","MESSAGEix-GLOBIOM 1.1","Final Energy|Electricity","EJ/yr","[object Object]",2040,19.577443526596763,"1.60756972605525","1.427113410146957","2048","467.7757606766859","556.7013697955423","-0.005504257926271749","2070",,"GW1",,"failed","high","medium","ok","medium","high","high","ok","ok","ok","ok","medium","true","C1","C1: Below 1.5°C with no or limited overshoot","MESSAGEix-GLOBIOM_1.1","EN_NPi2020_600_DR3p","49.88740555828443","30.231436198144333","11.08980593805003","8.62510154996194","467.7757606766859","1.427113410146957","1.60756972605525",
"308","ENGAGE-NPi2020-600-DR3p","MESSAGEix-GLOBIOM 1.1","Final Energy|Electricity","EJ/yr","[object Object]",2045,20.68551424341765,"1.60756972605525","1.427113410146957","2048","467.7757606766859","556.7013697955423","-0.005504257926271749","2070",,"GW1",,"failed","high","medium","ok","medium","high","high","ok","ok","ok","ok","medium","true","C1","C1: Below 1.5°C with no or limited overshoot","MESSAGEix-GLOBIOM_1.1","EN_NPi2020_600_DR3p","49.88740555828443","30.231436198144333","11.08980593805003","8.62510154996194","467.7757606766859","1.427113410146957","1.60756972605525",
"308","ENGAGE-NPi2020-600-DR3p","MESSAGEix-GLOBIOM 1.1","Final Energy|Electricity","EJ/yr","[object Object]",2050,22.096944844925225,"1.60756972605525","1.427113410146957","2048","467.7757606766859","556.7013697955423","-0.005504257926271749","2070",,"GW1",,"failed","high","medium","ok","medium","high","high","ok","ok","ok","ok","medium","true","C1","C1: Below 1.5°C with no or limited overshoot","MESSAGEix-GLOBIOM_1.1","EN_NPi2020_600_DR3p","49.88740555828443","30.231436198144333","11.08980593805003","8.62510154996194","467.7757606766859","1.427113410146957","1.60756972605525",
"308","ENGAGE-NPi2020-600-DR3p","MESSAGEix-GLOBIOM 1.1","Final Energy|Electricity","EJ/yr","[object Object]",2055,23.67972209988732,"1.60756972605525","1.427113410146957","2048","467.7757606766859","556.7013697955423","-0.005504257926271749","2070",,"GW1",,"failed","high","medium","ok","medium","high","high","ok","ok","ok","ok","medium","true","C1","C1: Below 1.5°C with no or limited overshoot","MESSAGEix-GLOBIOM_1.1","EN_NPi2020_600_DR3p","49.88740555828443","30.231436198144333","11.08980593805003","8.62510154996194","467.7757606766859","1.427113410146957","1.60756972605525",
"308","ENGAGE-NPi2020-600-DR3p","MESSAGEix-GLOBIOM 1.1","Final Energy|Electricity","EJ/yr","[object Object]",2060,24.960767625930057,"1.60756972605525","1.427113410146957","2048","467.7757606766859","556.7013697955423","-0.005504257926271749","2070",,"GW1",,"failed","high","medium","ok","medium","high","high","ok","ok","ok","ok","medium","true","C1","C1: Below 1.5°C with no or limited overshoot","MESSAGEix-GLOBIOM_1.1","EN_NPi2020_600_DR3p","49.88740555828443","30.231436198144333","11.08980593805003","8.62510154996194","467.7757606766859","1.427113410146957","1.60756972605525",
"308","ENGAGE-NPi2020-600-DR3p","MESSAGEix-GLOBIOM 1.1","Final Energy|Electricity","EJ/yr","[object Object]",2070,28.2479585172964,"1.60756972605525","1.427113410146957","2048","467.7757606766859","556.7013697955423","-0.005504257926271749","2070",,"GW1",,"failed","high","medium","ok","medium","high","high","ok","ok","ok","ok","medium","true","C1","C1: Below 1.5°C with no or limited overshoot","MESSAGEix-GLOBIOM_1.1","EN_NPi2020_600_DR3p","49.88740555828443","30.231436198144333","11.08980593805003","8.62510154996194","467.7757606766859","1.427113410146957","1.60756972605525",
"308","ENGAGE-NPi2020-600-DR3p","MESSAGEix-GLOBIOM 1.1","Final Energy|Electricity","EJ/yr","[object Object]",2080,31.11498165202537,"1.60756972605525","1.427113410146957","2048","467.7757606766859","556.7013697955423","-0.005504257926271749","2070",,"GW1",,"failed","high","medium","ok","medium","high","high","ok","ok","ok","ok","medium","true","C1","C1: Below 1.5°C with no or limited overshoot","MESSAGEix-GLOBIOM_1.1","EN_NPi2020_600_DR3p","49.88740555828443","30.231436198144333","11.08980593805003","8.62510154996194","467.7757606766859","1.427113410146957","1.60756972605525",
"308","ENGAGE-NPi2020-600-DR3p","MESSAGEix-GLOBIOM 1.1","Final Energy|Electricity","EJ/yr","[object Object]",2090,33.784868115089814,"1.60756972605525","1.427113410146957","2048","467.7757606766859","556.7013697955423","-0.005504257926271749","2070",,"GW1",,"failed","high","medium","ok","medium","high","high","ok","ok","ok","ok","medium","true","C1","C1: Below 1.5°C with no or limited overshoot","MESSAGEix-GLOBIOM_1.1","EN_NPi2020_600_DR3p","49.88740555828443","30.231436198144333","11.08980593805003","8.62510154996194","467.7757606766859","1.427113410146957","1.60756972605525",
"308","ENGAGE-NPi2020-600-DR3p","MESSAGEix-GLOBIOM 1.1","Final Energy|Electricity","EJ/yr","[object Object]",2100,35.94289738334704,"1.60756972605525","1.427113410146957","2048","467.7757606766859","556.7013697955423","-0.005504257926271749","2070",,"GW1",,"failed","high","medium","ok","medium","high","high","ok","ok","ok","ok","medium","true","C1","C1: Below 1.5°C with no or limited overshoot","MESSAGEix-GLOBIOM_1.1","EN_NPi2020_600_DR3p","49.88740555828443","30.231436198144333","11.08980593805003","8.62510154996194","467.7757606766859","1.427113410146957","1.60756972605525",
"309","ENGAGE-NPi2020-600-DR4p","MESSAGEix-GLOBIOM 1.1","Final Energy|Electricity","EJ/yr","[object Object]",2010,11.704675352868431,"1.611458487180011","1.426258695068843","2048","504.05934329647346","555.3196031528233","-6.35274247997586e-8","2100",,"GW1",,"failed","high","medium","ok","medium","high","medium","ok","ok","ok","ok","medium","true","C1","C1: Below 1.5°C with no or limited overshoot","MESSAGEix-GLOBIOM_1.1","EN_NPi2020_600_DR4p","50.75377657905901","30.056297099203675","11.185573162497453","8.68567306613808","504.05934329647346","1.426258695068843","1.611458487180011",
"309","ENGAGE-NPi2020-600-DR4p","MESSAGEix-GLOBIOM 1.1","Final Energy|Electricity","EJ/yr","[object Object]",2015,11.552076015093355,"1.611458487180011","1.426258695068843","2048","504.05934329647346","555.3196031528233","-6.35274247997586e-8","2100",,"GW1",,"failed","high","medium","ok","medium","high","medium","ok","ok","ok","ok","medium","true","C1","C1: Below 1.5°C with no or limited overshoot","MESSAGEix-GLOBIOM_1.1","EN_NPi2020_600_DR4p","50.75377657905901","30.056297099203675","11.185573162497453","8.68567306613808","504.05934329647346","1.426258695068843","1.611458487180011",
"309","ENGAGE-NPi2020-600-DR4p","MESSAGEix-GLOBIOM 1.1","Final Energy|Electricity","EJ/yr","[object Object]",2020,12.773827575792604,"1.611458487180011","1.426258695068843","2048","504.05934329647346","555.3196031528233","-6.35274247997586e-8","2100",,"GW1",,"failed","high","medium","ok","medium","high","medium","ok","ok","ok","ok","medium","true","C1","C1: Below 1.5°C with no or limited overshoot","MESSAGEix-GLOBIOM_1.1","EN_NPi2020_600_DR4p","50.75377657905901","30.056297099203675","11.185573162497453","8.68567306613808","504.05934329647346","1.426258695068843","1.611458487180011",
"309","ENGAGE-NPi2020-600-DR4p","MESSAGEix-GLOBIOM 1.1","Final Energy|Electricity","EJ/yr","[object Object]",2025,13.252868409858484,"1.611458487180011","1.426258695068843","2048","504.05934329647346","555.3196031528233","-6.35274247997586e-8","2100",,"GW1",,"failed","high","medium","ok","medium","high","medium","ok","ok","ok","ok","medium","true","C1","C1: Below 1.5°C with no or limited overshoot","MESSAGEix-GLOBIOM_1.1","EN_NPi2020_600_DR4p","50.75377657905901","30.056297099203675","11.185573162497453","8.68567306613808","504.05934329647346","1.426258695068843","1.611458487180011",
"309","ENGAGE-NPi2020-600-DR4p","MESSAGEix-GLOBIOM 1.1","Final Energy|Electricity","EJ/yr","[object Object]",2030,15.170667448111164,"1.611458487180011","1.426258695068843","2048","504.05934329647346","555.3196031528233","-6.35274247997586e-8","2100",,"GW1",,"failed","high","medium","ok","medium","high","medium","ok","ok","ok","ok","medium","true","C1","C1: Below 1.5°C with no or limited overshoot","MESSAGEix-GLOBIOM_1.1","EN_NPi2020_600_DR4p","50.75377657905901","30.056297099203675","11.185573162497453","8.68567306613808","504.05934329647346","1.426258695068843","1.611458487180011",
"309","ENGAGE-NPi2020-600-DR4p","MESSAGEix-GLOBIOM 1.1","Final Energy|Electricity","EJ/yr","[object Object]",2035,17.376154128124888,"1.611458487180011","1.426258695068843","2048","504.05934329647346","555.3196031528233","-6.35274247997586e-8","2100",,"GW1",,"failed","high","medium","ok","medium","high","medium","ok","ok","ok","ok","medium","true","C1","C1: Below 1.5°C with no or limited overshoot","MESSAGEix-GLOBIOM_1.1","EN_NPi2020_600_DR4p","50.75377657905901","30.056297099203675","11.185573162497453","8.68567306613808","504.05934329647346","1.426258695068843","1.611458487180011",
"309","ENGAGE-NPi2020-600-DR4p","MESSAGEix-GLOBIOM 1.1","Final Energy|Electricity","EJ/yr","[object Object]",2040,19.48092859460677,"1.611458487180011","1.426258695068843","2048","504.05934329647346","555.3196031528233","-6.35274247997586e-8","2100",,"GW1",,"failed","high","medium","ok","medium","high","medium","ok","ok","ok","ok","medium","true","C1","C1: Below 1.5°C with no or limited overshoot","MESSAGEix-GLOBIOM_1.1","EN_NPi2020_600_DR4p","50.75377657905901","30.056297099203675","11.185573162497453","8.68567306613808","504.05934329647346","1.426258695068843","1.611458487180011",
"309","ENGAGE-NPi2020-600-DR4p","MESSAGEix-GLOBIOM 1.1","Final Energy|Electricity","EJ/yr","[object Object]",2045,20.549645241515584,"1.611458487180011","1.426258695068843","2048","504.05934329647346","555.3196031528233","-6.35274247997586e-8","2100",,"GW1",,"failed","high","medium","ok","medium","high","medium","ok","ok","ok","ok","medium","true","C1","C1: Below 1.5°C with no or limited overshoot","MESSAGEix-GLOBIOM_1.1","EN_NPi2020_600_DR4p","50.75377657905901","30.056297099203675","11.185573162497453","8.68567306613808","504.05934329647346","1.426258695068843","1.611458487180011",
"309","ENGAGE-NPi2020-600-DR4p","MESSAGEix-GLOBIOM 1.1","Final Energy|Electricity","EJ/yr","[object Object]",2050,21.96457510330463,"1.611458487180011","1.426258695068843","2048","504.05934329647346","555.3196031528233","-6.35274247997586e-8","2100",,"GW1",,"failed","high","medium","ok","medium","high","medium","ok","ok","ok","ok","medium","true","C1","C1: Below 1.5°C with no or limited overshoot","MESSAGEix-GLOBIOM_1.1","EN_NPi2020_600_DR4p","50.75377657905901","30.056297099203675","11.185573162497453","8.68567306613808","504.05934329647346","1.426258695068843","1.611458487180011",
"309","ENGAGE-NPi2020-600-DR4p","MESSAGEix-GLOBIOM 1.1","Final Energy|Electricity","EJ/yr","[object Object]",2055,23.541148044679705,"1.611458487180011","1.426258695068843","2048","504.05934329647346","555.3196031528233","-6.35274247997586e-8","2100",,"GW1",,"failed","high","medium","ok","medium","high","medium","ok","ok","ok","ok","medium","true","C1","C1: Below 1.5°C with no or limited overshoot","MESSAGEix-GLOBIOM_1.1","EN_NPi2020_600_DR4p","50.75377657905901","30.056297099203675","11.185573162497453","8.68567306613808","504.05934329647346","1.426258695068843","1.611458487180011",
"309","ENGAGE-NPi2020-600-DR4p","MESSAGEix-GLOBIOM 1.1","Final Energy|Electricity","EJ/yr","[object Object]",2060,24.845837540318136,"1.611458487180011","1.426258695068843","2048","504.05934329647346","555.3196031528233","-6.35274247997586e-8","2100",,"GW1",,"failed","high","medium","ok","medium","high","medium","ok","ok","ok","ok","medium","true","C1","C1: Below 1.5°C with no or limited overshoot","MESSAGEix-GLOBIOM_1.1","EN_NPi2020_600_DR4p","50.75377657905901","30.056297099203675","11.185573162497453","8.68567306613808","504.05934329647346","1.426258695068843","1.611458487180011",
"309","ENGAGE-NPi2020-600-DR4p","MESSAGEix-GLOBIOM 1.1","Final Energy|Electricity","EJ/yr","[object Object]",2070,28.310269760294563,"1.611458487180011","1.426258695068843","2048","504.05934329647346","555.3196031528233","-6.35274247997586e-8","2100",,"GW1",,"failed","high","medium","ok","medium","high","medium","ok","ok","ok","ok","medium","true","C1","C1: Below 1.5°C with no or limited overshoot","MESSAGEix-GLOBIOM_1.1","EN_NPi2020_600_DR4p","50.75377657905901","30.056297099203675","11.185573162497453","8.68567306613808","504.05934329647346","1.426258695068843","1.611458487180011",
"309","ENGAGE-NPi2020-600-DR4p","MESSAGEix-GLOBIOM 1.1","Final Energy|Electricity","EJ/yr","[object Object]",2080,31.0918985360036,"1.611458487180011","1.426258695068843","2048","504.05934329647346","555.3196031528233","-6.35274247997586e-8","2100",,"GW1",,"failed","high","medium","ok","medium","high","medium","ok","ok","ok","ok","medium","true","C1","C1: Below 1.5°C with no or limited overshoot","MESSAGEix-GLOBIOM_1.1","EN_NPi2020_600_DR4p","50.75377657905901","30.056297099203675","11.185573162497453","8.68567306613808","504.05934329647346","1.426258695068843","1.611458487180011",
"309","ENGAGE-NPi2020-600-DR4p","MESSAGEix-GLOBIOM 1.1","Final Energy|Electricity","EJ/yr","[object Object]",2090,33.71288550130146,"1.611458487180011","1.426258695068843","2048","504.05934329647346","555.3196031528233","-6.35274247997586e-8","2100",,"GW1",,"failed","high","medium","ok","medium","high","medium","ok","ok","ok","ok","medium","true","C1","C1: Below 1.5°C with no or limited overshoot","MESSAGEix-GLOBIOM_1.1","EN_NPi2020_600_DR4p","50.75377657905901","30.056297099203675","11.185573162497453","8.68567306613808","504.05934329647346","1.426258695068843","1.611458487180011",
"309","ENGAGE-NPi2020-600-DR4p","MESSAGEix-GLOBIOM 1.1","Final Energy|Electricity","EJ/yr","[object Object]",2100,36.036187031589805,"1.611458487180011","1.426258695068843","2048","504.05934329647346","555.3196031528233","-6.35274247997586e-8","2100",,"GW1",,"failed","high","medium","ok","medium","high","medium","ok","ok","ok","ok","medium","true","C1","C1: Below 1.5°C with no or limited overshoot","MESSAGEix-GLOBIOM_1.1","EN_NPi2020_600_DR4p","50.75377657905901","30.056297099203675","11.185573162497453","8.68567306613808","504.05934329647346","1.426258695068843","1.611458487180011",
"457","ENGAGE-NPi2020-200f","REMIND-MAgPIE 2.1-4.2","Final Energy|Electricity","EJ/yr","[object Object]",2010,10.4673,"1.602156473681359","1.307775246435238","2049","821.15609395","164.73321865000003","-408.07419713","2057","2076","GW1",,"failed","high","medium","medium","medium","medium",,"ok","ok","ok","ok","medium","true","C1","C1: Below 1.5°C with no or limited overshoot","REMIND-MAgPIE 2.1-4.2","EN_NPi2020_200f","58.49821495484886","17.177405075540143","24.16358178471573","5.341652445603302","821.15609395","1.307775246435238","1.602156473681359",
"457","ENGAGE-NPi2020-200f","REMIND-MAgPIE 2.1-4.2","Final Energy|Electricity","EJ/yr","[object Object]",2015,9.7737,"1.602156473681359","1.307775246435238","2049","821.15609395","164.73321865000003","-408.07419713","2057","2076","GW1",,"failed","high","medium","medium","medium","medium",,"ok","ok","ok","ok","medium","true","C1","C1: Below 1.5°C with no or limited overshoot","REMIND-MAgPIE 2.1-4.2","EN_NPi2020_200f","58.49821495484886","17.177405075540143","24.16358178471573","5.341652445603302","821.15609395","1.307775246435238","1.602156473681359",
"457","ENGAGE-NPi2020-200f","REMIND-MAgPIE 2.1-4.2","Final Energy|Electricity","EJ/yr","[object Object]",2020,10.4205,"1.602156473681359","1.307775246435238","2049","821.15609395","164.73321865000003","-408.07419713","2057","2076","GW1",,"failed","high","medium","medium","medium","medium",,"ok","ok","ok","ok","medium","true","C1","C1: Below 1.5°C with no or limited overshoot","REMIND-MAgPIE 2.1-4.2","EN_NPi2020_200f","58.49821495484886","17.177405075540143","24.16358178471573","5.341652445603302","821.15609395","1.307775246435238","1.602156473681359",
"457","ENGAGE-NPi2020-200f","REMIND-MAgPIE 2.1-4.2","Final Energy|Electricity","EJ/yr","[object Object]",2025,10.8919,"1.602156473681359","1.307775246435238","2049","821.15609395","164.73321865000003","-408.07419713","2057","2076","GW1",,"failed","high","medium","medium","medium","medium",,"ok","ok","ok","ok","medium","true","C1","C1: Below 1.5°C with no or limited overshoot","REMIND-MAgPIE 2.1-4.2","EN_NPi2020_200f","58.49821495484886","17.177405075540143","24.16358178471573","5.341652445603302","821.15609395","1.307775246435238","1.602156473681359",
"457","ENGAGE-NPi2020-200f","REMIND-MAgPIE 2.1-4.2","Final Energy|Electricity","EJ/yr","[object Object]",2030,12.5146,"1.602156473681359","1.307775246435238","2049","821.15609395","164.73321865000003","-408.07419713","2057","2076","GW1",,"failed","high","medium","medium","medium","medium",,"ok","ok","ok","ok","medium","true","C1","C1: Below 1.5°C with no or limited overshoot","REMIND-MAgPIE 2.1-4.2","EN_NPi2020_200f","58.49821495484886","17.177405075540143","24.16358178471573","5.341652445603302","821.15609395","1.307775246435238","1.602156473681359",
"457","ENGAGE-NPi2020-200f","REMIND-MAgPIE 2.1-4.2","Final Energy|Electricity","EJ/yr","[object Object]",2035,14.7954,"1.602156473681359","1.307775246435238","2049","821.15609395","164.73321865000003","-408.07419713","2057","2076","GW1",,"failed","high","medium","medium","medium","medium",,"ok","ok","ok","ok","medium","true","C1","C1: Below 1.5°C with no or limited overshoot","REMIND-MAgPIE 2.1-4.2","EN_NPi2020_200f","58.49821495484886","17.177405075540143","24.16358178471573","5.341652445603302","821.15609395","1.307775246435238","1.602156473681359",
"457","ENGAGE-NPi2020-200f","REMIND-MAgPIE 2.1-4.2","Final Energy|Electricity","EJ/yr","[object Object]",2040,17.7564,"1.602156473681359","1.307775246435238","2049","821.15609395","164.73321865000003","-408.07419713","2057","2076","GW1",,"failed","high","medium","medium","medium","medium",,"ok","ok","ok","ok","medium","true","C1","C1: Below 1.5°C with no or limited overshoot","REMIND-MAgPIE 2.1-4.2","EN_NPi2020_200f","58.49821495484886","17.177405075540143","24.16358178471573","5.341652445603302","821.15609395","1.307775246435238","1.602156473681359",
"457","ENGAGE-NPi2020-200f","REMIND-MAgPIE 2.1-4.2","Final Energy|Electricity","EJ/yr","[object Object]",2045,20.497,"1.602156473681359","1.307775246435238","2049","821.15609395","164.73321865000003","-408.07419713","2057","2076","GW1",,"failed","high","medium","medium","medium","medium",,"ok","ok","ok","ok","medium","true","C1","C1: Below 1.5°C with no or limited overshoot","REMIND-MAgPIE 2.1-4.2","EN_NPi2020_200f","58.49821495484886","17.177405075540143","24.16358178471573","5.341652445603302","821.15609395","1.307775246435238","1.602156473681359",
"457","ENGAGE-NPi2020-200f","REMIND-MAgPIE 2.1-4.2","Final Energy|Electricity","EJ/yr","[object Object]",2050,22.2089,"1.602156473681359","1.307775246435238","2049","821.15609395","164.73321865000003","-408.07419713","2057","2076","GW1",,"failed","high","medium","medium","medium","medium",,"ok","ok","ok","ok","medium","true","C1","C1: Below 1.5°C with no or limited overshoot","REMIND-MAgPIE 2.1-4.2","EN_NPi2020_200f","58.49821495484886","17.177405075540143","24.16358178471573","5.341652445603302","821.15609395","1.307775246435238","1.602156473681359",
"457","ENGAGE-NPi2020-200f","REMIND-MAgPIE 2.1-4.2","Final Energy|Electricity","EJ/yr","[object Object]",2055,22.9465,"1.602156473681359","1.307775246435238","2049","821.15609395","164.73321865000003","-408.07419713","2057","2076","GW1",,"failed","high","medium","medium","medium","medium",,"ok","ok","ok","ok","medium","true","C1","C1: Below 1.5°C with no or limited overshoot","REMIND-MAgPIE 2.1-4.2","EN_NPi2020_200f","58.49821495484886","17.177405075540143","24.16358178471573","5.341652445603302","821.15609395","1.307775246435238","1.602156473681359",
"457","ENGAGE-NPi2020-200f","REMIND-MAgPIE 2.1-4.2","Final Energy|Electricity","EJ/yr","[object Object]",2060,23.1915,"1.602156473681359","1.307775246435238","2049","821.15609395","164.73321865000003","-408.07419713","2057","2076","GW1",,"failed","high","medium","medium","medium","medium",,"ok","ok","ok","ok","medium","true","C1","C1: Below 1.5°C with no or limited overshoot","REMIND-MAgPIE 2.1-4.2","EN_NPi2020_200f","58.49821495484886","17.177405075540143","24.16358178471573","5.341652445603302","821.15609395","1.307775246435238","1.602156473681359",
"457","ENGAGE-NPi2020-200f","REMIND-MAgPIE 2.1-4.2","Final Energy|Electricity","EJ/yr","[object Object]",2070,24.7103,"1.602156473681359","1.307775246435238","2049","821.15609395","164.73321865000003","-408.07419713","2057","2076","GW1",,"failed","high","medium","medium","medium","medium",,"ok","ok","ok","ok","medium","true","C1","C1: Below 1.5°C with no or limited overshoot","REMIND-MAgPIE 2.1-4.2","EN_NPi2020_200f","58.49821495484886","17.177405075540143","24.16358178471573","5.341652445603302","821.15609395","1.307775246435238","1.602156473681359",
"457","ENGAGE-NPi2020-200f","REMIND-MAgPIE 2.1-4.2","Final Energy|Electricity","EJ/yr","[object Object]",2080,26.3699,"1.602156473681359","1.307775246435238","2049","821.15609395","164.73321865000003","-408.07419713","2057","2076","GW1",,"failed","high","medium","medium","medium","medium",,"ok","ok","ok","ok","medium","true","C1","C1: Below 1.5°C with no or limited overshoot","REMIND-MAgPIE 2.1-4.2","EN_NPi2020_200f","58.49821495484886","17.177405075540143","24.16358178471573","5.341652445603302","821.15609395","1.307775246435238","1.602156473681359",
"457","ENGAGE-NPi2020-200f","REMIND-MAgPIE 2.1-4.2","Final Energy|Electricity","EJ/yr","[object Object]",2090,27.7231,"1.602156473681359","1.307775246435238","2049","821.15609395","164.73321865000003","-408.07419713","2057","2076","GW1",,"failed","high","medium","medium","medium","medium",,"ok","ok","ok","ok","medium","true","C1","C1: Below 1.5°C with no or limited overshoot","REMIND-MAgPIE 2.1-4.2","EN_NPi2020_200f","58.49821495484886","17.177405075540143","24.16358178471573","5.341652445603302","821.15609395","1.307775246435238","1.602156473681359",
"457","ENGAGE-NPi2020-200f","REMIND-MAgPIE 2.1-4.2","Final Energy|Electricity","EJ/yr","[object Object]",2100,29.2867,"1.602156473681359","1.307775246435238","2049","821.15609395","164.73321865000003","-408.07419713","2057","2076","GW1",,"failed","high","medium","medium","medium","medium",,"ok","ok","ok","ok","medium","true","C1","C1: Below 1.5°C with no or limited overshoot","REMIND-MAgPIE 2.1-4.2","EN_NPi2020_200f","58.49821495484886","17.177405075540143","24.16358178471573","5.341652445603302","821.15609395","1.307775246435238","1.602156473681359",
"462","ENGAGE-NPi2020-300f","REMIND-MAgPIE 2.1-4.2","Final Energy|Electricity","EJ/yr","[object Object]",2010,10.4673,"1.596263683816657","1.312724699773797","2049","758.2003601","265.04323975000017","-333.88200138999997","2059","2081","GW1",,"failed","high","medium","ok","medium","medium",,"ok","ok","ok","ok","medium","true","C1","C1: Below 1.5°C with no or limited overshoot","REMIND-MAgPIE 2.1-4.2","EN_NPi2020_300f","57.4693376605191","18.46309399273494","23.906946286335597","5.099472251353603","758.2003601","1.312724699773797","1.596263683816657",
"462","ENGAGE-NPi2020-300f","REMIND-MAgPIE 2.1-4.2","Final Energy|Electricity","EJ/yr","[object Object]",2015,9.7737,"1.596263683816657","1.312724699773797","2049","758.2003601","265.04323975000017","-333.88200138999997","2059","2081","GW1",,"failed","high","medium","ok","medium","medium",,"ok","ok","ok","ok","medium","true","C1","C1: Below 1.5°C with no or limited overshoot","REMIND-MAgPIE 2.1-4.2","EN_NPi2020_300f","57.4693376605191","18.46309399273494","23.906946286335597","5.099472251353603","758.2003601","1.312724699773797","1.596263683816657",
"462","ENGAGE-NPi2020-300f","REMIND-MAgPIE 2.1-4.2","Final Energy|Electricity","EJ/yr","[object Object]",2020,10.4205,"1.596263683816657","1.312724699773797","2049","758.2003601","265.04323975000017","-333.88200138999997","2059","2081","GW1",,"failed","high","medium","ok","medium","medium",,"ok","ok","ok","ok","medium","true","C1","C1: Below 1.5°C with no or limited overshoot","REMIND-MAgPIE 2.1-4.2","EN_NPi2020_300f","57.4693376605191","18.46309399273494","23.906946286335597","5.099472251353603","758.2003601","1.312724699773797","1.596263683816657",
"462","ENGAGE-NPi2020-300f","REMIND-MAgPIE 2.1-4.2","Final Energy|Electricity","EJ/yr","[object Object]",2025,10.923,"1.596263683816657","1.312724699773797","2049","758.2003601","265.04323975000017","-333.88200138999997","2059","2081","GW1",,"failed","high","medium","ok","medium","medium",,"ok","ok","ok","ok","medium","true","C1","C1: Below 1.5°C with no or limited overshoot","REMIND-MAgPIE 2.1-4.2","EN_NPi2020_300f","57.4693376605191","18.46309399273494","23.906946286335597","5.099472251353603","758.2003601","1.312724699773797","1.596263683816657",
"462","ENGAGE-NPi2020-300f","REMIND-MAgPIE 2.1-4.2","Final Energy|Electricity","EJ/yr","[object Object]",2030,12.4872,"1.596263683816657","1.312724699773797","2049","758.2003601","265.04323975000017","-333.88200138999997","2059","2081","GW1",,"failed","high","medium","ok","medium","medium",,"ok","ok","ok","ok","medium","true","C1","C1: Below 1.5°C with no or limited overshoot","REMIND-MAgPIE 2.1-4.2","EN_NPi2020_300f","57.4693376605191","18.46309399273494","23.906946286335597","5.099472251353603","758.2003601","1.312724699773797","1.596263683816657",
"462","ENGAGE-NPi2020-300f","REMIND-MAgPIE 2.1-4.2","Final Energy|Electricity","EJ/yr","[object Object]",2035,14.6517,"1.596263683816657","1.312724699773797","2049","758.2003601","265.04323975000017","-333.88200138999997","2059","2081","GW1",,"failed","high","medium","ok","medium","medium",,"ok","ok","ok","ok","medium","true","C1","C1: Below 1.5°C with no or limited overshoot","REMIND-MAgPIE 2.1-4.2","EN_NPi2020_300f","57.4693376605191","18.46309399273494","23.906946286335597","5.099472251353603","758.2003601","1.312724699773797","1.596263683816657",
"462","ENGAGE-NPi2020-300f","REMIND-MAgPIE 2.1-4.2","Final Energy|Electricity","EJ/yr","[object Object]",2040,17.5608,"1.596263683816657","1.312724699773797","2049","758.2003601","265.04323975000017","-333.88200138999997","2059","2081","GW1",,"failed","high","medium","ok","medium","medium",,"ok","ok","ok","ok","medium","true","C1","C1: Below 1.5°C with no or limited overshoot","REMIND-MAgPIE 2.1-4.2","EN_NPi2020_300f","57.4693376605191","18.46309399273494","23.906946286335597","5.099472251353603","758.2003601","1.312724699773797","1.596263683816657",
"462","ENGAGE-NPi2020-300f","REMIND-MAgPIE 2.1-4.2","Final Energy|Electricity","EJ/yr","[object Object]",2045,20.2641,"1.596263683816657","1.312724699773797","2049","758.2003601","265.04323975000017","-333.88200138999997","2059","2081","GW1",,"failed","high","medium","ok","medium","medium",,"ok","ok","ok","ok","medium","true","C1","C1: Below 1.5°C with no or limited overshoot","REMIND-MAgPIE 2.1-4.2","EN_NPi2020_300f","57.4693376605191","18.46309399273494","23.906946286335597","5.099472251353603","758.2003601","1.312724699773797","1.596263683816657",
"462","ENGAGE-NPi2020-300f","REMIND-MAgPIE 2.1-4.2","Final Energy|Electricity","EJ/yr","[object Object]",2050,21.9953,"1.596263683816657","1.312724699773797","2049","758.2003601","265.04323975000017","-333.88200138999997","2059","2081","GW1",,"failed","high","medium","ok","medium","medium",,"ok","ok","ok","ok","medium","true","C1","C1: Below 1.5°C with no or limited overshoot","REMIND-MAgPIE 2.1-4.2","EN_NPi2020_300f","57.4693376605191","18.46309399273494","23.906946286335597","5.099472251353603","758.2003601","1.312724699773797","1.596263683816657",
"462","ENGAGE-NPi2020-300f","REMIND-MAgPIE 2.1-4.2","Final Energy|Electricity","EJ/yr","[object Object]",2055,22.768,"1.596263683816657","1.312724699773797","2049","758.2003601","265.04323975000017","-333.88200138999997","2059","2081","GW1",,"failed","high","medium","ok","medium","medium",,"ok","ok","ok","ok","medium","true","C1","C1: Below 1.5°C with no or limited overshoot","REMIND-MAgPIE 2.1-4.2","EN_NPi2020_300f","57.4693376605191","18.46309399273494","23.906946286335597","5.099472251353603","758.2003601","1.312724699773797","1.596263683816657",
"462","ENGAGE-NPi2020-300f","REMIND-MAgPIE 2.1-4.2","Final Energy|Electricity","EJ/yr","[object Object]",2060,22.9745,"1.596263683816657","1.312724699773797","2049","758.2003601","265.04323975000017","-333.88200138999997","2059","2081","GW1",,"failed","high","medium","ok","medium","medium",,"ok","ok","ok","ok","medium","true","C1","C1: Below 1.5°C with no or limited overshoot","REMIND-MAgPIE 2.1-4.2","EN_NPi2020_300f","57.4693376605191","18.46309399273494","23.906946286335597","5.099472251353603","758.2003601","1.312724699773797","1.596263683816657",
"462","ENGAGE-NPi2020-300f","REMIND-MAgPIE 2.1-4.2","Final Energy|Electricity","EJ/yr","[object Object]",2070,24.4115,"1.596263683816657","1.312724699773797","2049","758.2003601","265.04323975000017","-333.88200138999997","2059","2081","GW1",,"failed","high","medium","ok","medium","medium",,"ok","ok","ok","ok","medium","true","C1","C1: Below 1.5°C with no or limited overshoot","REMIND-MAgPIE 2.1-4.2","EN_NPi2020_300f","57.4693376605191","18.46309399273494","23.906946286335597","5.099472251353603","758.2003601","1.312724699773797","1.596263683816657",
"462","ENGAGE-NPi2020-300f","REMIND-MAgPIE 2.1-4.2","Final Energy|Electricity","EJ/yr","[object Object]",2080,26.0396,"1.596263683816657","1.312724699773797","2049","758.2003601","265.04323975000017","-333.88200138999997","2059","2081","GW1",,"failed","high","medium","ok","medium","medium",,"ok","ok","ok","ok","medium","true","C1","C1: Below 1.5°C with no or limited overshoot","REMIND-MAgPIE 2.1-4.2","EN_NPi2020_300f","57.4693376605191","18.46309399273494","23.906946286335597","5.099472251353603","758.2003601","1.312724699773797","1.596263683816657",
"462","ENGAGE-NPi2020-300f","REMIND-MAgPIE 2.1-4.2","Final Energy|Electricity","EJ/yr","[object Object]",2090,27.46,"1.596263683816657","1.312724699773797","2049","758.2003601","265.04323975000017","-333.88200138999997","2059","2081","GW1",,"failed","high","medium","ok","medium","medium",,"ok","ok","ok","ok","medium","true","C1","C1: Below 1.5°C with no or limited overshoot","REMIND-MAgPIE 2.1-4.2","EN_NPi2020_300f","57.4693376605191","18.46309399273494","23.906946286335597","5.099472251353603","758.2003601","1.312724699773797","1.596263683816657",
"462","ENGAGE-NPi2020-300f","REMIND-MAgPIE 2.1-4.2","Final Energy|Electricity","EJ/yr","[object Object]",2100,29.1957,"1.596263683816657","1.312724699773797","2049","758.2003601","265.04323975000017","-333.88200138999997","2059","2081","GW1",,"failed","high","medium","ok","medium","medium",,"ok","ok","ok","ok","medium","true","C1","C1: Below 1.5°C with no or limited overshoot","REMIND-MAgPIE 2.1-4.2","EN_NPi2020_300f","57.4693376605191","18.46309399273494","23.906946286335597","5.099472251353603","758.2003601","1.312724699773797","1.596263683816657",
"463","ENGAGE-NPi2020-400","REMIND-MAgPIE 2.1-4.2","Final Energy|Electricity","EJ/yr","[object Object]",2010,10.4673,"1.503576703408447","1.349139497114513","2038","607.88422795","369.79051400000014","-0.9865014199999999","2047",,"GW0",,"failed","high","medium","medium","medium","ok",,"medium","ok","ok","ok","medium","true","C1","C1: Below 1.5°C with no or limited overshoot","REMIND-MAgPIE 2.1-4.2","EN_NPi2020_400","62.84740675899584","13.724520899115264","23.275666677087568","4.254204335784536","607.88422795","1.349139497114513","1.503576703408447",
"463","ENGAGE-NPi2020-400","REMIND-MAgPIE 2.1-4.2","Final Energy|Electricity","EJ/yr","[object Object]",2015,9.7737,"1.503576703408447","1.349139497114513","2038","607.88422795","369.79051400000014","-0.9865014199999999","2047",,"GW0",,"failed","high","medium","medium","medium","ok",,"medium","ok","ok","ok","medium","true","C1","C1: Below 1.5°C with no or limited overshoot","REMIND-MAgPIE 2.1-4.2","EN_NPi2020_400","62.84740675899584","13.724520899115264","23.275666677087568","4.254204335784536","607.88422795","1.349139497114513","1.503576703408447",
"463","ENGAGE-NPi2020-400","REMIND-MAgPIE 2.1-4.2","Final Energy|Electricity","EJ/yr","[object Object]",2020,10.4205,"1.503576703408447","1.349139497114513","2038","607.88422795","369.79051400000014","-0.9865014199999999","2047",,"GW0",,"failed","high","medium","medium","medium","ok",,"medium","ok","ok","ok","medium","true","C1","C1: Below 1.5°C with no or limited overshoot","REMIND-MAgPIE 2.1-4.2","EN_NPi2020_400","62.84740675899584","13.724520899115264","23.275666677087568","4.254204335784536","607.88422795","1.349139497114513","1.503576703408447",
"463","ENGAGE-NPi2020-400","REMIND-MAgPIE 2.1-4.2","Final Energy|Electricity","EJ/yr","[object Object]",2025,10.6118,"1.503576703408447","1.349139497114513","2038","607.88422795","369.79051400000014","-0.9865014199999999","2047",,"GW0",,"failed","high","medium","medium","medium","ok",,"medium","ok","ok","ok","medium","true","C1","C1: Below 1.5°C with no or limited overshoot","REMIND-MAgPIE 2.1-4.2","EN_NPi2020_400","62.84740675899584","13.724520899115264","23.275666677087568","4.254204335784536","607.88422795","1.349139497114513","1.503576703408447",
"463","ENGAGE-NPi2020-400","REMIND-MAgPIE 2.1-4.2","Final Energy|Electricity","EJ/yr","[object Object]",2030,13.0993,"1.503576703408447","1.349139497114513","2038","607.88422795","369.79051400000014","-0.9865014199999999","2047",,"GW0",,"failed","high","medium","medium","medium","ok",,"medium","ok","ok","ok","medium","true","C1","C1: Below 1.5°C with no or limited overshoot","REMIND-MAgPIE 2.1-4.2","EN_NPi2020_400","62.84740675899584","13.724520899115264","23.275666677087568","4.254204335784536","607.88422795","1.349139497114513","1.503576703408447",
"463","ENGAGE-NPi2020-400","REMIND-MAgPIE 2.1-4.2","Final Energy|Electricity","EJ/yr","[object Object]",2035,16.7303,"1.503576703408447","1.349139497114513","2038","607.88422795","369.79051400000014","-0.9865014199999999","2047",,"GW0",,"failed","high","medium","medium","medium","ok",,"medium","ok","ok","ok","medium","true","C1","C1: Below 1.5°C with no or limited overshoot","REMIND-MAgPIE 2.1-4.2","EN_NPi2020_400","62.84740675899584","13.724520899115264","23.275666677087568","4.254204335784536","607.88422795","1.349139497114513","1.503576703408447",
"463","ENGAGE-NPi2020-400","REMIND-MAgPIE 2.1-4.2","Final Energy|Electricity","EJ/yr","[object Object]",2040,19.663,"1.503576703408447","1.349139497114513","2038","607.88422795","369.79051400000014","-0.9865014199999999","2047",,"GW0",,"failed","high","medium","medium","medium","ok",,"medium","ok","ok","ok","medium","true","C1","C1: Below 1.5°C with no or limited overshoot","REMIND-MAgPIE 2.1-4.2","EN_NPi2020_400","62.84740675899584","13.724520899115264","23.275666677087568","4.254204335784536","607.88422795","1.349139497114513","1.503576703408447",
"463","ENGAGE-NPi2020-400","REMIND-MAgPIE 2.1-4.2","Final Energy|Electricity","EJ/yr","[object Object]",2045,21.9332,"1.503576703408447","1.349139497114513","2038","607.88422795","369.79051400000014","-0.9865014199999999","2047",,"GW0",,"failed","high","medium","medium","medium","ok",,"medium","ok","ok","ok","medium","true","C1","C1: Below 1.5°C with no or limited overshoot","REMIND-MAgPIE 2.1-4.2","EN_NPi2020_400","62.84740675899584","13.724520899115264","23.275666677087568","4.254204335784536","607.88422795","1.349139497114513","1.503576703408447",
"463","ENGAGE-NPi2020-400","REMIND-MAgPIE 2.1-4.2","Final Energy|Electricity","EJ/yr","[object Object]",2050,22.7527,"1.503576703408447","1.349139497114513","2038","607.88422795","369.79051400000014","-0.9865014199999999","2047",,"GW0",,"failed","high","medium","medium","medium","ok",,"medium","ok","ok","ok","medium","true","C1","C1: Below 1.5°C with no or limited overshoot","REMIND-MAgPIE 2.1-4.2","EN_NPi2020_400","62.84740675899584","13.724520899115264","23.275666677087568","4.254204335784536","607.88422795","1.349139497114513","1.503576703408447",
"463","ENGAGE-NPi2020-400","REMIND-MAgPIE 2.1-4.2","Final Energy|Electricity","EJ/yr","[object Object]",2055,22.3988,"1.503576703408447","1.349139497114513","2038","607.88422795","369.79051400000014","-0.9865014199999999","2047",,"GW0",,"failed","high","medium","medium","medium","ok",,"medium","ok","ok","ok","medium","true","C1","C1: Below 1.5°C with no or limited overshoot","REMIND-MAgPIE 2.1-4.2","EN_NPi2020_400","62.84740675899584","13.724520899115264","23.275666677087568","4.254204335784536","607.88422795","1.349139497114513","1.503576703408447",
"463","ENGAGE-NPi2020-400","REMIND-MAgPIE 2.1-4.2","Final Energy|Electricity","EJ/yr","[object Object]",2060,22.1953,"1.503576703408447","1.349139497114513","2038","607.88422795","369.79051400000014","-0.9865014199999999","2047",,"GW0",,"failed","high","medium","medium","medium","ok",,"medium","ok","ok","ok","medium","true","C1","C1: Below 1.5°C with no or limited overshoot","REMIND-MAgPIE 2.1-4.2","EN_NPi2020_400","62.84740675899584","13.724520899115264","23.275666677087568","4.254204335784536","607.88422795","1.349139497114513","1.503576703408447",
"463","ENGAGE-NPi2020-400","REMIND-MAgPIE 2.1-4.2","Final Energy|Electricity","EJ/yr","[object Object]",2070,22.8004,"1.503576703408447","1.349139497114513","2038","607.88422795","369.79051400000014","-0.9865014199999999","2047",,"GW0",,"failed","high","medium","medium","medium","ok",,"medium","ok","ok","ok","medium","true","C1","C1: Below 1.5°C with no or limited overshoot","REMIND-MAgPIE 2.1-4.2","EN_NPi2020_400","62.84740675899584","13.724520899115264","23.275666677087568","4.254204335784536","607.88422795","1.349139497114513","1.503576703408447",
"463","ENGAGE-NPi2020-400","REMIND-MAgPIE 2.1-4.2","Final Energy|Electricity","EJ/yr","[object Object]",2080,24.1764,"1.503576703408447","1.349139497114513","2038","607.88422795","369.79051400000014","-0.9865014199999999","2047",,"GW0",,"failed","high","medium","medium","medium","ok",,"medium","ok","ok","ok","medium","true","C1","C1: Below 1.5°C with no or limited overshoot","REMIND-MAgPIE 2.1-4.2","EN_NPi2020_400","62.84740675899584","13.724520899115264","23.275666677087568","4.254204335784536","607.88422795","1.349139497114513","1.503576703408447",
"463","ENGAGE-NPi2020-400","REMIND-MAgPIE 2.1-4.2","Final Energy|Electricity","EJ/yr","[object Object]",2090,24.9108,"1.503576703408447","1.349139497114513","2038","607.88422795","369.79051400000014","-0.9865014199999999","2047",,"GW0",,"failed","high","medium","medium","medium","ok",,"medium","ok","ok","ok","medium","true","C1","C1: Below 1.5°C with no or limited overshoot","REMIND-MAgPIE 2.1-4.2","EN_NPi2020_400","62.84740675899584","13.724520899115264","23.275666677087568","4.254204335784536","607.88422795","1.349139497114513","1.503576703408447",
"463","ENGAGE-NPi2020-400","REMIND-MAgPIE 2.1-4.2","Final Energy|Electricity","EJ/yr","[object Object]",2100,26.0482,"1.503576703408447","1.349139497114513","2038","607.88422795","369.79051400000014","-0.9865014199999999","2047",,"GW0",,"failed","high","medium","medium","medium","ok",,"medium","ok","ok","ok","medium","true","C1","C1: Below 1.5°C with no or limited overshoot","REMIND-MAgPIE 2.1-4.2","EN_NPi2020_400","62.84740675899584","13.724520899115264","23.275666677087568","4.254204335784536","607.88422795","1.349139497114513","1.503576703408447",
"465","ENGAGE-NPi2020-500","REMIND-MAgPIE 2.1-4.2","Final Energy|Electricity","EJ/yr","[object Object]",2010,10.4673,"1.541426670448036","1.394676078943034","2048","562.5690601","467.14300269999995","-0.06773364","2067",,"GW1",,"failed","high","medium","medium","medium","ok",,"medium","ok","ok","ok","medium","true","C1","C1: Below 1.5°C with no or limited overshoot","REMIND-MAgPIE 2.1-4.2","EN_NPi2020_500","59.281187441426454","16.01479241433334","24.545934818647186","4.223696101532056","562.5690601","1.394676078943034","1.541426670448036",
"465","ENGAGE-NPi2020-500","REMIND-MAgPIE 2.1-4.2","Final Energy|Electricity","EJ/yr","[object Object]",2015,9.7737,"1.541426670448036","1.394676078943034","2048","562.5690601","467.14300269999995","-0.06773364","2067",,"GW1",,"failed","high","medium","medium","medium","ok",,"medium","ok","ok","ok","medium","true","C1","C1: Below 1.5°C with no or limited overshoot","REMIND-MAgPIE 2.1-4.2","EN_NPi2020_500","59.281187441426454","16.01479241433334","24.545934818647186","4.223696101532056","562.5690601","1.394676078943034","1.541426670448036",
"465","ENGAGE-NPi2020-500","REMIND-MAgPIE 2.1-4.2","Final Energy|Electricity","EJ/yr","[object Object]",2020,10.4205,"1.541426670448036","1.394676078943034","2048","562.5690601","467.14300269999995","-0.06773364","2067",,"GW1",,"failed","high","medium","medium","medium","ok",,"medium","ok","ok","ok","medium","true","C1","C1: Below 1.5°C with no or limited overshoot","REMIND-MAgPIE 2.1-4.2","EN_NPi2020_500","59.281187441426454","16.01479241433334","24.545934818647186","4.223696101532056","562.5690601","1.394676078943034","1.541426670448036",
"465","ENGAGE-NPi2020-500","REMIND-MAgPIE 2.1-4.2","Final Energy|Electricity","EJ/yr","[object Object]",2025,10.6783,"1.541426670448036","1.394676078943034","2048","562.5690601","467.14300269999995","-0.06773364","2067",,"GW1",,"failed","high","medium","medium","medium","ok",,"medium","ok","ok","ok","medium","true","C1","C1: Below 1.5°C with no or limited overshoot","REMIND-MAgPIE 2.1-4.2","EN_NPi2020_500","59.281187441426454","16.01479241433334","24.545934818647186","4.223696101532056","562.5690601","1.394676078943034","1.541426670448036",
"465","ENGAGE-NPi2020-500","REMIND-MAgPIE 2.1-4.2","Final Energy|Electricity","EJ/yr","[object Object]",2030,12.7309,"1.541426670448036","1.394676078943034","2048","562.5690601","467.14300269999995","-0.06773364","2067",,"GW1",,"failed","high","medium","medium","medium","ok",,"medium","ok","ok","ok","medium","true","C1","C1: Below 1.5°C with no or limited overshoot","REMIND-MAgPIE 2.1-4.2","EN_NPi2020_500","59.281187441426454","16.01479241433334","24.545934818647186","4.223696101532056","562.5690601","1.394676078943034","1.541426670448036",
"465","ENGAGE-NPi2020-500","REMIND-MAgPIE 2.1-4.2","Final Energy|Electricity","EJ/yr","[object Object]",2035,15.8809,"1.541426670448036","1.394676078943034","2048","562.5690601","467.14300269999995","-0.06773364","2067",,"GW1",,"failed","high","medium","medium","medium","ok",,"medium","ok","ok","ok","medium","true","C1","C1: Below 1.5°C with no or limited overshoot","REMIND-MAgPIE 2.1-4.2","EN_NPi2020_500","59.281187441426454","16.01479241433334","24.545934818647186","4.223696101532056","562.5690601","1.394676078943034","1.541426670448036",
"465","ENGAGE-NPi2020-500","REMIND-MAgPIE 2.1-4.2","Final Energy|Electricity","EJ/yr","[object Object]",2040,18.9541,"1.541426670448036","1.394676078943034","2048","562.5690601","467.14300269999995","-0.06773364","2067",,"GW1",,"failed","high","medium","medium","medium","ok",,"medium","ok","ok","ok","medium","true","C1","C1: Below 1.5°C with no or limited overshoot","REMIND-MAgPIE 2.1-4.2","EN_NPi2020_500","59.281187441426454","16.01479241433334","24.545934818647186","4.223696101532056","562.5690601","1.394676078943034","1.541426670448036",
"465","ENGAGE-NPi2020-500","REMIND-MAgPIE 2.1-4.2","Final Energy|Electricity","EJ/yr","[object Object]",2045,21.5191,"1.541426670448036","1.394676078943034","2048","562.5690601","467.14300269999995","-0.06773364","2067",,"GW1",,"failed","high","medium","medium","medium","ok",,"medium","ok","ok","ok","medium","true","C1","C1: Below 1.5°C with no or limited overshoot","REMIND-MAgPIE 2.1-4.2","EN_NPi2020_500","59.281187441426454","16.01479241433334","24.545934818647186","4.223696101532056","562.5690601","1.394676078943034","1.541426670448036",
"465","ENGAGE-NPi2020-500","REMIND-MAgPIE 2.1-4.2","Final Energy|Electricity","EJ/yr","[object Object]",2050,22.7421,"1.541426670448036","1.394676078943034","2048","562.5690601","467.14300269999995","-0.06773364","2067",,"GW1",,"failed","high","medium","medium","medium","ok",,"medium","ok","ok","ok","medium","true","C1","C1: Below 1.5°C with no or limited overshoot","REMIND-MAgPIE 2.1-4.2","EN_NPi2020_500","59.281187441426454","16.01479241433334","24.545934818647186","4.223696101532056","562.5690601","1.394676078943034","1.541426670448036",
"465","ENGAGE-NPi2020-500","REMIND-MAgPIE 2.1-4.2","Final Energy|Electricity","EJ/yr","[object Object]",2055,22.6454,"1.541426670448036","1.394676078943034","2048","562.5690601","467.14300269999995","-0.06773364","2067",,"GW1",,"failed","high","medium","medium","medium","ok",,"medium","ok","ok","ok","medium","true","C1","C1: Below 1.5°C with no or limited overshoot","REMIND-MAgPIE 2.1-4.2","EN_NPi2020_500","59.281187441426454","16.01479241433334","24.545934818647186","4.223696101532056","562.5690601","1.394676078943034","1.541426670448036",
"465","ENGAGE-NPi2020-500","REMIND-MAgPIE 2.1-4.2","Final Energy|Electricity","EJ/yr","[object Object]",2060,22.4808,"1.541426670448036","1.394676078943034","2048","562.5690601","467.14300269999995","-0.06773364","2067",,"GW1",,"failed","high","medium","medium","medium","ok",,"medium","ok","ok","ok","medium","true","C1","C1: Below 1.5°C with no or limited overshoot","REMIND-MAgPIE 2.1-4.2","EN_NPi2020_500","59.281187441426454","16.01479241433334","24.545934818647186","4.223696101532056","562.5690601","1.394676078943034","1.541426670448036",
"465","ENGAGE-NPi2020-500","REMIND-MAgPIE 2.1-4.2","Final Energy|Electricity","EJ/yr","[object Object]",2070,23.0836,"1.541426670448036","1.394676078943034","2048","562.5690601","467.14300269999995","-0.06773364","2067",,"GW1",,"failed","high","medium","medium","medium","ok",,"medium","ok","ok","ok","medium","true","C1","C1: Below 1.5°C with no or limited overshoot","REMIND-MAgPIE 2.1-4.2","EN_NPi2020_500","59.281187441426454","16.01479241433334","24.545934818647186","4.223696101532056","562.5690601","1.394676078943034","1.541426670448036",
"465","ENGAGE-NPi2020-500","REMIND-MAgPIE 2.1-4.2","Final Energy|Electricity","EJ/yr","[object Object]",2080,24.0135,"1.541426670448036","1.394676078943034","2048","562.5690601","467.14300269999995","-0.06773364","2067",,"GW1",,"failed","high","medium","medium","medium","ok",,"medium","ok","ok","ok","medium","true","C1","C1: Below 1.5°C with no or limited overshoot","REMIND-MAgPIE 2.1-4.2","EN_NPi2020_500","59.281187441426454","16.01479241433334","24.545934818647186","4.223696101532056","562.5690601","1.394676078943034","1.541426670448036",
"465","ENGAGE-NPi2020-500","REMIND-MAgPIE 2.1-4.2","Final Energy|Electricity","EJ/yr","[object Object]",2090,24.9211,"1.541426670448036","1.394676078943034","2048","562.5690601","467.14300269999995","-0.06773364","2067",,"GW1",,"failed","high","medium","medium","medium","ok",,"medium","ok","ok","ok","medium","true","C1","C1: Below 1.5°C with no or limited overshoot","REMIND-MAgPIE 2.1-4.2","EN_NPi2020_500","59.281187441426454","16.01479241433334","24.545934818647186","4.223696101532056","562.5690601","1.394676078943034","1.541426670448036",
"465","ENGAGE-NPi2020-500","REMIND-MAgPIE 2.1-4.2","Final Energy|Electricity","EJ/yr","[object Object]",2100,25.9223,"1.541426670448036","1.394676078943034","2048","562.5690601","467.14300269999995","-0.06773364","2067",,"GW1",,"failed","high","medium","medium","medium","ok",,"medium","ok","ok","ok","medium","true","C1","C1: Below 1.5°C with no or limited overshoot","REMIND-MAgPIE 2.1-4.2","EN_NPi2020_500","59.281187441426454","16.01479241433334","24.545934818647186","4.223696101532056","562.5690601","1.394676078943034","1.541426670448036",
"467","ENGAGE-NPi2020-600","REMIND-MAgPIE 2.1-4.2","Final Energy|Electricity","EJ/yr","[object Object]",2010,10.4673,"1.582455035373355","1.451344207536552","2049","523.7381632","566.3838529999999","-1.24003842","2064",,"GW1",,"failed","high","medium","medium","medium","ok",,"ok","ok","ok","ok","medium","true","C1","C1: Below 1.5°C with no or limited overshoot","REMIND-MAgPIE 2.1-4.2","EN_NPi2020_600","58.580293885303035","17.23668196152993","24.021090738694205","4.209031101984195","523.7381632","1.451344207536552","1.582455035373355",
"467","ENGAGE-NPi2020-600","REMIND-MAgPIE 2.1-4.2","Final Energy|Electricity","EJ/yr","[object Object]",2015,9.7737,"1.582455035373355","1.451344207536552","2049","523.7381632","566.3838529999999","-1.24003842","2064",,"GW1",,"failed","high","medium","medium","medium","ok",,"ok","ok","ok","ok","medium","true","C1","C1: Below 1.5°C with no or limited overshoot","REMIND-MAgPIE 2.1-4.2","EN_NPi2020_600","58.580293885303035","17.23668196152993","24.021090738694205","4.209031101984195","523.7381632","1.451344207536552","1.582455035373355",
"467","ENGAGE-NPi2020-600","REMIND-MAgPIE 2.1-4.2","Final Energy|Electricity","EJ/yr","[object Object]",2020,10.4205,"1.582455035373355","1.451344207536552","2049","523.7381632","566.3838529999999","-1.24003842","2064",,"GW1",,"failed","high","medium","medium","medium","ok",,"ok","ok","ok","ok","medium","true","C1","C1: Below 1.5°C with no or limited overshoot","REMIND-MAgPIE 2.1-4.2","EN_NPi2020_600","58.580293885303035","17.23668196152993","24.021090738694205","4.209031101984195","523.7381632","1.451344207536552","1.582455035373355",
"467","ENGAGE-NPi2020-600","REMIND-MAgPIE 2.1-4.2","Final Energy|Electricity","EJ/yr","[object Object]",2025,10.8633,"1.582455035373355","1.451344207536552","2049","523.7381632","566.3838529999999","-1.24003842","2064",,"GW1",,"failed","high","medium","medium","medium","ok",,"ok","ok","ok","ok","medium","true","C1","C1: Below 1.5°C with no or limited overshoot","REMIND-MAgPIE 2.1-4.2","EN_NPi2020_600","58.580293885303035","17.23668196152993","24.021090738694205","4.209031101984195","523.7381632","1.451344207536552","1.582455035373355",
"467","ENGAGE-NPi2020-600","REMIND-MAgPIE 2.1-4.2","Final Energy|Electricity","EJ/yr","[object Object]",2030,12.5436,"1.582455035373355","1.451344207536552","2049","523.7381632","566.3838529999999","-1.24003842","2064",,"GW1",,"failed","high","medium","medium","medium","ok",,"ok","ok","ok","ok","medium","true","C1","C1: Below 1.5°C with no or limited overshoot","REMIND-MAgPIE 2.1-4.2","EN_NPi2020_600","58.580293885303035","17.23668196152993","24.021090738694205","4.209031101984195","523.7381632","1.451344207536552","1.582455035373355",
"467","ENGAGE-NPi2020-600","REMIND-MAgPIE 2.1-4.2","Final Energy|Electricity","EJ/yr","[object Object]",2035,14.9203,"1.582455035373355","1.451344207536552","2049","523.7381632","566.3838529999999","-1.24003842","2064",,"GW1",,"failed","high","medium","medium","medium","ok",,"ok","ok","ok","ok","medium","true","C1","C1: Below 1.5°C with no or limited overshoot","REMIND-MAgPIE 2.1-4.2","EN_NPi2020_600","58.580293885303035","17.23668196152993","24.021090738694205","4.209031101984195","523.7381632","1.451344207536552","1.582455035373355",
"467","ENGAGE-NPi2020-600","REMIND-MAgPIE 2.1-4.2","Final Energy|Electricity","EJ/yr","[object Object]",2040,17.8775,"1.582455035373355","1.451344207536552","2049","523.7381632","566.3838529999999","-1.24003842","2064",,"GW1",,"failed","high","medium","medium","medium","ok",,"ok","ok","ok","ok","medium","true","C1","C1: Below 1.5°C with no or limited overshoot","REMIND-MAgPIE 2.1-4.2","EN_NPi2020_600","58.580293885303035","17.23668196152993","24.021090738694205","4.209031101984195","523.7381632","1.451344207536552","1.582455035373355",
"467","ENGAGE-NPi2020-600","REMIND-MAgPIE 2.1-4.2","Final Energy|Electricity","EJ/yr","[object Object]",2045,20.5928,"1.582455035373355","1.451344207536552","2049","523.7381632","566.3838529999999","-1.24003842","2064",,"GW1",,"failed","high","medium","medium","medium","ok",,"ok","ok","ok","ok","medium","true","C1","C1: Below 1.5°C with no or limited overshoot","REMIND-MAgPIE 2.1-4.2","EN_NPi2020_600","58.580293885303035","17.23668196152993","24.021090738694205","4.209031101984195","523.7381632","1.451344207536552","1.582455035373355",
"467","ENGAGE-NPi2020-600","REMIND-MAgPIE 2.1-4.2","Final Energy|Electricity","EJ/yr","[object Object]",2050,22.2919,"1.582455035373355","1.451344207536552","2049","523.7381632","566.3838529999999","-1.24003842","2064",,"GW1",,"failed","high","medium","medium","medium","ok",,"ok","ok","ok","ok","medium","true","C1","C1: Below 1.5°C with no or limited overshoot","REMIND-MAgPIE 2.1-4.2","EN_NPi2020_600","58.580293885303035","17.23668196152993","24.021090738694205","4.209031101984195","523.7381632","1.451344207536552","1.582455035373355",
"467","ENGAGE-NPi2020-600","REMIND-MAgPIE 2.1-4.2","Final Energy|Electricity","EJ/yr","[object Object]",2055,22.9643,"1.582455035373355","1.451344207536552","2049","523.7381632","566.3838529999999","-1.24003842","2064",,"GW1",,"failed","high","medium","medium","medium","ok",,"ok","ok","ok","ok","medium","true","C1","C1: Below 1.5°C with no or limited overshoot","REMIND-MAgPIE 2.1-4.2","EN_NPi2020_600","58.580293885303035","17.23668196152993","24.021090738694205","4.209031101984195","523.7381632","1.451344207536552","1.582455035373355",
"467","ENGAGE-NPi2020-600","REMIND-MAgPIE 2.1-4.2","Final Energy|Electricity","EJ/yr","[object Object]",2060,23.0695,"1.582455035373355","1.451344207536552","2049","523.7381632","566.3838529999999","-1.24003842","2064",,"GW1",,"failed","high","medium","medium","medium","ok",,"ok","ok","ok","ok","medium","true","C1","C1: Below 1.5°C with no or limited overshoot","REMIND-MAgPIE 2.1-4.2","EN_NPi2020_600","58.580293885303035","17.23668196152993","24.021090738694205","4.209031101984195","523.7381632","1.451344207536552","1.582455035373355",
"467","ENGAGE-NPi2020-600","REMIND-MAgPIE 2.1-4.2","Final Energy|Electricity","EJ/yr","[object Object]",2070,23.4312,"1.582455035373355","1.451344207536552","2049","523.7381632","566.3838529999999","-1.24003842","2064",,"GW1",,"failed","high","medium","medium","medium","ok",,"ok","ok","ok","ok","medium","true","C1","C1: Below 1.5°C with no or limited overshoot","REMIND-MAgPIE 2.1-4.2","EN_NPi2020_600","58.580293885303035","17.23668196152993","24.021090738694205","4.209031101984195","523.7381632","1.451344207536552","1.582455035373355",
"467","ENGAGE-NPi2020-600","REMIND-MAgPIE 2.1-4.2","Final Energy|Electricity","EJ/yr","[object Object]",2080,23.9297,"1.582455035373355","1.451344207536552","2049","523.7381632","566.3838529999999","-1.24003842","2064",,"GW1",,"failed","high","medium","medium","medium","ok",,"ok","ok","ok","ok","medium","true","C1","C1: Below 1.5°C with no or limited overshoot","REMIND-MAgPIE 2.1-4.2","EN_NPi2020_600","58.580293885303035","17.23668196152993","24.021090738694205","4.209031101984195","523.7381632","1.451344207536552","1.582455035373355",
"467","ENGAGE-NPi2020-600","REMIND-MAgPIE 2.1-4.2","Final Energy|Electricity","EJ/yr","[object Object]",2090,24.7504,"1.582455035373355","1.451344207536552","2049","523.7381632","566.3838529999999","-1.24003842","2064",,"GW1",,"failed","high","medium","medium","medium","ok",,"ok","ok","ok","ok","medium","true","C1","C1: Below 1.5°C with no or limited overshoot","REMIND-MAgPIE 2.1-4.2","EN_NPi2020_600","58.580293885303035","17.23668196152993","24.021090738694205","4.209031101984195","523.7381632","1.451344207536552","1.582455035373355",
"467","ENGAGE-NPi2020-600","REMIND-MAgPIE 2.1-4.2","Final Energy|Electricity","EJ/yr","[object Object]",2100,25.8314,"1.582455035373355","1.451344207536552","2049","523.7381632","566.3838529999999","-1.24003842","2064",,"GW1",,"failed","high","medium","medium","medium","ok",,"ok","ok","ok","ok","medium","true","C1","C1: Below 1.5°C with no or limited overshoot","REMIND-MAgPIE 2.1-4.2","EN_NPi2020_600","58.580293885303035","17.23668196152993","24.021090738694205","4.209031101984195","523.7381632","1.451344207536552","1.582455035373355",
"468","ENGAGE-NPi2020-600-COV","REMIND-MAgPIE 2.1-4.2","Final Energy|Electricity","EJ/yr","[object Object]",2010,10.4444,"1.5761104297372","1.453757973775256","2049","502.57437330000005","572.1138673500001","-0.84086032","2065",,"GW1",,"failed","high","medium","ok","medium","medium",,"ok","ok","ok","ok","medium","true","C1","C1: Below 1.5°C with no or limited overshoot","REMIND-MAgPIE 2.1-4.2","EN_NPi2020_600_COV","53.43407303283687","19.961344068795153","26.44313753863009","4.179982022931199","502.57437330000005","1.453757973775256","1.5761104297372",
"468","ENGAGE-NPi2020-600-COV","REMIND-MAgPIE 2.1-4.2","Final Energy|Electricity","EJ/yr","[object Object]",2015,9.7624,"1.5761104297372","1.453757973775256","2049","502.57437330000005","572.1138673500001","-0.84086032","2065",,"GW1",,"failed","high","medium","ok","medium","medium",,"ok","ok","ok","ok","medium","true","C1","C1: Below 1.5°C with no or limited overshoot","REMIND-MAgPIE 2.1-4.2","EN_NPi2020_600_COV","53.43407303283687","19.961344068795153","26.44313753863009","4.179982022931199","502.57437330000005","1.453757973775256","1.5761104297372",
"468","ENGAGE-NPi2020-600-COV","REMIND-MAgPIE 2.1-4.2","Final Energy|Electricity","EJ/yr","[object Object]",2020,10.2661,"1.5761104297372","1.453757973775256","2049","502.57437330000005","572.1138673500001","-0.84086032","2065",,"GW1",,"failed","high","medium","ok","medium","medium",,"ok","ok","ok","ok","medium","true","C1","C1: Below 1.5°C with no or limited overshoot","REMIND-MAgPIE 2.1-4.2","EN_NPi2020_600_COV","53.43407303283687","19.961344068795153","26.44313753863009","4.179982022931199","502.57437330000005","1.453757973775256","1.5761104297372",
"468","ENGAGE-NPi2020-600-COV","REMIND-MAgPIE 2.1-4.2","Final Energy|Electricity","EJ/yr","[object Object]",2025,10.6929,"1.5761104297372","1.453757973775256","2049","502.57437330000005","572.1138673500001","-0.84086032","2065",,"GW1",,"failed","high","medium","ok","medium","medium",,"ok","ok","ok","ok","medium","true","C1","C1: Below 1.5°C with no or limited overshoot","REMIND-MAgPIE 2.1-4.2","EN_NPi2020_600_COV","53.43407303283687","19.961344068795153","26.44313753863009","4.179982022931199","502.57437330000005","1.453757973775256","1.5761104297372",
"468","ENGAGE-NPi2020-600-COV","REMIND-MAgPIE 2.1-4.2","Final Energy|Electricity","EJ/yr","[object Object]",2030,12.2962,"1.5761104297372","1.453757973775256","2049","502.57437330000005","572.1138673500001","-0.84086032","2065",,"GW1",,"failed","high","medium","ok","medium","medium",,"ok","ok","ok","ok","medium","true","C1","C1: Below 1.5°C with no or limited overshoot","REMIND-MAgPIE 2.1-4.2","EN_NPi2020_600_COV","53.43407303283687","19.961344068795153","26.44313753863009","4.179982022931199","502.57437330000005","1.453757973775256","1.5761104297372",
"468","ENGAGE-NPi2020-600-COV","REMIND-MAgPIE 2.1-4.2","Final Energy|Electricity","EJ/yr","[object Object]",2035,14.3081,"1.5761104297372","1.453757973775256","2049","502.57437330000005","572.1138673500001","-0.84086032","2065",,"GW1",,"failed","high","medium","ok","medium","medium",,"ok","ok","ok","ok","medium","true","C1","C1: Below 1.5°C with no or limited overshoot","REMIND-MAgPIE 2.1-4.2","EN_NPi2020_600_COV","53.43407303283687","19.961344068795153","26.44313753863009","4.179982022931199","502.57437330000005","1.453757973775256","1.5761104297372",
"468","ENGAGE-NPi2020-600-COV","REMIND-MAgPIE 2.1-4.2","Final Energy|Electricity","EJ/yr","[object Object]",2040,16.9882,"1.5761104297372","1.453757973775256","2049","502.57437330000005","572.1138673500001","-0.84086032","2065",,"GW1",,"failed","high","medium","ok","medium","medium",,"ok","ok","ok","ok","medium","true","C1","C1: Below 1.5°C with no or limited overshoot","REMIND-MAgPIE 2.1-4.2","EN_NPi2020_600_COV","53.43407303283687","19.961344068795153","26.44313753863009","4.179982022931199","502.57437330000005","1.453757973775256","1.5761104297372",
"468","ENGAGE-NPi2020-600-COV","REMIND-MAgPIE 2.1-4.2","Final Energy|Electricity","EJ/yr","[object Object]",2045,19.3584,"1.5761104297372","1.453757973775256","2049","502.57437330000005","572.1138673500001","-0.84086032","2065",,"GW1",,"failed","high","medium","ok","medium","medium",,"ok","ok","ok","ok","medium","true","C1","C1: Below 1.5°C with no or limited overshoot","REMIND-MAgPIE 2.1-4.2","EN_NPi2020_600_COV","53.43407303283687","19.961344068795153","26.44313753863009","4.179982022931199","502.57437330000005","1.453757973775256","1.5761104297372",
"468","ENGAGE-NPi2020-600-COV","REMIND-MAgPIE 2.1-4.2","Final Energy|Electricity","EJ/yr","[object Object]",2050,20.7944,"1.5761104297372","1.453757973775256","2049","502.57437330000005","572.1138673500001","-0.84086032","2065",,"GW1",,"failed","high","medium","ok","medium","medium",,"ok","ok","ok","ok","medium","true","C1","C1: Below 1.5°C with no or limited overshoot","REMIND-MAgPIE 2.1-4.2","EN_NPi2020_600_COV","53.43407303283687","19.961344068795153","26.44313753863009","4.179982022931199","502.57437330000005","1.453757973775256","1.5761104297372",
"468","ENGAGE-NPi2020-600-COV","REMIND-MAgPIE 2.1-4.2","Final Energy|Electricity","EJ/yr","[object Object]",2055,21.49,"1.5761104297372","1.453757973775256","2049","502.57437330000005","572.1138673500001","-0.84086032","2065",,"GW1",,"failed","high","medium","ok","medium","medium",,"ok","ok","ok","ok","medium","true","C1","C1: Below 1.5°C with no or limited overshoot","REMIND-MAgPIE 2.1-4.2","EN_NPi2020_600_COV","53.43407303283687","19.961344068795153","26.44313753863009","4.179982022931199","502.57437330000005","1.453757973775256","1.5761104297372",
"468","ENGAGE-NPi2020-600-COV","REMIND-MAgPIE 2.1-4.2","Final Energy|Electricity","EJ/yr","[object Object]",2060,21.5078,"1.5761104297372","1.453757973775256","2049","502.57437330000005","572.1138673500001","-0.84086032","2065",,"GW1",,"failed","high","medium","ok","medium","medium",,"ok","ok","ok","ok","medium","true","C1","C1: Below 1.5°C with no or limited overshoot","REMIND-MAgPIE 2.1-4.2","EN_NPi2020_600_COV","53.43407303283687","19.961344068795153","26.44313753863009","4.179982022931199","502.57437330000005","1.453757973775256","1.5761104297372",
"468","ENGAGE-NPi2020-600-COV","REMIND-MAgPIE 2.1-4.2","Final Energy|Electricity","EJ/yr","[object Object]",2070,21.9218,"1.5761104297372","1.453757973775256","2049","502.57437330000005","572.1138673500001","-0.84086032","2065",,"GW1",,"failed","high","medium","ok","medium","medium",,"ok","ok","ok","ok","medium","true","C1","C1: Below 1.5°C with no or limited overshoot","REMIND-MAgPIE 2.1-4.2","EN_NPi2020_600_COV","53.43407303283687","19.961344068795153","26.44313753863009","4.179982022931199","502.57437330000005","1.453757973775256","1.5761104297372",
"468","ENGAGE-NPi2020-600-COV","REMIND-MAgPIE 2.1-4.2","Final Energy|Electricity","EJ/yr","[object Object]",2080,22.6728,"1.5761104297372","1.453757973775256","2049","502.57437330000005","572.1138673500001","-0.84086032","2065",,"GW1",,"failed","high","medium","ok","medium","medium",,"ok","ok","ok","ok","medium","true","C1","C1: Below 1.5°C with no or limited overshoot","REMIND-MAgPIE 2.1-4.2","EN_NPi2020_600_COV","53.43407303283687","19.961344068795153","26.44313753863009","4.179982022931199","502.57437330000005","1.453757973775256","1.5761104297372",
"468","ENGAGE-NPi2020-600-COV","REMIND-MAgPIE 2.1-4.2","Final Energy|Electricity","EJ/yr","[object Object]",2090,23.3068,"1.5761104297372","1.453757973775256","2049","502.57437330000005","572.1138673500001","-0.84086032","2065",,"GW1",,"failed","high","medium","ok","medium","medium",,"ok","ok","ok","ok","medium","true","C1","C1: Below 1.5°C with no or limited overshoot","REMIND-MAgPIE 2.1-4.2","EN_NPi2020_600_COV","53.43407303283687","19.961344068795153","26.44313753863009","4.179982022931199","502.57437330000005","1.453757973775256","1.5761104297372",
"468","ENGAGE-NPi2020-600-COV","REMIND-MAgPIE 2.1-4.2","Final Energy|Electricity","EJ/yr","[object Object]",2100,24.327,"1.5761104297372","1.453757973775256","2049","502.57437330000005","572.1138673500001","-0.84086032","2065",,"GW1",,"failed","high","medium","ok","medium","medium",,"ok","ok","ok","ok","medium","true","C1","C1: Below 1.5°C with no or limited overshoot","REMIND-MAgPIE 2.1-4.2","EN_NPi2020_600_COV","53.43407303283687","19.961344068795153","26.44313753863009","4.179982022931199","502.57437330000005","1.453757973775256","1.5761104297372",
"486","ENGAGE-Feasibility-Maximum-Effort/Cost-Effective","AIM/CGE V2.2","Final Energy|Electricity","EJ/yr","[object Object]",2010,10.910300000000001,"1.563046375184554","1.449726713727781","2038","914.6856216000001","410.99601759999996","-98.7671383","2046",,"GW1",,"failed","high","medium","medium","medium","high","ok","ok","ok","ok",,"medium",,"C1","C1: Below 1.5°C with no or limited overshoot",,,"0","33.85189564703274","36.555374268773136",,"914.6856216000001","1.449726713727781","1.563046375184554",
"486","ENGAGE-Feasibility-Maximum-Effort/Cost-Effective","AIM/CGE V2.2","Final Energy|Electricity","EJ/yr","[object Object]",2015,10.718399999999999,"1.563046375184554","1.449726713727781","2038","914.6856216000001","410.99601759999996","-98.7671383","2046",,"GW1",,"failed","high","medium","medium","medium","high","ok","ok","ok","ok",,"medium",,"C1","C1: Below 1.5°C with no or limited overshoot",,,"0","33.85189564703274","36.555374268773136",,"914.6856216000001","1.449726713727781","1.563046375184554",
"486","ENGAGE-Feasibility-Maximum-Effort/Cost-Effective","AIM/CGE V2.2","Final Energy|Electricity","EJ/yr","[object Object]",2020,11.2098,"1.563046375184554","1.449726713727781","2038","914.6856216000001","410.99601759999996","-98.7671383","2046",,"GW1",,"failed","high","medium","medium","medium","high","ok","ok","ok","ok",,"medium",,"C1","C1: Below 1.5°C with no or limited overshoot",,,"0","33.85189564703274","36.555374268773136",,"914.6856216000001","1.449726713727781","1.563046375184554",
"486","ENGAGE-Feasibility-Maximum-Effort/Cost-Effective","AIM/CGE V2.2","Final Energy|Electricity","EJ/yr","[object Object]",2025,13.6428,"1.563046375184554","1.449726713727781","2038","914.6856216000001","410.99601759999996","-98.7671383","2046",,"GW1",,"failed","high","medium","medium","medium","high","ok","ok","ok","ok",,"medium",,"C1","C1: Below 1.5°C with no or limited overshoot",,,"0","33.85189564703274","36.555374268773136",,"914.6856216000001","1.449726713727781","1.563046375184554",
"486","ENGAGE-Feasibility-Maximum-Effort/Cost-Effective","AIM/CGE V2.2","Final Energy|Electricity","EJ/yr","[object Object]",2030,16.0661,"1.563046375184554","1.449726713727781","2038","914.6856216000001","410.99601759999996","-98.7671383","2046",,"GW1",,"failed","high","medium","medium","medium","high","ok","ok","ok","ok",,"medium",,"C1","C1: Below 1.5°C with no or limited overshoot",,,"0","33.85189564703274","36.555374268773136",,"914.6856216000001","1.449726713727781","1.563046375184554",
"486","ENGAGE-Feasibility-Maximum-Effort/Cost-Effective","AIM/CGE V2.2","Final Energy|Electricity","EJ/yr","[object Object]",2035,19.0075,"1.563046375184554","1.449726713727781","2038","914.6856216000001","410.99601759999996","-98.7671383","2046",,"GW1",,"failed","high","medium","medium","medium","high","ok","ok","ok","ok",,"medium",,"C1","C1: Below 1.5°C with no or limited overshoot",,,"0","33.85189564703274","36.555374268773136",,"914.6856216000001","1.449726713727781","1.563046375184554",
"486","ENGAGE-Feasibility-Maximum-Effort/Cost-Effective","AIM/CGE V2.2","Final Energy|Electricity","EJ/yr","[object Object]",2040,21.799999999999997,"1.563046375184554","1.449726713727781","2038","914.6856216000001","410.99601759999996","-98.7671383","2046",,"GW1",,"failed","high","medium","medium","medium","high","ok","ok","ok","ok",,"medium",,"C1","C1: Below 1.5°C with no or limited overshoot",,,"0","33.85189564703274","36.555374268773136",,"914.6856216000001","1.449726713727781","1.563046375184554",
"486","ENGAGE-Feasibility-Maximum-Effort/Cost-Effective","AIM/CGE V2.2","Final Energy|Electricity","EJ/yr","[object Object]",2045,22.784100000000002,"1.563046375184554","1.449726713727781","2038","914.6856216000001","410.99601759999996","-98.7671383","2046",,"GW1",,"failed","high","medium","medium","medium","high","ok","ok","ok","ok",,"medium",,"C1","C1: Below 1.5°C with no or limited overshoot",,,"0","33.85189564703274","36.555374268773136",,"914.6856216000001","1.449726713727781","1.563046375184554",
"486","ENGAGE-Feasibility-Maximum-Effort/Cost-Effective","AIM/CGE V2.2","Final Energy|Electricity","EJ/yr","[object Object]",2050,24.287499999999998,"1.563046375184554","1.449726713727781","2038","914.6856216000001","410.99601759999996","-98.7671383","2046",,"GW1",,"failed","high","medium","medium","medium","high","ok","ok","ok","ok",,"medium",,"C1","C1: Below 1.5°C with no or limited overshoot",,,"0","33.85189564703274","36.555374268773136",,"914.6856216000001","1.449726713727781","1.563046375184554",
"486","ENGAGE-Feasibility-Maximum-Effort/Cost-Effective","AIM/CGE V2.2","Final Energy|Electricity","EJ/yr","[object Object]",2055,25.023200000000003,"1.563046375184554","1.449726713727781","2038","914.6856216000001","410.99601759999996","-98.7671383","2046",,"GW1",,"failed","high","medium","medium","medium","high","ok","ok","ok","ok",,"medium",,"C1","C1: Below 1.5°C with no or limited overshoot",,,"0","33.85189564703274","36.555374268773136",,"914.6856216000001","1.449726713727781","1.563046375184554",
"486","ENGAGE-Feasibility-Maximum-Effort/Cost-Effective","AIM/CGE V2.2","Final Energy|Electricity","EJ/yr","[object Object]",2060,26.5901,"1.563046375184554","1.449726713727781","2038","914.6856216000001","410.99601759999996","-98.7671383","2046",,"GW1",,"failed","high","medium","medium","medium","high","ok","ok","ok","ok",,"medium",,"C1","C1: Below 1.5°C with no or limited overshoot",,,"0","33.85189564703274","36.555374268773136",,"914.6856216000001","1.449726713727781","1.563046375184554",
"486","ENGAGE-Feasibility-Maximum-Effort/Cost-Effective","AIM/CGE V2.2","Final Energy|Electricity","EJ/yr","[object Object]",2065,27.6796,"1.563046375184554","1.449726713727781","2038","914.6856216000001","410.99601759999996","-98.7671383","2046",,"GW1",,"failed","high","medium","medium","medium","high","ok","ok","ok","ok",,"medium",,"C1","C1: Below 1.5°C with no or limited overshoot",,,"0","33.85189564703274","36.555374268773136",,"914.6856216000001","1.449726713727781","1.563046375184554",
"486","ENGAGE-Feasibility-Maximum-Effort/Cost-Effective","AIM/CGE V2.2","Final Energy|Electricity","EJ/yr","[object Object]",2070,28.4767,"1.563046375184554","1.449726713727781","2038","914.6856216000001","410.99601759999996","-98.7671383","2046",,"GW1",,"failed","high","medium","medium","medium","high","ok","ok","ok","ok",,"medium",,"C1","C1: Below 1.5°C with no or limited overshoot",,,"0","33.85189564703274","36.555374268773136",,"914.6856216000001","1.449726713727781","1.563046375184554",
"486","ENGAGE-Feasibility-Maximum-Effort/Cost-Effective","AIM/CGE V2.2","Final Energy|Electricity","EJ/yr","[object Object]",2075,29.1714,"1.563046375184554","1.449726713727781","2038","914.6856216000001","410.99601759999996","-98.7671383","2046",,"GW1",,"failed","high","medium","medium","medium","high","ok","ok","ok","ok",,"medium",,"C1","C1: Below 1.5°C with no or limited overshoot",,,"0","33.85189564703274","36.555374268773136",,"914.6856216000001","1.449726713727781","1.563046375184554",
"486","ENGAGE-Feasibility-Maximum-Effort/Cost-Effective","AIM/CGE V2.2","Final Energy|Electricity","EJ/yr","[object Object]",2080,29.8275,"1.563046375184554","1.449726713727781","2038","914.6856216000001","410.99601759999996","-98.7671383","2046",,"GW1",,"failed","high","medium","medium","medium","high","ok","ok","ok","ok",,"medium",,"C1","C1: Below 1.5°C with no or limited overshoot",,,"0","33.85189564703274","36.555374268773136",,"914.6856216000001","1.449726713727781","1.563046375184554",
"486","ENGAGE-Feasibility-Maximum-Effort/Cost-Effective","AIM/CGE V2.2","Final Energy|Electricity","EJ/yr","[object Object]",2085,30.3429,"1.563046375184554","1.449726713727781","2038","914.6856216000001","410.99601759999996","-98.7671383","2046",,"GW1",,"failed","high","medium","medium","medium","high","ok","ok","ok","ok",,"medium",,"C1","C1: Below 1.5°C with no or limited overshoot",,,"0","33.85189564703274","36.555374268773136",,"914.6856216000001","1.449726713727781","1.563046375184554",
"486","ENGAGE-Feasibility-Maximum-Effort/Cost-Effective","AIM/CGE V2.2","Final Energy|Electricity","EJ/yr","[object Object]",2090,30.7756,"1.563046375184554","1.449726713727781","2038","914.6856216000001","410.99601759999996","-98.7671383","2046",,"GW1",,"failed","high","medium","medium","medium","high","ok","ok","ok","ok",,"medium",,"C1","C1: Below 1.5°C with no or limited overshoot",,,"0","33.85189564703274","36.555374268773136",,"914.6856216000001","1.449726713727781","1.563046375184554",
"486","ENGAGE-Feasibility-Maximum-Effort/Cost-Effective","AIM/CGE V2.2","Final Energy|Electricity","EJ/yr","[object Object]",2095,31.1431,"1.563046375184554","1.449726713727781","2038","914.6856216000001","410.99601759999996","-98.7671383","2046",,"GW1",,"failed","high","medium","medium","medium","high","ok","ok","ok","ok",,"medium",,"C1","C1: Below 1.5°C with no or limited overshoot",,,"0","33.85189564703274","36.555374268773136",,"914.6856216000001","1.449726713727781","1.563046375184554",
"486","ENGAGE-Feasibility-Maximum-Effort/Cost-Effective","AIM/CGE V2.2","Final Energy|Electricity","EJ/yr","[object Object]",2100,31.6273,"1.563046375184554","1.449726713727781","2038","914.6856216000001","410.99601759999996","-98.7671383","2046",,"GW1",,"failed","high","medium","medium","medium","high","ok","ok","ok","ok",,"medium",,"C1","C1: Below 1.5°C with no or limited overshoot",,,"0","33.85189564703274","36.555374268773136",,"914.6856216000001","1.449726713727781","1.563046375184554",
"498","ENGAGE-Feasibility-Maximum-Effort/Cost-Effective","GEM-E3 V2023","Final Energy|Electricity","EJ/yr","[object Object]",2015,11.05105727898474,"1.583024927484596","1.479044818287871","2039","615.3386225232722","513.5063811855828","-1.0241563992554774","2055",,"GW1",,"failed","medium","medium","medium",,"high",,,,"ok",,"high",,"C1","C1: Below 1.5°C with no or limited overshoot",,,"0","23.331492038410648","37.22018243608335",,"615.3386225232722","1.479044818287871","1.583024927484596",
"498","ENGAGE-Feasibility-Maximum-Effort/Cost-Effective","GEM-E3 V2023","Final Energy|Electricity","EJ/yr","[object Object]",2020,10.53406199616253,"1.583024927484596","1.479044818287871","2039","615.3386225232722","513.5063811855828","-1.0241563992554774","2055",,"GW1",,"failed","medium","medium","medium",,"high",,,,"ok",,"high",,"C1","C1: Below 1.5°C with no or limited overshoot",,,"0","23.331492038410648","37.22018243608335",,"615.3386225232722","1.479044818287871","1.583024927484596",
"498","ENGAGE-Feasibility-Maximum-Effort/Cost-Effective","GEM-E3 V2023","Final Energy|Electricity","EJ/yr","[object Object]",2025,11.39804674431447,"1.583024927484596","1.479044818287871","2039","615.3386225232722","513.5063811855828","-1.0241563992554774","2055",,"GW1",,"failed","medium","medium","medium",,"high",,,,"ok",,"high",,"C1","C1: Below 1.5°C with no or limited overshoot",,,"0","23.331492038410648","37.22018243608335",,"615.3386225232722","1.479044818287871","1.583024927484596",
"498","ENGAGE-Feasibility-Maximum-Effort/Cost-Effective","GEM-E3 V2023","Final Energy|Electricity","EJ/yr","[object Object]",2030,14.05551039509245,"1.583024927484596","1.479044818287871","2039","615.3386225232722","513.5063811855828","-1.0241563992554774","2055",,"GW1",,"failed","medium","medium","medium",,"high",,,,"ok",,"high",,"C1","C1: Below 1.5°C with no or limited overshoot",,,"0","23.331492038410648","37.22018243608335",,"615.3386225232722","1.479044818287871","1.583024927484596",
"498","ENGAGE-Feasibility-Maximum-Effort/Cost-Effective","GEM-E3 V2023","Final Energy|Electricity","EJ/yr","[object Object]",2035,15.71245013775966,"1.583024927484596","1.479044818287871","2039","615.3386225232722","513.5063811855828","-1.0241563992554774","2055",,"GW1",,"failed","medium","medium","medium",,"high",,,,"ok",,"high",,"C1","C1: Below 1.5°C with no or limited overshoot",,,"0","23.331492038410648","37.22018243608335",,"615.3386225232722","1.479044818287871","1.583024927484596",
"498","ENGAGE-Feasibility-Maximum-Effort/Cost-Effective","GEM-E3 V2023","Final Energy|Electricity","EJ/yr","[object Object]",2040,15.97231809120956,"1.583024927484596","1.479044818287871","2039","615.3386225232722","513.5063811855828","-1.0241563992554774","2055",,"GW1",,"failed","medium","medium","medium",,"high",,,,"ok",,"high",,"C1","C1: Below 1.5°C with no or limited overshoot",,,"0","23.331492038410648","37.22018243608335",,"615.3386225232722","1.479044818287871","1.583024927484596",
"498","ENGAGE-Feasibility-Maximum-Effort/Cost-Effective","GEM-E3 V2023","Final Energy|Electricity","EJ/yr","[object Object]",2045,16.30154354859251,"1.583024927484596","1.479044818287871","2039","615.3386225232722","513.5063811855828","-1.0241563992554774","2055",,"GW1",,"failed","medium","medium","medium",,"high",,,,"ok",,"high",,"C1","C1: Below 1.5°C with no or limited overshoot",,,"0","23.331492038410648","37.22018243608335",,"615.3386225232722","1.479044818287871","1.583024927484596",
"498","ENGAGE-Feasibility-Maximum-Effort/Cost-Effective","GEM-E3 V2023","Final Energy|Electricity","EJ/yr","[object Object]",2050,16.60141658008767,"1.583024927484596","1.479044818287871","2039","615.3386225232722","513.5063811855828","-1.0241563992554774","2055",,"GW1",,"failed","medium","medium","medium",,"high",,,,"ok",,"high",,"C1","C1: Below 1.5°C with no or limited overshoot",,,"0","23.331492038410648","37.22018243608335",,"615.3386225232722","1.479044818287871","1.583024927484596",
"498","ENGAGE-Feasibility-Maximum-Effort/Cost-Effective","GEM-E3 V2023","Final Energy|Electricity","EJ/yr","[object Object]",2055,17.07586662032697,"1.583024927484596","1.479044818287871","2039","615.3386225232722","513.5063811855828","-1.0241563992554774","2055",,"GW1",,"failed","medium","medium","medium",,"high",,,,"ok",,"high",,"C1","C1: Below 1.5°C with no or limited overshoot",,,"0","23.331492038410648","37.22018243608335",,"615.3386225232722","1.479044818287871","1.583024927484596",
"498","ENGAGE-Feasibility-Maximum-Effort/Cost-Effective","GEM-E3 V2023","Final Energy|Electricity","EJ/yr","[object Object]",2060,17.72123951545381,"1.583024927484596","1.479044818287871","2039","615.3386225232722","513.5063811855828","-1.0241563992554774","2055",,"GW1",,"failed","medium","medium","medium",,"high",,,,"ok",,"high",,"C1","C1: Below 1.5°C with no or limited overshoot",,,"0","23.331492038410648","37.22018243608335",,"615.3386225232722","1.479044818287871","1.583024927484596",
"498","ENGAGE-Feasibility-Maximum-Effort/Cost-Effective","GEM-E3 V2023","Final Energy|Electricity","EJ/yr","[object Object]",2065,18.2699450002049,"1.583024927484596","1.479044818287871","2039","615.3386225232722","513.5063811855828","-1.0241563992554774","2055",,"GW1",,"failed","medium","medium","medium",,"high",,,,"ok",,"high",,"C1","C1: Below 1.5°C with no or limited overshoot",,,"0","23.331492038410648","37.22018243608335",,"615.3386225232722","1.479044818287871","1.583024927484596",
"498","ENGAGE-Feasibility-Maximum-Effort/Cost-Effective","GEM-E3 V2023","Final Energy|Electricity","EJ/yr","[object Object]",2070,18.8067835016671,"1.583024927484596","1.479044818287871","2039","615.3386225232722","513.5063811855828","-1.0241563992554774","2055",,"GW1",,"failed","medium","medium","medium",,"high",,,,"ok",,"high",,"C1","C1: Below 1.5°C with no or limited overshoot",,,"0","23.331492038410648","37.22018243608335",,"615.3386225232722","1.479044818287871","1.583024927484596",
"498","ENGAGE-Feasibility-Maximum-Effort/Cost-Effective","GEM-E3 V2023","Final Energy|Electricity","EJ/yr","[object Object]",2075,19.49521825691338,"1.583024927484596","1.479044818287871","2039","615.3386225232722","513.5063811855828","-1.0241563992554774","2055",,"GW1",,"failed","medium","medium","medium",,"high",,,,"ok",,"high",,"C1","C1: Below 1.5°C with no or limited overshoot",,,"0","23.331492038410648","37.22018243608335",,"615.3386225232722","1.479044818287871","1.583024927484596",
"498","ENGAGE-Feasibility-Maximum-Effort/Cost-Effective","GEM-E3 V2023","Final Energy|Electricity","EJ/yr","[object Object]",2080,20.09363573757206,"1.583024927484596","1.479044818287871","2039","615.3386225232722","513.5063811855828","-1.0241563992554774","2055",,"GW1",,"failed","medium","medium","medium",,"high",,,,"ok",,"high",,"C1","C1: Below 1.5°C with no or limited overshoot",,,"0","23.331492038410648","37.22018243608335",,"615.3386225232722","1.479044818287871","1.583024927484596",
"498","ENGAGE-Feasibility-Maximum-Effort/Cost-Effective","GEM-E3 V2023","Final Energy|Electricity","EJ/yr","[object Object]",2085,20.59136166877528,"1.583024927484596","1.479044818287871","2039","615.3386225232722","513.5063811855828","-1.0241563992554774","2055",,"GW1",,"failed","medium","medium","medium",,"high",,,,"ok",,"high",,"C1","C1: Below 1.5°C with no or limited overshoot",,,"0","23.331492038410648","37.22018243608335",,"615.3386225232722","1.479044818287871","1.583024927484596",
"498","ENGAGE-Feasibility-Maximum-Effort/Cost-Effective","GEM-E3 V2023","Final Energy|Electricity","EJ/yr","[object Object]",2090,21.24104272820076,"1.583024927484596","1.479044818287871","2039","615.3386225232722","513.5063811855828","-1.0241563992554774","2055",,"GW1",,"failed","medium","medium","medium",,"high",,,,"ok",,"high",,"C1","C1: Below 1.5°C with no or limited overshoot",,,"0","23.331492038410648","37.22018243608335",,"615.3386225232722","1.479044818287871","1.583024927484596",
"498","ENGAGE-Feasibility-Maximum-Effort/Cost-Effective","GEM-E3 V2023","Final Energy|Electricity","EJ/yr","[object Object]",2095,21.92621700570309,"1.583024927484596","1.479044818287871","2039","615.3386225232722","513.5063811855828","-1.0241563992554774","2055",,"GW1",,"failed","medium","medium","medium",,"high",,,,"ok",,"high",,"C1","C1: Below 1.5°C with no or limited overshoot",,,"0","23.331492038410648","37.22018243608335",,"615.3386225232722","1.479044818287871","1.583024927484596",
"498","ENGAGE-Feasibility-Maximum-Effort/Cost-Effective","GEM-E3 V2023","Final Energy|Electricity","EJ/yr","[object Object]",2100,22.68673115019644,"1.583024927484596","1.479044818287871","2039","615.3386225232722","513.5063811855828","-1.0241563992554774","2055",,"GW1",,"failed","medium","medium","medium",,"high",,,,"ok",,"high",,"C1","C1: Below 1.5°C with no or limited overshoot",,,"0","23.331492038410648","37.22018243608335",,"615.3386225232722","1.479044818287871","1.583024927484596",
"504","ENGAGE-Feasibility-Maximum-Effort/Technology","GEM-E3 V2023","Final Energy|Electricity","EJ/yr","[object Object]",2015,11.05105727898474,"1.558100803120726","1.438713771943366","2039","548.0198858334958","518.5518757368202",,,,"GW1",,"failed","medium","medium","ok",,"high",,,,"ok",,"medium",,"C1","C1: Below 1.5°C with no or limited overshoot",,,"0","23.41538115003718","28.68567395140267",,"548.0198858334958","1.438713771943366","1.558100803120726",
"504","ENGAGE-Feasibility-Maximum-Effort/Technology","GEM-E3 V2023","Final Energy|Electricity","EJ/yr","[object Object]",2020,10.53406199616253,"1.558100803120726","1.438713771943366","2039","548.0198858334958","518.5518757368202",,,,"GW1",,"failed","medium","medium","ok",,"high",,,,"ok",,"medium",,"C1","C1: Below 1.5°C with no or limited overshoot",,,"0","23.41538115003718","28.68567395140267",,"548.0198858334958","1.438713771943366","1.558100803120726",
"504","ENGAGE-Feasibility-Maximum-Effort/Technology","GEM-E3 V2023","Final Energy|Electricity","EJ/yr","[object Object]",2025,11.36492331434172,"1.558100803120726","1.438713771943366","2039","548.0198858334958","518.5518757368202",,,,"GW1",,"failed","medium","medium","ok",,"high",,,,"ok",,"medium",,"C1","C1: Below 1.5°C with no or limited overshoot",,,"0","23.41538115003718","28.68567395140267",,"548.0198858334958","1.438713771943366","1.558100803120726",
"504","ENGAGE-Feasibility-Maximum-Effort/Technology","GEM-E3 V2023","Final Energy|Electricity","EJ/yr","[object Object]",2030,14.58779254350622,"1.558100803120726","1.438713771943366","2039","548.0198858334958","518.5518757368202",,,,"GW1",,"failed","medium","medium","ok",,"high",,,,"ok",,"medium",,"C1","C1: Below 1.5°C with no or limited overshoot",,,"0","23.41538115003718","28.68567395140267",,"548.0198858334958","1.438713771943366","1.558100803120726",
"504","ENGAGE-Feasibility-Maximum-Effort/Technology","GEM-E3 V2023","Final Energy|Electricity","EJ/yr","[object Object]",2035,15.67695005921848,"1.558100803120726","1.438713771943366","2039","548.0198858334958","518.5518757368202",,,,"GW1",,"failed","medium","medium","ok",,"high",,,,"ok",,"medium",,"C1","C1: Below 1.5°C with no or limited overshoot",,,"0","23.41538115003718","28.68567395140267",,"548.0198858334958","1.438713771943366","1.558100803120726",
"504","ENGAGE-Feasibility-Maximum-Effort/Technology","GEM-E3 V2023","Final Energy|Electricity","EJ/yr","[object Object]",2040,15.84268401433661,"1.558100803120726","1.438713771943366","2039","548.0198858334958","518.5518757368202",,,,"GW1",,"failed","medium","medium","ok",,"high",,,,"ok",,"medium",,"C1","C1: Below 1.5°C with no or limited overshoot",,,"0","23.41538115003718","28.68567395140267",,"548.0198858334958","1.438713771943366","1.558100803120726",
"504","ENGAGE-Feasibility-Maximum-Effort/Technology","GEM-E3 V2023","Final Energy|Electricity","EJ/yr","[object Object]",2045,16.32657882124117,"1.558100803120726","1.438713771943366","2039","548.0198858334958","518.5518757368202",,,,"GW1",,"failed","medium","medium","ok",,"high",,,,"ok",,"medium",,"C1","C1: Below 1.5°C with no or limited overshoot",,,"0","23.41538115003718","28.68567395140267",,"548.0198858334958","1.438713771943366","1.558100803120726",
"504","ENGAGE-Feasibility-Maximum-Effort/Technology","GEM-E3 V2023","Final Energy|Electricity","EJ/yr","[object Object]",2050,16.59349251256068,"1.558100803120726","1.438713771943366","2039","548.0198858334958","518.5518757368202",,,,"GW1",,"failed","medium","medium","ok",,"high",,,,"ok",,"medium",,"C1","C1: Below 1.5°C with no or limited overshoot",,,"0","23.41538115003718","28.68567395140267",,"548.0198858334958","1.438713771943366","1.558100803120726",
"504","ENGAGE-Feasibility-Maximum-Effort/Technology","GEM-E3 V2023","Final Energy|Electricity","EJ/yr","[object Object]",2055,17.11144482763837,"1.558100803120726","1.438713771943366","2039","548.0198858334958","518.5518757368202",,,,"GW1",,"failed","medium","medium","ok",,"high",,,,"ok",,"medium",,"C1","C1: Below 1.5°C with no or limited overshoot",,,"0","23.41538115003718","28.68567395140267",,"548.0198858334958","1.438713771943366","1.558100803120726",
"504","ENGAGE-Feasibility-Maximum-Effort/Technology","GEM-E3 V2023","Final Energy|Electricity","EJ/yr","[object Object]",2060,17.75759632209423,"1.558100803120726","1.438713771943366","2039","548.0198858334958","518.5518757368202",,,,"GW1",,"failed","medium","medium","ok",,"high",,,,"ok",,"medium",,"C1","C1: Below 1.5°C with no or limited overshoot",,,"0","23.41538115003718","28.68567395140267",,"548.0198858334958","1.438713771943366","1.558100803120726",
"504","ENGAGE-Feasibility-Maximum-Effort/Technology","GEM-E3 V2023","Final Energy|Electricity","EJ/yr","[object Object]",2065,18.23033516001065,"1.558100803120726","1.438713771943366","2039","548.0198858334958","518.5518757368202",,,,"GW1",,"failed","medium","medium","ok",,"high",,,,"ok",,"medium",,"C1","C1: Below 1.5°C with no or limited overshoot",,,"0","23.41538115003718","28.68567395140267",,"548.0198858334958","1.438713771943366","1.558100803120726",
"504","ENGAGE-Feasibility-Maximum-Effort/Technology","GEM-E3 V2023","Final Energy|Electricity","EJ/yr","[object Object]",2070,18.80438409468751,"1.558100803120726","1.438713771943366","2039","548.0198858334958","518.5518757368202",,,,"GW1",,"failed","medium","medium","ok",,"high",,,,"ok",,"medium",,"C1","C1: Below 1.5°C with no or limited overshoot",,,"0","23.41538115003718","28.68567395140267",,"548.0198858334958","1.438713771943366","1.558100803120726",
"504","ENGAGE-Feasibility-Maximum-Effort/Technology","GEM-E3 V2023","Final Energy|Electricity","EJ/yr","[object Object]",2075,19.44817596492967,"1.558100803120726","1.438713771943366","2039","548.0198858334958","518.5518757368202",,,,"GW1",,"failed","medium","medium","ok",,"high",,,,"ok",,"medium",,"C1","C1: Below 1.5°C with no or limited overshoot",,,"0","23.41538115003718","28.68567395140267",,"548.0198858334958","1.438713771943366","1.558100803120726",
"504","ENGAGE-Feasibility-Maximum-Effort/Technology","GEM-E3 V2023","Final Energy|Electricity","EJ/yr","[object Object]",2080,20.00317758755529,"1.558100803120726","1.438713771943366","2039","548.0198858334958","518.5518757368202",,,,"GW1",,"failed","medium","medium","ok",,"high",,,,"ok",,"medium",,"C1","C1: Below 1.5°C with no or limited overshoot",,,"0","23.41538115003718","28.68567395140267",,"548.0198858334958","1.438713771943366","1.558100803120726",
"504","ENGAGE-Feasibility-Maximum-Effort/Technology","GEM-E3 V2023","Final Energy|Electricity","EJ/yr","[object Object]",2085,20.56843057530753,"1.558100803120726","1.438713771943366","2039","548.0198858334958","518.5518757368202",,,,"GW1",,"failed","medium","medium","ok",,"high",,,,"ok",,"medium",,"C1","C1: Below 1.5°C with no or limited overshoot",,,"0","23.41538115003718","28.68567395140267",,"548.0198858334958","1.438713771943366","1.558100803120726",
"504","ENGAGE-Feasibility-Maximum-Effort/Technology","GEM-E3 V2023","Final Energy|Electricity","EJ/yr","[object Object]",2090,21.28593876151136,"1.558100803120726","1.438713771943366","2039","548.0198858334958","518.5518757368202",,,,"GW1",,"failed","medium","medium","ok",,"high",,,,"ok",,"medium",,"C1","C1: Below 1.5°C with no or limited overshoot",,,"0","23.41538115003718","28.68567395140267",,"548.0198858334958","1.438713771943366","1.558100803120726",
"504","ENGAGE-Feasibility-Maximum-Effort/Technology","GEM-E3 V2023","Final Energy|Electricity","EJ/yr","[object Object]",2095,22.03614310982723,"1.558100803120726","1.438713771943366","2039","548.0198858334958","518.5518757368202",,,,"GW1",,"failed","medium","medium","ok",,"high",,,,"ok",,"medium",,"C1","C1: Below 1.5°C with no or limited overshoot",,,"0","23.41538115003718","28.68567395140267",,"548.0198858334958","1.438713771943366","1.558100803120726",
"504","ENGAGE-Feasibility-Maximum-Effort/Technology","GEM-E3 V2023","Final Energy|Electricity","EJ/yr","[object Object]",2100,22.83162303150747,"1.558100803120726","1.438713771943366","2039","548.0198858334958","518.5518757368202",,,,"GW1",,"failed","medium","medium","ok",,"high",,,,"ok",,"medium",,"C1","C1: Below 1.5°C with no or limited overshoot",,,"0","23.41538115003718","28.68567395140267",,"548.0198858334958","1.438713771943366","1.558100803120726",
"527","ENGAGE-Feasibility-Maximum-Effort/Cost-Effective","MESSAGEix-GLOBIOM 1.1","Final Energy|Electricity","EJ/yr","[object Object]",2010,11.704675352868431,"1.575044001042199","1.354802491244417","2039","576.5042573823463","532.8732051489785","-30.040883141094668","2054",,"GW1",,"failed","high","medium","ok","medium","high","medium","medium","ok","ok",,"medium",,"C1","C1: Below 1.5°C with no or limited overshoot",,,"0","20.48766720176704","17.19808469243699",,"576.5042573823463","1.354802491244417","1.575044001042199",
"527","ENGAGE-Feasibility-Maximum-Effort/Cost-Effective","MESSAGEix-GLOBIOM 1.1","Final Energy|Electricity","EJ/yr","[object Object]",2015,11.552076015093355,"1.575044001042199","1.354802491244417","2039","576.5042573823463","532.8732051489785","-30.040883141094668","2054",,"GW1",,"failed","high","medium","ok","medium","high","medium","medium","ok","ok",,"medium",,"C1","C1: Below 1.5°C with no or limited overshoot",,,"0","20.48766720176704","17.19808469243699",,"576.5042573823463","1.354802491244417","1.575044001042199",
"527","ENGAGE-Feasibility-Maximum-Effort/Cost-Effective","MESSAGEix-GLOBIOM 1.1","Final Energy|Electricity","EJ/yr","[object Object]",2020,12.877657821350297,"1.575044001042199","1.354802491244417","2039","576.5042573823463","532.8732051489785","-30.040883141094668","2054",,"GW1",,"failed","high","medium","ok","medium","high","medium","medium","ok","ok",,"medium",,"C1","C1: Below 1.5°C with no or limited overshoot",,,"0","20.48766720176704","17.19808469243699",,"576.5042573823463","1.354802491244417","1.575044001042199",
"527","ENGAGE-Feasibility-Maximum-Effort/Cost-Effective","MESSAGEix-GLOBIOM 1.1","Final Energy|Electricity","EJ/yr","[object Object]",2025,13.92250938541044,"1.575044001042199","1.354802491244417","2039","576.5042573823463","532.8732051489785","-30.040883141094668","2054",,"GW1",,"failed","high","medium","ok","medium","high","medium","medium","ok","ok",,"medium",,"C1","C1: Below 1.5°C with no or limited overshoot",,,"0","20.48766720176704","17.19808469243699",,"576.5042573823463","1.354802491244417","1.575044001042199",
"527","ENGAGE-Feasibility-Maximum-Effort/Cost-Effective","MESSAGEix-GLOBIOM 1.1","Final Energy|Electricity","EJ/yr","[object Object]",2030,16.072466619168516,"1.575044001042199","1.354802491244417","2039","576.5042573823463","532.8732051489785","-30.040883141094668","2054",,"GW1",,"failed","high","medium","ok","medium","high","medium","medium","ok","ok",,"medium",,"C1","C1: Below 1.5°C with no or limited overshoot",,,"0","20.48766720176704","17.19808469243699",,"576.5042573823463","1.354802491244417","1.575044001042199",
"527","ENGAGE-Feasibility-Maximum-Effort/Cost-Effective","MESSAGEix-GLOBIOM 1.1","Final Energy|Electricity","EJ/yr","[object Object]",2035,18.794280723373642,"1.575044001042199","1.354802491244417","2039","576.5042573823463","532.8732051489785","-30.040883141094668","2054",,"GW1",,"failed","high","medium","ok","medium","high","medium","medium","ok","ok",,"medium",,"C1","C1: Below 1.5°C with no or limited overshoot",,,"0","20.48766720176704","17.19808469243699",,"576.5042573823463","1.354802491244417","1.575044001042199",
"527","ENGAGE-Feasibility-Maximum-Effort/Cost-Effective","MESSAGEix-GLOBIOM 1.1","Final Energy|Electricity","EJ/yr","[object Object]",2040,21.318367396337766,"1.575044001042199","1.354802491244417","2039","576.5042573823463","532.8732051489785","-30.040883141094668","2054",,"GW1",,"failed","high","medium","ok","medium","high","medium","medium","ok","ok",,"medium",,"C1","C1: Below 1.5°C with no or limited overshoot",,,"0","20.48766720176704","17.19808469243699",,"576.5042573823463","1.354802491244417","1.575044001042199",
"527","ENGAGE-Feasibility-Maximum-Effort/Cost-Effective","MESSAGEix-GLOBIOM 1.1","Final Energy|Electricity","EJ/yr","[object Object]",2045,22.77653870021701,"1.575044001042199","1.354802491244417","2039","576.5042573823463","532.8732051489785","-30.040883141094668","2054",,"GW1",,"failed","high","medium","ok","medium","high","medium","medium","ok","ok",,"medium",,"C1","C1: Below 1.5°C with no or limited overshoot",,,"0","20.48766720176704","17.19808469243699",,"576.5042573823463","1.354802491244417","1.575044001042199",
"527","ENGAGE-Feasibility-Maximum-Effort/Cost-Effective","MESSAGEix-GLOBIOM 1.1","Final Energy|Electricity","EJ/yr","[object Object]",2050,24.00540682731412,"1.575044001042199","1.354802491244417","2039","576.5042573823463","532.8732051489785","-30.040883141094668","2054",,"GW1",,"failed","high","medium","ok","medium","high","medium","medium","ok","ok",,"medium",,"C1","C1: Below 1.5°C with no or limited overshoot",,,"0","20.48766720176704","17.19808469243699",,"576.5042573823463","1.354802491244417","1.575044001042199",
"527","ENGAGE-Feasibility-Maximum-Effort/Cost-Effective","MESSAGEix-GLOBIOM 1.1","Final Energy|Electricity","EJ/yr","[object Object]",2055,25.227404657924566,"1.575044001042199","1.354802491244417","2039","576.5042573823463","532.8732051489785","-30.040883141094668","2054",,"GW1",,"failed","high","medium","ok","medium","high","medium","medium","ok","ok",,"medium",,"C1","C1: Below 1.5°C with no or limited overshoot",,,"0","20.48766720176704","17.19808469243699",,"576.5042573823463","1.354802491244417","1.575044001042199",
"527","ENGAGE-Feasibility-Maximum-Effort/Cost-Effective","MESSAGEix-GLOBIOM 1.1","Final Energy|Electricity","EJ/yr","[object Object]",2060,26.37950148328599,"1.575044001042199","1.354802491244417","2039","576.5042573823463","532.8732051489785","-30.040883141094668","2054",,"GW1",,"failed","high","medium","ok","medium","high","medium","medium","ok","ok",,"medium",,"C1","C1: Below 1.5°C with no or limited overshoot",,,"0","20.48766720176704","17.19808469243699",,"576.5042573823463","1.354802491244417","1.575044001042199",
"527","ENGAGE-Feasibility-Maximum-Effort/Cost-Effective","MESSAGEix-GLOBIOM 1.1","Final Energy|Electricity","EJ/yr","[object Object]",2070,29.115572713099247,"1.575044001042199","1.354802491244417","2039","576.5042573823463","532.8732051489785","-30.040883141094668","2054",,"GW1",,"failed","high","medium","ok","medium","high","medium","medium","ok","ok",,"medium",,"C1","C1: Below 1.5°C with no or limited overshoot",,,"0","20.48766720176704","17.19808469243699",,"576.5042573823463","1.354802491244417","1.575044001042199",
"527","ENGAGE-Feasibility-Maximum-Effort/Cost-Effective","MESSAGEix-GLOBIOM 1.1","Final Energy|Electricity","EJ/yr","[object Object]",2080,31.674742811643263,"1.575044001042199","1.354802491244417","2039","576.5042573823463","532.8732051489785","-30.040883141094668","2054",,"GW1",,"failed","high","medium","ok","medium","high","medium","medium","ok","ok",,"medium",,"C1","C1: Below 1.5°C with no or limited overshoot",,,"0","20.48766720176704","17.19808469243699",,"576.5042573823463","1.354802491244417","1.575044001042199",
"527","ENGAGE-Feasibility-Maximum-Effort/Cost-Effective","MESSAGEix-GLOBIOM 1.1","Final Energy|Electricity","EJ/yr","[object Object]",2090,33.86886481620702,"1.575044001042199","1.354802491244417","2039","576.5042573823463","532.8732051489785","-30.040883141094668","2054",,"GW1",,"failed","high","medium","ok","medium","high","medium","medium","ok","ok",,"medium",,"C1","C1: Below 1.5°C with no or limited overshoot",,,"0","20.48766720176704","17.19808469243699",,"576.5042573823463","1.354802491244417","1.575044001042199",
"527","ENGAGE-Feasibility-Maximum-Effort/Cost-Effective","MESSAGEix-GLOBIOM 1.1","Final Energy|Electricity","EJ/yr","[object Object]",2100,36.10309470611363,"1.575044001042199","1.354802491244417","2039","576.5042573823463","532.8732051489785","-30.040883141094668","2054",,"GW1",,"failed","high","medium","ok","medium","high","medium","medium","ok","ok",,"medium",,"C1","C1: Below 1.5°C with no or limited overshoot",,,"0","20.48766720176704","17.19808469243699",,"576.5042573823463","1.354802491244417","1.575044001042199",
"529","ENGAGE-Feasibility-Maximum-Effort/Enablers & Institutional [Optimistic]","MESSAGEix-GLOBIOM 1.1","Final Energy|Electricity","EJ/yr","[object Object]",2010,11.704675352868431,"1.613064305062161","1.185857702872042","2048","453.5361832512423","386.6711258077172","-297.72290424698207","2058","2070","GW1",,"failed","high","ok","ok","ok","medium","medium","medium","medium","ok",,"ok",,"C1","C1: Below 1.5°C with no or limited overshoot",,,"0","28.635514460327677","23.538269354382532",,"453.5361832512423","1.185857702872042","1.613064305062161",
"529","ENGAGE-Feasibility-Maximum-Effort/Enablers & Institutional [Optimistic]","MESSAGEix-GLOBIOM 1.1","Final Energy|Electricity","EJ/yr","[object Object]",2015,11.552076015093355,"1.613064305062161","1.185857702872042","2048","453.5361832512423","386.6711258077172","-297.72290424698207","2058","2070","GW1",,"failed","high","ok","ok","ok","medium","medium","medium","medium","ok",,"ok",,"C1","C1: Below 1.5°C with no or limited overshoot",,,"0","28.635514460327677","23.538269354382532",,"453.5361832512423","1.185857702872042","1.613064305062161",
"529","ENGAGE-Feasibility-Maximum-Effort/Enablers & Institutional [Optimistic]","MESSAGEix-GLOBIOM 1.1","Final Energy|Electricity","EJ/yr","[object Object]",2020,12.877657821350297,"1.613064305062161","1.185857702872042","2048","453.5361832512423","386.6711258077172","-297.72290424698207","2058","2070","GW1",,"failed","high","ok","ok","ok","medium","medium","medium","medium","ok",,"ok",,"C1","C1: Below 1.5°C with no or limited overshoot",,,"0","28.635514460327677","23.538269354382532",,"453.5361832512423","1.185857702872042","1.613064305062161",
"529","ENGAGE-Feasibility-Maximum-Effort/Enablers & Institutional [Optimistic]","MESSAGEix-GLOBIOM 1.1","Final Energy|Electricity","EJ/yr","[object Object]",2025,13.92250938541044,"1.613064305062161","1.185857702872042","2048","453.5361832512423","386.6711258077172","-297.72290424698207","2058","2070","GW1",,"failed","high","ok","ok","ok","medium","medium","medium","medium","ok",,"ok",,"C1","C1: Below 1.5°C with no or limited overshoot",,,"0","28.635514460327677","23.538269354382532",,"453.5361832512423","1.185857702872042","1.613064305062161",
"529","ENGAGE-Feasibility-Maximum-Effort/Enablers & Institutional [Optimistic]","MESSAGEix-GLOBIOM 1.1","Final Energy|Electricity","EJ/yr","[object Object]",2030,13.397365239873851,"1.613064305062161","1.185857702872042","2048","453.5361832512423","386.6711258077172","-297.72290424698207","2058","2070","GW1",,"failed","high","ok","ok","ok","medium","medium","medium","medium","ok",,"ok",,"C1","C1: Below 1.5°C with no or limited overshoot",,,"0","28.635514460327677","23.538269354382532",,"453.5361832512423","1.185857702872042","1.613064305062161",
"529","ENGAGE-Feasibility-Maximum-Effort/Enablers & Institutional [Optimistic]","MESSAGEix-GLOBIOM 1.1","Final Energy|Electricity","EJ/yr","[object Object]",2035,13.180816888638118,"1.613064305062161","1.185857702872042","2048","453.5361832512423","386.6711258077172","-297.72290424698207","2058","2070","GW1",,"failed","high","ok","ok","ok","medium","medium","medium","medium","ok",,"ok",,"C1","C1: Below 1.5°C with no or limited overshoot",,,"0","28.635514460327677","23.538269354382532",,"453.5361832512423","1.185857702872042","1.613064305062161",
"529","ENGAGE-Feasibility-Maximum-Effort/Enablers & Institutional [Optimistic]","MESSAGEix-GLOBIOM 1.1","Final Energy|Electricity","EJ/yr","[object Object]",2040,13.465296829728485,"1.613064305062161","1.185857702872042","2048","453.5361832512423","386.6711258077172","-297.72290424698207","2058","2070","GW1",,"failed","high","ok","ok","ok","medium","medium","medium","medium","ok",,"ok",,"C1","C1: Below 1.5°C with no or limited overshoot",,,"0","28.635514460327677","23.538269354382532",,"453.5361832512423","1.185857702872042","1.613064305062161",
"529","ENGAGE-Feasibility-Maximum-Effort/Enablers & Institutional [Optimistic]","MESSAGEix-GLOBIOM 1.1","Final Energy|Electricity","EJ/yr","[object Object]",2045,13.847384890700539,"1.613064305062161","1.185857702872042","2048","453.5361832512423","386.6711258077172","-297.72290424698207","2058","2070","GW1",,"failed","high","ok","ok","ok","medium","medium","medium","medium","ok",,"ok",,"C1","C1: Below 1.5°C with no or limited overshoot",,,"0","28.635514460327677","23.538269354382532",,"453.5361832512423","1.185857702872042","1.613064305062161",
"529","ENGAGE-Feasibility-Maximum-Effort/Enablers & Institutional [Optimistic]","MESSAGEix-GLOBIOM 1.1","Final Energy|Electricity","EJ/yr","[object Object]",2050,14.185470661097787,"1.613064305062161","1.185857702872042","2048","453.5361832512423","386.6711258077172","-297.72290424698207","2058","2070","GW1",,"failed","high","ok","ok","ok","medium","medium","medium","medium","ok",,"ok",,"C1","C1: Below 1.5°C with no or limited overshoot",,,"0","28.635514460327677","23.538269354382532",,"453.5361832512423","1.185857702872042","1.613064305062161",
"529","ENGAGE-Feasibility-Maximum-Effort/Enablers & Institutional [Optimistic]","MESSAGEix-GLOBIOM 1.1","Final Energy|Electricity","EJ/yr","[object Object]",2055,14.498182805754311,"1.613064305062161","1.185857702872042","2048","453.5361832512423","386.6711258077172","-297.72290424698207","2058","2070","GW1",,"failed","high","ok","ok","ok","medium","medium","medium","medium","ok",,"ok",,"C1","C1: Below 1.5°C with no or limited overshoot",,,"0","28.635514460327677","23.538269354382532",,"453.5361832512423","1.185857702872042","1.613064305062161",
"529","ENGAGE-Feasibility-Maximum-Effort/Enablers & Institutional [Optimistic]","MESSAGEix-GLOBIOM 1.1","Final Energy|Electricity","EJ/yr","[object Object]",2060,14.34892894782228,"1.613064305062161","1.185857702872042","2048","453.5361832512423","386.6711258077172","-297.72290424698207","2058","2070","GW1",,"failed","high","ok","ok","ok","medium","medium","medium","medium","ok",,"ok",,"C1","C1: Below 1.5°C with no or limited overshoot",,,"0","28.635514460327677","23.538269354382532",,"453.5361832512423","1.185857702872042","1.613064305062161",
"529","ENGAGE-Feasibility-Maximum-Effort/Enablers & Institutional [Optimistic]","MESSAGEix-GLOBIOM 1.1","Final Energy|Electricity","EJ/yr","[object Object]",2070,14.185597158740261,"1.613064305062161","1.185857702872042","2048","453.5361832512423","386.6711258077172","-297.72290424698207","2058","2070","GW1",,"failed","high","ok","ok","ok","medium","medium","medium","medium","ok",,"ok",,"C1","C1: Below 1.5°C with no or limited overshoot",,,"0","28.635514460327677","23.538269354382532",,"453.5361832512423","1.185857702872042","1.613064305062161",
"529","ENGAGE-Feasibility-Maximum-Effort/Enablers & Institutional [Optimistic]","MESSAGEix-GLOBIOM 1.1","Final Energy|Electricity","EJ/yr","[object Object]",2080,14.601615295683212,"1.613064305062161","1.185857702872042","2048","453.5361832512423","386.6711258077172","-297.72290424698207","2058","2070","GW1",,"failed","high","ok","ok","ok","medium","medium","medium","medium","ok",,"ok",,"C1","C1: Below 1.5°C with no or limited overshoot",,,"0","28.635514460327677","23.538269354382532",,"453.5361832512423","1.185857702872042","1.613064305062161",
"529","ENGAGE-Feasibility-Maximum-Effort/Enablers & Institutional [Optimistic]","MESSAGEix-GLOBIOM 1.1","Final Energy|Electricity","EJ/yr","[object Object]",2090,15.210643320993462,"1.613064305062161","1.185857702872042","2048","453.5361832512423","386.6711258077172","-297.72290424698207","2058","2070","GW1",,"failed","high","ok","ok","ok","medium","medium","medium","medium","ok",,"ok",,"C1","C1: Below 1.5°C with no or limited overshoot",,,"0","28.635514460327677","23.538269354382532",,"453.5361832512423","1.185857702872042","1.613064305062161",
"529","ENGAGE-Feasibility-Maximum-Effort/Enablers & Institutional [Optimistic]","MESSAGEix-GLOBIOM 1.1","Final Energy|Electricity","EJ/yr","[object Object]",2100,15.099403699532102,"1.613064305062161","1.185857702872042","2048","453.5361832512423","386.6711258077172","-297.72290424698207","2058","2070","GW1",,"failed","high","ok","ok","ok","medium","medium","medium","medium","ok",,"ok",,"C1","C1: Below 1.5°C with no or limited overshoot",,,"0","28.635514460327677","23.538269354382532",,"453.5361832512423","1.185857702872042","1.613064305062161",
"534","ENGAGE-Feasibility-Maximum-Effort/Technology","MESSAGEix-GLOBIOM 1.1","Final Energy|Electricity","EJ/yr","[object Object]",2010,11.704675352868431,"1.573468985061494","1.34942759384328","2039","469.9362556480803","532.2686102308227","-30.6785151367349","2053",,"GW1",,"failed","medium","ok","ok","medium","medium","medium","medium","ok","ok",,"ok",,"C1","C1: Below 1.5°C with no or limited overshoot",,,"0","19.21313255970541","14.908652287530611",,"469.9362556480803","1.34942759384328","1.573468985061494",
"534","ENGAGE-Feasibility-Maximum-Effort/Technology","MESSAGEix-GLOBIOM 1.1","Final Energy|Electricity","EJ/yr","[object Object]",2015,11.552076015093355,"1.573468985061494","1.34942759384328","2039","469.9362556480803","532.2686102308227","-30.6785151367349","2053",,"GW1",,"failed","medium","ok","ok","medium","medium","medium","medium","ok","ok",,"ok",,"C1","C1: Below 1.5°C with no or limited overshoot",,,"0","19.21313255970541","14.908652287530611",,"469.9362556480803","1.34942759384328","1.573468985061494",
"534","ENGAGE-Feasibility-Maximum-Effort/Technology","MESSAGEix-GLOBIOM 1.1","Final Energy|Electricity","EJ/yr","[object Object]",2020,12.877657821350297,"1.573468985061494","1.34942759384328","2039","469.9362556480803","532.2686102308227","-30.6785151367349","2053",,"GW1",,"failed","medium","ok","ok","medium","medium","medium","medium","ok","ok",,"ok",,"C1","C1: Below 1.5°C with no or limited overshoot",,,"0","19.21313255970541","14.908652287530611",,"469.9362556480803","1.34942759384328","1.573468985061494",
"534","ENGAGE-Feasibility-Maximum-Effort/Technology","MESSAGEix-GLOBIOM 1.1","Final Energy|Electricity","EJ/yr","[object Object]",2025,13.92250938541044,"1.573468985061494","1.34942759384328","2039","469.9362556480803","532.2686102308227","-30.6785151367349","2053",,"GW1",,"failed","medium","ok","ok","medium","medium","medium","medium","ok","ok",,"ok",,"C1","C1: Below 1.5°C with no or limited overshoot",,,"0","19.21313255970541","14.908652287530611",,"469.9362556480803","1.34942759384328","1.573468985061494",
"534","ENGAGE-Feasibility-Maximum-Effort/Technology","MESSAGEix-GLOBIOM 1.1","Final Energy|Electricity","EJ/yr","[object Object]",2030,15.719595087122475,"1.573468985061494","1.34942759384328","2039","469.9362556480803","532.2686102308227","-30.6785151367349","2053",,"GW1",,"failed","medium","ok","ok","medium","medium","medium","medium","ok","ok",,"ok",,"C1","C1: Below 1.5°C with no or limited overshoot",,,"0","19.21313255970541","14.908652287530611",,"469.9362556480803","1.34942759384328","1.573468985061494",
"534","ENGAGE-Feasibility-Maximum-Effort/Technology","MESSAGEix-GLOBIOM 1.1","Final Energy|Electricity","EJ/yr","[object Object]",2035,18.26331922767072,"1.573468985061494","1.34942759384328","2039","469.9362556480803","532.2686102308227","-30.6785151367349","2053",,"GW1",,"failed","medium","ok","ok","medium","medium","medium","medium","ok","ok",,"ok",,"C1","C1: Below 1.5°C with no or limited overshoot",,,"0","19.21313255970541","14.908652287530611",,"469.9362556480803","1.34942759384328","1.573468985061494",
"534","ENGAGE-Feasibility-Maximum-Effort/Technology","MESSAGEix-GLOBIOM 1.1","Final Energy|Electricity","EJ/yr","[object Object]",2040,20.61653859199722,"1.573468985061494","1.34942759384328","2039","469.9362556480803","532.2686102308227","-30.6785151367349","2053",,"GW1",,"failed","medium","ok","ok","medium","medium","medium","medium","ok","ok",,"ok",,"C1","C1: Below 1.5°C with no or limited overshoot",,,"0","19.21313255970541","14.908652287530611",,"469.9362556480803","1.34942759384328","1.573468985061494",
"534","ENGAGE-Feasibility-Maximum-Effort/Technology","MESSAGEix-GLOBIOM 1.1","Final Energy|Electricity","EJ/yr","[object Object]",2045,22.30809804220945,"1.573468985061494","1.34942759384328","2039","469.9362556480803","532.2686102308227","-30.6785151367349","2053",,"GW1",,"failed","medium","ok","ok","medium","medium","medium","medium","ok","ok",,"ok",,"C1","C1: Below 1.5°C with no or limited overshoot",,,"0","19.21313255970541","14.908652287530611",,"469.9362556480803","1.34942759384328","1.573468985061494",
"534","ENGAGE-Feasibility-Maximum-Effort/Technology","MESSAGEix-GLOBIOM 1.1","Final Energy|Electricity","EJ/yr","[object Object]",2050,23.613684327291818,"1.573468985061494","1.34942759384328","2039","469.9362556480803","532.2686102308227","-30.6785151367349","2053",,"GW1",,"failed","medium","ok","ok","medium","medium","medium","medium","ok","ok",,"ok",,"C1","C1: Below 1.5°C with no or limited overshoot",,,"0","19.21313255970541","14.908652287530611",,"469.9362556480803","1.34942759384328","1.573468985061494",
"534","ENGAGE-Feasibility-Maximum-Effort/Technology","MESSAGEix-GLOBIOM 1.1","Final Energy|Electricity","EJ/yr","[object Object]",2055,24.845530087518657,"1.573468985061494","1.34942759384328","2039","469.9362556480803","532.2686102308227","-30.6785151367349","2053",,"GW1",,"failed","medium","ok","ok","medium","medium","medium","medium","ok","ok",,"ok",,"C1","C1: Below 1.5°C with no or limited overshoot",,,"0","19.21313255970541","14.908652287530611",,"469.9362556480803","1.34942759384328","1.573468985061494",
"534","ENGAGE-Feasibility-Maximum-Effort/Technology","MESSAGEix-GLOBIOM 1.1","Final Energy|Electricity","EJ/yr","[object Object]",2060,25.98424462422452,"1.573468985061494","1.34942759384328","2039","469.9362556480803","532.2686102308227","-30.6785151367349","2053",,"GW1",,"failed","medium","ok","ok","medium","medium","medium","medium","ok","ok",,"ok",,"C1","C1: Below 1.5°C with no or limited overshoot",,,"0","19.21313255970541","14.908652287530611",,"469.9362556480803","1.34942759384328","1.573468985061494",
"534","ENGAGE-Feasibility-Maximum-Effort/Technology","MESSAGEix-GLOBIOM 1.1","Final Energy|Electricity","EJ/yr","[object Object]",2070,28.58331736486181,"1.573468985061494","1.34942759384328","2039","469.9362556480803","532.2686102308227","-30.6785151367349","2053",,"GW1",,"failed","medium","ok","ok","medium","medium","medium","medium","ok","ok",,"ok",,"C1","C1: Below 1.5°C with no or limited overshoot",,,"0","19.21313255970541","14.908652287530611",,"469.9362556480803","1.34942759384328","1.573468985061494",
"534","ENGAGE-Feasibility-Maximum-Effort/Technology","MESSAGEix-GLOBIOM 1.1","Final Energy|Electricity","EJ/yr","[object Object]",2080,30.978899437740232,"1.573468985061494","1.34942759384328","2039","469.9362556480803","532.2686102308227","-30.6785151367349","2053",,"GW1",,"failed","medium","ok","ok","medium","medium","medium","medium","ok","ok",,"ok",,"C1","C1: Below 1.5°C with no or limited overshoot",,,"0","19.21313255970541","14.908652287530611",,"469.9362556480803","1.34942759384328","1.573468985061494",
"534","ENGAGE-Feasibility-Maximum-Effort/Technology","MESSAGEix-GLOBIOM 1.1","Final Energy|Electricity","EJ/yr","[object Object]",2090,33.631867089270635,"1.573468985061494","1.34942759384328","2039","469.9362556480803","532.2686102308227","-30.6785151367349","2053",,"GW1",,"failed","medium","ok","ok","medium","medium","medium","medium","ok","ok",,"ok",,"C1","C1: Below 1.5°C with no or limited overshoot",,,"0","19.21313255970541","14.908652287530611",,"469.9362556480803","1.34942759384328","1.573468985061494",
"534","ENGAGE-Feasibility-Maximum-Effort/Technology","MESSAGEix-GLOBIOM 1.1","Final Energy|Electricity","EJ/yr","[object Object]",2100,35.96198972974163,"1.573468985061494","1.34942759384328","2039","469.9362556480803","532.2686102308227","-30.6785151367349","2053",,"GW1",,"failed","medium","ok","ok","medium","medium","medium","medium","ok","ok",,"ok",,"C1","C1: Below 1.5°C with no or limited overshoot",,,"0","19.21313255970541","14.908652287530611",,"469.9362556480803","1.34942759384328","1.573468985061494",
"536","ENGAGE-Feasibility-Maximum-Effort/Technology & Enablers & Institutional [Optimistic]","MESSAGEix-GLOBIOM 1.1","Final Energy|Electricity","EJ/yr","[object Object]",2010,11.704675352868431,"1.617085961141707","1.172416647332591","2048","417.3793569532783","371.7047208582908","-323.8993242939251","2058","2068","GW1",,"failed","medium","ok","ok","ok","ok","medium","medium","medium","ok",,"ok",,"C2","C2: Below 1.5°C with high OS",,,"0","28.78411231271815","23.904982259192188",,"417.3793569532783","1.172416647332591","1.617085961141707",
"536","ENGAGE-Feasibility-Maximum-Effort/Technology & Enablers & Institutional [Optimistic]","MESSAGEix-GLOBIOM 1.1","Final Energy|Electricity","EJ/yr","[object Object]",2015,11.552076015093355,"1.617085961141707","1.172416647332591","2048","417.3793569532783","371.7047208582908","-323.8993242939251","2058","2068","GW1",,"failed","medium","ok","ok","ok","ok","medium","medium","medium","ok",,"ok",,"C2","C2: Below 1.5°C with high OS",,,"0","28.78411231271815","23.904982259192188",,"417.3793569532783","1.172416647332591","1.617085961141707",
"536","ENGAGE-Feasibility-Maximum-Effort/Technology & Enablers & Institutional [Optimistic]","MESSAGEix-GLOBIOM 1.1","Final Energy|Electricity","EJ/yr","[object Object]",2020,12.877657821350297,"1.617085961141707","1.172416647332591","2048","417.3793569532783","371.7047208582908","-323.8993242939251","2058","2068","GW1",,"failed","medium","ok","ok","ok","ok","medium","medium","medium","ok",,"ok",,"C2","C2: Below 1.5°C with high OS",,,"0","28.78411231271815","23.904982259192188",,"417.3793569532783","1.172416647332591","1.617085961141707",
"536","ENGAGE-Feasibility-Maximum-Effort/Technology & Enablers & Institutional [Optimistic]","MESSAGEix-GLOBIOM 1.1","Final Energy|Electricity","EJ/yr","[object Object]",2025,13.92250938541044,"1.617085961141707","1.172416647332591","2048","417.3793569532783","371.7047208582908","-323.8993242939251","2058","2068","GW1",,"failed","medium","ok","ok","ok","ok","medium","medium","medium","ok",,"ok",,"C2","C2: Below 1.5°C with high OS",,,"0","28.78411231271815","23.904982259192188",,"417.3793569532783","1.172416647332591","1.617085961141707",
"536","ENGAGE-Feasibility-Maximum-Effort/Technology & Enablers & Institutional [Optimistic]","MESSAGEix-GLOBIOM 1.1","Final Energy|Electricity","EJ/yr","[object Object]",2030,13.33526443655347,"1.617085961141707","1.172416647332591","2048","417.3793569532783","371.7047208582908","-323.8993242939251","2058","2068","GW1",,"failed","medium","ok","ok","ok","ok","medium","medium","medium","ok",,"ok",,"C2","C2: Below 1.5°C with high OS",,,"0","28.78411231271815","23.904982259192188",,"417.3793569532783","1.172416647332591","1.617085961141707",
"536","ENGAGE-Feasibility-Maximum-Effort/Technology & Enablers & Institutional [Optimistic]","MESSAGEix-GLOBIOM 1.1","Final Energy|Electricity","EJ/yr","[object Object]",2035,13.052977812765118,"1.617085961141707","1.172416647332591","2048","417.3793569532783","371.7047208582908","-323.8993242939251","2058","2068","GW1",,"failed","medium","ok","ok","ok","ok","medium","medium","medium","ok",,"ok",,"C2","C2: Below 1.5°C with high OS",,,"0","28.78411231271815","23.904982259192188",,"417.3793569532783","1.172416647332591","1.617085961141707",
"536","ENGAGE-Feasibility-Maximum-Effort/Technology & Enablers & Institutional [Optimistic]","MESSAGEix-GLOBIOM 1.1","Final Energy|Electricity","EJ/yr","[object Object]",2040,13.424192426976198,"1.617085961141707","1.172416647332591","2048","417.3793569532783","371.7047208582908","-323.8993242939251","2058","2068","GW1",,"failed","medium","ok","ok","ok","ok","medium","medium","medium","ok",,"ok",,"C2","C2: Below 1.5°C with high OS",,,"0","28.78411231271815","23.904982259192188",,"417.3793569532783","1.172416647332591","1.617085961141707",
"536","ENGAGE-Feasibility-Maximum-Effort/Technology & Enablers & Institutional [Optimistic]","MESSAGEix-GLOBIOM 1.1","Final Energy|Electricity","EJ/yr","[object Object]",2045,13.835066544763885,"1.617085961141707","1.172416647332591","2048","417.3793569532783","371.7047208582908","-323.8993242939251","2058","2068","GW1",,"failed","medium","ok","ok","ok","ok","medium","medium","medium","ok",,"ok",,"C2","C2: Below 1.5°C with high OS",,,"0","28.78411231271815","23.904982259192188",,"417.3793569532783","1.172416647332591","1.617085961141707",
"536","ENGAGE-Feasibility-Maximum-Effort/Technology & Enablers & Institutional [Optimistic]","MESSAGEix-GLOBIOM 1.1","Final Energy|Electricity","EJ/yr","[object Object]",2050,14.139575313600037,"1.617085961141707","1.172416647332591","2048","417.3793569532783","371.7047208582908","-323.8993242939251","2058","2068","GW1",,"failed","medium","ok","ok","ok","ok","medium","medium","medium","ok",,"ok",,"C2","C2: Below 1.5°C with high OS",,,"0","28.78411231271815","23.904982259192188",,"417.3793569532783","1.172416647332591","1.617085961141707",
"536","ENGAGE-Feasibility-Maximum-Effort/Technology & Enablers & Institutional [Optimistic]","MESSAGEix-GLOBIOM 1.1","Final Energy|Electricity","EJ/yr","[object Object]",2055,14.478913137680848,"1.617085961141707","1.172416647332591","2048","417.3793569532783","371.7047208582908","-323.8993242939251","2058","2068","GW1",,"failed","medium","ok","ok","ok","ok","medium","medium","medium","ok",,"ok",,"C2","C2: Below 1.5°C with high OS",,,"0","28.78411231271815","23.904982259192188",,"417.3793569532783","1.172416647332591","1.617085961141707",
"536","ENGAGE-Feasibility-Maximum-Effort/Technology & Enablers & Institutional [Optimistic]","MESSAGEix-GLOBIOM 1.1","Final Energy|Electricity","EJ/yr","[object Object]",2060,14.403929141148614,"1.617085961141707","1.172416647332591","2048","417.3793569532783","371.7047208582908","-323.8993242939251","2058","2068","GW1",,"failed","medium","ok","ok","ok","ok","medium","medium","medium","ok",,"ok",,"C2","C2: Below 1.5°C with high OS",,,"0","28.78411231271815","23.904982259192188",,"417.3793569532783","1.172416647332591","1.617085961141707",
"536","ENGAGE-Feasibility-Maximum-Effort/Technology & Enablers & Institutional [Optimistic]","MESSAGEix-GLOBIOM 1.1","Final Energy|Electricity","EJ/yr","[object Object]",2070,14.276505825830462,"1.617085961141707","1.172416647332591","2048","417.3793569532783","371.7047208582908","-323.8993242939251","2058","2068","GW1",,"failed","medium","ok","ok","ok","ok","medium","medium","medium","ok",,"ok",,"C2","C2: Below 1.5°C with high OS",,,"0","28.78411231271815","23.904982259192188",,"417.3793569532783","1.172416647332591","1.617085961141707",
"536","ENGAGE-Feasibility-Maximum-Effort/Technology & Enablers & Institutional [Optimistic]","MESSAGEix-GLOBIOM 1.1","Final Energy|Electricity","EJ/yr","[object Object]",2080,14.73287315960021,"1.617085961141707","1.172416647332591","2048","417.3793569532783","371.7047208582908","-323.8993242939251","2058","2068","GW1",,"failed","medium","ok","ok","ok","ok","medium","medium","medium","ok",,"ok",,"C2","C2: Below 1.5°C with high OS",,,"0","28.78411231271815","23.904982259192188",,"417.3793569532783","1.172416647332591","1.617085961141707",
"536","ENGAGE-Feasibility-Maximum-Effort/Technology & Enablers & Institutional [Optimistic]","MESSAGEix-GLOBIOM 1.1","Final Energy|Electricity","EJ/yr","[object Object]",2090,15.222447375413026,"1.617085961141707","1.172416647332591","2048","417.3793569532783","371.7047208582908","-323.8993242939251","2058","2068","GW1",,"failed","medium","ok","ok","ok","ok","medium","medium","medium","ok",,"ok",,"C2","C2: Below 1.5°C with high OS",,,"0","28.78411231271815","23.904982259192188",,"417.3793569532783","1.172416647332591","1.617085961141707",
"536","ENGAGE-Feasibility-Maximum-Effort/Technology & Enablers & Institutional [Optimistic]","MESSAGEix-GLOBIOM 1.1","Final Energy|Electricity","EJ/yr","[object Object]",2100,15.114510233787318,"1.617085961141707","1.172416647332591","2048","417.3793569532783","371.7047208582908","-323.8993242939251","2058","2068","GW1",,"failed","medium","ok","ok","ok","ok","medium","medium","medium","ok",,"ok",,"C2","C2: Below 1.5°C with high OS",,,"0","28.78411231271815","23.904982259192188",,"417.3793569532783","1.172416647332591","1.617085961141707",
"549","ENGAGE-Feasibility-Maximum-Effort/Technology","POLES-JRC ENGAGE","Final Energy|Electricity","EJ/yr","[object Object]",2010,11.71887493133545,"1.573720329148047","1.453277919594667","2038",,"-219.89071072387696","-686.244437713623","2051","2063","GW1",,"failed",,,,"medium","medium","medium","ok","ok",,,"medium",,"C1","C1: Below 1.5°C with no or limited overshoot",,,"0","18.63668760058303","15.638448471326964",,"0","1.453277919594667","1.573720329148047",
"549","ENGAGE-Feasibility-Maximum-Effort/Technology","POLES-JRC ENGAGE","Final Energy|Electricity","EJ/yr","[object Object]",2015,11.5616626739502,"1.573720329148047","1.453277919594667","2038",,"-219.89071072387696","-686.244437713623","2051","2063","GW1",,"failed",,,,"medium","medium","medium","ok","ok",,,"medium",,"C1","C1: Below 1.5°C with no or limited overshoot",,,"0","18.63668760058303","15.638448471326964",,"0","1.453277919594667","1.573720329148047",
"549","ENGAGE-Feasibility-Maximum-Effort/Technology","POLES-JRC ENGAGE","Final Energy|Electricity","EJ/yr","[object Object]",2020,11.42626953125,"1.573720329148047","1.453277919594667","2038",,"-219.89071072387696","-686.244437713623","2051","2063","GW1",,"failed",,,,"medium","medium","medium","ok","ok",,,"medium",,"C1","C1: Below 1.5°C with no or limited overshoot",,,"0","18.63668760058303","15.638448471326964",,"0","1.453277919594667","1.573720329148047",
"549","ENGAGE-Feasibility-Maximum-Effort/Technology","POLES-JRC ENGAGE","Final Energy|Electricity","EJ/yr","[object Object]",2025,12.23623085021973,"1.573720329148047","1.453277919594667","2038",,"-219.89071072387696","-686.244437713623","2051","2063","GW1",,"failed",,,,"medium","medium","medium","ok","ok",,,"medium",,"C1","C1: Below 1.5°C with no or limited overshoot",,,"0","18.63668760058303","15.638448471326964",,"0","1.453277919594667","1.573720329148047",
"549","ENGAGE-Feasibility-Maximum-Effort/Technology","POLES-JRC ENGAGE","Final Energy|Electricity","EJ/yr","[object Object]",2030,12.64874935150146,"1.573720329148047","1.453277919594667","2038",,"-219.89071072387696","-686.244437713623","2051","2063","GW1",,"failed",,,,"medium","medium","medium","ok","ok",,,"medium",,"C1","C1: Below 1.5°C with no or limited overshoot",,,"0","18.63668760058303","15.638448471326964",,"0","1.453277919594667","1.573720329148047",
"549","ENGAGE-Feasibility-Maximum-Effort/Technology","POLES-JRC ENGAGE","Final Energy|Electricity","EJ/yr","[object Object]",2035,16.5914306640625,"1.573720329148047","1.453277919594667","2038",,"-219.89071072387696","-686.244437713623","2051","2063","GW1",,"failed",,,,"medium","medium","medium","ok","ok",,,"medium",,"C1","C1: Below 1.5°C with no or limited overshoot",,,"0","18.63668760058303","15.638448471326964",,"0","1.453277919594667","1.573720329148047",
"549","ENGAGE-Feasibility-Maximum-Effort/Technology","POLES-JRC ENGAGE","Final Energy|Electricity","EJ/yr","[object Object]",2040,18.85554313659668,"1.573720329148047","1.453277919594667","2038",,"-219.89071072387696","-686.244437713623","2051","2063","GW1",,"failed",,,,"medium","medium","medium","ok","ok",,,"medium",,"C1","C1: Below 1.5°C with no or limited overshoot",,,"0","18.63668760058303","15.638448471326964",,"0","1.453277919594667","1.573720329148047",
"549","ENGAGE-Feasibility-Maximum-Effort/Technology","POLES-JRC ENGAGE","Final Energy|Electricity","EJ/yr","[object Object]",2045,20.10755920410156,"1.573720329148047","1.453277919594667","2038",,"-219.89071072387696","-686.244437713623","2051","2063","GW1",,"failed",,,,"medium","medium","medium","ok","ok",,,"medium",,"C1","C1: Below 1.5°C with no or limited overshoot",,,"0","18.63668760058303","15.638448471326964",,"0","1.453277919594667","1.573720329148047",
"549","ENGAGE-Feasibility-Maximum-Effort/Technology","POLES-JRC ENGAGE","Final Energy|Electricity","EJ/yr","[object Object]",2050,21.0301456451416,"1.573720329148047","1.453277919594667","2038",,"-219.89071072387696","-686.244437713623","2051","2063","GW1",,"failed",,,,"medium","medium","medium","ok","ok",,,"medium",,"C1","C1: Below 1.5°C with no or limited overshoot",,,"0","18.63668760058303","15.638448471326964",,"0","1.453277919594667","1.573720329148047",
"549","ENGAGE-Feasibility-Maximum-Effort/Technology","POLES-JRC ENGAGE","Final Energy|Electricity","EJ/yr","[object Object]",2060,22.46773338317871,"1.573720329148047","1.453277919594667","2038",,"-219.89071072387696","-686.244437713623","2051","2063","GW1",,"failed",,,,"medium","medium","medium","ok","ok",,,"medium",,"C1","C1: Below 1.5°C with no or limited overshoot",,,"0","18.63668760058303","15.638448471326964",,"0","1.453277919594667","1.573720329148047",
"549","ENGAGE-Feasibility-Maximum-Effort/Technology","POLES-JRC ENGAGE","Final Energy|Electricity","EJ/yr","[object Object]",2070,24.62260627746582,"1.573720329148047","1.453277919594667","2038",,"-219.89071072387696","-686.244437713623","2051","2063","GW1",,"failed",,,,"medium","medium","medium","ok","ok",,,"medium",,"C1","C1: Below 1.5°C with no or limited overshoot",,,"0","18.63668760058303","15.638448471326964",,"0","1.453277919594667","1.573720329148047",
"549","ENGAGE-Feasibility-Maximum-Effort/Technology","POLES-JRC ENGAGE","Final Energy|Electricity","EJ/yr","[object Object]",2080,24.14224243164062,"1.573720329148047","1.453277919594667","2038",,"-219.89071072387696","-686.244437713623","2051","2063","GW1",,"failed",,,,"medium","medium","medium","ok","ok",,,"medium",,"C1","C1: Below 1.5°C with no or limited overshoot",,,"0","18.63668760058303","15.638448471326964",,"0","1.453277919594667","1.573720329148047",
"549","ENGAGE-Feasibility-Maximum-Effort/Technology","POLES-JRC ENGAGE","Final Energy|Electricity","EJ/yr","[object Object]",2090,25.24285316467285,"1.573720329148047","1.453277919594667","2038",,"-219.89071072387696","-686.244437713623","2051","2063","GW1",,"failed",,,,"medium","medium","medium","ok","ok",,,"medium",,"C1","C1: Below 1.5°C with no or limited overshoot",,,"0","18.63668760058303","15.638448471326964",,"0","1.453277919594667","1.573720329148047",
"549","ENGAGE-Feasibility-Maximum-Effort/Technology","POLES-JRC ENGAGE","Final Energy|Electricity","EJ/yr","[object Object]",2100,26.28667831420898,"1.573720329148047","1.453277919594667","2038",,"-219.89071072387696","-686.244437713623","2051","2063","GW1",,"failed",,,,"medium","medium","medium","ok","ok",,,"medium",,"C1","C1: Below 1.5°C with no or limited overshoot",,,"0","18.63668760058303","15.638448471326964",,"0","1.453277919594667","1.573720329148047",
"556","ENGAGE-Feasibility-Maximum-Effort/Cost-Effective","REMIND 3.0","Final Energy|Electricity","EJ/yr","[object Object]",2010,11.897159700000001,"1.517792503722221","1.331962995962937","2037","302.50206732545","425.1342915663501","-34.38397034141","2044",,"GW0",,"failed","high","medium","ok","medium","ok","medium","medium","ok","ok",,"medium",,"C1","C1: Below 1.5°C with no or limited overshoot",,,"0","3.553118583448826","28.028849856201106",,"302.50206732545","1.331962995962937","1.517792503722221",
"556","ENGAGE-Feasibility-Maximum-Effort/Cost-Effective","REMIND 3.0","Final Energy|Electricity","EJ/yr","[object Object]",2015,11.632992100000001,"1.517792503722221","1.331962995962937","2037","302.50206732545","425.1342915663501","-34.38397034141","2044",,"GW0",,"failed","high","medium","ok","medium","ok","medium","medium","ok","ok",,"medium",,"C1","C1: Below 1.5°C with no or limited overshoot",,,"0","3.553118583448826","28.028849856201106",,"302.50206732545","1.331962995962937","1.517792503722221",
"556","ENGAGE-Feasibility-Maximum-Effort/Cost-Effective","REMIND 3.0","Final Energy|Electricity","EJ/yr","[object Object]",2020,12.3342896,"1.517792503722221","1.331962995962937","2037","302.50206732545","425.1342915663501","-34.38397034141","2044",,"GW0",,"failed","high","medium","ok","medium","ok","medium","medium","ok","ok",,"medium",,"C1","C1: Below 1.5°C with no or limited overshoot",,,"0","3.553118583448826","28.028849856201106",,"302.50206732545","1.331962995962937","1.517792503722221",
"556","ENGAGE-Feasibility-Maximum-Effort/Cost-Effective","REMIND 3.0","Final Energy|Electricity","EJ/yr","[object Object]",2025,14.0046593,"1.517792503722221","1.331962995962937","2037","302.50206732545","425.1342915663501","-34.38397034141","2044",,"GW0",,"failed","high","medium","ok","medium","ok","medium","medium","ok","ok",,"medium",,"C1","C1: Below 1.5°C with no or limited overshoot",,,"0","3.553118583448826","28.028849856201106",,"302.50206732545","1.331962995962937","1.517792503722221",
"556","ENGAGE-Feasibility-Maximum-Effort/Cost-Effective","REMIND 3.0","Final Energy|Electricity","EJ/yr","[object Object]",2030,16.0371791,"1.517792503722221","1.331962995962937","2037","302.50206732545","425.1342915663501","-34.38397034141","2044",,"GW0",,"failed","high","medium","ok","medium","ok","medium","medium","ok","ok",,"medium",,"C1","C1: Below 1.5°C with no or limited overshoot",,,"0","3.553118583448826","28.028849856201106",,"302.50206732545","1.331962995962937","1.517792503722221",
"556","ENGAGE-Feasibility-Maximum-Effort/Cost-Effective","REMIND 3.0","Final Energy|Electricity","EJ/yr","[object Object]",2035,18.4797015,"1.517792503722221","1.331962995962937","2037","302.50206732545","425.1342915663501","-34.38397034141","2044",,"GW0",,"failed","high","medium","ok","medium","ok","medium","medium","ok","ok",,"medium",,"C1","C1: Below 1.5°C with no or limited overshoot",,,"0","3.553118583448826","28.028849856201106",,"302.50206732545","1.331962995962937","1.517792503722221",
"556","ENGAGE-Feasibility-Maximum-Effort/Cost-Effective","REMIND 3.0","Final Energy|Electricity","EJ/yr","[object Object]",2040,19.695243100000003,"1.517792503722221","1.331962995962937","2037","302.50206732545","425.1342915663501","-34.38397034141","2044",,"GW0",,"failed","high","medium","ok","medium","ok","medium","medium","ok","ok",,"medium",,"C1","C1: Below 1.5°C with no or limited overshoot",,,"0","3.553118583448826","28.028849856201106",,"302.50206732545","1.331962995962937","1.517792503722221",
"556","ENGAGE-Feasibility-Maximum-Effort/Cost-Effective","REMIND 3.0","Final Energy|Electricity","EJ/yr","[object Object]",2045,20.9626509,"1.517792503722221","1.331962995962937","2037","302.50206732545","425.1342915663501","-34.38397034141","2044",,"GW0",,"failed","high","medium","ok","medium","ok","medium","medium","ok","ok",,"medium",,"C1","C1: Below 1.5°C with no or limited overshoot",,,"0","3.553118583448826","28.028849856201106",,"302.50206732545","1.331962995962937","1.517792503722221",
"556","ENGAGE-Feasibility-Maximum-Effort/Cost-Effective","REMIND 3.0","Final Energy|Electricity","EJ/yr","[object Object]",2050,20.620514800000002,"1.517792503722221","1.331962995962937","2037","302.50206732545","425.1342915663501","-34.38397034141","2044",,"GW0",,"failed","high","medium","ok","medium","ok","medium","medium","ok","ok",,"medium",,"C1","C1: Below 1.5°C with no or limited overshoot",,,"0","3.553118583448826","28.028849856201106",,"302.50206732545","1.331962995962937","1.517792503722221",
"556","ENGAGE-Feasibility-Maximum-Effort/Cost-Effective","REMIND 3.0","Final Energy|Electricity","EJ/yr","[object Object]",2055,19.685399200000003,"1.517792503722221","1.331962995962937","2037","302.50206732545","425.1342915663501","-34.38397034141","2044",,"GW0",,"failed","high","medium","ok","medium","ok","medium","medium","ok","ok",,"medium",,"C1","C1: Below 1.5°C with no or limited overshoot",,,"0","3.553118583448826","28.028849856201106",,"302.50206732545","1.331962995962937","1.517792503722221",
"556","ENGAGE-Feasibility-Maximum-Effort/Cost-Effective","REMIND 3.0","Final Energy|Electricity","EJ/yr","[object Object]",2060,19.0514605,"1.517792503722221","1.331962995962937","2037","302.50206732545","425.1342915663501","-34.38397034141","2044",,"GW0",,"failed","high","medium","ok","medium","ok","medium","medium","ok","ok",,"medium",,"C1","C1: Below 1.5°C with no or limited overshoot",,,"0","3.553118583448826","28.028849856201106",,"302.50206732545","1.331962995962937","1.517792503722221",
"556","ENGAGE-Feasibility-Maximum-Effort/Cost-Effective","REMIND 3.0","Final Energy|Electricity","EJ/yr","[object Object]",2070,19.1876939,"1.517792503722221","1.331962995962937","2037","302.50206732545","425.1342915663501","-34.38397034141","2044",,"GW0",,"failed","high","medium","ok","medium","ok","medium","medium","ok","ok",,"medium",,"C1","C1: Below 1.5°C with no or limited overshoot",,,"0","3.553118583448826","28.028849856201106",,"302.50206732545","1.331962995962937","1.517792503722221",
"556","ENGAGE-Feasibility-Maximum-Effort/Cost-Effective","REMIND 3.0","Final Energy|Electricity","EJ/yr","[object Object]",2080,20.057208900000003,"1.517792503722221","1.331962995962937","2037","302.50206732545","425.1342915663501","-34.38397034141","2044",,"GW0",,"failed","high","medium","ok","medium","ok","medium","medium","ok","ok",,"medium",,"C1","C1: Below 1.5°C with no or limited overshoot",,,"0","3.553118583448826","28.028849856201106",,"302.50206732545","1.331962995962937","1.517792503722221",
"556","ENGAGE-Feasibility-Maximum-Effort/Cost-Effective","REMIND 3.0","Final Energy|Electricity","EJ/yr","[object Object]",2090,20.3624274,"1.517792503722221","1.331962995962937","2037","302.50206732545","425.1342915663501","-34.38397034141","2044",,"GW0",,"failed","high","medium","ok","medium","ok","medium","medium","ok","ok",,"medium",,"C1","C1: Below 1.5°C with no or limited overshoot",,,"0","3.553118583448826","28.028849856201106",,"302.50206732545","1.331962995962937","1.517792503722221",
"556","ENGAGE-Feasibility-Maximum-Effort/Cost-Effective","REMIND 3.0","Final Energy|Electricity","EJ/yr","[object Object]",2100,20.303814199999998,"1.517792503722221","1.331962995962937","2037","302.50206732545","425.1342915663501","-34.38397034141","2044",,"GW0",,"failed","high","medium","ok","medium","ok","medium","medium","ok","ok",,"medium",,"C1","C1: Below 1.5°C with no or limited overshoot",,,"0","3.553118583448826","28.028849856201106",,"302.50206732545","1.331962995962937","1.517792503722221",
"557","ENGAGE-Feasibility-Maximum-Effort/Enablers & Institutional","REMIND 3.0","Final Energy|Electricity","EJ/yr","[object Object]",2010,11.897159700000001,"1.615753040466559","1.432619041000912","2048","309.86357948165005","582.7368492793998","-40.9898985162","2055",,"GW1",,"failed","medium","ok","ok","ok","ok","ok","ok","ok","ok",,"medium",,"C1","C1: Below 1.5°C with no or limited overshoot",,,"0","2.01639615947193","46.04610195987455",,"309.86357948165005","1.432619041000912","1.615753040466559",
"557","ENGAGE-Feasibility-Maximum-Effort/Enablers & Institutional","REMIND 3.0","Final Energy|Electricity","EJ/yr","[object Object]",2015,11.632992100000001,"1.615753040466559","1.432619041000912","2048","309.86357948165005","582.7368492793998","-40.9898985162","2055",,"GW1",,"failed","medium","ok","ok","ok","ok","ok","ok","ok","ok",,"medium",,"C1","C1: Below 1.5°C with no or limited overshoot",,,"0","2.01639615947193","46.04610195987455",,"309.86357948165005","1.432619041000912","1.615753040466559",
"557","ENGAGE-Feasibility-Maximum-Effort/Enablers & Institutional","REMIND 3.0","Final Energy|Electricity","EJ/yr","[object Object]",2020,12.3342896,"1.615753040466559","1.432619041000912","2048","309.86357948165005","582.7368492793998","-40.9898985162","2055",,"GW1",,"failed","medium","ok","ok","ok","ok","ok","ok","ok","ok",,"medium",,"C1","C1: Below 1.5°C with no or limited overshoot",,,"0","2.01639615947193","46.04610195987455",,"309.86357948165005","1.432619041000912","1.615753040466559",
"557","ENGAGE-Feasibility-Maximum-Effort/Enablers & Institutional","REMIND 3.0","Final Energy|Electricity","EJ/yr","[object Object]",2025,13.0686233,"1.615753040466559","1.432619041000912","2048","309.86357948165005","582.7368492793998","-40.9898985162","2055",,"GW1",,"failed","medium","ok","ok","ok","ok","ok","ok","ok","ok",,"medium",,"C1","C1: Below 1.5°C with no or limited overshoot",,,"0","2.01639615947193","46.04610195987455",,"309.86357948165005","1.432619041000912","1.615753040466559",
"557","ENGAGE-Feasibility-Maximum-Effort/Enablers & Institutional","REMIND 3.0","Final Energy|Electricity","EJ/yr","[object Object]",2030,13.298298599999999,"1.615753040466559","1.432619041000912","2048","309.86357948165005","582.7368492793998","-40.9898985162","2055",,"GW1",,"failed","medium","ok","ok","ok","ok","ok","ok","ok","ok",,"medium",,"C1","C1: Below 1.5°C with no or limited overshoot",,,"0","2.01639615947193","46.04610195987455",,"309.86357948165005","1.432619041000912","1.615753040466559",
"557","ENGAGE-Feasibility-Maximum-Effort/Enablers & Institutional","REMIND 3.0","Final Energy|Electricity","EJ/yr","[object Object]",2035,14.9913792,"1.615753040466559","1.432619041000912","2048","309.86357948165005","582.7368492793998","-40.9898985162","2055",,"GW1",,"failed","medium","ok","ok","ok","ok","ok","ok","ok","ok",,"medium",,"C1","C1: Below 1.5°C with no or limited overshoot",,,"0","2.01639615947193","46.04610195987455",,"309.86357948165005","1.432619041000912","1.615753040466559",
"557","ENGAGE-Feasibility-Maximum-Effort/Enablers & Institutional","REMIND 3.0","Final Energy|Electricity","EJ/yr","[object Object]",2040,16.0150425,"1.615753040466559","1.432619041000912","2048","309.86357948165005","582.7368492793998","-40.9898985162","2055",,"GW1",,"failed","medium","ok","ok","ok","ok","ok","ok","ok","ok",,"medium",,"C1","C1: Below 1.5°C with no or limited overshoot",,,"0","2.01639615947193","46.04610195987455",,"309.86357948165005","1.432619041000912","1.615753040466559",
"557","ENGAGE-Feasibility-Maximum-Effort/Enablers & Institutional","REMIND 3.0","Final Energy|Electricity","EJ/yr","[object Object]",2045,16.3160396,"1.615753040466559","1.432619041000912","2048","309.86357948165005","582.7368492793998","-40.9898985162","2055",,"GW1",,"failed","medium","ok","ok","ok","ok","ok","ok","ok","ok",,"medium",,"C1","C1: Below 1.5°C with no or limited overshoot",,,"0","2.01639615947193","46.04610195987455",,"309.86357948165005","1.432619041000912","1.615753040466559",
"557","ENGAGE-Feasibility-Maximum-Effort/Enablers & Institutional","REMIND 3.0","Final Energy|Electricity","EJ/yr","[object Object]",2050,16.3147587,"1.615753040466559","1.432619041000912","2048","309.86357948165005","582.7368492793998","-40.9898985162","2055",,"GW1",,"failed","medium","ok","ok","ok","ok","ok","ok","ok","ok",,"medium",,"C1","C1: Below 1.5°C with no or limited overshoot",,,"0","2.01639615947193","46.04610195987455",,"309.86357948165005","1.432619041000912","1.615753040466559",
"557","ENGAGE-Feasibility-Maximum-Effort/Enablers & Institutional","REMIND 3.0","Final Energy|Electricity","EJ/yr","[object Object]",2055,15.8747867,"1.615753040466559","1.432619041000912","2048","309.86357948165005","582.7368492793998","-40.9898985162","2055",,"GW1",,"failed","medium","ok","ok","ok","ok","ok","ok","ok","ok",,"medium",,"C1","C1: Below 1.5°C with no or limited overshoot",,,"0","2.01639615947193","46.04610195987455",,"309.86357948165005","1.432619041000912","1.615753040466559",
"557","ENGAGE-Feasibility-Maximum-Effort/Enablers & Institutional","REMIND 3.0","Final Energy|Electricity","EJ/yr","[object Object]",2060,15.377718600000001,"1.615753040466559","1.432619041000912","2048","309.86357948165005","582.7368492793998","-40.9898985162","2055",,"GW1",,"failed","medium","ok","ok","ok","ok","ok","ok","ok","ok",,"medium",,"C1","C1: Below 1.5°C with no or limited overshoot",,,"0","2.01639615947193","46.04610195987455",,"309.86357948165005","1.432619041000912","1.615753040466559",
"557","ENGAGE-Feasibility-Maximum-Effort/Enablers & Institutional","REMIND 3.0","Final Energy|Electricity","EJ/yr","[object Object]",2070,15.4193927,"1.615753040466559","1.432619041000912","2048","309.86357948165005","582.7368492793998","-40.9898985162","2055",,"GW1",,"failed","medium","ok","ok","ok","ok","ok","ok","ok","ok",,"medium",,"C1","C1: Below 1.5°C with no or limited overshoot",,,"0","2.01639615947193","46.04610195987455",,"309.86357948165005","1.432619041000912","1.615753040466559",
"557","ENGAGE-Feasibility-Maximum-Effort/Enablers & Institutional","REMIND 3.0","Final Energy|Electricity","EJ/yr","[object Object]",2080,16.4202155,"1.615753040466559","1.432619041000912","2048","309.86357948165005","582.7368492793998","-40.9898985162","2055",,"GW1",,"failed","medium","ok","ok","ok","ok","ok","ok","ok","ok",,"medium",,"C1","C1: Below 1.5°C with no or limited overshoot",,,"0","2.01639615947193","46.04610195987455",,"309.86357948165005","1.432619041000912","1.615753040466559",
"557","ENGAGE-Feasibility-Maximum-Effort/Enablers & Institutional","REMIND 3.0","Final Energy|Electricity","EJ/yr","[object Object]",2090,17.0173641,"1.615753040466559","1.432619041000912","2048","309.86357948165005","582.7368492793998","-40.9898985162","2055",,"GW1",,"failed","medium","ok","ok","ok","ok","ok","ok","ok","ok",,"medium",,"C1","C1: Below 1.5°C with no or limited overshoot",,,"0","2.01639615947193","46.04610195987455",,"309.86357948165005","1.432619041000912","1.615753040466559",
"557","ENGAGE-Feasibility-Maximum-Effort/Enablers & Institutional","REMIND 3.0","Final Energy|Electricity","EJ/yr","[object Object]",2100,17.3056541,"1.615753040466559","1.432619041000912","2048","309.86357948165005","582.7368492793998","-40.9898985162","2055",,"GW1",,"failed","medium","ok","ok","ok","ok","ok","ok","ok","ok",,"medium",,"C1","C1: Below 1.5°C with no or limited overshoot",,,"0","2.01639615947193","46.04610195987455",,"309.86357948165005","1.432619041000912","1.615753040466559",
"558","ENGAGE-Feasibility-Maximum-Effort/Enablers & Institutional [Optimistic]","REMIND 3.0","Final Energy|Electricity","EJ/yr","[object Object]",2010,11.897159700000001,"1.591797192486325","1.407698635704859","2048","294.83681370610003","526.0640463581999","-41.39099023472","2052",,"GW1",,"failed","medium","ok","ok","ok","ok","ok","ok","ok","ok",,"medium",,"C1","C1: Below 1.5°C with no or limited overshoot",,,"0","1.4326687005087477","42.931038010010525",,"294.83681370610003","1.407698635704859","1.591797192486325",
"558","ENGAGE-Feasibility-Maximum-Effort/Enablers & Institutional [Optimistic]","REMIND 3.0","Final Energy|Electricity","EJ/yr","[object Object]",2015,11.632992100000001,"1.591797192486325","1.407698635704859","2048","294.83681370610003","526.0640463581999","-41.39099023472","2052",,"GW1",,"failed","medium","ok","ok","ok","ok","ok","ok","ok","ok",,"medium",,"C1","C1: Below 1.5°C with no or limited overshoot",,,"0","1.4326687005087477","42.931038010010525",,"294.83681370610003","1.407698635704859","1.591797192486325",
"558","ENGAGE-Feasibility-Maximum-Effort/Enablers & Institutional [Optimistic]","REMIND 3.0","Final Energy|Electricity","EJ/yr","[object Object]",2020,12.3342896,"1.591797192486325","1.407698635704859","2048","294.83681370610003","526.0640463581999","-41.39099023472","2052",,"GW1",,"failed","medium","ok","ok","ok","ok","ok","ok","ok","ok",,"medium",,"C1","C1: Below 1.5°C with no or limited overshoot",,,"0","1.4326687005087477","42.931038010010525",,"294.83681370610003","1.407698635704859","1.591797192486325",
"558","ENGAGE-Feasibility-Maximum-Effort/Enablers & Institutional [Optimistic]","REMIND 3.0","Final Energy|Electricity","EJ/yr","[object Object]",2025,13.0898692,"1.591797192486325","1.407698635704859","2048","294.83681370610003","526.0640463581999","-41.39099023472","2052",,"GW1",,"failed","medium","ok","ok","ok","ok","ok","ok","ok","ok",,"medium",,"C1","C1: Below 1.5°C with no or limited overshoot",,,"0","1.4326687005087477","42.931038010010525",,"294.83681370610003","1.407698635704859","1.591797192486325",
"558","ENGAGE-Feasibility-Maximum-Effort/Enablers & Institutional [Optimistic]","REMIND 3.0","Final Energy|Electricity","EJ/yr","[object Object]",2030,13.4315128,"1.591797192486325","1.407698635704859","2048","294.83681370610003","526.0640463581999","-41.39099023472","2052",,"GW1",,"failed","medium","ok","ok","ok","ok","ok","ok","ok","ok",,"medium",,"C1","C1: Below 1.5°C with no or limited overshoot",,,"0","1.4326687005087477","42.931038010010525",,"294.83681370610003","1.407698635704859","1.591797192486325",
"558","ENGAGE-Feasibility-Maximum-Effort/Enablers & Institutional [Optimistic]","REMIND 3.0","Final Energy|Electricity","EJ/yr","[object Object]",2035,15.1565757,"1.591797192486325","1.407698635704859","2048","294.83681370610003","526.0640463581999","-41.39099023472","2052",,"GW1",,"failed","medium","ok","ok","ok","ok","ok","ok","ok","ok",,"medium",,"C1","C1: Below 1.5°C with no or limited overshoot",,,"0","1.4326687005087477","42.931038010010525",,"294.83681370610003","1.407698635704859","1.591797192486325",
"558","ENGAGE-Feasibility-Maximum-Effort/Enablers & Institutional [Optimistic]","REMIND 3.0","Final Energy|Electricity","EJ/yr","[object Object]",2040,16.0713242,"1.591797192486325","1.407698635704859","2048","294.83681370610003","526.0640463581999","-41.39099023472","2052",,"GW1",,"failed","medium","ok","ok","ok","ok","ok","ok","ok","ok",,"medium",,"C1","C1: Below 1.5°C with no or limited overshoot",,,"0","1.4326687005087477","42.931038010010525",,"294.83681370610003","1.407698635704859","1.591797192486325",
"558","ENGAGE-Feasibility-Maximum-Effort/Enablers & Institutional [Optimistic]","REMIND 3.0","Final Energy|Electricity","EJ/yr","[object Object]",2045,16.2821675,"1.591797192486325","1.407698635704859","2048","294.83681370610003","526.0640463581999","-41.39099023472","2052",,"GW1",,"failed","medium","ok","ok","ok","ok","ok","ok","ok","ok",,"medium",,"C1","C1: Below 1.5°C with no or limited overshoot",,,"0","1.4326687005087477","42.931038010010525",,"294.83681370610003","1.407698635704859","1.591797192486325",
"558","ENGAGE-Feasibility-Maximum-Effort/Enablers & Institutional [Optimistic]","REMIND 3.0","Final Energy|Electricity","EJ/yr","[object Object]",2050,16.2721697,"1.591797192486325","1.407698635704859","2048","294.83681370610003","526.0640463581999","-41.39099023472","2052",,"GW1",,"failed","medium","ok","ok","ok","ok","ok","ok","ok","ok",,"medium",,"C1","C1: Below 1.5°C with no or limited overshoot",,,"0","1.4326687005087477","42.931038010010525",,"294.83681370610003","1.407698635704859","1.591797192486325",
"558","ENGAGE-Feasibility-Maximum-Effort/Enablers & Institutional [Optimistic]","REMIND 3.0","Final Energy|Electricity","EJ/yr","[object Object]",2055,15.7853835,"1.591797192486325","1.407698635704859","2048","294.83681370610003","526.0640463581999","-41.39099023472","2052",,"GW1",,"failed","medium","ok","ok","ok","ok","ok","ok","ok","ok",,"medium",,"C1","C1: Below 1.5°C with no or limited overshoot",,,"0","1.4326687005087477","42.931038010010525",,"294.83681370610003","1.407698635704859","1.591797192486325",
"558","ENGAGE-Feasibility-Maximum-Effort/Enablers & Institutional [Optimistic]","REMIND 3.0","Final Energy|Electricity","EJ/yr","[object Object]",2060,15.2295431,"1.591797192486325","1.407698635704859","2048","294.83681370610003","526.0640463581999","-41.39099023472","2052",,"GW1",,"failed","medium","ok","ok","ok","ok","ok","ok","ok","ok",,"medium",,"C1","C1: Below 1.5°C with no or limited overshoot",,,"0","1.4326687005087477","42.931038010010525",,"294.83681370610003","1.407698635704859","1.591797192486325",
"558","ENGAGE-Feasibility-Maximum-Effort/Enablers & Institutional [Optimistic]","REMIND 3.0","Final Energy|Electricity","EJ/yr","[object Object]",2070,15.3330754,"1.591797192486325","1.407698635704859","2048","294.83681370610003","526.0640463581999","-41.39099023472","2052",,"GW1",,"failed","medium","ok","ok","ok","ok","ok","ok","ok","ok",,"medium",,"C1","C1: Below 1.5°C with no or limited overshoot",,,"0","1.4326687005087477","42.931038010010525",,"294.83681370610003","1.407698635704859","1.591797192486325",
"558","ENGAGE-Feasibility-Maximum-Effort/Enablers & Institutional [Optimistic]","REMIND 3.0","Final Energy|Electricity","EJ/yr","[object Object]",2080,16.2994709,"1.591797192486325","1.407698635704859","2048","294.83681370610003","526.0640463581999","-41.39099023472","2052",,"GW1",,"failed","medium","ok","ok","ok","ok","ok","ok","ok","ok",,"medium",,"C1","C1: Below 1.5°C with no or limited overshoot",,,"0","1.4326687005087477","42.931038010010525",,"294.83681370610003","1.407698635704859","1.591797192486325",
"558","ENGAGE-Feasibility-Maximum-Effort/Enablers & Institutional [Optimistic]","REMIND 3.0","Final Energy|Electricity","EJ/yr","[object Object]",2090,17.0508347,"1.591797192486325","1.407698635704859","2048","294.83681370610003","526.0640463581999","-41.39099023472","2052",,"GW1",,"failed","medium","ok","ok","ok","ok","ok","ok","ok","ok",,"medium",,"C1","C1: Below 1.5°C with no or limited overshoot",,,"0","1.4326687005087477","42.931038010010525",,"294.83681370610003","1.407698635704859","1.591797192486325",
"558","ENGAGE-Feasibility-Maximum-Effort/Enablers & Institutional [Optimistic]","REMIND 3.0","Final Energy|Electricity","EJ/yr","[object Object]",2100,17.4885503,"1.591797192486325","1.407698635704859","2048","294.83681370610003","526.0640463581999","-41.39099023472","2052",,"GW1",,"failed","medium","ok","ok","ok","ok","ok","ok","ok","ok",,"medium",,"C1","C1: Below 1.5°C with no or limited overshoot",,,"0","1.4326687005087477","42.931038010010525",,"294.83681370610003","1.407698635704859","1.591797192486325",
"563","ENGAGE-Feasibility-Maximum-Effort/Technology","REMIND 3.0","Final Energy|Electricity","EJ/yr","[object Object]",2010,11.897159700000001,"1.513565121588937","1.329694174379346","2037","232.50830058350004","432.0805660699001","-22.455266165300003","2045",,"GW0",,"failed","medium","ok","ok","medium","ok","medium","medium","ok","ok",,"medium",,"C1","C1: Below 1.5°C with no or limited overshoot",,,"0","1.4501646896224847","24.670270398400483",,"232.50830058350004","1.329694174379346","1.513565121588937",
"563","ENGAGE-Feasibility-Maximum-Effort/Technology","REMIND 3.0","Final Energy|Electricity","EJ/yr","[object Object]",2015,11.632992100000001,"1.513565121588937","1.329694174379346","2037","232.50830058350004","432.0805660699001","-22.455266165300003","2045",,"GW0",,"failed","medium","ok","ok","medium","ok","medium","medium","ok","ok",,"medium",,"C1","C1: Below 1.5°C with no or limited overshoot",,,"0","1.4501646896224847","24.670270398400483",,"232.50830058350004","1.329694174379346","1.513565121588937",
"563","ENGAGE-Feasibility-Maximum-Effort/Technology","REMIND 3.0","Final Energy|Electricity","EJ/yr","[object Object]",2020,12.3342896,"1.513565121588937","1.329694174379346","2037","232.50830058350004","432.0805660699001","-22.455266165300003","2045",,"GW0",,"failed","medium","ok","ok","medium","ok","medium","medium","ok","ok",,"medium",,"C1","C1: Below 1.5°C with no or limited overshoot",,,"0","1.4501646896224847","24.670270398400483",,"232.50830058350004","1.329694174379346","1.513565121588937",
"563","ENGAGE-Feasibility-Maximum-Effort/Technology","REMIND 3.0","Final Energy|Electricity","EJ/yr","[object Object]",2025,14.0132881,"1.513565121588937","1.329694174379346","2037","232.50830058350004","432.0805660699001","-22.455266165300003","2045",,"GW0",,"failed","medium","ok","ok","medium","ok","medium","medium","ok","ok",,"medium",,"C1","C1: Below 1.5°C with no or limited overshoot",,,"0","1.4501646896224847","24.670270398400483",,"232.50830058350004","1.329694174379346","1.513565121588937",
"563","ENGAGE-Feasibility-Maximum-Effort/Technology","REMIND 3.0","Final Energy|Electricity","EJ/yr","[object Object]",2030,16.2823572,"1.513565121588937","1.329694174379346","2037","232.50830058350004","432.0805660699001","-22.455266165300003","2045",,"GW0",,"failed","medium","ok","ok","medium","ok","medium","medium","ok","ok",,"medium",,"C1","C1: Below 1.5°C with no or limited overshoot",,,"0","1.4501646896224847","24.670270398400483",,"232.50830058350004","1.329694174379346","1.513565121588937",
"563","ENGAGE-Feasibility-Maximum-Effort/Technology","REMIND 3.0","Final Energy|Electricity","EJ/yr","[object Object]",2035,18.528159000000002,"1.513565121588937","1.329694174379346","2037","232.50830058350004","432.0805660699001","-22.455266165300003","2045",,"GW0",,"failed","medium","ok","ok","medium","ok","medium","medium","ok","ok",,"medium",,"C1","C1: Below 1.5°C with no or limited overshoot",,,"0","1.4501646896224847","24.670270398400483",,"232.50830058350004","1.329694174379346","1.513565121588937",
"563","ENGAGE-Feasibility-Maximum-Effort/Technology","REMIND 3.0","Final Energy|Electricity","EJ/yr","[object Object]",2040,19.959172499999998,"1.513565121588937","1.329694174379346","2037","232.50830058350004","432.0805660699001","-22.455266165300003","2045",,"GW0",,"failed","medium","ok","ok","medium","ok","medium","medium","ok","ok",,"medium",,"C1","C1: Below 1.5°C with no or limited overshoot",,,"0","1.4501646896224847","24.670270398400483",,"232.50830058350004","1.329694174379346","1.513565121588937",
"563","ENGAGE-Feasibility-Maximum-Effort/Technology","REMIND 3.0","Final Energy|Electricity","EJ/yr","[object Object]",2045,21.057842899999997,"1.513565121588937","1.329694174379346","2037","232.50830058350004","432.0805660699001","-22.455266165300003","2045",,"GW0",,"failed","medium","ok","ok","medium","ok","medium","medium","ok","ok",,"medium",,"C1","C1: Below 1.5°C with no or limited overshoot",,,"0","1.4501646896224847","24.670270398400483",,"232.50830058350004","1.329694174379346","1.513565121588937",
"563","ENGAGE-Feasibility-Maximum-Effort/Technology","REMIND 3.0","Final Energy|Electricity","EJ/yr","[object Object]",2050,21.1354815,"1.513565121588937","1.329694174379346","2037","232.50830058350004","432.0805660699001","-22.455266165300003","2045",,"GW0",,"failed","medium","ok","ok","medium","ok","medium","medium","ok","ok",,"medium",,"C1","C1: Below 1.5°C with no or limited overshoot",,,"0","1.4501646896224847","24.670270398400483",,"232.50830058350004","1.329694174379346","1.513565121588937",
"563","ENGAGE-Feasibility-Maximum-Effort/Technology","REMIND 3.0","Final Energy|Electricity","EJ/yr","[object Object]",2055,20.2708255,"1.513565121588937","1.329694174379346","2037","232.50830058350004","432.0805660699001","-22.455266165300003","2045",,"GW0",,"failed","medium","ok","ok","medium","ok","medium","medium","ok","ok",,"medium",,"C1","C1: Below 1.5°C with no or limited overshoot",,,"0","1.4501646896224847","24.670270398400483",,"232.50830058350004","1.329694174379346","1.513565121588937",
"563","ENGAGE-Feasibility-Maximum-Effort/Technology","REMIND 3.0","Final Energy|Electricity","EJ/yr","[object Object]",2060,19.6689141,"1.513565121588937","1.329694174379346","2037","232.50830058350004","432.0805660699001","-22.455266165300003","2045",,"GW0",,"failed","medium","ok","ok","medium","ok","medium","medium","ok","ok",,"medium",,"C1","C1: Below 1.5°C with no or limited overshoot",,,"0","1.4501646896224847","24.670270398400483",,"232.50830058350004","1.329694174379346","1.513565121588937",
"563","ENGAGE-Feasibility-Maximum-Effort/Technology","REMIND 3.0","Final Energy|Electricity","EJ/yr","[object Object]",2070,19.4628018,"1.513565121588937","1.329694174379346","2037","232.50830058350004","432.0805660699001","-22.455266165300003","2045",,"GW0",,"failed","medium","ok","ok","medium","ok","medium","medium","ok","ok",,"medium",,"C1","C1: Below 1.5°C with no or limited overshoot",,,"0","1.4501646896224847","24.670270398400483",,"232.50830058350004","1.329694174379346","1.513565121588937",
"563","ENGAGE-Feasibility-Maximum-Effort/Technology","REMIND 3.0","Final Energy|Electricity","EJ/yr","[object Object]",2080,20.1912053,"1.513565121588937","1.329694174379346","2037","232.50830058350004","432.0805660699001","-22.455266165300003","2045",,"GW0",,"failed","medium","ok","ok","medium","ok","medium","medium","ok","ok",,"medium",,"C1","C1: Below 1.5°C with no or limited overshoot",,,"0","1.4501646896224847","24.670270398400483",,"232.50830058350004","1.329694174379346","1.513565121588937",
"563","ENGAGE-Feasibility-Maximum-Effort/Technology","REMIND 3.0","Final Energy|Electricity","EJ/yr","[object Object]",2090,20.5283483,"1.513565121588937","1.329694174379346","2037","232.50830058350004","432.0805660699001","-22.455266165300003","2045",,"GW0",,"failed","medium","ok","ok","medium","ok","medium","medium","ok","ok",,"medium",,"C1","C1: Below 1.5°C with no or limited overshoot",,,"0","1.4501646896224847","24.670270398400483",,"232.50830058350004","1.329694174379346","1.513565121588937",
"563","ENGAGE-Feasibility-Maximum-Effort/Technology","REMIND 3.0","Final Energy|Electricity","EJ/yr","[object Object]",2100,20.5588267,"1.513565121588937","1.329694174379346","2037","232.50830058350004","432.0805660699001","-22.455266165300003","2045",,"GW0",,"failed","medium","ok","ok","medium","ok","medium","medium","ok","ok",,"medium",,"C1","C1: Below 1.5°C with no or limited overshoot",,,"0","1.4501646896224847","24.670270398400483",,"232.50830058350004","1.329694174379346","1.513565121588937",
"565","ENGAGE-Feasibility-Maximum-Effort/Technology & Enablers & Institutional [Optimistic]","REMIND 3.0","Final Energy|Electricity","EJ/yr","[object Object]",2010,11.897159700000001,"1.603090221461312","1.424661059000573","2048","236.65576989325","582.16830430605","-18.737427473949996","2057",,"GW1",,"failed","medium","ok","ok","ok","ok","ok","ok","ok","ok",,"ok",,"C1","C1: Below 1.5°C with no or limited overshoot",,,"0","5.35727433609226","31.421808148781732",,"236.65576989325","1.424661059000573","1.603090221461312",
"565","ENGAGE-Feasibility-Maximum-Effort/Technology & Enablers & Institutional [Optimistic]","REMIND 3.0","Final Energy|Electricity","EJ/yr","[object Object]",2015,11.632992100000001,"1.603090221461312","1.424661059000573","2048","236.65576989325","582.16830430605","-18.737427473949996","2057",,"GW1",,"failed","medium","ok","ok","ok","ok","ok","ok","ok","ok",,"ok",,"C1","C1: Below 1.5°C with no or limited overshoot",,,"0","5.35727433609226","31.421808148781732",,"236.65576989325","1.424661059000573","1.603090221461312",
"565","ENGAGE-Feasibility-Maximum-Effort/Technology & Enablers & Institutional [Optimistic]","REMIND 3.0","Final Energy|Electricity","EJ/yr","[object Object]",2020,12.3342896,"1.603090221461312","1.424661059000573","2048","236.65576989325","582.16830430605","-18.737427473949996","2057",,"GW1",,"failed","medium","ok","ok","ok","ok","ok","ok","ok","ok",,"ok",,"C1","C1: Below 1.5°C with no or limited overshoot",,,"0","5.35727433609226","31.421808148781732",,"236.65576989325","1.424661059000573","1.603090221461312",
"565","ENGAGE-Feasibility-Maximum-Effort/Technology & Enablers & Institutional [Optimistic]","REMIND 3.0","Final Energy|Electricity","EJ/yr","[object Object]",2025,13.086704099999999,"1.603090221461312","1.424661059000573","2048","236.65576989325","582.16830430605","-18.737427473949996","2057",,"GW1",,"failed","medium","ok","ok","ok","ok","ok","ok","ok","ok",,"ok",,"C1","C1: Below 1.5°C with no or limited overshoot",,,"0","5.35727433609226","31.421808148781732",,"236.65576989325","1.424661059000573","1.603090221461312",
"565","ENGAGE-Feasibility-Maximum-Effort/Technology & Enablers & Institutional [Optimistic]","REMIND 3.0","Final Energy|Electricity","EJ/yr","[object Object]",2030,13.2183429,"1.603090221461312","1.424661059000573","2048","236.65576989325","582.16830430605","-18.737427473949996","2057",,"GW1",,"failed","medium","ok","ok","ok","ok","ok","ok","ok","ok",,"ok",,"C1","C1: Below 1.5°C with no or limited overshoot",,,"0","5.35727433609226","31.421808148781732",,"236.65576989325","1.424661059000573","1.603090221461312",
"565","ENGAGE-Feasibility-Maximum-Effort/Technology & Enablers & Institutional [Optimistic]","REMIND 3.0","Final Energy|Electricity","EJ/yr","[object Object]",2035,14.7831951,"1.603090221461312","1.424661059000573","2048","236.65576989325","582.16830430605","-18.737427473949996","2057",,"GW1",,"failed","medium","ok","ok","ok","ok","ok","ok","ok","ok",,"ok",,"C1","C1: Below 1.5°C with no or limited overshoot",,,"0","5.35727433609226","31.421808148781732",,"236.65576989325","1.424661059000573","1.603090221461312",
"565","ENGAGE-Feasibility-Maximum-Effort/Technology & Enablers & Institutional [Optimistic]","REMIND 3.0","Final Energy|Electricity","EJ/yr","[object Object]",2040,15.6438852,"1.603090221461312","1.424661059000573","2048","236.65576989325","582.16830430605","-18.737427473949996","2057",,"GW1",,"failed","medium","ok","ok","ok","ok","ok","ok","ok","ok",,"ok",,"C1","C1: Below 1.5°C with no or limited overshoot",,,"0","5.35727433609226","31.421808148781732",,"236.65576989325","1.424661059000573","1.603090221461312",
"565","ENGAGE-Feasibility-Maximum-Effort/Technology & Enablers & Institutional [Optimistic]","REMIND 3.0","Final Energy|Electricity","EJ/yr","[object Object]",2045,16.0182917,"1.603090221461312","1.424661059000573","2048","236.65576989325","582.16830430605","-18.737427473949996","2057",,"GW1",,"failed","medium","ok","ok","ok","ok","ok","ok","ok","ok",,"ok",,"C1","C1: Below 1.5°C with no or limited overshoot",,,"0","5.35727433609226","31.421808148781732",,"236.65576989325","1.424661059000573","1.603090221461312",
"565","ENGAGE-Feasibility-Maximum-Effort/Technology & Enablers & Institutional [Optimistic]","REMIND 3.0","Final Energy|Electricity","EJ/yr","[object Object]",2050,16.326214699999998,"1.603090221461312","1.424661059000573","2048","236.65576989325","582.16830430605","-18.737427473949996","2057",,"GW1",,"failed","medium","ok","ok","ok","ok","ok","ok","ok","ok",,"ok",,"C1","C1: Below 1.5°C with no or limited overshoot",,,"0","5.35727433609226","31.421808148781732",,"236.65576989325","1.424661059000573","1.603090221461312",
"565","ENGAGE-Feasibility-Maximum-Effort/Technology & Enablers & Institutional [Optimistic]","REMIND 3.0","Final Energy|Electricity","EJ/yr","[object Object]",2055,16.1612009,"1.603090221461312","1.424661059000573","2048","236.65576989325","582.16830430605","-18.737427473949996","2057",,"GW1",,"failed","medium","ok","ok","ok","ok","ok","ok","ok","ok",,"ok",,"C1","C1: Below 1.5°C with no or limited overshoot",,,"0","5.35727433609226","31.421808148781732",,"236.65576989325","1.424661059000573","1.603090221461312",
"565","ENGAGE-Feasibility-Maximum-Effort/Technology & Enablers & Institutional [Optimistic]","REMIND 3.0","Final Energy|Electricity","EJ/yr","[object Object]",2060,15.867843,"1.603090221461312","1.424661059000573","2048","236.65576989325","582.16830430605","-18.737427473949996","2057",,"GW1",,"failed","medium","ok","ok","ok","ok","ok","ok","ok","ok",,"ok",,"C1","C1: Below 1.5°C with no or limited overshoot",,,"0","5.35727433609226","31.421808148781732",,"236.65576989325","1.424661059000573","1.603090221461312",
"565","ENGAGE-Feasibility-Maximum-Effort/Technology & Enablers & Institutional [Optimistic]","REMIND 3.0","Final Energy|Electricity","EJ/yr","[object Object]",2070,15.4753622,"1.603090221461312","1.424661059000573","2048","236.65576989325","582.16830430605","-18.737427473949996","2057",,"GW1",,"failed","medium","ok","ok","ok","ok","ok","ok","ok","ok",,"ok",,"C1","C1: Below 1.5°C with no or limited overshoot",,,"0","5.35727433609226","31.421808148781732",,"236.65576989325","1.424661059000573","1.603090221461312",
"565","ENGAGE-Feasibility-Maximum-Effort/Technology & Enablers & Institutional [Optimistic]","REMIND 3.0","Final Energy|Electricity","EJ/yr","[object Object]",2080,16.338609299999998,"1.603090221461312","1.424661059000573","2048","236.65576989325","582.16830430605","-18.737427473949996","2057",,"GW1",,"failed","medium","ok","ok","ok","ok","ok","ok","ok","ok",,"ok",,"C1","C1: Below 1.5°C with no or limited overshoot",,,"0","5.35727433609226","31.421808148781732",,"236.65576989325","1.424661059000573","1.603090221461312",
"565","ENGAGE-Feasibility-Maximum-Effort/Technology & Enablers & Institutional [Optimistic]","REMIND 3.0","Final Energy|Electricity","EJ/yr","[object Object]",2090,17.1456813,"1.603090221461312","1.424661059000573","2048","236.65576989325","582.16830430605","-18.737427473949996","2057",,"GW1",,"failed","medium","ok","ok","ok","ok","ok","ok","ok","ok",,"ok",,"C1","C1: Below 1.5°C with no or limited overshoot",,,"0","5.35727433609226","31.421808148781732",,"236.65576989325","1.424661059000573","1.603090221461312",
"565","ENGAGE-Feasibility-Maximum-Effort/Technology & Enablers & Institutional [Optimistic]","REMIND 3.0","Final Energy|Electricity","EJ/yr","[object Object]",2100,17.508086300000002,"1.603090221461312","1.424661059000573","2048","236.65576989325","582.16830430605","-18.737427473949996","2057",,"GW1",,"failed","medium","ok","ok","ok","ok","ok","ok","ok","ok",,"ok",,"C1","C1: Below 1.5°C with no or limited overshoot",,,"0","5.35727433609226","31.421808148781732",,"236.65576989325","1.424661059000573","1.603090221461312",
"576","ENGAGE-Feasibility-Maximum-Effort/Cost-Effective","WITCH 5.0","Final Energy|Electricity","EJ/yr","[object Object]",2010,10.9555467186933,"1.50927642004021","1.448490641336934","2037","567.6733235029704","461.9696523541756","-5.667221503999848","2055",,"GW0",,"failed","high","medium","ok","ok","medium","high","ok","ok","ok",,"medium",,"C1","C1: Below 1.5°C with no or limited overshoot",,,"0","24.903415076974845","26.34769104825217",,"567.6733235029704","1.448490641336934","1.50927642004021",
"576","ENGAGE-Feasibility-Maximum-Effort/Cost-Effective","WITCH 5.0","Final Energy|Electricity","EJ/yr","[object Object]",2015,10.83091683959,"1.50927642004021","1.448490641336934","2037","567.6733235029704","461.9696523541756","-5.667221503999848","2055",,"GW0",,"failed","high","medium","ok","ok","medium","high","ok","ok","ok",,"medium",,"C1","C1: Below 1.5°C with no or limited overshoot",,,"0","24.903415076974845","26.34769104825217",,"567.6733235029704","1.448490641336934","1.50927642004021",
"576","ENGAGE-Feasibility-Maximum-Effort/Cost-Effective","WITCH 5.0","Final Energy|Electricity","EJ/yr","[object Object]",2020,11.4249019156478,"1.50927642004021","1.448490641336934","2037","567.6733235029704","461.9696523541756","-5.667221503999848","2055",,"GW0",,"failed","high","medium","ok","ok","medium","high","ok","ok","ok",,"medium",,"C1","C1: Below 1.5°C with no or limited overshoot",,,"0","24.903415076974845","26.34769104825217",,"567.6733235029704","1.448490641336934","1.50927642004021",
"576","ENGAGE-Feasibility-Maximum-Effort/Cost-Effective","WITCH 5.0","Final Energy|Electricity","EJ/yr","[object Object]",2025,11.3976064187218,"1.50927642004021","1.448490641336934","2037","567.6733235029704","461.9696523541756","-5.667221503999848","2055",,"GW0",,"failed","high","medium","ok","ok","medium","high","ok","ok","ok",,"medium",,"C1","C1: Below 1.5°C with no or limited overshoot",,,"0","24.903415076974845","26.34769104825217",,"567.6733235029704","1.448490641336934","1.50927642004021",
"576","ENGAGE-Feasibility-Maximum-Effort/Cost-Effective","WITCH 5.0","Final Energy|Electricity","EJ/yr","[object Object]",2030,12.428280142373,"1.50927642004021","1.448490641336934","2037","567.6733235029704","461.9696523541756","-5.667221503999848","2055",,"GW0",,"failed","high","medium","ok","ok","medium","high","ok","ok","ok",,"medium",,"C1","C1: Below 1.5°C with no or limited overshoot",,,"0","24.903415076974845","26.34769104825217",,"567.6733235029704","1.448490641336934","1.50927642004021",
"576","ENGAGE-Feasibility-Maximum-Effort/Cost-Effective","WITCH 5.0","Final Energy|Electricity","EJ/yr","[object Object]",2035,16.7435141681119,"1.50927642004021","1.448490641336934","2037","567.6733235029704","461.9696523541756","-5.667221503999848","2055",,"GW0",,"failed","high","medium","ok","ok","medium","high","ok","ok","ok",,"medium",,"C1","C1: Below 1.5°C with no or limited overshoot",,,"0","24.903415076974845","26.34769104825217",,"567.6733235029704","1.448490641336934","1.50927642004021",
"576","ENGAGE-Feasibility-Maximum-Effort/Cost-Effective","WITCH 5.0","Final Energy|Electricity","EJ/yr","[object Object]",2040,19.3128769797332,"1.50927642004021","1.448490641336934","2037","567.6733235029704","461.9696523541756","-5.667221503999848","2055",,"GW0",,"failed","high","medium","ok","ok","medium","high","ok","ok","ok",,"medium",,"C1","C1: Below 1.5°C with no or limited overshoot",,,"0","24.903415076974845","26.34769104825217",,"567.6733235029704","1.448490641336934","1.50927642004021",
"576","ENGAGE-Feasibility-Maximum-Effort/Cost-Effective","WITCH 5.0","Final Energy|Electricity","EJ/yr","[object Object]",2045,20.9783778398143,"1.50927642004021","1.448490641336934","2037","567.6733235029704","461.9696523541756","-5.667221503999848","2055",,"GW0",,"failed","high","medium","ok","ok","medium","high","ok","ok","ok",,"medium",,"C1","C1: Below 1.5°C with no or limited overshoot",,,"0","24.903415076974845","26.34769104825217",,"567.6733235029704","1.448490641336934","1.50927642004021",
"576","ENGAGE-Feasibility-Maximum-Effort/Cost-Effective","WITCH 5.0","Final Energy|Electricity","EJ/yr","[object Object]",2050,21.6781860883341,"1.50927642004021","1.448490641336934","2037","567.6733235029704","461.9696523541756","-5.667221503999848","2055",,"GW0",,"failed","high","medium","ok","ok","medium","high","ok","ok","ok",,"medium",,"C1","C1: Below 1.5°C with no or limited overshoot",,,"0","24.903415076974845","26.34769104825217",,"567.6733235029704","1.448490641336934","1.50927642004021",
"576","ENGAGE-Feasibility-Maximum-Effort/Cost-Effective","WITCH 5.0","Final Energy|Electricity","EJ/yr","[object Object]",2055,22.3138935725299,"1.50927642004021","1.448490641336934","2037","567.6733235029704","461.9696523541756","-5.667221503999848","2055",,"GW0",,"failed","high","medium","ok","ok","medium","high","ok","ok","ok",,"medium",,"C1","C1: Below 1.5°C with no or limited overshoot",,,"0","24.903415076974845","26.34769104825217",,"567.6733235029704","1.448490641336934","1.50927642004021",
"576","ENGAGE-Feasibility-Maximum-Effort/Cost-Effective","WITCH 5.0","Final Energy|Electricity","EJ/yr","[object Object]",2060,21.853557325153,"1.50927642004021","1.448490641336934","2037","567.6733235029704","461.9696523541756","-5.667221503999848","2055",,"GW0",,"failed","high","medium","ok","ok","medium","high","ok","ok","ok",,"medium",,"C1","C1: Below 1.5°C with no or limited overshoot",,,"0","24.903415076974845","26.34769104825217",,"567.6733235029704","1.448490641336934","1.50927642004021",
"576","ENGAGE-Feasibility-Maximum-Effort/Cost-Effective","WITCH 5.0","Final Energy|Electricity","EJ/yr","[object Object]",2065,22.0111697485392,"1.50927642004021","1.448490641336934","2037","567.6733235029704","461.9696523541756","-5.667221503999848","2055",,"GW0",,"failed","high","medium","ok","ok","medium","high","ok","ok","ok",,"medium",,"C1","C1: Below 1.5°C with no or limited overshoot",,,"0","24.903415076974845","26.34769104825217",,"567.6733235029704","1.448490641336934","1.50927642004021",
"576","ENGAGE-Feasibility-Maximum-Effort/Cost-Effective","WITCH 5.0","Final Energy|Electricity","EJ/yr","[object Object]",2070,22.0519387933762,"1.50927642004021","1.448490641336934","2037","567.6733235029704","461.9696523541756","-5.667221503999848","2055",,"GW0",,"failed","high","medium","ok","ok","medium","high","ok","ok","ok",,"medium",,"C1","C1: Below 1.5°C with no or limited overshoot",,,"0","24.903415076974845","26.34769104825217",,"567.6733235029704","1.448490641336934","1.50927642004021",
"576","ENGAGE-Feasibility-Maximum-Effort/Cost-Effective","WITCH 5.0","Final Energy|Electricity","EJ/yr","[object Object]",2075,22.7438051980362,"1.50927642004021","1.448490641336934","2037","567.6733235029704","461.9696523541756","-5.667221503999848","2055",,"GW0",,"failed","high","medium","ok","ok","medium","high","ok","ok","ok",,"medium",,"C1","C1: Below 1.5°C with no or limited overshoot",,,"0","24.903415076974845","26.34769104825217",,"567.6733235029704","1.448490641336934","1.50927642004021",
"576","ENGAGE-Feasibility-Maximum-Effort/Cost-Effective","WITCH 5.0","Final Energy|Electricity","EJ/yr","[object Object]",2080,23.4567305984888,"1.50927642004021","1.448490641336934","2037","567.6733235029704","461.9696523541756","-5.667221503999848","2055",,"GW0",,"failed","high","medium","ok","ok","medium","high","ok","ok","ok",,"medium",,"C1","C1: Below 1.5°C with no or limited overshoot",,,"0","24.903415076974845","26.34769104825217",,"567.6733235029704","1.448490641336934","1.50927642004021",
"576","ENGAGE-Feasibility-Maximum-Effort/Cost-Effective","WITCH 5.0","Final Energy|Electricity","EJ/yr","[object Object]",2085,24.0562019078983,"1.50927642004021","1.448490641336934","2037","567.6733235029704","461.9696523541756","-5.667221503999848","2055",,"GW0",,"failed","high","medium","ok","ok","medium","high","ok","ok","ok",,"medium",,"C1","C1: Below 1.5°C with no or limited overshoot",,,"0","24.903415076974845","26.34769104825217",,"567.6733235029704","1.448490641336934","1.50927642004021",
"576","ENGAGE-Feasibility-Maximum-Effort/Cost-Effective","WITCH 5.0","Final Energy|Electricity","EJ/yr","[object Object]",2090,24.6745311043429,"1.50927642004021","1.448490641336934","2037","567.6733235029704","461.9696523541756","-5.667221503999848","2055",,"GW0",,"failed","high","medium","ok","ok","medium","high","ok","ok","ok",,"medium",,"C1","C1: Below 1.5°C with no or limited overshoot",,,"0","24.903415076974845","26.34769104825217",,"567.6733235029704","1.448490641336934","1.50927642004021",
"576","ENGAGE-Feasibility-Maximum-Effort/Cost-Effective","WITCH 5.0","Final Energy|Electricity","EJ/yr","[object Object]",2095,25.1858501497368,"1.50927642004021","1.448490641336934","2037","567.6733235029704","461.9696523541756","-5.667221503999848","2055",,"GW0",,"failed","high","medium","ok","ok","medium","high","ok","ok","ok",,"medium",,"C1","C1: Below 1.5°C with no or limited overshoot",,,"0","24.903415076974845","26.34769104825217",,"567.6733235029704","1.448490641336934","1.50927642004021",
"576","ENGAGE-Feasibility-Maximum-Effort/Cost-Effective","WITCH 5.0","Final Energy|Electricity","EJ/yr","[object Object]",2100,25.9229990629253,"1.50927642004021","1.448490641336934","2037","567.6733235029704","461.9696523541756","-5.667221503999848","2055",,"GW0",,"failed","high","medium","ok","ok","medium","high","ok","ok","ok",,"medium",,"C1","C1: Below 1.5°C with no or limited overshoot",,,"0","24.903415076974845","26.34769104825217",,"567.6733235029704","1.448490641336934","1.50927642004021",
"583","ENGAGE-Feasibility-Maximum-Effort/Technology","WITCH 5.0","Final Energy|Electricity","EJ/yr","[object Object]",2010,10.9555467186933,"1.49242767221938","1.381545810547752","2036","174.19081522107862","471.1557160353976","-2.8681232462685227","2070",,"GW0",,"failed","medium","ok","ok","ok","medium","high","ok","ok","ok",,"medium",,"C1","C1: Below 1.5°C with no or limited overshoot",,,"0","16.060809645539806","21.0868429001303",,"174.19081522107862","1.381545810547752","1.49242767221938",
"583","ENGAGE-Feasibility-Maximum-Effort/Technology","WITCH 5.0","Final Energy|Electricity","EJ/yr","[object Object]",2015,10.83091683959,"1.49242767221938","1.381545810547752","2036","174.19081522107862","471.1557160353976","-2.8681232462685227","2070",,"GW0",,"failed","medium","ok","ok","ok","medium","high","ok","ok","ok",,"medium",,"C1","C1: Below 1.5°C with no or limited overshoot",,,"0","16.060809645539806","21.0868429001303",,"174.19081522107862","1.381545810547752","1.49242767221938",
"583","ENGAGE-Feasibility-Maximum-Effort/Technology","WITCH 5.0","Final Energy|Electricity","EJ/yr","[object Object]",2020,11.4249019156478,"1.49242767221938","1.381545810547752","2036","174.19081522107862","471.1557160353976","-2.8681232462685227","2070",,"GW0",,"failed","medium","ok","ok","ok","medium","high","ok","ok","ok",,"medium",,"C1","C1: Below 1.5°C with no or limited overshoot",,,"0","16.060809645539806","21.0868429001303",,"174.19081522107862","1.381545810547752","1.49242767221938",
"583","ENGAGE-Feasibility-Maximum-Effort/Technology","WITCH 5.0","Final Energy|Electricity","EJ/yr","[object Object]",2025,11.4603022424257,"1.49242767221938","1.381545810547752","2036","174.19081522107862","471.1557160353976","-2.8681232462685227","2070",,"GW0",,"failed","medium","ok","ok","ok","medium","high","ok","ok","ok",,"medium",,"C1","C1: Below 1.5°C with no or limited overshoot",,,"0","16.060809645539806","21.0868429001303",,"174.19081522107862","1.381545810547752","1.49242767221938",
"583","ENGAGE-Feasibility-Maximum-Effort/Technology","WITCH 5.0","Final Energy|Electricity","EJ/yr","[object Object]",2030,12.770316978785,"1.49242767221938","1.381545810547752","2036","174.19081522107862","471.1557160353976","-2.8681232462685227","2070",,"GW0",,"failed","medium","ok","ok","ok","medium","high","ok","ok","ok",,"medium",,"C1","C1: Below 1.5°C with no or limited overshoot",,,"0","16.060809645539806","21.0868429001303",,"174.19081522107862","1.381545810547752","1.49242767221938",
"583","ENGAGE-Feasibility-Maximum-Effort/Technology","WITCH 5.0","Final Energy|Electricity","EJ/yr","[object Object]",2035,14.7609648881206,"1.49242767221938","1.381545810547752","2036","174.19081522107862","471.1557160353976","-2.8681232462685227","2070",,"GW0",,"failed","medium","ok","ok","ok","medium","high","ok","ok","ok",,"medium",,"C1","C1: Below 1.5°C with no or limited overshoot",,,"0","16.060809645539806","21.0868429001303",,"174.19081522107862","1.381545810547752","1.49242767221938",
"583","ENGAGE-Feasibility-Maximum-Effort/Technology","WITCH 5.0","Final Energy|Electricity","EJ/yr","[object Object]",2040,17.6390783863067,"1.49242767221938","1.381545810547752","2036","174.19081522107862","471.1557160353976","-2.8681232462685227","2070",,"GW0",,"failed","medium","ok","ok","ok","medium","high","ok","ok","ok",,"medium",,"C1","C1: Below 1.5°C with no or limited overshoot",,,"0","16.060809645539806","21.0868429001303",,"174.19081522107862","1.381545810547752","1.49242767221938",
"583","ENGAGE-Feasibility-Maximum-Effort/Technology","WITCH 5.0","Final Energy|Electricity","EJ/yr","[object Object]",2045,18.2363820383001,"1.49242767221938","1.381545810547752","2036","174.19081522107862","471.1557160353976","-2.8681232462685227","2070",,"GW0",,"failed","medium","ok","ok","ok","medium","high","ok","ok","ok",,"medium",,"C1","C1: Below 1.5°C with no or limited overshoot",,,"0","16.060809645539806","21.0868429001303",,"174.19081522107862","1.381545810547752","1.49242767221938",
"583","ENGAGE-Feasibility-Maximum-Effort/Technology","WITCH 5.0","Final Energy|Electricity","EJ/yr","[object Object]",2050,20.3933544673327,"1.49242767221938","1.381545810547752","2036","174.19081522107862","471.1557160353976","-2.8681232462685227","2070",,"GW0",,"failed","medium","ok","ok","ok","medium","high","ok","ok","ok",,"medium",,"C1","C1: Below 1.5°C with no or limited overshoot",,,"0","16.060809645539806","21.0868429001303",,"174.19081522107862","1.381545810547752","1.49242767221938",
"583","ENGAGE-Feasibility-Maximum-Effort/Technology","WITCH 5.0","Final Energy|Electricity","EJ/yr","[object Object]",2055,21.0944730137723,"1.49242767221938","1.381545810547752","2036","174.19081522107862","471.1557160353976","-2.8681232462685227","2070",,"GW0",,"failed","medium","ok","ok","ok","medium","high","ok","ok","ok",,"medium",,"C1","C1: Below 1.5°C with no or limited overshoot",,,"0","16.060809645539806","21.0868429001303",,"174.19081522107862","1.381545810547752","1.49242767221938",
"583","ENGAGE-Feasibility-Maximum-Effort/Technology","WITCH 5.0","Final Energy|Electricity","EJ/yr","[object Object]",2060,21.752541928488,"1.49242767221938","1.381545810547752","2036","174.19081522107862","471.1557160353976","-2.8681232462685227","2070",,"GW0",,"failed","medium","ok","ok","ok","medium","high","ok","ok","ok",,"medium",,"C1","C1: Below 1.5°C with no or limited overshoot",,,"0","16.060809645539806","21.0868429001303",,"174.19081522107862","1.381545810547752","1.49242767221938",
"583","ENGAGE-Feasibility-Maximum-Effort/Technology","WITCH 5.0","Final Energy|Electricity","EJ/yr","[object Object]",2065,22.4541167991711,"1.49242767221938","1.381545810547752","2036","174.19081522107862","471.1557160353976","-2.8681232462685227","2070",,"GW0",,"failed","medium","ok","ok","ok","medium","high","ok","ok","ok",,"medium",,"C1","C1: Below 1.5°C with no or limited overshoot",,,"0","16.060809645539806","21.0868429001303",,"174.19081522107862","1.381545810547752","1.49242767221938",
"583","ENGAGE-Feasibility-Maximum-Effort/Technology","WITCH 5.0","Final Energy|Electricity","EJ/yr","[object Object]",2070,22.6427747717621,"1.49242767221938","1.381545810547752","2036","174.19081522107862","471.1557160353976","-2.8681232462685227","2070",,"GW0",,"failed","medium","ok","ok","ok","medium","high","ok","ok","ok",,"medium",,"C1","C1: Below 1.5°C with no or limited overshoot",,,"0","16.060809645539806","21.0868429001303",,"174.19081522107862","1.381545810547752","1.49242767221938",
"583","ENGAGE-Feasibility-Maximum-Effort/Technology","WITCH 5.0","Final Energy|Electricity","EJ/yr","[object Object]",2075,23.0637228111413,"1.49242767221938","1.381545810547752","2036","174.19081522107862","471.1557160353976","-2.8681232462685227","2070",,"GW0",,"failed","medium","ok","ok","ok","medium","high","ok","ok","ok",,"medium",,"C1","C1: Below 1.5°C with no or limited overshoot",,,"0","16.060809645539806","21.0868429001303",,"174.19081522107862","1.381545810547752","1.49242767221938",
"583","ENGAGE-Feasibility-Maximum-Effort/Technology","WITCH 5.0","Final Energy|Electricity","EJ/yr","[object Object]",2080,23.5908089990486,"1.49242767221938","1.381545810547752","2036","174.19081522107862","471.1557160353976","-2.8681232462685227","2070",,"GW0",,"failed","medium","ok","ok","ok","medium","high","ok","ok","ok",,"medium",,"C1","C1: Below 1.5°C with no or limited overshoot",,,"0","16.060809645539806","21.0868429001303",,"174.19081522107862","1.381545810547752","1.49242767221938",
"583","ENGAGE-Feasibility-Maximum-Effort/Technology","WITCH 5.0","Final Energy|Electricity","EJ/yr","[object Object]",2085,24.1760821558133,"1.49242767221938","1.381545810547752","2036","174.19081522107862","471.1557160353976","-2.8681232462685227","2070",,"GW0",,"failed","medium","ok","ok","ok","medium","high","ok","ok","ok",,"medium",,"C1","C1: Below 1.5°C with no or limited overshoot",,,"0","16.060809645539806","21.0868429001303",,"174.19081522107862","1.381545810547752","1.49242767221938",
"583","ENGAGE-Feasibility-Maximum-Effort/Technology","WITCH 5.0","Final Energy|Electricity","EJ/yr","[object Object]",2090,24.7272680239182,"1.49242767221938","1.381545810547752","2036","174.19081522107862","471.1557160353976","-2.8681232462685227","2070",,"GW0",,"failed","medium","ok","ok","ok","medium","high","ok","ok","ok",,"medium",,"C1","C1: Below 1.5°C with no or limited overshoot",,,"0","16.060809645539806","21.0868429001303",,"174.19081522107862","1.381545810547752","1.49242767221938",
"583","ENGAGE-Feasibility-Maximum-Effort/Technology","WITCH 5.0","Final Energy|Electricity","EJ/yr","[object Object]",2095,25.1903753790011,"1.49242767221938","1.381545810547752","2036","174.19081522107862","471.1557160353976","-2.8681232462685227","2070",,"GW0",,"failed","medium","ok","ok","ok","medium","high","ok","ok","ok",,"medium",,"C1","C1: Below 1.5°C with no or limited overshoot",,,"0","16.060809645539806","21.0868429001303",,"174.19081522107862","1.381545810547752","1.49242767221938",
"583","ENGAGE-Feasibility-Maximum-Effort/Technology","WITCH 5.0","Final Energy|Electricity","EJ/yr","[object Object]",2100,25.7517302745164,"1.49242767221938","1.381545810547752","2036","174.19081522107862","471.1557160353976","-2.8681232462685227","2070",,"GW0",,"failed","medium","ok","ok","ok","medium","high","ok","ok","ok",,"medium",,"C1","C1: Below 1.5°C with no or limited overshoot",,,"0","16.060809645539806","21.0868429001303",,"174.19081522107862","1.381545810547752","1.49242767221938",
"681","NAVIGATE Demand-1.5°C-act_u","REMIND 3.0","Final Energy|Electricity","EJ/yr","[object Object]",2010,10.3246191,"1.600199909588884","1.224665196680307","2040","748.8558189359001","243.41144105969985","-406.3177312407","2055","2073","GW1","Rapid Fossil-Fuel Phase-Out","failed","high","medium","ok","ok","ok","ok","ok","ok","ok",,"medium",,"C1","C1: Below 1.5°C with no or limited overshoot",,,"45.62803833039234","21.974763973985286","31.577052585754288",,"748.8558189359001","1.224665196680307","1.600199909588884",
"681","NAVIGATE Demand-1.5°C-act_u","REMIND 3.0","Final Energy|Electricity","EJ/yr","[object Object]",2015,9.981316399999999,"1.600199909588884","1.224665196680307","2040","748.8558189359001","243.41144105969985","-406.3177312407","2055","2073","GW1","Rapid Fossil-Fuel Phase-Out","failed","high","medium","ok","ok","ok","ok","ok","ok","ok",,"medium",,"C1","C1: Below 1.5°C with no or limited overshoot",,,"45.62803833039234","21.974763973985286","31.577052585754288",,"748.8558189359001","1.224665196680307","1.600199909588884",
"681","NAVIGATE Demand-1.5°C-act_u","REMIND 3.0","Final Energy|Electricity","EJ/yr","[object Object]",2020,10.6050541,"1.600199909588884","1.224665196680307","2040","748.8558189359001","243.41144105969985","-406.3177312407","2055","2073","GW1","Rapid Fossil-Fuel Phase-Out","failed","high","medium","ok","ok","ok","ok","ok","ok","ok",,"medium",,"C1","C1: Below 1.5°C with no or limited overshoot",,,"45.62803833039234","21.974763973985286","31.577052585754288",,"748.8558189359001","1.224665196680307","1.600199909588884",
"681","NAVIGATE Demand-1.5°C-act_u","REMIND 3.0","Final Energy|Electricity","EJ/yr","[object Object]",2025,11.8408105,"1.600199909588884","1.224665196680307","2040","748.8558189359001","243.41144105969985","-406.3177312407","2055","2073","GW1","Rapid Fossil-Fuel Phase-Out","failed","high","medium","ok","ok","ok","ok","ok","ok","ok",,"medium",,"C1","C1: Below 1.5°C with no or limited overshoot",,,"45.62803833039234","21.974763973985286","31.577052585754288",,"748.8558189359001","1.224665196680307","1.600199909588884",
"681","NAVIGATE Demand-1.5°C-act_u","REMIND 3.0","Final Energy|Electricity","EJ/yr","[object Object]",2030,12.5739417,"1.600199909588884","1.224665196680307","2040","748.8558189359001","243.41144105969985","-406.3177312407","2055","2073","GW1","Rapid Fossil-Fuel Phase-Out","failed","high","medium","ok","ok","ok","ok","ok","ok","ok",,"medium",,"C1","C1: Below 1.5°C with no or limited overshoot",,,"45.62803833039234","21.974763973985286","31.577052585754288",,"748.8558189359001","1.224665196680307","1.600199909588884",
"681","NAVIGATE Demand-1.5°C-act_u","REMIND 3.0","Final Energy|Electricity","EJ/yr","[object Object]",2035,14.0055751,"1.600199909588884","1.224665196680307","2040","748.8558189359001","243.41144105969985","-406.3177312407","2055","2073","GW1","Rapid Fossil-Fuel Phase-Out","failed","high","medium","ok","ok","ok","ok","ok","ok","ok",,"medium",,"C1","C1: Below 1.5°C with no or limited overshoot",,,"45.62803833039234","21.974763973985286","31.577052585754288",,"748.8558189359001","1.224665196680307","1.600199909588884",
"681","NAVIGATE Demand-1.5°C-act_u","REMIND 3.0","Final Energy|Electricity","EJ/yr","[object Object]",2040,14.8593497,"1.600199909588884","1.224665196680307","2040","748.8558189359001","243.41144105969985","-406.3177312407","2055","2073","GW1","Rapid Fossil-Fuel Phase-Out","failed","high","medium","ok","ok","ok","ok","ok","ok","ok",,"medium",,"C1","C1: Below 1.5°C with no or limited overshoot",,,"45.62803833039234","21.974763973985286","31.577052585754288",,"748.8558189359001","1.224665196680307","1.600199909588884",
"681","NAVIGATE Demand-1.5°C-act_u","REMIND 3.0","Final Energy|Electricity","EJ/yr","[object Object]",2045,15.1413026,"1.600199909588884","1.224665196680307","2040","748.8558189359001","243.41144105969985","-406.3177312407","2055","2073","GW1","Rapid Fossil-Fuel Phase-Out","failed","high","medium","ok","ok","ok","ok","ok","ok","ok",,"medium",,"C1","C1: Below 1.5°C with no or limited overshoot",,,"45.62803833039234","21.974763973985286","31.577052585754288",,"748.8558189359001","1.224665196680307","1.600199909588884",
"681","NAVIGATE Demand-1.5°C-act_u","REMIND 3.0","Final Energy|Electricity","EJ/yr","[object Object]",2050,15.1319396,"1.600199909588884","1.224665196680307","2040","748.8558189359001","243.41144105969985","-406.3177312407","2055","2073","GW1","Rapid Fossil-Fuel Phase-Out","failed","high","medium","ok","ok","ok","ok","ok","ok","ok",,"medium",,"C1","C1: Below 1.5°C with no or limited overshoot",,,"45.62803833039234","21.974763973985286","31.577052585754288",,"748.8558189359001","1.224665196680307","1.600199909588884",
"681","NAVIGATE Demand-1.5°C-act_u","REMIND 3.0","Final Energy|Electricity","EJ/yr","[object Object]",2055,14.7611298,"1.600199909588884","1.224665196680307","2040","748.8558189359001","243.41144105969985","-406.3177312407","2055","2073","GW1","Rapid Fossil-Fuel Phase-Out","failed","high","medium","ok","ok","ok","ok","ok","ok","ok",,"medium",,"C1","C1: Below 1.5°C with no or limited overshoot",,,"45.62803833039234","21.974763973985286","31.577052585754288",,"748.8558189359001","1.224665196680307","1.600199909588884",
"681","NAVIGATE Demand-1.5°C-act_u","REMIND 3.0","Final Energy|Electricity","EJ/yr","[object Object]",2060,14.3066565,"1.600199909588884","1.224665196680307","2040","748.8558189359001","243.41144105969985","-406.3177312407","2055","2073","GW1","Rapid Fossil-Fuel Phase-Out","failed","high","medium","ok","ok","ok","ok","ok","ok","ok",,"medium",,"C1","C1: Below 1.5°C with no or limited overshoot",,,"45.62803833039234","21.974763973985286","31.577052585754288",,"748.8558189359001","1.224665196680307","1.600199909588884",
"681","NAVIGATE Demand-1.5°C-act_u","REMIND 3.0","Final Energy|Electricity","EJ/yr","[object Object]",2070,14.227212,"1.600199909588884","1.224665196680307","2040","748.8558189359001","243.41144105969985","-406.3177312407","2055","2073","GW1","Rapid Fossil-Fuel Phase-Out","failed","high","medium","ok","ok","ok","ok","ok","ok","ok",,"medium",,"C1","C1: Below 1.5°C with no or limited overshoot",,,"45.62803833039234","21.974763973985286","31.577052585754288",,"748.8558189359001","1.224665196680307","1.600199909588884",
"681","NAVIGATE Demand-1.5°C-act_u","REMIND 3.0","Final Energy|Electricity","EJ/yr","[object Object]",2080,14.8203507,"1.600199909588884","1.224665196680307","2040","748.8558189359001","243.41144105969985","-406.3177312407","2055","2073","GW1","Rapid Fossil-Fuel Phase-Out","failed","high","medium","ok","ok","ok","ok","ok","ok","ok",,"medium",,"C1","C1: Below 1.5°C with no or limited overshoot",,,"45.62803833039234","21.974763973985286","31.577052585754288",,"748.8558189359001","1.224665196680307","1.600199909588884",
"681","NAVIGATE Demand-1.5°C-act_u","REMIND 3.0","Final Energy|Electricity","EJ/yr","[object Object]",2090,15.1342068,"1.600199909588884","1.224665196680307","2040","748.8558189359001","243.41144105969985","-406.3177312407","2055","2073","GW1","Rapid Fossil-Fuel Phase-Out","failed","high","medium","ok","ok","ok","ok","ok","ok","ok",,"medium",,"C1","C1: Below 1.5°C with no or limited overshoot",,,"45.62803833039234","21.974763973985286","31.577052585754288",,"748.8558189359001","1.224665196680307","1.600199909588884",
"681","NAVIGATE Demand-1.5°C-act_u","REMIND 3.0","Final Energy|Electricity","EJ/yr","[object Object]",2100,15.4098369,"1.600199909588884","1.224665196680307","2040","748.8558189359001","243.41144105969985","-406.3177312407","2055","2073","GW1","Rapid Fossil-Fuel Phase-Out","failed","high","medium","ok","ok","ok","ok","ok","ok","ok",,"medium",,"C1","C1: Below 1.5°C with no or limited overshoot",,,"45.62803833039234","21.974763973985286","31.577052585754288",,"748.8558189359001","1.224665196680307","1.600199909588884",
"682","NAVIGATE Demand-1.5°C-all_u","REMIND 3.0","Final Energy|Electricity","EJ/yr","[object Object]",2010,10.3240716,"1.611646905454875","1.268224308725368","2048","511.18571135340005","444.21344169875","-205.60270896735003","2056","2088","GW1","Rapid Fossil-Fuel Phase-Out","failed","medium","ok","ok","ok","ok","ok","ok","ok","ok",,"medium",,"C1","C1: Below 1.5°C with no or limited overshoot",,,"54.644177768794","17.889367534610166","26.509183419155352",,"511.18571135340005","1.268224308725368","1.611646905454875",
"682","NAVIGATE Demand-1.5°C-all_u","REMIND 3.0","Final Energy|Electricity","EJ/yr","[object Object]",2015,9.9805616,"1.611646905454875","1.268224308725368","2048","511.18571135340005","444.21344169875","-205.60270896735003","2056","2088","GW1","Rapid Fossil-Fuel Phase-Out","failed","medium","ok","ok","ok","ok","ok","ok","ok","ok",,"medium",,"C1","C1: Below 1.5°C with no or limited overshoot",,,"54.644177768794","17.889367534610166","26.509183419155352",,"511.18571135340005","1.268224308725368","1.611646905454875",
"682","NAVIGATE Demand-1.5°C-all_u","REMIND 3.0","Final Energy|Electricity","EJ/yr","[object Object]",2020,10.773461,"1.611646905454875","1.268224308725368","2048","511.18571135340005","444.21344169875","-205.60270896735003","2056","2088","GW1","Rapid Fossil-Fuel Phase-Out","failed","medium","ok","ok","ok","ok","ok","ok","ok","ok",,"medium",,"C1","C1: Below 1.5°C with no or limited overshoot",,,"54.644177768794","17.889367534610166","26.509183419155352",,"511.18571135340005","1.268224308725368","1.611646905454875",
"682","NAVIGATE Demand-1.5°C-all_u","REMIND 3.0","Final Energy|Electricity","EJ/yr","[object Object]",2025,12.2214848,"1.611646905454875","1.268224308725368","2048","511.18571135340005","444.21344169875","-205.60270896735003","2056","2088","GW1","Rapid Fossil-Fuel Phase-Out","failed","medium","ok","ok","ok","ok","ok","ok","ok","ok",,"medium",,"C1","C1: Below 1.5°C with no or limited overshoot",,,"54.644177768794","17.889367534610166","26.509183419155352",,"511.18571135340005","1.268224308725368","1.611646905454875",
"682","NAVIGATE Demand-1.5°C-all_u","REMIND 3.0","Final Energy|Electricity","EJ/yr","[object Object]",2030,13.7781594,"1.611646905454875","1.268224308725368","2048","511.18571135340005","444.21344169875","-205.60270896735003","2056","2088","GW1","Rapid Fossil-Fuel Phase-Out","failed","medium","ok","ok","ok","ok","ok","ok","ok","ok",,"medium",,"C1","C1: Below 1.5°C with no or limited overshoot",,,"54.644177768794","17.889367534610166","26.509183419155352",,"511.18571135340005","1.268224308725368","1.611646905454875",
"682","NAVIGATE Demand-1.5°C-all_u","REMIND 3.0","Final Energy|Electricity","EJ/yr","[object Object]",2035,15.3951027,"1.611646905454875","1.268224308725368","2048","511.18571135340005","444.21344169875","-205.60270896735003","2056","2088","GW1","Rapid Fossil-Fuel Phase-Out","failed","medium","ok","ok","ok","ok","ok","ok","ok","ok",,"medium",,"C1","C1: Below 1.5°C with no or limited overshoot",,,"54.644177768794","17.889367534610166","26.509183419155352",,"511.18571135340005","1.268224308725368","1.611646905454875",
"682","NAVIGATE Demand-1.5°C-all_u","REMIND 3.0","Final Energy|Electricity","EJ/yr","[object Object]",2040,16.1068178,"1.611646905454875","1.268224308725368","2048","511.18571135340005","444.21344169875","-205.60270896735003","2056","2088","GW1","Rapid Fossil-Fuel Phase-Out","failed","medium","ok","ok","ok","ok","ok","ok","ok","ok",,"medium",,"C1","C1: Below 1.5°C with no or limited overshoot",,,"54.644177768794","17.889367534610166","26.509183419155352",,"511.18571135340005","1.268224308725368","1.611646905454875",
"682","NAVIGATE Demand-1.5°C-all_u","REMIND 3.0","Final Energy|Electricity","EJ/yr","[object Object]",2045,16.3341292,"1.611646905454875","1.268224308725368","2048","511.18571135340005","444.21344169875","-205.60270896735003","2056","2088","GW1","Rapid Fossil-Fuel Phase-Out","failed","medium","ok","ok","ok","ok","ok","ok","ok","ok",,"medium",,"C1","C1: Below 1.5°C with no or limited overshoot",,,"54.644177768794","17.889367534610166","26.509183419155352",,"511.18571135340005","1.268224308725368","1.611646905454875",
"682","NAVIGATE Demand-1.5°C-all_u","REMIND 3.0","Final Energy|Electricity","EJ/yr","[object Object]",2050,16.1830136,"1.611646905454875","1.268224308725368","2048","511.18571135340005","444.21344169875","-205.60270896735003","2056","2088","GW1","Rapid Fossil-Fuel Phase-Out","failed","medium","ok","ok","ok","ok","ok","ok","ok","ok",,"medium",,"C1","C1: Below 1.5°C with no or limited overshoot",,,"54.644177768794","17.889367534610166","26.509183419155352",,"511.18571135340005","1.268224308725368","1.611646905454875",
"682","NAVIGATE Demand-1.5°C-all_u","REMIND 3.0","Final Energy|Electricity","EJ/yr","[object Object]",2055,15.627348,"1.611646905454875","1.268224308725368","2048","511.18571135340005","444.21344169875","-205.60270896735003","2056","2088","GW1","Rapid Fossil-Fuel Phase-Out","failed","medium","ok","ok","ok","ok","ok","ok","ok","ok",,"medium",,"C1","C1: Below 1.5°C with no or limited overshoot",,,"54.644177768794","17.889367534610166","26.509183419155352",,"511.18571135340005","1.268224308725368","1.611646905454875",
"682","NAVIGATE Demand-1.5°C-all_u","REMIND 3.0","Final Energy|Electricity","EJ/yr","[object Object]",2060,15.3969308,"1.611646905454875","1.268224308725368","2048","511.18571135340005","444.21344169875","-205.60270896735003","2056","2088","GW1","Rapid Fossil-Fuel Phase-Out","failed","medium","ok","ok","ok","ok","ok","ok","ok","ok",,"medium",,"C1","C1: Below 1.5°C with no or limited overshoot",,,"54.644177768794","17.889367534610166","26.509183419155352",,"511.18571135340005","1.268224308725368","1.611646905454875",
"682","NAVIGATE Demand-1.5°C-all_u","REMIND 3.0","Final Energy|Electricity","EJ/yr","[object Object]",2070,14.9471163,"1.611646905454875","1.268224308725368","2048","511.18571135340005","444.21344169875","-205.60270896735003","2056","2088","GW1","Rapid Fossil-Fuel Phase-Out","failed","medium","ok","ok","ok","ok","ok","ok","ok","ok",,"medium",,"C1","C1: Below 1.5°C with no or limited overshoot",,,"54.644177768794","17.889367534610166","26.509183419155352",,"511.18571135340005","1.268224308725368","1.611646905454875",
"682","NAVIGATE Demand-1.5°C-all_u","REMIND 3.0","Final Energy|Electricity","EJ/yr","[object Object]",2080,15.3995932,"1.611646905454875","1.268224308725368","2048","511.18571135340005","444.21344169875","-205.60270896735003","2056","2088","GW1","Rapid Fossil-Fuel Phase-Out","failed","medium","ok","ok","ok","ok","ok","ok","ok","ok",,"medium",,"C1","C1: Below 1.5°C with no or limited overshoot",,,"54.644177768794","17.889367534610166","26.509183419155352",,"511.18571135340005","1.268224308725368","1.611646905454875",
"682","NAVIGATE Demand-1.5°C-all_u","REMIND 3.0","Final Energy|Electricity","EJ/yr","[object Object]",2090,15.8073316,"1.611646905454875","1.268224308725368","2048","511.18571135340005","444.21344169875","-205.60270896735003","2056","2088","GW1","Rapid Fossil-Fuel Phase-Out","failed","medium","ok","ok","ok","ok","ok","ok","ok","ok",,"medium",,"C1","C1: Below 1.5°C with no or limited overshoot",,,"54.644177768794","17.889367534610166","26.509183419155352",,"511.18571135340005","1.268224308725368","1.611646905454875",
"682","NAVIGATE Demand-1.5°C-all_u","REMIND 3.0","Final Energy|Electricity","EJ/yr","[object Object]",2100,15.9733511,"1.611646905454875","1.268224308725368","2048","511.18571135340005","444.21344169875","-205.60270896735003","2056","2088","GW1","Rapid Fossil-Fuel Phase-Out","failed","medium","ok","ok","ok","ok","ok","ok","ok","ok",,"medium",,"C1","C1: Below 1.5°C with no or limited overshoot",,,"54.644177768794","17.889367534610166","26.509183419155352",,"511.18571135340005","1.268224308725368","1.611646905454875",
"683","NAVIGATE Demand-1.5°C-ele_u","REMIND 3.0","Final Energy|Electricity","EJ/yr","[object Object]",2010,10.3181669,"1.609360354694031","1.248089778189559","2048","559.5007437277501","396.30475436279994","-253.6471509525","2055","2082","GW1","Rapid Fossil-Fuel Phase-Out","failed","medium","ok","ok","medium","ok","ok","medium","ok","ok",,"medium",,"C1","C1: Below 1.5°C with no or limited overshoot",,,"56.46001785576868","17.975732564604723","24.765554002962173",,"559.5007437277501","1.248089778189559","1.609360354694031",
"683","NAVIGATE Demand-1.5°C-ele_u","REMIND 3.0","Final Energy|Electricity","EJ/yr","[object Object]",2015,9.9754111,"1.609360354694031","1.248089778189559","2048","559.5007437277501","396.30475436279994","-253.6471509525","2055","2082","GW1","Rapid Fossil-Fuel Phase-Out","failed","medium","ok","ok","medium","ok","ok","medium","ok","ok",,"medium",,"C1","C1: Below 1.5°C with no or limited overshoot",,,"56.46001785576868","17.975732564604723","24.765554002962173",,"559.5007437277501","1.248089778189559","1.609360354694031",
"683","NAVIGATE Demand-1.5°C-ele_u","REMIND 3.0","Final Energy|Electricity","EJ/yr","[object Object]",2020,10.7272219,"1.609360354694031","1.248089778189559","2048","559.5007437277501","396.30475436279994","-253.6471509525","2055","2082","GW1","Rapid Fossil-Fuel Phase-Out","failed","medium","ok","ok","medium","ok","ok","medium","ok","ok",,"medium",,"C1","C1: Below 1.5°C with no or limited overshoot",,,"56.46001785576868","17.975732564604723","24.765554002962173",,"559.5007437277501","1.248089778189559","1.609360354694031",
"683","NAVIGATE Demand-1.5°C-ele_u","REMIND 3.0","Final Energy|Electricity","EJ/yr","[object Object]",2025,12.4943402,"1.609360354694031","1.248089778189559","2048","559.5007437277501","396.30475436279994","-253.6471509525","2055","2082","GW1","Rapid Fossil-Fuel Phase-Out","failed","medium","ok","ok","medium","ok","ok","medium","ok","ok",,"medium",,"C1","C1: Below 1.5°C with no or limited overshoot",,,"56.46001785576868","17.975732564604723","24.765554002962173",,"559.5007437277501","1.248089778189559","1.609360354694031",
"683","NAVIGATE Demand-1.5°C-ele_u","REMIND 3.0","Final Energy|Electricity","EJ/yr","[object Object]",2030,14.5371712,"1.609360354694031","1.248089778189559","2048","559.5007437277501","396.30475436279994","-253.6471509525","2055","2082","GW1","Rapid Fossil-Fuel Phase-Out","failed","medium","ok","ok","medium","ok","ok","medium","ok","ok",,"medium",,"C1","C1: Below 1.5°C with no or limited overshoot",,,"56.46001785576868","17.975732564604723","24.765554002962173",,"559.5007437277501","1.248089778189559","1.609360354694031",
"683","NAVIGATE Demand-1.5°C-ele_u","REMIND 3.0","Final Energy|Electricity","EJ/yr","[object Object]",2035,17.3860492,"1.609360354694031","1.248089778189559","2048","559.5007437277501","396.30475436279994","-253.6471509525","2055","2082","GW1","Rapid Fossil-Fuel Phase-Out","failed","medium","ok","ok","medium","ok","ok","medium","ok","ok",,"medium",,"C1","C1: Below 1.5°C with no or limited overshoot",,,"56.46001785576868","17.975732564604723","24.765554002962173",,"559.5007437277501","1.248089778189559","1.609360354694031",
"683","NAVIGATE Demand-1.5°C-ele_u","REMIND 3.0","Final Energy|Electricity","EJ/yr","[object Object]",2040,18.561242,"1.609360354694031","1.248089778189559","2048","559.5007437277501","396.30475436279994","-253.6471509525","2055","2082","GW1","Rapid Fossil-Fuel Phase-Out","failed","medium","ok","ok","medium","ok","ok","medium","ok","ok",,"medium",,"C1","C1: Below 1.5°C with no or limited overshoot",,,"56.46001785576868","17.975732564604723","24.765554002962173",,"559.5007437277501","1.248089778189559","1.609360354694031",
"683","NAVIGATE Demand-1.5°C-ele_u","REMIND 3.0","Final Energy|Electricity","EJ/yr","[object Object]",2045,19.3842388,"1.609360354694031","1.248089778189559","2048","559.5007437277501","396.30475436279994","-253.6471509525","2055","2082","GW1","Rapid Fossil-Fuel Phase-Out","failed","medium","ok","ok","medium","ok","ok","medium","ok","ok",,"medium",,"C1","C1: Below 1.5°C with no or limited overshoot",,,"56.46001785576868","17.975732564604723","24.765554002962173",,"559.5007437277501","1.248089778189559","1.609360354694031",
"683","NAVIGATE Demand-1.5°C-ele_u","REMIND 3.0","Final Energy|Electricity","EJ/yr","[object Object]",2050,19.6129119,"1.609360354694031","1.248089778189559","2048","559.5007437277501","396.30475436279994","-253.6471509525","2055","2082","GW1","Rapid Fossil-Fuel Phase-Out","failed","medium","ok","ok","medium","ok","ok","medium","ok","ok",,"medium",,"C1","C1: Below 1.5°C with no or limited overshoot",,,"56.46001785576868","17.975732564604723","24.765554002962173",,"559.5007437277501","1.248089778189559","1.609360354694031",
"683","NAVIGATE Demand-1.5°C-ele_u","REMIND 3.0","Final Energy|Electricity","EJ/yr","[object Object]",2055,19.1770136,"1.609360354694031","1.248089778189559","2048","559.5007437277501","396.30475436279994","-253.6471509525","2055","2082","GW1","Rapid Fossil-Fuel Phase-Out","failed","medium","ok","ok","medium","ok","ok","medium","ok","ok",,"medium",,"C1","C1: Below 1.5°C with no or limited overshoot",,,"56.46001785576868","17.975732564604723","24.765554002962173",,"559.5007437277501","1.248089778189559","1.609360354694031",
"683","NAVIGATE Demand-1.5°C-ele_u","REMIND 3.0","Final Energy|Electricity","EJ/yr","[object Object]",2060,19.1183313,"1.609360354694031","1.248089778189559","2048","559.5007437277501","396.30475436279994","-253.6471509525","2055","2082","GW1","Rapid Fossil-Fuel Phase-Out","failed","medium","ok","ok","medium","ok","ok","medium","ok","ok",,"medium",,"C1","C1: Below 1.5°C with no or limited overshoot",,,"56.46001785576868","17.975732564604723","24.765554002962173",,"559.5007437277501","1.248089778189559","1.609360354694031",
"683","NAVIGATE Demand-1.5°C-ele_u","REMIND 3.0","Final Energy|Electricity","EJ/yr","[object Object]",2070,18.5589763,"1.609360354694031","1.248089778189559","2048","559.5007437277501","396.30475436279994","-253.6471509525","2055","2082","GW1","Rapid Fossil-Fuel Phase-Out","failed","medium","ok","ok","medium","ok","ok","medium","ok","ok",,"medium",,"C1","C1: Below 1.5°C with no or limited overshoot",,,"56.46001785576868","17.975732564604723","24.765554002962173",,"559.5007437277501","1.248089778189559","1.609360354694031",
"683","NAVIGATE Demand-1.5°C-ele_u","REMIND 3.0","Final Energy|Electricity","EJ/yr","[object Object]",2080,19.070304,"1.609360354694031","1.248089778189559","2048","559.5007437277501","396.30475436279994","-253.6471509525","2055","2082","GW1","Rapid Fossil-Fuel Phase-Out","failed","medium","ok","ok","medium","ok","ok","medium","ok","ok",,"medium",,"C1","C1: Below 1.5°C with no or limited overshoot",,,"56.46001785576868","17.975732564604723","24.765554002962173",,"559.5007437277501","1.248089778189559","1.609360354694031",
"683","NAVIGATE Demand-1.5°C-ele_u","REMIND 3.0","Final Energy|Electricity","EJ/yr","[object Object]",2090,19.5763421,"1.609360354694031","1.248089778189559","2048","559.5007437277501","396.30475436279994","-253.6471509525","2055","2082","GW1","Rapid Fossil-Fuel Phase-Out","failed","medium","ok","ok","medium","ok","ok","medium","ok","ok",,"medium",,"C1","C1: Below 1.5°C with no or limited overshoot",,,"56.46001785576868","17.975732564604723","24.765554002962173",,"559.5007437277501","1.248089778189559","1.609360354694031",
"683","NAVIGATE Demand-1.5°C-ele_u","REMIND 3.0","Final Energy|Electricity","EJ/yr","[object Object]",2100,19.8246665,"1.609360354694031","1.248089778189559","2048","559.5007437277501","396.30475436279994","-253.6471509525","2055","2082","GW1","Rapid Fossil-Fuel Phase-Out","failed","medium","ok","ok","medium","ok","ok","medium","ok","ok",,"medium",,"C1","C1: Below 1.5°C with no or limited overshoot",,,"56.46001785576868","17.975732564604723","24.765554002962173",,"559.5007437277501","1.248089778189559","1.609360354694031",
"684","NAVIGATE Demand-1.5°C-ref","REMIND 3.0","Final Energy|Electricity","EJ/yr","[object Object]",2010,10.323978,"1.606310849806208","1.224043939075636","2039","782.6492325177","227.18799357849977","-419.26819022890004","2055","2073","GW1","Rapid Fossil-Fuel Phase-Out","failed","high","medium","medium","medium","ok","ok","ok","ok","ok",,"high",,"C1","C1: Below 1.5°C with no or limited overshoot",,,"45.862249818420544","22.091763351247","31.29952547494948",,"782.6492325177","1.224043939075636","1.606310849806208",
"684","NAVIGATE Demand-1.5°C-ref","REMIND 3.0","Final Energy|Electricity","EJ/yr","[object Object]",2015,9.9737551,"1.606310849806208","1.224043939075636","2039","782.6492325177","227.18799357849977","-419.26819022890004","2055","2073","GW1","Rapid Fossil-Fuel Phase-Out","failed","high","medium","medium","medium","ok","ok","ok","ok","ok",,"high",,"C1","C1: Below 1.5°C with no or limited overshoot",,,"45.862249818420544","22.091763351247","31.29952547494948",,"782.6492325177","1.224043939075636","1.606310849806208",
"684","NAVIGATE Demand-1.5°C-ref","REMIND 3.0","Final Energy|Electricity","EJ/yr","[object Object]",2020,10.571635,"1.606310849806208","1.224043939075636","2039","782.6492325177","227.18799357849977","-419.26819022890004","2055","2073","GW1","Rapid Fossil-Fuel Phase-Out","failed","high","medium","medium","medium","ok","ok","ok","ok","ok",,"high",,"C1","C1: Below 1.5°C with no or limited overshoot",,,"45.862249818420544","22.091763351247","31.29952547494948",,"782.6492325177","1.224043939075636","1.606310849806208",
"684","NAVIGATE Demand-1.5°C-ref","REMIND 3.0","Final Energy|Electricity","EJ/yr","[object Object]",2025,11.8651943,"1.606310849806208","1.224043939075636","2039","782.6492325177","227.18799357849977","-419.26819022890004","2055","2073","GW1","Rapid Fossil-Fuel Phase-Out","failed","high","medium","medium","medium","ok","ok","ok","ok","ok",,"high",,"C1","C1: Below 1.5°C with no or limited overshoot",,,"45.862249818420544","22.091763351247","31.29952547494948",,"782.6492325177","1.224043939075636","1.606310849806208",
"684","NAVIGATE Demand-1.5°C-ref","REMIND 3.0","Final Energy|Electricity","EJ/yr","[object Object]",2030,12.9051011,"1.606310849806208","1.224043939075636","2039","782.6492325177","227.18799357849977","-419.26819022890004","2055","2073","GW1","Rapid Fossil-Fuel Phase-Out","failed","high","medium","medium","medium","ok","ok","ok","ok","ok",,"high",,"C1","C1: Below 1.5°C with no or limited overshoot",,,"45.862249818420544","22.091763351247","31.29952547494948",,"782.6492325177","1.224043939075636","1.606310849806208",
"684","NAVIGATE Demand-1.5°C-ref","REMIND 3.0","Final Energy|Electricity","EJ/yr","[object Object]",2035,14.5375082,"1.606310849806208","1.224043939075636","2039","782.6492325177","227.18799357849977","-419.26819022890004","2055","2073","GW1","Rapid Fossil-Fuel Phase-Out","failed","high","medium","medium","medium","ok","ok","ok","ok","ok",,"high",,"C1","C1: Below 1.5°C with no or limited overshoot",,,"45.862249818420544","22.091763351247","31.29952547494948",,"782.6492325177","1.224043939075636","1.606310849806208",
"684","NAVIGATE Demand-1.5°C-ref","REMIND 3.0","Final Energy|Electricity","EJ/yr","[object Object]",2040,15.6737232,"1.606310849806208","1.224043939075636","2039","782.6492325177","227.18799357849977","-419.26819022890004","2055","2073","GW1","Rapid Fossil-Fuel Phase-Out","failed","high","medium","medium","medium","ok","ok","ok","ok","ok",,"high",,"C1","C1: Below 1.5°C with no or limited overshoot",,,"45.862249818420544","22.091763351247","31.29952547494948",,"782.6492325177","1.224043939075636","1.606310849806208",
"684","NAVIGATE Demand-1.5°C-ref","REMIND 3.0","Final Energy|Electricity","EJ/yr","[object Object]",2045,16.177438,"1.606310849806208","1.224043939075636","2039","782.6492325177","227.18799357849977","-419.26819022890004","2055","2073","GW1","Rapid Fossil-Fuel Phase-Out","failed","high","medium","medium","medium","ok","ok","ok","ok","ok",,"high",,"C1","C1: Below 1.5°C with no or limited overshoot",,,"45.862249818420544","22.091763351247","31.29952547494948",,"782.6492325177","1.224043939075636","1.606310849806208",
"684","NAVIGATE Demand-1.5°C-ref","REMIND 3.0","Final Energy|Electricity","EJ/yr","[object Object]",2050,16.3639839,"1.606310849806208","1.224043939075636","2039","782.6492325177","227.18799357849977","-419.26819022890004","2055","2073","GW1","Rapid Fossil-Fuel Phase-Out","failed","high","medium","medium","medium","ok","ok","ok","ok","ok",,"high",,"C1","C1: Below 1.5°C with no or limited overshoot",,,"45.862249818420544","22.091763351247","31.29952547494948",,"782.6492325177","1.224043939075636","1.606310849806208",
"684","NAVIGATE Demand-1.5°C-ref","REMIND 3.0","Final Energy|Electricity","EJ/yr","[object Object]",2055,16.0753565,"1.606310849806208","1.224043939075636","2039","782.6492325177","227.18799357849977","-419.26819022890004","2055","2073","GW1","Rapid Fossil-Fuel Phase-Out","failed","high","medium","medium","medium","ok","ok","ok","ok","ok",,"high",,"C1","C1: Below 1.5°C with no or limited overshoot",,,"45.862249818420544","22.091763351247","31.29952547494948",,"782.6492325177","1.224043939075636","1.606310849806208",
"684","NAVIGATE Demand-1.5°C-ref","REMIND 3.0","Final Energy|Electricity","EJ/yr","[object Object]",2060,15.5170326,"1.606310849806208","1.224043939075636","2039","782.6492325177","227.18799357849977","-419.26819022890004","2055","2073","GW1","Rapid Fossil-Fuel Phase-Out","failed","high","medium","medium","medium","ok","ok","ok","ok","ok",,"high",,"C1","C1: Below 1.5°C with no or limited overshoot",,,"45.862249818420544","22.091763351247","31.29952547494948",,"782.6492325177","1.224043939075636","1.606310849806208",
"684","NAVIGATE Demand-1.5°C-ref","REMIND 3.0","Final Energy|Electricity","EJ/yr","[object Object]",2070,15.4949089,"1.606310849806208","1.224043939075636","2039","782.6492325177","227.18799357849977","-419.26819022890004","2055","2073","GW1","Rapid Fossil-Fuel Phase-Out","failed","high","medium","medium","medium","ok","ok","ok","ok","ok",,"high",,"C1","C1: Below 1.5°C with no or limited overshoot",,,"45.862249818420544","22.091763351247","31.29952547494948",,"782.6492325177","1.224043939075636","1.606310849806208",
"684","NAVIGATE Demand-1.5°C-ref","REMIND 3.0","Final Energy|Electricity","EJ/yr","[object Object]",2080,16.1702615,"1.606310849806208","1.224043939075636","2039","782.6492325177","227.18799357849977","-419.26819022890004","2055","2073","GW1","Rapid Fossil-Fuel Phase-Out","failed","high","medium","medium","medium","ok","ok","ok","ok","ok",,"high",,"C1","C1: Below 1.5°C with no or limited overshoot",,,"45.862249818420544","22.091763351247","31.29952547494948",,"782.6492325177","1.224043939075636","1.606310849806208",
"684","NAVIGATE Demand-1.5°C-ref","REMIND 3.0","Final Energy|Electricity","EJ/yr","[object Object]",2090,16.5634207,"1.606310849806208","1.224043939075636","2039","782.6492325177","227.18799357849977","-419.26819022890004","2055","2073","GW1","Rapid Fossil-Fuel Phase-Out","failed","high","medium","medium","medium","ok","ok","ok","ok","ok",,"high",,"C1","C1: Below 1.5°C with no or limited overshoot",,,"45.862249818420544","22.091763351247","31.29952547494948",,"782.6492325177","1.224043939075636","1.606310849806208",
"684","NAVIGATE Demand-1.5°C-ref","REMIND 3.0","Final Energy|Electricity","EJ/yr","[object Object]",2100,16.8530534,"1.606310849806208","1.224043939075636","2039","782.6492325177","227.18799357849977","-419.26819022890004","2055","2073","GW1","Rapid Fossil-Fuel Phase-Out","failed","high","medium","medium","medium","ok","ok","ok","ok","ok",,"high",,"C1","C1: Below 1.5°C with no or limited overshoot",,,"45.862249818420544","22.091763351247","31.29952547494948",,"782.6492325177","1.224043939075636","1.606310849806208",
"685","NAVIGATE Demand-1.5°C-tec_u","REMIND 3.0","Final Energy|Electricity","EJ/yr","[object Object]",2010,10.3243137,"1.599576351685757","1.232411442478516","2040","723.79466141695","278.9023760731503","-370.78654929785","2055","2075","GW1","Rapid Fossil-Fuel Phase-Out","failed","high","medium","ok","ok","ok","ok","ok","ok","ok",,"high",,"C1","C1: Below 1.5°C with no or limited overshoot",,,"46.8442553223165","21.68138238877754","30.635403076903184",,"723.79466141695","1.232411442478516","1.599576351685757",
"685","NAVIGATE Demand-1.5°C-tec_u","REMIND 3.0","Final Energy|Electricity","EJ/yr","[object Object]",2015,9.9817128,"1.599576351685757","1.232411442478516","2040","723.79466141695","278.9023760731503","-370.78654929785","2055","2075","GW1","Rapid Fossil-Fuel Phase-Out","failed","high","medium","ok","ok","ok","ok","ok","ok","ok",,"high",,"C1","C1: Below 1.5°C with no or limited overshoot",,,"46.8442553223165","21.68138238877754","30.635403076903184",,"723.79466141695","1.232411442478516","1.599576351685757",
"685","NAVIGATE Demand-1.5°C-tec_u","REMIND 3.0","Final Energy|Electricity","EJ/yr","[object Object]",2020,10.6094316,"1.599576351685757","1.232411442478516","2040","723.79466141695","278.9023760731503","-370.78654929785","2055","2075","GW1","Rapid Fossil-Fuel Phase-Out","failed","high","medium","ok","ok","ok","ok","ok","ok","ok",,"high",,"C1","C1: Below 1.5°C with no or limited overshoot",,,"46.8442553223165","21.68138238877754","30.635403076903184",,"723.79466141695","1.232411442478516","1.599576351685757",
"685","NAVIGATE Demand-1.5°C-tec_u","REMIND 3.0","Final Energy|Electricity","EJ/yr","[object Object]",2025,11.9131146,"1.599576351685757","1.232411442478516","2040","723.79466141695","278.9023760731503","-370.78654929785","2055","2075","GW1","Rapid Fossil-Fuel Phase-Out","failed","high","medium","ok","ok","ok","ok","ok","ok","ok",,"high",,"C1","C1: Below 1.5°C with no or limited overshoot",,,"46.8442553223165","21.68138238877754","30.635403076903184",,"723.79466141695","1.232411442478516","1.599576351685757",
"685","NAVIGATE Demand-1.5°C-tec_u","REMIND 3.0","Final Energy|Electricity","EJ/yr","[object Object]",2030,12.7782688,"1.599576351685757","1.232411442478516","2040","723.79466141695","278.9023760731503","-370.78654929785","2055","2075","GW1","Rapid Fossil-Fuel Phase-Out","failed","high","medium","ok","ok","ok","ok","ok","ok","ok",,"high",,"C1","C1: Below 1.5°C with no or limited overshoot",,,"46.8442553223165","21.68138238877754","30.635403076903184",,"723.79466141695","1.232411442478516","1.599576351685757",
"685","NAVIGATE Demand-1.5°C-tec_u","REMIND 3.0","Final Energy|Electricity","EJ/yr","[object Object]",2035,14.0853272,"1.599576351685757","1.232411442478516","2040","723.79466141695","278.9023760731503","-370.78654929785","2055","2075","GW1","Rapid Fossil-Fuel Phase-Out","failed","high","medium","ok","ok","ok","ok","ok","ok","ok",,"high",,"C1","C1: Below 1.5°C with no or limited overshoot",,,"46.8442553223165","21.68138238877754","30.635403076903184",,"723.79466141695","1.232411442478516","1.599576351685757",
"685","NAVIGATE Demand-1.5°C-tec_u","REMIND 3.0","Final Energy|Electricity","EJ/yr","[object Object]",2040,14.896291,"1.599576351685757","1.232411442478516","2040","723.79466141695","278.9023760731503","-370.78654929785","2055","2075","GW1","Rapid Fossil-Fuel Phase-Out","failed","high","medium","ok","ok","ok","ok","ok","ok","ok",,"high",,"C1","C1: Below 1.5°C with no or limited overshoot",,,"46.8442553223165","21.68138238877754","30.635403076903184",,"723.79466141695","1.232411442478516","1.599576351685757",
"685","NAVIGATE Demand-1.5°C-tec_u","REMIND 3.0","Final Energy|Electricity","EJ/yr","[object Object]",2045,15.127588,"1.599576351685757","1.232411442478516","2040","723.79466141695","278.9023760731503","-370.78654929785","2055","2075","GW1","Rapid Fossil-Fuel Phase-Out","failed","high","medium","ok","ok","ok","ok","ok","ok","ok",,"high",,"C1","C1: Below 1.5°C with no or limited overshoot",,,"46.8442553223165","21.68138238877754","30.635403076903184",,"723.79466141695","1.232411442478516","1.599576351685757",
"685","NAVIGATE Demand-1.5°C-tec_u","REMIND 3.0","Final Energy|Electricity","EJ/yr","[object Object]",2050,15.0667312,"1.599576351685757","1.232411442478516","2040","723.79466141695","278.9023760731503","-370.78654929785","2055","2075","GW1","Rapid Fossil-Fuel Phase-Out","failed","high","medium","ok","ok","ok","ok","ok","ok","ok",,"high",,"C1","C1: Below 1.5°C with no or limited overshoot",,,"46.8442553223165","21.68138238877754","30.635403076903184",,"723.79466141695","1.232411442478516","1.599576351685757",
"685","NAVIGATE Demand-1.5°C-tec_u","REMIND 3.0","Final Energy|Electricity","EJ/yr","[object Object]",2055,14.6200998,"1.599576351685757","1.232411442478516","2040","723.79466141695","278.9023760731503","-370.78654929785","2055","2075","GW1","Rapid Fossil-Fuel Phase-Out","failed","high","medium","ok","ok","ok","ok","ok","ok","ok",,"high",,"C1","C1: Below 1.5°C with no or limited overshoot",,,"46.8442553223165","21.68138238877754","30.635403076903184",,"723.79466141695","1.232411442478516","1.599576351685757",
"685","NAVIGATE Demand-1.5°C-tec_u","REMIND 3.0","Final Energy|Electricity","EJ/yr","[object Object]",2060,14.0993443,"1.599576351685757","1.232411442478516","2040","723.79466141695","278.9023760731503","-370.78654929785","2055","2075","GW1","Rapid Fossil-Fuel Phase-Out","failed","high","medium","ok","ok","ok","ok","ok","ok","ok",,"high",,"C1","C1: Below 1.5°C with no or limited overshoot",,,"46.8442553223165","21.68138238877754","30.635403076903184",,"723.79466141695","1.232411442478516","1.599576351685757",
"685","NAVIGATE Demand-1.5°C-tec_u","REMIND 3.0","Final Energy|Electricity","EJ/yr","[object Object]",2070,13.9020979,"1.599576351685757","1.232411442478516","2040","723.79466141695","278.9023760731503","-370.78654929785","2055","2075","GW1","Rapid Fossil-Fuel Phase-Out","failed","high","medium","ok","ok","ok","ok","ok","ok","ok",,"high",,"C1","C1: Below 1.5°C with no or limited overshoot",,,"46.8442553223165","21.68138238877754","30.635403076903184",,"723.79466141695","1.232411442478516","1.599576351685757",
"685","NAVIGATE Demand-1.5°C-tec_u","REMIND 3.0","Final Energy|Electricity","EJ/yr","[object Object]",2080,14.3900311,"1.599576351685757","1.232411442478516","2040","723.79466141695","278.9023760731503","-370.78654929785","2055","2075","GW1","Rapid Fossil-Fuel Phase-Out","failed","high","medium","ok","ok","ok","ok","ok","ok","ok",,"high",,"C1","C1: Below 1.5°C with no or limited overshoot",,,"46.8442553223165","21.68138238877754","30.635403076903184",,"723.79466141695","1.232411442478516","1.599576351685757",
"685","NAVIGATE Demand-1.5°C-tec_u","REMIND 3.0","Final Energy|Electricity","EJ/yr","[object Object]",2090,14.5694376,"1.599576351685757","1.232411442478516","2040","723.79466141695","278.9023760731503","-370.78654929785","2055","2075","GW1","Rapid Fossil-Fuel Phase-Out","failed","high","medium","ok","ok","ok","ok","ok","ok","ok",,"high",,"C1","C1: Below 1.5°C with no or limited overshoot",,,"46.8442553223165","21.68138238877754","30.635403076903184",,"723.79466141695","1.232411442478516","1.599576351685757",
"685","NAVIGATE Demand-1.5°C-tec_u","REMIND 3.0","Final Energy|Electricity","EJ/yr","[object Object]",2100,14.8240409,"1.599576351685757","1.232411442478516","2040","723.79466141695","278.9023760731503","-370.78654929785","2055","2075","GW1","Rapid Fossil-Fuel Phase-Out","failed","high","medium","ok","ok","ok","ok","ok","ok","ok",,"high",,"C1","C1: Below 1.5°C with no or limited overshoot",,,"46.8442553223165","21.68138238877754","30.635403076903184",,"723.79466141695","1.232411442478516","1.599576351685757",
"702","SHAPE-SDP-RC-1.5°C","IMAGE 3.3","Final Energy|Electricity","EJ/yr","[object Object]",2010,11.0550408935547,"1.602745702792329","1.335668981729842","2039","486.93348232445936","418.2915137734804","-72.24030346980372","2054",,"GW1","Carbon Capture and Storage","failed","high","medium","medium","medium","high","medium","medium","ok","ok","ok","ok",,"C1","C1: Below 1.5°C with no or limited overshoot",,,"21.527744310169915","51.118572360176316","27.121233632501635","9.936531424540107","486.93348232445936","1.335668981729842","1.602745702792329",
"702","SHAPE-SDP-RC-1.5°C","IMAGE 3.3","Final Energy|Electricity","EJ/yr","[object Object]",2015,11.2557763061523,"1.602745702792329","1.335668981729842","2039","486.93348232445936","418.2915137734804","-72.24030346980372","2054",,"GW1","Carbon Capture and Storage","failed","high","medium","medium","medium","high","medium","medium","ok","ok","ok","ok",,"C1","C1: Below 1.5°C with no or limited overshoot",,,"21.527744310169915","51.118572360176316","27.121233632501635","9.936531424540107","486.93348232445936","1.335668981729842","1.602745702792329",
"702","SHAPE-SDP-RC-1.5°C","IMAGE 3.3","Final Energy|Electricity","EJ/yr","[object Object]",2020,10.3757107543945,"1.602745702792329","1.335668981729842","2039","486.93348232445936","418.2915137734804","-72.24030346980372","2054",,"GW1","Carbon Capture and Storage","failed","high","medium","medium","medium","high","medium","medium","ok","ok","ok","ok",,"C1","C1: Below 1.5°C with no or limited overshoot",,,"21.527744310169915","51.118572360176316","27.121233632501635","9.936531424540107","486.93348232445936","1.335668981729842","1.602745702792329",
"702","SHAPE-SDP-RC-1.5°C","IMAGE 3.3","Final Energy|Electricity","EJ/yr","[object Object]",2025,9.74901458740234,"1.602745702792329","1.335668981729842","2039","486.93348232445936","418.2915137734804","-72.24030346980372","2054",,"GW1","Carbon Capture and Storage","failed","high","medium","medium","medium","high","medium","medium","ok","ok","ok","ok",,"C1","C1: Below 1.5°C with no or limited overshoot",,,"21.527744310169915","51.118572360176316","27.121233632501635","9.936531424540107","486.93348232445936","1.335668981729842","1.602745702792329",
"702","SHAPE-SDP-RC-1.5°C","IMAGE 3.3","Final Energy|Electricity","EJ/yr","[object Object]",2030,9.46633056640625,"1.602745702792329","1.335668981729842","2039","486.93348232445936","418.2915137734804","-72.24030346980372","2054",,"GW1","Carbon Capture and Storage","failed","high","medium","medium","medium","high","medium","medium","ok","ok","ok","ok",,"C1","C1: Below 1.5°C with no or limited overshoot",,,"21.527744310169915","51.118572360176316","27.121233632501635","9.936531424540107","486.93348232445936","1.335668981729842","1.602745702792329",
"702","SHAPE-SDP-RC-1.5°C","IMAGE 3.3","Final Energy|Electricity","EJ/yr","[object Object]",2035,9.24889172363281,"1.602745702792329","1.335668981729842","2039","486.93348232445936","418.2915137734804","-72.24030346980372","2054",,"GW1","Carbon Capture and Storage","failed","high","medium","medium","medium","high","medium","medium","ok","ok","ok","ok",,"C1","C1: Below 1.5°C with no or limited overshoot",,,"21.527744310169915","51.118572360176316","27.121233632501635","9.936531424540107","486.93348232445936","1.335668981729842","1.602745702792329",
"702","SHAPE-SDP-RC-1.5°C","IMAGE 3.3","Final Energy|Electricity","EJ/yr","[object Object]",2040,9.19699523925781,"1.602745702792329","1.335668981729842","2039","486.93348232445936","418.2915137734804","-72.24030346980372","2054",,"GW1","Carbon Capture and Storage","failed","high","medium","medium","medium","high","medium","medium","ok","ok","ok","ok",,"C1","C1: Below 1.5°C with no or limited overshoot",,,"21.527744310169915","51.118572360176316","27.121233632501635","9.936531424540107","486.93348232445936","1.335668981729842","1.602745702792329",
"702","SHAPE-SDP-RC-1.5°C","IMAGE 3.3","Final Energy|Electricity","EJ/yr","[object Object]",2045,9.38555993652344,"1.602745702792329","1.335668981729842","2039","486.93348232445936","418.2915137734804","-72.24030346980372","2054",,"GW1","Carbon Capture and Storage","failed","high","medium","medium","medium","high","medium","medium","ok","ok","ok","ok",,"C1","C1: Below 1.5°C with no or limited overshoot",,,"21.527744310169915","51.118572360176316","27.121233632501635","9.936531424540107","486.93348232445936","1.335668981729842","1.602745702792329",
"702","SHAPE-SDP-RC-1.5°C","IMAGE 3.3","Final Energy|Electricity","EJ/yr","[object Object]",2050,9.55639379882813,"1.602745702792329","1.335668981729842","2039","486.93348232445936","418.2915137734804","-72.24030346980372","2054",,"GW1","Carbon Capture and Storage","failed","high","medium","medium","medium","high","medium","medium","ok","ok","ok","ok",,"C1","C1: Below 1.5°C with no or limited overshoot",,,"21.527744310169915","51.118572360176316","27.121233632501635","9.936531424540107","486.93348232445936","1.335668981729842","1.602745702792329",
"702","SHAPE-SDP-RC-1.5°C","IMAGE 3.3","Final Energy|Electricity","EJ/yr","[object Object]",2060,9.23259289550781,"1.602745702792329","1.335668981729842","2039","486.93348232445936","418.2915137734804","-72.24030346980372","2054",,"GW1","Carbon Capture and Storage","failed","high","medium","medium","medium","high","medium","medium","ok","ok","ok","ok",,"C1","C1: Below 1.5°C with no or limited overshoot",,,"21.527744310169915","51.118572360176316","27.121233632501635","9.936531424540107","486.93348232445936","1.335668981729842","1.602745702792329",
"702","SHAPE-SDP-RC-1.5°C","IMAGE 3.3","Final Energy|Electricity","EJ/yr","[object Object]",2070,8.37130590820313,"1.602745702792329","1.335668981729842","2039","486.93348232445936","418.2915137734804","-72.24030346980372","2054",,"GW1","Carbon Capture and Storage","failed","high","medium","medium","medium","high","medium","medium","ok","ok","ok","ok",,"C1","C1: Below 1.5°C with no or limited overshoot",,,"21.527744310169915","51.118572360176316","27.121233632501635","9.936531424540107","486.93348232445936","1.335668981729842","1.602745702792329",
"702","SHAPE-SDP-RC-1.5°C","IMAGE 3.3","Final Energy|Electricity","EJ/yr","[object Object]",2080,7.98123748779297,"1.602745702792329","1.335668981729842","2039","486.93348232445936","418.2915137734804","-72.24030346980372","2054",,"GW1","Carbon Capture and Storage","failed","high","medium","medium","medium","high","medium","medium","ok","ok","ok","ok",,"C1","C1: Below 1.5°C with no or limited overshoot",,,"21.527744310169915","51.118572360176316","27.121233632501635","9.936531424540107","486.93348232445936","1.335668981729842","1.602745702792329",
"702","SHAPE-SDP-RC-1.5°C","IMAGE 3.3","Final Energy|Electricity","EJ/yr","[object Object]",2090,7.70203295898437,"1.602745702792329","1.335668981729842","2039","486.93348232445936","418.2915137734804","-72.24030346980372","2054",,"GW1","Carbon Capture and Storage","failed","high","medium","medium","medium","high","medium","medium","ok","ok","ok","ok",,"C1","C1: Below 1.5°C with no or limited overshoot",,,"21.527744310169915","51.118572360176316","27.121233632501635","9.936531424540107","486.93348232445936","1.335668981729842","1.602745702792329",
"702","SHAPE-SDP-RC-1.5°C","IMAGE 3.3","Final Energy|Electricity","EJ/yr","[object Object]",2100,7.34929534912109,"1.602745702792329","1.335668981729842","2039","486.93348232445936","418.2915137734804","-72.24030346980372","2054",,"GW1","Carbon Capture and Storage","failed","high","medium","medium","medium","high","medium","medium","ok","ok","ok","ok",,"C1","C1: Below 1.5°C with no or limited overshoot",,,"21.527744310169915","51.118572360176316","27.121233632501635","9.936531424540107","486.93348232445936","1.335668981729842","1.602745702792329",
"704","SHAPE-SSP2-1.5°C","IMAGE 3.3","Final Energy|Electricity","EJ/yr","[object Object]",2010,11.0548908081055,"1.572400885124553","1.330123276168332","2040","1230.505639454973","414.3963387624443","-221.59567360006034","2054","2091","GW1","Carbon Capture and Storage","failed","high","medium","medium","medium","high","medium","medium","medium","ok","ok","medium",,"C1","C1: Below 1.5°C with no or limited overshoot",,,"17.855160100946","54.46288513911421","26.001121365580193","5.856349065238476","1230.505639454973","1.330123276168332","1.572400885124553",
"704","SHAPE-SSP2-1.5°C","IMAGE 3.3","Final Energy|Electricity","EJ/yr","[object Object]",2015,11.2567769165039,"1.572400885124553","1.330123276168332","2040","1230.505639454973","414.3963387624443","-221.59567360006034","2054","2091","GW1","Carbon Capture and Storage","failed","high","medium","medium","medium","high","medium","medium","medium","ok","ok","medium",,"C1","C1: Below 1.5°C with no or limited overshoot",,,"17.855160100946","54.46288513911421","26.001121365580193","5.856349065238476","1230.505639454973","1.330123276168332","1.572400885124553",
"704","SHAPE-SSP2-1.5°C","IMAGE 3.3","Final Energy|Electricity","EJ/yr","[object Object]",2020,10.3970073852539,"1.572400885124553","1.330123276168332","2040","1230.505639454973","414.3963387624443","-221.59567360006034","2054","2091","GW1","Carbon Capture and Storage","failed","high","medium","medium","medium","high","medium","medium","medium","ok","ok","medium",,"C1","C1: Below 1.5°C with no or limited overshoot",,,"17.855160100946","54.46288513911421","26.001121365580193","5.856349065238476","1230.505639454973","1.330123276168332","1.572400885124553",
"704","SHAPE-SSP2-1.5°C","IMAGE 3.3","Final Energy|Electricity","EJ/yr","[object Object]",2025,10.888466003418,"1.572400885124553","1.330123276168332","2040","1230.505639454973","414.3963387624443","-221.59567360006034","2054","2091","GW1","Carbon Capture and Storage","failed","high","medium","medium","medium","high","medium","medium","medium","ok","ok","medium",,"C1","C1: Below 1.5°C with no or limited overshoot",,,"17.855160100946","54.46288513911421","26.001121365580193","5.856349065238476","1230.505639454973","1.330123276168332","1.572400885124553",
"704","SHAPE-SSP2-1.5°C","IMAGE 3.3","Final Energy|Electricity","EJ/yr","[object Object]",2030,11.3034591064453,"1.572400885124553","1.330123276168332","2040","1230.505639454973","414.3963387624443","-221.59567360006034","2054","2091","GW1","Carbon Capture and Storage","failed","high","medium","medium","medium","high","medium","medium","medium","ok","ok","medium",,"C1","C1: Below 1.5°C with no or limited overshoot",,,"17.855160100946","54.46288513911421","26.001121365580193","5.856349065238476","1230.505639454973","1.330123276168332","1.572400885124553",
"704","SHAPE-SSP2-1.5°C","IMAGE 3.3","Final Energy|Electricity","EJ/yr","[object Object]",2035,11.5769853515625,"1.572400885124553","1.330123276168332","2040","1230.505639454973","414.3963387624443","-221.59567360006034","2054","2091","GW1","Carbon Capture and Storage","failed","high","medium","medium","medium","high","medium","medium","medium","ok","ok","medium",,"C1","C1: Below 1.5°C with no or limited overshoot",,,"17.855160100946","54.46288513911421","26.001121365580193","5.856349065238476","1230.505639454973","1.330123276168332","1.572400885124553",
"704","SHAPE-SSP2-1.5°C","IMAGE 3.3","Final Energy|Electricity","EJ/yr","[object Object]",2040,12.3445262451172,"1.572400885124553","1.330123276168332","2040","1230.505639454973","414.3963387624443","-221.59567360006034","2054","2091","GW1","Carbon Capture and Storage","failed","high","medium","medium","medium","high","medium","medium","medium","ok","ok","medium",,"C1","C1: Below 1.5°C with no or limited overshoot",,,"17.855160100946","54.46288513911421","26.001121365580193","5.856349065238476","1230.505639454973","1.330123276168332","1.572400885124553",
"704","SHAPE-SSP2-1.5°C","IMAGE 3.3","Final Energy|Electricity","EJ/yr","[object Object]",2045,13.512919921875,"1.572400885124553","1.330123276168332","2040","1230.505639454973","414.3963387624443","-221.59567360006034","2054","2091","GW1","Carbon Capture and Storage","failed","high","medium","medium","medium","high","medium","medium","medium","ok","ok","medium",,"C1","C1: Below 1.5°C with no or limited overshoot",,,"17.855160100946","54.46288513911421","26.001121365580193","5.856349065238476","1230.505639454973","1.330123276168332","1.572400885124553",
"704","SHAPE-SSP2-1.5°C","IMAGE 3.3","Final Energy|Electricity","EJ/yr","[object Object]",2050,14.7865617675781,"1.572400885124553","1.330123276168332","2040","1230.505639454973","414.3963387624443","-221.59567360006034","2054","2091","GW1","Carbon Capture and Storage","failed","high","medium","medium","medium","high","medium","medium","medium","ok","ok","medium",,"C1","C1: Below 1.5°C with no or limited overshoot",,,"17.855160100946","54.46288513911421","26.001121365580193","5.856349065238476","1230.505639454973","1.330123276168332","1.572400885124553",
"704","SHAPE-SSP2-1.5°C","IMAGE 3.3","Final Energy|Electricity","EJ/yr","[object Object]",2060,16.44695703125,"1.572400885124553","1.330123276168332","2040","1230.505639454973","414.3963387624443","-221.59567360006034","2054","2091","GW1","Carbon Capture and Storage","failed","high","medium","medium","medium","high","medium","medium","medium","ok","ok","medium",,"C1","C1: Below 1.5°C with no or limited overshoot",,,"17.855160100946","54.46288513911421","26.001121365580193","5.856349065238476","1230.505639454973","1.330123276168332","1.572400885124553",
"704","SHAPE-SSP2-1.5°C","IMAGE 3.3","Final Energy|Electricity","EJ/yr","[object Object]",2070,17.1969208984375,"1.572400885124553","1.330123276168332","2040","1230.505639454973","414.3963387624443","-221.59567360006034","2054","2091","GW1","Carbon Capture and Storage","failed","high","medium","medium","medium","high","medium","medium","medium","ok","ok","medium",,"C1","C1: Below 1.5°C with no or limited overshoot",,,"17.855160100946","54.46288513911421","26.001121365580193","5.856349065238476","1230.505639454973","1.330123276168332","1.572400885124553",
"704","SHAPE-SSP2-1.5°C","IMAGE 3.3","Final Energy|Electricity","EJ/yr","[object Object]",2080,18.0703540039063,"1.572400885124553","1.330123276168332","2040","1230.505639454973","414.3963387624443","-221.59567360006034","2054","2091","GW1","Carbon Capture and Storage","failed","high","medium","medium","medium","high","medium","medium","medium","ok","ok","medium",,"C1","C1: Below 1.5°C with no or limited overshoot",,,"17.855160100946","54.46288513911421","26.001121365580193","5.856349065238476","1230.505639454973","1.330123276168332","1.572400885124553",
"704","SHAPE-SSP2-1.5°C","IMAGE 3.3","Final Energy|Electricity","EJ/yr","[object Object]",2090,19.4108063964844,"1.572400885124553","1.330123276168332","2040","1230.505639454973","414.3963387624443","-221.59567360006034","2054","2091","GW1","Carbon Capture and Storage","failed","high","medium","medium","medium","high","medium","medium","medium","ok","ok","medium",,"C1","C1: Below 1.5°C with no or limited overshoot",,,"17.855160100946","54.46288513911421","26.001121365580193","5.856349065238476","1230.505639454973","1.330123276168332","1.572400885124553",
"704","SHAPE-SSP2-1.5°C","IMAGE 3.3","Final Energy|Electricity","EJ/yr","[object Object]",2100,20.3638015136719,"1.572400885124553","1.330123276168332","2040","1230.505639454973","414.3963387624443","-221.59567360006034","2054","2091","GW1","Carbon Capture and Storage","failed","high","medium","medium","medium","high","medium","medium","medium","ok","ok","medium",,"C1","C1: Below 1.5°C with no or limited overshoot",,,"17.855160100946","54.46288513911421","26.001121365580193","5.856349065238476","1230.505639454973","1.330123276168332","1.572400885124553",
"713","SHAPE-SDP-EI-1.5°C","REMIND-MAgPIE 3.2-4.6","Final Energy|Electricity","EJ/yr","[object Object]",2010,10.3969,"1.590193747823103","1.209156806531518","2047","324.18848230000003","525.5824885","-124.96251596000002","2057","2097","GW1","Rapid Fossil-Fuel Phase-Out","failed","high","medium","ok","medium","ok","ok","medium","ok","ok","ok","medium",,"C1","C1: Below 1.5°C with no or limited overshoot",,,"51.378960601993285","14.191663680588876","33.46947823604793","6.0586803301020495","324.18848230000003","1.209156806531518","1.590193747823103",
"713","SHAPE-SDP-EI-1.5°C","REMIND-MAgPIE 3.2-4.6","Final Energy|Electricity","EJ/yr","[object Object]",2015,9.9446,"1.590193747823103","1.209156806531518","2047","324.18848230000003","525.5824885","-124.96251596000002","2057","2097","GW1","Rapid Fossil-Fuel Phase-Out","failed","high","medium","ok","medium","ok","ok","medium","ok","ok","ok","medium",,"C1","C1: Below 1.5°C with no or limited overshoot",,,"51.378960601993285","14.191663680588876","33.46947823604793","6.0586803301020495","324.18848230000003","1.209156806531518","1.590193747823103",
"713","SHAPE-SDP-EI-1.5°C","REMIND-MAgPIE 3.2-4.6","Final Energy|Electricity","EJ/yr","[object Object]",2020,10.4729,"1.590193747823103","1.209156806531518","2047","324.18848230000003","525.5824885","-124.96251596000002","2057","2097","GW1","Rapid Fossil-Fuel Phase-Out","failed","high","medium","ok","medium","ok","ok","medium","ok","ok","ok","medium",,"C1","C1: Below 1.5°C with no or limited overshoot",,,"51.378960601993285","14.191663680588876","33.46947823604793","6.0586803301020495","324.18848230000003","1.209156806531518","1.590193747823103",
"713","SHAPE-SDP-EI-1.5°C","REMIND-MAgPIE 3.2-4.6","Final Energy|Electricity","EJ/yr","[object Object]",2025,11.5169,"1.590193747823103","1.209156806531518","2047","324.18848230000003","525.5824885","-124.96251596000002","2057","2097","GW1","Rapid Fossil-Fuel Phase-Out","failed","high","medium","ok","medium","ok","ok","medium","ok","ok","ok","medium",,"C1","C1: Below 1.5°C with no or limited overshoot",,,"51.378960601993285","14.191663680588876","33.46947823604793","6.0586803301020495","324.18848230000003","1.209156806531518","1.590193747823103",
"713","SHAPE-SDP-EI-1.5°C","REMIND-MAgPIE 3.2-4.6","Final Energy|Electricity","EJ/yr","[object Object]",2030,12.7852,"1.590193747823103","1.209156806531518","2047","324.18848230000003","525.5824885","-124.96251596000002","2057","2097","GW1","Rapid Fossil-Fuel Phase-Out","failed","high","medium","ok","medium","ok","ok","medium","ok","ok","ok","medium",,"C1","C1: Below 1.5°C with no or limited overshoot",,,"51.378960601993285","14.191663680588876","33.46947823604793","6.0586803301020495","324.18848230000003","1.209156806531518","1.590193747823103",
"713","SHAPE-SDP-EI-1.5°C","REMIND-MAgPIE 3.2-4.6","Final Energy|Electricity","EJ/yr","[object Object]",2035,14.4002,"1.590193747823103","1.209156806531518","2047","324.18848230000003","525.5824885","-124.96251596000002","2057","2097","GW1","Rapid Fossil-Fuel Phase-Out","failed","high","medium","ok","medium","ok","ok","medium","ok","ok","ok","medium",,"C1","C1: Below 1.5°C with no or limited overshoot",,,"51.378960601993285","14.191663680588876","33.46947823604793","6.0586803301020495","324.18848230000003","1.209156806531518","1.590193747823103",
"713","SHAPE-SDP-EI-1.5°C","REMIND-MAgPIE 3.2-4.6","Final Energy|Electricity","EJ/yr","[object Object]",2040,14.7938,"1.590193747823103","1.209156806531518","2047","324.18848230000003","525.5824885","-124.96251596000002","2057","2097","GW1","Rapid Fossil-Fuel Phase-Out","failed","high","medium","ok","medium","ok","ok","medium","ok","ok","ok","medium",,"C1","C1: Below 1.5°C with no or limited overshoot",,,"51.378960601993285","14.191663680588876","33.46947823604793","6.0586803301020495","324.18848230000003","1.209156806531518","1.590193747823103",
"713","SHAPE-SDP-EI-1.5°C","REMIND-MAgPIE 3.2-4.6","Final Energy|Electricity","EJ/yr","[object Object]",2045,14.7276,"1.590193747823103","1.209156806531518","2047","324.18848230000003","525.5824885","-124.96251596000002","2057","2097","GW1","Rapid Fossil-Fuel Phase-Out","failed","high","medium","ok","medium","ok","ok","medium","ok","ok","ok","medium",,"C1","C1: Below 1.5°C with no or limited overshoot",,,"51.378960601993285","14.191663680588876","33.46947823604793","6.0586803301020495","324.18848230000003","1.209156806531518","1.590193747823103",
"713","SHAPE-SDP-EI-1.5°C","REMIND-MAgPIE 3.2-4.6","Final Energy|Electricity","EJ/yr","[object Object]",2050,14.091,"1.590193747823103","1.209156806531518","2047","324.18848230000003","525.5824885","-124.96251596000002","2057","2097","GW1","Rapid Fossil-Fuel Phase-Out","failed","high","medium","ok","medium","ok","ok","medium","ok","ok","ok","medium",,"C1","C1: Below 1.5°C with no or limited overshoot",,,"51.378960601993285","14.191663680588876","33.46947823604793","6.0586803301020495","324.18848230000003","1.209156806531518","1.590193747823103",
"713","SHAPE-SDP-EI-1.5°C","REMIND-MAgPIE 3.2-4.6","Final Energy|Electricity","EJ/yr","[object Object]",2055,13.0336,"1.590193747823103","1.209156806531518","2047","324.18848230000003","525.5824885","-124.96251596000002","2057","2097","GW1","Rapid Fossil-Fuel Phase-Out","failed","high","medium","ok","medium","ok","ok","medium","ok","ok","ok","medium",,"C1","C1: Below 1.5°C with no or limited overshoot",,,"51.378960601993285","14.191663680588876","33.46947823604793","6.0586803301020495","324.18848230000003","1.209156806531518","1.590193747823103",
"713","SHAPE-SDP-EI-1.5°C","REMIND-MAgPIE 3.2-4.6","Final Energy|Electricity","EJ/yr","[object Object]",2060,12.2979,"1.590193747823103","1.209156806531518","2047","324.18848230000003","525.5824885","-124.96251596000002","2057","2097","GW1","Rapid Fossil-Fuel Phase-Out","failed","high","medium","ok","medium","ok","ok","medium","ok","ok","ok","medium",,"C1","C1: Below 1.5°C with no or limited overshoot",,,"51.378960601993285","14.191663680588876","33.46947823604793","6.0586803301020495","324.18848230000003","1.209156806531518","1.590193747823103",
"713","SHAPE-SDP-EI-1.5°C","REMIND-MAgPIE 3.2-4.6","Final Energy|Electricity","EJ/yr","[object Object]",2070,11.8075,"1.590193747823103","1.209156806531518","2047","324.18848230000003","525.5824885","-124.96251596000002","2057","2097","GW1","Rapid Fossil-Fuel Phase-Out","failed","high","medium","ok","medium","ok","ok","medium","ok","ok","ok","medium",,"C1","C1: Below 1.5°C with no or limited overshoot",,,"51.378960601993285","14.191663680588876","33.46947823604793","6.0586803301020495","324.18848230000003","1.209156806531518","1.590193747823103",
"713","SHAPE-SDP-EI-1.5°C","REMIND-MAgPIE 3.2-4.6","Final Energy|Electricity","EJ/yr","[object Object]",2080,12.0516,"1.590193747823103","1.209156806531518","2047","324.18848230000003","525.5824885","-124.96251596000002","2057","2097","GW1","Rapid Fossil-Fuel Phase-Out","failed","high","medium","ok","medium","ok","ok","medium","ok","ok","ok","medium",,"C1","C1: Below 1.5°C with no or limited overshoot",,,"51.378960601993285","14.191663680588876","33.46947823604793","6.0586803301020495","324.18848230000003","1.209156806531518","1.590193747823103",
"713","SHAPE-SDP-EI-1.5°C","REMIND-MAgPIE 3.2-4.6","Final Energy|Electricity","EJ/yr","[object Object]",2090,12.0251,"1.590193747823103","1.209156806531518","2047","324.18848230000003","525.5824885","-124.96251596000002","2057","2097","GW1","Rapid Fossil-Fuel Phase-Out","failed","high","medium","ok","medium","ok","ok","medium","ok","ok","ok","medium",,"C1","C1: Below 1.5°C with no or limited overshoot",,,"51.378960601993285","14.191663680588876","33.46947823604793","6.0586803301020495","324.18848230000003","1.209156806531518","1.590193747823103",
"713","SHAPE-SDP-EI-1.5°C","REMIND-MAgPIE 3.2-4.6","Final Energy|Electricity","EJ/yr","[object Object]",2100,11.8286,"1.590193747823103","1.209156806531518","2047","324.18848230000003","525.5824885","-124.96251596000002","2057","2097","GW1","Rapid Fossil-Fuel Phase-Out","failed","high","medium","ok","medium","ok","ok","medium","ok","ok","ok","medium",,"C1","C1: Below 1.5°C with no or limited overshoot",,,"51.378960601993285","14.191663680588876","33.46947823604793","6.0586803301020495","324.18848230000003","1.209156806531518","1.590193747823103",
"714","SHAPE-SDP-MC-1.5°C","REMIND-MAgPIE 3.2-4.6","Final Energy|Electricity","EJ/yr","[object Object]",2010,10.3969,"1.607280834645504","1.133937505216802","2038","213.34330360000004","594.415179","-57.45483628","2067","2100","GW1","Low Demand and Decarbonization","failed","medium","ok","ok","ok","ok","ok","ok","ok","ok","ok","ok",,"C1","C1: Below 1.5°C with no or limited overshoot",,,"48.98876748737157","14.002152291884482","35.798511778245","5.084665835097908","213.34330360000004","1.133937505216802","1.607280834645504",
"714","SHAPE-SDP-MC-1.5°C","REMIND-MAgPIE 3.2-4.6","Final Energy|Electricity","EJ/yr","[object Object]",2015,9.9446,"1.607280834645504","1.133937505216802","2038","213.34330360000004","594.415179","-57.45483628","2067","2100","GW1","Low Demand and Decarbonization","failed","medium","ok","ok","ok","ok","ok","ok","ok","ok","ok","ok",,"C1","C1: Below 1.5°C with no or limited overshoot",,,"48.98876748737157","14.002152291884482","35.798511778245","5.084665835097908","213.34330360000004","1.133937505216802","1.607280834645504",
"714","SHAPE-SDP-MC-1.5°C","REMIND-MAgPIE 3.2-4.6","Final Energy|Electricity","EJ/yr","[object Object]",2020,10.4729,"1.607280834645504","1.133937505216802","2038","213.34330360000004","594.415179","-57.45483628","2067","2100","GW1","Low Demand and Decarbonization","failed","medium","ok","ok","ok","ok","ok","ok","ok","ok","ok","ok",,"C1","C1: Below 1.5°C with no or limited overshoot",,,"48.98876748737157","14.002152291884482","35.798511778245","5.084665835097908","213.34330360000004","1.133937505216802","1.607280834645504",
"714","SHAPE-SDP-MC-1.5°C","REMIND-MAgPIE 3.2-4.6","Final Energy|Electricity","EJ/yr","[object Object]",2025,11.289,"1.607280834645504","1.133937505216802","2038","213.34330360000004","594.415179","-57.45483628","2067","2100","GW1","Low Demand and Decarbonization","failed","medium","ok","ok","ok","ok","ok","ok","ok","ok","ok","ok",,"C1","C1: Below 1.5°C with no or limited overshoot",,,"48.98876748737157","14.002152291884482","35.798511778245","5.084665835097908","213.34330360000004","1.133937505216802","1.607280834645504",
"714","SHAPE-SDP-MC-1.5°C","REMIND-MAgPIE 3.2-4.6","Final Energy|Electricity","EJ/yr","[object Object]",2030,11.8606,"1.607280834645504","1.133937505216802","2038","213.34330360000004","594.415179","-57.45483628","2067","2100","GW1","Low Demand and Decarbonization","failed","medium","ok","ok","ok","ok","ok","ok","ok","ok","ok","ok",,"C1","C1: Below 1.5°C with no or limited overshoot",,,"48.98876748737157","14.002152291884482","35.798511778245","5.084665835097908","213.34330360000004","1.133937505216802","1.607280834645504",
"714","SHAPE-SDP-MC-1.5°C","REMIND-MAgPIE 3.2-4.6","Final Energy|Electricity","EJ/yr","[object Object]",2035,12.4854,"1.607280834645504","1.133937505216802","2038","213.34330360000004","594.415179","-57.45483628","2067","2100","GW1","Low Demand and Decarbonization","failed","medium","ok","ok","ok","ok","ok","ok","ok","ok","ok","ok",,"C1","C1: Below 1.5°C with no or limited overshoot",,,"48.98876748737157","14.002152291884482","35.798511778245","5.084665835097908","213.34330360000004","1.133937505216802","1.607280834645504",
"714","SHAPE-SDP-MC-1.5°C","REMIND-MAgPIE 3.2-4.6","Final Energy|Electricity","EJ/yr","[object Object]",2040,12.4461,"1.607280834645504","1.133937505216802","2038","213.34330360000004","594.415179","-57.45483628","2067","2100","GW1","Low Demand and Decarbonization","failed","medium","ok","ok","ok","ok","ok","ok","ok","ok","ok","ok",,"C1","C1: Below 1.5°C with no or limited overshoot",,,"48.98876748737157","14.002152291884482","35.798511778245","5.084665835097908","213.34330360000004","1.133937505216802","1.607280834645504",
"714","SHAPE-SDP-MC-1.5°C","REMIND-MAgPIE 3.2-4.6","Final Energy|Electricity","EJ/yr","[object Object]",2045,11.9346,"1.607280834645504","1.133937505216802","2038","213.34330360000004","594.415179","-57.45483628","2067","2100","GW1","Low Demand and Decarbonization","failed","medium","ok","ok","ok","ok","ok","ok","ok","ok","ok","ok",,"C1","C1: Below 1.5°C with no or limited overshoot",,,"48.98876748737157","14.002152291884482","35.798511778245","5.084665835097908","213.34330360000004","1.133937505216802","1.607280834645504",
"714","SHAPE-SDP-MC-1.5°C","REMIND-MAgPIE 3.2-4.6","Final Energy|Electricity","EJ/yr","[object Object]",2050,11.0893,"1.607280834645504","1.133937505216802","2038","213.34330360000004","594.415179","-57.45483628","2067","2100","GW1","Low Demand and Decarbonization","failed","medium","ok","ok","ok","ok","ok","ok","ok","ok","ok","ok",,"C1","C1: Below 1.5°C with no or limited overshoot",,,"48.98876748737157","14.002152291884482","35.798511778245","5.084665835097908","213.34330360000004","1.133937505216802","1.607280834645504",
"714","SHAPE-SDP-MC-1.5°C","REMIND-MAgPIE 3.2-4.6","Final Energy|Electricity","EJ/yr","[object Object]",2055,10.0367,"1.607280834645504","1.133937505216802","2038","213.34330360000004","594.415179","-57.45483628","2067","2100","GW1","Low Demand and Decarbonization","failed","medium","ok","ok","ok","ok","ok","ok","ok","ok","ok","ok",,"C1","C1: Below 1.5°C with no or limited overshoot",,,"48.98876748737157","14.002152291884482","35.798511778245","5.084665835097908","213.34330360000004","1.133937505216802","1.607280834645504",
"714","SHAPE-SDP-MC-1.5°C","REMIND-MAgPIE 3.2-4.6","Final Energy|Electricity","EJ/yr","[object Object]",2060,9.1265,"1.607280834645504","1.133937505216802","2038","213.34330360000004","594.415179","-57.45483628","2067","2100","GW1","Low Demand and Decarbonization","failed","medium","ok","ok","ok","ok","ok","ok","ok","ok","ok","ok",,"C1","C1: Below 1.5°C with no or limited overshoot",,,"48.98876748737157","14.002152291884482","35.798511778245","5.084665835097908","213.34330360000004","1.133937505216802","1.607280834645504",
"714","SHAPE-SDP-MC-1.5°C","REMIND-MAgPIE 3.2-4.6","Final Energy|Electricity","EJ/yr","[object Object]",2070,8.4916,"1.607280834645504","1.133937505216802","2038","213.34330360000004","594.415179","-57.45483628","2067","2100","GW1","Low Demand and Decarbonization","failed","medium","ok","ok","ok","ok","ok","ok","ok","ok","ok","ok",,"C1","C1: Below 1.5°C with no or limited overshoot",,,"48.98876748737157","14.002152291884482","35.798511778245","5.084665835097908","213.34330360000004","1.133937505216802","1.607280834645504",
"714","SHAPE-SDP-MC-1.5°C","REMIND-MAgPIE 3.2-4.6","Final Energy|Electricity","EJ/yr","[object Object]",2080,8.3591,"1.607280834645504","1.133937505216802","2038","213.34330360000004","594.415179","-57.45483628","2067","2100","GW1","Low Demand and Decarbonization","failed","medium","ok","ok","ok","ok","ok","ok","ok","ok","ok","ok",,"C1","C1: Below 1.5°C with no or limited overshoot",,,"48.98876748737157","14.002152291884482","35.798511778245","5.084665835097908","213.34330360000004","1.133937505216802","1.607280834645504",
"714","SHAPE-SDP-MC-1.5°C","REMIND-MAgPIE 3.2-4.6","Final Energy|Electricity","EJ/yr","[object Object]",2090,8.0179,"1.607280834645504","1.133937505216802","2038","213.34330360000004","594.415179","-57.45483628","2067","2100","GW1","Low Demand and Decarbonization","failed","medium","ok","ok","ok","ok","ok","ok","ok","ok","ok","ok",,"C1","C1: Below 1.5°C with no or limited overshoot",,,"48.98876748737157","14.002152291884482","35.798511778245","5.084665835097908","213.34330360000004","1.133937505216802","1.607280834645504",
"714","SHAPE-SDP-MC-1.5°C","REMIND-MAgPIE 3.2-4.6","Final Energy|Electricity","EJ/yr","[object Object]",2100,7.6921,"1.607280834645504","1.133937505216802","2038","213.34330360000004","594.415179","-57.45483628","2067","2100","GW1","Low Demand and Decarbonization","failed","medium","ok","ok","ok","ok","ok","ok","ok","ok","ok","ok",,"C1","C1: Below 1.5°C with no or limited overshoot",,,"48.98876748737157","14.002152291884482","35.798511778245","5.084665835097908","213.34330360000004","1.133937505216802","1.607280834645504",
"715","SHAPE-SDP-RC-1.5°C","REMIND-MAgPIE 3.2-4.6","Final Energy|Electricity","EJ/yr","[object Object]",2010,10.3969,"1.555497779004686","1.13670892158188","2039","135.67954605","606.7114519999997","-47.020497819999996","2068",,"GW1","Low Demand and Decarbonization","failed","medium","ok","ok","ok","ok","ok","ok","ok","ok","ok","ok",,"C1","C1: Below 1.5°C with no or limited overshoot",,,"51.18740809840783","11.068509178300946","36.494616345439304","4.124008378899646","135.67954605","1.13670892158188","1.555497779004686",
"715","SHAPE-SDP-RC-1.5°C","REMIND-MAgPIE 3.2-4.6","Final Energy|Electricity","EJ/yr","[object Object]",2015,9.9446,"1.555497779004686","1.13670892158188","2039","135.67954605","606.7114519999997","-47.020497819999996","2068",,"GW1","Low Demand and Decarbonization","failed","medium","ok","ok","ok","ok","ok","ok","ok","ok","ok","ok",,"C1","C1: Below 1.5°C with no or limited overshoot",,,"51.18740809840783","11.068509178300946","36.494616345439304","4.124008378899646","135.67954605","1.13670892158188","1.555497779004686",
"715","SHAPE-SDP-RC-1.5°C","REMIND-MAgPIE 3.2-4.6","Final Energy|Electricity","EJ/yr","[object Object]",2020,10.4729,"1.555497779004686","1.13670892158188","2039","135.67954605","606.7114519999997","-47.020497819999996","2068",,"GW1","Low Demand and Decarbonization","failed","medium","ok","ok","ok","ok","ok","ok","ok","ok","ok","ok",,"C1","C1: Below 1.5°C with no or limited overshoot",,,"51.18740809840783","11.068509178300946","36.494616345439304","4.124008378899646","135.67954605","1.13670892158188","1.555497779004686",
"715","SHAPE-SDP-RC-1.5°C","REMIND-MAgPIE 3.2-4.6","Final Energy|Electricity","EJ/yr","[object Object]",2025,11.1656,"1.555497779004686","1.13670892158188","2039","135.67954605","606.7114519999997","-47.020497819999996","2068",,"GW1","Low Demand and Decarbonization","failed","medium","ok","ok","ok","ok","ok","ok","ok","ok","ok","ok",,"C1","C1: Below 1.5°C with no or limited overshoot",,,"51.18740809840783","11.068509178300946","36.494616345439304","4.124008378899646","135.67954605","1.13670892158188","1.555497779004686",
"715","SHAPE-SDP-RC-1.5°C","REMIND-MAgPIE 3.2-4.6","Final Energy|Electricity","EJ/yr","[object Object]",2030,11.5017,"1.555497779004686","1.13670892158188","2039","135.67954605","606.7114519999997","-47.020497819999996","2068",,"GW1","Low Demand and Decarbonization","failed","medium","ok","ok","ok","ok","ok","ok","ok","ok","ok","ok",,"C1","C1: Below 1.5°C with no or limited overshoot",,,"51.18740809840783","11.068509178300946","36.494616345439304","4.124008378899646","135.67954605","1.13670892158188","1.555497779004686",
"715","SHAPE-SDP-RC-1.5°C","REMIND-MAgPIE 3.2-4.6","Final Energy|Electricity","EJ/yr","[object Object]",2035,12.1388,"1.555497779004686","1.13670892158188","2039","135.67954605","606.7114519999997","-47.020497819999996","2068",,"GW1","Low Demand and Decarbonization","failed","medium","ok","ok","ok","ok","ok","ok","ok","ok","ok","ok",,"C1","C1: Below 1.5°C with no or limited overshoot",,,"51.18740809840783","11.068509178300946","36.494616345439304","4.124008378899646","135.67954605","1.13670892158188","1.555497779004686",
"715","SHAPE-SDP-RC-1.5°C","REMIND-MAgPIE 3.2-4.6","Final Energy|Electricity","EJ/yr","[object Object]",2040,12.0213,"1.555497779004686","1.13670892158188","2039","135.67954605","606.7114519999997","-47.020497819999996","2068",,"GW1","Low Demand and Decarbonization","failed","medium","ok","ok","ok","ok","ok","ok","ok","ok","ok","ok",,"C1","C1: Below 1.5°C with no or limited overshoot",,,"51.18740809840783","11.068509178300946","36.494616345439304","4.124008378899646","135.67954605","1.13670892158188","1.555497779004686",
"715","SHAPE-SDP-RC-1.5°C","REMIND-MAgPIE 3.2-4.6","Final Energy|Electricity","EJ/yr","[object Object]",2045,11.2083,"1.555497779004686","1.13670892158188","2039","135.67954605","606.7114519999997","-47.020497819999996","2068",,"GW1","Low Demand and Decarbonization","failed","medium","ok","ok","ok","ok","ok","ok","ok","ok","ok","ok",,"C1","C1: Below 1.5°C with no or limited overshoot",,,"51.18740809840783","11.068509178300946","36.494616345439304","4.124008378899646","135.67954605","1.13670892158188","1.555497779004686",
"715","SHAPE-SDP-RC-1.5°C","REMIND-MAgPIE 3.2-4.6","Final Energy|Electricity","EJ/yr","[object Object]",2050,10.0428,"1.555497779004686","1.13670892158188","2039","135.67954605","606.7114519999997","-47.020497819999996","2068",,"GW1","Low Demand and Decarbonization","failed","medium","ok","ok","ok","ok","ok","ok","ok","ok","ok","ok",,"C1","C1: Below 1.5°C with no or limited overshoot",,,"51.18740809840783","11.068509178300946","36.494616345439304","4.124008378899646","135.67954605","1.13670892158188","1.555497779004686",
"715","SHAPE-SDP-RC-1.5°C","REMIND-MAgPIE 3.2-4.6","Final Energy|Electricity","EJ/yr","[object Object]",2055,8.9588,"1.555497779004686","1.13670892158188","2039","135.67954605","606.7114519999997","-47.020497819999996","2068",,"GW1","Low Demand and Decarbonization","failed","medium","ok","ok","ok","ok","ok","ok","ok","ok","ok","ok",,"C1","C1: Below 1.5°C with no or limited overshoot",,,"51.18740809840783","11.068509178300946","36.494616345439304","4.124008378899646","135.67954605","1.13670892158188","1.555497779004686",
"715","SHAPE-SDP-RC-1.5°C","REMIND-MAgPIE 3.2-4.6","Final Energy|Electricity","EJ/yr","[object Object]",2060,8.1994,"1.555497779004686","1.13670892158188","2039","135.67954605","606.7114519999997","-47.020497819999996","2068",,"GW1","Low Demand and Decarbonization","failed","medium","ok","ok","ok","ok","ok","ok","ok","ok","ok","ok",,"C1","C1: Below 1.5°C with no or limited overshoot",,,"51.18740809840783","11.068509178300946","36.494616345439304","4.124008378899646","135.67954605","1.13670892158188","1.555497779004686",
"715","SHAPE-SDP-RC-1.5°C","REMIND-MAgPIE 3.2-4.6","Final Energy|Electricity","EJ/yr","[object Object]",2070,7.4252,"1.555497779004686","1.13670892158188","2039","135.67954605","606.7114519999997","-47.020497819999996","2068",,"GW1","Low Demand and Decarbonization","failed","medium","ok","ok","ok","ok","ok","ok","ok","ok","ok","ok",,"C1","C1: Below 1.5°C with no or limited overshoot",,,"51.18740809840783","11.068509178300946","36.494616345439304","4.124008378899646","135.67954605","1.13670892158188","1.555497779004686",
"715","SHAPE-SDP-RC-1.5°C","REMIND-MAgPIE 3.2-4.6","Final Energy|Electricity","EJ/yr","[object Object]",2080,7.125,"1.555497779004686","1.13670892158188","2039","135.67954605","606.7114519999997","-47.020497819999996","2068",,"GW1","Low Demand and Decarbonization","failed","medium","ok","ok","ok","ok","ok","ok","ok","ok","ok","ok",,"C1","C1: Below 1.5°C with no or limited overshoot",,,"51.18740809840783","11.068509178300946","36.494616345439304","4.124008378899646","135.67954605","1.13670892158188","1.555497779004686",
"715","SHAPE-SDP-RC-1.5°C","REMIND-MAgPIE 3.2-4.6","Final Energy|Electricity","EJ/yr","[object Object]",2090,6.6509,"1.555497779004686","1.13670892158188","2039","135.67954605","606.7114519999997","-47.020497819999996","2068",,"GW1","Low Demand and Decarbonization","failed","medium","ok","ok","ok","ok","ok","ok","ok","ok","ok","ok",,"C1","C1: Below 1.5°C with no or limited overshoot",,,"51.18740809840783","11.068509178300946","36.494616345439304","4.124008378899646","135.67954605","1.13670892158188","1.555497779004686",
"715","SHAPE-SDP-RC-1.5°C","REMIND-MAgPIE 3.2-4.6","Final Energy|Electricity","EJ/yr","[object Object]",2100,6.2262,"1.555497779004686","1.13670892158188","2039","135.67954605","606.7114519999997","-47.020497819999996","2068",,"GW1","Low Demand and Decarbonization","failed","medium","ok","ok","ok","ok","ok","ok","ok","ok","ok","ok",,"C1","C1: Below 1.5°C with no or limited overshoot",,,"51.18740809840783","11.068509178300946","36.494616345439304","4.124008378899646","135.67954605","1.13670892158188","1.555497779004686",
"836","CD-LINKS-NPi2020_400","REMIND-MAgPIE 1.7-3.0","Final Energy|Electricity","EJ/yr","[object Object]",2010,10.1905,"1.585351556938882","1.157775235996342","2039","806.8633560000001","25.98355465000005","-546.4584032500001","2051","2062","GW1","Carbon Dioxide Removal","failed","high","medium","medium","medium","medium",,"ok","ok","ok",,"high","true","C1","C1: Below 1.5°C with no or limited overshoot","REMIND-MAgPIE 1.7-3.0","CD-LINKS_NPi2020_400","51.266468943412576","29.939016816574828","16.901854337137337","8.3937744049517","806.8633560000001","1.157775235996342","1.585351556938882",
"836","CD-LINKS-NPi2020_400","REMIND-MAgPIE 1.7-3.0","Final Energy|Electricity","EJ/yr","[object Object]",2015,10.1434,"1.585351556938882","1.157775235996342","2039","806.8633560000001","25.98355465000005","-546.4584032500001","2051","2062","GW1","Carbon Dioxide Removal","failed","high","medium","medium","medium","medium",,"ok","ok","ok",,"high","true","C1","C1: Below 1.5°C with no or limited overshoot","REMIND-MAgPIE 1.7-3.0","CD-LINKS_NPi2020_400","51.266468943412576","29.939016816574828","16.901854337137337","8.3937744049517","806.8633560000001","1.157775235996342","1.585351556938882",
"836","CD-LINKS-NPi2020_400","REMIND-MAgPIE 1.7-3.0","Final Energy|Electricity","EJ/yr","[object Object]",2020,11.3569,"1.585351556938882","1.157775235996342","2039","806.8633560000001","25.98355465000005","-546.4584032500001","2051","2062","GW1","Carbon Dioxide Removal","failed","high","medium","medium","medium","medium",,"ok","ok","ok",,"high","true","C1","C1: Below 1.5°C with no or limited overshoot","REMIND-MAgPIE 1.7-3.0","CD-LINKS_NPi2020_400","51.266468943412576","29.939016816574828","16.901854337137337","8.3937744049517","806.8633560000001","1.157775235996342","1.585351556938882",
"836","CD-LINKS-NPi2020_400","REMIND-MAgPIE 1.7-3.0","Final Energy|Electricity","EJ/yr","[object Object]",2025,12.3258,"1.585351556938882","1.157775235996342","2039","806.8633560000001","25.98355465000005","-546.4584032500001","2051","2062","GW1","Carbon Dioxide Removal","failed","high","medium","medium","medium","medium",,"ok","ok","ok",,"high","true","C1","C1: Below 1.5°C with no or limited overshoot","REMIND-MAgPIE 1.7-3.0","CD-LINKS_NPi2020_400","51.266468943412576","29.939016816574828","16.901854337137337","8.3937744049517","806.8633560000001","1.157775235996342","1.585351556938882",
"836","CD-LINKS-NPi2020_400","REMIND-MAgPIE 1.7-3.0","Final Energy|Electricity","EJ/yr","[object Object]",2030,14.3532,"1.585351556938882","1.157775235996342","2039","806.8633560000001","25.98355465000005","-546.4584032500001","2051","2062","GW1","Carbon Dioxide Removal","failed","high","medium","medium","medium","medium",,"ok","ok","ok",,"high","true","C1","C1: Below 1.5°C with no or limited overshoot","REMIND-MAgPIE 1.7-3.0","CD-LINKS_NPi2020_400","51.266468943412576","29.939016816574828","16.901854337137337","8.3937744049517","806.8633560000001","1.157775235996342","1.585351556938882",
"836","CD-LINKS-NPi2020_400","REMIND-MAgPIE 1.7-3.0","Final Energy|Electricity","EJ/yr","[object Object]",2035,17.0922,"1.585351556938882","1.157775235996342","2039","806.8633560000001","25.98355465000005","-546.4584032500001","2051","2062","GW1","Carbon Dioxide Removal","failed","high","medium","medium","medium","medium",,"ok","ok","ok",,"high","true","C1","C1: Below 1.5°C with no or limited overshoot","REMIND-MAgPIE 1.7-3.0","CD-LINKS_NPi2020_400","51.266468943412576","29.939016816574828","16.901854337137337","8.3937744049517","806.8633560000001","1.157775235996342","1.585351556938882",
"836","CD-LINKS-NPi2020_400","REMIND-MAgPIE 1.7-3.0","Final Energy|Electricity","EJ/yr","[object Object]",2040,19.8504,"1.585351556938882","1.157775235996342","2039","806.8633560000001","25.98355465000005","-546.4584032500001","2051","2062","GW1","Carbon Dioxide Removal","failed","high","medium","medium","medium","medium",,"ok","ok","ok",,"high","true","C1","C1: Below 1.5°C with no or limited overshoot","REMIND-MAgPIE 1.7-3.0","CD-LINKS_NPi2020_400","51.266468943412576","29.939016816574828","16.901854337137337","8.3937744049517","806.8633560000001","1.157775235996342","1.585351556938882",
"836","CD-LINKS-NPi2020_400","REMIND-MAgPIE 1.7-3.0","Final Energy|Electricity","EJ/yr","[object Object]",2045,22.7304,"1.585351556938882","1.157775235996342","2039","806.8633560000001","25.98355465000005","-546.4584032500001","2051","2062","GW1","Carbon Dioxide Removal","failed","high","medium","medium","medium","medium",,"ok","ok","ok",,"high","true","C1","C1: Below 1.5°C with no or limited overshoot","REMIND-MAgPIE 1.7-3.0","CD-LINKS_NPi2020_400","51.266468943412576","29.939016816574828","16.901854337137337","8.3937744049517","806.8633560000001","1.157775235996342","1.585351556938882",
"836","CD-LINKS-NPi2020_400","REMIND-MAgPIE 1.7-3.0","Final Energy|Electricity","EJ/yr","[object Object]",2050,24.9986,"1.585351556938882","1.157775235996342","2039","806.8633560000001","25.98355465000005","-546.4584032500001","2051","2062","GW1","Carbon Dioxide Removal","failed","high","medium","medium","medium","medium",,"ok","ok","ok",,"high","true","C1","C1: Below 1.5°C with no or limited overshoot","REMIND-MAgPIE 1.7-3.0","CD-LINKS_NPi2020_400","51.266468943412576","29.939016816574828","16.901854337137337","8.3937744049517","806.8633560000001","1.157775235996342","1.585351556938882",
"836","CD-LINKS-NPi2020_400","REMIND-MAgPIE 1.7-3.0","Final Energy|Electricity","EJ/yr","[object Object]",2055,26.5632,"1.585351556938882","1.157775235996342","2039","806.8633560000001","25.98355465000005","-546.4584032500001","2051","2062","GW1","Carbon Dioxide Removal","failed","high","medium","medium","medium","medium",,"ok","ok","ok",,"high","true","C1","C1: Below 1.5°C with no or limited overshoot","REMIND-MAgPIE 1.7-3.0","CD-LINKS_NPi2020_400","51.266468943412576","29.939016816574828","16.901854337137337","8.3937744049517","806.8633560000001","1.157775235996342","1.585351556938882",
"836","CD-LINKS-NPi2020_400","REMIND-MAgPIE 1.7-3.0","Final Energy|Electricity","EJ/yr","[object Object]",2060,27.7529,"1.585351556938882","1.157775235996342","2039","806.8633560000001","25.98355465000005","-546.4584032500001","2051","2062","GW1","Carbon Dioxide Removal","failed","high","medium","medium","medium","medium",,"ok","ok","ok",,"high","true","C1","C1: Below 1.5°C with no or limited overshoot","REMIND-MAgPIE 1.7-3.0","CD-LINKS_NPi2020_400","51.266468943412576","29.939016816574828","16.901854337137337","8.3937744049517","806.8633560000001","1.157775235996342","1.585351556938882",
"836","CD-LINKS-NPi2020_400","REMIND-MAgPIE 1.7-3.0","Final Energy|Electricity","EJ/yr","[object Object]",2070,30.446,"1.585351556938882","1.157775235996342","2039","806.8633560000001","25.98355465000005","-546.4584032500001","2051","2062","GW1","Carbon Dioxide Removal","failed","high","medium","medium","medium","medium",,"ok","ok","ok",,"high","true","C1","C1: Below 1.5°C with no or limited overshoot","REMIND-MAgPIE 1.7-3.0","CD-LINKS_NPi2020_400","51.266468943412576","29.939016816574828","16.901854337137337","8.3937744049517","806.8633560000001","1.157775235996342","1.585351556938882",
"836","CD-LINKS-NPi2020_400","REMIND-MAgPIE 1.7-3.0","Final Energy|Electricity","EJ/yr","[object Object]",2080,33.8137,"1.585351556938882","1.157775235996342","2039","806.8633560000001","25.98355465000005","-546.4584032500001","2051","2062","GW1","Carbon Dioxide Removal","failed","high","medium","medium","medium","medium",,"ok","ok","ok",,"high","true","C1","C1: Below 1.5°C with no or limited overshoot","REMIND-MAgPIE 1.7-3.0","CD-LINKS_NPi2020_400","51.266468943412576","29.939016816574828","16.901854337137337","8.3937744049517","806.8633560000001","1.157775235996342","1.585351556938882",
"836","CD-LINKS-NPi2020_400","REMIND-MAgPIE 1.7-3.0","Final Energy|Electricity","EJ/yr","[object Object]",2090,36.6149,"1.585351556938882","1.157775235996342","2039","806.8633560000001","25.98355465000005","-546.4584032500001","2051","2062","GW1","Carbon Dioxide Removal","failed","high","medium","medium","medium","medium",,"ok","ok","ok",,"high","true","C1","C1: Below 1.5°C with no or limited overshoot","REMIND-MAgPIE 1.7-3.0","CD-LINKS_NPi2020_400","51.266468943412576","29.939016816574828","16.901854337137337","8.3937744049517","806.8633560000001","1.157775235996342","1.585351556938882",
"836","CD-LINKS-NPi2020_400","REMIND-MAgPIE 1.7-3.0","Final Energy|Electricity","EJ/yr","[object Object]",2100,40.3284,"1.585351556938882","1.157775235996342","2039","806.8633560000001","25.98355465000005","-546.4584032500001","2051","2062","GW1","Carbon Dioxide Removal","failed","high","medium","medium","medium","medium",,"ok","ok","ok",,"high","true","C1","C1: Below 1.5°C with no or limited overshoot","REMIND-MAgPIE 1.7-3.0","CD-LINKS_NPi2020_400","51.266468943412576","29.939016816574828","16.901854337137337","8.3937744049517","806.8633560000001","1.157775235996342","1.585351556938882",
"853","CEMICS-GDPgrowth-1.5°C","REMIND 2.1","Final Energy|Electricity","EJ/yr","[object Object]",2010,10.3861,"1.599400985321662","1.273336606319189","2049","927.8500627499999","88.66059550000006","-466.55277236","2053","2070","GW1","Rapid Fossil-Fuel Phase-Out","failed","high","medium","medium","medium","ok",,"ok","ok","ok",,"medium","true","C1","C1: Below 1.5°C with no or limited overshoot","REMIND 2.1","CEMICS_GDPgrowth_1p5","48.83986116967251","30.496976847072705","20.195201588531337",,"927.8500627499999","1.273336606319189","1.599400985321662",
"853","CEMICS-GDPgrowth-1.5°C","REMIND 2.1","Final Energy|Electricity","EJ/yr","[object Object]",2015,9.8443,"1.599400985321662","1.273336606319189","2049","927.8500627499999","88.66059550000006","-466.55277236","2053","2070","GW1","Rapid Fossil-Fuel Phase-Out","failed","high","medium","medium","medium","ok",,"ok","ok","ok",,"medium","true","C1","C1: Below 1.5°C with no or limited overshoot","REMIND 2.1","CEMICS_GDPgrowth_1p5","48.83986116967251","30.496976847072705","20.195201588531337",,"927.8500627499999","1.273336606319189","1.599400985321662",
"853","CEMICS-GDPgrowth-1.5°C","REMIND 2.1","Final Energy|Electricity","EJ/yr","[object Object]",2020,10.3624,"1.599400985321662","1.273336606319189","2049","927.8500627499999","88.66059550000006","-466.55277236","2053","2070","GW1","Rapid Fossil-Fuel Phase-Out","failed","high","medium","medium","medium","ok",,"ok","ok","ok",,"medium","true","C1","C1: Below 1.5°C with no or limited overshoot","REMIND 2.1","CEMICS_GDPgrowth_1p5","48.83986116967251","30.496976847072705","20.195201588531337",,"927.8500627499999","1.273336606319189","1.599400985321662",
"853","CEMICS-GDPgrowth-1.5°C","REMIND 2.1","Final Energy|Electricity","EJ/yr","[object Object]",2025,10.5726,"1.599400985321662","1.273336606319189","2049","927.8500627499999","88.66059550000006","-466.55277236","2053","2070","GW1","Rapid Fossil-Fuel Phase-Out","failed","high","medium","medium","medium","ok",,"ok","ok","ok",,"medium","true","C1","C1: Below 1.5°C with no or limited overshoot","REMIND 2.1","CEMICS_GDPgrowth_1p5","48.83986116967251","30.496976847072705","20.195201588531337",,"927.8500627499999","1.273336606319189","1.599400985321662",
"853","CEMICS-GDPgrowth-1.5°C","REMIND 2.1","Final Energy|Electricity","EJ/yr","[object Object]",2030,11.7685,"1.599400985321662","1.273336606319189","2049","927.8500627499999","88.66059550000006","-466.55277236","2053","2070","GW1","Rapid Fossil-Fuel Phase-Out","failed","high","medium","medium","medium","ok",,"ok","ok","ok",,"medium","true","C1","C1: Below 1.5°C with no or limited overshoot","REMIND 2.1","CEMICS_GDPgrowth_1p5","48.83986116967251","30.496976847072705","20.195201588531337",,"927.8500627499999","1.273336606319189","1.599400985321662",
"853","CEMICS-GDPgrowth-1.5°C","REMIND 2.1","Final Energy|Electricity","EJ/yr","[object Object]",2035,13.2442,"1.599400985321662","1.273336606319189","2049","927.8500627499999","88.66059550000006","-466.55277236","2053","2070","GW1","Rapid Fossil-Fuel Phase-Out","failed","high","medium","medium","medium","ok",,"ok","ok","ok",,"medium","true","C1","C1: Below 1.5°C with no or limited overshoot","REMIND 2.1","CEMICS_GDPgrowth_1p5","48.83986116967251","30.496976847072705","20.195201588531337",,"927.8500627499999","1.273336606319189","1.599400985321662",
"853","CEMICS-GDPgrowth-1.5°C","REMIND 2.1","Final Energy|Electricity","EJ/yr","[object Object]",2040,15.6221,"1.599400985321662","1.273336606319189","2049","927.8500627499999","88.66059550000006","-466.55277236","2053","2070","GW1","Rapid Fossil-Fuel Phase-Out","failed","high","medium","medium","medium","ok",,"ok","ok","ok",,"medium","true","C1","C1: Below 1.5°C with no or limited overshoot","REMIND 2.1","CEMICS_GDPgrowth_1p5","48.83986116967251","30.496976847072705","20.195201588531337",,"927.8500627499999","1.273336606319189","1.599400985321662",
"853","CEMICS-GDPgrowth-1.5°C","REMIND 2.1","Final Energy|Electricity","EJ/yr","[object Object]",2045,17.6445,"1.599400985321662","1.273336606319189","2049","927.8500627499999","88.66059550000006","-466.55277236","2053","2070","GW1","Rapid Fossil-Fuel Phase-Out","failed","high","medium","medium","medium","ok",,"ok","ok","ok",,"medium","true","C1","C1: Below 1.5°C with no or limited overshoot","REMIND 2.1","CEMICS_GDPgrowth_1p5","48.83986116967251","30.496976847072705","20.195201588531337",,"927.8500627499999","1.273336606319189","1.599400985321662",
"853","CEMICS-GDPgrowth-1.5°C","REMIND 2.1","Final Energy|Electricity","EJ/yr","[object Object]",2050,19.2734,"1.599400985321662","1.273336606319189","2049","927.8500627499999","88.66059550000006","-466.55277236","2053","2070","GW1","Rapid Fossil-Fuel Phase-Out","failed","high","medium","medium","medium","ok",,"ok","ok","ok",,"medium","true","C1","C1: Below 1.5°C with no or limited overshoot","REMIND 2.1","CEMICS_GDPgrowth_1p5","48.83986116967251","30.496976847072705","20.195201588531337",,"927.8500627499999","1.273336606319189","1.599400985321662",
"853","CEMICS-GDPgrowth-1.5°C","REMIND 2.1","Final Energy|Electricity","EJ/yr","[object Object]",2055,20.3155,"1.599400985321662","1.273336606319189","2049","927.8500627499999","88.66059550000006","-466.55277236","2053","2070","GW1","Rapid Fossil-Fuel Phase-Out","failed","high","medium","medium","medium","ok",,"ok","ok","ok",,"medium","true","C1","C1: Below 1.5°C with no or limited overshoot","REMIND 2.1","CEMICS_GDPgrowth_1p5","48.83986116967251","30.496976847072705","20.195201588531337",,"927.8500627499999","1.273336606319189","1.599400985321662",
"853","CEMICS-GDPgrowth-1.5°C","REMIND 2.1","Final Energy|Electricity","EJ/yr","[object Object]",2060,20.9098,"1.599400985321662","1.273336606319189","2049","927.8500627499999","88.66059550000006","-466.55277236","2053","2070","GW1","Rapid Fossil-Fuel Phase-Out","failed","high","medium","medium","medium","ok",,"ok","ok","ok",,"medium","true","C1","C1: Below 1.5°C with no or limited overshoot","REMIND 2.1","CEMICS_GDPgrowth_1p5","48.83986116967251","30.496976847072705","20.195201588531337",,"927.8500627499999","1.273336606319189","1.599400985321662",
"853","CEMICS-GDPgrowth-1.5°C","REMIND 2.1","Final Energy|Electricity","EJ/yr","[object Object]",2070,22.7103,"1.599400985321662","1.273336606319189","2049","927.8500627499999","88.66059550000006","-466.55277236","2053","2070","GW1","Rapid Fossil-Fuel Phase-Out","failed","high","medium","medium","medium","ok",,"ok","ok","ok",,"medium","true","C1","C1: Below 1.5°C with no or limited overshoot","REMIND 2.1","CEMICS_GDPgrowth_1p5","48.83986116967251","30.496976847072705","20.195201588531337",,"927.8500627499999","1.273336606319189","1.599400985321662",
"853","CEMICS-GDPgrowth-1.5°C","REMIND 2.1","Final Energy|Electricity","EJ/yr","[object Object]",2080,24.5502,"1.599400985321662","1.273336606319189","2049","927.8500627499999","88.66059550000006","-466.55277236","2053","2070","GW1","Rapid Fossil-Fuel Phase-Out","failed","high","medium","medium","medium","ok",,"ok","ok","ok",,"medium","true","C1","C1: Below 1.5°C with no or limited overshoot","REMIND 2.1","CEMICS_GDPgrowth_1p5","48.83986116967251","30.496976847072705","20.195201588531337",,"927.8500627499999","1.273336606319189","1.599400985321662",
"853","CEMICS-GDPgrowth-1.5°C","REMIND 2.1","Final Energy|Electricity","EJ/yr","[object Object]",2090,25.4963,"1.599400985321662","1.273336606319189","2049","927.8500627499999","88.66059550000006","-466.55277236","2053","2070","GW1","Rapid Fossil-Fuel Phase-Out","failed","high","medium","medium","medium","ok",,"ok","ok","ok",,"medium","true","C1","C1: Below 1.5°C with no or limited overshoot","REMIND 2.1","CEMICS_GDPgrowth_1p5","48.83986116967251","30.496976847072705","20.195201588531337",,"927.8500627499999","1.273336606319189","1.599400985321662",
"853","CEMICS-GDPgrowth-1.5°C","REMIND 2.1","Final Energy|Electricity","EJ/yr","[object Object]",2100,26.0305,"1.599400985321662","1.273336606319189","2049","927.8500627499999","88.66059550000006","-466.55277236","2053","2070","GW1","Rapid Fossil-Fuel Phase-Out","failed","high","medium","medium","medium","ok",,"ok","ok","ok",,"medium","true","C1","C1: Below 1.5°C with no or limited overshoot","REMIND 2.1","CEMICS_GDPgrowth_1p5","48.83986116967251","30.496976847072705","20.195201588531337",,"927.8500627499999","1.273336606319189","1.599400985321662",
"855","CEMICS-HotellingConst-1.5°C","REMIND 2.1","Final Energy|Electricity","EJ/yr","[object Object]",2010,10.3861,"1.594417449257116","1.124749873449393","2048","1092.80000545","-121.59342609999999","-676.89969892","2049","2059","GW1","Rapid Fossil-Fuel Phase-Out","failed","high","medium","medium","medium","ok",,"ok","ok","ok",,"medium","true","C1","C1: Below 1.5°C with no or limited overshoot","REMIND 2.1","CEMICS_HotellingConst_1p5","50.49105296426648","16.40218349812319","32.682432906986726",,"1092.80000545","1.124749873449393","1.594417449257116",
"855","CEMICS-HotellingConst-1.5°C","REMIND 2.1","Final Energy|Electricity","EJ/yr","[object Object]",2015,9.8443,"1.594417449257116","1.124749873449393","2048","1092.80000545","-121.59342609999999","-676.89969892","2049","2059","GW1","Rapid Fossil-Fuel Phase-Out","failed","high","medium","medium","medium","ok",,"ok","ok","ok",,"medium","true","C1","C1: Below 1.5°C with no or limited overshoot","REMIND 2.1","CEMICS_HotellingConst_1p5","50.49105296426648","16.40218349812319","32.682432906986726",,"1092.80000545","1.124749873449393","1.594417449257116",
"855","CEMICS-HotellingConst-1.5°C","REMIND 2.1","Final Energy|Electricity","EJ/yr","[object Object]",2020,10.3624,"1.594417449257116","1.124749873449393","2048","1092.80000545","-121.59342609999999","-676.89969892","2049","2059","GW1","Rapid Fossil-Fuel Phase-Out","failed","high","medium","medium","medium","ok",,"ok","ok","ok",,"medium","true","C1","C1: Below 1.5°C with no or limited overshoot","REMIND 2.1","CEMICS_HotellingConst_1p5","50.49105296426648","16.40218349812319","32.682432906986726",,"1092.80000545","1.124749873449393","1.594417449257116",
"855","CEMICS-HotellingConst-1.5°C","REMIND 2.1","Final Energy|Electricity","EJ/yr","[object Object]",2025,10.7025,"1.594417449257116","1.124749873449393","2048","1092.80000545","-121.59342609999999","-676.89969892","2049","2059","GW1","Rapid Fossil-Fuel Phase-Out","failed","high","medium","medium","medium","ok",,"ok","ok","ok",,"medium","true","C1","C1: Below 1.5°C with no or limited overshoot","REMIND 2.1","CEMICS_HotellingConst_1p5","50.49105296426648","16.40218349812319","32.682432906986726",,"1092.80000545","1.124749873449393","1.594417449257116",
"855","CEMICS-HotellingConst-1.5°C","REMIND 2.1","Final Energy|Electricity","EJ/yr","[object Object]",2030,11.9393,"1.594417449257116","1.124749873449393","2048","1092.80000545","-121.59342609999999","-676.89969892","2049","2059","GW1","Rapid Fossil-Fuel Phase-Out","failed","high","medium","medium","medium","ok",,"ok","ok","ok",,"medium","true","C1","C1: Below 1.5°C with no or limited overshoot","REMIND 2.1","CEMICS_HotellingConst_1p5","50.49105296426648","16.40218349812319","32.682432906986726",,"1092.80000545","1.124749873449393","1.594417449257116",
"855","CEMICS-HotellingConst-1.5°C","REMIND 2.1","Final Energy|Electricity","EJ/yr","[object Object]",2035,13.6456,"1.594417449257116","1.124749873449393","2048","1092.80000545","-121.59342609999999","-676.89969892","2049","2059","GW1","Rapid Fossil-Fuel Phase-Out","failed","high","medium","medium","medium","ok",,"ok","ok","ok",,"medium","true","C1","C1: Below 1.5°C with no or limited overshoot","REMIND 2.1","CEMICS_HotellingConst_1p5","50.49105296426648","16.40218349812319","32.682432906986726",,"1092.80000545","1.124749873449393","1.594417449257116",
"855","CEMICS-HotellingConst-1.5°C","REMIND 2.1","Final Energy|Electricity","EJ/yr","[object Object]",2040,16.222,"1.594417449257116","1.124749873449393","2048","1092.80000545","-121.59342609999999","-676.89969892","2049","2059","GW1","Rapid Fossil-Fuel Phase-Out","failed","high","medium","medium","medium","ok",,"ok","ok","ok",,"medium","true","C1","C1: Below 1.5°C with no or limited overshoot","REMIND 2.1","CEMICS_HotellingConst_1p5","50.49105296426648","16.40218349812319","32.682432906986726",,"1092.80000545","1.124749873449393","1.594417449257116",
"855","CEMICS-HotellingConst-1.5°C","REMIND 2.1","Final Energy|Electricity","EJ/yr","[object Object]",2045,18.5207,"1.594417449257116","1.124749873449393","2048","1092.80000545","-121.59342609999999","-676.89969892","2049","2059","GW1","Rapid Fossil-Fuel Phase-Out","failed","high","medium","medium","medium","ok",,"ok","ok","ok",,"medium","true","C1","C1: Below 1.5°C with no or limited overshoot","REMIND 2.1","CEMICS_HotellingConst_1p5","50.49105296426648","16.40218349812319","32.682432906986726",,"1092.80000545","1.124749873449393","1.594417449257116",
"855","CEMICS-HotellingConst-1.5°C","REMIND 2.1","Final Energy|Electricity","EJ/yr","[object Object]",2050,20.1797,"1.594417449257116","1.124749873449393","2048","1092.80000545","-121.59342609999999","-676.89969892","2049","2059","GW1","Rapid Fossil-Fuel Phase-Out","failed","high","medium","medium","medium","ok",,"ok","ok","ok",,"medium","true","C1","C1: Below 1.5°C with no or limited overshoot","REMIND 2.1","CEMICS_HotellingConst_1p5","50.49105296426648","16.40218349812319","32.682432906986726",,"1092.80000545","1.124749873449393","1.594417449257116",
"855","CEMICS-HotellingConst-1.5°C","REMIND 2.1","Final Energy|Electricity","EJ/yr","[object Object]",2055,21.0549,"1.594417449257116","1.124749873449393","2048","1092.80000545","-121.59342609999999","-676.89969892","2049","2059","GW1","Rapid Fossil-Fuel Phase-Out","failed","high","medium","medium","medium","ok",,"ok","ok","ok",,"medium","true","C1","C1: Below 1.5°C with no or limited overshoot","REMIND 2.1","CEMICS_HotellingConst_1p5","50.49105296426648","16.40218349812319","32.682432906986726",,"1092.80000545","1.124749873449393","1.594417449257116",
"855","CEMICS-HotellingConst-1.5°C","REMIND 2.1","Final Energy|Electricity","EJ/yr","[object Object]",2060,21.7465,"1.594417449257116","1.124749873449393","2048","1092.80000545","-121.59342609999999","-676.89969892","2049","2059","GW1","Rapid Fossil-Fuel Phase-Out","failed","high","medium","medium","medium","ok",,"ok","ok","ok",,"medium","true","C1","C1: Below 1.5°C with no or limited overshoot","REMIND 2.1","CEMICS_HotellingConst_1p5","50.49105296426648","16.40218349812319","32.682432906986726",,"1092.80000545","1.124749873449393","1.594417449257116",
"855","CEMICS-HotellingConst-1.5°C","REMIND 2.1","Final Energy|Electricity","EJ/yr","[object Object]",2070,24.2595,"1.594417449257116","1.124749873449393","2048","1092.80000545","-121.59342609999999","-676.89969892","2049","2059","GW1","Rapid Fossil-Fuel Phase-Out","failed","high","medium","medium","medium","ok",,"ok","ok","ok",,"medium","true","C1","C1: Below 1.5°C with no or limited overshoot","REMIND 2.1","CEMICS_HotellingConst_1p5","50.49105296426648","16.40218349812319","32.682432906986726",,"1092.80000545","1.124749873449393","1.594417449257116",
"855","CEMICS-HotellingConst-1.5°C","REMIND 2.1","Final Energy|Electricity","EJ/yr","[object Object]",2080,25.8108,"1.594417449257116","1.124749873449393","2048","1092.80000545","-121.59342609999999","-676.89969892","2049","2059","GW1","Rapid Fossil-Fuel Phase-Out","failed","high","medium","medium","medium","ok",,"ok","ok","ok",,"medium","true","C1","C1: Below 1.5°C with no or limited overshoot","REMIND 2.1","CEMICS_HotellingConst_1p5","50.49105296426648","16.40218349812319","32.682432906986726",,"1092.80000545","1.124749873449393","1.594417449257116",
"855","CEMICS-HotellingConst-1.5°C","REMIND 2.1","Final Energy|Electricity","EJ/yr","[object Object]",2090,26.4877,"1.594417449257116","1.124749873449393","2048","1092.80000545","-121.59342609999999","-676.89969892","2049","2059","GW1","Rapid Fossil-Fuel Phase-Out","failed","high","medium","medium","medium","ok",,"ok","ok","ok",,"medium","true","C1","C1: Below 1.5°C with no or limited overshoot","REMIND 2.1","CEMICS_HotellingConst_1p5","50.49105296426648","16.40218349812319","32.682432906986726",,"1092.80000545","1.124749873449393","1.594417449257116",
"855","CEMICS-HotellingConst-1.5°C","REMIND 2.1","Final Energy|Electricity","EJ/yr","[object Object]",2100,27.0123,"1.594417449257116","1.124749873449393","2048","1092.80000545","-121.59342609999999","-676.89969892","2049","2059","GW1","Rapid Fossil-Fuel Phase-Out","failed","high","medium","medium","medium","ok",,"ok","ok","ok",,"medium","true","C1","C1: Below 1.5°C with no or limited overshoot","REMIND 2.1","CEMICS_HotellingConst_1p5","50.49105296426648","16.40218349812319","32.682432906986726",,"1092.80000545","1.124749873449393","1.594417449257116",
"857","CEMICS-Linear-1.5°C","REMIND 2.1","Final Energy|Electricity","EJ/yr","[object Object]",2010,10.3861,"1.587757359107097","1.181709335791126","2048","1050.63868075","-11.052308050000228","-564.2737527700001","2052","2066","GW1","Rapid Fossil-Fuel Phase-Out","failed","high","medium","medium","medium","ok",,"ok","ok","ok",,"medium","true","C1","C1: Below 1.5°C with no or limited overshoot","REMIND 2.1","CEMICS_Linear_1p5","48.346273897776044","19.011509949278192","32.21459227467812",,"1050.63868075","1.181709335791126","1.587757359107097",
"857","CEMICS-Linear-1.5°C","REMIND 2.1","Final Energy|Electricity","EJ/yr","[object Object]",2015,9.8443,"1.587757359107097","1.181709335791126","2048","1050.63868075","-11.052308050000228","-564.2737527700001","2052","2066","GW1","Rapid Fossil-Fuel Phase-Out","failed","high","medium","medium","medium","ok",,"ok","ok","ok",,"medium","true","C1","C1: Below 1.5°C with no or limited overshoot","REMIND 2.1","CEMICS_Linear_1p5","48.346273897776044","19.011509949278192","32.21459227467812",,"1050.63868075","1.181709335791126","1.587757359107097",
"857","CEMICS-Linear-1.5°C","REMIND 2.1","Final Energy|Electricity","EJ/yr","[object Object]",2020,10.3624,"1.587757359107097","1.181709335791126","2048","1050.63868075","-11.052308050000228","-564.2737527700001","2052","2066","GW1","Rapid Fossil-Fuel Phase-Out","failed","high","medium","medium","medium","ok",,"ok","ok","ok",,"medium","true","C1","C1: Below 1.5°C with no or limited overshoot","REMIND 2.1","CEMICS_Linear_1p5","48.346273897776044","19.011509949278192","32.21459227467812",,"1050.63868075","1.181709335791126","1.587757359107097",
"857","CEMICS-Linear-1.5°C","REMIND 2.1","Final Energy|Electricity","EJ/yr","[object Object]",2025,10.5957,"1.587757359107097","1.181709335791126","2048","1050.63868075","-11.052308050000228","-564.2737527700001","2052","2066","GW1","Rapid Fossil-Fuel Phase-Out","failed","high","medium","medium","medium","ok",,"ok","ok","ok",,"medium","true","C1","C1: Below 1.5°C with no or limited overshoot","REMIND 2.1","CEMICS_Linear_1p5","48.346273897776044","19.011509949278192","32.21459227467812",,"1050.63868075","1.181709335791126","1.587757359107097",
"857","CEMICS-Linear-1.5°C","REMIND 2.1","Final Energy|Electricity","EJ/yr","[object Object]",2030,11.9005,"1.587757359107097","1.181709335791126","2048","1050.63868075","-11.052308050000228","-564.2737527700001","2052","2066","GW1","Rapid Fossil-Fuel Phase-Out","failed","high","medium","medium","medium","ok",,"ok","ok","ok",,"medium","true","C1","C1: Below 1.5°C with no or limited overshoot","REMIND 2.1","CEMICS_Linear_1p5","48.346273897776044","19.011509949278192","32.21459227467812",,"1050.63868075","1.181709335791126","1.587757359107097",
"857","CEMICS-Linear-1.5°C","REMIND 2.1","Final Energy|Electricity","EJ/yr","[object Object]",2035,13.5904,"1.587757359107097","1.181709335791126","2048","1050.63868075","-11.052308050000228","-564.2737527700001","2052","2066","GW1","Rapid Fossil-Fuel Phase-Out","failed","high","medium","medium","medium","ok",,"ok","ok","ok",,"medium","true","C1","C1: Below 1.5°C with no or limited overshoot","REMIND 2.1","CEMICS_Linear_1p5","48.346273897776044","19.011509949278192","32.21459227467812",,"1050.63868075","1.181709335791126","1.587757359107097",
"857","CEMICS-Linear-1.5°C","REMIND 2.1","Final Energy|Electricity","EJ/yr","[object Object]",2040,16.2143,"1.587757359107097","1.181709335791126","2048","1050.63868075","-11.052308050000228","-564.2737527700001","2052","2066","GW1","Rapid Fossil-Fuel Phase-Out","failed","high","medium","medium","medium","ok",,"ok","ok","ok",,"medium","true","C1","C1: Below 1.5°C with no or limited overshoot","REMIND 2.1","CEMICS_Linear_1p5","48.346273897776044","19.011509949278192","32.21459227467812",,"1050.63868075","1.181709335791126","1.587757359107097",
"857","CEMICS-Linear-1.5°C","REMIND 2.1","Final Energy|Electricity","EJ/yr","[object Object]",2045,18.3741,"1.587757359107097","1.181709335791126","2048","1050.63868075","-11.052308050000228","-564.2737527700001","2052","2066","GW1","Rapid Fossil-Fuel Phase-Out","failed","high","medium","medium","medium","ok",,"ok","ok","ok",,"medium","true","C1","C1: Below 1.5°C with no or limited overshoot","REMIND 2.1","CEMICS_Linear_1p5","48.346273897776044","19.011509949278192","32.21459227467812",,"1050.63868075","1.181709335791126","1.587757359107097",
"857","CEMICS-Linear-1.5°C","REMIND 2.1","Final Energy|Electricity","EJ/yr","[object Object]",2050,19.955,"1.587757359107097","1.181709335791126","2048","1050.63868075","-11.052308050000228","-564.2737527700001","2052","2066","GW1","Rapid Fossil-Fuel Phase-Out","failed","high","medium","medium","medium","ok",,"ok","ok","ok",,"medium","true","C1","C1: Below 1.5°C with no or limited overshoot","REMIND 2.1","CEMICS_Linear_1p5","48.346273897776044","19.011509949278192","32.21459227467812",,"1050.63868075","1.181709335791126","1.587757359107097",
"857","CEMICS-Linear-1.5°C","REMIND 2.1","Final Energy|Electricity","EJ/yr","[object Object]",2055,20.9306,"1.587757359107097","1.181709335791126","2048","1050.63868075","-11.052308050000228","-564.2737527700001","2052","2066","GW1","Rapid Fossil-Fuel Phase-Out","failed","high","medium","medium","medium","ok",,"ok","ok","ok",,"medium","true","C1","C1: Below 1.5°C with no or limited overshoot","REMIND 2.1","CEMICS_Linear_1p5","48.346273897776044","19.011509949278192","32.21459227467812",,"1050.63868075","1.181709335791126","1.587757359107097",
"857","CEMICS-Linear-1.5°C","REMIND 2.1","Final Energy|Electricity","EJ/yr","[object Object]",2060,21.4499,"1.587757359107097","1.181709335791126","2048","1050.63868075","-11.052308050000228","-564.2737527700001","2052","2066","GW1","Rapid Fossil-Fuel Phase-Out","failed","high","medium","medium","medium","ok",,"ok","ok","ok",,"medium","true","C1","C1: Below 1.5°C with no or limited overshoot","REMIND 2.1","CEMICS_Linear_1p5","48.346273897776044","19.011509949278192","32.21459227467812",,"1050.63868075","1.181709335791126","1.587757359107097",
"857","CEMICS-Linear-1.5°C","REMIND 2.1","Final Energy|Electricity","EJ/yr","[object Object]",2070,23.5217,"1.587757359107097","1.181709335791126","2048","1050.63868075","-11.052308050000228","-564.2737527700001","2052","2066","GW1","Rapid Fossil-Fuel Phase-Out","failed","high","medium","medium","medium","ok",,"ok","ok","ok",,"medium","true","C1","C1: Below 1.5°C with no or limited overshoot","REMIND 2.1","CEMICS_Linear_1p5","48.346273897776044","19.011509949278192","32.21459227467812",,"1050.63868075","1.181709335791126","1.587757359107097",
"857","CEMICS-Linear-1.5°C","REMIND 2.1","Final Energy|Electricity","EJ/yr","[object Object]",2080,25.4811,"1.587757359107097","1.181709335791126","2048","1050.63868075","-11.052308050000228","-564.2737527700001","2052","2066","GW1","Rapid Fossil-Fuel Phase-Out","failed","high","medium","medium","medium","ok",,"ok","ok","ok",,"medium","true","C1","C1: Below 1.5°C with no or limited overshoot","REMIND 2.1","CEMICS_Linear_1p5","48.346273897776044","19.011509949278192","32.21459227467812",,"1050.63868075","1.181709335791126","1.587757359107097",
"857","CEMICS-Linear-1.5°C","REMIND 2.1","Final Energy|Electricity","EJ/yr","[object Object]",2090,26.4387,"1.587757359107097","1.181709335791126","2048","1050.63868075","-11.052308050000228","-564.2737527700001","2052","2066","GW1","Rapid Fossil-Fuel Phase-Out","failed","high","medium","medium","medium","ok",,"ok","ok","ok",,"medium","true","C1","C1: Below 1.5°C with no or limited overshoot","REMIND 2.1","CEMICS_Linear_1p5","48.346273897776044","19.011509949278192","32.21459227467812",,"1050.63868075","1.181709335791126","1.587757359107097",
"857","CEMICS-Linear-1.5°C","REMIND 2.1","Final Energy|Electricity","EJ/yr","[object Object]",2100,27.104,"1.587757359107097","1.181709335791126","2048","1050.63868075","-11.052308050000228","-564.2737527700001","2052","2066","GW1","Rapid Fossil-Fuel Phase-Out","failed","high","medium","medium","medium","ok",,"ok","ok","ok",,"medium","true","C1","C1: Below 1.5°C with no or limited overshoot","REMIND 2.1","CEMICS_Linear_1p5","48.346273897776044","19.011509949278192","32.21459227467812",,"1050.63868075","1.181709335791126","1.587757359107097",
"860","CEMICS-Optimal-1.5°C","REMIND 2.1","Final Energy|Electricity","EJ/yr","[object Object]",2010,10.3861,"1.591092920015553","1.463779944949593","2048","715.0997783999999","553.0775897999999","-0.20170703","2071",,"GW1","Rapid Fossil-Fuel Phase-Out","failed","high","medium","medium","medium","ok",,"ok","ok","ok",,"medium","true","C1","C1: Below 1.5°C with no or limited overshoot","REMIND 2.1","CEMICS_opt_1p5","44.18663456756068","21.975766846806184","32.16033670624721",,"715.0997783999999","1.463779944949593","1.591092920015553",
"860","CEMICS-Optimal-1.5°C","REMIND 2.1","Final Energy|Electricity","EJ/yr","[object Object]",2015,9.8443,"1.591092920015553","1.463779944949593","2048","715.0997783999999","553.0775897999999","-0.20170703","2071",,"GW1","Rapid Fossil-Fuel Phase-Out","failed","high","medium","medium","medium","ok",,"ok","ok","ok",,"medium","true","C1","C1: Below 1.5°C with no or limited overshoot","REMIND 2.1","CEMICS_opt_1p5","44.18663456756068","21.975766846806184","32.16033670624721",,"715.0997783999999","1.463779944949593","1.591092920015553",
"860","CEMICS-Optimal-1.5°C","REMIND 2.1","Final Energy|Electricity","EJ/yr","[object Object]",2020,10.3624,"1.591092920015553","1.463779944949593","2048","715.0997783999999","553.0775897999999","-0.20170703","2071",,"GW1","Rapid Fossil-Fuel Phase-Out","failed","high","medium","medium","medium","ok",,"ok","ok","ok",,"medium","true","C1","C1: Below 1.5°C with no or limited overshoot","REMIND 2.1","CEMICS_opt_1p5","44.18663456756068","21.975766846806184","32.16033670624721",,"715.0997783999999","1.463779944949593","1.591092920015553",
"860","CEMICS-Optimal-1.5°C","REMIND 2.1","Final Energy|Electricity","EJ/yr","[object Object]",2025,10.6637,"1.591092920015553","1.463779944949593","2048","715.0997783999999","553.0775897999999","-0.20170703","2071",,"GW1","Rapid Fossil-Fuel Phase-Out","failed","high","medium","medium","medium","ok",,"ok","ok","ok",,"medium","true","C1","C1: Below 1.5°C with no or limited overshoot","REMIND 2.1","CEMICS_opt_1p5","44.18663456756068","21.975766846806184","32.16033670624721",,"715.0997783999999","1.463779944949593","1.591092920015553",
"860","CEMICS-Optimal-1.5°C","REMIND 2.1","Final Energy|Electricity","EJ/yr","[object Object]",2030,11.9959,"1.591092920015553","1.463779944949593","2048","715.0997783999999","553.0775897999999","-0.20170703","2071",,"GW1","Rapid Fossil-Fuel Phase-Out","failed","high","medium","medium","medium","ok",,"ok","ok","ok",,"medium","true","C1","C1: Below 1.5°C with no or limited overshoot","REMIND 2.1","CEMICS_opt_1p5","44.18663456756068","21.975766846806184","32.16033670624721",,"715.0997783999999","1.463779944949593","1.591092920015553",
"860","CEMICS-Optimal-1.5°C","REMIND 2.1","Final Energy|Electricity","EJ/yr","[object Object]",2035,13.7921,"1.591092920015553","1.463779944949593","2048","715.0997783999999","553.0775897999999","-0.20170703","2071",,"GW1","Rapid Fossil-Fuel Phase-Out","failed","high","medium","medium","medium","ok",,"ok","ok","ok",,"medium","true","C1","C1: Below 1.5°C with no or limited overshoot","REMIND 2.1","CEMICS_opt_1p5","44.18663456756068","21.975766846806184","32.16033670624721",,"715.0997783999999","1.463779944949593","1.591092920015553",
"860","CEMICS-Optimal-1.5°C","REMIND 2.1","Final Energy|Electricity","EJ/yr","[object Object]",2040,16.3086,"1.591092920015553","1.463779944949593","2048","715.0997783999999","553.0775897999999","-0.20170703","2071",,"GW1","Rapid Fossil-Fuel Phase-Out","failed","high","medium","medium","medium","ok",,"ok","ok","ok",,"medium","true","C1","C1: Below 1.5°C with no or limited overshoot","REMIND 2.1","CEMICS_opt_1p5","44.18663456756068","21.975766846806184","32.16033670624721",,"715.0997783999999","1.463779944949593","1.591092920015553",
"860","CEMICS-Optimal-1.5°C","REMIND 2.1","Final Energy|Electricity","EJ/yr","[object Object]",2045,17.84,"1.591092920015553","1.463779944949593","2048","715.0997783999999","553.0775897999999","-0.20170703","2071",,"GW1","Rapid Fossil-Fuel Phase-Out","failed","high","medium","medium","medium","ok",,"ok","ok","ok",,"medium","true","C1","C1: Below 1.5°C with no or limited overshoot","REMIND 2.1","CEMICS_opt_1p5","44.18663456756068","21.975766846806184","32.16033670624721",,"715.0997783999999","1.463779944949593","1.591092920015553",
"860","CEMICS-Optimal-1.5°C","REMIND 2.1","Final Energy|Electricity","EJ/yr","[object Object]",2050,18.848,"1.591092920015553","1.463779944949593","2048","715.0997783999999","553.0775897999999","-0.20170703","2071",,"GW1","Rapid Fossil-Fuel Phase-Out","failed","high","medium","medium","medium","ok",,"ok","ok","ok",,"medium","true","C1","C1: Below 1.5°C with no or limited overshoot","REMIND 2.1","CEMICS_opt_1p5","44.18663456756068","21.975766846806184","32.16033670624721",,"715.0997783999999","1.463779944949593","1.591092920015553",
"860","CEMICS-Optimal-1.5°C","REMIND 2.1","Final Energy|Electricity","EJ/yr","[object Object]",2055,18.694,"1.591092920015553","1.463779944949593","2048","715.0997783999999","553.0775897999999","-0.20170703","2071",,"GW1","Rapid Fossil-Fuel Phase-Out","failed","high","medium","medium","medium","ok",,"ok","ok","ok",,"medium","true","C1","C1: Below 1.5°C with no or limited overshoot","REMIND 2.1","CEMICS_opt_1p5","44.18663456756068","21.975766846806184","32.16033670624721",,"715.0997783999999","1.463779944949593","1.591092920015553",
"860","CEMICS-Optimal-1.5°C","REMIND 2.1","Final Energy|Electricity","EJ/yr","[object Object]",2060,19.1651,"1.591092920015553","1.463779944949593","2048","715.0997783999999","553.0775897999999","-0.20170703","2071",,"GW1","Rapid Fossil-Fuel Phase-Out","failed","high","medium","medium","medium","ok",,"ok","ok","ok",,"medium","true","C1","C1: Below 1.5°C with no or limited overshoot","REMIND 2.1","CEMICS_opt_1p5","44.18663456756068","21.975766846806184","32.16033670624721",,"715.0997783999999","1.463779944949593","1.591092920015553",
"860","CEMICS-Optimal-1.5°C","REMIND 2.1","Final Energy|Electricity","EJ/yr","[object Object]",2070,20.6182,"1.591092920015553","1.463779944949593","2048","715.0997783999999","553.0775897999999","-0.20170703","2071",,"GW1","Rapid Fossil-Fuel Phase-Out","failed","high","medium","medium","medium","ok",,"ok","ok","ok",,"medium","true","C1","C1: Below 1.5°C with no or limited overshoot","REMIND 2.1","CEMICS_opt_1p5","44.18663456756068","21.975766846806184","32.16033670624721",,"715.0997783999999","1.463779944949593","1.591092920015553",
"860","CEMICS-Optimal-1.5°C","REMIND 2.1","Final Energy|Electricity","EJ/yr","[object Object]",2080,21.6955,"1.591092920015553","1.463779944949593","2048","715.0997783999999","553.0775897999999","-0.20170703","2071",,"GW1","Rapid Fossil-Fuel Phase-Out","failed","high","medium","medium","medium","ok",,"ok","ok","ok",,"medium","true","C1","C1: Below 1.5°C with no or limited overshoot","REMIND 2.1","CEMICS_opt_1p5","44.18663456756068","21.975766846806184","32.16033670624721",,"715.0997783999999","1.463779944949593","1.591092920015553",
"860","CEMICS-Optimal-1.5°C","REMIND 2.1","Final Energy|Electricity","EJ/yr","[object Object]",2090,24.083,"1.591092920015553","1.463779944949593","2048","715.0997783999999","553.0775897999999","-0.20170703","2071",,"GW1","Rapid Fossil-Fuel Phase-Out","failed","high","medium","medium","medium","ok",,"ok","ok","ok",,"medium","true","C1","C1: Below 1.5°C with no or limited overshoot","REMIND 2.1","CEMICS_opt_1p5","44.18663456756068","21.975766846806184","32.16033670624721",,"715.0997783999999","1.463779944949593","1.591092920015553",
"860","CEMICS-Optimal-1.5°C","REMIND 2.1","Final Energy|Electricity","EJ/yr","[object Object]",2100,26.4211,"1.591092920015553","1.463779944949593","2048","715.0997783999999","553.0775897999999","-0.20170703","2071",,"GW1","Rapid Fossil-Fuel Phase-Out","failed","high","medium","medium","medium","ok",,"ok","ok","ok",,"medium","true","C1","C1: Below 1.5°C with no or limited overshoot","REMIND 2.1","CEMICS_opt_1p5","44.18663456756068","21.975766846806184","32.16033670624721",,"715.0997783999999","1.463779944949593","1.591092920015553",
"862","CEMICS-SSP1-1.5°C-fullCDR","REMIND-MAgPIE 2.1-4.2","Final Energy|Electricity","EJ/yr","[object Object]",2010,10.4455,"1.556562669794239","1.185508583924597","2047","394.3181506","398.3173787000001","-157.53973959999996","2055","2088","GW1","Rapid Fossil-Fuel Phase-Out","failed","high","medium","ok","medium","medium",,"ok","ok","ok",,"medium","true","C1","C1: Below 1.5°C with no or limited overshoot","REMIND-MAgPIE 2.1-4.2","CEMICS_SSP1-1p5C-fullCDR","51.041416574055056","17.096557818111616","31.481101042777905","4.095685915625339","394.3181506","1.185508583924597","1.556562669794239",
"862","CEMICS-SSP1-1.5°C-fullCDR","REMIND-MAgPIE 2.1-4.2","Final Energy|Electricity","EJ/yr","[object Object]",2015,9.8564,"1.556562669794239","1.185508583924597","2047","394.3181506","398.3173787000001","-157.53973959999996","2055","2088","GW1","Rapid Fossil-Fuel Phase-Out","failed","high","medium","ok","medium","medium",,"ok","ok","ok",,"medium","true","C1","C1: Below 1.5°C with no or limited overshoot","REMIND-MAgPIE 2.1-4.2","CEMICS_SSP1-1p5C-fullCDR","51.041416574055056","17.096557818111616","31.481101042777905","4.095685915625339","394.3181506","1.185508583924597","1.556562669794239",
"862","CEMICS-SSP1-1.5°C-fullCDR","REMIND-MAgPIE 2.1-4.2","Final Energy|Electricity","EJ/yr","[object Object]",2020,10.3151,"1.556562669794239","1.185508583924597","2047","394.3181506","398.3173787000001","-157.53973959999996","2055","2088","GW1","Rapid Fossil-Fuel Phase-Out","failed","high","medium","ok","medium","medium",,"ok","ok","ok",,"medium","true","C1","C1: Below 1.5°C with no or limited overshoot","REMIND-MAgPIE 2.1-4.2","CEMICS_SSP1-1p5C-fullCDR","51.041416574055056","17.096557818111616","31.481101042777905","4.095685915625339","394.3181506","1.185508583924597","1.556562669794239",
"862","CEMICS-SSP1-1.5°C-fullCDR","REMIND-MAgPIE 2.1-4.2","Final Energy|Electricity","EJ/yr","[object Object]",2025,10.0743,"1.556562669794239","1.185508583924597","2047","394.3181506","398.3173787000001","-157.53973959999996","2055","2088","GW1","Rapid Fossil-Fuel Phase-Out","failed","high","medium","ok","medium","medium",,"ok","ok","ok",,"medium","true","C1","C1: Below 1.5°C with no or limited overshoot","REMIND-MAgPIE 2.1-4.2","CEMICS_SSP1-1p5C-fullCDR","51.041416574055056","17.096557818111616","31.481101042777905","4.095685915625339","394.3181506","1.185508583924597","1.556562669794239",
"862","CEMICS-SSP1-1.5°C-fullCDR","REMIND-MAgPIE 2.1-4.2","Final Energy|Electricity","EJ/yr","[object Object]",2030,10.9014,"1.556562669794239","1.185508583924597","2047","394.3181506","398.3173787000001","-157.53973959999996","2055","2088","GW1","Rapid Fossil-Fuel Phase-Out","failed","high","medium","ok","medium","medium",,"ok","ok","ok",,"medium","true","C1","C1: Below 1.5°C with no or limited overshoot","REMIND-MAgPIE 2.1-4.2","CEMICS_SSP1-1p5C-fullCDR","51.041416574055056","17.096557818111616","31.481101042777905","4.095685915625339","394.3181506","1.185508583924597","1.556562669794239",
"862","CEMICS-SSP1-1.5°C-fullCDR","REMIND-MAgPIE 2.1-4.2","Final Energy|Electricity","EJ/yr","[object Object]",2035,12.3579,"1.556562669794239","1.185508583924597","2047","394.3181506","398.3173787000001","-157.53973959999996","2055","2088","GW1","Rapid Fossil-Fuel Phase-Out","failed","high","medium","ok","medium","medium",,"ok","ok","ok",,"medium","true","C1","C1: Below 1.5°C with no or limited overshoot","REMIND-MAgPIE 2.1-4.2","CEMICS_SSP1-1p5C-fullCDR","51.041416574055056","17.096557818111616","31.481101042777905","4.095685915625339","394.3181506","1.185508583924597","1.556562669794239",
"862","CEMICS-SSP1-1.5°C-fullCDR","REMIND-MAgPIE 2.1-4.2","Final Energy|Electricity","EJ/yr","[object Object]",2040,14.0893,"1.556562669794239","1.185508583924597","2047","394.3181506","398.3173787000001","-157.53973959999996","2055","2088","GW1","Rapid Fossil-Fuel Phase-Out","failed","high","medium","ok","medium","medium",,"ok","ok","ok",,"medium","true","C1","C1: Below 1.5°C with no or limited overshoot","REMIND-MAgPIE 2.1-4.2","CEMICS_SSP1-1p5C-fullCDR","51.041416574055056","17.096557818111616","31.481101042777905","4.095685915625339","394.3181506","1.185508583924597","1.556562669794239",
"862","CEMICS-SSP1-1.5°C-fullCDR","REMIND-MAgPIE 2.1-4.2","Final Energy|Electricity","EJ/yr","[object Object]",2045,15.3127,"1.556562669794239","1.185508583924597","2047","394.3181506","398.3173787000001","-157.53973959999996","2055","2088","GW1","Rapid Fossil-Fuel Phase-Out","failed","high","medium","ok","medium","medium",,"ok","ok","ok",,"medium","true","C1","C1: Below 1.5°C with no or limited overshoot","REMIND-MAgPIE 2.1-4.2","CEMICS_SSP1-1p5C-fullCDR","51.041416574055056","17.096557818111616","31.481101042777905","4.095685915625339","394.3181506","1.185508583924597","1.556562669794239",
"862","CEMICS-SSP1-1.5°C-fullCDR","REMIND-MAgPIE 2.1-4.2","Final Energy|Electricity","EJ/yr","[object Object]",2050,16.1278,"1.556562669794239","1.185508583924597","2047","394.3181506","398.3173787000001","-157.53973959999996","2055","2088","GW1","Rapid Fossil-Fuel Phase-Out","failed","high","medium","ok","medium","medium",,"ok","ok","ok",,"medium","true","C1","C1: Below 1.5°C with no or limited overshoot","REMIND-MAgPIE 2.1-4.2","CEMICS_SSP1-1p5C-fullCDR","51.041416574055056","17.096557818111616","31.481101042777905","4.095685915625339","394.3181506","1.185508583924597","1.556562669794239",
"862","CEMICS-SSP1-1.5°C-fullCDR","REMIND-MAgPIE 2.1-4.2","Final Energy|Electricity","EJ/yr","[object Object]",2055,16.3281,"1.556562669794239","1.185508583924597","2047","394.3181506","398.3173787000001","-157.53973959999996","2055","2088","GW1","Rapid Fossil-Fuel Phase-Out","failed","high","medium","ok","medium","medium",,"ok","ok","ok",,"medium","true","C1","C1: Below 1.5°C with no or limited overshoot","REMIND-MAgPIE 2.1-4.2","CEMICS_SSP1-1p5C-fullCDR","51.041416574055056","17.096557818111616","31.481101042777905","4.095685915625339","394.3181506","1.185508583924597","1.556562669794239",
"862","CEMICS-SSP1-1.5°C-fullCDR","REMIND-MAgPIE 2.1-4.2","Final Energy|Electricity","EJ/yr","[object Object]",2060,16.091,"1.556562669794239","1.185508583924597","2047","394.3181506","398.3173787000001","-157.53973959999996","2055","2088","GW1","Rapid Fossil-Fuel Phase-Out","failed","high","medium","ok","medium","medium",,"ok","ok","ok",,"medium","true","C1","C1: Below 1.5°C with no or limited overshoot","REMIND-MAgPIE 2.1-4.2","CEMICS_SSP1-1p5C-fullCDR","51.041416574055056","17.096557818111616","31.481101042777905","4.095685915625339","394.3181506","1.185508583924597","1.556562669794239",
"862","CEMICS-SSP1-1.5°C-fullCDR","REMIND-MAgPIE 2.1-4.2","Final Energy|Electricity","EJ/yr","[object Object]",2070,15.1504,"1.556562669794239","1.185508583924597","2047","394.3181506","398.3173787000001","-157.53973959999996","2055","2088","GW1","Rapid Fossil-Fuel Phase-Out","failed","high","medium","ok","medium","medium",,"ok","ok","ok",,"medium","true","C1","C1: Below 1.5°C with no or limited overshoot","REMIND-MAgPIE 2.1-4.2","CEMICS_SSP1-1p5C-fullCDR","51.041416574055056","17.096557818111616","31.481101042777905","4.095685915625339","394.3181506","1.185508583924597","1.556562669794239",
"862","CEMICS-SSP1-1.5°C-fullCDR","REMIND-MAgPIE 2.1-4.2","Final Energy|Electricity","EJ/yr","[object Object]",2080,14.2963,"1.556562669794239","1.185508583924597","2047","394.3181506","398.3173787000001","-157.53973959999996","2055","2088","GW1","Rapid Fossil-Fuel Phase-Out","failed","high","medium","ok","medium","medium",,"ok","ok","ok",,"medium","true","C1","C1: Below 1.5°C with no or limited overshoot","REMIND-MAgPIE 2.1-4.2","CEMICS_SSP1-1p5C-fullCDR","51.041416574055056","17.096557818111616","31.481101042777905","4.095685915625339","394.3181506","1.185508583924597","1.556562669794239",
"862","CEMICS-SSP1-1.5°C-fullCDR","REMIND-MAgPIE 2.1-4.2","Final Energy|Electricity","EJ/yr","[object Object]",2090,13.6538,"1.556562669794239","1.185508583924597","2047","394.3181506","398.3173787000001","-157.53973959999996","2055","2088","GW1","Rapid Fossil-Fuel Phase-Out","failed","high","medium","ok","medium","medium",,"ok","ok","ok",,"medium","true","C1","C1: Below 1.5°C with no or limited overshoot","REMIND-MAgPIE 2.1-4.2","CEMICS_SSP1-1p5C-fullCDR","51.041416574055056","17.096557818111616","31.481101042777905","4.095685915625339","394.3181506","1.185508583924597","1.556562669794239",
"862","CEMICS-SSP1-1.5°C-fullCDR","REMIND-MAgPIE 2.1-4.2","Final Energy|Electricity","EJ/yr","[object Object]",2100,13.6244,"1.556562669794239","1.185508583924597","2047","394.3181506","398.3173787000001","-157.53973959999996","2055","2088","GW1","Rapid Fossil-Fuel Phase-Out","failed","high","medium","ok","medium","medium",,"ok","ok","ok",,"medium","true","C1","C1: Below 1.5°C with no or limited overshoot","REMIND-MAgPIE 2.1-4.2","CEMICS_SSP1-1p5C-fullCDR","51.041416574055056","17.096557818111616","31.481101042777905","4.095685915625339","394.3181506","1.185508583924597","1.556562669794239",
"863","CEMICS-SSP1-1.5°C-minCDR","REMIND-MAgPIE 2.1-4.2","Final Energy|Electricity","EJ/yr","[object Object]",2010,10.4455,"1.542595740176328","1.258998279328586","2039","119.01284534999999","543.4947887000001","-12.52329675","2076",,"GW1","Rapid Fossil-Fuel Phase-Out","failed","high","medium","ok","medium","medium",,"ok","ok","ok",,"medium","true","C1","C1: Below 1.5°C with no or limited overshoot","REMIND-MAgPIE 2.1-4.2","CEMICS_SSP1-1p5C-minCDR","60.03254243874008","8.566918425334531","31.027029652475896","4.052038772023295","119.01284534999999","1.258998279328586","1.542595740176328",
"863","CEMICS-SSP1-1.5°C-minCDR","REMIND-MAgPIE 2.1-4.2","Final Energy|Electricity","EJ/yr","[object Object]",2015,9.8564,"1.542595740176328","1.258998279328586","2039","119.01284534999999","543.4947887000001","-12.52329675","2076",,"GW1","Rapid Fossil-Fuel Phase-Out","failed","high","medium","ok","medium","medium",,"ok","ok","ok",,"medium","true","C1","C1: Below 1.5°C with no or limited overshoot","REMIND-MAgPIE 2.1-4.2","CEMICS_SSP1-1p5C-minCDR","60.03254243874008","8.566918425334531","31.027029652475896","4.052038772023295","119.01284534999999","1.258998279328586","1.542595740176328",
"863","CEMICS-SSP1-1.5°C-minCDR","REMIND-MAgPIE 2.1-4.2","Final Energy|Electricity","EJ/yr","[object Object]",2020,10.3151,"1.542595740176328","1.258998279328586","2039","119.01284534999999","543.4947887000001","-12.52329675","2076",,"GW1","Rapid Fossil-Fuel Phase-Out","failed","high","medium","ok","medium","medium",,"ok","ok","ok",,"medium","true","C1","C1: Below 1.5°C with no or limited overshoot","REMIND-MAgPIE 2.1-4.2","CEMICS_SSP1-1p5C-minCDR","60.03254243874008","8.566918425334531","31.027029652475896","4.052038772023295","119.01284534999999","1.258998279328586","1.542595740176328",
"863","CEMICS-SSP1-1.5°C-minCDR","REMIND-MAgPIE 2.1-4.2","Final Energy|Electricity","EJ/yr","[object Object]",2025,9.9394,"1.542595740176328","1.258998279328586","2039","119.01284534999999","543.4947887000001","-12.52329675","2076",,"GW1","Rapid Fossil-Fuel Phase-Out","failed","high","medium","ok","medium","medium",,"ok","ok","ok",,"medium","true","C1","C1: Below 1.5°C with no or limited overshoot","REMIND-MAgPIE 2.1-4.2","CEMICS_SSP1-1p5C-minCDR","60.03254243874008","8.566918425334531","31.027029652475896","4.052038772023295","119.01284534999999","1.258998279328586","1.542595740176328",
"863","CEMICS-SSP1-1.5°C-minCDR","REMIND-MAgPIE 2.1-4.2","Final Energy|Electricity","EJ/yr","[object Object]",2030,11.0379,"1.542595740176328","1.258998279328586","2039","119.01284534999999","543.4947887000001","-12.52329675","2076",,"GW1","Rapid Fossil-Fuel Phase-Out","failed","high","medium","ok","medium","medium",,"ok","ok","ok",,"medium","true","C1","C1: Below 1.5°C with no or limited overshoot","REMIND-MAgPIE 2.1-4.2","CEMICS_SSP1-1p5C-minCDR","60.03254243874008","8.566918425334531","31.027029652475896","4.052038772023295","119.01284534999999","1.258998279328586","1.542595740176328",
"863","CEMICS-SSP1-1.5°C-minCDR","REMIND-MAgPIE 2.1-4.2","Final Energy|Electricity","EJ/yr","[object Object]",2035,13.2047,"1.542595740176328","1.258998279328586","2039","119.01284534999999","543.4947887000001","-12.52329675","2076",,"GW1","Rapid Fossil-Fuel Phase-Out","failed","high","medium","ok","medium","medium",,"ok","ok","ok",,"medium","true","C1","C1: Below 1.5°C with no or limited overshoot","REMIND-MAgPIE 2.1-4.2","CEMICS_SSP1-1p5C-minCDR","60.03254243874008","8.566918425334531","31.027029652475896","4.052038772023295","119.01284534999999","1.258998279328586","1.542595740176328",
"863","CEMICS-SSP1-1.5°C-minCDR","REMIND-MAgPIE 2.1-4.2","Final Energy|Electricity","EJ/yr","[object Object]",2040,15.1404,"1.542595740176328","1.258998279328586","2039","119.01284534999999","543.4947887000001","-12.52329675","2076",,"GW1","Rapid Fossil-Fuel Phase-Out","failed","high","medium","ok","medium","medium",,"ok","ok","ok",,"medium","true","C1","C1: Below 1.5°C with no or limited overshoot","REMIND-MAgPIE 2.1-4.2","CEMICS_SSP1-1p5C-minCDR","60.03254243874008","8.566918425334531","31.027029652475896","4.052038772023295","119.01284534999999","1.258998279328586","1.542595740176328",
"863","CEMICS-SSP1-1.5°C-minCDR","REMIND-MAgPIE 2.1-4.2","Final Energy|Electricity","EJ/yr","[object Object]",2045,16.3144,"1.542595740176328","1.258998279328586","2039","119.01284534999999","543.4947887000001","-12.52329675","2076",,"GW1","Rapid Fossil-Fuel Phase-Out","failed","high","medium","ok","medium","medium",,"ok","ok","ok",,"medium","true","C1","C1: Below 1.5°C with no or limited overshoot","REMIND-MAgPIE 2.1-4.2","CEMICS_SSP1-1p5C-minCDR","60.03254243874008","8.566918425334531","31.027029652475896","4.052038772023295","119.01284534999999","1.258998279328586","1.542595740176328",
"863","CEMICS-SSP1-1.5°C-minCDR","REMIND-MAgPIE 2.1-4.2","Final Energy|Electricity","EJ/yr","[object Object]",2050,17.1184,"1.542595740176328","1.258998279328586","2039","119.01284534999999","543.4947887000001","-12.52329675","2076",,"GW1","Rapid Fossil-Fuel Phase-Out","failed","high","medium","ok","medium","medium",,"ok","ok","ok",,"medium","true","C1","C1: Below 1.5°C with no or limited overshoot","REMIND-MAgPIE 2.1-4.2","CEMICS_SSP1-1p5C-minCDR","60.03254243874008","8.566918425334531","31.027029652475896","4.052038772023295","119.01284534999999","1.258998279328586","1.542595740176328",
"863","CEMICS-SSP1-1.5°C-minCDR","REMIND-MAgPIE 2.1-4.2","Final Energy|Electricity","EJ/yr","[object Object]",2055,17.3748,"1.542595740176328","1.258998279328586","2039","119.01284534999999","543.4947887000001","-12.52329675","2076",,"GW1","Rapid Fossil-Fuel Phase-Out","failed","high","medium","ok","medium","medium",,"ok","ok","ok",,"medium","true","C1","C1: Below 1.5°C with no or limited overshoot","REMIND-MAgPIE 2.1-4.2","CEMICS_SSP1-1p5C-minCDR","60.03254243874008","8.566918425334531","31.027029652475896","4.052038772023295","119.01284534999999","1.258998279328586","1.542595740176328",
"863","CEMICS-SSP1-1.5°C-minCDR","REMIND-MAgPIE 2.1-4.2","Final Energy|Electricity","EJ/yr","[object Object]",2060,17.1894,"1.542595740176328","1.258998279328586","2039","119.01284534999999","543.4947887000001","-12.52329675","2076",,"GW1","Rapid Fossil-Fuel Phase-Out","failed","high","medium","ok","medium","medium",,"ok","ok","ok",,"medium","true","C1","C1: Below 1.5°C with no or limited overshoot","REMIND-MAgPIE 2.1-4.2","CEMICS_SSP1-1p5C-minCDR","60.03254243874008","8.566918425334531","31.027029652475896","4.052038772023295","119.01284534999999","1.258998279328586","1.542595740176328",
"863","CEMICS-SSP1-1.5°C-minCDR","REMIND-MAgPIE 2.1-4.2","Final Energy|Electricity","EJ/yr","[object Object]",2070,16.4034,"1.542595740176328","1.258998279328586","2039","119.01284534999999","543.4947887000001","-12.52329675","2076",,"GW1","Rapid Fossil-Fuel Phase-Out","failed","high","medium","ok","medium","medium",,"ok","ok","ok",,"medium","true","C1","C1: Below 1.5°C with no or limited overshoot","REMIND-MAgPIE 2.1-4.2","CEMICS_SSP1-1p5C-minCDR","60.03254243874008","8.566918425334531","31.027029652475896","4.052038772023295","119.01284534999999","1.258998279328586","1.542595740176328",
"863","CEMICS-SSP1-1.5°C-minCDR","REMIND-MAgPIE 2.1-4.2","Final Energy|Electricity","EJ/yr","[object Object]",2080,15.0859,"1.542595740176328","1.258998279328586","2039","119.01284534999999","543.4947887000001","-12.52329675","2076",,"GW1","Rapid Fossil-Fuel Phase-Out","failed","high","medium","ok","medium","medium",,"ok","ok","ok",,"medium","true","C1","C1: Below 1.5°C with no or limited overshoot","REMIND-MAgPIE 2.1-4.2","CEMICS_SSP1-1p5C-minCDR","60.03254243874008","8.566918425334531","31.027029652475896","4.052038772023295","119.01284534999999","1.258998279328586","1.542595740176328",
"863","CEMICS-SSP1-1.5°C-minCDR","REMIND-MAgPIE 2.1-4.2","Final Energy|Electricity","EJ/yr","[object Object]",2090,13.7611,"1.542595740176328","1.258998279328586","2039","119.01284534999999","543.4947887000001","-12.52329675","2076",,"GW1","Rapid Fossil-Fuel Phase-Out","failed","high","medium","ok","medium","medium",,"ok","ok","ok",,"medium","true","C1","C1: Below 1.5°C with no or limited overshoot","REMIND-MAgPIE 2.1-4.2","CEMICS_SSP1-1p5C-minCDR","60.03254243874008","8.566918425334531","31.027029652475896","4.052038772023295","119.01284534999999","1.258998279328586","1.542595740176328",
"863","CEMICS-SSP1-1.5°C-minCDR","REMIND-MAgPIE 2.1-4.2","Final Energy|Electricity","EJ/yr","[object Object]",2100,13.6489,"1.542595740176328","1.258998279328586","2039","119.01284534999999","543.4947887000001","-12.52329675","2076",,"GW1","Rapid Fossil-Fuel Phase-Out","failed","high","medium","ok","medium","medium",,"ok","ok","ok",,"medium","true","C1","C1: Below 1.5°C with no or limited overshoot","REMIND-MAgPIE 2.1-4.2","CEMICS_SSP1-1p5C-minCDR","60.03254243874008","8.566918425334531","31.027029652475896","4.052038772023295","119.01284534999999","1.258998279328586","1.542595740176328",
"865","CEMICS-SSP2-1.5°C-fullCDR","REMIND-MAgPIE 2.1-4.2","Final Energy|Electricity","EJ/yr","[object Object]",2010,10.386,"1.576798694745191","1.395549642101571","2048","637.9478004999999","461.51533575","-88.97809654999999","2054",,"GW1","Rapid Fossil-Fuel Phase-Out","failed","high","medium","medium","medium","ok",,"ok","ok","ok",,"medium","true","C1","C1: Below 1.5°C with no or limited overshoot","REMIND-MAgPIE 2.1-4.2","CEMICS_SSP2-1p5C-fullCDR","47.874031431606575","21.099364181715927","30.721974004874085","4.146819005652588","637.9478004999999","1.395549642101571","1.576798694745191",
"865","CEMICS-SSP2-1.5°C-fullCDR","REMIND-MAgPIE 2.1-4.2","Final Energy|Electricity","EJ/yr","[object Object]",2015,9.8663,"1.576798694745191","1.395549642101571","2048","637.9478004999999","461.51533575","-88.97809654999999","2054",,"GW1","Rapid Fossil-Fuel Phase-Out","failed","high","medium","medium","medium","ok",,"ok","ok","ok",,"medium","true","C1","C1: Below 1.5°C with no or limited overshoot","REMIND-MAgPIE 2.1-4.2","CEMICS_SSP2-1p5C-fullCDR","47.874031431606575","21.099364181715927","30.721974004874085","4.146819005652588","637.9478004999999","1.395549642101571","1.576798694745191",
"865","CEMICS-SSP2-1.5°C-fullCDR","REMIND-MAgPIE 2.1-4.2","Final Energy|Electricity","EJ/yr","[object Object]",2020,10.3764,"1.576798694745191","1.395549642101571","2048","637.9478004999999","461.51533575","-88.97809654999999","2054",,"GW1","Rapid Fossil-Fuel Phase-Out","failed","high","medium","medium","medium","ok",,"ok","ok","ok",,"medium","true","C1","C1: Below 1.5°C with no or limited overshoot","REMIND-MAgPIE 2.1-4.2","CEMICS_SSP2-1p5C-fullCDR","47.874031431606575","21.099364181715927","30.721974004874085","4.146819005652588","637.9478004999999","1.395549642101571","1.576798694745191",
"865","CEMICS-SSP2-1.5°C-fullCDR","REMIND-MAgPIE 2.1-4.2","Final Energy|Electricity","EJ/yr","[object Object]",2025,10.5821,"1.576798694745191","1.395549642101571","2048","637.9478004999999","461.51533575","-88.97809654999999","2054",,"GW1","Rapid Fossil-Fuel Phase-Out","failed","high","medium","medium","medium","ok",,"ok","ok","ok",,"medium","true","C1","C1: Below 1.5°C with no or limited overshoot","REMIND-MAgPIE 2.1-4.2","CEMICS_SSP2-1p5C-fullCDR","47.874031431606575","21.099364181715927","30.721974004874085","4.146819005652588","637.9478004999999","1.395549642101571","1.576798694745191",
"865","CEMICS-SSP2-1.5°C-fullCDR","REMIND-MAgPIE 2.1-4.2","Final Energy|Electricity","EJ/yr","[object Object]",2030,11.8923,"1.576798694745191","1.395549642101571","2048","637.9478004999999","461.51533575","-88.97809654999999","2054",,"GW1","Rapid Fossil-Fuel Phase-Out","failed","high","medium","medium","medium","ok",,"ok","ok","ok",,"medium","true","C1","C1: Below 1.5°C with no or limited overshoot","REMIND-MAgPIE 2.1-4.2","CEMICS_SSP2-1p5C-fullCDR","47.874031431606575","21.099364181715927","30.721974004874085","4.146819005652588","637.9478004999999","1.395549642101571","1.576798694745191",
"865","CEMICS-SSP2-1.5°C-fullCDR","REMIND-MAgPIE 2.1-4.2","Final Energy|Electricity","EJ/yr","[object Object]",2035,13.7976,"1.576798694745191","1.395549642101571","2048","637.9478004999999","461.51533575","-88.97809654999999","2054",,"GW1","Rapid Fossil-Fuel Phase-Out","failed","high","medium","medium","medium","ok",,"ok","ok","ok",,"medium","true","C1","C1: Below 1.5°C with no or limited overshoot","REMIND-MAgPIE 2.1-4.2","CEMICS_SSP2-1p5C-fullCDR","47.874031431606575","21.099364181715927","30.721974004874085","4.146819005652588","637.9478004999999","1.395549642101571","1.576798694745191",
"865","CEMICS-SSP2-1.5°C-fullCDR","REMIND-MAgPIE 2.1-4.2","Final Energy|Electricity","EJ/yr","[object Object]",2040,16.4561,"1.576798694745191","1.395549642101571","2048","637.9478004999999","461.51533575","-88.97809654999999","2054",,"GW1","Rapid Fossil-Fuel Phase-Out","failed","high","medium","medium","medium","ok",,"ok","ok","ok",,"medium","true","C1","C1: Below 1.5°C with no or limited overshoot","REMIND-MAgPIE 2.1-4.2","CEMICS_SSP2-1p5C-fullCDR","47.874031431606575","21.099364181715927","30.721974004874085","4.146819005652588","637.9478004999999","1.395549642101571","1.576798694745191",
"865","CEMICS-SSP2-1.5°C-fullCDR","REMIND-MAgPIE 2.1-4.2","Final Energy|Electricity","EJ/yr","[object Object]",2045,18.4452,"1.576798694745191","1.395549642101571","2048","637.9478004999999","461.51533575","-88.97809654999999","2054",,"GW1","Rapid Fossil-Fuel Phase-Out","failed","high","medium","medium","medium","ok",,"ok","ok","ok",,"medium","true","C1","C1: Below 1.5°C with no or limited overshoot","REMIND-MAgPIE 2.1-4.2","CEMICS_SSP2-1p5C-fullCDR","47.874031431606575","21.099364181715927","30.721974004874085","4.146819005652588","637.9478004999999","1.395549642101571","1.576798694745191",
"865","CEMICS-SSP2-1.5°C-fullCDR","REMIND-MAgPIE 2.1-4.2","Final Energy|Electricity","EJ/yr","[object Object]",2050,19.8632,"1.576798694745191","1.395549642101571","2048","637.9478004999999","461.51533575","-88.97809654999999","2054",,"GW1","Rapid Fossil-Fuel Phase-Out","failed","high","medium","medium","medium","ok",,"ok","ok","ok",,"medium","true","C1","C1: Below 1.5°C with no or limited overshoot","REMIND-MAgPIE 2.1-4.2","CEMICS_SSP2-1p5C-fullCDR","47.874031431606575","21.099364181715927","30.721974004874085","4.146819005652588","637.9478004999999","1.395549642101571","1.576798694745191",
"865","CEMICS-SSP2-1.5°C-fullCDR","REMIND-MAgPIE 2.1-4.2","Final Energy|Electricity","EJ/yr","[object Object]",2055,20.6249,"1.576798694745191","1.395549642101571","2048","637.9478004999999","461.51533575","-88.97809654999999","2054",,"GW1","Rapid Fossil-Fuel Phase-Out","failed","high","medium","medium","medium","ok",,"ok","ok","ok",,"medium","true","C1","C1: Below 1.5°C with no or limited overshoot","REMIND-MAgPIE 2.1-4.2","CEMICS_SSP2-1p5C-fullCDR","47.874031431606575","21.099364181715927","30.721974004874085","4.146819005652588","637.9478004999999","1.395549642101571","1.576798694745191",
"865","CEMICS-SSP2-1.5°C-fullCDR","REMIND-MAgPIE 2.1-4.2","Final Energy|Electricity","EJ/yr","[object Object]",2060,21.0207,"1.576798694745191","1.395549642101571","2048","637.9478004999999","461.51533575","-88.97809654999999","2054",,"GW1","Rapid Fossil-Fuel Phase-Out","failed","high","medium","medium","medium","ok",,"ok","ok","ok",,"medium","true","C1","C1: Below 1.5°C with no or limited overshoot","REMIND-MAgPIE 2.1-4.2","CEMICS_SSP2-1p5C-fullCDR","47.874031431606575","21.099364181715927","30.721974004874085","4.146819005652588","637.9478004999999","1.395549642101571","1.576798694745191",
"865","CEMICS-SSP2-1.5°C-fullCDR","REMIND-MAgPIE 2.1-4.2","Final Energy|Electricity","EJ/yr","[object Object]",2070,22.4057,"1.576798694745191","1.395549642101571","2048","637.9478004999999","461.51533575","-88.97809654999999","2054",,"GW1","Rapid Fossil-Fuel Phase-Out","failed","high","medium","medium","medium","ok",,"ok","ok","ok",,"medium","true","C1","C1: Below 1.5°C with no or limited overshoot","REMIND-MAgPIE 2.1-4.2","CEMICS_SSP2-1p5C-fullCDR","47.874031431606575","21.099364181715927","30.721974004874085","4.146819005652588","637.9478004999999","1.395549642101571","1.576798694745191",
"865","CEMICS-SSP2-1.5°C-fullCDR","REMIND-MAgPIE 2.1-4.2","Final Energy|Electricity","EJ/yr","[object Object]",2080,23.7546,"1.576798694745191","1.395549642101571","2048","637.9478004999999","461.51533575","-88.97809654999999","2054",,"GW1","Rapid Fossil-Fuel Phase-Out","failed","high","medium","medium","medium","ok",,"ok","ok","ok",,"medium","true","C1","C1: Below 1.5°C with no or limited overshoot","REMIND-MAgPIE 2.1-4.2","CEMICS_SSP2-1p5C-fullCDR","47.874031431606575","21.099364181715927","30.721974004874085","4.146819005652588","637.9478004999999","1.395549642101571","1.576798694745191",
"865","CEMICS-SSP2-1.5°C-fullCDR","REMIND-MAgPIE 2.1-4.2","Final Energy|Electricity","EJ/yr","[object Object]",2090,24.5554,"1.576798694745191","1.395549642101571","2048","637.9478004999999","461.51533575","-88.97809654999999","2054",,"GW1","Rapid Fossil-Fuel Phase-Out","failed","high","medium","medium","medium","ok",,"ok","ok","ok",,"medium","true","C1","C1: Below 1.5°C with no or limited overshoot","REMIND-MAgPIE 2.1-4.2","CEMICS_SSP2-1p5C-fullCDR","47.874031431606575","21.099364181715927","30.721974004874085","4.146819005652588","637.9478004999999","1.395549642101571","1.576798694745191",
"865","CEMICS-SSP2-1.5°C-fullCDR","REMIND-MAgPIE 2.1-4.2","Final Energy|Electricity","EJ/yr","[object Object]",2100,25.577,"1.576798694745191","1.395549642101571","2048","637.9478004999999","461.51533575","-88.97809654999999","2054",,"GW1","Rapid Fossil-Fuel Phase-Out","failed","high","medium","medium","medium","ok",,"ok","ok","ok",,"medium","true","C1","C1: Below 1.5°C with no or limited overshoot","REMIND-MAgPIE 2.1-4.2","CEMICS_SSP2-1p5C-fullCDR","47.874031431606575","21.099364181715927","30.721974004874085","4.146819005652588","637.9478004999999","1.395549642101571","1.576798694745191",
"866","CEMICS-SSP2-1.5°C-minCDR","REMIND-MAgPIE 2.1-4.2","Final Energy|Electricity","EJ/yr","[object Object]",2010,10.386,"1.553085980844422","1.443601142655415","2049","146.62036510000001","551.13515075",,,,"GW1","Rapid Fossil-Fuel Phase-Out","failed","high","medium","ok","medium","ok",,"ok","ok","ok",,"medium","true","C1","C1: Below 1.5°C with no or limited overshoot","REMIND-MAgPIE 2.1-4.2","CEMICS_SSP2-1p5C-minCDR","61.91115038560411","9.227385925449871","28.540930269922875","0.2708465399360165","146.62036510000001","1.443601142655415","1.553085980844422",
"866","CEMICS-SSP2-1.5°C-minCDR","REMIND-MAgPIE 2.1-4.2","Final Energy|Electricity","EJ/yr","[object Object]",2015,9.8663,"1.553085980844422","1.443601142655415","2049","146.62036510000001","551.13515075",,,,"GW1","Rapid Fossil-Fuel Phase-Out","failed","high","medium","ok","medium","ok",,"ok","ok","ok",,"medium","true","C1","C1: Below 1.5°C with no or limited overshoot","REMIND-MAgPIE 2.1-4.2","CEMICS_SSP2-1p5C-minCDR","61.91115038560411","9.227385925449871","28.540930269922875","0.2708465399360165","146.62036510000001","1.443601142655415","1.553085980844422",
"866","CEMICS-SSP2-1.5°C-minCDR","REMIND-MAgPIE 2.1-4.2","Final Energy|Electricity","EJ/yr","[object Object]",2020,10.3764,"1.553085980844422","1.443601142655415","2049","146.62036510000001","551.13515075",,,,"GW1","Rapid Fossil-Fuel Phase-Out","failed","high","medium","ok","medium","ok",,"ok","ok","ok",,"medium","true","C1","C1: Below 1.5°C with no or limited overshoot","REMIND-MAgPIE 2.1-4.2","CEMICS_SSP2-1p5C-minCDR","61.91115038560411","9.227385925449871","28.540930269922875","0.2708465399360165","146.62036510000001","1.443601142655415","1.553085980844422",
"866","CEMICS-SSP2-1.5°C-minCDR","REMIND-MAgPIE 2.1-4.2","Final Energy|Electricity","EJ/yr","[object Object]",2025,10.2783,"1.553085980844422","1.443601142655415","2049","146.62036510000001","551.13515075",,,,"GW1","Rapid Fossil-Fuel Phase-Out","failed","high","medium","ok","medium","ok",,"ok","ok","ok",,"medium","true","C1","C1: Below 1.5°C with no or limited overshoot","REMIND-MAgPIE 2.1-4.2","CEMICS_SSP2-1p5C-minCDR","61.91115038560411","9.227385925449871","28.540930269922875","0.2708465399360165","146.62036510000001","1.443601142655415","1.553085980844422",
"866","CEMICS-SSP2-1.5°C-minCDR","REMIND-MAgPIE 2.1-4.2","Final Energy|Electricity","EJ/yr","[object Object]",2030,12.0312,"1.553085980844422","1.443601142655415","2049","146.62036510000001","551.13515075",,,,"GW1","Rapid Fossil-Fuel Phase-Out","failed","high","medium","ok","medium","ok",,"ok","ok","ok",,"medium","true","C1","C1: Below 1.5°C with no or limited overshoot","REMIND-MAgPIE 2.1-4.2","CEMICS_SSP2-1p5C-minCDR","61.91115038560411","9.227385925449871","28.540930269922875","0.2708465399360165","146.62036510000001","1.443601142655415","1.553085980844422",
"866","CEMICS-SSP2-1.5°C-minCDR","REMIND-MAgPIE 2.1-4.2","Final Energy|Electricity","EJ/yr","[object Object]",2035,14.7914,"1.553085980844422","1.443601142655415","2049","146.62036510000001","551.13515075",,,,"GW1","Rapid Fossil-Fuel Phase-Out","failed","high","medium","ok","medium","ok",,"ok","ok","ok",,"medium","true","C1","C1: Below 1.5°C with no or limited overshoot","REMIND-MAgPIE 2.1-4.2","CEMICS_SSP2-1p5C-minCDR","61.91115038560411","9.227385925449871","28.540930269922875","0.2708465399360165","146.62036510000001","1.443601142655415","1.553085980844422",
"866","CEMICS-SSP2-1.5°C-minCDR","REMIND-MAgPIE 2.1-4.2","Final Energy|Electricity","EJ/yr","[object Object]",2040,17.1656,"1.553085980844422","1.443601142655415","2049","146.62036510000001","551.13515075",,,,"GW1","Rapid Fossil-Fuel Phase-Out","failed","high","medium","ok","medium","ok",,"ok","ok","ok",,"medium","true","C1","C1: Below 1.5°C with no or limited overshoot","REMIND-MAgPIE 2.1-4.2","CEMICS_SSP2-1p5C-minCDR","61.91115038560411","9.227385925449871","28.540930269922875","0.2708465399360165","146.62036510000001","1.443601142655415","1.553085980844422",
"866","CEMICS-SSP2-1.5°C-minCDR","REMIND-MAgPIE 2.1-4.2","Final Energy|Electricity","EJ/yr","[object Object]",2045,19.2679,"1.553085980844422","1.443601142655415","2049","146.62036510000001","551.13515075",,,,"GW1","Rapid Fossil-Fuel Phase-Out","failed","high","medium","ok","medium","ok",,"ok","ok","ok",,"medium","true","C1","C1: Below 1.5°C with no or limited overshoot","REMIND-MAgPIE 2.1-4.2","CEMICS_SSP2-1p5C-minCDR","61.91115038560411","9.227385925449871","28.540930269922875","0.2708465399360165","146.62036510000001","1.443601142655415","1.553085980844422",
"866","CEMICS-SSP2-1.5°C-minCDR","REMIND-MAgPIE 2.1-4.2","Final Energy|Electricity","EJ/yr","[object Object]",2050,20.9933,"1.553085980844422","1.443601142655415","2049","146.62036510000001","551.13515075",,,,"GW1","Rapid Fossil-Fuel Phase-Out","failed","high","medium","ok","medium","ok",,"ok","ok","ok",,"medium","true","C1","C1: Below 1.5°C with no or limited overshoot","REMIND-MAgPIE 2.1-4.2","CEMICS_SSP2-1p5C-minCDR","61.91115038560411","9.227385925449871","28.540930269922875","0.2708465399360165","146.62036510000001","1.443601142655415","1.553085980844422",
"866","CEMICS-SSP2-1.5°C-minCDR","REMIND-MAgPIE 2.1-4.2","Final Energy|Electricity","EJ/yr","[object Object]",2055,21.982,"1.553085980844422","1.443601142655415","2049","146.62036510000001","551.13515075",,,,"GW1","Rapid Fossil-Fuel Phase-Out","failed","high","medium","ok","medium","ok",,"ok","ok","ok",,"medium","true","C1","C1: Below 1.5°C with no or limited overshoot","REMIND-MAgPIE 2.1-4.2","CEMICS_SSP2-1p5C-minCDR","61.91115038560411","9.227385925449871","28.540930269922875","0.2708465399360165","146.62036510000001","1.443601142655415","1.553085980844422",
"866","CEMICS-SSP2-1.5°C-minCDR","REMIND-MAgPIE 2.1-4.2","Final Energy|Electricity","EJ/yr","[object Object]",2060,22.9247,"1.553085980844422","1.443601142655415","2049","146.62036510000001","551.13515075",,,,"GW1","Rapid Fossil-Fuel Phase-Out","failed","high","medium","ok","medium","ok",,"ok","ok","ok",,"medium","true","C1","C1: Below 1.5°C with no or limited overshoot","REMIND-MAgPIE 2.1-4.2","CEMICS_SSP2-1p5C-minCDR","61.91115038560411","9.227385925449871","28.540930269922875","0.2708465399360165","146.62036510000001","1.443601142655415","1.553085980844422",
"866","CEMICS-SSP2-1.5°C-minCDR","REMIND-MAgPIE 2.1-4.2","Final Energy|Electricity","EJ/yr","[object Object]",2070,24.7106,"1.553085980844422","1.443601142655415","2049","146.62036510000001","551.13515075",,,,"GW1","Rapid Fossil-Fuel Phase-Out","failed","high","medium","ok","medium","ok",,"ok","ok","ok",,"medium","true","C1","C1: Below 1.5°C with no or limited overshoot","REMIND-MAgPIE 2.1-4.2","CEMICS_SSP2-1p5C-minCDR","61.91115038560411","9.227385925449871","28.540930269922875","0.2708465399360165","146.62036510000001","1.443601142655415","1.553085980844422",
"866","CEMICS-SSP2-1.5°C-minCDR","REMIND-MAgPIE 2.1-4.2","Final Energy|Electricity","EJ/yr","[object Object]",2080,26.3328,"1.553085980844422","1.443601142655415","2049","146.62036510000001","551.13515075",,,,"GW1","Rapid Fossil-Fuel Phase-Out","failed","high","medium","ok","medium","ok",,"ok","ok","ok",,"medium","true","C1","C1: Below 1.5°C with no or limited overshoot","REMIND-MAgPIE 2.1-4.2","CEMICS_SSP2-1p5C-minCDR","61.91115038560411","9.227385925449871","28.540930269922875","0.2708465399360165","146.62036510000001","1.443601142655415","1.553085980844422",
"866","CEMICS-SSP2-1.5°C-minCDR","REMIND-MAgPIE 2.1-4.2","Final Energy|Electricity","EJ/yr","[object Object]",2090,27.2503,"1.553085980844422","1.443601142655415","2049","146.62036510000001","551.13515075",,,,"GW1","Rapid Fossil-Fuel Phase-Out","failed","high","medium","ok","medium","ok",,"ok","ok","ok",,"medium","true","C1","C1: Below 1.5°C with no or limited overshoot","REMIND-MAgPIE 2.1-4.2","CEMICS_SSP2-1p5C-minCDR","61.91115038560411","9.227385925449871","28.540930269922875","0.2708465399360165","146.62036510000001","1.443601142655415","1.553085980844422",
"866","CEMICS-SSP2-1.5°C-minCDR","REMIND-MAgPIE 2.1-4.2","Final Energy|Electricity","EJ/yr","[object Object]",2100,27.8287,"1.553085980844422","1.443601142655415","2049","146.62036510000001","551.13515075",,,,"GW1","Rapid Fossil-Fuel Phase-Out","failed","high","medium","ok","medium","ok",,"ok","ok","ok",,"medium","true","C1","C1: Below 1.5°C with no or limited overshoot","REMIND-MAgPIE 2.1-4.2","CEMICS_SSP2-1p5C-minCDR","61.91115038560411","9.227385925449871","28.540930269922875","0.2708465399360165","146.62036510000001","1.443601142655415","1.553085980844422",
"1056","SSP2021-SSP1-SPA1-19-Default-LowBiomass","IMAGE 3.2","Final Energy|Electricity","EJ/yr","[object Object]",2010,11.14234246826172,"1.531503201707659","1.258903894399549","2037","1016.5337200446303","337.7367352347641","-197.98677935047763","2049","2087","GW1","Low Demand","ok","high","medium","medium","medium","high","ok","ok","ok","ok",,"ok","true","C1","C1: Below 1.5°C with no or limited overshoot","IMAGE 3.2","SSP1_SPA1_19I_D_LB","27.16385864176151","56.25196544340662","15.400147705491971","9.284916820994297","1016.5337200446303","1.258903894399549","1.531503201707659","0.003731636"
"1056","SSP2021-SSP1-SPA1-19-Default-LowBiomass","IMAGE 3.2","Final Energy|Electricity","EJ/yr","[object Object]",2015,11.45001983642578,"1.531503201707659","1.258903894399549","2037","1016.5337200446303","337.7367352347641","-197.98677935047763","2049","2087","GW1","Low Demand","ok","high","medium","medium","medium","high","ok","ok","ok","ok",,"ok","true","C1","C1: Below 1.5°C with no or limited overshoot","IMAGE 3.2","SSP1_SPA1_19I_D_LB","27.16385864176151","56.25196544340662","15.400147705491971","9.284916820994297","1016.5337200446303","1.258903894399549","1.531503201707659","0.003731636"
"1056","SSP2021-SSP1-SPA1-19-Default-LowBiomass","IMAGE 3.2","Final Energy|Electricity","EJ/yr","[object Object]",2020,10.84499725341797,"1.531503201707659","1.258903894399549","2037","1016.5337200446303","337.7367352347641","-197.98677935047763","2049","2087","GW1","Low Demand","ok","high","medium","medium","medium","high","ok","ok","ok","ok",,"ok","true","C1","C1: Below 1.5°C with no or limited overshoot","IMAGE 3.2","SSP1_SPA1_19I_D_LB","27.16385864176151","56.25196544340662","15.400147705491971","9.284916820994297","1016.5337200446303","1.258903894399549","1.531503201707659","0.003731636"
"1056","SSP2021-SSP1-SPA1-19-Default-LowBiomass","IMAGE 3.2","Final Energy|Electricity","EJ/yr","[object Object]",2025,11.75139666748047,"1.531503201707659","1.258903894399549","2037","1016.5337200446303","337.7367352347641","-197.98677935047763","2049","2087","GW1","Low Demand","ok","high","medium","medium","medium","high","ok","ok","ok","ok",,"ok","true","C1","C1: Below 1.5°C with no or limited overshoot","IMAGE 3.2","SSP1_SPA1_19I_D_LB","27.16385864176151","56.25196544340662","15.400147705491971","9.284916820994297","1016.5337200446303","1.258903894399549","1.531503201707659","0.003731636"
"1056","SSP2021-SSP1-SPA1-19-Default-LowBiomass","IMAGE 3.2","Final Energy|Electricity","EJ/yr","[object Object]",2030,10.92526635742188,"1.531503201707659","1.258903894399549","2037","1016.5337200446303","337.7367352347641","-197.98677935047763","2049","2087","GW1","Low Demand","ok","high","medium","medium","medium","high","ok","ok","ok","ok",,"ok","true","C1","C1: Below 1.5°C with no or limited overshoot","IMAGE 3.2","SSP1_SPA1_19I_D_LB","27.16385864176151","56.25196544340662","15.400147705491971","9.284916820994297","1016.5337200446303","1.258903894399549","1.531503201707659","0.003731636"
"1056","SSP2021-SSP1-SPA1-19-Default-LowBiomass","IMAGE 3.2","Final Energy|Electricity","EJ/yr","[object Object]",2035,12.01831774902344,"1.531503201707659","1.258903894399549","2037","1016.5337200446303","337.7367352347641","-197.98677935047763","2049","2087","GW1","Low Demand","ok","high","medium","medium","medium","high","ok","ok","ok","ok",,"ok","true","C1","C1: Below 1.5°C with no or limited overshoot","IMAGE 3.2","SSP1_SPA1_19I_D_LB","27.16385864176151","56.25196544340662","15.400147705491971","9.284916820994297","1016.5337200446303","1.258903894399549","1.531503201707659","0.003731636"
"1056","SSP2021-SSP1-SPA1-19-Default-LowBiomass","IMAGE 3.2","Final Energy|Electricity","EJ/yr","[object Object]",2040,13.27302722167969,"1.531503201707659","1.258903894399549","2037","1016.5337200446303","337.7367352347641","-197.98677935047763","2049","2087","GW1","Low Demand","ok","high","medium","medium","medium","high","ok","ok","ok","ok",,"ok","true","C1","C1: Below 1.5°C with no or limited overshoot","IMAGE 3.2","SSP1_SPA1_19I_D_LB","27.16385864176151","56.25196544340662","15.400147705491971","9.284916820994297","1016.5337200446303","1.258903894399549","1.531503201707659","0.003731636"
"1056","SSP2021-SSP1-SPA1-19-Default-LowBiomass","IMAGE 3.2","Final Energy|Electricity","EJ/yr","[object Object]",2045,14.52103039550782,"1.531503201707659","1.258903894399549","2037","1016.5337200446303","337.7367352347641","-197.98677935047763","2049","2087","GW1","Low Demand","ok","high","medium","medium","medium","high","ok","ok","ok","ok",,"ok","true","C1","C1: Below 1.5°C with no or limited overshoot","IMAGE 3.2","SSP1_SPA1_19I_D_LB","27.16385864176151","56.25196544340662","15.400147705491971","9.284916820994297","1016.5337200446303","1.258903894399549","1.531503201707659","0.003731636"
"1056","SSP2021-SSP1-SPA1-19-Default-LowBiomass","IMAGE 3.2","Final Energy|Electricity","EJ/yr","[object Object]",2050,15.49415222167969,"1.531503201707659","1.258903894399549","2037","1016.5337200446303","337.7367352347641","-197.98677935047763","2049","2087","GW1","Low Demand","ok","high","medium","medium","medium","high","ok","ok","ok","ok",,"ok","true","C1","C1: Below 1.5°C with no or limited overshoot","IMAGE 3.2","SSP1_SPA1_19I_D_LB","27.16385864176151","56.25196544340662","15.400147705491971","9.284916820994297","1016.5337200446303","1.258903894399549","1.531503201707659","0.003731636"
"1056","SSP2021-SSP1-SPA1-19-Default-LowBiomass","IMAGE 3.2","Final Energy|Electricity","EJ/yr","[object Object]",2055,16.15147229003906,"1.531503201707659","1.258903894399549","2037","1016.5337200446303","337.7367352347641","-197.98677935047763","2049","2087","GW1","Low Demand","ok","high","medium","medium","medium","high","ok","ok","ok","ok",,"ok","true","C1","C1: Below 1.5°C with no or limited overshoot","IMAGE 3.2","SSP1_SPA1_19I_D_LB","27.16385864176151","56.25196544340662","15.400147705491971","9.284916820994297","1016.5337200446303","1.258903894399549","1.531503201707659","0.003731636"
"1056","SSP2021-SSP1-SPA1-19-Default-LowBiomass","IMAGE 3.2","Final Energy|Electricity","EJ/yr","[object Object]",2060,16.54355615234375,"1.531503201707659","1.258903894399549","2037","1016.5337200446303","337.7367352347641","-197.98677935047763","2049","2087","GW1","Low Demand","ok","high","medium","medium","medium","high","ok","ok","ok","ok",,"ok","true","C1","C1: Below 1.5°C with no or limited overshoot","IMAGE 3.2","SSP1_SPA1_19I_D_LB","27.16385864176151","56.25196544340662","15.400147705491971","9.284916820994297","1016.5337200446303","1.258903894399549","1.531503201707659","0.003731636"
"1056","SSP2021-SSP1-SPA1-19-Default-LowBiomass","IMAGE 3.2","Final Energy|Electricity","EJ/yr","[object Object]",2065,16.64783520507812,"1.531503201707659","1.258903894399549","2037","1016.5337200446303","337.7367352347641","-197.98677935047763","2049","2087","GW1","Low Demand","ok","high","medium","medium","medium","high","ok","ok","ok","ok",,"ok","true","C1","C1: Below 1.5°C with no or limited overshoot","IMAGE 3.2","SSP1_SPA1_19I_D_LB","27.16385864176151","56.25196544340662","15.400147705491971","9.284916820994297","1016.5337200446303","1.258903894399549","1.531503201707659","0.003731636"
"1056","SSP2021-SSP1-SPA1-19-Default-LowBiomass","IMAGE 3.2","Final Energy|Electricity","EJ/yr","[object Object]",2070,16.69537963867187,"1.531503201707659","1.258903894399549","2037","1016.5337200446303","337.7367352347641","-197.98677935047763","2049","2087","GW1","Low Demand","ok","high","medium","medium","medium","high","ok","ok","ok","ok",,"ok","true","C1","C1: Below 1.5°C with no or limited overshoot","IMAGE 3.2","SSP1_SPA1_19I_D_LB","27.16385864176151","56.25196544340662","15.400147705491971","9.284916820994297","1016.5337200446303","1.258903894399549","1.531503201707659","0.003731636"
"1056","SSP2021-SSP1-SPA1-19-Default-LowBiomass","IMAGE 3.2","Final Energy|Electricity","EJ/yr","[object Object]",2075,16.752416015625,"1.531503201707659","1.258903894399549","2037","1016.5337200446303","337.7367352347641","-197.98677935047763","2049","2087","GW1","Low Demand","ok","high","medium","medium","medium","high","ok","ok","ok","ok",,"ok","true","C1","C1: Below 1.5°C with no or limited overshoot","IMAGE 3.2","SSP1_SPA1_19I_D_LB","27.16385864176151","56.25196544340662","15.400147705491971","9.284916820994297","1016.5337200446303","1.258903894399549","1.531503201707659","0.003731636"
"1056","SSP2021-SSP1-SPA1-19-Default-LowBiomass","IMAGE 3.2","Final Energy|Electricity","EJ/yr","[object Object]",2080,16.67659130859375,"1.531503201707659","1.258903894399549","2037","1016.5337200446303","337.7367352347641","-197.98677935047763","2049","2087","GW1","Low Demand","ok","high","medium","medium","medium","high","ok","ok","ok","ok",,"ok","true","C1","C1: Below 1.5°C with no or limited overshoot","IMAGE 3.2","SSP1_SPA1_19I_D_LB","27.16385864176151","56.25196544340662","15.400147705491971","9.284916820994297","1016.5337200446303","1.258903894399549","1.531503201707659","0.003731636"
"1056","SSP2021-SSP1-SPA1-19-Default-LowBiomass","IMAGE 3.2","Final Energy|Electricity","EJ/yr","[object Object]",2085,16.51055700683594,"1.531503201707659","1.258903894399549","2037","1016.5337200446303","337.7367352347641","-197.98677935047763","2049","2087","GW1","Low Demand","ok","high","medium","medium","medium","high","ok","ok","ok","ok",,"ok","true","C1","C1: Below 1.5°C with no or limited overshoot","IMAGE 3.2","SSP1_SPA1_19I_D_LB","27.16385864176151","56.25196544340662","15.400147705491971","9.284916820994297","1016.5337200446303","1.258903894399549","1.531503201707659","0.003731636"
"1056","SSP2021-SSP1-SPA1-19-Default-LowBiomass","IMAGE 3.2","Final Energy|Electricity","EJ/yr","[object Object]",2090,16.26764306640625,"1.531503201707659","1.258903894399549","2037","1016.5337200446303","337.7367352347641","-197.98677935047763","2049","2087","GW1","Low Demand","ok","high","medium","medium","medium","high","ok","ok","ok","ok",,"ok","true","C1","C1: Below 1.5°C with no or limited overshoot","IMAGE 3.2","SSP1_SPA1_19I_D_LB","27.16385864176151","56.25196544340662","15.400147705491971","9.284916820994297","1016.5337200446303","1.258903894399549","1.531503201707659","0.003731636"
"1056","SSP2021-SSP1-SPA1-19-Default-LowBiomass","IMAGE 3.2","Final Energy|Electricity","EJ/yr","[object Object]",2095,15.9652138671875,"1.531503201707659","1.258903894399549","2037","1016.5337200446303","337.7367352347641","-197.98677935047763","2049","2087","GW1","Low Demand","ok","high","medium","medium","medium","high","ok","ok","ok","ok",,"ok","true","C1","C1: Below 1.5°C with no or limited overshoot","IMAGE 3.2","SSP1_SPA1_19I_D_LB","27.16385864176151","56.25196544340662","15.400147705491971","9.284916820994297","1016.5337200446303","1.258903894399549","1.531503201707659","0.003731636"
"1056","SSP2021-SSP1-SPA1-19-Default-LowBiomass","IMAGE 3.2","Final Energy|Electricity","EJ/yr","[object Object]",2100,15.58731396484375,"1.531503201707659","1.258903894399549","2037","1016.5337200446303","337.7367352347641","-197.98677935047763","2049","2087","GW1","Low Demand","ok","high","medium","medium","medium","high","ok","ok","ok","ok",,"ok","true","C1","C1: Below 1.5°C with no or limited overshoot","IMAGE 3.2","SSP1_SPA1_19I_D_LB","27.16385864176151","56.25196544340662","15.400147705491971","9.284916820994297","1016.5337200446303","1.258903894399549","1.531503201707659","0.003731636"
"1057","SSP2021-SSP1-SPA1-19-Lifestyle","IMAGE 3.2","Final Energy|Electricity","EJ/yr","[object Object]",2010,11.14232946777344,"1.612788421758266","1.239252974122877","2039","1291.04771511822","249.93952976718813","-354.4565200680305","2049","2066","GW1","Low Demand","ok","high","medium","medium","medium","high","medium","medium","medium","medium",,"medium","true","C2","C2: Below 1.5°C with high OS","IMAGE 3.2","SSP1_SPA1_19I_LI","16.92152157141581","55.45115175232536","27.21714302047046","17.504817013973323","1291.04771511822","1.239252974122877","1.612788421758266","0.003868375"
"1057","SSP2021-SSP1-SPA1-19-Lifestyle","IMAGE 3.2","Final Energy|Electricity","EJ/yr","[object Object]",2015,11.44985552978516,"1.612788421758266","1.239252974122877","2039","1291.04771511822","249.93952976718813","-354.4565200680305","2049","2066","GW1","Low Demand","ok","high","medium","medium","medium","high","medium","medium","medium","medium",,"medium","true","C2","C2: Below 1.5°C with high OS","IMAGE 3.2","SSP1_SPA1_19I_LI","16.92152157141581","55.45115175232536","27.21714302047046","17.504817013973323","1291.04771511822","1.239252974122877","1.612788421758266","0.003868375"
"1057","SSP2021-SSP1-SPA1-19-Lifestyle","IMAGE 3.2","Final Energy|Electricity","EJ/yr","[object Object]",2020,10.84368383789063,"1.612788421758266","1.239252974122877","2039","1291.04771511822","249.93952976718813","-354.4565200680305","2049","2066","GW1","Low Demand","ok","high","medium","medium","medium","high","medium","medium","medium","medium",,"medium","true","C2","C2: Below 1.5°C with high OS","IMAGE 3.2","SSP1_SPA1_19I_LI","16.92152157141581","55.45115175232536","27.21714302047046","17.504817013973323","1291.04771511822","1.239252974122877","1.612788421758266","0.003868375"
"1057","SSP2021-SSP1-SPA1-19-Lifestyle","IMAGE 3.2","Final Energy|Electricity","EJ/yr","[object Object]",2025,11.59141979980469,"1.612788421758266","1.239252974122877","2039","1291.04771511822","249.93952976718813","-354.4565200680305","2049","2066","GW1","Low Demand","ok","high","medium","medium","medium","high","medium","medium","medium","medium",,"medium","true","C2","C2: Below 1.5°C with high OS","IMAGE 3.2","SSP1_SPA1_19I_LI","16.92152157141581","55.45115175232536","27.21714302047046","17.504817013973323","1291.04771511822","1.239252974122877","1.612788421758266","0.003868375"
"1057","SSP2021-SSP1-SPA1-19-Lifestyle","IMAGE 3.2","Final Energy|Electricity","EJ/yr","[object Object]",2030,11.171767578125,"1.612788421758266","1.239252974122877","2039","1291.04771511822","249.93952976718813","-354.4565200680305","2049","2066","GW1","Low Demand","ok","high","medium","medium","medium","high","medium","medium","medium","medium",,"medium","true","C2","C2: Below 1.5°C with high OS","IMAGE 3.2","SSP1_SPA1_19I_LI","16.92152157141581","55.45115175232536","27.21714302047046","17.504817013973323","1291.04771511822","1.239252974122877","1.612788421758266","0.003868375"
"1057","SSP2021-SSP1-SPA1-19-Lifestyle","IMAGE 3.2","Final Energy|Electricity","EJ/yr","[object Object]",2035,11.26884594726562,"1.612788421758266","1.239252974122877","2039","1291.04771511822","249.93952976718813","-354.4565200680305","2049","2066","GW1","Low Demand","ok","high","medium","medium","medium","high","medium","medium","medium","medium",,"medium","true","C2","C2: Below 1.5°C with high OS","IMAGE 3.2","SSP1_SPA1_19I_LI","16.92152157141581","55.45115175232536","27.21714302047046","17.504817013973323","1291.04771511822","1.239252974122877","1.612788421758266","0.003868375"
"1057","SSP2021-SSP1-SPA1-19-Lifestyle","IMAGE 3.2","Final Energy|Electricity","EJ/yr","[object Object]",2040,11.65194946289062,"1.612788421758266","1.239252974122877","2039","1291.04771511822","249.93952976718813","-354.4565200680305","2049","2066","GW1","Low Demand","ok","high","medium","medium","medium","high","medium","medium","medium","medium",,"medium","true","C2","C2: Below 1.5°C with high OS","IMAGE 3.2","SSP1_SPA1_19I_LI","16.92152157141581","55.45115175232536","27.21714302047046","17.504817013973323","1291.04771511822","1.239252974122877","1.612788421758266","0.003868375"
"1057","SSP2021-SSP1-SPA1-19-Lifestyle","IMAGE 3.2","Final Energy|Electricity","EJ/yr","[object Object]",2045,11.96361889648438,"1.612788421758266","1.239252974122877","2039","1291.04771511822","249.93952976718813","-354.4565200680305","2049","2066","GW1","Low Demand","ok","high","medium","medium","medium","high","medium","medium","medium","medium",,"medium","true","C2","C2: Below 1.5°C with high OS","IMAGE 3.2","SSP1_SPA1_19I_LI","16.92152157141581","55.45115175232536","27.21714302047046","17.504817013973323","1291.04771511822","1.239252974122877","1.612788421758266","0.003868375"
"1057","SSP2021-SSP1-SPA1-19-Lifestyle","IMAGE 3.2","Final Energy|Electricity","EJ/yr","[object Object]",2050,12.30379919433594,"1.612788421758266","1.239252974122877","2039","1291.04771511822","249.93952976718813","-354.4565200680305","2049","2066","GW1","Low Demand","ok","high","medium","medium","medium","high","medium","medium","medium","medium",,"medium","true","C2","C2: Below 1.5°C with high OS","IMAGE 3.2","SSP1_SPA1_19I_LI","16.92152157141581","55.45115175232536","27.21714302047046","17.504817013973323","1291.04771511822","1.239252974122877","1.612788421758266","0.003868375"
"1057","SSP2021-SSP1-SPA1-19-Lifestyle","IMAGE 3.2","Final Energy|Electricity","EJ/yr","[object Object]",2055,12.66358483886719,"1.612788421758266","1.239252974122877","2039","1291.04771511822","249.93952976718813","-354.4565200680305","2049","2066","GW1","Low Demand","ok","high","medium","medium","medium","high","medium","medium","medium","medium",,"medium","true","C2","C2: Below 1.5°C with high OS","IMAGE 3.2","SSP1_SPA1_19I_LI","16.92152157141581","55.45115175232536","27.21714302047046","17.504817013973323","1291.04771511822","1.239252974122877","1.612788421758266","0.003868375"
"1057","SSP2021-SSP1-SPA1-19-Lifestyle","IMAGE 3.2","Final Energy|Electricity","EJ/yr","[object Object]",2060,12.85631030273438,"1.612788421758266","1.239252974122877","2039","1291.04771511822","249.93952976718813","-354.4565200680305","2049","2066","GW1","Low Demand","ok","high","medium","medium","medium","high","medium","medium","medium","medium",,"medium","true","C2","C2: Below 1.5°C with high OS","IMAGE 3.2","SSP1_SPA1_19I_LI","16.92152157141581","55.45115175232536","27.21714302047046","17.504817013973323","1291.04771511822","1.239252974122877","1.612788421758266","0.003868375"
"1057","SSP2021-SSP1-SPA1-19-Lifestyle","IMAGE 3.2","Final Energy|Electricity","EJ/yr","[object Object]",2065,12.96222570800781,"1.612788421758266","1.239252974122877","2039","1291.04771511822","249.93952976718813","-354.4565200680305","2049","2066","GW1","Low Demand","ok","high","medium","medium","medium","high","medium","medium","medium","medium",,"medium","true","C2","C2: Below 1.5°C with high OS","IMAGE 3.2","SSP1_SPA1_19I_LI","16.92152157141581","55.45115175232536","27.21714302047046","17.504817013973323","1291.04771511822","1.239252974122877","1.612788421758266","0.003868375"
"1057","SSP2021-SSP1-SPA1-19-Lifestyle","IMAGE 3.2","Final Energy|Electricity","EJ/yr","[object Object]",2070,13.03840087890625,"1.612788421758266","1.239252974122877","2039","1291.04771511822","249.93952976718813","-354.4565200680305","2049","2066","GW1","Low Demand","ok","high","medium","medium","medium","high","medium","medium","medium","medium",,"medium","true","C2","C2: Below 1.5°C with high OS","IMAGE 3.2","SSP1_SPA1_19I_LI","16.92152157141581","55.45115175232536","27.21714302047046","17.504817013973323","1291.04771511822","1.239252974122877","1.612788421758266","0.003868375"
"1057","SSP2021-SSP1-SPA1-19-Lifestyle","IMAGE 3.2","Final Energy|Electricity","EJ/yr","[object Object]",2075,13.12939636230469,"1.612788421758266","1.239252974122877","2039","1291.04771511822","249.93952976718813","-354.4565200680305","2049","2066","GW1","Low Demand","ok","high","medium","medium","medium","high","medium","medium","medium","medium",,"medium","true","C2","C2: Below 1.5°C with high OS","IMAGE 3.2","SSP1_SPA1_19I_LI","16.92152157141581","55.45115175232536","27.21714302047046","17.504817013973323","1291.04771511822","1.239252974122877","1.612788421758266","0.003868375"
"1057","SSP2021-SSP1-SPA1-19-Lifestyle","IMAGE 3.2","Final Energy|Electricity","EJ/yr","[object Object]",2080,13.22283068847656,"1.612788421758266","1.239252974122877","2039","1291.04771511822","249.93952976718813","-354.4565200680305","2049","2066","GW1","Low Demand","ok","high","medium","medium","medium","high","medium","medium","medium","medium",,"medium","true","C2","C2: Below 1.5°C with high OS","IMAGE 3.2","SSP1_SPA1_19I_LI","16.92152157141581","55.45115175232536","27.21714302047046","17.504817013973323","1291.04771511822","1.239252974122877","1.612788421758266","0.003868375"
"1057","SSP2021-SSP1-SPA1-19-Lifestyle","IMAGE 3.2","Final Energy|Electricity","EJ/yr","[object Object]",2085,13.51383642578125,"1.612788421758266","1.239252974122877","2039","1291.04771511822","249.93952976718813","-354.4565200680305","2049","2066","GW1","Low Demand","ok","high","medium","medium","medium","high","medium","medium","medium","medium",,"medium","true","C2","C2: Below 1.5°C with high OS","IMAGE 3.2","SSP1_SPA1_19I_LI","16.92152157141581","55.45115175232536","27.21714302047046","17.504817013973323","1291.04771511822","1.239252974122877","1.612788421758266","0.003868375"
"1057","SSP2021-SSP1-SPA1-19-Lifestyle","IMAGE 3.2","Final Energy|Electricity","EJ/yr","[object Object]",2090,13.49574645996094,"1.612788421758266","1.239252974122877","2039","1291.04771511822","249.93952976718813","-354.4565200680305","2049","2066","GW1","Low Demand","ok","high","medium","medium","medium","high","medium","medium","medium","medium",,"medium","true","C2","C2: Below 1.5°C with high OS","IMAGE 3.2","SSP1_SPA1_19I_LI","16.92152157141581","55.45115175232536","27.21714302047046","17.504817013973323","1291.04771511822","1.239252974122877","1.612788421758266","0.003868375"
"1057","SSP2021-SSP1-SPA1-19-Lifestyle","IMAGE 3.2","Final Energy|Electricity","EJ/yr","[object Object]",2095,13.26215112304688,"1.612788421758266","1.239252974122877","2039","1291.04771511822","249.93952976718813","-354.4565200680305","2049","2066","GW1","Low Demand","ok","high","medium","medium","medium","high","medium","medium","medium","medium",,"medium","true","C2","C2: Below 1.5°C with high OS","IMAGE 3.2","SSP1_SPA1_19I_LI","16.92152157141581","55.45115175232536","27.21714302047046","17.504817013973323","1291.04771511822","1.239252974122877","1.612788421758266","0.003868375"
"1057","SSP2021-SSP1-SPA1-19-Lifestyle","IMAGE 3.2","Final Energy|Electricity","EJ/yr","[object Object]",2100,12.86278405761719,"1.612788421758266","1.239252974122877","2039","1291.04771511822","249.93952976718813","-354.4565200680305","2049","2066","GW1","Low Demand","ok","high","medium","medium","medium","high","medium","medium","medium","medium",,"medium","true","C2","C2: Below 1.5°C with high OS","IMAGE 3.2","SSP1_SPA1_19I_LI","16.92152157141581","55.45115175232536","27.21714302047046","17.504817013973323","1291.04771511822","1.239252974122877","1.612788421758266","0.003868375"
"1059","SSP2021-SSP1-SPA1-19-Lifestyle-Renewables-LowBiomass","IMAGE 3.2","Final Energy|Electricity","EJ/yr","[object Object]",2010,11.14238500976563,"1.575380455285522","1.196116285362497","2038","1238.1840490449883","171.64942817722553","-292.79079349585567","2043","2050","GW1","Low Demand","failed","high","medium","medium","medium","high","medium","medium","ok","ok",,"medium","true","C1","C1: Below 1.5°C with no or limited overshoot","IMAGE 3.2","SSP1_SPA1_19I_LIRE_LB","24.714557053052072","58.16055748536502","13.912965733476055","17.55649234609902","1238.1840490449883","1.196116285362497","1.575380455285522",
"1059","SSP2021-SSP1-SPA1-19-Lifestyle-Renewables-LowBiomass","IMAGE 3.2","Final Energy|Electricity","EJ/yr","[object Object]",2015,11.45004510498047,"1.575380455285522","1.196116285362497","2038","1238.1840490449883","171.64942817722553","-292.79079349585567","2043","2050","GW1","Low Demand","failed","high","medium","medium","medium","high","medium","medium","ok","ok",,"medium","true","C1","C1: Below 1.5°C with no or limited overshoot","IMAGE 3.2","SSP1_SPA1_19I_LIRE_LB","24.714557053052072","58.16055748536502","13.912965733476055","17.55649234609902","1238.1840490449883","1.196116285362497","1.575380455285522",
"1059","SSP2021-SSP1-SPA1-19-Lifestyle-Renewables-LowBiomass","IMAGE 3.2","Final Energy|Electricity","EJ/yr","[object Object]",2020,10.84398010253906,"1.575380455285522","1.196116285362497","2038","1238.1840490449883","171.64942817722553","-292.79079349585567","2043","2050","GW1","Low Demand","failed","high","medium","medium","medium","high","medium","medium","ok","ok",,"medium","true","C1","C1: Below 1.5°C with no or limited overshoot","IMAGE 3.2","SSP1_SPA1_19I_LIRE_LB","24.714557053052072","58.16055748536502","13.912965733476055","17.55649234609902","1238.1840490449883","1.196116285362497","1.575380455285522",
"1059","SSP2021-SSP1-SPA1-19-Lifestyle-Renewables-LowBiomass","IMAGE 3.2","Final Energy|Electricity","EJ/yr","[object Object]",2025,11.8539326171875,"1.575380455285522","1.196116285362497","2038","1238.1840490449883","171.64942817722553","-292.79079349585567","2043","2050","GW1","Low Demand","failed","high","medium","medium","medium","high","medium","medium","ok","ok",,"medium","true","C1","C1: Below 1.5°C with no or limited overshoot","IMAGE 3.2","SSP1_SPA1_19I_LIRE_LB","24.714557053052072","58.16055748536502","13.912965733476055","17.55649234609902","1238.1840490449883","1.196116285362497","1.575380455285522",
"1059","SSP2021-SSP1-SPA1-19-Lifestyle-Renewables-LowBiomass","IMAGE 3.2","Final Energy|Electricity","EJ/yr","[object Object]",2030,11.06614904785156,"1.575380455285522","1.196116285362497","2038","1238.1840490449883","171.64942817722553","-292.79079349585567","2043","2050","GW1","Low Demand","failed","high","medium","medium","medium","high","medium","medium","ok","ok",,"medium","true","C1","C1: Below 1.5°C with no or limited overshoot","IMAGE 3.2","SSP1_SPA1_19I_LIRE_LB","24.714557053052072","58.16055748536502","13.912965733476055","17.55649234609902","1238.1840490449883","1.196116285362497","1.575380455285522",
"1059","SSP2021-SSP1-SPA1-19-Lifestyle-Renewables-LowBiomass","IMAGE 3.2","Final Energy|Electricity","EJ/yr","[object Object]",2035,12.15159948730469,"1.575380455285522","1.196116285362497","2038","1238.1840490449883","171.64942817722553","-292.79079349585567","2043","2050","GW1","Low Demand","failed","high","medium","medium","medium","high","medium","medium","ok","ok",,"medium","true","C1","C1: Below 1.5°C with no or limited overshoot","IMAGE 3.2","SSP1_SPA1_19I_LIRE_LB","24.714557053052072","58.16055748536502","13.912965733476055","17.55649234609902","1238.1840490449883","1.196116285362497","1.575380455285522",
"1059","SSP2021-SSP1-SPA1-19-Lifestyle-Renewables-LowBiomass","IMAGE 3.2","Final Energy|Electricity","EJ/yr","[object Object]",2040,13.37277648925781,"1.575380455285522","1.196116285362497","2038","1238.1840490449883","171.64942817722553","-292.79079349585567","2043","2050","GW1","Low Demand","failed","high","medium","medium","medium","high","medium","medium","ok","ok",,"medium","true","C1","C1: Below 1.5°C with no or limited overshoot","IMAGE 3.2","SSP1_SPA1_19I_LIRE_LB","24.714557053052072","58.16055748536502","13.912965733476055","17.55649234609902","1238.1840490449883","1.196116285362497","1.575380455285522",
"1059","SSP2021-SSP1-SPA1-19-Lifestyle-Renewables-LowBiomass","IMAGE 3.2","Final Energy|Electricity","EJ/yr","[object Object]",2045,14.6668251953125,"1.575380455285522","1.196116285362497","2038","1238.1840490449883","171.64942817722553","-292.79079349585567","2043","2050","GW1","Low Demand","failed","high","medium","medium","medium","high","medium","medium","ok","ok",,"medium","true","C1","C1: Below 1.5°C with no or limited overshoot","IMAGE 3.2","SSP1_SPA1_19I_LIRE_LB","24.714557053052072","58.16055748536502","13.912965733476055","17.55649234609902","1238.1840490449883","1.196116285362497","1.575380455285522",
"1059","SSP2021-SSP1-SPA1-19-Lifestyle-Renewables-LowBiomass","IMAGE 3.2","Final Energy|Electricity","EJ/yr","[object Object]",2050,15.68136499023438,"1.575380455285522","1.196116285362497","2038","1238.1840490449883","171.64942817722553","-292.79079349585567","2043","2050","GW1","Low Demand","failed","high","medium","medium","medium","high","medium","medium","ok","ok",,"medium","true","C1","C1: Below 1.5°C with no or limited overshoot","IMAGE 3.2","SSP1_SPA1_19I_LIRE_LB","24.714557053052072","58.16055748536502","13.912965733476055","17.55649234609902","1238.1840490449883","1.196116285362497","1.575380455285522",
"1059","SSP2021-SSP1-SPA1-19-Lifestyle-Renewables-LowBiomass","IMAGE 3.2","Final Energy|Electricity","EJ/yr","[object Object]",2055,16.21217431640625,"1.575380455285522","1.196116285362497","2038","1238.1840490449883","171.64942817722553","-292.79079349585567","2043","2050","GW1","Low Demand","failed","high","medium","medium","medium","high","medium","medium","ok","ok",,"medium","true","C1","C1: Below 1.5°C with no or limited overshoot","IMAGE 3.2","SSP1_SPA1_19I_LIRE_LB","24.714557053052072","58.16055748536502","13.912965733476055","17.55649234609902","1238.1840490449883","1.196116285362497","1.575380455285522",
"1059","SSP2021-SSP1-SPA1-19-Lifestyle-Renewables-LowBiomass","IMAGE 3.2","Final Energy|Electricity","EJ/yr","[object Object]",2060,16.77048266601562,"1.575380455285522","1.196116285362497","2038","1238.1840490449883","171.64942817722553","-292.79079349585567","2043","2050","GW1","Low Demand","failed","high","medium","medium","medium","high","medium","medium","ok","ok",,"medium","true","C1","C1: Below 1.5°C with no or limited overshoot","IMAGE 3.2","SSP1_SPA1_19I_LIRE_LB","24.714557053052072","58.16055748536502","13.912965733476055","17.55649234609902","1238.1840490449883","1.196116285362497","1.575380455285522",
"1059","SSP2021-SSP1-SPA1-19-Lifestyle-Renewables-LowBiomass","IMAGE 3.2","Final Energy|Electricity","EJ/yr","[object Object]",2065,17.14648876953125,"1.575380455285522","1.196116285362497","2038","1238.1840490449883","171.64942817722553","-292.79079349585567","2043","2050","GW1","Low Demand","failed","high","medium","medium","medium","high","medium","medium","ok","ok",,"medium","true","C1","C1: Below 1.5°C with no or limited overshoot","IMAGE 3.2","SSP1_SPA1_19I_LIRE_LB","24.714557053052072","58.16055748536502","13.912965733476055","17.55649234609902","1238.1840490449883","1.196116285362497","1.575380455285522",
"1059","SSP2021-SSP1-SPA1-19-Lifestyle-Renewables-LowBiomass","IMAGE 3.2","Final Energy|Electricity","EJ/yr","[object Object]",2070,17.3510712890625,"1.575380455285522","1.196116285362497","2038","1238.1840490449883","171.64942817722553","-292.79079349585567","2043","2050","GW1","Low Demand","failed","high","medium","medium","medium","high","medium","medium","ok","ok",,"medium","true","C1","C1: Below 1.5°C with no or limited overshoot","IMAGE 3.2","SSP1_SPA1_19I_LIRE_LB","24.714557053052072","58.16055748536502","13.912965733476055","17.55649234609902","1238.1840490449883","1.196116285362497","1.575380455285522",
"1059","SSP2021-SSP1-SPA1-19-Lifestyle-Renewables-LowBiomass","IMAGE 3.2","Final Energy|Electricity","EJ/yr","[object Object]",2075,17.57927587890625,"1.575380455285522","1.196116285362497","2038","1238.1840490449883","171.64942817722553","-292.79079349585567","2043","2050","GW1","Low Demand","failed","high","medium","medium","medium","high","medium","medium","ok","ok",,"medium","true","C1","C1: Below 1.5°C with no or limited overshoot","IMAGE 3.2","SSP1_SPA1_19I_LIRE_LB","24.714557053052072","58.16055748536502","13.912965733476055","17.55649234609902","1238.1840490449883","1.196116285362497","1.575380455285522",
"1059","SSP2021-SSP1-SPA1-19-Lifestyle-Renewables-LowBiomass","IMAGE 3.2","Final Energy|Electricity","EJ/yr","[object Object]",2080,17.79610473632813,"1.575380455285522","1.196116285362497","2038","1238.1840490449883","171.64942817722553","-292.79079349585567","2043","2050","GW1","Low Demand","failed","high","medium","medium","medium","high","medium","medium","ok","ok",,"medium","true","C1","C1: Below 1.5°C with no or limited overshoot","IMAGE 3.2","SSP1_SPA1_19I_LIRE_LB","24.714557053052072","58.16055748536502","13.912965733476055","17.55649234609902","1238.1840490449883","1.196116285362497","1.575380455285522",
"1059","SSP2021-SSP1-SPA1-19-Lifestyle-Renewables-LowBiomass","IMAGE 3.2","Final Energy|Electricity","EJ/yr","[object Object]",2085,18.02443334960937,"1.575380455285522","1.196116285362497","2038","1238.1840490449883","171.64942817722553","-292.79079349585567","2043","2050","GW1","Low Demand","failed","high","medium","medium","medium","high","medium","medium","ok","ok",,"medium","true","C1","C1: Below 1.5°C with no or limited overshoot","IMAGE 3.2","SSP1_SPA1_19I_LIRE_LB","24.714557053052072","58.16055748536502","13.912965733476055","17.55649234609902","1238.1840490449883","1.196116285362497","1.575380455285522",
"1059","SSP2021-SSP1-SPA1-19-Lifestyle-Renewables-LowBiomass","IMAGE 3.2","Final Energy|Electricity","EJ/yr","[object Object]",2090,18.23203442382813,"1.575380455285522","1.196116285362497","2038","1238.1840490449883","171.64942817722553","-292.79079349585567","2043","2050","GW1","Low Demand","failed","high","medium","medium","medium","high","medium","medium","ok","ok",,"medium","true","C1","C1: Below 1.5°C with no or limited overshoot","IMAGE 3.2","SSP1_SPA1_19I_LIRE_LB","24.714557053052072","58.16055748536502","13.912965733476055","17.55649234609902","1238.1840490449883","1.196116285362497","1.575380455285522",
"1059","SSP2021-SSP1-SPA1-19-Lifestyle-Renewables-LowBiomass","IMAGE 3.2","Final Energy|Electricity","EJ/yr","[object Object]",2095,18.44413378906249,"1.575380455285522","1.196116285362497","2038","1238.1840490449883","171.64942817722553","-292.79079349585567","2043","2050","GW1","Low Demand","failed","high","medium","medium","medium","high","medium","medium","ok","ok",,"medium","true","C1","C1: Below 1.5°C with no or limited overshoot","IMAGE 3.2","SSP1_SPA1_19I_LIRE_LB","24.714557053052072","58.16055748536502","13.912965733476055","17.55649234609902","1238.1840490449883","1.196116285362497","1.575380455285522",
"1059","SSP2021-SSP1-SPA1-19-Lifestyle-Renewables-LowBiomass","IMAGE 3.2","Final Energy|Electricity","EJ/yr","[object Object]",2100,18.50899487304688,"1.575380455285522","1.196116285362497","2038","1238.1840490449883","171.64942817722553","-292.79079349585567","2043","2050","GW1","Low Demand","failed","high","medium","medium","medium","high","medium","medium","ok","ok",,"medium","true","C1","C1: Below 1.5°C with no or limited overshoot","IMAGE 3.2","SSP1_SPA1_19I_LIRE_LB","24.714557053052072","58.16055748536502","13.912965733476055","17.55649234609902","1238.1840490449883","1.196116285362497","1.575380455285522",
"1061","SSP2021-SSP1-SPA1-19-Renewables-LowBiomass","IMAGE 3.2","Final Energy|Electricity","EJ/yr","[object Object]",2010,11.14241345214844,"1.591414687751369","1.273577191327036","2039","1137.3977966228326","264.67493904994024","-263.3663267085127","2048","2077","GW1","Low Demand","ok","high","medium","medium","medium","high","ok","ok","ok","ok",,"ok","true","C1","C1: Below 1.5°C with no or limited overshoot","IMAGE 3.2","SSP1_SPA1_19I_RE_LB","23.518556097736067","64.35217263682918","11.828320704512546","9.339595369350292","1137.3977966228326","1.273577191327036","1.591414687751369","0.003784716"
"1061","SSP2021-SSP1-SPA1-19-Renewables-LowBiomass","IMAGE 3.2","Final Energy|Electricity","EJ/yr","[object Object]",2015,11.45005609130859,"1.591414687751369","1.273577191327036","2039","1137.3977966228326","264.67493904994024","-263.3663267085127","2048","2077","GW1","Low Demand","ok","high","medium","medium","medium","high","ok","ok","ok","ok",,"ok","true","C1","C1: Below 1.5°C with no or limited overshoot","IMAGE 3.2","SSP1_SPA1_19I_RE_LB","23.518556097736067","64.35217263682918","11.828320704512546","9.339595369350292","1137.3977966228326","1.273577191327036","1.591414687751369","0.003784716"
"1061","SSP2021-SSP1-SPA1-19-Renewables-LowBiomass","IMAGE 3.2","Final Energy|Electricity","EJ/yr","[object Object]",2020,10.84489202880859,"1.591414687751369","1.273577191327036","2039","1137.3977966228326","264.67493904994024","-263.3663267085127","2048","2077","GW1","Low Demand","ok","high","medium","medium","medium","high","ok","ok","ok","ok",,"ok","true","C1","C1: Below 1.5°C with no or limited overshoot","IMAGE 3.2","SSP1_SPA1_19I_RE_LB","23.518556097736067","64.35217263682918","11.828320704512546","9.339595369350292","1137.3977966228326","1.273577191327036","1.591414687751369","0.003784716"
"1061","SSP2021-SSP1-SPA1-19-Renewables-LowBiomass","IMAGE 3.2","Final Energy|Electricity","EJ/yr","[object Object]",2025,11.93838720703125,"1.591414687751369","1.273577191327036","2039","1137.3977966228326","264.67493904994024","-263.3663267085127","2048","2077","GW1","Low Demand","ok","high","medium","medium","medium","high","ok","ok","ok","ok",,"ok","true","C1","C1: Below 1.5°C with no or limited overshoot","IMAGE 3.2","SSP1_SPA1_19I_RE_LB","23.518556097736067","64.35217263682918","11.828320704512546","9.339595369350292","1137.3977966228326","1.273577191327036","1.591414687751369","0.003784716"
"1061","SSP2021-SSP1-SPA1-19-Renewables-LowBiomass","IMAGE 3.2","Final Energy|Electricity","EJ/yr","[object Object]",2030,11.28338781738281,"1.591414687751369","1.273577191327036","2039","1137.3977966228326","264.67493904994024","-263.3663267085127","2048","2077","GW1","Low Demand","ok","high","medium","medium","medium","high","ok","ok","ok","ok",,"ok","true","C1","C1: Below 1.5°C with no or limited overshoot","IMAGE 3.2","SSP1_SPA1_19I_RE_LB","23.518556097736067","64.35217263682918","11.828320704512546","9.339595369350292","1137.3977966228326","1.273577191327036","1.591414687751369","0.003784716"
"1061","SSP2021-SSP1-SPA1-19-Renewables-LowBiomass","IMAGE 3.2","Final Energy|Electricity","EJ/yr","[object Object]",2035,12.42945178222656,"1.591414687751369","1.273577191327036","2039","1137.3977966228326","264.67493904994024","-263.3663267085127","2048","2077","GW1","Low Demand","ok","high","medium","medium","medium","high","ok","ok","ok","ok",,"ok","true","C1","C1: Below 1.5°C with no or limited overshoot","IMAGE 3.2","SSP1_SPA1_19I_RE_LB","23.518556097736067","64.35217263682918","11.828320704512546","9.339595369350292","1137.3977966228326","1.273577191327036","1.591414687751369","0.003784716"
"1061","SSP2021-SSP1-SPA1-19-Renewables-LowBiomass","IMAGE 3.2","Final Energy|Electricity","EJ/yr","[object Object]",2040,13.56941394042969,"1.591414687751369","1.273577191327036","2039","1137.3977966228326","264.67493904994024","-263.3663267085127","2048","2077","GW1","Low Demand","ok","high","medium","medium","medium","high","ok","ok","ok","ok",,"ok","true","C1","C1: Below 1.5°C with no or limited overshoot","IMAGE 3.2","SSP1_SPA1_19I_RE_LB","23.518556097736067","64.35217263682918","11.828320704512546","9.339595369350292","1137.3977966228326","1.273577191327036","1.591414687751369","0.003784716"
"1061","SSP2021-SSP1-SPA1-19-Renewables-LowBiomass","IMAGE 3.2","Final Energy|Electricity","EJ/yr","[object Object]",2045,14.88192980957031,"1.591414687751369","1.273577191327036","2039","1137.3977966228326","264.67493904994024","-263.3663267085127","2048","2077","GW1","Low Demand","ok","high","medium","medium","medium","high","ok","ok","ok","ok",,"ok","true","C1","C1: Below 1.5°C with no or limited overshoot","IMAGE 3.2","SSP1_SPA1_19I_RE_LB","23.518556097736067","64.35217263682918","11.828320704512546","9.339595369350292","1137.3977966228326","1.273577191327036","1.591414687751369","0.003784716"
"1061","SSP2021-SSP1-SPA1-19-Renewables-LowBiomass","IMAGE 3.2","Final Energy|Electricity","EJ/yr","[object Object]",2050,15.9684482421875,"1.591414687751369","1.273577191327036","2039","1137.3977966228326","264.67493904994024","-263.3663267085127","2048","2077","GW1","Low Demand","ok","high","medium","medium","medium","high","ok","ok","ok","ok",,"ok","true","C1","C1: Below 1.5°C with no or limited overshoot","IMAGE 3.2","SSP1_SPA1_19I_RE_LB","23.518556097736067","64.35217263682918","11.828320704512546","9.339595369350292","1137.3977966228326","1.273577191327036","1.591414687751369","0.003784716"
"1061","SSP2021-SSP1-SPA1-19-Renewables-LowBiomass","IMAGE 3.2","Final Energy|Electricity","EJ/yr","[object Object]",2055,16.47161889648437,"1.591414687751369","1.273577191327036","2039","1137.3977966228326","264.67493904994024","-263.3663267085127","2048","2077","GW1","Low Demand","ok","high","medium","medium","medium","high","ok","ok","ok","ok",,"ok","true","C1","C1: Below 1.5°C with no or limited overshoot","IMAGE 3.2","SSP1_SPA1_19I_RE_LB","23.518556097736067","64.35217263682918","11.828320704512546","9.339595369350292","1137.3977966228326","1.273577191327036","1.591414687751369","0.003784716"
"1061","SSP2021-SSP1-SPA1-19-Renewables-LowBiomass","IMAGE 3.2","Final Energy|Electricity","EJ/yr","[object Object]",2060,16.77388452148438,"1.591414687751369","1.273577191327036","2039","1137.3977966228326","264.67493904994024","-263.3663267085127","2048","2077","GW1","Low Demand","ok","high","medium","medium","medium","high","ok","ok","ok","ok",,"ok","true","C1","C1: Below 1.5°C with no or limited overshoot","IMAGE 3.2","SSP1_SPA1_19I_RE_LB","23.518556097736067","64.35217263682918","11.828320704512546","9.339595369350292","1137.3977966228326","1.273577191327036","1.591414687751369","0.003784716"
"1061","SSP2021-SSP1-SPA1-19-Renewables-LowBiomass","IMAGE 3.2","Final Energy|Electricity","EJ/yr","[object Object]",2065,16.86950390625,"1.591414687751369","1.273577191327036","2039","1137.3977966228326","264.67493904994024","-263.3663267085127","2048","2077","GW1","Low Demand","ok","high","medium","medium","medium","high","ok","ok","ok","ok",,"ok","true","C1","C1: Below 1.5°C with no or limited overshoot","IMAGE 3.2","SSP1_SPA1_19I_RE_LB","23.518556097736067","64.35217263682918","11.828320704512546","9.339595369350292","1137.3977966228326","1.273577191327036","1.591414687751369","0.003784716"
"1061","SSP2021-SSP1-SPA1-19-Renewables-LowBiomass","IMAGE 3.2","Final Energy|Electricity","EJ/yr","[object Object]",2070,16.88667993164063,"1.591414687751369","1.273577191327036","2039","1137.3977966228326","264.67493904994024","-263.3663267085127","2048","2077","GW1","Low Demand","ok","high","medium","medium","medium","high","ok","ok","ok","ok",,"ok","true","C1","C1: Below 1.5°C with no or limited overshoot","IMAGE 3.2","SSP1_SPA1_19I_RE_LB","23.518556097736067","64.35217263682918","11.828320704512546","9.339595369350292","1137.3977966228326","1.273577191327036","1.591414687751369","0.003784716"
"1061","SSP2021-SSP1-SPA1-19-Renewables-LowBiomass","IMAGE 3.2","Final Energy|Electricity","EJ/yr","[object Object]",2075,16.87977856445313,"1.591414687751369","1.273577191327036","2039","1137.3977966228326","264.67493904994024","-263.3663267085127","2048","2077","GW1","Low Demand","ok","high","medium","medium","medium","high","ok","ok","ok","ok",,"ok","true","C1","C1: Below 1.5°C with no or limited overshoot","IMAGE 3.2","SSP1_SPA1_19I_RE_LB","23.518556097736067","64.35217263682918","11.828320704512546","9.339595369350292","1137.3977966228326","1.273577191327036","1.591414687751369","0.003784716"
"1061","SSP2021-SSP1-SPA1-19-Renewables-LowBiomass","IMAGE 3.2","Final Energy|Electricity","EJ/yr","[object Object]",2080,16.77300244140625,"1.591414687751369","1.273577191327036","2039","1137.3977966228326","264.67493904994024","-263.3663267085127","2048","2077","GW1","Low Demand","ok","high","medium","medium","medium","high","ok","ok","ok","ok",,"ok","true","C1","C1: Below 1.5°C with no or limited overshoot","IMAGE 3.2","SSP1_SPA1_19I_RE_LB","23.518556097736067","64.35217263682918","11.828320704512546","9.339595369350292","1137.3977966228326","1.273577191327036","1.591414687751369","0.003784716"
"1061","SSP2021-SSP1-SPA1-19-Renewables-LowBiomass","IMAGE 3.2","Final Energy|Electricity","EJ/yr","[object Object]",2085,16.70849365234375,"1.591414687751369","1.273577191327036","2039","1137.3977966228326","264.67493904994024","-263.3663267085127","2048","2077","GW1","Low Demand","ok","high","medium","medium","medium","high","ok","ok","ok","ok",,"ok","true","C1","C1: Below 1.5°C with no or limited overshoot","IMAGE 3.2","SSP1_SPA1_19I_RE_LB","23.518556097736067","64.35217263682918","11.828320704512546","9.339595369350292","1137.3977966228326","1.273577191327036","1.591414687751369","0.003784716"
"1061","SSP2021-SSP1-SPA1-19-Renewables-LowBiomass","IMAGE 3.2","Final Energy|Electricity","EJ/yr","[object Object]",2090,16.63840075683594,"1.591414687751369","1.273577191327036","2039","1137.3977966228326","264.67493904994024","-263.3663267085127","2048","2077","GW1","Low Demand","ok","high","medium","medium","medium","high","ok","ok","ok","ok",,"ok","true","C1","C1: Below 1.5°C with no or limited overshoot","IMAGE 3.2","SSP1_SPA1_19I_RE_LB","23.518556097736067","64.35217263682918","11.828320704512546","9.339595369350292","1137.3977966228326","1.273577191327036","1.591414687751369","0.003784716"
"1061","SSP2021-SSP1-SPA1-19-Renewables-LowBiomass","IMAGE 3.2","Final Energy|Electricity","EJ/yr","[object Object]",2095,16.34733728027344,"1.591414687751369","1.273577191327036","2039","1137.3977966228326","264.67493904994024","-263.3663267085127","2048","2077","GW1","Low Demand","ok","high","medium","medium","medium","high","ok","ok","ok","ok",,"ok","true","C1","C1: Below 1.5°C with no or limited overshoot","IMAGE 3.2","SSP1_SPA1_19I_RE_LB","23.518556097736067","64.35217263682918","11.828320704512546","9.339595369350292","1137.3977966228326","1.273577191327036","1.591414687751369","0.003784716"
"1061","SSP2021-SSP1-SPA1-19-Renewables-LowBiomass","IMAGE 3.2","Final Energy|Electricity","EJ/yr","[object Object]",2100,15.93531811523438,"1.591414687751369","1.273577191327036","2039","1137.3977966228326","264.67493904994024","-263.3663267085127","2048","2077","GW1","Low Demand","ok","high","medium","medium","medium","high","ok","ok","ok","ok",,"ok","true","C1","C1: Below 1.5°C with no or limited overshoot","IMAGE 3.2","SSP1_SPA1_19I_RE_LB","23.518556097736067","64.35217263682918","11.828320704512546","9.339595369350292","1137.3977966228326","1.273577191327036","1.591414687751369","0.003784716"
"1072","SSP2021-SSP2-SPA1-19-Default-LowBiomass","IMAGE 3.2","Final Energy|Electricity","EJ/yr","[object Object]",2010,11.14218676757812,"1.554398710366775","1.373990815695327","2038","1531.3420514941422","494.2004537001703","-116.25026654219458","2055",,"GW1","Carbon Capture and Storage","ok","high","medium","medium","medium","high","medium","high","medium","high",,"medium","true","C1","C1: Below 1.5°C with no or limited overshoot","IMAGE 3.2","SSP2_SPA1_19I_D_LB","14.476025829267577","59.97521745821458","17.574030959349702","6.741959770425495","1531.3420514941422","1.373990815695327","1.554398710366775","0.003434504"
"1072","SSP2021-SSP2-SPA1-19-Default-LowBiomass","IMAGE 3.2","Final Energy|Electricity","EJ/yr","[object Object]",2015,11.44978411865234,"1.554398710366775","1.373990815695327","2038","1531.3420514941422","494.2004537001703","-116.25026654219458","2055",,"GW1","Carbon Capture and Storage","ok","high","medium","medium","medium","high","medium","high","medium","high",,"medium","true","C1","C1: Below 1.5°C with no or limited overshoot","IMAGE 3.2","SSP2_SPA1_19I_D_LB","14.476025829267577","59.97521745821458","17.574030959349702","6.741959770425495","1531.3420514941422","1.373990815695327","1.554398710366775","0.003434504"
"1072","SSP2021-SSP2-SPA1-19-Default-LowBiomass","IMAGE 3.2","Final Energy|Electricity","EJ/yr","[object Object]",2020,10.84477099609375,"1.554398710366775","1.373990815695327","2038","1531.3420514941422","494.2004537001703","-116.25026654219458","2055",,"GW1","Carbon Capture and Storage","ok","high","medium","medium","medium","high","medium","high","medium","high",,"medium","true","C1","C1: Below 1.5°C with no or limited overshoot","IMAGE 3.2","SSP2_SPA1_19I_D_LB","14.476025829267577","59.97521745821458","17.574030959349702","6.741959770425495","1531.3420514941422","1.373990815695327","1.554398710366775","0.003434504"
"1072","SSP2021-SSP2-SPA1-19-Default-LowBiomass","IMAGE 3.2","Final Energy|Electricity","EJ/yr","[object Object]",2025,11.27135906982422,"1.554398710366775","1.373990815695327","2038","1531.3420514941422","494.2004537001703","-116.25026654219458","2055",,"GW1","Carbon Capture and Storage","ok","high","medium","medium","medium","high","medium","high","medium","high",,"medium","true","C1","C1: Below 1.5°C with no or limited overshoot","IMAGE 3.2","SSP2_SPA1_19I_D_LB","14.476025829267577","59.97521745821458","17.574030959349702","6.741959770425495","1531.3420514941422","1.373990815695327","1.554398710366775","0.003434504"
"1072","SSP2021-SSP2-SPA1-19-Default-LowBiomass","IMAGE 3.2","Final Energy|Electricity","EJ/yr","[object Object]",2030,10.8205732421875,"1.554398710366775","1.373990815695327","2038","1531.3420514941422","494.2004537001703","-116.25026654219458","2055",,"GW1","Carbon Capture and Storage","ok","high","medium","medium","medium","high","medium","high","medium","high",,"medium","true","C1","C1: Below 1.5°C with no or limited overshoot","IMAGE 3.2","SSP2_SPA1_19I_D_LB","14.476025829267577","59.97521745821458","17.574030959349702","6.741959770425495","1531.3420514941422","1.373990815695327","1.554398710366775","0.003434504"
"1072","SSP2021-SSP2-SPA1-19-Default-LowBiomass","IMAGE 3.2","Final Energy|Electricity","EJ/yr","[object Object]",2035,11.83473120117188,"1.554398710366775","1.373990815695327","2038","1531.3420514941422","494.2004537001703","-116.25026654219458","2055",,"GW1","Carbon Capture and Storage","ok","high","medium","medium","medium","high","medium","high","medium","high",,"medium","true","C1","C1: Below 1.5°C with no or limited overshoot","IMAGE 3.2","SSP2_SPA1_19I_D_LB","14.476025829267577","59.97521745821458","17.574030959349702","6.741959770425495","1531.3420514941422","1.373990815695327","1.554398710366775","0.003434504"
"1072","SSP2021-SSP2-SPA1-19-Default-LowBiomass","IMAGE 3.2","Final Energy|Electricity","EJ/yr","[object Object]",2040,13.23585266113281,"1.554398710366775","1.373990815695327","2038","1531.3420514941422","494.2004537001703","-116.25026654219458","2055",,"GW1","Carbon Capture and Storage","ok","high","medium","medium","medium","high","medium","high","medium","high",,"medium","true","C1","C1: Below 1.5°C with no or limited overshoot","IMAGE 3.2","SSP2_SPA1_19I_D_LB","14.476025829267577","59.97521745821458","17.574030959349702","6.741959770425495","1531.3420514941422","1.373990815695327","1.554398710366775","0.003434504"
"1072","SSP2021-SSP2-SPA1-19-Default-LowBiomass","IMAGE 3.2","Final Energy|Electricity","EJ/yr","[object Object]",2045,14.69371264648438,"1.554398710366775","1.373990815695327","2038","1531.3420514941422","494.2004537001703","-116.25026654219458","2055",,"GW1","Carbon Capture and Storage","ok","high","medium","medium","medium","high","medium","high","medium","high",,"medium","true","C1","C1: Below 1.5°C with no or limited overshoot","IMAGE 3.2","SSP2_SPA1_19I_D_LB","14.476025829267577","59.97521745821458","17.574030959349702","6.741959770425495","1531.3420514941422","1.373990815695327","1.554398710366775","0.003434504"
"1072","SSP2021-SSP2-SPA1-19-Default-LowBiomass","IMAGE 3.2","Final Energy|Electricity","EJ/yr","[object Object]",2050,16.01288159179688,"1.554398710366775","1.373990815695327","2038","1531.3420514941422","494.2004537001703","-116.25026654219458","2055",,"GW1","Carbon Capture and Storage","ok","high","medium","medium","medium","high","medium","high","medium","high",,"medium","true","C1","C1: Below 1.5°C with no or limited overshoot","IMAGE 3.2","SSP2_SPA1_19I_D_LB","14.476025829267577","59.97521745821458","17.574030959349702","6.741959770425495","1531.3420514941422","1.373990815695327","1.554398710366775","0.003434504"
"1072","SSP2021-SSP2-SPA1-19-Default-LowBiomass","IMAGE 3.2","Final Energy|Electricity","EJ/yr","[object Object]",2055,17.0083779296875,"1.554398710366775","1.373990815695327","2038","1531.3420514941422","494.2004537001703","-116.25026654219458","2055",,"GW1","Carbon Capture and Storage","ok","high","medium","medium","medium","high","medium","high","medium","high",,"medium","true","C1","C1: Below 1.5°C with no or limited overshoot","IMAGE 3.2","SSP2_SPA1_19I_D_LB","14.476025829267577","59.97521745821458","17.574030959349702","6.741959770425495","1531.3420514941422","1.373990815695327","1.554398710366775","0.003434504"
"1072","SSP2021-SSP2-SPA1-19-Default-LowBiomass","IMAGE 3.2","Final Energy|Electricity","EJ/yr","[object Object]",2060,17.74280810546875,"1.554398710366775","1.373990815695327","2038","1531.3420514941422","494.2004537001703","-116.25026654219458","2055",,"GW1","Carbon Capture and Storage","ok","high","medium","medium","medium","high","medium","high","medium","high",,"medium","true","C1","C1: Below 1.5°C with no or limited overshoot","IMAGE 3.2","SSP2_SPA1_19I_D_LB","14.476025829267577","59.97521745821458","17.574030959349702","6.741959770425495","1531.3420514941422","1.373990815695327","1.554398710366775","0.003434504"
"1072","SSP2021-SSP2-SPA1-19-Default-LowBiomass","IMAGE 3.2","Final Energy|Electricity","EJ/yr","[object Object]",2065,18.12101928710938,"1.554398710366775","1.373990815695327","2038","1531.3420514941422","494.2004537001703","-116.25026654219458","2055",,"GW1","Carbon Capture and Storage","ok","high","medium","medium","medium","high","medium","high","medium","high",,"medium","true","C1","C1: Below 1.5°C with no or limited overshoot","IMAGE 3.2","SSP2_SPA1_19I_D_LB","14.476025829267577","59.97521745821458","17.574030959349702","6.741959770425495","1531.3420514941422","1.373990815695327","1.554398710366775","0.003434504"
"1072","SSP2021-SSP2-SPA1-19-Default-LowBiomass","IMAGE 3.2","Final Energy|Electricity","EJ/yr","[object Object]",2070,18.37524145507813,"1.554398710366775","1.373990815695327","2038","1531.3420514941422","494.2004537001703","-116.25026654219458","2055",,"GW1","Carbon Capture and Storage","ok","high","medium","medium","medium","high","medium","high","medium","high",,"medium","true","C1","C1: Below 1.5°C with no or limited overshoot","IMAGE 3.2","SSP2_SPA1_19I_D_LB","14.476025829267577","59.97521745821458","17.574030959349702","6.741959770425495","1531.3420514941422","1.373990815695327","1.554398710366775","0.003434504"
"1072","SSP2021-SSP2-SPA1-19-Default-LowBiomass","IMAGE 3.2","Final Energy|Electricity","EJ/yr","[object Object]",2075,18.68265747070312,"1.554398710366775","1.373990815695327","2038","1531.3420514941422","494.2004537001703","-116.25026654219458","2055",,"GW1","Carbon Capture and Storage","ok","high","medium","medium","medium","high","medium","high","medium","high",,"medium","true","C1","C1: Below 1.5°C with no or limited overshoot","IMAGE 3.2","SSP2_SPA1_19I_D_LB","14.476025829267577","59.97521745821458","17.574030959349702","6.741959770425495","1531.3420514941422","1.373990815695327","1.554398710366775","0.003434504"
"1072","SSP2021-SSP2-SPA1-19-Default-LowBiomass","IMAGE 3.2","Final Energy|Electricity","EJ/yr","[object Object]",2080,18.91819140625,"1.554398710366775","1.373990815695327","2038","1531.3420514941422","494.2004537001703","-116.25026654219458","2055",,"GW1","Carbon Capture and Storage","ok","high","medium","medium","medium","high","medium","high","medium","high",,"medium","true","C1","C1: Below 1.5°C with no or limited overshoot","IMAGE 3.2","SSP2_SPA1_19I_D_LB","14.476025829267577","59.97521745821458","17.574030959349702","6.741959770425495","1531.3420514941422","1.373990815695327","1.554398710366775","0.003434504"
"1072","SSP2021-SSP2-SPA1-19-Default-LowBiomass","IMAGE 3.2","Final Energy|Electricity","EJ/yr","[object Object]",2085,19.17976928710937,"1.554398710366775","1.373990815695327","2038","1531.3420514941422","494.2004537001703","-116.25026654219458","2055",,"GW1","Carbon Capture and Storage","ok","high","medium","medium","medium","high","medium","high","medium","high",,"medium","true","C1","C1: Below 1.5°C with no or limited overshoot","IMAGE 3.2","SSP2_SPA1_19I_D_LB","14.476025829267577","59.97521745821458","17.574030959349702","6.741959770425495","1531.3420514941422","1.373990815695327","1.554398710366775","0.003434504"
"1072","SSP2021-SSP2-SPA1-19-Default-LowBiomass","IMAGE 3.2","Final Energy|Electricity","EJ/yr","[object Object]",2090,19.459869140625,"1.554398710366775","1.373990815695327","2038","1531.3420514941422","494.2004537001703","-116.25026654219458","2055",,"GW1","Carbon Capture and Storage","ok","high","medium","medium","medium","high","medium","high","medium","high",,"medium","true","C1","C1: Below 1.5°C with no or limited overshoot","IMAGE 3.2","SSP2_SPA1_19I_D_LB","14.476025829267577","59.97521745821458","17.574030959349702","6.741959770425495","1531.3420514941422","1.373990815695327","1.554398710366775","0.003434504"
"1072","SSP2021-SSP2-SPA1-19-Default-LowBiomass","IMAGE 3.2","Final Energy|Electricity","EJ/yr","[object Object]",2095,19.65297216796875,"1.554398710366775","1.373990815695327","2038","1531.3420514941422","494.2004537001703","-116.25026654219458","2055",,"GW1","Carbon Capture and Storage","ok","high","medium","medium","medium","high","medium","high","medium","high",,"medium","true","C1","C1: Below 1.5°C with no or limited overshoot","IMAGE 3.2","SSP2_SPA1_19I_D_LB","14.476025829267577","59.97521745821458","17.574030959349702","6.741959770425495","1531.3420514941422","1.373990815695327","1.554398710366775","0.003434504"
"1072","SSP2021-SSP2-SPA1-19-Default-LowBiomass","IMAGE 3.2","Final Energy|Electricity","EJ/yr","[object Object]",2100,19.68932958984375,"1.554398710366775","1.373990815695327","2038","1531.3420514941422","494.2004537001703","-116.25026654219458","2055",,"GW1","Carbon Capture and Storage","ok","high","medium","medium","medium","high","medium","high","medium","high",,"medium","true","C1","C1: Below 1.5°C with no or limited overshoot","IMAGE 3.2","SSP2_SPA1_19I_D_LB","14.476025829267577","59.97521745821458","17.574030959349702","6.741959770425495","1531.3420514941422","1.373990815695327","1.554398710366775","0.003434504"
"1073","SSP2021-SSP2-SPA1-19-Lifestyle-Renewables-LowBiomass","IMAGE 3.2","Final Energy|Electricity","EJ/yr","[object Object]",2010,11.14238500976563,"1.571308580789807","1.316364771520656","2038","1235.7975712623102","363.77331338247626","-134.88112242030226","2047",,"GW1","Low Demand","failed","high","medium","medium","medium","high","ok","medium","ok","ok",,"medium","true","C1","C1: Below 1.5°C with no or limited overshoot","IMAGE 3.2","SSP2_SPA1_19I_LIRE_LB","24.48652600012468","58.1746408837478","13.944572792393888","12.390721743239581","1235.7975712623102","1.316364771520656","1.571308580789807",
"1073","SSP2021-SSP2-SPA1-19-Lifestyle-Renewables-LowBiomass","IMAGE 3.2","Final Energy|Electricity","EJ/yr","[object Object]",2015,11.45004510498047,"1.571308580789807","1.316364771520656","2038","1235.7975712623102","363.77331338247626","-134.88112242030226","2047",,"GW1","Low Demand","failed","high","medium","medium","medium","high","ok","medium","ok","ok",,"medium","true","C1","C1: Below 1.5°C with no or limited overshoot","IMAGE 3.2","SSP2_SPA1_19I_LIRE_LB","24.48652600012468","58.1746408837478","13.944572792393888","12.390721743239581","1235.7975712623102","1.316364771520656","1.571308580789807",
"1073","SSP2021-SSP2-SPA1-19-Lifestyle-Renewables-LowBiomass","IMAGE 3.2","Final Energy|Electricity","EJ/yr","[object Object]",2020,10.84398010253906,"1.571308580789807","1.316364771520656","2038","1235.7975712623102","363.77331338247626","-134.88112242030226","2047",,"GW1","Low Demand","failed","high","medium","medium","medium","high","ok","medium","ok","ok",,"medium","true","C1","C1: Below 1.5°C with no or limited overshoot","IMAGE 3.2","SSP2_SPA1_19I_LIRE_LB","24.48652600012468","58.1746408837478","13.944572792393888","12.390721743239581","1235.7975712623102","1.316364771520656","1.571308580789807",
"1073","SSP2021-SSP2-SPA1-19-Lifestyle-Renewables-LowBiomass","IMAGE 3.2","Final Energy|Electricity","EJ/yr","[object Object]",2025,11.88999328613281,"1.571308580789807","1.316364771520656","2038","1235.7975712623102","363.77331338247626","-134.88112242030226","2047",,"GW1","Low Demand","failed","high","medium","medium","medium","high","ok","medium","ok","ok",,"medium","true","C1","C1: Below 1.5°C with no or limited overshoot","IMAGE 3.2","SSP2_SPA1_19I_LIRE_LB","24.48652600012468","58.1746408837478","13.944572792393888","12.390721743239581","1235.7975712623102","1.316364771520656","1.571308580789807",
"1073","SSP2021-SSP2-SPA1-19-Lifestyle-Renewables-LowBiomass","IMAGE 3.2","Final Energy|Electricity","EJ/yr","[object Object]",2030,11.06353234863281,"1.571308580789807","1.316364771520656","2038","1235.7975712623102","363.77331338247626","-134.88112242030226","2047",,"GW1","Low Demand","failed","high","medium","medium","medium","high","ok","medium","ok","ok",,"medium","true","C1","C1: Below 1.5°C with no or limited overshoot","IMAGE 3.2","SSP2_SPA1_19I_LIRE_LB","24.48652600012468","58.1746408837478","13.944572792393888","12.390721743239581","1235.7975712623102","1.316364771520656","1.571308580789807",
"1073","SSP2021-SSP2-SPA1-19-Lifestyle-Renewables-LowBiomass","IMAGE 3.2","Final Energy|Electricity","EJ/yr","[object Object]",2035,12.10715625,"1.571308580789807","1.316364771520656","2038","1235.7975712623102","363.77331338247626","-134.88112242030226","2047",,"GW1","Low Demand","failed","high","medium","medium","medium","high","ok","medium","ok","ok",,"medium","true","C1","C1: Below 1.5°C with no or limited overshoot","IMAGE 3.2","SSP2_SPA1_19I_LIRE_LB","24.48652600012468","58.1746408837478","13.944572792393888","12.390721743239581","1235.7975712623102","1.316364771520656","1.571308580789807",
"1073","SSP2021-SSP2-SPA1-19-Lifestyle-Renewables-LowBiomass","IMAGE 3.2","Final Energy|Electricity","EJ/yr","[object Object]",2040,13.27062976074219,"1.571308580789807","1.316364771520656","2038","1235.7975712623102","363.77331338247626","-134.88112242030226","2047",,"GW1","Low Demand","failed","high","medium","medium","medium","high","ok","medium","ok","ok",,"medium","true","C1","C1: Below 1.5°C with no or limited overshoot","IMAGE 3.2","SSP2_SPA1_19I_LIRE_LB","24.48652600012468","58.1746408837478","13.944572792393888","12.390721743239581","1235.7975712623102","1.316364771520656","1.571308580789807",
"1073","SSP2021-SSP2-SPA1-19-Lifestyle-Renewables-LowBiomass","IMAGE 3.2","Final Energy|Electricity","EJ/yr","[object Object]",2045,14.50500366210938,"1.571308580789807","1.316364771520656","2038","1235.7975712623102","363.77331338247626","-134.88112242030226","2047",,"GW1","Low Demand","failed","high","medium","medium","medium","high","ok","medium","ok","ok",,"medium","true","C1","C1: Below 1.5°C with no or limited overshoot","IMAGE 3.2","SSP2_SPA1_19I_LIRE_LB","24.48652600012468","58.1746408837478","13.944572792393888","12.390721743239581","1235.7975712623102","1.316364771520656","1.571308580789807",
"1073","SSP2021-SSP2-SPA1-19-Lifestyle-Renewables-LowBiomass","IMAGE 3.2","Final Energy|Electricity","EJ/yr","[object Object]",2050,15.48893896484375,"1.571308580789807","1.316364771520656","2038","1235.7975712623102","363.77331338247626","-134.88112242030226","2047",,"GW1","Low Demand","failed","high","medium","medium","medium","high","ok","medium","ok","ok",,"medium","true","C1","C1: Below 1.5°C with no or limited overshoot","IMAGE 3.2","SSP2_SPA1_19I_LIRE_LB","24.48652600012468","58.1746408837478","13.944572792393888","12.390721743239581","1235.7975712623102","1.316364771520656","1.571308580789807",
"1073","SSP2021-SSP2-SPA1-19-Lifestyle-Renewables-LowBiomass","IMAGE 3.2","Final Energy|Electricity","EJ/yr","[object Object]",2055,16.055279296875,"1.571308580789807","1.316364771520656","2038","1235.7975712623102","363.77331338247626","-134.88112242030226","2047",,"GW1","Low Demand","failed","high","medium","medium","medium","high","ok","medium","ok","ok",,"medium","true","C1","C1: Below 1.5°C with no or limited overshoot","IMAGE 3.2","SSP2_SPA1_19I_LIRE_LB","24.48652600012468","58.1746408837478","13.944572792393888","12.390721743239581","1235.7975712623102","1.316364771520656","1.571308580789807",
"1073","SSP2021-SSP2-SPA1-19-Lifestyle-Renewables-LowBiomass","IMAGE 3.2","Final Energy|Electricity","EJ/yr","[object Object]",2060,16.68436376953125,"1.571308580789807","1.316364771520656","2038","1235.7975712623102","363.77331338247626","-134.88112242030226","2047",,"GW1","Low Demand","failed","high","medium","medium","medium","high","ok","medium","ok","ok",,"medium","true","C1","C1: Below 1.5°C with no or limited overshoot","IMAGE 3.2","SSP2_SPA1_19I_LIRE_LB","24.48652600012468","58.1746408837478","13.944572792393888","12.390721743239581","1235.7975712623102","1.316364771520656","1.571308580789807",
"1073","SSP2021-SSP2-SPA1-19-Lifestyle-Renewables-LowBiomass","IMAGE 3.2","Final Energy|Electricity","EJ/yr","[object Object]",2065,17.12079272460937,"1.571308580789807","1.316364771520656","2038","1235.7975712623102","363.77331338247626","-134.88112242030226","2047",,"GW1","Low Demand","failed","high","medium","medium","medium","high","ok","medium","ok","ok",,"medium","true","C1","C1: Below 1.5°C with no or limited overshoot","IMAGE 3.2","SSP2_SPA1_19I_LIRE_LB","24.48652600012468","58.1746408837478","13.944572792393888","12.390721743239581","1235.7975712623102","1.316364771520656","1.571308580789807",
"1073","SSP2021-SSP2-SPA1-19-Lifestyle-Renewables-LowBiomass","IMAGE 3.2","Final Energy|Electricity","EJ/yr","[object Object]",2070,17.36027709960938,"1.571308580789807","1.316364771520656","2038","1235.7975712623102","363.77331338247626","-134.88112242030226","2047",,"GW1","Low Demand","failed","high","medium","medium","medium","high","ok","medium","ok","ok",,"medium","true","C1","C1: Below 1.5°C with no or limited overshoot","IMAGE 3.2","SSP2_SPA1_19I_LIRE_LB","24.48652600012468","58.1746408837478","13.944572792393888","12.390721743239581","1235.7975712623102","1.316364771520656","1.571308580789807",
"1073","SSP2021-SSP2-SPA1-19-Lifestyle-Renewables-LowBiomass","IMAGE 3.2","Final Energy|Electricity","EJ/yr","[object Object]",2075,17.63532397460937,"1.571308580789807","1.316364771520656","2038","1235.7975712623102","363.77331338247626","-134.88112242030226","2047",,"GW1","Low Demand","failed","high","medium","medium","medium","high","ok","medium","ok","ok",,"medium","true","C1","C1: Below 1.5°C with no or limited overshoot","IMAGE 3.2","SSP2_SPA1_19I_LIRE_LB","24.48652600012468","58.1746408837478","13.944572792393888","12.390721743239581","1235.7975712623102","1.316364771520656","1.571308580789807",
"1073","SSP2021-SSP2-SPA1-19-Lifestyle-Renewables-LowBiomass","IMAGE 3.2","Final Energy|Electricity","EJ/yr","[object Object]",2080,17.82962768554687,"1.571308580789807","1.316364771520656","2038","1235.7975712623102","363.77331338247626","-134.88112242030226","2047",,"GW1","Low Demand","failed","high","medium","medium","medium","high","ok","medium","ok","ok",,"medium","true","C1","C1: Below 1.5°C with no or limited overshoot","IMAGE 3.2","SSP2_SPA1_19I_LIRE_LB","24.48652600012468","58.1746408837478","13.944572792393888","12.390721743239581","1235.7975712623102","1.316364771520656","1.571308580789807",
"1073","SSP2021-SSP2-SPA1-19-Lifestyle-Renewables-LowBiomass","IMAGE 3.2","Final Energy|Electricity","EJ/yr","[object Object]",2085,18.04041870117188,"1.571308580789807","1.316364771520656","2038","1235.7975712623102","363.77331338247626","-134.88112242030226","2047",,"GW1","Low Demand","failed","high","medium","medium","medium","high","ok","medium","ok","ok",,"medium","true","C1","C1: Below 1.5°C with no or limited overshoot","IMAGE 3.2","SSP2_SPA1_19I_LIRE_LB","24.48652600012468","58.1746408837478","13.944572792393888","12.390721743239581","1235.7975712623102","1.316364771520656","1.571308580789807",
"1073","SSP2021-SSP2-SPA1-19-Lifestyle-Renewables-LowBiomass","IMAGE 3.2","Final Energy|Electricity","EJ/yr","[object Object]",2090,18.25316748046875,"1.571308580789807","1.316364771520656","2038","1235.7975712623102","363.77331338247626","-134.88112242030226","2047",,"GW1","Low Demand","failed","high","medium","medium","medium","high","ok","medium","ok","ok",,"medium","true","C1","C1: Below 1.5°C with no or limited overshoot","IMAGE 3.2","SSP2_SPA1_19I_LIRE_LB","24.48652600012468","58.1746408837478","13.944572792393888","12.390721743239581","1235.7975712623102","1.316364771520656","1.571308580789807",
"1073","SSP2021-SSP2-SPA1-19-Lifestyle-Renewables-LowBiomass","IMAGE 3.2","Final Energy|Electricity","EJ/yr","[object Object]",2095,18.4639326171875,"1.571308580789807","1.316364771520656","2038","1235.7975712623102","363.77331338247626","-134.88112242030226","2047",,"GW1","Low Demand","failed","high","medium","medium","medium","high","ok","medium","ok","ok",,"medium","true","C1","C1: Below 1.5°C with no or limited overshoot","IMAGE 3.2","SSP2_SPA1_19I_LIRE_LB","24.48652600012468","58.1746408837478","13.944572792393888","12.390721743239581","1235.7975712623102","1.316364771520656","1.571308580789807",
"1073","SSP2021-SSP2-SPA1-19-Lifestyle-Renewables-LowBiomass","IMAGE 3.2","Final Energy|Electricity","EJ/yr","[object Object]",2100,18.52351464843749,"1.571308580789807","1.316364771520656","2038","1235.7975712623102","363.77331338247626","-134.88112242030226","2047",,"GW1","Low Demand","failed","high","medium","medium","medium","high","ok","medium","ok","ok",,"medium","true","C1","C1: Below 1.5°C with no or limited overshoot","IMAGE 3.2","SSP2_SPA1_19I_LIRE_LB","24.48652600012468","58.1746408837478","13.944572792393888","12.390721743239581","1235.7975712623102","1.316364771520656","1.571308580789807",
"1074","SSP2021-SSP2-SPA1-19-Renewables-LowBiomass","IMAGE 3.2","Final Energy|Electricity","EJ/yr","[object Object]",2010,11.14228198242187,"1.614718701019463","1.411706032941417","2048","1389.6231210668598","391.89534624229185","-199.09282255838255","2052",,"GW1","Carbon Capture and Storage","failed","high","medium","medium","medium","high","ok","medium","ok","medium",,"medium","true","C1","C1: Below 1.5°C with no or limited overshoot","IMAGE 3.2","SSP2_SPA1_19I_RE_LB","22.298130180830768","58.86954845441914","15.727342957119756","6.751321217152082","1389.6231210668598","1.411706032941417","1.614718701019463",
"1074","SSP2021-SSP2-SPA1-19-Renewables-LowBiomass","IMAGE 3.2","Final Energy|Electricity","EJ/yr","[object Object]",2015,11.44974993896484,"1.614718701019463","1.411706032941417","2048","1389.6231210668598","391.89534624229185","-199.09282255838255","2052",,"GW1","Carbon Capture and Storage","failed","high","medium","medium","medium","high","ok","medium","ok","medium",,"medium","true","C1","C1: Below 1.5°C with no or limited overshoot","IMAGE 3.2","SSP2_SPA1_19I_RE_LB","22.298130180830768","58.86954845441914","15.727342957119756","6.751321217152082","1389.6231210668598","1.411706032941417","1.614718701019463",
"1074","SSP2021-SSP2-SPA1-19-Renewables-LowBiomass","IMAGE 3.2","Final Energy|Electricity","EJ/yr","[object Object]",2020,10.84474786376953,"1.614718701019463","1.411706032941417","2048","1389.6231210668598","391.89534624229185","-199.09282255838255","2052",,"GW1","Carbon Capture and Storage","failed","high","medium","medium","medium","high","ok","medium","ok","medium",,"medium","true","C1","C1: Below 1.5°C with no or limited overshoot","IMAGE 3.2","SSP2_SPA1_19I_RE_LB","22.298130180830768","58.86954845441914","15.727342957119756","6.751321217152082","1389.6231210668598","1.411706032941417","1.614718701019463",
"1074","SSP2021-SSP2-SPA1-19-Renewables-LowBiomass","IMAGE 3.2","Final Energy|Electricity","EJ/yr","[object Object]",2025,11.79619372558594,"1.614718701019463","1.411706032941417","2048","1389.6231210668598","391.89534624229185","-199.09282255838255","2052",,"GW1","Carbon Capture and Storage","failed","high","medium","medium","medium","high","ok","medium","ok","medium",,"medium","true","C1","C1: Below 1.5°C with no or limited overshoot","IMAGE 3.2","SSP2_SPA1_19I_RE_LB","22.298130180830768","58.86954845441914","15.727342957119756","6.751321217152082","1389.6231210668598","1.411706032941417","1.614718701019463",
"1074","SSP2021-SSP2-SPA1-19-Renewables-LowBiomass","IMAGE 3.2","Final Energy|Electricity","EJ/yr","[object Object]",2030,11.12649548339844,"1.614718701019463","1.411706032941417","2048","1389.6231210668598","391.89534624229185","-199.09282255838255","2052",,"GW1","Carbon Capture and Storage","failed","high","medium","medium","medium","high","ok","medium","ok","medium",,"medium","true","C1","C1: Below 1.5°C with no or limited overshoot","IMAGE 3.2","SSP2_SPA1_19I_RE_LB","22.298130180830768","58.86954845441914","15.727342957119756","6.751321217152082","1389.6231210668598","1.411706032941417","1.614718701019463",
"1074","SSP2021-SSP2-SPA1-19-Renewables-LowBiomass","IMAGE 3.2","Final Energy|Electricity","EJ/yr","[object Object]",2035,12.27658569335938,"1.614718701019463","1.411706032941417","2048","1389.6231210668598","391.89534624229185","-199.09282255838255","2052",,"GW1","Carbon Capture and Storage","failed","high","medium","medium","medium","high","ok","medium","ok","medium",,"medium","true","C1","C1: Below 1.5°C with no or limited overshoot","IMAGE 3.2","SSP2_SPA1_19I_RE_LB","22.298130180830768","58.86954845441914","15.727342957119756","6.751321217152082","1389.6231210668598","1.411706032941417","1.614718701019463",
"1074","SSP2021-SSP2-SPA1-19-Renewables-LowBiomass","IMAGE 3.2","Final Energy|Electricity","EJ/yr","[object Object]",2040,13.74148852539063,"1.614718701019463","1.411706032941417","2048","1389.6231210668598","391.89534624229185","-199.09282255838255","2052",,"GW1","Carbon Capture and Storage","failed","high","medium","medium","medium","high","ok","medium","ok","medium",,"medium","true","C1","C1: Below 1.5°C with no or limited overshoot","IMAGE 3.2","SSP2_SPA1_19I_RE_LB","22.298130180830768","58.86954845441914","15.727342957119756","6.751321217152082","1389.6231210668598","1.411706032941417","1.614718701019463",
"1074","SSP2021-SSP2-SPA1-19-Renewables-LowBiomass","IMAGE 3.2","Final Energy|Electricity","EJ/yr","[object Object]",2045,15.362982421875,"1.614718701019463","1.411706032941417","2048","1389.6231210668598","391.89534624229185","-199.09282255838255","2052",,"GW1","Carbon Capture and Storage","failed","high","medium","medium","medium","high","ok","medium","ok","medium",,"medium","true","C1","C1: Below 1.5°C with no or limited overshoot","IMAGE 3.2","SSP2_SPA1_19I_RE_LB","22.298130180830768","58.86954845441914","15.727342957119756","6.751321217152082","1389.6231210668598","1.411706032941417","1.614718701019463",
"1074","SSP2021-SSP2-SPA1-19-Renewables-LowBiomass","IMAGE 3.2","Final Energy|Electricity","EJ/yr","[object Object]",2050,16.7853876953125,"1.614718701019463","1.411706032941417","2048","1389.6231210668598","391.89534624229185","-199.09282255838255","2052",,"GW1","Carbon Capture and Storage","failed","high","medium","medium","medium","high","ok","medium","ok","medium",,"medium","true","C1","C1: Below 1.5°C with no or limited overshoot","IMAGE 3.2","SSP2_SPA1_19I_RE_LB","22.298130180830768","58.86954845441914","15.727342957119756","6.751321217152082","1389.6231210668598","1.411706032941417","1.614718701019463",
"1074","SSP2021-SSP2-SPA1-19-Renewables-LowBiomass","IMAGE 3.2","Final Energy|Electricity","EJ/yr","[object Object]",2055,17.57243969726562,"1.614718701019463","1.411706032941417","2048","1389.6231210668598","391.89534624229185","-199.09282255838255","2052",,"GW1","Carbon Capture and Storage","failed","high","medium","medium","medium","high","ok","medium","ok","medium",,"medium","true","C1","C1: Below 1.5°C with no or limited overshoot","IMAGE 3.2","SSP2_SPA1_19I_RE_LB","22.298130180830768","58.86954845441914","15.727342957119756","6.751321217152082","1389.6231210668598","1.411706032941417","1.614718701019463",
"1074","SSP2021-SSP2-SPA1-19-Renewables-LowBiomass","IMAGE 3.2","Final Energy|Electricity","EJ/yr","[object Object]",2060,18.32801293945312,"1.614718701019463","1.411706032941417","2048","1389.6231210668598","391.89534624229185","-199.09282255838255","2052",,"GW1","Carbon Capture and Storage","failed","high","medium","medium","medium","high","ok","medium","ok","medium",,"medium","true","C1","C1: Below 1.5°C with no or limited overshoot","IMAGE 3.2","SSP2_SPA1_19I_RE_LB","22.298130180830768","58.86954845441914","15.727342957119756","6.751321217152082","1389.6231210668598","1.411706032941417","1.614718701019463",
"1074","SSP2021-SSP2-SPA1-19-Renewables-LowBiomass","IMAGE 3.2","Final Energy|Electricity","EJ/yr","[object Object]",2065,18.90665502929687,"1.614718701019463","1.411706032941417","2048","1389.6231210668598","391.89534624229185","-199.09282255838255","2052",,"GW1","Carbon Capture and Storage","failed","high","medium","medium","medium","high","ok","medium","ok","medium",,"medium","true","C1","C1: Below 1.5°C with no or limited overshoot","IMAGE 3.2","SSP2_SPA1_19I_RE_LB","22.298130180830768","58.86954845441914","15.727342957119756","6.751321217152082","1389.6231210668598","1.411706032941417","1.614718701019463",
"1074","SSP2021-SSP2-SPA1-19-Renewables-LowBiomass","IMAGE 3.2","Final Energy|Electricity","EJ/yr","[object Object]",2070,19.39750122070312,"1.614718701019463","1.411706032941417","2048","1389.6231210668598","391.89534624229185","-199.09282255838255","2052",,"GW1","Carbon Capture and Storage","failed","high","medium","medium","medium","high","ok","medium","ok","medium",,"medium","true","C1","C1: Below 1.5°C with no or limited overshoot","IMAGE 3.2","SSP2_SPA1_19I_RE_LB","22.298130180830768","58.86954845441914","15.727342957119756","6.751321217152082","1389.6231210668598","1.411706032941417","1.614718701019463",
"1074","SSP2021-SSP2-SPA1-19-Renewables-LowBiomass","IMAGE 3.2","Final Energy|Electricity","EJ/yr","[object Object]",2075,19.83430590820312,"1.614718701019463","1.411706032941417","2048","1389.6231210668598","391.89534624229185","-199.09282255838255","2052",,"GW1","Carbon Capture and Storage","failed","high","medium","medium","medium","high","ok","medium","ok","medium",,"medium","true","C1","C1: Below 1.5°C with no or limited overshoot","IMAGE 3.2","SSP2_SPA1_19I_RE_LB","22.298130180830768","58.86954845441914","15.727342957119756","6.751321217152082","1389.6231210668598","1.411706032941417","1.614718701019463",
"1074","SSP2021-SSP2-SPA1-19-Renewables-LowBiomass","IMAGE 3.2","Final Energy|Electricity","EJ/yr","[object Object]",2080,20.14178784179688,"1.614718701019463","1.411706032941417","2048","1389.6231210668598","391.89534624229185","-199.09282255838255","2052",,"GW1","Carbon Capture and Storage","failed","high","medium","medium","medium","high","ok","medium","ok","medium",,"medium","true","C1","C1: Below 1.5°C with no or limited overshoot","IMAGE 3.2","SSP2_SPA1_19I_RE_LB","22.298130180830768","58.86954845441914","15.727342957119756","6.751321217152082","1389.6231210668598","1.411706032941417","1.614718701019463",
"1074","SSP2021-SSP2-SPA1-19-Renewables-LowBiomass","IMAGE 3.2","Final Energy|Electricity","EJ/yr","[object Object]",2085,20.52731762695312,"1.614718701019463","1.411706032941417","2048","1389.6231210668598","391.89534624229185","-199.09282255838255","2052",,"GW1","Carbon Capture and Storage","failed","high","medium","medium","medium","high","ok","medium","ok","medium",,"medium","true","C1","C1: Below 1.5°C with no or limited overshoot","IMAGE 3.2","SSP2_SPA1_19I_RE_LB","22.298130180830768","58.86954845441914","15.727342957119756","6.751321217152082","1389.6231210668598","1.411706032941417","1.614718701019463",
"1074","SSP2021-SSP2-SPA1-19-Renewables-LowBiomass","IMAGE 3.2","Final Energy|Electricity","EJ/yr","[object Object]",2090,20.91838989257813,"1.614718701019463","1.411706032941417","2048","1389.6231210668598","391.89534624229185","-199.09282255838255","2052",,"GW1","Carbon Capture and Storage","failed","high","medium","medium","medium","high","ok","medium","ok","medium",,"medium","true","C1","C1: Below 1.5°C with no or limited overshoot","IMAGE 3.2","SSP2_SPA1_19I_RE_LB","22.298130180830768","58.86954845441914","15.727342957119756","6.751321217152082","1389.6231210668598","1.411706032941417","1.614718701019463",
"1074","SSP2021-SSP2-SPA1-19-Renewables-LowBiomass","IMAGE 3.2","Final Energy|Electricity","EJ/yr","[object Object]",2095,21.26608520507813,"1.614718701019463","1.411706032941417","2048","1389.6231210668598","391.89534624229185","-199.09282255838255","2052",,"GW1","Carbon Capture and Storage","failed","high","medium","medium","medium","high","ok","medium","ok","medium",,"medium","true","C1","C1: Below 1.5°C with no or limited overshoot","IMAGE 3.2","SSP2_SPA1_19I_RE_LB","22.298130180830768","58.86954845441914","15.727342957119756","6.751321217152082","1389.6231210668598","1.411706032941417","1.614718701019463",
"1074","SSP2021-SSP2-SPA1-19-Renewables-LowBiomass","IMAGE 3.2","Final Energy|Electricity","EJ/yr","[object Object]",2100,21.40781787109375,"1.614718701019463","1.411706032941417","2048","1389.6231210668598","391.89534624229185","-199.09282255838255","2052",,"GW1","Carbon Capture and Storage","failed","high","medium","medium","medium","high","ok","medium","ok","medium",,"medium","true","C1","C1: Below 1.5°C with no or limited overshoot","IMAGE 3.2","SSP2_SPA1_19I_RE_LB","22.298130180830768","58.86954845441914","15.727342957119756","6.751321217152082","1389.6231210668598","1.411706032941417","1.614718701019463",
"1075","SSP2021-SSP2-SPA2-19-Default","IMAGE 3.2","Final Energy|Electricity","EJ/yr","[object Object]",2010,11.14218676757812,"1.606594602877174","1.169096265081378","2038","2145.3476476395317","131.19968329287204","-517.6647430025862","2051","2063","GW1","Carbon Capture and Storage","ok","high","medium","medium","medium","high","medium","high","medium","high",,"high","true","C2","C2: Below 1.5°C with high OS","IMAGE 3.2","SSP2_SPA2_19I_D","12.404126569018505","52.3188141617191","31.028691041330912","6.617265379685122","2145.3476476395317","1.169096265081378","1.606594602877174","0.003725075"
"1075","SSP2021-SSP2-SPA2-19-Default","IMAGE 3.2","Final Energy|Electricity","EJ/yr","[object Object]",2015,11.44978411865234,"1.606594602877174","1.169096265081378","2038","2145.3476476395317","131.19968329287204","-517.6647430025862","2051","2063","GW1","Carbon Capture and Storage","ok","high","medium","medium","medium","high","medium","high","medium","high",,"high","true","C2","C2: Below 1.5°C with high OS","IMAGE 3.2","SSP2_SPA2_19I_D","12.404126569018505","52.3188141617191","31.028691041330912","6.617265379685122","2145.3476476395317","1.169096265081378","1.606594602877174","0.003725075"
"1075","SSP2021-SSP2-SPA2-19-Default","IMAGE 3.2","Final Energy|Electricity","EJ/yr","[object Object]",2020,10.84477099609375,"1.606594602877174","1.169096265081378","2038","2145.3476476395317","131.19968329287204","-517.6647430025862","2051","2063","GW1","Carbon Capture and Storage","ok","high","medium","medium","medium","high","medium","high","medium","high",,"high","true","C2","C2: Below 1.5°C with high OS","IMAGE 3.2","SSP2_SPA2_19I_D","12.404126569018505","52.3188141617191","31.028691041330912","6.617265379685122","2145.3476476395317","1.169096265081378","1.606594602877174","0.003725075"
"1075","SSP2021-SSP2-SPA2-19-Default","IMAGE 3.2","Final Energy|Electricity","EJ/yr","[object Object]",2025,11.40929693603516,"1.606594602877174","1.169096265081378","2038","2145.3476476395317","131.19968329287204","-517.6647430025862","2051","2063","GW1","Carbon Capture and Storage","ok","high","medium","medium","medium","high","medium","high","medium","high",,"high","true","C2","C2: Below 1.5°C with high OS","IMAGE 3.2","SSP2_SPA2_19I_D","12.404126569018505","52.3188141617191","31.028691041330912","6.617265379685122","2145.3476476395317","1.169096265081378","1.606594602877174","0.003725075"
"1075","SSP2021-SSP2-SPA2-19-Default","IMAGE 3.2","Final Energy|Electricity","EJ/yr","[object Object]",2030,11.77419213867188,"1.606594602877174","1.169096265081378","2038","2145.3476476395317","131.19968329287204","-517.6647430025862","2051","2063","GW1","Carbon Capture and Storage","ok","high","medium","medium","medium","high","medium","high","medium","high",,"high","true","C2","C2: Below 1.5°C with high OS","IMAGE 3.2","SSP2_SPA2_19I_D","12.404126569018505","52.3188141617191","31.028691041330912","6.617265379685122","2145.3476476395317","1.169096265081378","1.606594602877174","0.003725075"
"1075","SSP2021-SSP2-SPA2-19-Default","IMAGE 3.2","Final Energy|Electricity","EJ/yr","[object Object]",2035,11.16019860839844,"1.606594602877174","1.169096265081378","2038","2145.3476476395317","131.19968329287204","-517.6647430025862","2051","2063","GW1","Carbon Capture and Storage","ok","high","medium","medium","medium","high","medium","high","medium","high",,"high","true","C2","C2: Below 1.5°C with high OS","IMAGE 3.2","SSP2_SPA2_19I_D","12.404126569018505","52.3188141617191","31.028691041330912","6.617265379685122","2145.3476476395317","1.169096265081378","1.606594602877174","0.003725075"
"1075","SSP2021-SSP2-SPA2-19-Default","IMAGE 3.2","Final Energy|Electricity","EJ/yr","[object Object]",2040,12.12453137207031,"1.606594602877174","1.169096265081378","2038","2145.3476476395317","131.19968329287204","-517.6647430025862","2051","2063","GW1","Carbon Capture and Storage","ok","high","medium","medium","medium","high","medium","high","medium","high",,"high","true","C2","C2: Below 1.5°C with high OS","IMAGE 3.2","SSP2_SPA2_19I_D","12.404126569018505","52.3188141617191","31.028691041330912","6.617265379685122","2145.3476476395317","1.169096265081378","1.606594602877174","0.003725075"
"1075","SSP2021-SSP2-SPA2-19-Default","IMAGE 3.2","Final Energy|Electricity","EJ/yr","[object Object]",2045,13.39732421875,"1.606594602877174","1.169096265081378","2038","2145.3476476395317","131.19968329287204","-517.6647430025862","2051","2063","GW1","Carbon Capture and Storage","ok","high","medium","medium","medium","high","medium","high","medium","high",,"high","true","C2","C2: Below 1.5°C with high OS","IMAGE 3.2","SSP2_SPA2_19I_D","12.404126569018505","52.3188141617191","31.028691041330912","6.617265379685122","2145.3476476395317","1.169096265081378","1.606594602877174","0.003725075"
"1075","SSP2021-SSP2-SPA2-19-Default","IMAGE 3.2","Final Energy|Electricity","EJ/yr","[object Object]",2050,14.69030163574219,"1.606594602877174","1.169096265081378","2038","2145.3476476395317","131.19968329287204","-517.6647430025862","2051","2063","GW1","Carbon Capture and Storage","ok","high","medium","medium","medium","high","medium","high","medium","high",,"high","true","C2","C2: Below 1.5°C with high OS","IMAGE 3.2","SSP2_SPA2_19I_D","12.404126569018505","52.3188141617191","31.028691041330912","6.617265379685122","2145.3476476395317","1.169096265081378","1.606594602877174","0.003725075"
"1075","SSP2021-SSP2-SPA2-19-Default","IMAGE 3.2","Final Energy|Electricity","EJ/yr","[object Object]",2055,15.72184887695312,"1.606594602877174","1.169096265081378","2038","2145.3476476395317","131.19968329287204","-517.6647430025862","2051","2063","GW1","Carbon Capture and Storage","ok","high","medium","medium","medium","high","medium","high","medium","high",,"high","true","C2","C2: Below 1.5°C with high OS","IMAGE 3.2","SSP2_SPA2_19I_D","12.404126569018505","52.3188141617191","31.028691041330912","6.617265379685122","2145.3476476395317","1.169096265081378","1.606594602877174","0.003725075"
"1075","SSP2021-SSP2-SPA2-19-Default","IMAGE 3.2","Final Energy|Electricity","EJ/yr","[object Object]",2060,16.57216723632813,"1.606594602877174","1.169096265081378","2038","2145.3476476395317","131.19968329287204","-517.6647430025862","2051","2063","GW1","Carbon Capture and Storage","ok","high","medium","medium","medium","high","medium","high","medium","high",,"high","true","C2","C2: Below 1.5°C with high OS","IMAGE 3.2","SSP2_SPA2_19I_D","12.404126569018505","52.3188141617191","31.028691041330912","6.617265379685122","2145.3476476395317","1.169096265081378","1.606594602877174","0.003725075"
"1075","SSP2021-SSP2-SPA2-19-Default","IMAGE 3.2","Final Energy|Electricity","EJ/yr","[object Object]",2065,17.17767529296875,"1.606594602877174","1.169096265081378","2038","2145.3476476395317","131.19968329287204","-517.6647430025862","2051","2063","GW1","Carbon Capture and Storage","ok","high","medium","medium","medium","high","medium","high","medium","high",,"high","true","C2","C2: Below 1.5°C with high OS","IMAGE 3.2","SSP2_SPA2_19I_D","12.404126569018505","52.3188141617191","31.028691041330912","6.617265379685122","2145.3476476395317","1.169096265081378","1.606594602877174","0.003725075"
"1075","SSP2021-SSP2-SPA2-19-Default","IMAGE 3.2","Final Energy|Electricity","EJ/yr","[object Object]",2070,17.93873168945313,"1.606594602877174","1.169096265081378","2038","2145.3476476395317","131.19968329287204","-517.6647430025862","2051","2063","GW1","Carbon Capture and Storage","ok","high","medium","medium","medium","high","medium","high","medium","high",,"high","true","C2","C2: Below 1.5°C with high OS","IMAGE 3.2","SSP2_SPA2_19I_D","12.404126569018505","52.3188141617191","31.028691041330912","6.617265379685122","2145.3476476395317","1.169096265081378","1.606594602877174","0.003725075"
"1075","SSP2021-SSP2-SPA2-19-Default","IMAGE 3.2","Final Energy|Electricity","EJ/yr","[object Object]",2075,18.63833129882812,"1.606594602877174","1.169096265081378","2038","2145.3476476395317","131.19968329287204","-517.6647430025862","2051","2063","GW1","Carbon Capture and Storage","ok","high","medium","medium","medium","high","medium","high","medium","high",,"high","true","C2","C2: Below 1.5°C with high OS","IMAGE 3.2","SSP2_SPA2_19I_D","12.404126569018505","52.3188141617191","31.028691041330912","6.617265379685122","2145.3476476395317","1.169096265081378","1.606594602877174","0.003725075"
"1075","SSP2021-SSP2-SPA2-19-Default","IMAGE 3.2","Final Energy|Electricity","EJ/yr","[object Object]",2080,18.79801440429688,"1.606594602877174","1.169096265081378","2038","2145.3476476395317","131.19968329287204","-517.6647430025862","2051","2063","GW1","Carbon Capture and Storage","ok","high","medium","medium","medium","high","medium","high","medium","high",,"high","true","C2","C2: Below 1.5°C with high OS","IMAGE 3.2","SSP2_SPA2_19I_D","12.404126569018505","52.3188141617191","31.028691041330912","6.617265379685122","2145.3476476395317","1.169096265081378","1.606594602877174","0.003725075"
"1075","SSP2021-SSP2-SPA2-19-Default","IMAGE 3.2","Final Energy|Electricity","EJ/yr","[object Object]",2085,19.6494541015625,"1.606594602877174","1.169096265081378","2038","2145.3476476395317","131.19968329287204","-517.6647430025862","2051","2063","GW1","Carbon Capture and Storage","ok","high","medium","medium","medium","high","medium","high","medium","high",,"high","true","C2","C2: Below 1.5°C with high OS","IMAGE 3.2","SSP2_SPA2_19I_D","12.404126569018505","52.3188141617191","31.028691041330912","6.617265379685122","2145.3476476395317","1.169096265081378","1.606594602877174","0.003725075"
"1075","SSP2021-SSP2-SPA2-19-Default","IMAGE 3.2","Final Energy|Electricity","EJ/yr","[object Object]",2090,20.17611181640625,"1.606594602877174","1.169096265081378","2038","2145.3476476395317","131.19968329287204","-517.6647430025862","2051","2063","GW1","Carbon Capture and Storage","ok","high","medium","medium","medium","high","medium","high","medium","high",,"high","true","C2","C2: Below 1.5°C with high OS","IMAGE 3.2","SSP2_SPA2_19I_D","12.404126569018505","52.3188141617191","31.028691041330912","6.617265379685122","2145.3476476395317","1.169096265081378","1.606594602877174","0.003725075"
"1075","SSP2021-SSP2-SPA2-19-Default","IMAGE 3.2","Final Energy|Electricity","EJ/yr","[object Object]",2095,20.69972216796875,"1.606594602877174","1.169096265081378","2038","2145.3476476395317","131.19968329287204","-517.6647430025862","2051","2063","GW1","Carbon Capture and Storage","ok","high","medium","medium","medium","high","medium","high","medium","high",,"high","true","C2","C2: Below 1.5°C with high OS","IMAGE 3.2","SSP2_SPA2_19I_D","12.404126569018505","52.3188141617191","31.028691041330912","6.617265379685122","2145.3476476395317","1.169096265081378","1.606594602877174","0.003725075"
"1075","SSP2021-SSP2-SPA2-19-Default","IMAGE 3.2","Final Energy|Electricity","EJ/yr","[object Object]",2100,20.41857568359375,"1.606594602877174","1.169096265081378","2038","2145.3476476395317","131.19968329287204","-517.6647430025862","2051","2063","GW1","Carbon Capture and Storage","ok","high","medium","medium","medium","high","medium","high","medium","high",,"high","true","C2","C2: Below 1.5°C with high OS","IMAGE 3.2","SSP2_SPA2_19I_D","12.404126569018505","52.3188141617191","31.028691041330912","6.617265379685122","2145.3476476395317","1.169096265081378","1.606594602877174","0.003725075"
"1076","SSP2021-SSP2-SPA2-19-Lifestyle","IMAGE 3.2","Final Energy|Electricity","EJ/yr","[object Object]",2010,11.14238500976563,"1.596971769806298","1.220682618965359","2038","1573.3777633717293","294.5017400576974","-352.80966296338875","2049","2055","GW1","Carbon Capture and Storage","ok","high","medium","medium","medium","high","high","high","high","high",,"medium","true","C1","C1: Below 1.5°C with no or limited overshoot","IMAGE 3.2","SSP2_SPA2_19I_LI","13.039619442912297","53.76608199911493","28.09801423764094","12.219305070925316","1573.3777633717293","1.220682618965359","1.596971769806298","0.00364522"
"1076","SSP2021-SSP2-SPA2-19-Lifestyle","IMAGE 3.2","Final Energy|Electricity","EJ/yr","[object Object]",2015,11.45004510498047,"1.596971769806298","1.220682618965359","2038","1573.3777633717293","294.5017400576974","-352.80966296338875","2049","2055","GW1","Carbon Capture and Storage","ok","high","medium","medium","medium","high","high","high","high","high",,"medium","true","C1","C1: Below 1.5°C with no or limited overshoot","IMAGE 3.2","SSP2_SPA2_19I_LI","13.039619442912297","53.76608199911493","28.09801423764094","12.219305070925316","1573.3777633717293","1.220682618965359","1.596971769806298","0.00364522"
"1076","SSP2021-SSP2-SPA2-19-Lifestyle","IMAGE 3.2","Final Energy|Electricity","EJ/yr","[object Object]",2020,10.84398010253906,"1.596971769806298","1.220682618965359","2038","1573.3777633717293","294.5017400576974","-352.80966296338875","2049","2055","GW1","Carbon Capture and Storage","ok","high","medium","medium","medium","high","high","high","high","high",,"medium","true","C1","C1: Below 1.5°C with no or limited overshoot","IMAGE 3.2","SSP2_SPA2_19I_LI","13.039619442912297","53.76608199911493","28.09801423764094","12.219305070925316","1573.3777633717293","1.220682618965359","1.596971769806298","0.00364522"
"1076","SSP2021-SSP2-SPA2-19-Lifestyle","IMAGE 3.2","Final Energy|Electricity","EJ/yr","[object Object]",2025,11.59717858886719,"1.596971769806298","1.220682618965359","2038","1573.3777633717293","294.5017400576974","-352.80966296338875","2049","2055","GW1","Carbon Capture and Storage","ok","high","medium","medium","medium","high","high","high","high","high",,"medium","true","C1","C1: Below 1.5°C with no or limited overshoot","IMAGE 3.2","SSP2_SPA2_19I_LI","13.039619442912297","53.76608199911493","28.09801423764094","12.219305070925316","1573.3777633717293","1.220682618965359","1.596971769806298","0.00364522"
"1076","SSP2021-SSP2-SPA2-19-Lifestyle","IMAGE 3.2","Final Energy|Electricity","EJ/yr","[object Object]",2030,11.73694311523438,"1.596971769806298","1.220682618965359","2038","1573.3777633717293","294.5017400576974","-352.80966296338875","2049","2055","GW1","Carbon Capture and Storage","ok","high","medium","medium","medium","high","high","high","high","high",,"medium","true","C1","C1: Below 1.5°C with no or limited overshoot","IMAGE 3.2","SSP2_SPA2_19I_LI","13.039619442912297","53.76608199911493","28.09801423764094","12.219305070925316","1573.3777633717293","1.220682618965359","1.596971769806298","0.00364522"
"1076","SSP2021-SSP2-SPA2-19-Lifestyle","IMAGE 3.2","Final Energy|Electricity","EJ/yr","[object Object]",2035,11.877607421875,"1.596971769806298","1.220682618965359","2038","1573.3777633717293","294.5017400576974","-352.80966296338875","2049","2055","GW1","Carbon Capture and Storage","ok","high","medium","medium","medium","high","high","high","high","high",,"medium","true","C1","C1: Below 1.5°C with no or limited overshoot","IMAGE 3.2","SSP2_SPA2_19I_LI","13.039619442912297","53.76608199911493","28.09801423764094","12.219305070925316","1573.3777633717293","1.220682618965359","1.596971769806298","0.00364522"
"1076","SSP2021-SSP2-SPA2-19-Lifestyle","IMAGE 3.2","Final Energy|Electricity","EJ/yr","[object Object]",2040,11.02334020996094,"1.596971769806298","1.220682618965359","2038","1573.3777633717293","294.5017400576974","-352.80966296338875","2049","2055","GW1","Carbon Capture and Storage","ok","high","medium","medium","medium","high","high","high","high","high",,"medium","true","C1","C1: Below 1.5°C with no or limited overshoot","IMAGE 3.2","SSP2_SPA2_19I_LI","13.039619442912297","53.76608199911493","28.09801423764094","12.219305070925316","1573.3777633717293","1.220682618965359","1.596971769806298","0.00364522"
"1076","SSP2021-SSP2-SPA2-19-Lifestyle","IMAGE 3.2","Final Energy|Electricity","EJ/yr","[object Object]",2045,12.11534411621094,"1.596971769806298","1.220682618965359","2038","1573.3777633717293","294.5017400576974","-352.80966296338875","2049","2055","GW1","Carbon Capture and Storage","ok","high","medium","medium","medium","high","high","high","high","high",,"medium","true","C1","C1: Below 1.5°C with no or limited overshoot","IMAGE 3.2","SSP2_SPA2_19I_LI","13.039619442912297","53.76608199911493","28.09801423764094","12.219305070925316","1573.3777633717293","1.220682618965359","1.596971769806298","0.00364522"
"1076","SSP2021-SSP2-SPA2-19-Lifestyle","IMAGE 3.2","Final Energy|Electricity","EJ/yr","[object Object]",2050,13.42890124511719,"1.596971769806298","1.220682618965359","2038","1573.3777633717293","294.5017400576974","-352.80966296338875","2049","2055","GW1","Carbon Capture and Storage","ok","high","medium","medium","medium","high","high","high","high","high",,"medium","true","C1","C1: Below 1.5°C with no or limited overshoot","IMAGE 3.2","SSP2_SPA2_19I_LI","13.039619442912297","53.76608199911493","28.09801423764094","12.219305070925316","1573.3777633717293","1.220682618965359","1.596971769806298","0.00364522"
"1076","SSP2021-SSP2-SPA2-19-Lifestyle","IMAGE 3.2","Final Energy|Electricity","EJ/yr","[object Object]",2055,14.4859521484375,"1.596971769806298","1.220682618965359","2038","1573.3777633717293","294.5017400576974","-352.80966296338875","2049","2055","GW1","Carbon Capture and Storage","ok","high","medium","medium","medium","high","high","high","high","high",,"medium","true","C1","C1: Below 1.5°C with no or limited overshoot","IMAGE 3.2","SSP2_SPA2_19I_LI","13.039619442912297","53.76608199911493","28.09801423764094","12.219305070925316","1573.3777633717293","1.220682618965359","1.596971769806298","0.00364522"
"1076","SSP2021-SSP2-SPA2-19-Lifestyle","IMAGE 3.2","Final Energy|Electricity","EJ/yr","[object Object]",2060,15.16938940429688,"1.596971769806298","1.220682618965359","2038","1573.3777633717293","294.5017400576974","-352.80966296338875","2049","2055","GW1","Carbon Capture and Storage","ok","high","medium","medium","medium","high","high","high","high","high",,"medium","true","C1","C1: Below 1.5°C with no or limited overshoot","IMAGE 3.2","SSP2_SPA2_19I_LI","13.039619442912297","53.76608199911493","28.09801423764094","12.219305070925316","1573.3777633717293","1.220682618965359","1.596971769806298","0.00364522"
"1076","SSP2021-SSP2-SPA2-19-Lifestyle","IMAGE 3.2","Final Energy|Electricity","EJ/yr","[object Object]",2065,15.58943408203125,"1.596971769806298","1.220682618965359","2038","1573.3777633717293","294.5017400576974","-352.80966296338875","2049","2055","GW1","Carbon Capture and Storage","ok","high","medium","medium","medium","high","high","high","high","high",,"medium","true","C1","C1: Below 1.5°C with no or limited overshoot","IMAGE 3.2","SSP2_SPA2_19I_LI","13.039619442912297","53.76608199911493","28.09801423764094","12.219305070925316","1573.3777633717293","1.220682618965359","1.596971769806298","0.00364522"
"1076","SSP2021-SSP2-SPA2-19-Lifestyle","IMAGE 3.2","Final Energy|Electricity","EJ/yr","[object Object]",2070,16.38180444335937,"1.596971769806298","1.220682618965359","2038","1573.3777633717293","294.5017400576974","-352.80966296338875","2049","2055","GW1","Carbon Capture and Storage","ok","high","medium","medium","medium","high","high","high","high","high",,"medium","true","C1","C1: Below 1.5°C with no or limited overshoot","IMAGE 3.2","SSP2_SPA2_19I_LI","13.039619442912297","53.76608199911493","28.09801423764094","12.219305070925316","1573.3777633717293","1.220682618965359","1.596971769806298","0.00364522"
"1076","SSP2021-SSP2-SPA2-19-Lifestyle","IMAGE 3.2","Final Energy|Electricity","EJ/yr","[object Object]",2075,17.27726538085938,"1.596971769806298","1.220682618965359","2038","1573.3777633717293","294.5017400576974","-352.80966296338875","2049","2055","GW1","Carbon Capture and Storage","ok","high","medium","medium","medium","high","high","high","high","high",,"medium","true","C1","C1: Below 1.5°C with no or limited overshoot","IMAGE 3.2","SSP2_SPA2_19I_LI","13.039619442912297","53.76608199911493","28.09801423764094","12.219305070925316","1573.3777633717293","1.220682618965359","1.596971769806298","0.00364522"
"1076","SSP2021-SSP2-SPA2-19-Lifestyle","IMAGE 3.2","Final Energy|Electricity","EJ/yr","[object Object]",2080,17.49197998046875,"1.596971769806298","1.220682618965359","2038","1573.3777633717293","294.5017400576974","-352.80966296338875","2049","2055","GW1","Carbon Capture and Storage","ok","high","medium","medium","medium","high","high","high","high","high",,"medium","true","C1","C1: Below 1.5°C with no or limited overshoot","IMAGE 3.2","SSP2_SPA2_19I_LI","13.039619442912297","53.76608199911493","28.09801423764094","12.219305070925316","1573.3777633717293","1.220682618965359","1.596971769806298","0.00364522"
"1076","SSP2021-SSP2-SPA2-19-Lifestyle","IMAGE 3.2","Final Energy|Electricity","EJ/yr","[object Object]",2085,17.43961157226563,"1.596971769806298","1.220682618965359","2038","1573.3777633717293","294.5017400576974","-352.80966296338875","2049","2055","GW1","Carbon Capture and Storage","ok","high","medium","medium","medium","high","high","high","high","high",,"medium","true","C1","C1: Below 1.5°C with no or limited overshoot","IMAGE 3.2","SSP2_SPA2_19I_LI","13.039619442912297","53.76608199911493","28.09801423764094","12.219305070925316","1573.3777633717293","1.220682618965359","1.596971769806298","0.00364522"
"1076","SSP2021-SSP2-SPA2-19-Lifestyle","IMAGE 3.2","Final Energy|Electricity","EJ/yr","[object Object]",2090,17.33626513671875,"1.596971769806298","1.220682618965359","2038","1573.3777633717293","294.5017400576974","-352.80966296338875","2049","2055","GW1","Carbon Capture and Storage","ok","high","medium","medium","medium","high","high","high","high","high",,"medium","true","C1","C1: Below 1.5°C with no or limited overshoot","IMAGE 3.2","SSP2_SPA2_19I_LI","13.039619442912297","53.76608199911493","28.09801423764094","12.219305070925316","1573.3777633717293","1.220682618965359","1.596971769806298","0.00364522"
"1076","SSP2021-SSP2-SPA2-19-Lifestyle","IMAGE 3.2","Final Energy|Electricity","EJ/yr","[object Object]",2095,17.26465795898438,"1.596971769806298","1.220682618965359","2038","1573.3777633717293","294.5017400576974","-352.80966296338875","2049","2055","GW1","Carbon Capture and Storage","ok","high","medium","medium","medium","high","high","high","high","high",,"medium","true","C1","C1: Below 1.5°C with no or limited overshoot","IMAGE 3.2","SSP2_SPA2_19I_LI","13.039619442912297","53.76608199911493","28.09801423764094","12.219305070925316","1573.3777633717293","1.220682618965359","1.596971769806298","0.00364522"
"1076","SSP2021-SSP2-SPA2-19-Lifestyle","IMAGE 3.2","Final Energy|Electricity","EJ/yr","[object Object]",2100,17.221525390625,"1.596971769806298","1.220682618965359","2038","1573.3777633717293","294.5017400576974","-352.80966296338875","2049","2055","GW1","Carbon Capture and Storage","ok","high","medium","medium","medium","high","high","high","high","high",,"medium","true","C1","C1: Below 1.5°C with no or limited overshoot","IMAGE 3.2","SSP2_SPA2_19I_LI","13.039619442912297","53.76608199911493","28.09801423764094","12.219305070925316","1573.3777633717293","1.220682618965359","1.596971769806298","0.00364522"
"1077","SSP2021-SSP2-SPA2-19-Lifestyle-Renewables","IMAGE 3.2","Final Energy|Electricity","EJ/yr","[object Object]",2010,11.14228198242187,"1.619104189336387","1.226703461460011","2039","1836.8293673876194","201.16165988970675","-363.4737763351264","2048","2069","GW1","Carbon Capture and Storage","ok","high","medium","medium","medium","high","ok","medium","ok","high",,"medium","true","C2","C2: Below 1.5°C with high OS","IMAGE 3.2","SSP2_SPA2_19I_LIRE","19.974215969004174","53.37677360293442","24.867380406682287","12.052741452250956","1836.8293673876194","1.226703461460011","1.619104189336387","0.003653952"
"1077","SSP2021-SSP2-SPA2-19-Lifestyle-Renewables","IMAGE 3.2","Final Energy|Electricity","EJ/yr","[object Object]",2015,11.44974993896484,"1.619104189336387","1.226703461460011","2039","1836.8293673876194","201.16165988970675","-363.4737763351264","2048","2069","GW1","Carbon Capture and Storage","ok","high","medium","medium","medium","high","ok","medium","ok","high",,"medium","true","C2","C2: Below 1.5°C with high OS","IMAGE 3.2","SSP2_SPA2_19I_LIRE","19.974215969004174","53.37677360293442","24.867380406682287","12.052741452250956","1836.8293673876194","1.226703461460011","1.619104189336387","0.003653952"
"1077","SSP2021-SSP2-SPA2-19-Lifestyle-Renewables","IMAGE 3.2","Final Energy|Electricity","EJ/yr","[object Object]",2020,10.84472918701172,"1.619104189336387","1.226703461460011","2039","1836.8293673876194","201.16165988970675","-363.4737763351264","2048","2069","GW1","Carbon Capture and Storage","ok","high","medium","medium","medium","high","ok","medium","ok","high",,"medium","true","C2","C2: Below 1.5°C with high OS","IMAGE 3.2","SSP2_SPA2_19I_LIRE","19.974215969004174","53.37677360293442","24.867380406682287","12.052741452250956","1836.8293673876194","1.226703461460011","1.619104189336387","0.003653952"
"1077","SSP2021-SSP2-SPA2-19-Lifestyle-Renewables","IMAGE 3.2","Final Energy|Electricity","EJ/yr","[object Object]",2025,11.75298645019531,"1.619104189336387","1.226703461460011","2039","1836.8293673876194","201.16165988970675","-363.4737763351264","2048","2069","GW1","Carbon Capture and Storage","ok","high","medium","medium","medium","high","ok","medium","ok","high",,"medium","true","C2","C2: Below 1.5°C with high OS","IMAGE 3.2","SSP2_SPA2_19I_LIRE","19.974215969004174","53.37677360293442","24.867380406682287","12.052741452250956","1836.8293673876194","1.226703461460011","1.619104189336387","0.003653952"
"1077","SSP2021-SSP2-SPA2-19-Lifestyle-Renewables","IMAGE 3.2","Final Energy|Electricity","EJ/yr","[object Object]",2030,12.57579418945313,"1.619104189336387","1.226703461460011","2039","1836.8293673876194","201.16165988970675","-363.4737763351264","2048","2069","GW1","Carbon Capture and Storage","ok","high","medium","medium","medium","high","ok","medium","ok","high",,"medium","true","C2","C2: Below 1.5°C with high OS","IMAGE 3.2","SSP2_SPA2_19I_LIRE","19.974215969004174","53.37677360293442","24.867380406682287","12.052741452250956","1836.8293673876194","1.226703461460011","1.619104189336387","0.003653952"
"1077","SSP2021-SSP2-SPA2-19-Lifestyle-Renewables","IMAGE 3.2","Final Energy|Electricity","EJ/yr","[object Object]",2035,12.03527758789063,"1.619104189336387","1.226703461460011","2039","1836.8293673876194","201.16165988970675","-363.4737763351264","2048","2069","GW1","Carbon Capture and Storage","ok","high","medium","medium","medium","high","ok","medium","ok","high",,"medium","true","C2","C2: Below 1.5°C with high OS","IMAGE 3.2","SSP2_SPA2_19I_LIRE","19.974215969004174","53.37677360293442","24.867380406682287","12.052741452250956","1836.8293673876194","1.226703461460011","1.619104189336387","0.003653952"
"1077","SSP2021-SSP2-SPA2-19-Lifestyle-Renewables","IMAGE 3.2","Final Energy|Electricity","EJ/yr","[object Object]",2040,12.89652917480469,"1.619104189336387","1.226703461460011","2039","1836.8293673876194","201.16165988970675","-363.4737763351264","2048","2069","GW1","Carbon Capture and Storage","ok","high","medium","medium","medium","high","ok","medium","ok","high",,"medium","true","C2","C2: Below 1.5°C with high OS","IMAGE 3.2","SSP2_SPA2_19I_LIRE","19.974215969004174","53.37677360293442","24.867380406682287","12.052741452250956","1836.8293673876194","1.226703461460011","1.619104189336387","0.003653952"
"1077","SSP2021-SSP2-SPA2-19-Lifestyle-Renewables","IMAGE 3.2","Final Energy|Electricity","EJ/yr","[object Object]",2045,14.1355283203125,"1.619104189336387","1.226703461460011","2039","1836.8293673876194","201.16165988970675","-363.4737763351264","2048","2069","GW1","Carbon Capture and Storage","ok","high","medium","medium","medium","high","ok","medium","ok","high",,"medium","true","C2","C2: Below 1.5°C with high OS","IMAGE 3.2","SSP2_SPA2_19I_LIRE","19.974215969004174","53.37677360293442","24.867380406682287","12.052741452250956","1836.8293673876194","1.226703461460011","1.619104189336387","0.003653952"
"1077","SSP2021-SSP2-SPA2-19-Lifestyle-Renewables","IMAGE 3.2","Final Energy|Electricity","EJ/yr","[object Object]",2050,15.37073461914063,"1.619104189336387","1.226703461460011","2039","1836.8293673876194","201.16165988970675","-363.4737763351264","2048","2069","GW1","Carbon Capture and Storage","ok","high","medium","medium","medium","high","ok","medium","ok","high",,"medium","true","C2","C2: Below 1.5°C with high OS","IMAGE 3.2","SSP2_SPA2_19I_LIRE","19.974215969004174","53.37677360293442","24.867380406682287","12.052741452250956","1836.8293673876194","1.226703461460011","1.619104189336387","0.003653952"
"1077","SSP2021-SSP2-SPA2-19-Lifestyle-Renewables","IMAGE 3.2","Final Energy|Electricity","EJ/yr","[object Object]",2055,15.94960961914063,"1.619104189336387","1.226703461460011","2039","1836.8293673876194","201.16165988970675","-363.4737763351264","2048","2069","GW1","Carbon Capture and Storage","ok","high","medium","medium","medium","high","ok","medium","ok","high",,"medium","true","C2","C2: Below 1.5°C with high OS","IMAGE 3.2","SSP2_SPA2_19I_LIRE","19.974215969004174","53.37677360293442","24.867380406682287","12.052741452250956","1836.8293673876194","1.226703461460011","1.619104189336387","0.003653952"
"1077","SSP2021-SSP2-SPA2-19-Lifestyle-Renewables","IMAGE 3.2","Final Energy|Electricity","EJ/yr","[object Object]",2060,16.38964038085938,"1.619104189336387","1.226703461460011","2039","1836.8293673876194","201.16165988970675","-363.4737763351264","2048","2069","GW1","Carbon Capture and Storage","ok","high","medium","medium","medium","high","ok","medium","ok","high",,"medium","true","C2","C2: Below 1.5°C with high OS","IMAGE 3.2","SSP2_SPA2_19I_LIRE","19.974215969004174","53.37677360293442","24.867380406682287","12.052741452250956","1836.8293673876194","1.226703461460011","1.619104189336387","0.003653952"
"1077","SSP2021-SSP2-SPA2-19-Lifestyle-Renewables","IMAGE 3.2","Final Energy|Electricity","EJ/yr","[object Object]",2065,16.79330151367188,"1.619104189336387","1.226703461460011","2039","1836.8293673876194","201.16165988970675","-363.4737763351264","2048","2069","GW1","Carbon Capture and Storage","ok","high","medium","medium","medium","high","ok","medium","ok","high",,"medium","true","C2","C2: Below 1.5°C with high OS","IMAGE 3.2","SSP2_SPA2_19I_LIRE","19.974215969004174","53.37677360293442","24.867380406682287","12.052741452250956","1836.8293673876194","1.226703461460011","1.619104189336387","0.003653952"
"1077","SSP2021-SSP2-SPA2-19-Lifestyle-Renewables","IMAGE 3.2","Final Energy|Electricity","EJ/yr","[object Object]",2070,17.24919799804687,"1.619104189336387","1.226703461460011","2039","1836.8293673876194","201.16165988970675","-363.4737763351264","2048","2069","GW1","Carbon Capture and Storage","ok","high","medium","medium","medium","high","ok","medium","ok","high",,"medium","true","C2","C2: Below 1.5°C with high OS","IMAGE 3.2","SSP2_SPA2_19I_LIRE","19.974215969004174","53.37677360293442","24.867380406682287","12.052741452250956","1836.8293673876194","1.226703461460011","1.619104189336387","0.003653952"
"1077","SSP2021-SSP2-SPA2-19-Lifestyle-Renewables","IMAGE 3.2","Final Energy|Electricity","EJ/yr","[object Object]",2075,17.71256958007812,"1.619104189336387","1.226703461460011","2039","1836.8293673876194","201.16165988970675","-363.4737763351264","2048","2069","GW1","Carbon Capture and Storage","ok","high","medium","medium","medium","high","ok","medium","ok","high",,"medium","true","C2","C2: Below 1.5°C with high OS","IMAGE 3.2","SSP2_SPA2_19I_LIRE","19.974215969004174","53.37677360293442","24.867380406682287","12.052741452250956","1836.8293673876194","1.226703461460011","1.619104189336387","0.003653952"
"1077","SSP2021-SSP2-SPA2-19-Lifestyle-Renewables","IMAGE 3.2","Final Energy|Electricity","EJ/yr","[object Object]",2080,18.22265795898437,"1.619104189336387","1.226703461460011","2039","1836.8293673876194","201.16165988970675","-363.4737763351264","2048","2069","GW1","Carbon Capture and Storage","ok","high","medium","medium","medium","high","ok","medium","ok","high",,"medium","true","C2","C2: Below 1.5°C with high OS","IMAGE 3.2","SSP2_SPA2_19I_LIRE","19.974215969004174","53.37677360293442","24.867380406682287","12.052741452250956","1836.8293673876194","1.226703461460011","1.619104189336387","0.003653952"
"1077","SSP2021-SSP2-SPA2-19-Lifestyle-Renewables","IMAGE 3.2","Final Energy|Electricity","EJ/yr","[object Object]",2085,19.03762182617188,"1.619104189336387","1.226703461460011","2039","1836.8293673876194","201.16165988970675","-363.4737763351264","2048","2069","GW1","Carbon Capture and Storage","ok","high","medium","medium","medium","high","ok","medium","ok","high",,"medium","true","C2","C2: Below 1.5°C with high OS","IMAGE 3.2","SSP2_SPA2_19I_LIRE","19.974215969004174","53.37677360293442","24.867380406682287","12.052741452250956","1836.8293673876194","1.226703461460011","1.619104189336387","0.003653952"
"1077","SSP2021-SSP2-SPA2-19-Lifestyle-Renewables","IMAGE 3.2","Final Energy|Electricity","EJ/yr","[object Object]",2090,20.01641845703125,"1.619104189336387","1.226703461460011","2039","1836.8293673876194","201.16165988970675","-363.4737763351264","2048","2069","GW1","Carbon Capture and Storage","ok","high","medium","medium","medium","high","ok","medium","ok","high",,"medium","true","C2","C2: Below 1.5°C with high OS","IMAGE 3.2","SSP2_SPA2_19I_LIRE","19.974215969004174","53.37677360293442","24.867380406682287","12.052741452250956","1836.8293673876194","1.226703461460011","1.619104189336387","0.003653952"
"1077","SSP2021-SSP2-SPA2-19-Lifestyle-Renewables","IMAGE 3.2","Final Energy|Electricity","EJ/yr","[object Object]",2095,20.8458232421875,"1.619104189336387","1.226703461460011","2039","1836.8293673876194","201.16165988970675","-363.4737763351264","2048","2069","GW1","Carbon Capture and Storage","ok","high","medium","medium","medium","high","ok","medium","ok","high",,"medium","true","C2","C2: Below 1.5°C with high OS","IMAGE 3.2","SSP2_SPA2_19I_LIRE","19.974215969004174","53.37677360293442","24.867380406682287","12.052741452250956","1836.8293673876194","1.226703461460011","1.619104189336387","0.003653952"
"1077","SSP2021-SSP2-SPA2-19-Lifestyle-Renewables","IMAGE 3.2","Final Energy|Electricity","EJ/yr","[object Object]",2100,21.55999145507813,"1.619104189336387","1.226703461460011","2039","1836.8293673876194","201.16165988970675","-363.4737763351264","2048","2069","GW1","Carbon Capture and Storage","ok","high","medium","medium","medium","high","ok","medium","ok","high",,"medium","true","C2","C2: Below 1.5°C with high OS","IMAGE 3.2","SSP2_SPA2_19I_LIRE","19.974215969004174","53.37677360293442","24.867380406682287","12.052741452250956","1836.8293673876194","1.226703461460011","1.619104189336387","0.003653952"
"1152","Deep-Mitigation-MAC_30_n0","GCAM 5.3","Final Energy|Electricity","EJ/yr","[object Object]",2010,11.9637841607,"1.516940950764493","1.487385915976466","2094","1663.9649608559323","216.2814749509991","-0.026139925645807305","2030",,"GW0",,"failed","high","medium","medium",,,,,,"high",,"medium","true","C1","C1: Below 1.5°C with no or limited overshoot","GCAM 5.3","R_MAC_30_n0","16.159383949274858","0","25.964824333866027","3.8288969730576383","1663.9649608559323","1.487385915976466","1.516940950764493",
"1152","Deep-Mitigation-MAC_30_n0","GCAM 5.3","Final Energy|Electricity","EJ/yr","[object Object]",2015,11.799306026,"1.516940950764493","1.487385915976466","2094","1663.9649608559323","216.2814749509991","-0.026139925645807305","2030",,"GW0",,"failed","high","medium","medium",,,,,,"high",,"medium","true","C1","C1: Below 1.5°C with no or limited overshoot","GCAM 5.3","R_MAC_30_n0","16.159383949274858","0","25.964824333866027","3.8288969730576383","1663.9649608559323","1.487385915976466","1.516940950764493",
"1152","Deep-Mitigation-MAC_30_n0","GCAM 5.3","Final Energy|Electricity","EJ/yr","[object Object]",2020,13.0433566495626,"1.516940950764493","1.487385915976466","2094","1663.9649608559323","216.2814749509991","-0.026139925645807305","2030",,"GW0",,"failed","high","medium","medium",,,,,,"high",,"medium","true","C1","C1: Below 1.5°C with no or limited overshoot","GCAM 5.3","R_MAC_30_n0","16.159383949274858","0","25.964824333866027","3.8288969730576383","1663.9649608559323","1.487385915976466","1.516940950764493",
"1152","Deep-Mitigation-MAC_30_n0","GCAM 5.3","Final Energy|Electricity","EJ/yr","[object Object]",2025,16.7538587205025,"1.516940950764493","1.487385915976466","2094","1663.9649608559323","216.2814749509991","-0.026139925645807305","2030",,"GW0",,"failed","high","medium","medium",,,,,,"high",,"medium","true","C1","C1: Below 1.5°C with no or limited overshoot","GCAM 5.3","R_MAC_30_n0","16.159383949274858","0","25.964824333866027","3.8288969730576383","1663.9649608559323","1.487385915976466","1.516940950764493",
"1152","Deep-Mitigation-MAC_30_n0","GCAM 5.3","Final Energy|Electricity","EJ/yr","[object Object]",2030,22.4899226076176,"1.516940950764493","1.487385915976466","2094","1663.9649608559323","216.2814749509991","-0.026139925645807305","2030",,"GW0",,"failed","high","medium","medium",,,,,,"high",,"medium","true","C1","C1: Below 1.5°C with no or limited overshoot","GCAM 5.3","R_MAC_30_n0","16.159383949274858","0","25.964824333866027","3.8288969730576383","1663.9649608559323","1.487385915976466","1.516940950764493",
"1152","Deep-Mitigation-MAC_30_n0","GCAM 5.3","Final Energy|Electricity","EJ/yr","[object Object]",2035,22.6075650855383,"1.516940950764493","1.487385915976466","2094","1663.9649608559323","216.2814749509991","-0.026139925645807305","2030",,"GW0",,"failed","high","medium","medium",,,,,,"high",,"medium","true","C1","C1: Below 1.5°C with no or limited overshoot","GCAM 5.3","R_MAC_30_n0","16.159383949274858","0","25.964824333866027","3.8288969730576383","1663.9649608559323","1.487385915976466","1.516940950764493",
"1152","Deep-Mitigation-MAC_30_n0","GCAM 5.3","Final Energy|Electricity","EJ/yr","[object Object]",2040,24.64713787608269,"1.516940950764493","1.487385915976466","2094","1663.9649608559323","216.2814749509991","-0.026139925645807305","2030",,"GW0",,"failed","high","medium","medium",,,,,,"high",,"medium","true","C1","C1: Below 1.5°C with no or limited overshoot","GCAM 5.3","R_MAC_30_n0","16.159383949274858","0","25.964824333866027","3.8288969730576383","1663.9649608559323","1.487385915976466","1.516940950764493",
"1152","Deep-Mitigation-MAC_30_n0","GCAM 5.3","Final Energy|Electricity","EJ/yr","[object Object]",2045,26.45857892247911,"1.516940950764493","1.487385915976466","2094","1663.9649608559323","216.2814749509991","-0.026139925645807305","2030",,"GW0",,"failed","high","medium","medium",,,,,,"high",,"medium","true","C1","C1: Below 1.5°C with no or limited overshoot","GCAM 5.3","R_MAC_30_n0","16.159383949274858","0","25.964824333866027","3.8288969730576383","1663.9649608559323","1.487385915976466","1.516940950764493",
"1152","Deep-Mitigation-MAC_30_n0","GCAM 5.3","Final Energy|Electricity","EJ/yr","[object Object]",2050,28.0568826518494,"1.516940950764493","1.487385915976466","2094","1663.9649608559323","216.2814749509991","-0.026139925645807305","2030",,"GW0",,"failed","high","medium","medium",,,,,,"high",,"medium","true","C1","C1: Below 1.5°C with no or limited overshoot","GCAM 5.3","R_MAC_30_n0","16.159383949274858","0","25.964824333866027","3.8288969730576383","1663.9649608559323","1.487385915976466","1.516940950764493",
"1152","Deep-Mitigation-MAC_30_n0","GCAM 5.3","Final Energy|Electricity","EJ/yr","[object Object]",2055,29.8363862033593,"1.516940950764493","1.487385915976466","2094","1663.9649608559323","216.2814749509991","-0.026139925645807305","2030",,"GW0",,"failed","high","medium","medium",,,,,,"high",,"medium","true","C1","C1: Below 1.5°C with no or limited overshoot","GCAM 5.3","R_MAC_30_n0","16.159383949274858","0","25.964824333866027","3.8288969730576383","1663.9649608559323","1.487385915976466","1.516940950764493",
"1152","Deep-Mitigation-MAC_30_n0","GCAM 5.3","Final Energy|Electricity","EJ/yr","[object Object]",2060,31.3794647456473,"1.516940950764493","1.487385915976466","2094","1663.9649608559323","216.2814749509991","-0.026139925645807305","2030",,"GW0",,"failed","high","medium","medium",,,,,,"high",,"medium","true","C1","C1: Below 1.5°C with no or limited overshoot","GCAM 5.3","R_MAC_30_n0","16.159383949274858","0","25.964824333866027","3.8288969730576383","1663.9649608559323","1.487385915976466","1.516940950764493",
"1152","Deep-Mitigation-MAC_30_n0","GCAM 5.3","Final Energy|Electricity","EJ/yr","[object Object]",2065,32.479654274443,"1.516940950764493","1.487385915976466","2094","1663.9649608559323","216.2814749509991","-0.026139925645807305","2030",,"GW0",,"failed","high","medium","medium",,,,,,"high",,"medium","true","C1","C1: Below 1.5°C with no or limited overshoot","GCAM 5.3","R_MAC_30_n0","16.159383949274858","0","25.964824333866027","3.8288969730576383","1663.9649608559323","1.487385915976466","1.516940950764493",
"1152","Deep-Mitigation-MAC_30_n0","GCAM 5.3","Final Energy|Electricity","EJ/yr","[object Object]",2070,33.368922944366,"1.516940950764493","1.487385915976466","2094","1663.9649608559323","216.2814749509991","-0.026139925645807305","2030",,"GW0",,"failed","high","medium","medium",,,,,,"high",,"medium","true","C1","C1: Below 1.5°C with no or limited overshoot","GCAM 5.3","R_MAC_30_n0","16.159383949274858","0","25.964824333866027","3.8288969730576383","1663.9649608559323","1.487385915976466","1.516940950764493",
"1152","Deep-Mitigation-MAC_30_n0","GCAM 5.3","Final Energy|Electricity","EJ/yr","[object Object]",2075,34.072243253251,"1.516940950764493","1.487385915976466","2094","1663.9649608559323","216.2814749509991","-0.026139925645807305","2030",,"GW0",,"failed","high","medium","medium",,,,,,"high",,"medium","true","C1","C1: Below 1.5°C with no or limited overshoot","GCAM 5.3","R_MAC_30_n0","16.159383949274858","0","25.964824333866027","3.8288969730576383","1663.9649608559323","1.487385915976466","1.516940950764493",
"1152","Deep-Mitigation-MAC_30_n0","GCAM 5.3","Final Energy|Electricity","EJ/yr","[object Object]",2080,34.611451992575,"1.516940950764493","1.487385915976466","2094","1663.9649608559323","216.2814749509991","-0.026139925645807305","2030",,"GW0",,"failed","high","medium","medium",,,,,,"high",,"medium","true","C1","C1: Below 1.5°C with no or limited overshoot","GCAM 5.3","R_MAC_30_n0","16.159383949274858","0","25.964824333866027","3.8288969730576383","1663.9649608559323","1.487385915976466","1.516940950764493",
"1152","Deep-Mitigation-MAC_30_n0","GCAM 5.3","Final Energy|Electricity","EJ/yr","[object Object]",2085,34.936259061934,"1.516940950764493","1.487385915976466","2094","1663.9649608559323","216.2814749509991","-0.026139925645807305","2030",,"GW0",,"failed","high","medium","medium",,,,,,"high",,"medium","true","C1","C1: Below 1.5°C with no or limited overshoot","GCAM 5.3","R_MAC_30_n0","16.159383949274858","0","25.964824333866027","3.8288969730576383","1663.9649608559323","1.487385915976466","1.516940950764493",
"1152","Deep-Mitigation-MAC_30_n0","GCAM 5.3","Final Energy|Electricity","EJ/yr","[object Object]",2090,35.128984702772,"1.516940950764493","1.487385915976466","2094","1663.9649608559323","216.2814749509991","-0.026139925645807305","2030",,"GW0",,"failed","high","medium","medium",,,,,,"high",,"medium","true","C1","C1: Below 1.5°C with no or limited overshoot","GCAM 5.3","R_MAC_30_n0","16.159383949274858","0","25.964824333866027","3.8288969730576383","1663.9649608559323","1.487385915976466","1.516940950764493",
"1152","Deep-Mitigation-MAC_30_n0","GCAM 5.3","Final Energy|Electricity","EJ/yr","[object Object]",2095,35.16119806940799,"1.516940950764493","1.487385915976466","2094","1663.9649608559323","216.2814749509991","-0.026139925645807305","2030",,"GW0",,"failed","high","medium","medium",,,,,,"high",,"medium","true","C1","C1: Below 1.5°C with no or limited overshoot","GCAM 5.3","R_MAC_30_n0","16.159383949274858","0","25.964824333866027","3.8288969730576383","1663.9649608559323","1.487385915976466","1.516940950764493",
"1152","Deep-Mitigation-MAC_30_n0","GCAM 5.3","Final Energy|Electricity","EJ/yr","[object Object]",2100,35.221309813058,"1.516940950764493","1.487385915976466","2094","1663.9649608559323","216.2814749509991","-0.026139925645807305","2030",,"GW0",,"failed","high","medium","medium",,,,,,"high",,"medium","true","C1","C1: Below 1.5°C with no or limited overshoot","GCAM 5.3","R_MAC_30_n0","16.159383949274858","0","25.964824333866027","3.8288969730576383","1663.9649608559323","1.487385915976466","1.516940950764493",
"1154","Deep-Mitigation-MAC_35_n8","GCAM 5.3","Final Energy|Electricity","EJ/yr","[object Object]",2010,11.9637841607,"1.500151443839648","1.216105420783383","2036","1589.6734694900613","-271.15276372829646","-534.6762420217525","2033",,"GW0",,"failed","high","medium","medium",,,,,,"high",,"high","true","C1","C1: Below 1.5°C with no or limited overshoot","GCAM 5.3","R_MAC_35_n8","18.98548909898256","0","33.093349729560536","3.922030599070183","1589.6734694900613","1.216105420783383","1.500151443839648",
"1154","Deep-Mitigation-MAC_35_n8","GCAM 5.3","Final Energy|Electricity","EJ/yr","[object Object]",2015,11.799306026,"1.500151443839648","1.216105420783383","2036","1589.6734694900613","-271.15276372829646","-534.6762420217525","2033",,"GW0",,"failed","high","medium","medium",,,,,,"high",,"high","true","C1","C1: Below 1.5°C with no or limited overshoot","GCAM 5.3","R_MAC_35_n8","18.98548909898256","0","33.093349729560536","3.922030599070183","1589.6734694900613","1.216105420783383","1.500151443839648",
"1154","Deep-Mitigation-MAC_35_n8","GCAM 5.3","Final Energy|Electricity","EJ/yr","[object Object]",2020,13.0433566495626,"1.500151443839648","1.216105420783383","2036","1589.6734694900613","-271.15276372829646","-534.6762420217525","2033",,"GW0",,"failed","high","medium","medium",,,,,,"high",,"high","true","C1","C1: Below 1.5°C with no or limited overshoot","GCAM 5.3","R_MAC_35_n8","18.98548909898256","0","33.093349729560536","3.922030599070183","1589.6734694900613","1.216105420783383","1.500151443839648",
"1154","Deep-Mitigation-MAC_35_n8","GCAM 5.3","Final Energy|Electricity","EJ/yr","[object Object]",2025,16.0489659370968,"1.500151443839648","1.216105420783383","2036","1589.6734694900613","-271.15276372829646","-534.6762420217525","2033",,"GW0",,"failed","high","medium","medium",,,,,,"high",,"high","true","C1","C1: Below 1.5°C with no or limited overshoot","GCAM 5.3","R_MAC_35_n8","18.98548909898256","0","33.093349729560536","3.922030599070183","1589.6734694900613","1.216105420783383","1.500151443839648",
"1154","Deep-Mitigation-MAC_35_n8","GCAM 5.3","Final Energy|Electricity","EJ/yr","[object Object]",2030,20.2356732074013,"1.500151443839648","1.216105420783383","2036","1589.6734694900613","-271.15276372829646","-534.6762420217525","2033",,"GW0",,"failed","high","medium","medium",,,,,,"high",,"high","true","C1","C1: Below 1.5°C with no or limited overshoot","GCAM 5.3","R_MAC_35_n8","18.98548909898256","0","33.093349729560536","3.922030599070183","1589.6734694900613","1.216105420783383","1.500151443839648",
"1154","Deep-Mitigation-MAC_35_n8","GCAM 5.3","Final Energy|Electricity","EJ/yr","[object Object]",2035,25.6459625413115,"1.500151443839648","1.216105420783383","2036","1589.6734694900613","-271.15276372829646","-534.6762420217525","2033",,"GW0",,"failed","high","medium","medium",,,,,,"high",,"high","true","C1","C1: Below 1.5°C with no or limited overshoot","GCAM 5.3","R_MAC_35_n8","18.98548909898256","0","33.093349729560536","3.922030599070183","1589.6734694900613","1.216105420783383","1.500151443839648",
"1154","Deep-Mitigation-MAC_35_n8","GCAM 5.3","Final Energy|Electricity","EJ/yr","[object Object]",2040,27.25370078361449,"1.500151443839648","1.216105420783383","2036","1589.6734694900613","-271.15276372829646","-534.6762420217525","2033",,"GW0",,"failed","high","medium","medium",,,,,,"high",,"high","true","C1","C1: Below 1.5°C with no or limited overshoot","GCAM 5.3","R_MAC_35_n8","18.98548909898256","0","33.093349729560536","3.922030599070183","1589.6734694900613","1.216105420783383","1.500151443839648",
"1154","Deep-Mitigation-MAC_35_n8","GCAM 5.3","Final Energy|Electricity","EJ/yr","[object Object]",2045,29.2469107240087,"1.500151443839648","1.216105420783383","2036","1589.6734694900613","-271.15276372829646","-534.6762420217525","2033",,"GW0",,"failed","high","medium","medium",,,,,,"high",,"high","true","C1","C1: Below 1.5°C with no or limited overshoot","GCAM 5.3","R_MAC_35_n8","18.98548909898256","0","33.093349729560536","3.922030599070183","1589.6734694900613","1.216105420783383","1.500151443839648",
"1154","Deep-Mitigation-MAC_35_n8","GCAM 5.3","Final Energy|Electricity","EJ/yr","[object Object]",2050,30.90379563475189,"1.500151443839648","1.216105420783383","2036","1589.6734694900613","-271.15276372829646","-534.6762420217525","2033",,"GW0",,"failed","high","medium","medium",,,,,,"high",,"high","true","C1","C1: Below 1.5°C with no or limited overshoot","GCAM 5.3","R_MAC_35_n8","18.98548909898256","0","33.093349729560536","3.922030599070183","1589.6734694900613","1.216105420783383","1.500151443839648",
"1154","Deep-Mitigation-MAC_35_n8","GCAM 5.3","Final Energy|Electricity","EJ/yr","[object Object]",2055,32.475740961701,"1.500151443839648","1.216105420783383","2036","1589.6734694900613","-271.15276372829646","-534.6762420217525","2033",,"GW0",,"failed","high","medium","medium",,,,,,"high",,"high","true","C1","C1: Below 1.5°C with no or limited overshoot","GCAM 5.3","R_MAC_35_n8","18.98548909898256","0","33.093349729560536","3.922030599070183","1589.6734694900613","1.216105420783383","1.500151443839648",
"1154","Deep-Mitigation-MAC_35_n8","GCAM 5.3","Final Energy|Electricity","EJ/yr","[object Object]",2060,33.625482769427,"1.500151443839648","1.216105420783383","2036","1589.6734694900613","-271.15276372829646","-534.6762420217525","2033",,"GW0",,"failed","high","medium","medium",,,,,,"high",,"high","true","C1","C1: Below 1.5°C with no or limited overshoot","GCAM 5.3","R_MAC_35_n8","18.98548909898256","0","33.093349729560536","3.922030599070183","1589.6734694900613","1.216105420783383","1.500151443839648",
"1154","Deep-Mitigation-MAC_35_n8","GCAM 5.3","Final Energy|Electricity","EJ/yr","[object Object]",2065,34.548346290039,"1.500151443839648","1.216105420783383","2036","1589.6734694900613","-271.15276372829646","-534.6762420217525","2033",,"GW0",,"failed","high","medium","medium",,,,,,"high",,"high","true","C1","C1: Below 1.5°C with no or limited overshoot","GCAM 5.3","R_MAC_35_n8","18.98548909898256","0","33.093349729560536","3.922030599070183","1589.6734694900613","1.216105420783383","1.500151443839648",
"1154","Deep-Mitigation-MAC_35_n8","GCAM 5.3","Final Energy|Electricity","EJ/yr","[object Object]",2070,35.305284376274,"1.500151443839648","1.216105420783383","2036","1589.6734694900613","-271.15276372829646","-534.6762420217525","2033",,"GW0",,"failed","high","medium","medium",,,,,,"high",,"high","true","C1","C1: Below 1.5°C with no or limited overshoot","GCAM 5.3","R_MAC_35_n8","18.98548909898256","0","33.093349729560536","3.922030599070183","1589.6734694900613","1.216105420783383","1.500151443839648",
"1154","Deep-Mitigation-MAC_35_n8","GCAM 5.3","Final Energy|Electricity","EJ/yr","[object Object]",2075,35.928462230692,"1.500151443839648","1.216105420783383","2036","1589.6734694900613","-271.15276372829646","-534.6762420217525","2033",,"GW0",,"failed","high","medium","medium",,,,,,"high",,"high","true","C1","C1: Below 1.5°C with no or limited overshoot","GCAM 5.3","R_MAC_35_n8","18.98548909898256","0","33.093349729560536","3.922030599070183","1589.6734694900613","1.216105420783383","1.500151443839648",
"1154","Deep-Mitigation-MAC_35_n8","GCAM 5.3","Final Energy|Electricity","EJ/yr","[object Object]",2080,36.388116903319,"1.500151443839648","1.216105420783383","2036","1589.6734694900613","-271.15276372829646","-534.6762420217525","2033",,"GW0",,"failed","high","medium","medium",,,,,,"high",,"high","true","C1","C1: Below 1.5°C with no or limited overshoot","GCAM 5.3","R_MAC_35_n8","18.98548909898256","0","33.093349729560536","3.922030599070183","1589.6734694900613","1.216105420783383","1.500151443839648",
"1154","Deep-Mitigation-MAC_35_n8","GCAM 5.3","Final Energy|Electricity","EJ/yr","[object Object]",2085,36.695365139666,"1.500151443839648","1.216105420783383","2036","1589.6734694900613","-271.15276372829646","-534.6762420217525","2033",,"GW0",,"failed","high","medium","medium",,,,,,"high",,"high","true","C1","C1: Below 1.5°C with no or limited overshoot","GCAM 5.3","R_MAC_35_n8","18.98548909898256","0","33.093349729560536","3.922030599070183","1589.6734694900613","1.216105420783383","1.500151443839648",
"1154","Deep-Mitigation-MAC_35_n8","GCAM 5.3","Final Energy|Electricity","EJ/yr","[object Object]",2090,36.821349541859,"1.500151443839648","1.216105420783383","2036","1589.6734694900613","-271.15276372829646","-534.6762420217525","2033",,"GW0",,"failed","high","medium","medium",,,,,,"high",,"high","true","C1","C1: Below 1.5°C with no or limited overshoot","GCAM 5.3","R_MAC_35_n8","18.98548909898256","0","33.093349729560536","3.922030599070183","1589.6734694900613","1.216105420783383","1.500151443839648",
"1154","Deep-Mitigation-MAC_35_n8","GCAM 5.3","Final Energy|Electricity","EJ/yr","[object Object]",2095,36.779291961937,"1.500151443839648","1.216105420783383","2036","1589.6734694900613","-271.15276372829646","-534.6762420217525","2033",,"GW0",,"failed","high","medium","medium",,,,,,"high",,"high","true","C1","C1: Below 1.5°C with no or limited overshoot","GCAM 5.3","R_MAC_35_n8","18.98548909898256","0","33.093349729560536","3.922030599070183","1589.6734694900613","1.216105420783383","1.500151443839648",
"1154","Deep-Mitigation-MAC_35_n8","GCAM 5.3","Final Energy|Electricity","EJ/yr","[object Object]",2100,36.758936877035,"1.500151443839648","1.216105420783383","2036","1589.6734694900613","-271.15276372829646","-534.6762420217525","2033",,"GW0",,"failed","high","medium","medium",,,,,,"high",,"high","true","C1","C1: Below 1.5°C with no or limited overshoot","GCAM 5.3","R_MAC_35_n8","18.98548909898256","0","33.093349729560536","3.922030599070183","1589.6734694900613","1.216105420783383","1.500151443839648",
"1156","Deep-Mitigation-MAC_40_n8","GCAM 5.3","Final Energy|Electricity","EJ/yr","[object Object]",2010,11.9637841607,"1.535919204415241","1.271772187625805","2039","1551.4832958776703","-154.62453580847142","-498.0167993878152","2037",,"GW1",,"failed","high","medium","medium",,,,,,"high",,"high","true","C1","C1: Below 1.5°C with no or limited overshoot","GCAM 5.3","R_MAC_40_n8","18.629381625443838","0","32.46562156484759","3.9467723066533154","1551.4832958776703","1.271772187625805","1.535919204415241",
"1156","Deep-Mitigation-MAC_40_n8","GCAM 5.3","Final Energy|Electricity","EJ/yr","[object Object]",2015,11.799306026,"1.535919204415241","1.271772187625805","2039","1551.4832958776703","-154.62453580847142","-498.0167993878152","2037",,"GW1",,"failed","high","medium","medium",,,,,,"high",,"high","true","C1","C1: Below 1.5°C with no or limited overshoot","GCAM 5.3","R_MAC_40_n8","18.629381625443838","0","32.46562156484759","3.9467723066533154","1551.4832958776703","1.271772187625805","1.535919204415241",
"1156","Deep-Mitigation-MAC_40_n8","GCAM 5.3","Final Energy|Electricity","EJ/yr","[object Object]",2020,13.0433566495626,"1.535919204415241","1.271772187625805","2039","1551.4832958776703","-154.62453580847142","-498.0167993878152","2037",,"GW1",,"failed","high","medium","medium",,,,,,"high",,"high","true","C1","C1: Below 1.5°C with no or limited overshoot","GCAM 5.3","R_MAC_40_n8","18.629381625443838","0","32.46562156484759","3.9467723066533154","1551.4832958776703","1.271772187625805","1.535919204415241",
"1156","Deep-Mitigation-MAC_40_n8","GCAM 5.3","Final Energy|Electricity","EJ/yr","[object Object]",2025,15.3799465785181,"1.535919204415241","1.271772187625805","2039","1551.4832958776703","-154.62453580847142","-498.0167993878152","2037",,"GW1",,"failed","high","medium","medium",,,,,,"high",,"high","true","C1","C1: Below 1.5°C with no or limited overshoot","GCAM 5.3","R_MAC_40_n8","18.629381625443838","0","32.46562156484759","3.9467723066533154","1551.4832958776703","1.271772187625805","1.535919204415241",
"1156","Deep-Mitigation-MAC_40_n8","GCAM 5.3","Final Energy|Electricity","EJ/yr","[object Object]",2030,18.2688497452572,"1.535919204415241","1.271772187625805","2039","1551.4832958776703","-154.62453580847142","-498.0167993878152","2037",,"GW1",,"failed","high","medium","medium",,,,,,"high",,"high","true","C1","C1: Below 1.5°C with no or limited overshoot","GCAM 5.3","R_MAC_40_n8","18.629381625443838","0","32.46562156484759","3.9467723066533154","1551.4832958776703","1.271772187625805","1.535919204415241",
"1156","Deep-Mitigation-MAC_40_n8","GCAM 5.3","Final Energy|Electricity","EJ/yr","[object Object]",2035,22.2871226093648,"1.535919204415241","1.271772187625805","2039","1551.4832958776703","-154.62453580847142","-498.0167993878152","2037",,"GW1",,"failed","high","medium","medium",,,,,,"high",,"high","true","C1","C1: Below 1.5°C with no or limited overshoot","GCAM 5.3","R_MAC_40_n8","18.629381625443838","0","32.46562156484759","3.9467723066533154","1551.4832958776703","1.271772187625805","1.535919204415241",
"1156","Deep-Mitigation-MAC_40_n8","GCAM 5.3","Final Energy|Electricity","EJ/yr","[object Object]",2040,27.0764503907571,"1.535919204415241","1.271772187625805","2039","1551.4832958776703","-154.62453580847142","-498.0167993878152","2037",,"GW1",,"failed","high","medium","medium",,,,,,"high",,"high","true","C1","C1: Below 1.5°C with no or limited overshoot","GCAM 5.3","R_MAC_40_n8","18.629381625443838","0","32.46562156484759","3.9467723066533154","1551.4832958776703","1.271772187625805","1.535919204415241",
"1156","Deep-Mitigation-MAC_40_n8","GCAM 5.3","Final Energy|Electricity","EJ/yr","[object Object]",2045,28.9671731963972,"1.535919204415241","1.271772187625805","2039","1551.4832958776703","-154.62453580847142","-498.0167993878152","2037",,"GW1",,"failed","high","medium","medium",,,,,,"high",,"high","true","C1","C1: Below 1.5°C with no or limited overshoot","GCAM 5.3","R_MAC_40_n8","18.629381625443838","0","32.46562156484759","3.9467723066533154","1551.4832958776703","1.271772187625805","1.535919204415241",
"1156","Deep-Mitigation-MAC_40_n8","GCAM 5.3","Final Energy|Electricity","EJ/yr","[object Object]",2050,30.8238300501528,"1.535919204415241","1.271772187625805","2039","1551.4832958776703","-154.62453580847142","-498.0167993878152","2037",,"GW1",,"failed","high","medium","medium",,,,,,"high",,"high","true","C1","C1: Below 1.5°C with no or limited overshoot","GCAM 5.3","R_MAC_40_n8","18.629381625443838","0","32.46562156484759","3.9467723066533154","1551.4832958776703","1.271772187625805","1.535919204415241",
"1156","Deep-Mitigation-MAC_40_n8","GCAM 5.3","Final Energy|Electricity","EJ/yr","[object Object]",2055,32.4819737364369,"1.535919204415241","1.271772187625805","2039","1551.4832958776703","-154.62453580847142","-498.0167993878152","2037",,"GW1",,"failed","high","medium","medium",,,,,,"high",,"high","true","C1","C1: Below 1.5°C with no or limited overshoot","GCAM 5.3","R_MAC_40_n8","18.629381625443838","0","32.46562156484759","3.9467723066533154","1551.4832958776703","1.271772187625805","1.535919204415241",
"1156","Deep-Mitigation-MAC_40_n8","GCAM 5.3","Final Energy|Electricity","EJ/yr","[object Object]",2060,33.677147043216,"1.535919204415241","1.271772187625805","2039","1551.4832958776703","-154.62453580847142","-498.0167993878152","2037",,"GW1",,"failed","high","medium","medium",,,,,,"high",,"high","true","C1","C1: Below 1.5°C with no or limited overshoot","GCAM 5.3","R_MAC_40_n8","18.629381625443838","0","32.46562156484759","3.9467723066533154","1551.4832958776703","1.271772187625805","1.535919204415241",
"1156","Deep-Mitigation-MAC_40_n8","GCAM 5.3","Final Energy|Electricity","EJ/yr","[object Object]",2065,34.581679059801,"1.535919204415241","1.271772187625805","2039","1551.4832958776703","-154.62453580847142","-498.0167993878152","2037",,"GW1",,"failed","high","medium","medium",,,,,,"high",,"high","true","C1","C1: Below 1.5°C with no or limited overshoot","GCAM 5.3","R_MAC_40_n8","18.629381625443838","0","32.46562156484759","3.9467723066533154","1551.4832958776703","1.271772187625805","1.535919204415241",
"1156","Deep-Mitigation-MAC_40_n8","GCAM 5.3","Final Energy|Electricity","EJ/yr","[object Object]",2070,35.38921089482,"1.535919204415241","1.271772187625805","2039","1551.4832958776703","-154.62453580847142","-498.0167993878152","2037",,"GW1",,"failed","high","medium","medium",,,,,,"high",,"high","true","C1","C1: Below 1.5°C with no or limited overshoot","GCAM 5.3","R_MAC_40_n8","18.629381625443838","0","32.46562156484759","3.9467723066533154","1551.4832958776703","1.271772187625805","1.535919204415241",
"1156","Deep-Mitigation-MAC_40_n8","GCAM 5.3","Final Energy|Electricity","EJ/yr","[object Object]",2075,35.989348386526,"1.535919204415241","1.271772187625805","2039","1551.4832958776703","-154.62453580847142","-498.0167993878152","2037",,"GW1",,"failed","high","medium","medium",,,,,,"high",,"high","true","C1","C1: Below 1.5°C with no or limited overshoot","GCAM 5.3","R_MAC_40_n8","18.629381625443838","0","32.46562156484759","3.9467723066533154","1551.4832958776703","1.271772187625805","1.535919204415241",
"1156","Deep-Mitigation-MAC_40_n8","GCAM 5.3","Final Energy|Electricity","EJ/yr","[object Object]",2080,36.43925815562,"1.535919204415241","1.271772187625805","2039","1551.4832958776703","-154.62453580847142","-498.0167993878152","2037",,"GW1",,"failed","high","medium","medium",,,,,,"high",,"high","true","C1","C1: Below 1.5°C with no or limited overshoot","GCAM 5.3","R_MAC_40_n8","18.629381625443838","0","32.46562156484759","3.9467723066533154","1551.4832958776703","1.271772187625805","1.535919204415241",
"1156","Deep-Mitigation-MAC_40_n8","GCAM 5.3","Final Energy|Electricity","EJ/yr","[object Object]",2085,36.726510276281,"1.535919204415241","1.271772187625805","2039","1551.4832958776703","-154.62453580847142","-498.0167993878152","2037",,"GW1",,"failed","high","medium","medium",,,,,,"high",,"high","true","C1","C1: Below 1.5°C with no or limited overshoot","GCAM 5.3","R_MAC_40_n8","18.629381625443838","0","32.46562156484759","3.9467723066533154","1551.4832958776703","1.271772187625805","1.535919204415241",
"1156","Deep-Mitigation-MAC_40_n8","GCAM 5.3","Final Energy|Electricity","EJ/yr","[object Object]",2090,36.825756586146,"1.535919204415241","1.271772187625805","2039","1551.4832958776703","-154.62453580847142","-498.0167993878152","2037",,"GW1",,"failed","high","medium","medium",,,,,,"high",,"high","true","C1","C1: Below 1.5°C with no or limited overshoot","GCAM 5.3","R_MAC_40_n8","18.629381625443838","0","32.46562156484759","3.9467723066533154","1551.4832958776703","1.271772187625805","1.535919204415241",
"1156","Deep-Mitigation-MAC_40_n8","GCAM 5.3","Final Energy|Electricity","EJ/yr","[object Object]",2095,36.76441417331,"1.535919204415241","1.271772187625805","2039","1551.4832958776703","-154.62453580847142","-498.0167993878152","2037",,"GW1",,"failed","high","medium","medium",,,,,,"high",,"high","true","C1","C1: Below 1.5°C with no or limited overshoot","GCAM 5.3","R_MAC_40_n8","18.629381625443838","0","32.46562156484759","3.9467723066533154","1551.4832958776703","1.271772187625805","1.535919204415241",
"1156","Deep-Mitigation-MAC_40_n8","GCAM 5.3","Final Energy|Electricity","EJ/yr","[object Object]",2100,36.718015236784,"1.535919204415241","1.271772187625805","2039","1551.4832958776703","-154.62453580847142","-498.0167993878152","2037",,"GW1",,"failed","high","medium","medium",,,,,,"high",,"high","true","C1","C1: Below 1.5°C with no or limited overshoot","GCAM 5.3","R_MAC_40_n8","18.629381625443838","0","32.46562156484759","3.9467723066533154","1551.4832958776703","1.271772187625805","1.535919204415241",
"1158","Deep-Mitigation-MAC_45_n8","GCAM 5.3","Final Energy|Electricity","EJ/yr","[object Object]",2010,11.9637841607,"1.568023461834693","1.324306292913456","2047","1506.1332995038708","-38.078143404484784","-461.3536932630914","2041",,"GW1",,"failed","high","medium","medium",,,,,,"high",,"high","true","C1","C1: Below 1.5°C with no or limited overshoot","GCAM 5.3","R_MAC_45_n8","18.24558891407912","0","32.574306729444444","3.9703138466365004","1506.1332995038708","1.324306292913456","1.568023461834693",
"1158","Deep-Mitigation-MAC_45_n8","GCAM 5.3","Final Energy|Electricity","EJ/yr","[object Object]",2015,11.799306026,"1.568023461834693","1.324306292913456","2047","1506.1332995038708","-38.078143404484784","-461.3536932630914","2041",,"GW1",,"failed","high","medium","medium",,,,,,"high",,"high","true","C1","C1: Below 1.5°C with no or limited overshoot","GCAM 5.3","R_MAC_45_n8","18.24558891407912","0","32.574306729444444","3.9703138466365004","1506.1332995038708","1.324306292913456","1.568023461834693",
"1158","Deep-Mitigation-MAC_45_n8","GCAM 5.3","Final Energy|Electricity","EJ/yr","[object Object]",2020,13.0433566495626,"1.568023461834693","1.324306292913456","2047","1506.1332995038708","-38.078143404484784","-461.3536932630914","2041",,"GW1",,"failed","high","medium","medium",,,,,,"high",,"high","true","C1","C1: Below 1.5°C with no or limited overshoot","GCAM 5.3","R_MAC_45_n8","18.24558891407912","0","32.574306729444444","3.9703138466365004","1506.1332995038708","1.324306292913456","1.568023461834693",
"1158","Deep-Mitigation-MAC_45_n8","GCAM 5.3","Final Energy|Electricity","EJ/yr","[object Object]",2025,14.9780145769315,"1.568023461834693","1.324306292913456","2047","1506.1332995038708","-38.078143404484784","-461.3536932630914","2041",,"GW1",,"failed","high","medium","medium",,,,,,"high",,"high","true","C1","C1: Below 1.5°C with no or limited overshoot","GCAM 5.3","R_MAC_45_n8","18.24558891407912","0","32.574306729444444","3.9703138466365004","1506.1332995038708","1.324306292913456","1.568023461834693",
"1158","Deep-Mitigation-MAC_45_n8","GCAM 5.3","Final Energy|Electricity","EJ/yr","[object Object]",2030,17.3924726154041,"1.568023461834693","1.324306292913456","2047","1506.1332995038708","-38.078143404484784","-461.3536932630914","2041",,"GW1",,"failed","high","medium","medium",,,,,,"high",,"high","true","C1","C1: Below 1.5°C with no or limited overshoot","GCAM 5.3","R_MAC_45_n8","18.24558891407912","0","32.574306729444444","3.9703138466365004","1506.1332995038708","1.324306292913456","1.568023461834693",
"1158","Deep-Mitigation-MAC_45_n8","GCAM 5.3","Final Energy|Electricity","EJ/yr","[object Object]",2035,20.3590552320625,"1.568023461834693","1.324306292913456","2047","1506.1332995038708","-38.078143404484784","-461.3536932630914","2041",,"GW1",,"failed","high","medium","medium",,,,,,"high",,"high","true","C1","C1: Below 1.5°C with no or limited overshoot","GCAM 5.3","R_MAC_45_n8","18.24558891407912","0","32.574306729444444","3.9703138466365004","1506.1332995038708","1.324306292913456","1.568023461834693",
"1158","Deep-Mitigation-MAC_45_n8","GCAM 5.3","Final Energy|Electricity","EJ/yr","[object Object]",2040,24.3665747058749,"1.568023461834693","1.324306292913456","2047","1506.1332995038708","-38.078143404484784","-461.3536932630914","2041",,"GW1",,"failed","high","medium","medium",,,,,,"high",,"high","true","C1","C1: Below 1.5°C with no or limited overshoot","GCAM 5.3","R_MAC_45_n8","18.24558891407912","0","32.574306729444444","3.9703138466365004","1506.1332995038708","1.324306292913456","1.568023461834693",
"1158","Deep-Mitigation-MAC_45_n8","GCAM 5.3","Final Energy|Electricity","EJ/yr","[object Object]",2045,28.6426866325278,"1.568023461834693","1.324306292913456","2047","1506.1332995038708","-38.078143404484784","-461.3536932630914","2041",,"GW1",,"failed","high","medium","medium",,,,,,"high",,"high","true","C1","C1: Below 1.5°C with no or limited overshoot","GCAM 5.3","R_MAC_45_n8","18.24558891407912","0","32.574306729444444","3.9703138466365004","1506.1332995038708","1.324306292913456","1.568023461834693",
"1158","Deep-Mitigation-MAC_45_n8","GCAM 5.3","Final Energy|Electricity","EJ/yr","[object Object]",2050,30.5981976347521,"1.568023461834693","1.324306292913456","2047","1506.1332995038708","-38.078143404484784","-461.3536932630914","2041",,"GW1",,"failed","high","medium","medium",,,,,,"high",,"high","true","C1","C1: Below 1.5°C with no or limited overshoot","GCAM 5.3","R_MAC_45_n8","18.24558891407912","0","32.574306729444444","3.9703138466365004","1506.1332995038708","1.324306292913456","1.568023461834693",
"1158","Deep-Mitigation-MAC_45_n8","GCAM 5.3","Final Energy|Electricity","EJ/yr","[object Object]",2055,32.38625559861789,"1.568023461834693","1.324306292913456","2047","1506.1332995038708","-38.078143404484784","-461.3536932630914","2041",,"GW1",,"failed","high","medium","medium",,,,,,"high",,"high","true","C1","C1: Below 1.5°C with no or limited overshoot","GCAM 5.3","R_MAC_45_n8","18.24558891407912","0","32.574306729444444","3.9703138466365004","1506.1332995038708","1.324306292913456","1.568023461834693",
"1158","Deep-Mitigation-MAC_45_n8","GCAM 5.3","Final Energy|Electricity","EJ/yr","[object Object]",2060,33.6687747968601,"1.568023461834693","1.324306292913456","2047","1506.1332995038708","-38.078143404484784","-461.3536932630914","2041",,"GW1",,"failed","high","medium","medium",,,,,,"high",,"high","true","C1","C1: Below 1.5°C with no or limited overshoot","GCAM 5.3","R_MAC_45_n8","18.24558891407912","0","32.574306729444444","3.9703138466365004","1506.1332995038708","1.324306292913456","1.568023461834693",
"1158","Deep-Mitigation-MAC_45_n8","GCAM 5.3","Final Energy|Electricity","EJ/yr","[object Object]",2065,34.622705105442,"1.568023461834693","1.324306292913456","2047","1506.1332995038708","-38.078143404484784","-461.3536932630914","2041",,"GW1",,"failed","high","medium","medium",,,,,,"high",,"high","true","C1","C1: Below 1.5°C with no or limited overshoot","GCAM 5.3","R_MAC_45_n8","18.24558891407912","0","32.574306729444444","3.9703138466365004","1506.1332995038708","1.324306292913456","1.568023461834693",
"1158","Deep-Mitigation-MAC_45_n8","GCAM 5.3","Final Energy|Electricity","EJ/yr","[object Object]",2070,35.414412090882,"1.568023461834693","1.324306292913456","2047","1506.1332995038708","-38.078143404484784","-461.3536932630914","2041",,"GW1",,"failed","high","medium","medium",,,,,,"high",,"high","true","C1","C1: Below 1.5°C with no or limited overshoot","GCAM 5.3","R_MAC_45_n8","18.24558891407912","0","32.574306729444444","3.9703138466365004","1506.1332995038708","1.324306292913456","1.568023461834693",
"1158","Deep-Mitigation-MAC_45_n8","GCAM 5.3","Final Energy|Electricity","EJ/yr","[object Object]",2075,36.03999169026699,"1.568023461834693","1.324306292913456","2047","1506.1332995038708","-38.078143404484784","-461.3536932630914","2041",,"GW1",,"failed","high","medium","medium",,,,,,"high",,"high","true","C1","C1: Below 1.5°C with no or limited overshoot","GCAM 5.3","R_MAC_45_n8","18.24558891407912","0","32.574306729444444","3.9703138466365004","1506.1332995038708","1.324306292913456","1.568023461834693",
"1158","Deep-Mitigation-MAC_45_n8","GCAM 5.3","Final Energy|Electricity","EJ/yr","[object Object]",2080,36.469273168569,"1.568023461834693","1.324306292913456","2047","1506.1332995038708","-38.078143404484784","-461.3536932630914","2041",,"GW1",,"failed","high","medium","medium",,,,,,"high",,"high","true","C1","C1: Below 1.5°C with no or limited overshoot","GCAM 5.3","R_MAC_45_n8","18.24558891407912","0","32.574306729444444","3.9703138466365004","1506.1332995038708","1.324306292913456","1.568023461834693",
"1158","Deep-Mitigation-MAC_45_n8","GCAM 5.3","Final Energy|Electricity","EJ/yr","[object Object]",2085,36.744084834264,"1.568023461834693","1.324306292913456","2047","1506.1332995038708","-38.078143404484784","-461.3536932630914","2041",,"GW1",,"failed","high","medium","medium",,,,,,"high",,"high","true","C1","C1: Below 1.5°C with no or limited overshoot","GCAM 5.3","R_MAC_45_n8","18.24558891407912","0","32.574306729444444","3.9703138466365004","1506.1332995038708","1.324306292913456","1.568023461834693",
"1158","Deep-Mitigation-MAC_45_n8","GCAM 5.3","Final Energy|Electricity","EJ/yr","[object Object]",2090,36.825887496434,"1.568023461834693","1.324306292913456","2047","1506.1332995038708","-38.078143404484784","-461.3536932630914","2041",,"GW1",,"failed","high","medium","medium",,,,,,"high",,"high","true","C1","C1: Below 1.5°C with no or limited overshoot","GCAM 5.3","R_MAC_45_n8","18.24558891407912","0","32.574306729444444","3.9703138466365004","1506.1332995038708","1.324306292913456","1.568023461834693",
"1158","Deep-Mitigation-MAC_45_n8","GCAM 5.3","Final Energy|Electricity","EJ/yr","[object Object]",2095,36.759556224835,"1.568023461834693","1.324306292913456","2047","1506.1332995038708","-38.078143404484784","-461.3536932630914","2041",,"GW1",,"failed","high","medium","medium",,,,,,"high",,"high","true","C1","C1: Below 1.5°C with no or limited overshoot","GCAM 5.3","R_MAC_45_n8","18.24558891407912","0","32.574306729444444","3.9703138466365004","1506.1332995038708","1.324306292913456","1.568023461834693",
"1158","Deep-Mitigation-MAC_45_n8","GCAM 5.3","Final Energy|Electricity","EJ/yr","[object Object]",2100,36.675647845559,"1.568023461834693","1.324306292913456","2047","1506.1332995038708","-38.078143404484784","-461.3536932630914","2041",,"GW1",,"failed","high","medium","medium",,,,,,"high",,"high","true","C1","C1: Below 1.5°C with no or limited overshoot","GCAM 5.3","R_MAC_45_n8","18.24558891407912","0","32.574306729444444","3.9703138466365004","1506.1332995038708","1.324306292913456","1.568023461834693",
"1160","Deep-Mitigation-MAC_50_n8","GCAM 5.3","Final Energy|Electricity","EJ/yr","[object Object]",2010,11.9637841607,"1.613340383177248","1.379826601613297","2048","1465.446438905663","78.45029446001868","-424.69420470147094","2045",,"GW1",,"failed","high","medium","medium",,,,,,"high",,"high","true","C1","C1: Below 1.5°C with no or limited overshoot","GCAM 5.3","R_MAC_50_n8","17.712938752101508","0","33.13742422744905","3.9909906328743148","1465.446438905663","1.379826601613297","1.613340383177248",
"1160","Deep-Mitigation-MAC_50_n8","GCAM 5.3","Final Energy|Electricity","EJ/yr","[object Object]",2015,11.799306026,"1.613340383177248","1.379826601613297","2048","1465.446438905663","78.45029446001868","-424.69420470147094","2045",,"GW1",,"failed","high","medium","medium",,,,,,"high",,"high","true","C1","C1: Below 1.5°C with no or limited overshoot","GCAM 5.3","R_MAC_50_n8","17.712938752101508","0","33.13742422744905","3.9909906328743148","1465.446438905663","1.379826601613297","1.613340383177248",
"1160","Deep-Mitigation-MAC_50_n8","GCAM 5.3","Final Energy|Electricity","EJ/yr","[object Object]",2020,13.0433566495626,"1.613340383177248","1.379826601613297","2048","1465.446438905663","78.45029446001868","-424.69420470147094","2045",,"GW1",,"failed","high","medium","medium",,,,,,"high",,"high","true","C1","C1: Below 1.5°C with no or limited overshoot","GCAM 5.3","R_MAC_50_n8","17.712938752101508","0","33.13742422744905","3.9909906328743148","1465.446438905663","1.379826601613297","1.613340383177248",
"1160","Deep-Mitigation-MAC_50_n8","GCAM 5.3","Final Energy|Electricity","EJ/yr","[object Object]",2025,14.6960999722378,"1.613340383177248","1.379826601613297","2048","1465.446438905663","78.45029446001868","-424.69420470147094","2045",,"GW1",,"failed","high","medium","medium",,,,,,"high",,"high","true","C1","C1: Below 1.5°C with no or limited overshoot","GCAM 5.3","R_MAC_50_n8","17.712938752101508","0","33.13742422744905","3.9909906328743148","1465.446438905663","1.379826601613297","1.613340383177248",
"1160","Deep-Mitigation-MAC_50_n8","GCAM 5.3","Final Energy|Electricity","EJ/yr","[object Object]",2030,16.8749775648734,"1.613340383177248","1.379826601613297","2048","1465.446438905663","78.45029446001868","-424.69420470147094","2045",,"GW1",,"failed","high","medium","medium",,,,,,"high",,"high","true","C1","C1: Below 1.5°C with no or limited overshoot","GCAM 5.3","R_MAC_50_n8","17.712938752101508","0","33.13742422744905","3.9909906328743148","1465.446438905663","1.379826601613297","1.613340383177248",
"1160","Deep-Mitigation-MAC_50_n8","GCAM 5.3","Final Energy|Electricity","EJ/yr","[object Object]",2035,19.307672090426,"1.613340383177248","1.379826601613297","2048","1465.446438905663","78.45029446001868","-424.69420470147094","2045",,"GW1",,"failed","high","medium","medium",,,,,,"high",,"high","true","C1","C1: Below 1.5°C with no or limited overshoot","GCAM 5.3","R_MAC_50_n8","17.712938752101508","0","33.13742422744905","3.9909906328743148","1465.446438905663","1.379826601613297","1.613340383177248",
"1160","Deep-Mitigation-MAC_50_n8","GCAM 5.3","Final Energy|Electricity","EJ/yr","[object Object]",2040,22.5641039632681,"1.613340383177248","1.379826601613297","2048","1465.446438905663","78.45029446001868","-424.69420470147094","2045",,"GW1",,"failed","high","medium","medium",,,,,,"high",,"high","true","C1","C1: Below 1.5°C with no or limited overshoot","GCAM 5.3","R_MAC_50_n8","17.712938752101508","0","33.13742422744905","3.9909906328743148","1465.446438905663","1.379826601613297","1.613340383177248",
"1160","Deep-Mitigation-MAC_50_n8","GCAM 5.3","Final Energy|Electricity","EJ/yr","[object Object]",2045,26.4905591431587,"1.613340383177248","1.379826601613297","2048","1465.446438905663","78.45029446001868","-424.69420470147094","2045",,"GW1",,"failed","high","medium","medium",,,,,,"high",,"high","true","C1","C1: Below 1.5°C with no or limited overshoot","GCAM 5.3","R_MAC_50_n8","17.712938752101508","0","33.13742422744905","3.9909906328743148","1465.446438905663","1.379826601613297","1.613340383177248",
"1160","Deep-Mitigation-MAC_50_n8","GCAM 5.3","Final Energy|Electricity","EJ/yr","[object Object]",2050,30.2769258871533,"1.613340383177248","1.379826601613297","2048","1465.446438905663","78.45029446001868","-424.69420470147094","2045",,"GW1",,"failed","high","medium","medium",,,,,,"high",,"high","true","C1","C1: Below 1.5°C with no or limited overshoot","GCAM 5.3","R_MAC_50_n8","17.712938752101508","0","33.13742422744905","3.9909906328743148","1465.446438905663","1.379826601613297","1.613340383177248",
"1160","Deep-Mitigation-MAC_50_n8","GCAM 5.3","Final Energy|Electricity","EJ/yr","[object Object]",2055,32.2167761326194,"1.613340383177248","1.379826601613297","2048","1465.446438905663","78.45029446001868","-424.69420470147094","2045",,"GW1",,"failed","high","medium","medium",,,,,,"high",,"high","true","C1","C1: Below 1.5°C with no or limited overshoot","GCAM 5.3","R_MAC_50_n8","17.712938752101508","0","33.13742422744905","3.9909906328743148","1465.446438905663","1.379826601613297","1.613340383177248",
"1160","Deep-Mitigation-MAC_50_n8","GCAM 5.3","Final Energy|Electricity","EJ/yr","[object Object]",2060,33.5709499508052,"1.613340383177248","1.379826601613297","2048","1465.446438905663","78.45029446001868","-424.69420470147094","2045",,"GW1",,"failed","high","medium","medium",,,,,,"high",,"high","true","C1","C1: Below 1.5°C with no or limited overshoot","GCAM 5.3","R_MAC_50_n8","17.712938752101508","0","33.13742422744905","3.9909906328743148","1465.446438905663","1.379826601613297","1.613340383177248",
"1160","Deep-Mitigation-MAC_50_n8","GCAM 5.3","Final Energy|Electricity","EJ/yr","[object Object]",2065,34.623353599071,"1.613340383177248","1.379826601613297","2048","1465.446438905663","78.45029446001868","-424.69420470147094","2045",,"GW1",,"failed","high","medium","medium",,,,,,"high",,"high","true","C1","C1: Below 1.5°C with no or limited overshoot","GCAM 5.3","R_MAC_50_n8","17.712938752101508","0","33.13742422744905","3.9909906328743148","1465.446438905663","1.379826601613297","1.613340383177248",
"1160","Deep-Mitigation-MAC_50_n8","GCAM 5.3","Final Energy|Electricity","EJ/yr","[object Object]",2070,35.44701452210499,"1.613340383177248","1.379826601613297","2048","1465.446438905663","78.45029446001868","-424.69420470147094","2045",,"GW1",,"failed","high","medium","medium",,,,,,"high",,"high","true","C1","C1: Below 1.5°C with no or limited overshoot","GCAM 5.3","R_MAC_50_n8","17.712938752101508","0","33.13742422744905","3.9909906328743148","1465.446438905663","1.379826601613297","1.613340383177248",
"1160","Deep-Mitigation-MAC_50_n8","GCAM 5.3","Final Energy|Electricity","EJ/yr","[object Object]",2075,36.058205877158,"1.613340383177248","1.379826601613297","2048","1465.446438905663","78.45029446001868","-424.69420470147094","2045",,"GW1",,"failed","high","medium","medium",,,,,,"high",,"high","true","C1","C1: Below 1.5°C with no or limited overshoot","GCAM 5.3","R_MAC_50_n8","17.712938752101508","0","33.13742422744905","3.9909906328743148","1465.446438905663","1.379826601613297","1.613340383177248",
"1160","Deep-Mitigation-MAC_50_n8","GCAM 5.3","Final Energy|Electricity","EJ/yr","[object Object]",2080,36.494572594896,"1.613340383177248","1.379826601613297","2048","1465.446438905663","78.45029446001868","-424.69420470147094","2045",,"GW1",,"failed","high","medium","medium",,,,,,"high",,"high","true","C1","C1: Below 1.5°C with no or limited overshoot","GCAM 5.3","R_MAC_50_n8","17.712938752101508","0","33.13742422744905","3.9909906328743148","1465.446438905663","1.379826601613297","1.613340383177248",
"1160","Deep-Mitigation-MAC_50_n8","GCAM 5.3","Final Energy|Electricity","EJ/yr","[object Object]",2085,36.755494028661,"1.613340383177248","1.379826601613297","2048","1465.446438905663","78.45029446001868","-424.69420470147094","2045",,"GW1",,"failed","high","medium","medium",,,,,,"high",,"high","true","C1","C1: Below 1.5°C with no or limited overshoot","GCAM 5.3","R_MAC_50_n8","17.712938752101508","0","33.13742422744905","3.9909906328743148","1465.446438905663","1.379826601613297","1.613340383177248",
"1160","Deep-Mitigation-MAC_50_n8","GCAM 5.3","Final Energy|Electricity","EJ/yr","[object Object]",2090,36.827591991571,"1.613340383177248","1.379826601613297","2048","1465.446438905663","78.45029446001868","-424.69420470147094","2045",,"GW1",,"failed","high","medium","medium",,,,,,"high",,"high","true","C1","C1: Below 1.5°C with no or limited overshoot","GCAM 5.3","R_MAC_50_n8","17.712938752101508","0","33.13742422744905","3.9909906328743148","1465.446438905663","1.379826601613297","1.613340383177248",
"1160","Deep-Mitigation-MAC_50_n8","GCAM 5.3","Final Energy|Electricity","EJ/yr","[object Object]",2095,36.747330121724,"1.613340383177248","1.379826601613297","2048","1465.446438905663","78.45029446001868","-424.69420470147094","2045",,"GW1",,"failed","high","medium","medium",,,,,,"high",,"high","true","C1","C1: Below 1.5°C with no or limited overshoot","GCAM 5.3","R_MAC_50_n8","17.712938752101508","0","33.13742422744905","3.9909906328743148","1465.446438905663","1.379826601613297","1.613340383177248",
"1160","Deep-Mitigation-MAC_50_n8","GCAM 5.3","Final Energy|Electricity","EJ/yr","[object Object]",2100,36.65618085182,"1.613340383177248","1.379826601613297","2048","1465.446438905663","78.45029446001868","-424.69420470147094","2045",,"GW1",,"failed","high","medium","medium",,,,,,"high",,"high","true","C1","C1: Below 1.5°C with no or limited overshoot","GCAM 5.3","R_MAC_50_n8","17.712938752101508","0","33.13742422744905","3.9909906328743148","1465.446438905663","1.379826601613297","1.613340383177248",
"1212","R2p1-SSP1-900","REMIND 2.1","Final Energy|Electricity","EJ/yr","[object Object]",2010,10.4578,"1.575991285692252","1.15767844632315","2048","455.78754480000003","287.9409064","-266.3803103","2054","2073","GW1","Rapid Fossil-Fuel Phase-Out","failed","high","medium","ok","medium","medium",,"ok","ok","ok",,"medium","true","C1","C1: Below 1.5°C with no or limited overshoot","REMIND 2.1","R2p1_SSP1-PkBudg900","56.25442251749351","12.168623891243593","31.474744298079464",,"455.78754480000003","1.15767844632315","1.575991285692252",
"1212","R2p1-SSP1-900","REMIND 2.1","Final Energy|Electricity","EJ/yr","[object Object]",2015,9.7687,"1.575991285692252","1.15767844632315","2048","455.78754480000003","287.9409064","-266.3803103","2054","2073","GW1","Rapid Fossil-Fuel Phase-Out","failed","high","medium","ok","medium","medium",,"ok","ok","ok",,"medium","true","C1","C1: Below 1.5°C with no or limited overshoot","REMIND 2.1","R2p1_SSP1-PkBudg900","56.25442251749351","12.168623891243593","31.474744298079464",,"455.78754480000003","1.15767844632315","1.575991285692252",
"1212","R2p1-SSP1-900","REMIND 2.1","Final Energy|Electricity","EJ/yr","[object Object]",2020,10.4574,"1.575991285692252","1.15767844632315","2048","455.78754480000003","287.9409064","-266.3803103","2054","2073","GW1","Rapid Fossil-Fuel Phase-Out","failed","high","medium","ok","medium","medium",,"ok","ok","ok",,"medium","true","C1","C1: Below 1.5°C with no or limited overshoot","REMIND 2.1","R2p1_SSP1-PkBudg900","56.25442251749351","12.168623891243593","31.474744298079464",,"455.78754480000003","1.15767844632315","1.575991285692252",
"1212","R2p1-SSP1-900","REMIND 2.1","Final Energy|Electricity","EJ/yr","[object Object]",2025,10.3061,"1.575991285692252","1.15767844632315","2048","455.78754480000003","287.9409064","-266.3803103","2054","2073","GW1","Rapid Fossil-Fuel Phase-Out","failed","high","medium","ok","medium","medium",,"ok","ok","ok",,"medium","true","C1","C1: Below 1.5°C with no or limited overshoot","REMIND 2.1","R2p1_SSP1-PkBudg900","56.25442251749351","12.168623891243593","31.474744298079464",,"455.78754480000003","1.15767844632315","1.575991285692252",
"1212","R2p1-SSP1-900","REMIND 2.1","Final Energy|Electricity","EJ/yr","[object Object]",2030,11.647,"1.575991285692252","1.15767844632315","2048","455.78754480000003","287.9409064","-266.3803103","2054","2073","GW1","Rapid Fossil-Fuel Phase-Out","failed","high","medium","ok","medium","medium",,"ok","ok","ok",,"medium","true","C1","C1: Below 1.5°C with no or limited overshoot","REMIND 2.1","R2p1_SSP1-PkBudg900","56.25442251749351","12.168623891243593","31.474744298079464",,"455.78754480000003","1.15767844632315","1.575991285692252",
"1212","R2p1-SSP1-900","REMIND 2.1","Final Energy|Electricity","EJ/yr","[object Object]",2035,14.0807,"1.575991285692252","1.15767844632315","2048","455.78754480000003","287.9409064","-266.3803103","2054","2073","GW1","Rapid Fossil-Fuel Phase-Out","failed","high","medium","ok","medium","medium",,"ok","ok","ok",,"medium","true","C1","C1: Below 1.5°C with no or limited overshoot","REMIND 2.1","R2p1_SSP1-PkBudg900","56.25442251749351","12.168623891243593","31.474744298079464",,"455.78754480000003","1.15767844632315","1.575991285692252",
"1212","R2p1-SSP1-900","REMIND 2.1","Final Energy|Electricity","EJ/yr","[object Object]",2040,16.064,"1.575991285692252","1.15767844632315","2048","455.78754480000003","287.9409064","-266.3803103","2054","2073","GW1","Rapid Fossil-Fuel Phase-Out","failed","high","medium","ok","medium","medium",,"ok","ok","ok",,"medium","true","C1","C1: Below 1.5°C with no or limited overshoot","REMIND 2.1","R2p1_SSP1-PkBudg900","56.25442251749351","12.168623891243593","31.474744298079464",,"455.78754480000003","1.15767844632315","1.575991285692252",
"1212","R2p1-SSP1-900","REMIND 2.1","Final Energy|Electricity","EJ/yr","[object Object]",2045,17.1919,"1.575991285692252","1.15767844632315","2048","455.78754480000003","287.9409064","-266.3803103","2054","2073","GW1","Rapid Fossil-Fuel Phase-Out","failed","high","medium","ok","medium","medium",,"ok","ok","ok",,"medium","true","C1","C1: Below 1.5°C with no or limited overshoot","REMIND 2.1","R2p1_SSP1-PkBudg900","56.25442251749351","12.168623891243593","31.474744298079464",,"455.78754480000003","1.15767844632315","1.575991285692252",
"1212","R2p1-SSP1-900","REMIND 2.1","Final Energy|Electricity","EJ/yr","[object Object]",2050,17.6763,"1.575991285692252","1.15767844632315","2048","455.78754480000003","287.9409064","-266.3803103","2054","2073","GW1","Rapid Fossil-Fuel Phase-Out","failed","high","medium","ok","medium","medium",,"ok","ok","ok",,"medium","true","C1","C1: Below 1.5°C with no or limited overshoot","REMIND 2.1","R2p1_SSP1-PkBudg900","56.25442251749351","12.168623891243593","31.474744298079464",,"455.78754480000003","1.15767844632315","1.575991285692252",
"1212","R2p1-SSP1-900","REMIND 2.1","Final Energy|Electricity","EJ/yr","[object Object]",2055,17.483,"1.575991285692252","1.15767844632315","2048","455.78754480000003","287.9409064","-266.3803103","2054","2073","GW1","Rapid Fossil-Fuel Phase-Out","failed","high","medium","ok","medium","medium",,"ok","ok","ok",,"medium","true","C1","C1: Below 1.5°C with no or limited overshoot","REMIND 2.1","R2p1_SSP1-PkBudg900","56.25442251749351","12.168623891243593","31.474744298079464",,"455.78754480000003","1.15767844632315","1.575991285692252",
"1212","R2p1-SSP1-900","REMIND 2.1","Final Energy|Electricity","EJ/yr","[object Object]",2060,16.9839,"1.575991285692252","1.15767844632315","2048","455.78754480000003","287.9409064","-266.3803103","2054","2073","GW1","Rapid Fossil-Fuel Phase-Out","failed","high","medium","ok","medium","medium",,"ok","ok","ok",,"medium","true","C1","C1: Below 1.5°C with no or limited overshoot","REMIND 2.1","R2p1_SSP1-PkBudg900","56.25442251749351","12.168623891243593","31.474744298079464",,"455.78754480000003","1.15767844632315","1.575991285692252",
"1212","R2p1-SSP1-900","REMIND 2.1","Final Energy|Electricity","EJ/yr","[object Object]",2070,16.106,"1.575991285692252","1.15767844632315","2048","455.78754480000003","287.9409064","-266.3803103","2054","2073","GW1","Rapid Fossil-Fuel Phase-Out","failed","high","medium","ok","medium","medium",,"ok","ok","ok",,"medium","true","C1","C1: Below 1.5°C with no or limited overshoot","REMIND 2.1","R2p1_SSP1-PkBudg900","56.25442251749351","12.168623891243593","31.474744298079464",,"455.78754480000003","1.15767844632315","1.575991285692252",
"1212","R2p1-SSP1-900","REMIND 2.1","Final Energy|Electricity","EJ/yr","[object Object]",2080,15.4964,"1.575991285692252","1.15767844632315","2048","455.78754480000003","287.9409064","-266.3803103","2054","2073","GW1","Rapid Fossil-Fuel Phase-Out","failed","high","medium","ok","medium","medium",,"ok","ok","ok",,"medium","true","C1","C1: Below 1.5°C with no or limited overshoot","REMIND 2.1","R2p1_SSP1-PkBudg900","56.25442251749351","12.168623891243593","31.474744298079464",,"455.78754480000003","1.15767844632315","1.575991285692252",
"1212","R2p1-SSP1-900","REMIND 2.1","Final Energy|Electricity","EJ/yr","[object Object]",2090,14.9776,"1.575991285692252","1.15767844632315","2048","455.78754480000003","287.9409064","-266.3803103","2054","2073","GW1","Rapid Fossil-Fuel Phase-Out","failed","high","medium","ok","medium","medium",,"ok","ok","ok",,"medium","true","C1","C1: Below 1.5°C with no or limited overshoot","REMIND 2.1","R2p1_SSP1-PkBudg900","56.25442251749351","12.168623891243593","31.474744298079464",,"455.78754480000003","1.15767844632315","1.575991285692252",
"1212","R2p1-SSP1-900","REMIND 2.1","Final Energy|Electricity","EJ/yr","[object Object]",2100,14.9928,"1.575991285692252","1.15767844632315","2048","455.78754480000003","287.9409064","-266.3803103","2054","2073","GW1","Rapid Fossil-Fuel Phase-Out","failed","high","medium","ok","medium","medium",,"ok","ok","ok",,"medium","true","C1","C1: Below 1.5°C with no or limited overshoot","REMIND 2.1","R2p1_SSP1-PkBudg900","56.25442251749351","12.168623891243593","31.474744298079464",,"455.78754480000003","1.15767844632315","1.575991285692252",
"1218","R2p1-SSP2-900","REMIND 2.1","Final Energy|Electricity","EJ/yr","[object Object]",2010,10.4578,"1.601533377331519","1.360627563151096","2048","661.2559983000001","345.28061225000016","-208.96417975","2053","2100","GW1","Rapid Fossil-Fuel Phase-Out","failed","high","medium","medium","medium","ok",,"ok","ok","ok",,"medium","true","C1","C1: Below 1.5°C with no or limited overshoot","REMIND 2.1","R2p1_SSP2-PkBudg900","54.592171967759896","13.804166241153338","31.453174586352873",,"661.2559983000001","1.360627563151096","1.601533377331519",
"1218","R2p1-SSP2-900","REMIND 2.1","Final Energy|Electricity","EJ/yr","[object Object]",2015,9.7687,"1.601533377331519","1.360627563151096","2048","661.2559983000001","345.28061225000016","-208.96417975","2053","2100","GW1","Rapid Fossil-Fuel Phase-Out","failed","high","medium","medium","medium","ok",,"ok","ok","ok",,"medium","true","C1","C1: Below 1.5°C with no or limited overshoot","REMIND 2.1","R2p1_SSP2-PkBudg900","54.592171967759896","13.804166241153338","31.453174586352873",,"661.2559983000001","1.360627563151096","1.601533377331519",
"1218","R2p1-SSP2-900","REMIND 2.1","Final Energy|Electricity","EJ/yr","[object Object]",2020,10.4574,"1.601533377331519","1.360627563151096","2048","661.2559983000001","345.28061225000016","-208.96417975","2053","2100","GW1","Rapid Fossil-Fuel Phase-Out","failed","high","medium","medium","medium","ok",,"ok","ok","ok",,"medium","true","C1","C1: Below 1.5°C with no or limited overshoot","REMIND 2.1","R2p1_SSP2-PkBudg900","54.592171967759896","13.804166241153338","31.453174586352873",,"661.2559983000001","1.360627563151096","1.601533377331519",
"1218","R2p1-SSP2-900","REMIND 2.1","Final Energy|Electricity","EJ/yr","[object Object]",2025,10.7369,"1.601533377331519","1.360627563151096","2048","661.2559983000001","345.28061225000016","-208.96417975","2053","2100","GW1","Rapid Fossil-Fuel Phase-Out","failed","high","medium","medium","medium","ok",,"ok","ok","ok",,"medium","true","C1","C1: Below 1.5°C with no or limited overshoot","REMIND 2.1","R2p1_SSP2-PkBudg900","54.592171967759896","13.804166241153338","31.453174586352873",,"661.2559983000001","1.360627563151096","1.601533377331519",
"1218","R2p1-SSP2-900","REMIND 2.1","Final Energy|Electricity","EJ/yr","[object Object]",2030,12.4437,"1.601533377331519","1.360627563151096","2048","661.2559983000001","345.28061225000016","-208.96417975","2053","2100","GW1","Rapid Fossil-Fuel Phase-Out","failed","high","medium","medium","medium","ok",,"ok","ok","ok",,"medium","true","C1","C1: Below 1.5°C with no or limited overshoot","REMIND 2.1","R2p1_SSP2-PkBudg900","54.592171967759896","13.804166241153338","31.453174586352873",,"661.2559983000001","1.360627563151096","1.601533377331519",
"1218","R2p1-SSP2-900","REMIND 2.1","Final Energy|Electricity","EJ/yr","[object Object]",2035,15.4068,"1.601533377331519","1.360627563151096","2048","661.2559983000001","345.28061225000016","-208.96417975","2053","2100","GW1","Rapid Fossil-Fuel Phase-Out","failed","high","medium","medium","medium","ok",,"ok","ok","ok",,"medium","true","C1","C1: Below 1.5°C with no or limited overshoot","REMIND 2.1","R2p1_SSP2-PkBudg900","54.592171967759896","13.804166241153338","31.453174586352873",,"661.2559983000001","1.360627563151096","1.601533377331519",
"1218","R2p1-SSP2-900","REMIND 2.1","Final Energy|Electricity","EJ/yr","[object Object]",2040,18.5856,"1.601533377331519","1.360627563151096","2048","661.2559983000001","345.28061225000016","-208.96417975","2053","2100","GW1","Rapid Fossil-Fuel Phase-Out","failed","high","medium","medium","medium","ok",,"ok","ok","ok",,"medium","true","C1","C1: Below 1.5°C with no or limited overshoot","REMIND 2.1","R2p1_SSP2-PkBudg900","54.592171967759896","13.804166241153338","31.453174586352873",,"661.2559983000001","1.360627563151096","1.601533377331519",
"1218","R2p1-SSP2-900","REMIND 2.1","Final Energy|Electricity","EJ/yr","[object Object]",2045,20.8572,"1.601533377331519","1.360627563151096","2048","661.2559983000001","345.28061225000016","-208.96417975","2053","2100","GW1","Rapid Fossil-Fuel Phase-Out","failed","high","medium","medium","medium","ok",,"ok","ok","ok",,"medium","true","C1","C1: Below 1.5°C with no or limited overshoot","REMIND 2.1","R2p1_SSP2-PkBudg900","54.592171967759896","13.804166241153338","31.453174586352873",,"661.2559983000001","1.360627563151096","1.601533377331519",
"1218","R2p1-SSP2-900","REMIND 2.1","Final Energy|Electricity","EJ/yr","[object Object]",2050,22.3219,"1.601533377331519","1.360627563151096","2048","661.2559983000001","345.28061225000016","-208.96417975","2053","2100","GW1","Rapid Fossil-Fuel Phase-Out","failed","high","medium","medium","medium","ok",,"ok","ok","ok",,"medium","true","C1","C1: Below 1.5°C with no or limited overshoot","REMIND 2.1","R2p1_SSP2-PkBudg900","54.592171967759896","13.804166241153338","31.453174586352873",,"661.2559983000001","1.360627563151096","1.601533377331519",
"1218","R2p1-SSP2-900","REMIND 2.1","Final Energy|Electricity","EJ/yr","[object Object]",2055,22.9096,"1.601533377331519","1.360627563151096","2048","661.2559983000001","345.28061225000016","-208.96417975","2053","2100","GW1","Rapid Fossil-Fuel Phase-Out","failed","high","medium","medium","medium","ok",,"ok","ok","ok",,"medium","true","C1","C1: Below 1.5°C with no or limited overshoot","REMIND 2.1","R2p1_SSP2-PkBudg900","54.592171967759896","13.804166241153338","31.453174586352873",,"661.2559983000001","1.360627563151096","1.601533377331519",
"1218","R2p1-SSP2-900","REMIND 2.1","Final Energy|Electricity","EJ/yr","[object Object]",2060,22.9856,"1.601533377331519","1.360627563151096","2048","661.2559983000001","345.28061225000016","-208.96417975","2053","2100","GW1","Rapid Fossil-Fuel Phase-Out","failed","high","medium","medium","medium","ok",,"ok","ok","ok",,"medium","true","C1","C1: Below 1.5°C with no or limited overshoot","REMIND 2.1","R2p1_SSP2-PkBudg900","54.592171967759896","13.804166241153338","31.453174586352873",,"661.2559983000001","1.360627563151096","1.601533377331519",
"1218","R2p1-SSP2-900","REMIND 2.1","Final Energy|Electricity","EJ/yr","[object Object]",2070,23.2493,"1.601533377331519","1.360627563151096","2048","661.2559983000001","345.28061225000016","-208.96417975","2053","2100","GW1","Rapid Fossil-Fuel Phase-Out","failed","high","medium","medium","medium","ok",,"ok","ok","ok",,"medium","true","C1","C1: Below 1.5°C with no or limited overshoot","REMIND 2.1","R2p1_SSP2-PkBudg900","54.592171967759896","13.804166241153338","31.453174586352873",,"661.2559983000001","1.360627563151096","1.601533377331519",
"1218","R2p1-SSP2-900","REMIND 2.1","Final Energy|Electricity","EJ/yr","[object Object]",2080,23.8057,"1.601533377331519","1.360627563151096","2048","661.2559983000001","345.28061225000016","-208.96417975","2053","2100","GW1","Rapid Fossil-Fuel Phase-Out","failed","high","medium","medium","medium","ok",,"ok","ok","ok",,"medium","true","C1","C1: Below 1.5°C with no or limited overshoot","REMIND 2.1","R2p1_SSP2-PkBudg900","54.592171967759896","13.804166241153338","31.453174586352873",,"661.2559983000001","1.360627563151096","1.601533377331519",
"1218","R2p1-SSP2-900","REMIND 2.1","Final Energy|Electricity","EJ/yr","[object Object]",2090,25.0284,"1.601533377331519","1.360627563151096","2048","661.2559983000001","345.28061225000016","-208.96417975","2053","2100","GW1","Rapid Fossil-Fuel Phase-Out","failed","high","medium","medium","medium","ok",,"ok","ok","ok",,"medium","true","C1","C1: Below 1.5°C with no or limited overshoot","REMIND 2.1","R2p1_SSP2-PkBudg900","54.592171967759896","13.804166241153338","31.453174586352873",,"661.2559983000001","1.360627563151096","1.601533377331519",
"1218","R2p1-SSP2-900","REMIND 2.1","Final Energy|Electricity","EJ/yr","[object Object]",2100,26.1314,"1.601533377331519","1.360627563151096","2048","661.2559983000001","345.28061225000016","-208.96417975","2053","2100","GW1","Rapid Fossil-Fuel Phase-Out","failed","high","medium","medium","medium","ok",,"ok","ok","ok",,"medium","true","C1","C1: Below 1.5°C with no or limited overshoot","REMIND 2.1","R2p1_SSP2-PkBudg900","54.592171967759896","13.804166241153338","31.453174586352873",,"661.2559983000001","1.360627563151096","1.601533377331519",
"1224","R2p1-SSP5-900","REMIND 2.1","Final Energy|Electricity","EJ/yr","[object Object]",2010,10.4578,"1.582010237046837","1.190492359730164","2048","1517.2792913999997","122.5506607","-433.89028854","2049","2070","GW1","Carbon Dioxide Removal","failed","high","medium","medium","high","ok",,"ok","ok","high",,"high","true","C1","C1: Below 1.5°C with no or limited overshoot","REMIND 2.1","R2p1_SSP5-PkBudg900","47.042032315001805","28.014377821420787","24.730379289619805",,"1517.2792913999997","1.190492359730164","1.582010237046837",
"1224","R2p1-SSP5-900","REMIND 2.1","Final Energy|Electricity","EJ/yr","[object Object]",2015,9.7687,"1.582010237046837","1.190492359730164","2048","1517.2792913999997","122.5506607","-433.89028854","2049","2070","GW1","Carbon Dioxide Removal","failed","high","medium","medium","high","ok",,"ok","ok","high",,"high","true","C1","C1: Below 1.5°C with no or limited overshoot","REMIND 2.1","R2p1_SSP5-PkBudg900","47.042032315001805","28.014377821420787","24.730379289619805",,"1517.2792913999997","1.190492359730164","1.582010237046837",
"1224","R2p1-SSP5-900","REMIND 2.1","Final Energy|Electricity","EJ/yr","[object Object]",2020,10.4574,"1.582010237046837","1.190492359730164","2048","1517.2792913999997","122.5506607","-433.89028854","2049","2070","GW1","Carbon Dioxide Removal","failed","high","medium","medium","high","ok",,"ok","ok","high",,"high","true","C1","C1: Below 1.5°C with no or limited overshoot","REMIND 2.1","R2p1_SSP5-PkBudg900","47.042032315001805","28.014377821420787","24.730379289619805",,"1517.2792913999997","1.190492359730164","1.582010237046837",
"1224","R2p1-SSP5-900","REMIND 2.1","Final Energy|Electricity","EJ/yr","[object Object]",2025,10.4838,"1.582010237046837","1.190492359730164","2048","1517.2792913999997","122.5506607","-433.89028854","2049","2070","GW1","Carbon Dioxide Removal","failed","high","medium","medium","high","ok",,"ok","ok","high",,"high","true","C1","C1: Below 1.5°C with no or limited overshoot","REMIND 2.1","R2p1_SSP5-PkBudg900","47.042032315001805","28.014377821420787","24.730379289619805",,"1517.2792913999997","1.190492359730164","1.582010237046837",
"1224","R2p1-SSP5-900","REMIND 2.1","Final Energy|Electricity","EJ/yr","[object Object]",2030,12.3951,"1.582010237046837","1.190492359730164","2048","1517.2792913999997","122.5506607","-433.89028854","2049","2070","GW1","Carbon Dioxide Removal","failed","high","medium","medium","high","ok",,"ok","ok","high",,"high","true","C1","C1: Below 1.5°C with no or limited overshoot","REMIND 2.1","R2p1_SSP5-PkBudg900","47.042032315001805","28.014377821420787","24.730379289619805",,"1517.2792913999997","1.190492359730164","1.582010237046837",
"1224","R2p1-SSP5-900","REMIND 2.1","Final Energy|Electricity","EJ/yr","[object Object]",2035,15.9939,"1.582010237046837","1.190492359730164","2048","1517.2792913999997","122.5506607","-433.89028854","2049","2070","GW1","Carbon Dioxide Removal","failed","high","medium","medium","high","ok",,"ok","ok","high",,"high","true","C1","C1: Below 1.5°C with no or limited overshoot","REMIND 2.1","R2p1_SSP5-PkBudg900","47.042032315001805","28.014377821420787","24.730379289619805",,"1517.2792913999997","1.190492359730164","1.582010237046837",
"1224","R2p1-SSP5-900","REMIND 2.1","Final Energy|Electricity","EJ/yr","[object Object]",2040,19.9274,"1.582010237046837","1.190492359730164","2048","1517.2792913999997","122.5506607","-433.89028854","2049","2070","GW1","Carbon Dioxide Removal","failed","high","medium","medium","high","ok",,"ok","ok","high",,"high","true","C1","C1: Below 1.5°C with no or limited overshoot","REMIND 2.1","R2p1_SSP5-PkBudg900","47.042032315001805","28.014377821420787","24.730379289619805",,"1517.2792913999997","1.190492359730164","1.582010237046837",
"1224","R2p1-SSP5-900","REMIND 2.1","Final Energy|Electricity","EJ/yr","[object Object]",2045,23.0687,"1.582010237046837","1.190492359730164","2048","1517.2792913999997","122.5506607","-433.89028854","2049","2070","GW1","Carbon Dioxide Removal","failed","high","medium","medium","high","ok",,"ok","ok","high",,"high","true","C1","C1: Below 1.5°C with no or limited overshoot","REMIND 2.1","R2p1_SSP5-PkBudg900","47.042032315001805","28.014377821420787","24.730379289619805",,"1517.2792913999997","1.190492359730164","1.582010237046837",
"1224","R2p1-SSP5-900","REMIND 2.1","Final Energy|Electricity","EJ/yr","[object Object]",2050,25.6918,"1.582010237046837","1.190492359730164","2048","1517.2792913999997","122.5506607","-433.89028854","2049","2070","GW1","Carbon Dioxide Removal","failed","high","medium","medium","high","ok",,"ok","ok","high",,"high","true","C1","C1: Below 1.5°C with no or limited overshoot","REMIND 2.1","R2p1_SSP5-PkBudg900","47.042032315001805","28.014377821420787","24.730379289619805",,"1517.2792913999997","1.190492359730164","1.582010237046837",
"1224","R2p1-SSP5-900","REMIND 2.1","Final Energy|Electricity","EJ/yr","[object Object]",2055,27.7279,"1.582010237046837","1.190492359730164","2048","1517.2792913999997","122.5506607","-433.89028854","2049","2070","GW1","Carbon Dioxide Removal","failed","high","medium","medium","high","ok",,"ok","ok","high",,"high","true","C1","C1: Below 1.5°C with no or limited overshoot","REMIND 2.1","R2p1_SSP5-PkBudg900","47.042032315001805","28.014377821420787","24.730379289619805",,"1517.2792913999997","1.190492359730164","1.582010237046837",
"1224","R2p1-SSP5-900","REMIND 2.1","Final Energy|Electricity","EJ/yr","[object Object]",2060,29.7225,"1.582010237046837","1.190492359730164","2048","1517.2792913999997","122.5506607","-433.89028854","2049","2070","GW1","Carbon Dioxide Removal","failed","high","medium","medium","high","ok",,"ok","ok","high",,"high","true","C1","C1: Below 1.5°C with no or limited overshoot","REMIND 2.1","R2p1_SSP5-PkBudg900","47.042032315001805","28.014377821420787","24.730379289619805",,"1517.2792913999997","1.190492359730164","1.582010237046837",
"1224","R2p1-SSP5-900","REMIND 2.1","Final Energy|Electricity","EJ/yr","[object Object]",2070,34.2919,"1.582010237046837","1.190492359730164","2048","1517.2792913999997","122.5506607","-433.89028854","2049","2070","GW1","Carbon Dioxide Removal","failed","high","medium","medium","high","ok",,"ok","ok","high",,"high","true","C1","C1: Below 1.5°C with no or limited overshoot","REMIND 2.1","R2p1_SSP5-PkBudg900","47.042032315001805","28.014377821420787","24.730379289619805",,"1517.2792913999997","1.190492359730164","1.582010237046837",
"1224","R2p1-SSP5-900","REMIND 2.1","Final Energy|Electricity","EJ/yr","[object Object]",2080,38.6428,"1.582010237046837","1.190492359730164","2048","1517.2792913999997","122.5506607","-433.89028854","2049","2070","GW1","Carbon Dioxide Removal","failed","high","medium","medium","high","ok",,"ok","ok","high",,"high","true","C1","C1: Below 1.5°C with no or limited overshoot","REMIND 2.1","R2p1_SSP5-PkBudg900","47.042032315001805","28.014377821420787","24.730379289619805",,"1517.2792913999997","1.190492359730164","1.582010237046837",
"1224","R2p1-SSP5-900","REMIND 2.1","Final Energy|Electricity","EJ/yr","[object Object]",2090,44.6242,"1.582010237046837","1.190492359730164","2048","1517.2792913999997","122.5506607","-433.89028854","2049","2070","GW1","Carbon Dioxide Removal","failed","high","medium","medium","high","ok",,"ok","ok","high",,"high","true","C1","C1: Below 1.5°C with no or limited overshoot","REMIND 2.1","R2p1_SSP5-PkBudg900","47.042032315001805","28.014377821420787","24.730379289619805",,"1517.2792913999997","1.190492359730164","1.582010237046837",
"1224","R2p1-SSP5-900","REMIND 2.1","Final Energy|Electricity","EJ/yr","[object Object]",2100,49.0517,"1.582010237046837","1.190492359730164","2048","1517.2792913999997","122.5506607","-433.89028854","2049","2070","GW1","Carbon Dioxide Removal","failed","high","medium","medium","high","ok",,"ok","ok","high",,"high","true","C1","C1: Below 1.5°C with no or limited overshoot","REMIND 2.1","R2p1_SSP5-PkBudg900","47.042032315001805","28.014377821420787","24.730379289619805",,"1517.2792913999997","1.190492359730164","1.582010237046837",
"1237","PEP-1.5°C-Full-CDR-Cost-Effective","REMIND-MAgPIE 1.7-3.0","Final Energy|Electricity","EJ/yr","[object Object]",2010,10.4227,"1.593348452083682","1.147690125358138","2040","833.909371","59.09521724999994","-564.27786555","2050","2062","GW1","Carbon Dioxide Removal","failed","high","medium","medium","medium","medium",,"ok","ok","ok",,"high","true","C1","C1: Below 1.5°C with no or limited overshoot","REMIND-MAgPIE 1.7-3.0","PEP_1p5C_full_eff","52.35429198973165","30.42130083226564","15.221032587713971","9.157420518559078","833.909371","1.147690125358138","1.593348452083682",
"1237","PEP-1.5°C-Full-CDR-Cost-Effective","REMIND-MAgPIE 1.7-3.0","Final Energy|Electricity","EJ/yr","[object Object]",2015,10.4806,"1.593348452083682","1.147690125358138","2040","833.909371","59.09521724999994","-564.27786555","2050","2062","GW1","Carbon Dioxide Removal","failed","high","medium","medium","medium","medium",,"ok","ok","ok",,"high","true","C1","C1: Below 1.5°C with no or limited overshoot","REMIND-MAgPIE 1.7-3.0","PEP_1p5C_full_eff","52.35429198973165","30.42130083226564","15.221032587713971","9.157420518559078","833.909371","1.147690125358138","1.593348452083682",
"1237","PEP-1.5°C-Full-CDR-Cost-Effective","REMIND-MAgPIE 1.7-3.0","Final Energy|Electricity","EJ/yr","[object Object]",2020,11.6703,"1.593348452083682","1.147690125358138","2040","833.909371","59.09521724999994","-564.27786555","2050","2062","GW1","Carbon Dioxide Removal","failed","high","medium","medium","medium","medium",,"ok","ok","ok",,"high","true","C1","C1: Below 1.5°C with no or limited overshoot","REMIND-MAgPIE 1.7-3.0","PEP_1p5C_full_eff","52.35429198973165","30.42130083226564","15.221032587713971","9.157420518559078","833.909371","1.147690125358138","1.593348452083682",
"1237","PEP-1.5°C-Full-CDR-Cost-Effective","REMIND-MAgPIE 1.7-3.0","Final Energy|Electricity","EJ/yr","[object Object]",2025,12.6084,"1.593348452083682","1.147690125358138","2040","833.909371","59.09521724999994","-564.27786555","2050","2062","GW1","Carbon Dioxide Removal","failed","high","medium","medium","medium","medium",,"ok","ok","ok",,"high","true","C1","C1: Below 1.5°C with no or limited overshoot","REMIND-MAgPIE 1.7-3.0","PEP_1p5C_full_eff","52.35429198973165","30.42130083226564","15.221032587713971","9.157420518559078","833.909371","1.147690125358138","1.593348452083682",
"1237","PEP-1.5°C-Full-CDR-Cost-Effective","REMIND-MAgPIE 1.7-3.0","Final Energy|Electricity","EJ/yr","[object Object]",2030,14.3547,"1.593348452083682","1.147690125358138","2040","833.909371","59.09521724999994","-564.27786555","2050","2062","GW1","Carbon Dioxide Removal","failed","high","medium","medium","medium","medium",,"ok","ok","ok",,"high","true","C1","C1: Below 1.5°C with no or limited overshoot","REMIND-MAgPIE 1.7-3.0","PEP_1p5C_full_eff","52.35429198973165","30.42130083226564","15.221032587713971","9.157420518559078","833.909371","1.147690125358138","1.593348452083682",
"1237","PEP-1.5°C-Full-CDR-Cost-Effective","REMIND-MAgPIE 1.7-3.0","Final Energy|Electricity","EJ/yr","[object Object]",2035,16.929,"1.593348452083682","1.147690125358138","2040","833.909371","59.09521724999994","-564.27786555","2050","2062","GW1","Carbon Dioxide Removal","failed","high","medium","medium","medium","medium",,"ok","ok","ok",,"high","true","C1","C1: Below 1.5°C with no or limited overshoot","REMIND-MAgPIE 1.7-3.0","PEP_1p5C_full_eff","52.35429198973165","30.42130083226564","15.221032587713971","9.157420518559078","833.909371","1.147690125358138","1.593348452083682",
"1237","PEP-1.5°C-Full-CDR-Cost-Effective","REMIND-MAgPIE 1.7-3.0","Final Energy|Electricity","EJ/yr","[object Object]",2040,19.68,"1.593348452083682","1.147690125358138","2040","833.909371","59.09521724999994","-564.27786555","2050","2062","GW1","Carbon Dioxide Removal","failed","high","medium","medium","medium","medium",,"ok","ok","ok",,"high","true","C1","C1: Below 1.5°C with no or limited overshoot","REMIND-MAgPIE 1.7-3.0","PEP_1p5C_full_eff","52.35429198973165","30.42130083226564","15.221032587713971","9.157420518559078","833.909371","1.147690125358138","1.593348452083682",
"1237","PEP-1.5°C-Full-CDR-Cost-Effective","REMIND-MAgPIE 1.7-3.0","Final Energy|Electricity","EJ/yr","[object Object]",2045,22.4597,"1.593348452083682","1.147690125358138","2040","833.909371","59.09521724999994","-564.27786555","2050","2062","GW1","Carbon Dioxide Removal","failed","high","medium","medium","medium","medium",,"ok","ok","ok",,"high","true","C1","C1: Below 1.5°C with no or limited overshoot","REMIND-MAgPIE 1.7-3.0","PEP_1p5C_full_eff","52.35429198973165","30.42130083226564","15.221032587713971","9.157420518559078","833.909371","1.147690125358138","1.593348452083682",
"1237","PEP-1.5°C-Full-CDR-Cost-Effective","REMIND-MAgPIE 1.7-3.0","Final Energy|Electricity","EJ/yr","[object Object]",2050,24.7104,"1.593348452083682","1.147690125358138","2040","833.909371","59.09521724999994","-564.27786555","2050","2062","GW1","Carbon Dioxide Removal","failed","high","medium","medium","medium","medium",,"ok","ok","ok",,"high","true","C1","C1: Below 1.5°C with no or limited overshoot","REMIND-MAgPIE 1.7-3.0","PEP_1p5C_full_eff","52.35429198973165","30.42130083226564","15.221032587713971","9.157420518559078","833.909371","1.147690125358138","1.593348452083682",
"1237","PEP-1.5°C-Full-CDR-Cost-Effective","REMIND-MAgPIE 1.7-3.0","Final Energy|Electricity","EJ/yr","[object Object]",2055,26.2932,"1.593348452083682","1.147690125358138","2040","833.909371","59.09521724999994","-564.27786555","2050","2062","GW1","Carbon Dioxide Removal","failed","high","medium","medium","medium","medium",,"ok","ok","ok",,"high","true","C1","C1: Below 1.5°C with no or limited overshoot","REMIND-MAgPIE 1.7-3.0","PEP_1p5C_full_eff","52.35429198973165","30.42130083226564","15.221032587713971","9.157420518559078","833.909371","1.147690125358138","1.593348452083682",
"1237","PEP-1.5°C-Full-CDR-Cost-Effective","REMIND-MAgPIE 1.7-3.0","Final Energy|Electricity","EJ/yr","[object Object]",2060,27.557,"1.593348452083682","1.147690125358138","2040","833.909371","59.09521724999994","-564.27786555","2050","2062","GW1","Carbon Dioxide Removal","failed","high","medium","medium","medium","medium",,"ok","ok","ok",,"high","true","C1","C1: Below 1.5°C with no or limited overshoot","REMIND-MAgPIE 1.7-3.0","PEP_1p5C_full_eff","52.35429198973165","30.42130083226564","15.221032587713971","9.157420518559078","833.909371","1.147690125358138","1.593348452083682",
"1237","PEP-1.5°C-Full-CDR-Cost-Effective","REMIND-MAgPIE 1.7-3.0","Final Energy|Electricity","EJ/yr","[object Object]",2070,29.8469,"1.593348452083682","1.147690125358138","2040","833.909371","59.09521724999994","-564.27786555","2050","2062","GW1","Carbon Dioxide Removal","failed","high","medium","medium","medium","medium",,"ok","ok","ok",,"high","true","C1","C1: Below 1.5°C with no or limited overshoot","REMIND-MAgPIE 1.7-3.0","PEP_1p5C_full_eff","52.35429198973165","30.42130083226564","15.221032587713971","9.157420518559078","833.909371","1.147690125358138","1.593348452083682",
"1237","PEP-1.5°C-Full-CDR-Cost-Effective","REMIND-MAgPIE 1.7-3.0","Final Energy|Electricity","EJ/yr","[object Object]",2080,33.094,"1.593348452083682","1.147690125358138","2040","833.909371","59.09521724999994","-564.27786555","2050","2062","GW1","Carbon Dioxide Removal","failed","high","medium","medium","medium","medium",,"ok","ok","ok",,"high","true","C1","C1: Below 1.5°C with no or limited overshoot","REMIND-MAgPIE 1.7-3.0","PEP_1p5C_full_eff","52.35429198973165","30.42130083226564","15.221032587713971","9.157420518559078","833.909371","1.147690125358138","1.593348452083682",
"1237","PEP-1.5°C-Full-CDR-Cost-Effective","REMIND-MAgPIE 1.7-3.0","Final Energy|Electricity","EJ/yr","[object Object]",2090,36.0137,"1.593348452083682","1.147690125358138","2040","833.909371","59.09521724999994","-564.27786555","2050","2062","GW1","Carbon Dioxide Removal","failed","high","medium","medium","medium","medium",,"ok","ok","ok",,"high","true","C1","C1: Below 1.5°C with no or limited overshoot","REMIND-MAgPIE 1.7-3.0","PEP_1p5C_full_eff","52.35429198973165","30.42130083226564","15.221032587713971","9.157420518559078","833.909371","1.147690125358138","1.593348452083682",
"1237","PEP-1.5°C-Full-CDR-Cost-Effective","REMIND-MAgPIE 1.7-3.0","Final Energy|Electricity","EJ/yr","[object Object]",2100,39.4481,"1.593348452083682","1.147690125358138","2040","833.909371","59.09521724999994","-564.27786555","2050","2062","GW1","Carbon Dioxide Removal","failed","high","medium","medium","medium","medium",,"ok","ok","ok",,"high","true","C1","C1: Below 1.5°C with no or limited overshoot","REMIND-MAgPIE 1.7-3.0","PEP_1p5C_full_eff","52.35429198973165","30.42130083226564","15.221032587713971","9.157420518559078","833.909371","1.147690125358138","1.593348452083682",
"1241","PEP-1.5°C-Reduced-CDR-Cost-Effective","REMIND-MAgPIE 1.7-3.0","Final Energy|Electricity","EJ/yr","[object Object]",2010,10.4227,"1.499776580238358","1.126001764567997","2036","546.653238","47.46844209999996","-343.0653110999999","2039",,"GW0","Rapid Fossil-Fuel Phase-Out","failed","high","medium","medium","high","high",,"ok","ok","ok",,"medium","true","C1","C1: Below 1.5°C with no or limited overshoot","REMIND-MAgPIE 1.7-3.0","PEP_1p5C_red_eff","74.67091139137179","13.491530957920084","9.843679849802049","7.771942064834079","546.653238","1.126001764567997","1.499776580238358",
"1241","PEP-1.5°C-Reduced-CDR-Cost-Effective","REMIND-MAgPIE 1.7-3.0","Final Energy|Electricity","EJ/yr","[object Object]",2015,10.4806,"1.499776580238358","1.126001764567997","2036","546.653238","47.46844209999996","-343.0653110999999","2039",,"GW0","Rapid Fossil-Fuel Phase-Out","failed","high","medium","medium","high","high",,"ok","ok","ok",,"medium","true","C1","C1: Below 1.5°C with no or limited overshoot","REMIND-MAgPIE 1.7-3.0","PEP_1p5C_red_eff","74.67091139137179","13.491530957920084","9.843679849802049","7.771942064834079","546.653238","1.126001764567997","1.499776580238358",
"1241","PEP-1.5°C-Reduced-CDR-Cost-Effective","REMIND-MAgPIE 1.7-3.0","Final Energy|Electricity","EJ/yr","[object Object]",2020,11.6703,"1.499776580238358","1.126001764567997","2036","546.653238","47.46844209999996","-343.0653110999999","2039",,"GW0","Rapid Fossil-Fuel Phase-Out","failed","high","medium","medium","high","high",,"ok","ok","ok",,"medium","true","C1","C1: Below 1.5°C with no or limited overshoot","REMIND-MAgPIE 1.7-3.0","PEP_1p5C_red_eff","74.67091139137179","13.491530957920084","9.843679849802049","7.771942064834079","546.653238","1.126001764567997","1.499776580238358",
"1241","PEP-1.5°C-Reduced-CDR-Cost-Effective","REMIND-MAgPIE 1.7-3.0","Final Energy|Electricity","EJ/yr","[object Object]",2025,12.0881,"1.499776580238358","1.126001764567997","2036","546.653238","47.46844209999996","-343.0653110999999","2039",,"GW0","Rapid Fossil-Fuel Phase-Out","failed","high","medium","medium","high","high",,"ok","ok","ok",,"medium","true","C1","C1: Below 1.5°C with no or limited overshoot","REMIND-MAgPIE 1.7-3.0","PEP_1p5C_red_eff","74.67091139137179","13.491530957920084","9.843679849802049","7.771942064834079","546.653238","1.126001764567997","1.499776580238358",
"1241","PEP-1.5°C-Reduced-CDR-Cost-Effective","REMIND-MAgPIE 1.7-3.0","Final Energy|Electricity","EJ/yr","[object Object]",2030,14.8133,"1.499776580238358","1.126001764567997","2036","546.653238","47.46844209999996","-343.0653110999999","2039",,"GW0","Rapid Fossil-Fuel Phase-Out","failed","high","medium","medium","high","high",,"ok","ok","ok",,"medium","true","C1","C1: Below 1.5°C with no or limited overshoot","REMIND-MAgPIE 1.7-3.0","PEP_1p5C_red_eff","74.67091139137179","13.491530957920084","9.843679849802049","7.771942064834079","546.653238","1.126001764567997","1.499776580238358",
"1241","PEP-1.5°C-Reduced-CDR-Cost-Effective","REMIND-MAgPIE 1.7-3.0","Final Energy|Electricity","EJ/yr","[object Object]",2035,19.0687,"1.499776580238358","1.126001764567997","2036","546.653238","47.46844209999996","-343.0653110999999","2039",,"GW0","Rapid Fossil-Fuel Phase-Out","failed","high","medium","medium","high","high",,"ok","ok","ok",,"medium","true","C1","C1: Below 1.5°C with no or limited overshoot","REMIND-MAgPIE 1.7-3.0","PEP_1p5C_red_eff","74.67091139137179","13.491530957920084","9.843679849802049","7.771942064834079","546.653238","1.126001764567997","1.499776580238358",
"1241","PEP-1.5°C-Reduced-CDR-Cost-Effective","REMIND-MAgPIE 1.7-3.0","Final Energy|Electricity","EJ/yr","[object Object]",2040,23.225,"1.499776580238358","1.126001764567997","2036","546.653238","47.46844209999996","-343.0653110999999","2039",,"GW0","Rapid Fossil-Fuel Phase-Out","failed","high","medium","medium","high","high",,"ok","ok","ok",,"medium","true","C1","C1: Below 1.5°C with no or limited overshoot","REMIND-MAgPIE 1.7-3.0","PEP_1p5C_red_eff","74.67091139137179","13.491530957920084","9.843679849802049","7.771942064834079","546.653238","1.126001764567997","1.499776580238358",
"1241","PEP-1.5°C-Reduced-CDR-Cost-Effective","REMIND-MAgPIE 1.7-3.0","Final Energy|Electricity","EJ/yr","[object Object]",2045,26.9309,"1.499776580238358","1.126001764567997","2036","546.653238","47.46844209999996","-343.0653110999999","2039",,"GW0","Rapid Fossil-Fuel Phase-Out","failed","high","medium","medium","high","high",,"ok","ok","ok",,"medium","true","C1","C1: Below 1.5°C with no or limited overshoot","REMIND-MAgPIE 1.7-3.0","PEP_1p5C_red_eff","74.67091139137179","13.491530957920084","9.843679849802049","7.771942064834079","546.653238","1.126001764567997","1.499776580238358",
"1241","PEP-1.5°C-Reduced-CDR-Cost-Effective","REMIND-MAgPIE 1.7-3.0","Final Energy|Electricity","EJ/yr","[object Object]",2050,29.639,"1.499776580238358","1.126001764567997","2036","546.653238","47.46844209999996","-343.0653110999999","2039",,"GW0","Rapid Fossil-Fuel Phase-Out","failed","high","medium","medium","high","high",,"ok","ok","ok",,"medium","true","C1","C1: Below 1.5°C with no or limited overshoot","REMIND-MAgPIE 1.7-3.0","PEP_1p5C_red_eff","74.67091139137179","13.491530957920084","9.843679849802049","7.771942064834079","546.653238","1.126001764567997","1.499776580238358",
"1241","PEP-1.5°C-Reduced-CDR-Cost-Effective","REMIND-MAgPIE 1.7-3.0","Final Energy|Electricity","EJ/yr","[object Object]",2055,31.3257,"1.499776580238358","1.126001764567997","2036","546.653238","47.46844209999996","-343.0653110999999","2039",,"GW0","Rapid Fossil-Fuel Phase-Out","failed","high","medium","medium","high","high",,"ok","ok","ok",,"medium","true","C1","C1: Below 1.5°C with no or limited overshoot","REMIND-MAgPIE 1.7-3.0","PEP_1p5C_red_eff","74.67091139137179","13.491530957920084","9.843679849802049","7.771942064834079","546.653238","1.126001764567997","1.499776580238358",
"1241","PEP-1.5°C-Reduced-CDR-Cost-Effective","REMIND-MAgPIE 1.7-3.0","Final Energy|Electricity","EJ/yr","[object Object]",2060,32.6284,"1.499776580238358","1.126001764567997","2036","546.653238","47.46844209999996","-343.0653110999999","2039",,"GW0","Rapid Fossil-Fuel Phase-Out","failed","high","medium","medium","high","high",,"ok","ok","ok",,"medium","true","C1","C1: Below 1.5°C with no or limited overshoot","REMIND-MAgPIE 1.7-3.0","PEP_1p5C_red_eff","74.67091139137179","13.491530957920084","9.843679849802049","7.771942064834079","546.653238","1.126001764567997","1.499776580238358",
"1241","PEP-1.5°C-Reduced-CDR-Cost-Effective","REMIND-MAgPIE 1.7-3.0","Final Energy|Electricity","EJ/yr","[object Object]",2070,36.2655,"1.499776580238358","1.126001764567997","2036","546.653238","47.46844209999996","-343.0653110999999","2039",,"GW0","Rapid Fossil-Fuel Phase-Out","failed","high","medium","medium","high","high",,"ok","ok","ok",,"medium","true","C1","C1: Below 1.5°C with no or limited overshoot","REMIND-MAgPIE 1.7-3.0","PEP_1p5C_red_eff","74.67091139137179","13.491530957920084","9.843679849802049","7.771942064834079","546.653238","1.126001764567997","1.499776580238358",
"1241","PEP-1.5°C-Reduced-CDR-Cost-Effective","REMIND-MAgPIE 1.7-3.0","Final Energy|Electricity","EJ/yr","[object Object]",2080,41.0133,"1.499776580238358","1.126001764567997","2036","546.653238","47.46844209999996","-343.0653110999999","2039",,"GW0","Rapid Fossil-Fuel Phase-Out","failed","high","medium","medium","high","high",,"ok","ok","ok",,"medium","true","C1","C1: Below 1.5°C with no or limited overshoot","REMIND-MAgPIE 1.7-3.0","PEP_1p5C_red_eff","74.67091139137179","13.491530957920084","9.843679849802049","7.771942064834079","546.653238","1.126001764567997","1.499776580238358",
"1241","PEP-1.5°C-Reduced-CDR-Cost-Effective","REMIND-MAgPIE 1.7-3.0","Final Energy|Electricity","EJ/yr","[object Object]",2090,44.949,"1.499776580238358","1.126001764567997","2036","546.653238","47.46844209999996","-343.0653110999999","2039",,"GW0","Rapid Fossil-Fuel Phase-Out","failed","high","medium","medium","high","high",,"ok","ok","ok",,"medium","true","C1","C1: Below 1.5°C with no or limited overshoot","REMIND-MAgPIE 1.7-3.0","PEP_1p5C_red_eff","74.67091139137179","13.491530957920084","9.843679849802049","7.771942064834079","546.653238","1.126001764567997","1.499776580238358",
"1241","PEP-1.5°C-Reduced-CDR-Cost-Effective","REMIND-MAgPIE 1.7-3.0","Final Energy|Electricity","EJ/yr","[object Object]",2100,49.0109,"1.499776580238358","1.126001764567997","2036","546.653238","47.46844209999996","-343.0653110999999","2039",,"GW0","Rapid Fossil-Fuel Phase-Out","failed","high","medium","medium","high","high",,"ok","ok","ok",,"medium","true","C1","C1: Below 1.5°C with no or limited overshoot","REMIND-MAgPIE 1.7-3.0","PEP_1p5C_red_eff","74.67091139137179","13.491530957920084","9.843679849802049","7.771942064834079","546.653238","1.126001764567997","1.499776580238358",
"1246","PEP-2°C-Reduced-CDR-Cost-Effective","REMIND-MAgPIE 1.7-3.0","Final Energy|Electricity","EJ/yr","[object Object]",2010,10.4227,"1.598335163160355","1.404962673466711","2048","457.73960300000005","656.9008508","-19.161028","2063",,"GW1","Rapid Fossil-Fuel Phase-Out","failed","high","medium","medium","medium","medium",,"ok","ok","ok",,"medium","true","C1","C1: Below 1.5°C with no or limited overshoot","REMIND-MAgPIE 1.7-3.0","PEP_2C_red_eff","55.04137394652625","33.53010926801902","9.618805064324057","7.764901554399799","457.73960300000005","1.404962673466711","1.598335163160355",
"1246","PEP-2°C-Reduced-CDR-Cost-Effective","REMIND-MAgPIE 1.7-3.0","Final Energy|Electricity","EJ/yr","[object Object]",2015,10.4806,"1.598335163160355","1.404962673466711","2048","457.73960300000005","656.9008508","-19.161028","2063",,"GW1","Rapid Fossil-Fuel Phase-Out","failed","high","medium","medium","medium","medium",,"ok","ok","ok",,"medium","true","C1","C1: Below 1.5°C with no or limited overshoot","REMIND-MAgPIE 1.7-3.0","PEP_2C_red_eff","55.04137394652625","33.53010926801902","9.618805064324057","7.764901554399799","457.73960300000005","1.404962673466711","1.598335163160355",
"1246","PEP-2°C-Reduced-CDR-Cost-Effective","REMIND-MAgPIE 1.7-3.0","Final Energy|Electricity","EJ/yr","[object Object]",2020,11.6703,"1.598335163160355","1.404962673466711","2048","457.73960300000005","656.9008508","-19.161028","2063",,"GW1","Rapid Fossil-Fuel Phase-Out","failed","high","medium","medium","medium","medium",,"ok","ok","ok",,"medium","true","C1","C1: Below 1.5°C with no or limited overshoot","REMIND-MAgPIE 1.7-3.0","PEP_2C_red_eff","55.04137394652625","33.53010926801902","9.618805064324057","7.764901554399799","457.73960300000005","1.404962673466711","1.598335163160355",
"1246","PEP-2°C-Reduced-CDR-Cost-Effective","REMIND-MAgPIE 1.7-3.0","Final Energy|Electricity","EJ/yr","[object Object]",2025,12.5216,"1.598335163160355","1.404962673466711","2048","457.73960300000005","656.9008508","-19.161028","2063",,"GW1","Rapid Fossil-Fuel Phase-Out","failed","high","medium","medium","medium","medium",,"ok","ok","ok",,"medium","true","C1","C1: Below 1.5°C with no or limited overshoot","REMIND-MAgPIE 1.7-3.0","PEP_2C_red_eff","55.04137394652625","33.53010926801902","9.618805064324057","7.764901554399799","457.73960300000005","1.404962673466711","1.598335163160355",
"1246","PEP-2°C-Reduced-CDR-Cost-Effective","REMIND-MAgPIE 1.7-3.0","Final Energy|Electricity","EJ/yr","[object Object]",2030,14.1453,"1.598335163160355","1.404962673466711","2048","457.73960300000005","656.9008508","-19.161028","2063",,"GW1","Rapid Fossil-Fuel Phase-Out","failed","high","medium","medium","medium","medium",,"ok","ok","ok",,"medium","true","C1","C1: Below 1.5°C with no or limited overshoot","REMIND-MAgPIE 1.7-3.0","PEP_2C_red_eff","55.04137394652625","33.53010926801902","9.618805064324057","7.764901554399799","457.73960300000005","1.404962673466711","1.598335163160355",
"1246","PEP-2°C-Reduced-CDR-Cost-Effective","REMIND-MAgPIE 1.7-3.0","Final Energy|Electricity","EJ/yr","[object Object]",2035,16.6315,"1.598335163160355","1.404962673466711","2048","457.73960300000005","656.9008508","-19.161028","2063",,"GW1","Rapid Fossil-Fuel Phase-Out","failed","high","medium","medium","medium","medium",,"ok","ok","ok",,"medium","true","C1","C1: Below 1.5°C with no or limited overshoot","REMIND-MAgPIE 1.7-3.0","PEP_2C_red_eff","55.04137394652625","33.53010926801902","9.618805064324057","7.764901554399799","457.73960300000005","1.404962673466711","1.598335163160355",
"1246","PEP-2°C-Reduced-CDR-Cost-Effective","REMIND-MAgPIE 1.7-3.0","Final Energy|Electricity","EJ/yr","[object Object]",2040,19.435,"1.598335163160355","1.404962673466711","2048","457.73960300000005","656.9008508","-19.161028","2063",,"GW1","Rapid Fossil-Fuel Phase-Out","failed","high","medium","medium","medium","medium",,"ok","ok","ok",,"medium","true","C1","C1: Below 1.5°C with no or limited overshoot","REMIND-MAgPIE 1.7-3.0","PEP_2C_red_eff","55.04137394652625","33.53010926801902","9.618805064324057","7.764901554399799","457.73960300000005","1.404962673466711","1.598335163160355",
"1246","PEP-2°C-Reduced-CDR-Cost-Effective","REMIND-MAgPIE 1.7-3.0","Final Energy|Electricity","EJ/yr","[object Object]",2045,22.3387,"1.598335163160355","1.404962673466711","2048","457.73960300000005","656.9008508","-19.161028","2063",,"GW1","Rapid Fossil-Fuel Phase-Out","failed","high","medium","medium","medium","medium",,"ok","ok","ok",,"medium","true","C1","C1: Below 1.5°C with no or limited overshoot","REMIND-MAgPIE 1.7-3.0","PEP_2C_red_eff","55.04137394652625","33.53010926801902","9.618805064324057","7.764901554399799","457.73960300000005","1.404962673466711","1.598335163160355",
"1246","PEP-2°C-Reduced-CDR-Cost-Effective","REMIND-MAgPIE 1.7-3.0","Final Energy|Electricity","EJ/yr","[object Object]",2050,24.7786,"1.598335163160355","1.404962673466711","2048","457.73960300000005","656.9008508","-19.161028","2063",,"GW1","Rapid Fossil-Fuel Phase-Out","failed","high","medium","medium","medium","medium",,"ok","ok","ok",,"medium","true","C1","C1: Below 1.5°C with no or limited overshoot","REMIND-MAgPIE 1.7-3.0","PEP_2C_red_eff","55.04137394652625","33.53010926801902","9.618805064324057","7.764901554399799","457.73960300000005","1.404962673466711","1.598335163160355",
"1246","PEP-2°C-Reduced-CDR-Cost-Effective","REMIND-MAgPIE 1.7-3.0","Final Energy|Electricity","EJ/yr","[object Object]",2055,26.29300000000001,"1.598335163160355","1.404962673466711","2048","457.73960300000005","656.9008508","-19.161028","2063",,"GW1","Rapid Fossil-Fuel Phase-Out","failed","high","medium","medium","medium","medium",,"ok","ok","ok",,"medium","true","C1","C1: Below 1.5°C with no or limited overshoot","REMIND-MAgPIE 1.7-3.0","PEP_2C_red_eff","55.04137394652625","33.53010926801902","9.618805064324057","7.764901554399799","457.73960300000005","1.404962673466711","1.598335163160355",
"1246","PEP-2°C-Reduced-CDR-Cost-Effective","REMIND-MAgPIE 1.7-3.0","Final Energy|Electricity","EJ/yr","[object Object]",2060,27.3626,"1.598335163160355","1.404962673466711","2048","457.73960300000005","656.9008508","-19.161028","2063",,"GW1","Rapid Fossil-Fuel Phase-Out","failed","high","medium","medium","medium","medium",,"ok","ok","ok",,"medium","true","C1","C1: Below 1.5°C with no or limited overshoot","REMIND-MAgPIE 1.7-3.0","PEP_2C_red_eff","55.04137394652625","33.53010926801902","9.618805064324057","7.764901554399799","457.73960300000005","1.404962673466711","1.598335163160355",
"1246","PEP-2°C-Reduced-CDR-Cost-Effective","REMIND-MAgPIE 1.7-3.0","Final Energy|Electricity","EJ/yr","[object Object]",2070,29.7973,"1.598335163160355","1.404962673466711","2048","457.73960300000005","656.9008508","-19.161028","2063",,"GW1","Rapid Fossil-Fuel Phase-Out","failed","high","medium","medium","medium","medium",,"ok","ok","ok",,"medium","true","C1","C1: Below 1.5°C with no or limited overshoot","REMIND-MAgPIE 1.7-3.0","PEP_2C_red_eff","55.04137394652625","33.53010926801902","9.618805064324057","7.764901554399799","457.73960300000005","1.404962673466711","1.598335163160355",
"1246","PEP-2°C-Reduced-CDR-Cost-Effective","REMIND-MAgPIE 1.7-3.0","Final Energy|Electricity","EJ/yr","[object Object]",2080,33.3587,"1.598335163160355","1.404962673466711","2048","457.73960300000005","656.9008508","-19.161028","2063",,"GW1","Rapid Fossil-Fuel Phase-Out","failed","high","medium","medium","medium","medium",,"ok","ok","ok",,"medium","true","C1","C1: Below 1.5°C with no or limited overshoot","REMIND-MAgPIE 1.7-3.0","PEP_2C_red_eff","55.04137394652625","33.53010926801902","9.618805064324057","7.764901554399799","457.73960300000005","1.404962673466711","1.598335163160355",
"1246","PEP-2°C-Reduced-CDR-Cost-Effective","REMIND-MAgPIE 1.7-3.0","Final Energy|Electricity","EJ/yr","[object Object]",2090,36.3181,"1.598335163160355","1.404962673466711","2048","457.73960300000005","656.9008508","-19.161028","2063",,"GW1","Rapid Fossil-Fuel Phase-Out","failed","high","medium","medium","medium","medium",,"ok","ok","ok",,"medium","true","C1","C1: Below 1.5°C with no or limited overshoot","REMIND-MAgPIE 1.7-3.0","PEP_2C_red_eff","55.04137394652625","33.53010926801902","9.618805064324057","7.764901554399799","457.73960300000005","1.404962673466711","1.598335163160355",
"1246","PEP-2°C-Reduced-CDR-Cost-Effective","REMIND-MAgPIE 1.7-3.0","Final Energy|Electricity","EJ/yr","[object Object]",2100,39.9417,"1.598335163160355","1.404962673466711","2048","457.73960300000005","656.9008508","-19.161028","2063",,"GW1","Rapid Fossil-Fuel Phase-Out","failed","high","medium","medium","medium","medium",,"ok","ok","ok",,"medium","true","C1","C1: Below 1.5°C with no or limited overshoot","REMIND-MAgPIE 1.7-3.0","PEP_2C_red_eff","55.04137394652625","33.53010926801902","9.618805064324057","7.764901554399799","457.73960300000005","1.404962673466711","1.598335163160355",
"1255","SusDev-SDP-1000","REMIND-MAgPIE 2.1-4.2","Final Energy|Electricity","EJ/yr","[object Object]",2010,10.467,"1.55388288492077","1.168625722853322","2038","181.08875815000002","585.1398322000002","-72.12874246","2069","2091","GW1","Low Demand and Decarbonization","failed","medium","ok","ok","medium","medium",,"ok","ok","ok",,"medium","true","C1","C1: Below 1.5°C with no or limited overshoot","REMIND-MAgPIE 2.1-4.2","SusDev_SDP-PkBudg1000","49.898283626109595","7.504280144445882","42.44637230782511","9.138677184340082","181.08875815000002","1.168625722853322","1.55388288492077",
"1255","SusDev-SDP-1000","REMIND-MAgPIE 2.1-4.2","Final Energy|Electricity","EJ/yr","[object Object]",2015,9.7729,"1.55388288492077","1.168625722853322","2038","181.08875815000002","585.1398322000002","-72.12874246","2069","2091","GW1","Low Demand and Decarbonization","failed","medium","ok","ok","medium","medium",,"ok","ok","ok",,"medium","true","C1","C1: Below 1.5°C with no or limited overshoot","REMIND-MAgPIE 2.1-4.2","SusDev_SDP-PkBudg1000","49.898283626109595","7.504280144445882","42.44637230782511","9.138677184340082","181.08875815000002","1.168625722853322","1.55388288492077",
"1255","SusDev-SDP-1000","REMIND-MAgPIE 2.1-4.2","Final Energy|Electricity","EJ/yr","[object Object]",2020,10.3976,"1.55388288492077","1.168625722853322","2038","181.08875815000002","585.1398322000002","-72.12874246","2069","2091","GW1","Low Demand and Decarbonization","failed","medium","ok","ok","medium","medium",,"ok","ok","ok",,"medium","true","C1","C1: Below 1.5°C with no or limited overshoot","REMIND-MAgPIE 2.1-4.2","SusDev_SDP-PkBudg1000","49.898283626109595","7.504280144445882","42.44637230782511","9.138677184340082","181.08875815000002","1.168625722853322","1.55388288492077",
"1255","SusDev-SDP-1000","REMIND-MAgPIE 2.1-4.2","Final Energy|Electricity","EJ/yr","[object Object]",2025,10.2768,"1.55388288492077","1.168625722853322","2038","181.08875815000002","585.1398322000002","-72.12874246","2069","2091","GW1","Low Demand and Decarbonization","failed","medium","ok","ok","medium","medium",,"ok","ok","ok",,"medium","true","C1","C1: Below 1.5°C with no or limited overshoot","REMIND-MAgPIE 2.1-4.2","SusDev_SDP-PkBudg1000","49.898283626109595","7.504280144445882","42.44637230782511","9.138677184340082","181.08875815000002","1.168625722853322","1.55388288492077",
"1255","SusDev-SDP-1000","REMIND-MAgPIE 2.1-4.2","Final Energy|Electricity","EJ/yr","[object Object]",2030,11.1455,"1.55388288492077","1.168625722853322","2038","181.08875815000002","585.1398322000002","-72.12874246","2069","2091","GW1","Low Demand and Decarbonization","failed","medium","ok","ok","medium","medium",,"ok","ok","ok",,"medium","true","C1","C1: Below 1.5°C with no or limited overshoot","REMIND-MAgPIE 2.1-4.2","SusDev_SDP-PkBudg1000","49.898283626109595","7.504280144445882","42.44637230782511","9.138677184340082","181.08875815000002","1.168625722853322","1.55388288492077",
"1255","SusDev-SDP-1000","REMIND-MAgPIE 2.1-4.2","Final Energy|Electricity","EJ/yr","[object Object]",2035,12.7052,"1.55388288492077","1.168625722853322","2038","181.08875815000002","585.1398322000002","-72.12874246","2069","2091","GW1","Low Demand and Decarbonization","failed","medium","ok","ok","medium","medium",,"ok","ok","ok",,"medium","true","C1","C1: Below 1.5°C with no or limited overshoot","REMIND-MAgPIE 2.1-4.2","SusDev_SDP-PkBudg1000","49.898283626109595","7.504280144445882","42.44637230782511","9.138677184340082","181.08875815000002","1.168625722853322","1.55388288492077",
"1255","SusDev-SDP-1000","REMIND-MAgPIE 2.1-4.2","Final Energy|Electricity","EJ/yr","[object Object]",2040,13.9812,"1.55388288492077","1.168625722853322","2038","181.08875815000002","585.1398322000002","-72.12874246","2069","2091","GW1","Low Demand and Decarbonization","failed","medium","ok","ok","medium","medium",,"ok","ok","ok",,"medium","true","C1","C1: Below 1.5°C with no or limited overshoot","REMIND-MAgPIE 2.1-4.2","SusDev_SDP-PkBudg1000","49.898283626109595","7.504280144445882","42.44637230782511","9.138677184340082","181.08875815000002","1.168625722853322","1.55388288492077",
"1255","SusDev-SDP-1000","REMIND-MAgPIE 2.1-4.2","Final Energy|Electricity","EJ/yr","[object Object]",2045,14.5887,"1.55388288492077","1.168625722853322","2038","181.08875815000002","585.1398322000002","-72.12874246","2069","2091","GW1","Low Demand and Decarbonization","failed","medium","ok","ok","medium","medium",,"ok","ok","ok",,"medium","true","C1","C1: Below 1.5°C with no or limited overshoot","REMIND-MAgPIE 2.1-4.2","SusDev_SDP-PkBudg1000","49.898283626109595","7.504280144445882","42.44637230782511","9.138677184340082","181.08875815000002","1.168625722853322","1.55388288492077",
"1255","SusDev-SDP-1000","REMIND-MAgPIE 2.1-4.2","Final Energy|Electricity","EJ/yr","[object Object]",2050,14.494,"1.55388288492077","1.168625722853322","2038","181.08875815000002","585.1398322000002","-72.12874246","2069","2091","GW1","Low Demand and Decarbonization","failed","medium","ok","ok","medium","medium",,"ok","ok","ok",,"medium","true","C1","C1: Below 1.5°C with no or limited overshoot","REMIND-MAgPIE 2.1-4.2","SusDev_SDP-PkBudg1000","49.898283626109595","7.504280144445882","42.44637230782511","9.138677184340082","181.08875815000002","1.168625722853322","1.55388288492077",
"1255","SusDev-SDP-1000","REMIND-MAgPIE 2.1-4.2","Final Energy|Electricity","EJ/yr","[object Object]",2055,13.7764,"1.55388288492077","1.168625722853322","2038","181.08875815000002","585.1398322000002","-72.12874246","2069","2091","GW1","Low Demand and Decarbonization","failed","medium","ok","ok","medium","medium",,"ok","ok","ok",,"medium","true","C1","C1: Below 1.5°C with no or limited overshoot","REMIND-MAgPIE 2.1-4.2","SusDev_SDP-PkBudg1000","49.898283626109595","7.504280144445882","42.44637230782511","9.138677184340082","181.08875815000002","1.168625722853322","1.55388288492077",
"1255","SusDev-SDP-1000","REMIND-MAgPIE 2.1-4.2","Final Energy|Electricity","EJ/yr","[object Object]",2060,13.0074,"1.55388288492077","1.168625722853322","2038","181.08875815000002","585.1398322000002","-72.12874246","2069","2091","GW1","Low Demand and Decarbonization","failed","medium","ok","ok","medium","medium",,"ok","ok","ok",,"medium","true","C1","C1: Below 1.5°C with no or limited overshoot","REMIND-MAgPIE 2.1-4.2","SusDev_SDP-PkBudg1000","49.898283626109595","7.504280144445882","42.44637230782511","9.138677184340082","181.08875815000002","1.168625722853322","1.55388288492077",
"1255","SusDev-SDP-1000","REMIND-MAgPIE 2.1-4.2","Final Energy|Electricity","EJ/yr","[object Object]",2070,12.8284,"1.55388288492077","1.168625722853322","2038","181.08875815000002","585.1398322000002","-72.12874246","2069","2091","GW1","Low Demand and Decarbonization","failed","medium","ok","ok","medium","medium",,"ok","ok","ok",,"medium","true","C1","C1: Below 1.5°C with no or limited overshoot","REMIND-MAgPIE 2.1-4.2","SusDev_SDP-PkBudg1000","49.898283626109595","7.504280144445882","42.44637230782511","9.138677184340082","181.08875815000002","1.168625722853322","1.55388288492077",
"1255","SusDev-SDP-1000","REMIND-MAgPIE 2.1-4.2","Final Energy|Electricity","EJ/yr","[object Object]",2080,13.1502,"1.55388288492077","1.168625722853322","2038","181.08875815000002","585.1398322000002","-72.12874246","2069","2091","GW1","Low Demand and Decarbonization","failed","medium","ok","ok","medium","medium",,"ok","ok","ok",,"medium","true","C1","C1: Below 1.5°C with no or limited overshoot","REMIND-MAgPIE 2.1-4.2","SusDev_SDP-PkBudg1000","49.898283626109595","7.504280144445882","42.44637230782511","9.138677184340082","181.08875815000002","1.168625722853322","1.55388288492077",
"1255","SusDev-SDP-1000","REMIND-MAgPIE 2.1-4.2","Final Energy|Electricity","EJ/yr","[object Object]",2090,12.6229,"1.55388288492077","1.168625722853322","2038","181.08875815000002","585.1398322000002","-72.12874246","2069","2091","GW1","Low Demand and Decarbonization","failed","medium","ok","ok","medium","medium",,"ok","ok","ok",,"medium","true","C1","C1: Below 1.5°C with no or limited overshoot","REMIND-MAgPIE 2.1-4.2","SusDev_SDP-PkBudg1000","49.898283626109595","7.504280144445882","42.44637230782511","9.138677184340082","181.08875815000002","1.168625722853322","1.55388288492077",
"1255","SusDev-SDP-1000","REMIND-MAgPIE 2.1-4.2","Final Energy|Electricity","EJ/yr","[object Object]",2100,12.3842,"1.55388288492077","1.168625722853322","2038","181.08875815000002","585.1398322000002","-72.12874246","2069","2091","GW1","Low Demand and Decarbonization","failed","medium","ok","ok","medium","medium",,"ok","ok","ok",,"medium","true","C1","C1: Below 1.5°C with no or limited overshoot","REMIND-MAgPIE 2.1-4.2","SusDev_SDP-PkBudg1000","49.898283626109595","7.504280144445882","42.44637230782511","9.138677184340082","181.08875815000002","1.168625722853322","1.55388288492077",
"1257","SusDev-SSP1-900","REMIND-MAgPIE 2.1-4.2","Final Energy|Electricity","EJ/yr","[object Object]",2010,10.467,"1.580870829502971","1.175782916250483","2048","446.17200714999996","308.7478273000001","-248.2596597","2055","2075","GW1","Rapid Fossil-Fuel Phase-Out","failed","high","medium","ok","medium","medium",,"ok","ok","ok",,"medium","true","C1","C1: Below 1.5°C with no or limited overshoot","REMIND-MAgPIE 2.1-4.2","SusDev_SSP1-PkBudg900","55.43304462081725","13.877040350512775","30.580017486993444","6.096887501579971","446.17200714999996","1.175782916250483","1.580870829502971",
"1257","SusDev-SSP1-900","REMIND-MAgPIE 2.1-4.2","Final Energy|Electricity","EJ/yr","[object Object]",2015,9.7729,"1.580870829502971","1.175782916250483","2048","446.17200714999996","308.7478273000001","-248.2596597","2055","2075","GW1","Rapid Fossil-Fuel Phase-Out","failed","high","medium","ok","medium","medium",,"ok","ok","ok",,"medium","true","C1","C1: Below 1.5°C with no or limited overshoot","REMIND-MAgPIE 2.1-4.2","SusDev_SSP1-PkBudg900","55.43304462081725","13.877040350512775","30.580017486993444","6.096887501579971","446.17200714999996","1.175782916250483","1.580870829502971",
"1257","SusDev-SSP1-900","REMIND-MAgPIE 2.1-4.2","Final Energy|Electricity","EJ/yr","[object Object]",2020,10.3976,"1.580870829502971","1.175782916250483","2048","446.17200714999996","308.7478273000001","-248.2596597","2055","2075","GW1","Rapid Fossil-Fuel Phase-Out","failed","high","medium","ok","medium","medium",,"ok","ok","ok",,"medium","true","C1","C1: Below 1.5°C with no or limited overshoot","REMIND-MAgPIE 2.1-4.2","SusDev_SSP1-PkBudg900","55.43304462081725","13.877040350512775","30.580017486993444","6.096887501579971","446.17200714999996","1.175782916250483","1.580870829502971",
"1257","SusDev-SSP1-900","REMIND-MAgPIE 2.1-4.2","Final Energy|Electricity","EJ/yr","[object Object]",2025,10.2659,"1.580870829502971","1.175782916250483","2048","446.17200714999996","308.7478273000001","-248.2596597","2055","2075","GW1","Rapid Fossil-Fuel Phase-Out","failed","high","medium","ok","medium","medium",,"ok","ok","ok",,"medium","true","C1","C1: Below 1.5°C with no or limited overshoot","REMIND-MAgPIE 2.1-4.2","SusDev_SSP1-PkBudg900","55.43304462081725","13.877040350512775","30.580017486993444","6.096887501579971","446.17200714999996","1.175782916250483","1.580870829502971",
"1257","SusDev-SSP1-900","REMIND-MAgPIE 2.1-4.2","Final Energy|Electricity","EJ/yr","[object Object]",2030,11.7636,"1.580870829502971","1.175782916250483","2048","446.17200714999996","308.7478273000001","-248.2596597","2055","2075","GW1","Rapid Fossil-Fuel Phase-Out","failed","high","medium","ok","medium","medium",,"ok","ok","ok",,"medium","true","C1","C1: Below 1.5°C with no or limited overshoot","REMIND-MAgPIE 2.1-4.2","SusDev_SSP1-PkBudg900","55.43304462081725","13.877040350512775","30.580017486993444","6.096887501579971","446.17200714999996","1.175782916250483","1.580870829502971",
"1257","SusDev-SSP1-900","REMIND-MAgPIE 2.1-4.2","Final Energy|Electricity","EJ/yr","[object Object]",2035,14.1159,"1.580870829502971","1.175782916250483","2048","446.17200714999996","308.7478273000001","-248.2596597","2055","2075","GW1","Rapid Fossil-Fuel Phase-Out","failed","high","medium","ok","medium","medium",,"ok","ok","ok",,"medium","true","C1","C1: Below 1.5°C with no or limited overshoot","REMIND-MAgPIE 2.1-4.2","SusDev_SSP1-PkBudg900","55.43304462081725","13.877040350512775","30.580017486993444","6.096887501579971","446.17200714999996","1.175782916250483","1.580870829502971",
"1257","SusDev-SSP1-900","REMIND-MAgPIE 2.1-4.2","Final Energy|Electricity","EJ/yr","[object Object]",2040,15.8928,"1.580870829502971","1.175782916250483","2048","446.17200714999996","308.7478273000001","-248.2596597","2055","2075","GW1","Rapid Fossil-Fuel Phase-Out","failed","high","medium","ok","medium","medium",,"ok","ok","ok",,"medium","true","C1","C1: Below 1.5°C with no or limited overshoot","REMIND-MAgPIE 2.1-4.2","SusDev_SSP1-PkBudg900","55.43304462081725","13.877040350512775","30.580017486993444","6.096887501579971","446.17200714999996","1.175782916250483","1.580870829502971",
"1257","SusDev-SSP1-900","REMIND-MAgPIE 2.1-4.2","Final Energy|Electricity","EJ/yr","[object Object]",2045,16.9992,"1.580870829502971","1.175782916250483","2048","446.17200714999996","308.7478273000001","-248.2596597","2055","2075","GW1","Rapid Fossil-Fuel Phase-Out","failed","high","medium","ok","medium","medium",,"ok","ok","ok",,"medium","true","C1","C1: Below 1.5°C with no or limited overshoot","REMIND-MAgPIE 2.1-4.2","SusDev_SSP1-PkBudg900","55.43304462081725","13.877040350512775","30.580017486993444","6.096887501579971","446.17200714999996","1.175782916250483","1.580870829502971",
"1257","SusDev-SSP1-900","REMIND-MAgPIE 2.1-4.2","Final Energy|Electricity","EJ/yr","[object Object]",2050,17.2914,"1.580870829502971","1.175782916250483","2048","446.17200714999996","308.7478273000001","-248.2596597","2055","2075","GW1","Rapid Fossil-Fuel Phase-Out","failed","high","medium","ok","medium","medium",,"ok","ok","ok",,"medium","true","C1","C1: Below 1.5°C with no or limited overshoot","REMIND-MAgPIE 2.1-4.2","SusDev_SSP1-PkBudg900","55.43304462081725","13.877040350512775","30.580017486993444","6.096887501579971","446.17200714999996","1.175782916250483","1.580870829502971",
"1257","SusDev-SSP1-900","REMIND-MAgPIE 2.1-4.2","Final Energy|Electricity","EJ/yr","[object Object]",2055,16.8878,"1.580870829502971","1.175782916250483","2048","446.17200714999996","308.7478273000001","-248.2596597","2055","2075","GW1","Rapid Fossil-Fuel Phase-Out","failed","high","medium","ok","medium","medium",,"ok","ok","ok",,"medium","true","C1","C1: Below 1.5°C with no or limited overshoot","REMIND-MAgPIE 2.1-4.2","SusDev_SSP1-PkBudg900","55.43304462081725","13.877040350512775","30.580017486993444","6.096887501579971","446.17200714999996","1.175782916250483","1.580870829502971",
"1257","SusDev-SSP1-900","REMIND-MAgPIE 2.1-4.2","Final Energy|Electricity","EJ/yr","[object Object]",2060,16.313,"1.580870829502971","1.175782916250483","2048","446.17200714999996","308.7478273000001","-248.2596597","2055","2075","GW1","Rapid Fossil-Fuel Phase-Out","failed","high","medium","ok","medium","medium",,"ok","ok","ok",,"medium","true","C1","C1: Below 1.5°C with no or limited overshoot","REMIND-MAgPIE 2.1-4.2","SusDev_SSP1-PkBudg900","55.43304462081725","13.877040350512775","30.580017486993444","6.096887501579971","446.17200714999996","1.175782916250483","1.580870829502971",
"1257","SusDev-SSP1-900","REMIND-MAgPIE 2.1-4.2","Final Energy|Electricity","EJ/yr","[object Object]",2070,15.8774,"1.580870829502971","1.175782916250483","2048","446.17200714999996","308.7478273000001","-248.2596597","2055","2075","GW1","Rapid Fossil-Fuel Phase-Out","failed","high","medium","ok","medium","medium",,"ok","ok","ok",,"medium","true","C1","C1: Below 1.5°C with no or limited overshoot","REMIND-MAgPIE 2.1-4.2","SusDev_SSP1-PkBudg900","55.43304462081725","13.877040350512775","30.580017486993444","6.096887501579971","446.17200714999996","1.175782916250483","1.580870829502971",
"1257","SusDev-SSP1-900","REMIND-MAgPIE 2.1-4.2","Final Energy|Electricity","EJ/yr","[object Object]",2080,15.695,"1.580870829502971","1.175782916250483","2048","446.17200714999996","308.7478273000001","-248.2596597","2055","2075","GW1","Rapid Fossil-Fuel Phase-Out","failed","high","medium","ok","medium","medium",,"ok","ok","ok",,"medium","true","C1","C1: Below 1.5°C with no or limited overshoot","REMIND-MAgPIE 2.1-4.2","SusDev_SSP1-PkBudg900","55.43304462081725","13.877040350512775","30.580017486993444","6.096887501579971","446.17200714999996","1.175782916250483","1.580870829502971",
"1257","SusDev-SSP1-900","REMIND-MAgPIE 2.1-4.2","Final Energy|Electricity","EJ/yr","[object Object]",2090,15.0589,"1.580870829502971","1.175782916250483","2048","446.17200714999996","308.7478273000001","-248.2596597","2055","2075","GW1","Rapid Fossil-Fuel Phase-Out","failed","high","medium","ok","medium","medium",,"ok","ok","ok",,"medium","true","C1","C1: Below 1.5°C with no or limited overshoot","REMIND-MAgPIE 2.1-4.2","SusDev_SSP1-PkBudg900","55.43304462081725","13.877040350512775","30.580017486993444","6.096887501579971","446.17200714999996","1.175782916250483","1.580870829502971",
"1257","SusDev-SSP1-900","REMIND-MAgPIE 2.1-4.2","Final Energy|Electricity","EJ/yr","[object Object]",2100,14.8935,"1.580870829502971","1.175782916250483","2048","446.17200714999996","308.7478273000001","-248.2596597","2055","2075","GW1","Rapid Fossil-Fuel Phase-Out","failed","high","medium","ok","medium","medium",,"ok","ok","ok",,"medium","true","C1","C1: Below 1.5°C with no or limited overshoot","REMIND-MAgPIE 2.1-4.2","SusDev_SSP1-PkBudg900","55.43304462081725","13.877040350512775","30.580017486993444","6.096887501579971","446.17200714999996","1.175782916250483","1.580870829502971",
"1260","SusDev-SSP2-900","REMIND-MAgPIE 2.1-4.2","Final Energy|Electricity","EJ/yr","[object Object]",2010,10.467,"1.606162265471533","1.373141106937133","2049","649.7537029","359.50044160000016","-195.47246538000002","2054",,"GW1","Rapid Fossil-Fuel Phase-Out","failed","high","medium","medium","medium","medium",,"ok","ok","ok",,"medium","true","C1","C1: Below 1.5°C with no or limited overshoot","REMIND-MAgPIE 2.1-4.2","SusDev_SSP2-PkBudg900","53.261848134263175","14.061123300450909","32.527301241776996","4.235512151820558","649.7537029","1.373141106937133","1.606162265471533",
"1260","SusDev-SSP2-900","REMIND-MAgPIE 2.1-4.2","Final Energy|Electricity","EJ/yr","[object Object]",2015,9.7729,"1.606162265471533","1.373141106937133","2049","649.7537029","359.50044160000016","-195.47246538000002","2054",,"GW1","Rapid Fossil-Fuel Phase-Out","failed","high","medium","medium","medium","medium",,"ok","ok","ok",,"medium","true","C1","C1: Below 1.5°C with no or limited overshoot","REMIND-MAgPIE 2.1-4.2","SusDev_SSP2-PkBudg900","53.261848134263175","14.061123300450909","32.527301241776996","4.235512151820558","649.7537029","1.373141106937133","1.606162265471533",
"1260","SusDev-SSP2-900","REMIND-MAgPIE 2.1-4.2","Final Energy|Electricity","EJ/yr","[object Object]",2020,10.3976,"1.606162265471533","1.373141106937133","2049","649.7537029","359.50044160000016","-195.47246538000002","2054",,"GW1","Rapid Fossil-Fuel Phase-Out","failed","high","medium","medium","medium","medium",,"ok","ok","ok",,"medium","true","C1","C1: Below 1.5°C with no or limited overshoot","REMIND-MAgPIE 2.1-4.2","SusDev_SSP2-PkBudg900","53.261848134263175","14.061123300450909","32.527301241776996","4.235512151820558","649.7537029","1.373141106937133","1.606162265471533",
"1260","SusDev-SSP2-900","REMIND-MAgPIE 2.1-4.2","Final Energy|Electricity","EJ/yr","[object Object]",2025,10.6277,"1.606162265471533","1.373141106937133","2049","649.7537029","359.50044160000016","-195.47246538000002","2054",,"GW1","Rapid Fossil-Fuel Phase-Out","failed","high","medium","medium","medium","medium",,"ok","ok","ok",,"medium","true","C1","C1: Below 1.5°C with no or limited overshoot","REMIND-MAgPIE 2.1-4.2","SusDev_SSP2-PkBudg900","53.261848134263175","14.061123300450909","32.527301241776996","4.235512151820558","649.7537029","1.373141106937133","1.606162265471533",
"1260","SusDev-SSP2-900","REMIND-MAgPIE 2.1-4.2","Final Energy|Electricity","EJ/yr","[object Object]",2030,12.5504,"1.606162265471533","1.373141106937133","2049","649.7537029","359.50044160000016","-195.47246538000002","2054",,"GW1","Rapid Fossil-Fuel Phase-Out","failed","high","medium","medium","medium","medium",,"ok","ok","ok",,"medium","true","C1","C1: Below 1.5°C with no or limited overshoot","REMIND-MAgPIE 2.1-4.2","SusDev_SSP2-PkBudg900","53.261848134263175","14.061123300450909","32.527301241776996","4.235512151820558","649.7537029","1.373141106937133","1.606162265471533",
"1260","SusDev-SSP2-900","REMIND-MAgPIE 2.1-4.2","Final Energy|Electricity","EJ/yr","[object Object]",2035,15.5015,"1.606162265471533","1.373141106937133","2049","649.7537029","359.50044160000016","-195.47246538000002","2054",,"GW1","Rapid Fossil-Fuel Phase-Out","failed","high","medium","medium","medium","medium",,"ok","ok","ok",,"medium","true","C1","C1: Below 1.5°C with no or limited overshoot","REMIND-MAgPIE 2.1-4.2","SusDev_SSP2-PkBudg900","53.261848134263175","14.061123300450909","32.527301241776996","4.235512151820558","649.7537029","1.373141106937133","1.606162265471533",
"1260","SusDev-SSP2-900","REMIND-MAgPIE 2.1-4.2","Final Energy|Electricity","EJ/yr","[object Object]",2040,18.3457,"1.606162265471533","1.373141106937133","2049","649.7537029","359.50044160000016","-195.47246538000002","2054",,"GW1","Rapid Fossil-Fuel Phase-Out","failed","high","medium","medium","medium","medium",,"ok","ok","ok",,"medium","true","C1","C1: Below 1.5°C with no or limited overshoot","REMIND-MAgPIE 2.1-4.2","SusDev_SSP2-PkBudg900","53.261848134263175","14.061123300450909","32.527301241776996","4.235512151820558","649.7537029","1.373141106937133","1.606162265471533",
"1260","SusDev-SSP2-900","REMIND-MAgPIE 2.1-4.2","Final Energy|Electricity","EJ/yr","[object Object]",2045,20.548,"1.606162265471533","1.373141106937133","2049","649.7537029","359.50044160000016","-195.47246538000002","2054",,"GW1","Rapid Fossil-Fuel Phase-Out","failed","high","medium","medium","medium","medium",,"ok","ok","ok",,"medium","true","C1","C1: Below 1.5°C with no or limited overshoot","REMIND-MAgPIE 2.1-4.2","SusDev_SSP2-PkBudg900","53.261848134263175","14.061123300450909","32.527301241776996","4.235512151820558","649.7537029","1.373141106937133","1.606162265471533",
"1260","SusDev-SSP2-900","REMIND-MAgPIE 2.1-4.2","Final Energy|Electricity","EJ/yr","[object Object]",2050,21.817,"1.606162265471533","1.373141106937133","2049","649.7537029","359.50044160000016","-195.47246538000002","2054",,"GW1","Rapid Fossil-Fuel Phase-Out","failed","high","medium","medium","medium","medium",,"ok","ok","ok",,"medium","true","C1","C1: Below 1.5°C with no or limited overshoot","REMIND-MAgPIE 2.1-4.2","SusDev_SSP2-PkBudg900","53.261848134263175","14.061123300450909","32.527301241776996","4.235512151820558","649.7537029","1.373141106937133","1.606162265471533",
"1260","SusDev-SSP2-900","REMIND-MAgPIE 2.1-4.2","Final Energy|Electricity","EJ/yr","[object Object]",2055,22.1047,"1.606162265471533","1.373141106937133","2049","649.7537029","359.50044160000016","-195.47246538000002","2054",,"GW1","Rapid Fossil-Fuel Phase-Out","failed","high","medium","medium","medium","medium",,"ok","ok","ok",,"medium","true","C1","C1: Below 1.5°C with no or limited overshoot","REMIND-MAgPIE 2.1-4.2","SusDev_SSP2-PkBudg900","53.261848134263175","14.061123300450909","32.527301241776996","4.235512151820558","649.7537029","1.373141106937133","1.606162265471533",
"1260","SusDev-SSP2-900","REMIND-MAgPIE 2.1-4.2","Final Energy|Electricity","EJ/yr","[object Object]",2060,22.1606,"1.606162265471533","1.373141106937133","2049","649.7537029","359.50044160000016","-195.47246538000002","2054",,"GW1","Rapid Fossil-Fuel Phase-Out","failed","high","medium","medium","medium","medium",,"ok","ok","ok",,"medium","true","C1","C1: Below 1.5°C with no or limited overshoot","REMIND-MAgPIE 2.1-4.2","SusDev_SSP2-PkBudg900","53.261848134263175","14.061123300450909","32.527301241776996","4.235512151820558","649.7537029","1.373141106937133","1.606162265471533",
"1260","SusDev-SSP2-900","REMIND-MAgPIE 2.1-4.2","Final Energy|Electricity","EJ/yr","[object Object]",2070,22.8676,"1.606162265471533","1.373141106937133","2049","649.7537029","359.50044160000016","-195.47246538000002","2054",,"GW1","Rapid Fossil-Fuel Phase-Out","failed","high","medium","medium","medium","medium",,"ok","ok","ok",,"medium","true","C1","C1: Below 1.5°C with no or limited overshoot","REMIND-MAgPIE 2.1-4.2","SusDev_SSP2-PkBudg900","53.261848134263175","14.061123300450909","32.527301241776996","4.235512151820558","649.7537029","1.373141106937133","1.606162265471533",
"1260","SusDev-SSP2-900","REMIND-MAgPIE 2.1-4.2","Final Energy|Electricity","EJ/yr","[object Object]",2080,24.0143,"1.606162265471533","1.373141106937133","2049","649.7537029","359.50044160000016","-195.47246538000002","2054",,"GW1","Rapid Fossil-Fuel Phase-Out","failed","high","medium","medium","medium","medium",,"ok","ok","ok",,"medium","true","C1","C1: Below 1.5°C with no or limited overshoot","REMIND-MAgPIE 2.1-4.2","SusDev_SSP2-PkBudg900","53.261848134263175","14.061123300450909","32.527301241776996","4.235512151820558","649.7537029","1.373141106937133","1.606162265471533",
"1260","SusDev-SSP2-900","REMIND-MAgPIE 2.1-4.2","Final Energy|Electricity","EJ/yr","[object Object]",2090,25.1979,"1.606162265471533","1.373141106937133","2049","649.7537029","359.50044160000016","-195.47246538000002","2054",,"GW1","Rapid Fossil-Fuel Phase-Out","failed","high","medium","medium","medium","medium",,"ok","ok","ok",,"medium","true","C1","C1: Below 1.5°C with no or limited overshoot","REMIND-MAgPIE 2.1-4.2","SusDev_SSP2-PkBudg900","53.261848134263175","14.061123300450909","32.527301241776996","4.235512151820558","649.7537029","1.373141106937133","1.606162265471533",
"1260","SusDev-SSP2-900","REMIND-MAgPIE 2.1-4.2","Final Energy|Electricity","EJ/yr","[object Object]",2100,25.9686,"1.606162265471533","1.373141106937133","2049","649.7537029","359.50044160000016","-195.47246538000002","2054",,"GW1","Rapid Fossil-Fuel Phase-Out","failed","high","medium","medium","medium","medium",,"ok","ok","ok",,"medium","true","C1","C1: Below 1.5°C with no or limited overshoot","REMIND-MAgPIE 2.1-4.2","SusDev_SSP2-PkBudg900","53.261848134263175","14.061123300450909","32.527301241776996","4.235512151820558","649.7537029","1.373141106937133","1.606162265471533",
"1266","DeepElectrification-SSP2-Default-900","REMIND-MAgPIE 2.1-4.3","Final Energy|Electricity","EJ/yr","[object Object]",2010,10.6804,"1.579728795988346","1.231707062737356","2040","838.2449272999999","112.71860115000003","-427.77605321000004","2048","2073","GW1","Rapid Fossil-Fuel Phase-Out","failed","high","medium","medium","medium","medium",,"ok","ok","ok",,"high","true","C1","C1: Below 1.5°C with no or limited overshoot","REMIND-MAgPIE 2.1-4.3","DeepElec_SSP2_def_Budg900","47.06252132837617","15.69868267966226","37.088125357967485","0.24949387353065333","838.2449272999999","1.231707062737356","1.579728795988346",
"1266","DeepElectrification-SSP2-Default-900","REMIND-MAgPIE 2.1-4.3","Final Energy|Electricity","EJ/yr","[object Object]",2015,10.319,"1.579728795988346","1.231707062737356","2040","838.2449272999999","112.71860115000003","-427.77605321000004","2048","2073","GW1","Rapid Fossil-Fuel Phase-Out","failed","high","medium","medium","medium","medium",,"ok","ok","ok",,"high","true","C1","C1: Below 1.5°C with no or limited overshoot","REMIND-MAgPIE 2.1-4.3","DeepElec_SSP2_def_Budg900","47.06252132837617","15.69868267966226","37.088125357967485","0.24949387353065333","838.2449272999999","1.231707062737356","1.579728795988346",
"1266","DeepElectrification-SSP2-Default-900","REMIND-MAgPIE 2.1-4.3","Final Energy|Electricity","EJ/yr","[object Object]",2020,11.2087,"1.579728795988346","1.231707062737356","2040","838.2449272999999","112.71860115000003","-427.77605321000004","2048","2073","GW1","Rapid Fossil-Fuel Phase-Out","failed","high","medium","medium","medium","medium",,"ok","ok","ok",,"high","true","C1","C1: Below 1.5°C with no or limited overshoot","REMIND-MAgPIE 2.1-4.3","DeepElec_SSP2_def_Budg900","47.06252132837617","15.69868267966226","37.088125357967485","0.24949387353065333","838.2449272999999","1.231707062737356","1.579728795988346",
"1266","DeepElectrification-SSP2-Default-900","REMIND-MAgPIE 2.1-4.3","Final Energy|Electricity","EJ/yr","[object Object]",2025,11.3203,"1.579728795988346","1.231707062737356","2040","838.2449272999999","112.71860115000003","-427.77605321000004","2048","2073","GW1","Rapid Fossil-Fuel Phase-Out","failed","high","medium","medium","medium","medium",,"ok","ok","ok",,"high","true","C1","C1: Below 1.5°C with no or limited overshoot","REMIND-MAgPIE 2.1-4.3","DeepElec_SSP2_def_Budg900","47.06252132837617","15.69868267966226","37.088125357967485","0.24949387353065333","838.2449272999999","1.231707062737356","1.579728795988346",
"1266","DeepElectrification-SSP2-Default-900","REMIND-MAgPIE 2.1-4.3","Final Energy|Electricity","EJ/yr","[object Object]",2030,12.6986,"1.579728795988346","1.231707062737356","2040","838.2449272999999","112.71860115000003","-427.77605321000004","2048","2073","GW1","Rapid Fossil-Fuel Phase-Out","failed","high","medium","medium","medium","medium",,"ok","ok","ok",,"high","true","C1","C1: Below 1.5°C with no or limited overshoot","REMIND-MAgPIE 2.1-4.3","DeepElec_SSP2_def_Budg900","47.06252132837617","15.69868267966226","37.088125357967485","0.24949387353065333","838.2449272999999","1.231707062737356","1.579728795988346",
"1266","DeepElectrification-SSP2-Default-900","REMIND-MAgPIE 2.1-4.3","Final Energy|Electricity","EJ/yr","[object Object]",2035,14.784,"1.579728795988346","1.231707062737356","2040","838.2449272999999","112.71860115000003","-427.77605321000004","2048","2073","GW1","Rapid Fossil-Fuel Phase-Out","failed","high","medium","medium","medium","medium",,"ok","ok","ok",,"high","true","C1","C1: Below 1.5°C with no or limited overshoot","REMIND-MAgPIE 2.1-4.3","DeepElec_SSP2_def_Budg900","47.06252132837617","15.69868267966226","37.088125357967485","0.24949387353065333","838.2449272999999","1.231707062737356","1.579728795988346",
"1266","DeepElectrification-SSP2-Default-900","REMIND-MAgPIE 2.1-4.3","Final Energy|Electricity","EJ/yr","[object Object]",2040,16.5896,"1.579728795988346","1.231707062737356","2040","838.2449272999999","112.71860115000003","-427.77605321000004","2048","2073","GW1","Rapid Fossil-Fuel Phase-Out","failed","high","medium","medium","medium","medium",,"ok","ok","ok",,"high","true","C1","C1: Below 1.5°C with no or limited overshoot","REMIND-MAgPIE 2.1-4.3","DeepElec_SSP2_def_Budg900","47.06252132837617","15.69868267966226","37.088125357967485","0.24949387353065333","838.2449272999999","1.231707062737356","1.579728795988346",
"1266","DeepElectrification-SSP2-Default-900","REMIND-MAgPIE 2.1-4.3","Final Energy|Electricity","EJ/yr","[object Object]",2045,17.6488,"1.579728795988346","1.231707062737356","2040","838.2449272999999","112.71860115000003","-427.77605321000004","2048","2073","GW1","Rapid Fossil-Fuel Phase-Out","failed","high","medium","medium","medium","medium",,"ok","ok","ok",,"high","true","C1","C1: Below 1.5°C with no or limited overshoot","REMIND-MAgPIE 2.1-4.3","DeepElec_SSP2_def_Budg900","47.06252132837617","15.69868267966226","37.088125357967485","0.24949387353065333","838.2449272999999","1.231707062737356","1.579728795988346",
"1266","DeepElectrification-SSP2-Default-900","REMIND-MAgPIE 2.1-4.3","Final Energy|Electricity","EJ/yr","[object Object]",2050,18.0364,"1.579728795988346","1.231707062737356","2040","838.2449272999999","112.71860115000003","-427.77605321000004","2048","2073","GW1","Rapid Fossil-Fuel Phase-Out","failed","high","medium","medium","medium","medium",,"ok","ok","ok",,"high","true","C1","C1: Below 1.5°C with no or limited overshoot","REMIND-MAgPIE 2.1-4.3","DeepElec_SSP2_def_Budg900","47.06252132837617","15.69868267966226","37.088125357967485","0.24949387353065333","838.2449272999999","1.231707062737356","1.579728795988346",
"1266","DeepElectrification-SSP2-Default-900","REMIND-MAgPIE 2.1-4.3","Final Energy|Electricity","EJ/yr","[object Object]",2055,17.9793,"1.579728795988346","1.231707062737356","2040","838.2449272999999","112.71860115000003","-427.77605321000004","2048","2073","GW1","Rapid Fossil-Fuel Phase-Out","failed","high","medium","medium","medium","medium",,"ok","ok","ok",,"high","true","C1","C1: Below 1.5°C with no or limited overshoot","REMIND-MAgPIE 2.1-4.3","DeepElec_SSP2_def_Budg900","47.06252132837617","15.69868267966226","37.088125357967485","0.24949387353065333","838.2449272999999","1.231707062737356","1.579728795988346",
"1266","DeepElectrification-SSP2-Default-900","REMIND-MAgPIE 2.1-4.3","Final Energy|Electricity","EJ/yr","[object Object]",2060,17.9074,"1.579728795988346","1.231707062737356","2040","838.2449272999999","112.71860115000003","-427.77605321000004","2048","2073","GW1","Rapid Fossil-Fuel Phase-Out","failed","high","medium","medium","medium","medium",,"ok","ok","ok",,"high","true","C1","C1: Below 1.5°C with no or limited overshoot","REMIND-MAgPIE 2.1-4.3","DeepElec_SSP2_def_Budg900","47.06252132837617","15.69868267966226","37.088125357967485","0.24949387353065333","838.2449272999999","1.231707062737356","1.579728795988346",
"1266","DeepElectrification-SSP2-Default-900","REMIND-MAgPIE 2.1-4.3","Final Energy|Electricity","EJ/yr","[object Object]",2070,18.4433,"1.579728795988346","1.231707062737356","2040","838.2449272999999","112.71860115000003","-427.77605321000004","2048","2073","GW1","Rapid Fossil-Fuel Phase-Out","failed","high","medium","medium","medium","medium",,"ok","ok","ok",,"high","true","C1","C1: Below 1.5°C with no or limited overshoot","REMIND-MAgPIE 2.1-4.3","DeepElec_SSP2_def_Budg900","47.06252132837617","15.69868267966226","37.088125357967485","0.24949387353065333","838.2449272999999","1.231707062737356","1.579728795988346",
"1266","DeepElectrification-SSP2-Default-900","REMIND-MAgPIE 2.1-4.3","Final Energy|Electricity","EJ/yr","[object Object]",2080,18.2861,"1.579728795988346","1.231707062737356","2040","838.2449272999999","112.71860115000003","-427.77605321000004","2048","2073","GW1","Rapid Fossil-Fuel Phase-Out","failed","high","medium","medium","medium","medium",,"ok","ok","ok",,"high","true","C1","C1: Below 1.5°C with no or limited overshoot","REMIND-MAgPIE 2.1-4.3","DeepElec_SSP2_def_Budg900","47.06252132837617","15.69868267966226","37.088125357967485","0.24949387353065333","838.2449272999999","1.231707062737356","1.579728795988346",
"1266","DeepElectrification-SSP2-Default-900","REMIND-MAgPIE 2.1-4.3","Final Energy|Electricity","EJ/yr","[object Object]",2090,17.8408,"1.579728795988346","1.231707062737356","2040","838.2449272999999","112.71860115000003","-427.77605321000004","2048","2073","GW1","Rapid Fossil-Fuel Phase-Out","failed","high","medium","medium","medium","medium",,"ok","ok","ok",,"high","true","C1","C1: Below 1.5°C with no or limited overshoot","REMIND-MAgPIE 2.1-4.3","DeepElec_SSP2_def_Budg900","47.06252132837617","15.69868267966226","37.088125357967485","0.24949387353065333","838.2449272999999","1.231707062737356","1.579728795988346",
"1266","DeepElectrification-SSP2-Default-900","REMIND-MAgPIE 2.1-4.3","Final Energy|Electricity","EJ/yr","[object Object]",2100,17.8687,"1.579728795988346","1.231707062737356","2040","838.2449272999999","112.71860115000003","-427.77605321000004","2048","2073","GW1","Rapid Fossil-Fuel Phase-Out","failed","high","medium","medium","medium","medium",,"ok","ok","ok",,"high","true","C1","C1: Below 1.5°C with no or limited overshoot","REMIND-MAgPIE 2.1-4.3","DeepElec_SSP2_def_Budg900","47.06252132837617","15.69868267966226","37.088125357967485","0.24949387353065333","838.2449272999999","1.231707062737356","1.579728795988346",
"1269","DeepElectrification-SSP2-HighRenewables-900","REMIND-MAgPIE 2.1-4.3","Final Energy|Electricity","EJ/yr","[object Object]",2010,10.6804,"1.570226117013843","1.404114405882136","2040","251.10563449999998","489.77934519999997","-47.638579899999996","2060",,"GW1","Rapid Fossil-Fuel Phase-Out","failed","high","medium","ok","medium","medium",,"medium","ok","ok",,"medium","true","C1","C1: Below 1.5°C with no or limited overshoot","REMIND-MAgPIE 2.1-4.3","DeepElec_SSP2_ HighRE_Budg900","72.35467602989628","3.6383806385950157","23.880398200894554","1.161248109069703","251.10563449999998","1.404114405882136","1.570226117013843",
"1269","DeepElectrification-SSP2-HighRenewables-900","REMIND-MAgPIE 2.1-4.3","Final Energy|Electricity","EJ/yr","[object Object]",2015,10.319,"1.570226117013843","1.404114405882136","2040","251.10563449999998","489.77934519999997","-47.638579899999996","2060",,"GW1","Rapid Fossil-Fuel Phase-Out","failed","high","medium","ok","medium","medium",,"medium","ok","ok",,"medium","true","C1","C1: Below 1.5°C with no or limited overshoot","REMIND-MAgPIE 2.1-4.3","DeepElec_SSP2_ HighRE_Budg900","72.35467602989628","3.6383806385950157","23.880398200894554","1.161248109069703","251.10563449999998","1.404114405882136","1.570226117013843",
"1269","DeepElectrification-SSP2-HighRenewables-900","REMIND-MAgPIE 2.1-4.3","Final Energy|Electricity","EJ/yr","[object Object]",2020,11.2087,"1.570226117013843","1.404114405882136","2040","251.10563449999998","489.77934519999997","-47.638579899999996","2060",,"GW1","Rapid Fossil-Fuel Phase-Out","failed","high","medium","ok","medium","medium",,"medium","ok","ok",,"medium","true","C1","C1: Below 1.5°C with no or limited overshoot","REMIND-MAgPIE 2.1-4.3","DeepElec_SSP2_ HighRE_Budg900","72.35467602989628","3.6383806385950157","23.880398200894554","1.161248109069703","251.10563449999998","1.404114405882136","1.570226117013843",
"1269","DeepElectrification-SSP2-HighRenewables-900","REMIND-MAgPIE 2.1-4.3","Final Energy|Electricity","EJ/yr","[object Object]",2025,11.4725,"1.570226117013843","1.404114405882136","2040","251.10563449999998","489.77934519999997","-47.638579899999996","2060",,"GW1","Rapid Fossil-Fuel Phase-Out","failed","high","medium","ok","medium","medium",,"medium","ok","ok",,"medium","true","C1","C1: Below 1.5°C with no or limited overshoot","REMIND-MAgPIE 2.1-4.3","DeepElec_SSP2_ HighRE_Budg900","72.35467602989628","3.6383806385950157","23.880398200894554","1.161248109069703","251.10563449999998","1.404114405882136","1.570226117013843",
"1269","DeepElectrification-SSP2-HighRenewables-900","REMIND-MAgPIE 2.1-4.3","Final Energy|Electricity","EJ/yr","[object Object]",2030,13.9943,"1.570226117013843","1.404114405882136","2040","251.10563449999998","489.77934519999997","-47.638579899999996","2060",,"GW1","Rapid Fossil-Fuel Phase-Out","failed","high","medium","ok","medium","medium",,"medium","ok","ok",,"medium","true","C1","C1: Below 1.5°C with no or limited overshoot","REMIND-MAgPIE 2.1-4.3","DeepElec_SSP2_ HighRE_Budg900","72.35467602989628","3.6383806385950157","23.880398200894554","1.161248109069703","251.10563449999998","1.404114405882136","1.570226117013843",
"1269","DeepElectrification-SSP2-HighRenewables-900","REMIND-MAgPIE 2.1-4.3","Final Energy|Electricity","EJ/yr","[object Object]",2035,17.2988,"1.570226117013843","1.404114405882136","2040","251.10563449999998","489.77934519999997","-47.638579899999996","2060",,"GW1","Rapid Fossil-Fuel Phase-Out","failed","high","medium","ok","medium","medium",,"medium","ok","ok",,"medium","true","C1","C1: Below 1.5°C with no or limited overshoot","REMIND-MAgPIE 2.1-4.3","DeepElec_SSP2_ HighRE_Budg900","72.35467602989628","3.6383806385950157","23.880398200894554","1.161248109069703","251.10563449999998","1.404114405882136","1.570226117013843",
"1269","DeepElectrification-SSP2-HighRenewables-900","REMIND-MAgPIE 2.1-4.3","Final Energy|Electricity","EJ/yr","[object Object]",2040,19.5728,"1.570226117013843","1.404114405882136","2040","251.10563449999998","489.77934519999997","-47.638579899999996","2060",,"GW1","Rapid Fossil-Fuel Phase-Out","failed","high","medium","ok","medium","medium",,"medium","ok","ok",,"medium","true","C1","C1: Below 1.5°C with no or limited overshoot","REMIND-MAgPIE 2.1-4.3","DeepElec_SSP2_ HighRE_Budg900","72.35467602989628","3.6383806385950157","23.880398200894554","1.161248109069703","251.10563449999998","1.404114405882136","1.570226117013843",
"1269","DeepElectrification-SSP2-HighRenewables-900","REMIND-MAgPIE 2.1-4.3","Final Energy|Electricity","EJ/yr","[object Object]",2045,21.331,"1.570226117013843","1.404114405882136","2040","251.10563449999998","489.77934519999997","-47.638579899999996","2060",,"GW1","Rapid Fossil-Fuel Phase-Out","failed","high","medium","ok","medium","medium",,"medium","ok","ok",,"medium","true","C1","C1: Below 1.5°C with no or limited overshoot","REMIND-MAgPIE 2.1-4.3","DeepElec_SSP2_ HighRE_Budg900","72.35467602989628","3.6383806385950157","23.880398200894554","1.161248109069703","251.10563449999998","1.404114405882136","1.570226117013843",
"1269","DeepElectrification-SSP2-HighRenewables-900","REMIND-MAgPIE 2.1-4.3","Final Energy|Electricity","EJ/yr","[object Object]",2050,22.2069,"1.570226117013843","1.404114405882136","2040","251.10563449999998","489.77934519999997","-47.638579899999996","2060",,"GW1","Rapid Fossil-Fuel Phase-Out","failed","high","medium","ok","medium","medium",,"medium","ok","ok",,"medium","true","C1","C1: Below 1.5°C with no or limited overshoot","REMIND-MAgPIE 2.1-4.3","DeepElec_SSP2_ HighRE_Budg900","72.35467602989628","3.6383806385950157","23.880398200894554","1.161248109069703","251.10563449999998","1.404114405882136","1.570226117013843",
"1269","DeepElectrification-SSP2-HighRenewables-900","REMIND-MAgPIE 2.1-4.3","Final Energy|Electricity","EJ/yr","[object Object]",2055,22.1986,"1.570226117013843","1.404114405882136","2040","251.10563449999998","489.77934519999997","-47.638579899999996","2060",,"GW1","Rapid Fossil-Fuel Phase-Out","failed","high","medium","ok","medium","medium",,"medium","ok","ok",,"medium","true","C1","C1: Below 1.5°C with no or limited overshoot","REMIND-MAgPIE 2.1-4.3","DeepElec_SSP2_ HighRE_Budg900","72.35467602989628","3.6383806385950157","23.880398200894554","1.161248109069703","251.10563449999998","1.404114405882136","1.570226117013843",
"1269","DeepElectrification-SSP2-HighRenewables-900","REMIND-MAgPIE 2.1-4.3","Final Energy|Electricity","EJ/yr","[object Object]",2060,21.7934,"1.570226117013843","1.404114405882136","2040","251.10563449999998","489.77934519999997","-47.638579899999996","2060",,"GW1","Rapid Fossil-Fuel Phase-Out","failed","high","medium","ok","medium","medium",,"medium","ok","ok",,"medium","true","C1","C1: Below 1.5°C with no or limited overshoot","REMIND-MAgPIE 2.1-4.3","DeepElec_SSP2_ HighRE_Budg900","72.35467602989628","3.6383806385950157","23.880398200894554","1.161248109069703","251.10563449999998","1.404114405882136","1.570226117013843",
"1269","DeepElectrification-SSP2-HighRenewables-900","REMIND-MAgPIE 2.1-4.3","Final Energy|Electricity","EJ/yr","[object Object]",2070,21.9727,"1.570226117013843","1.404114405882136","2040","251.10563449999998","489.77934519999997","-47.638579899999996","2060",,"GW1","Rapid Fossil-Fuel Phase-Out","failed","high","medium","ok","medium","medium",,"medium","ok","ok",,"medium","true","C1","C1: Below 1.5°C with no or limited overshoot","REMIND-MAgPIE 2.1-4.3","DeepElec_SSP2_ HighRE_Budg900","72.35467602989628","3.6383806385950157","23.880398200894554","1.161248109069703","251.10563449999998","1.404114405882136","1.570226117013843",
"1269","DeepElectrification-SSP2-HighRenewables-900","REMIND-MAgPIE 2.1-4.3","Final Energy|Electricity","EJ/yr","[object Object]",2080,21.441,"1.570226117013843","1.404114405882136","2040","251.10563449999998","489.77934519999997","-47.638579899999996","2060",,"GW1","Rapid Fossil-Fuel Phase-Out","failed","high","medium","ok","medium","medium",,"medium","ok","ok",,"medium","true","C1","C1: Below 1.5°C with no or limited overshoot","REMIND-MAgPIE 2.1-4.3","DeepElec_SSP2_ HighRE_Budg900","72.35467602989628","3.6383806385950157","23.880398200894554","1.161248109069703","251.10563449999998","1.404114405882136","1.570226117013843",
"1269","DeepElectrification-SSP2-HighRenewables-900","REMIND-MAgPIE 2.1-4.3","Final Energy|Electricity","EJ/yr","[object Object]",2090,20.3332,"1.570226117013843","1.404114405882136","2040","251.10563449999998","489.77934519999997","-47.638579899999996","2060",,"GW1","Rapid Fossil-Fuel Phase-Out","failed","high","medium","ok","medium","medium",,"medium","ok","ok",,"medium","true","C1","C1: Below 1.5°C with no or limited overshoot","REMIND-MAgPIE 2.1-4.3","DeepElec_SSP2_ HighRE_Budg900","72.35467602989628","3.6383806385950157","23.880398200894554","1.161248109069703","251.10563449999998","1.404114405882136","1.570226117013843",
"1269","DeepElectrification-SSP2-HighRenewables-900","REMIND-MAgPIE 2.1-4.3","Final Energy|Electricity","EJ/yr","[object Object]",2100,20.3668,"1.570226117013843","1.404114405882136","2040","251.10563449999998","489.77934519999997","-47.638579899999996","2060",,"GW1","Rapid Fossil-Fuel Phase-Out","failed","high","medium","ok","medium","medium",,"medium","ok","ok",,"medium","true","C1","C1: Below 1.5°C with no or limited overshoot","REMIND-MAgPIE 2.1-4.3","DeepElec_SSP2_ HighRE_Budg900","72.35467602989628","3.6383806385950157","23.880398200894554","1.161248109069703","251.10563449999998","1.404114405882136","1.570226117013843",
"1391","NGFS Phase 2-Divergent Net Zero Policies","MESSAGEix-GLOBIOM 1.1","Final Energy|Electricity","EJ/yr","[object Object]",2010,11.704675357,"1.60202204946028","1.390928255930505","2048","414.5752160515","512.4013258474998","-7.3838e-14","2075",,"GW1",,"failed","high","medium","ok","medium","high","ok","medium","ok","ok",,"medium","true","C1","C1: Below 1.5°C with no or limited overshoot","MESSAGEix-GLOBIOM_1.1","NGFS2_Divergent Net Zero Policies","48.801518922213624","27.633876718448896","12.228115851051854","8.176228972662102","414.5752160515","1.390928255930505","1.60202204946028",
"1391","NGFS Phase 2-Divergent Net Zero Policies","MESSAGEix-GLOBIOM 1.1","Final Energy|Electricity","EJ/yr","[object Object]",2015,11.552076013,"1.60202204946028","1.390928255930505","2048","414.5752160515","512.4013258474998","-7.3838e-14","2075",,"GW1",,"failed","high","medium","ok","medium","high","ok","medium","ok","ok",,"medium","true","C1","C1: Below 1.5°C with no or limited overshoot","MESSAGEix-GLOBIOM_1.1","NGFS2_Divergent Net Zero Policies","48.801518922213624","27.633876718448896","12.228115851051854","8.176228972662102","414.5752160515","1.390928255930505","1.60202204946028",
"1391","NGFS Phase 2-Divergent Net Zero Policies","MESSAGEix-GLOBIOM 1.1","Final Energy|Electricity","EJ/yr","[object Object]",2020,11.814163032,"1.60202204946028","1.390928255930505","2048","414.5752160515","512.4013258474998","-7.3838e-14","2075",,"GW1",,"failed","high","medium","ok","medium","high","ok","medium","ok","ok",,"medium","true","C1","C1: Below 1.5°C with no or limited overshoot","MESSAGEix-GLOBIOM_1.1","NGFS2_Divergent Net Zero Policies","48.801518922213624","27.633876718448896","12.228115851051854","8.176228972662102","414.5752160515","1.390928255930505","1.60202204946028",
"1391","NGFS Phase 2-Divergent Net Zero Policies","MESSAGEix-GLOBIOM 1.1","Final Energy|Electricity","EJ/yr","[object Object]",2025,12.275408744,"1.60202204946028","1.390928255930505","2048","414.5752160515","512.4013258474998","-7.3838e-14","2075",,"GW1",,"failed","high","medium","ok","medium","high","ok","medium","ok","ok",,"medium","true","C1","C1: Below 1.5°C with no or limited overshoot","MESSAGEix-GLOBIOM_1.1","NGFS2_Divergent Net Zero Policies","48.801518922213624","27.633876718448896","12.228115851051854","8.176228972662102","414.5752160515","1.390928255930505","1.60202204946028",
"1391","NGFS Phase 2-Divergent Net Zero Policies","MESSAGEix-GLOBIOM 1.1","Final Energy|Electricity","EJ/yr","[object Object]",2030,14.344952656,"1.60202204946028","1.390928255930505","2048","414.5752160515","512.4013258474998","-7.3838e-14","2075",,"GW1",,"failed","high","medium","ok","medium","high","ok","medium","ok","ok",,"medium","true","C1","C1: Below 1.5°C with no or limited overshoot","MESSAGEix-GLOBIOM_1.1","NGFS2_Divergent Net Zero Policies","48.801518922213624","27.633876718448896","12.228115851051854","8.176228972662102","414.5752160515","1.390928255930505","1.60202204946028",
"1391","NGFS Phase 2-Divergent Net Zero Policies","MESSAGEix-GLOBIOM 1.1","Final Energy|Electricity","EJ/yr","[object Object]",2035,17.458125967,"1.60202204946028","1.390928255930505","2048","414.5752160515","512.4013258474998","-7.3838e-14","2075",,"GW1",,"failed","high","medium","ok","medium","high","ok","medium","ok","ok",,"medium","true","C1","C1: Below 1.5°C with no or limited overshoot","MESSAGEix-GLOBIOM_1.1","NGFS2_Divergent Net Zero Policies","48.801518922213624","27.633876718448896","12.228115851051854","8.176228972662102","414.5752160515","1.390928255930505","1.60202204946028",
"1391","NGFS Phase 2-Divergent Net Zero Policies","MESSAGEix-GLOBIOM 1.1","Final Energy|Electricity","EJ/yr","[object Object]",2040,19.07689682,"1.60202204946028","1.390928255930505","2048","414.5752160515","512.4013258474998","-7.3838e-14","2075",,"GW1",,"failed","high","medium","ok","medium","high","ok","medium","ok","ok",,"medium","true","C1","C1: Below 1.5°C with no or limited overshoot","MESSAGEix-GLOBIOM_1.1","NGFS2_Divergent Net Zero Policies","48.801518922213624","27.633876718448896","12.228115851051854","8.176228972662102","414.5752160515","1.390928255930505","1.60202204946028",
"1391","NGFS Phase 2-Divergent Net Zero Policies","MESSAGEix-GLOBIOM 1.1","Final Energy|Electricity","EJ/yr","[object Object]",2045,20.15068541,"1.60202204946028","1.390928255930505","2048","414.5752160515","512.4013258474998","-7.3838e-14","2075",,"GW1",,"failed","high","medium","ok","medium","high","ok","medium","ok","ok",,"medium","true","C1","C1: Below 1.5°C with no or limited overshoot","MESSAGEix-GLOBIOM_1.1","NGFS2_Divergent Net Zero Policies","48.801518922213624","27.633876718448896","12.228115851051854","8.176228972662102","414.5752160515","1.390928255930505","1.60202204946028",
"1391","NGFS Phase 2-Divergent Net Zero Policies","MESSAGEix-GLOBIOM 1.1","Final Energy|Electricity","EJ/yr","[object Object]",2050,21.300185061,"1.60202204946028","1.390928255930505","2048","414.5752160515","512.4013258474998","-7.3838e-14","2075",,"GW1",,"failed","high","medium","ok","medium","high","ok","medium","ok","ok",,"medium","true","C1","C1: Below 1.5°C with no or limited overshoot","MESSAGEix-GLOBIOM_1.1","NGFS2_Divergent Net Zero Policies","48.801518922213624","27.633876718448896","12.228115851051854","8.176228972662102","414.5752160515","1.390928255930505","1.60202204946028",
"1391","NGFS Phase 2-Divergent Net Zero Policies","MESSAGEix-GLOBIOM 1.1","Final Energy|Electricity","EJ/yr","[object Object]",2055,22.582120066,"1.60202204946028","1.390928255930505","2048","414.5752160515","512.4013258474998","-7.3838e-14","2075",,"GW1",,"failed","high","medium","ok","medium","high","ok","medium","ok","ok",,"medium","true","C1","C1: Below 1.5°C with no or limited overshoot","MESSAGEix-GLOBIOM_1.1","NGFS2_Divergent Net Zero Policies","48.801518922213624","27.633876718448896","12.228115851051854","8.176228972662102","414.5752160515","1.390928255930505","1.60202204946028",
"1391","NGFS Phase 2-Divergent Net Zero Policies","MESSAGEix-GLOBIOM 1.1","Final Energy|Electricity","EJ/yr","[object Object]",2060,23.527727608,"1.60202204946028","1.390928255930505","2048","414.5752160515","512.4013258474998","-7.3838e-14","2075",,"GW1",,"failed","high","medium","ok","medium","high","ok","medium","ok","ok",,"medium","true","C1","C1: Below 1.5°C with no or limited overshoot","MESSAGEix-GLOBIOM_1.1","NGFS2_Divergent Net Zero Policies","48.801518922213624","27.633876718448896","12.228115851051854","8.176228972662102","414.5752160515","1.390928255930505","1.60202204946028",
"1391","NGFS Phase 2-Divergent Net Zero Policies","MESSAGEix-GLOBIOM 1.1","Final Energy|Electricity","EJ/yr","[object Object]",2070,28.26378781,"1.60202204946028","1.390928255930505","2048","414.5752160515","512.4013258474998","-7.3838e-14","2075",,"GW1",,"failed","high","medium","ok","medium","high","ok","medium","ok","ok",,"medium","true","C1","C1: Below 1.5°C with no or limited overshoot","MESSAGEix-GLOBIOM_1.1","NGFS2_Divergent Net Zero Policies","48.801518922213624","27.633876718448896","12.228115851051854","8.176228972662102","414.5752160515","1.390928255930505","1.60202204946028",
"1391","NGFS Phase 2-Divergent Net Zero Policies","MESSAGEix-GLOBIOM 1.1","Final Energy|Electricity","EJ/yr","[object Object]",2080,32.404782543,"1.60202204946028","1.390928255930505","2048","414.5752160515","512.4013258474998","-7.3838e-14","2075",,"GW1",,"failed","high","medium","ok","medium","high","ok","medium","ok","ok",,"medium","true","C1","C1: Below 1.5°C with no or limited overshoot","MESSAGEix-GLOBIOM_1.1","NGFS2_Divergent Net Zero Policies","48.801518922213624","27.633876718448896","12.228115851051854","8.176228972662102","414.5752160515","1.390928255930505","1.60202204946028",
"1391","NGFS Phase 2-Divergent Net Zero Policies","MESSAGEix-GLOBIOM 1.1","Final Energy|Electricity","EJ/yr","[object Object]",2090,35.551332161,"1.60202204946028","1.390928255930505","2048","414.5752160515","512.4013258474998","-7.3838e-14","2075",,"GW1",,"failed","high","medium","ok","medium","high","ok","medium","ok","ok",,"medium","true","C1","C1: Below 1.5°C with no or limited overshoot","MESSAGEix-GLOBIOM_1.1","NGFS2_Divergent Net Zero Policies","48.801518922213624","27.633876718448896","12.228115851051854","8.176228972662102","414.5752160515","1.390928255930505","1.60202204946028",
"1391","NGFS Phase 2-Divergent Net Zero Policies","MESSAGEix-GLOBIOM 1.1","Final Energy|Electricity","EJ/yr","[object Object]",2100,37.62719643,"1.60202204946028","1.390928255930505","2048","414.5752160515","512.4013258474998","-7.3838e-14","2075",,"GW1",,"failed","high","medium","ok","medium","high","ok","medium","ok","ok",,"medium","true","C1","C1: Below 1.5°C with no or limited overshoot","MESSAGEix-GLOBIOM_1.1","NGFS2_Divergent Net Zero Policies","48.801518922213624","27.633876718448896","12.228115851051854","8.176228972662102","414.5752160515","1.390928255930505","1.60202204946028",
"1393","NGFS Phase 2-Net-Zero 2050","MESSAGEix-GLOBIOM 1.1","Final Energy|Electricity","EJ/yr","[object Object]",2010,11.704675357,"1.608051804541376","1.414655632744642","2048","560.4126322490001","544.1818208549305","-0.026171707883000002","2060",,"GW1","Carbon Dioxide Removal","failed","high","medium","ok","medium","high","ok","ok","ok","ok",,"medium","true","C1","C1: Below 1.5°C with no or limited overshoot","MESSAGEix-GLOBIOM_1.1","NGFS2_Net-Zero 2050","46.723057958684514","13.873930564313348","15.312832179653594","8.538269509683929","560.4126322490001","1.414655632744642","1.608051804541376",
"1393","NGFS Phase 2-Net-Zero 2050","MESSAGEix-GLOBIOM 1.1","Final Energy|Electricity","EJ/yr","[object Object]",2015,11.552076013,"1.608051804541376","1.414655632744642","2048","560.4126322490001","544.1818208549305","-0.026171707883000002","2060",,"GW1","Carbon Dioxide Removal","failed","high","medium","ok","medium","high","ok","ok","ok","ok",,"medium","true","C1","C1: Below 1.5°C with no or limited overshoot","MESSAGEix-GLOBIOM_1.1","NGFS2_Net-Zero 2050","46.723057958684514","13.873930564313348","15.312832179653594","8.538269509683929","560.4126322490001","1.414655632744642","1.608051804541376",
"1393","NGFS Phase 2-Net-Zero 2050","MESSAGEix-GLOBIOM 1.1","Final Energy|Electricity","EJ/yr","[object Object]",2020,11.814163032,"1.608051804541376","1.414655632744642","2048","560.4126322490001","544.1818208549305","-0.026171707883000002","2060",,"GW1","Carbon Dioxide Removal","failed","high","medium","ok","medium","high","ok","ok","ok","ok",,"medium","true","C1","C1: Below 1.5°C with no or limited overshoot","MESSAGEix-GLOBIOM_1.1","NGFS2_Net-Zero 2050","46.723057958684514","13.873930564313348","15.312832179653594","8.538269509683929","560.4126322490001","1.414655632744642","1.608051804541376",
"1393","NGFS Phase 2-Net-Zero 2050","MESSAGEix-GLOBIOM 1.1","Final Energy|Electricity","EJ/yr","[object Object]",2025,12.099031756,"1.608051804541376","1.414655632744642","2048","560.4126322490001","544.1818208549305","-0.026171707883000002","2060",,"GW1","Carbon Dioxide Removal","failed","high","medium","ok","medium","high","ok","ok","ok","ok",,"medium","true","C1","C1: Below 1.5°C with no or limited overshoot","MESSAGEix-GLOBIOM_1.1","NGFS2_Net-Zero 2050","46.723057958684514","13.873930564313348","15.312832179653594","8.538269509683929","560.4126322490001","1.414655632744642","1.608051804541376",
"1393","NGFS Phase 2-Net-Zero 2050","MESSAGEix-GLOBIOM 1.1","Final Energy|Electricity","EJ/yr","[object Object]",2030,14.161757518,"1.608051804541376","1.414655632744642","2048","560.4126322490001","544.1818208549305","-0.026171707883000002","2060",,"GW1","Carbon Dioxide Removal","failed","high","medium","ok","medium","high","ok","ok","ok","ok",,"medium","true","C1","C1: Below 1.5°C with no or limited overshoot","MESSAGEix-GLOBIOM_1.1","NGFS2_Net-Zero 2050","46.723057958684514","13.873930564313348","15.312832179653594","8.538269509683929","560.4126322490001","1.414655632744642","1.608051804541376",
"1393","NGFS Phase 2-Net-Zero 2050","MESSAGEix-GLOBIOM 1.1","Final Energy|Electricity","EJ/yr","[object Object]",2035,17.357052292,"1.608051804541376","1.414655632744642","2048","560.4126322490001","544.1818208549305","-0.026171707883000002","2060",,"GW1","Carbon Dioxide Removal","failed","high","medium","ok","medium","high","ok","ok","ok","ok",,"medium","true","C1","C1: Below 1.5°C with no or limited overshoot","MESSAGEix-GLOBIOM_1.1","NGFS2_Net-Zero 2050","46.723057958684514","13.873930564313348","15.312832179653594","8.538269509683929","560.4126322490001","1.414655632744642","1.608051804541376",
"1393","NGFS Phase 2-Net-Zero 2050","MESSAGEix-GLOBIOM 1.1","Final Energy|Electricity","EJ/yr","[object Object]",2040,19.716446475,"1.608051804541376","1.414655632744642","2048","560.4126322490001","544.1818208549305","-0.026171707883000002","2060",,"GW1","Carbon Dioxide Removal","failed","high","medium","ok","medium","high","ok","ok","ok","ok",,"medium","true","C1","C1: Below 1.5°C with no or limited overshoot","MESSAGEix-GLOBIOM_1.1","NGFS2_Net-Zero 2050","46.723057958684514","13.873930564313348","15.312832179653594","8.538269509683929","560.4126322490001","1.414655632744642","1.608051804541376",
"1393","NGFS Phase 2-Net-Zero 2050","MESSAGEix-GLOBIOM 1.1","Final Energy|Electricity","EJ/yr","[object Object]",2045,21.298977574,"1.608051804541376","1.414655632744642","2048","560.4126322490001","544.1818208549305","-0.026171707883000002","2060",,"GW1","Carbon Dioxide Removal","failed","high","medium","ok","medium","high","ok","ok","ok","ok",,"medium","true","C1","C1: Below 1.5°C with no or limited overshoot","MESSAGEix-GLOBIOM_1.1","NGFS2_Net-Zero 2050","46.723057958684514","13.873930564313348","15.312832179653594","8.538269509683929","560.4126322490001","1.414655632744642","1.608051804541376",
"1393","NGFS Phase 2-Net-Zero 2050","MESSAGEix-GLOBIOM 1.1","Final Energy|Electricity","EJ/yr","[object Object]",2050,22.987624017,"1.608051804541376","1.414655632744642","2048","560.4126322490001","544.1818208549305","-0.026171707883000002","2060",,"GW1","Carbon Dioxide Removal","failed","high","medium","ok","medium","high","ok","ok","ok","ok",,"medium","true","C1","C1: Below 1.5°C with no or limited overshoot","MESSAGEix-GLOBIOM_1.1","NGFS2_Net-Zero 2050","46.723057958684514","13.873930564313348","15.312832179653594","8.538269509683929","560.4126322490001","1.414655632744642","1.608051804541376",
"1393","NGFS Phase 2-Net-Zero 2050","MESSAGEix-GLOBIOM 1.1","Final Energy|Electricity","EJ/yr","[object Object]",2055,24.230914041,"1.608051804541376","1.414655632744642","2048","560.4126322490001","544.1818208549305","-0.026171707883000002","2060",,"GW1","Carbon Dioxide Removal","failed","high","medium","ok","medium","high","ok","ok","ok","ok",,"medium","true","C1","C1: Below 1.5°C with no or limited overshoot","MESSAGEix-GLOBIOM_1.1","NGFS2_Net-Zero 2050","46.723057958684514","13.873930564313348","15.312832179653594","8.538269509683929","560.4126322490001","1.414655632744642","1.608051804541376",
"1393","NGFS Phase 2-Net-Zero 2050","MESSAGEix-GLOBIOM 1.1","Final Energy|Electricity","EJ/yr","[object Object]",2060,25.650364294,"1.608051804541376","1.414655632744642","2048","560.4126322490001","544.1818208549305","-0.026171707883000002","2060",,"GW1","Carbon Dioxide Removal","failed","high","medium","ok","medium","high","ok","ok","ok","ok",,"medium","true","C1","C1: Below 1.5°C with no or limited overshoot","MESSAGEix-GLOBIOM_1.1","NGFS2_Net-Zero 2050","46.723057958684514","13.873930564313348","15.312832179653594","8.538269509683929","560.4126322490001","1.414655632744642","1.608051804541376",
"1393","NGFS Phase 2-Net-Zero 2050","MESSAGEix-GLOBIOM 1.1","Final Energy|Electricity","EJ/yr","[object Object]",2070,30.176340313,"1.608051804541376","1.414655632744642","2048","560.4126322490001","544.1818208549305","-0.026171707883000002","2060",,"GW1","Carbon Dioxide Removal","failed","high","medium","ok","medium","high","ok","ok","ok","ok",,"medium","true","C1","C1: Below 1.5°C with no or limited overshoot","MESSAGEix-GLOBIOM_1.1","NGFS2_Net-Zero 2050","46.723057958684514","13.873930564313348","15.312832179653594","8.538269509683929","560.4126322490001","1.414655632744642","1.608051804541376",
"1393","NGFS Phase 2-Net-Zero 2050","MESSAGEix-GLOBIOM 1.1","Final Energy|Electricity","EJ/yr","[object Object]",2080,34.933177268,"1.608051804541376","1.414655632744642","2048","560.4126322490001","544.1818208549305","-0.026171707883000002","2060",,"GW1","Carbon Dioxide Removal","failed","high","medium","ok","medium","high","ok","ok","ok","ok",,"medium","true","C1","C1: Below 1.5°C with no or limited overshoot","MESSAGEix-GLOBIOM_1.1","NGFS2_Net-Zero 2050","46.723057958684514","13.873930564313348","15.312832179653594","8.538269509683929","560.4126322490001","1.414655632744642","1.608051804541376",
"1393","NGFS Phase 2-Net-Zero 2050","MESSAGEix-GLOBIOM 1.1","Final Energy|Electricity","EJ/yr","[object Object]",2090,38.472157231,"1.608051804541376","1.414655632744642","2048","560.4126322490001","544.1818208549305","-0.026171707883000002","2060",,"GW1","Carbon Dioxide Removal","failed","high","medium","ok","medium","high","ok","ok","ok","ok",,"medium","true","C1","C1: Below 1.5°C with no or limited overshoot","MESSAGEix-GLOBIOM_1.1","NGFS2_Net-Zero 2050","46.723057958684514","13.873930564313348","15.312832179653594","8.538269509683929","560.4126322490001","1.414655632744642","1.608051804541376",
"1393","NGFS Phase 2-Net-Zero 2050","MESSAGEix-GLOBIOM 1.1","Final Energy|Electricity","EJ/yr","[object Object]",2100,40.73817202,"1.608051804541376","1.414655632744642","2048","560.4126322490001","544.1818208549305","-0.026171707883000002","2060",,"GW1","Carbon Dioxide Removal","failed","high","medium","ok","medium","high","ok","ok","ok","ok",,"medium","true","C1","C1: Below 1.5°C with no or limited overshoot","MESSAGEix-GLOBIOM_1.1","NGFS2_Net-Zero 2050","46.723057958684514","13.873930564313348","15.312832179653594","8.538269509683929","560.4126322490001","1.414655632744642","1.608051804541376",
"1398","NGFS Phase 2-Divergent Net Zero Policies","REMIND-MAgPIE 2.1-4.2","Final Energy|Electricity","EJ/yr","[object Object]",2010,10.4059,"1.547165840712686","1.349064597899478","2048","432.70433500000007","376.32689815000003","-106.76155295","2055",,"GW1","Rapid Fossil-Fuel Phase-Out","failed","high","medium","ok","medium","medium",,"ok","ok","ok",,"medium","true","C1","C1: Below 1.5°C with no or limited overshoot","REMIND-MAgPIE 2.1-4.2","NGFS2_Divergent Net Zero Policies","61.89123483551094","12.641285733104993","25.277781104417908","4.0590386103195755","432.70433500000007","1.349064597899478","1.547165840712686",
"1398","NGFS Phase 2-Divergent Net Zero Policies","REMIND-MAgPIE 2.1-4.2","Final Energy|Electricity","EJ/yr","[object Object]",2015,9.879,"1.547165840712686","1.349064597899478","2048","432.70433500000007","376.32689815000003","-106.76155295","2055",,"GW1","Rapid Fossil-Fuel Phase-Out","failed","high","medium","ok","medium","medium",,"ok","ok","ok",,"medium","true","C1","C1: Below 1.5°C with no or limited overshoot","REMIND-MAgPIE 2.1-4.2","NGFS2_Divergent Net Zero Policies","61.89123483551094","12.641285733104993","25.277781104417908","4.0590386103195755","432.70433500000007","1.349064597899478","1.547165840712686",
"1398","NGFS Phase 2-Divergent Net Zero Policies","REMIND-MAgPIE 2.1-4.2","Final Energy|Electricity","EJ/yr","[object Object]",2020,10.1932,"1.547165840712686","1.349064597899478","2048","432.70433500000007","376.32689815000003","-106.76155295","2055",,"GW1","Rapid Fossil-Fuel Phase-Out","failed","high","medium","ok","medium","medium",,"ok","ok","ok",,"medium","true","C1","C1: Below 1.5°C with no or limited overshoot","REMIND-MAgPIE 2.1-4.2","NGFS2_Divergent Net Zero Policies","61.89123483551094","12.641285733104993","25.277781104417908","4.0590386103195755","432.70433500000007","1.349064597899478","1.547165840712686",
"1398","NGFS Phase 2-Divergent Net Zero Policies","REMIND-MAgPIE 2.1-4.2","Final Energy|Electricity","EJ/yr","[object Object]",2025,10.6374,"1.547165840712686","1.349064597899478","2048","432.70433500000007","376.32689815000003","-106.76155295","2055",,"GW1","Rapid Fossil-Fuel Phase-Out","failed","high","medium","ok","medium","medium",,"ok","ok","ok",,"medium","true","C1","C1: Below 1.5°C with no or limited overshoot","REMIND-MAgPIE 2.1-4.2","NGFS2_Divergent Net Zero Policies","61.89123483551094","12.641285733104993","25.277781104417908","4.0590386103195755","432.70433500000007","1.349064597899478","1.547165840712686",
"1398","NGFS Phase 2-Divergent Net Zero Policies","REMIND-MAgPIE 2.1-4.2","Final Energy|Electricity","EJ/yr","[object Object]",2030,12.2705,"1.547165840712686","1.349064597899478","2048","432.70433500000007","376.32689815000003","-106.76155295","2055",,"GW1","Rapid Fossil-Fuel Phase-Out","failed","high","medium","ok","medium","medium",,"ok","ok","ok",,"medium","true","C1","C1: Below 1.5°C with no or limited overshoot","REMIND-MAgPIE 2.1-4.2","NGFS2_Divergent Net Zero Policies","61.89123483551094","12.641285733104993","25.277781104417908","4.0590386103195755","432.70433500000007","1.349064597899478","1.547165840712686",
"1398","NGFS Phase 2-Divergent Net Zero Policies","REMIND-MAgPIE 2.1-4.2","Final Energy|Electricity","EJ/yr","[object Object]",2035,15.0366,"1.547165840712686","1.349064597899478","2048","432.70433500000007","376.32689815000003","-106.76155295","2055",,"GW1","Rapid Fossil-Fuel Phase-Out","failed","high","medium","ok","medium","medium",,"ok","ok","ok",,"medium","true","C1","C1: Below 1.5°C with no or limited overshoot","REMIND-MAgPIE 2.1-4.2","NGFS2_Divergent Net Zero Policies","61.89123483551094","12.641285733104993","25.277781104417908","4.0590386103195755","432.70433500000007","1.349064597899478","1.547165840712686",
"1398","NGFS Phase 2-Divergent Net Zero Policies","REMIND-MAgPIE 2.1-4.2","Final Energy|Electricity","EJ/yr","[object Object]",2040,17.4003,"1.547165840712686","1.349064597899478","2048","432.70433500000007","376.32689815000003","-106.76155295","2055",,"GW1","Rapid Fossil-Fuel Phase-Out","failed","high","medium","ok","medium","medium",,"ok","ok","ok",,"medium","true","C1","C1: Below 1.5°C with no or limited overshoot","REMIND-MAgPIE 2.1-4.2","NGFS2_Divergent Net Zero Policies","61.89123483551094","12.641285733104993","25.277781104417908","4.0590386103195755","432.70433500000007","1.349064597899478","1.547165840712686",
"1398","NGFS Phase 2-Divergent Net Zero Policies","REMIND-MAgPIE 2.1-4.2","Final Energy|Electricity","EJ/yr","[object Object]",2045,19.0599,"1.547165840712686","1.349064597899478","2048","432.70433500000007","376.32689815000003","-106.76155295","2055",,"GW1","Rapid Fossil-Fuel Phase-Out","failed","high","medium","ok","medium","medium",,"ok","ok","ok",,"medium","true","C1","C1: Below 1.5°C with no or limited overshoot","REMIND-MAgPIE 2.1-4.2","NGFS2_Divergent Net Zero Policies","61.89123483551094","12.641285733104993","25.277781104417908","4.0590386103195755","432.70433500000007","1.349064597899478","1.547165840712686",
"1398","NGFS Phase 2-Divergent Net Zero Policies","REMIND-MAgPIE 2.1-4.2","Final Energy|Electricity","EJ/yr","[object Object]",2050,19.6241,"1.547165840712686","1.349064597899478","2048","432.70433500000007","376.32689815000003","-106.76155295","2055",,"GW1","Rapid Fossil-Fuel Phase-Out","failed","high","medium","ok","medium","medium",,"ok","ok","ok",,"medium","true","C1","C1: Below 1.5°C with no or limited overshoot","REMIND-MAgPIE 2.1-4.2","NGFS2_Divergent Net Zero Policies","61.89123483551094","12.641285733104993","25.277781104417908","4.0590386103195755","432.70433500000007","1.349064597899478","1.547165840712686",
"1398","NGFS Phase 2-Divergent Net Zero Policies","REMIND-MAgPIE 2.1-4.2","Final Energy|Electricity","EJ/yr","[object Object]",2055,19.33,"1.547165840712686","1.349064597899478","2048","432.70433500000007","376.32689815000003","-106.76155295","2055",,"GW1","Rapid Fossil-Fuel Phase-Out","failed","high","medium","ok","medium","medium",,"ok","ok","ok",,"medium","true","C1","C1: Below 1.5°C with no or limited overshoot","REMIND-MAgPIE 2.1-4.2","NGFS2_Divergent Net Zero Policies","61.89123483551094","12.641285733104993","25.277781104417908","4.0590386103195755","432.70433500000007","1.349064597899478","1.547165840712686",
"1398","NGFS Phase 2-Divergent Net Zero Policies","REMIND-MAgPIE 2.1-4.2","Final Energy|Electricity","EJ/yr","[object Object]",2060,18.8963,"1.547165840712686","1.349064597899478","2048","432.70433500000007","376.32689815000003","-106.76155295","2055",,"GW1","Rapid Fossil-Fuel Phase-Out","failed","high","medium","ok","medium","medium",,"ok","ok","ok",,"medium","true","C1","C1: Below 1.5°C with no or limited overshoot","REMIND-MAgPIE 2.1-4.2","NGFS2_Divergent Net Zero Policies","61.89123483551094","12.641285733104993","25.277781104417908","4.0590386103195755","432.70433500000007","1.349064597899478","1.547165840712686",
"1398","NGFS Phase 2-Divergent Net Zero Policies","REMIND-MAgPIE 2.1-4.2","Final Energy|Electricity","EJ/yr","[object Object]",2070,19.0752,"1.547165840712686","1.349064597899478","2048","432.70433500000007","376.32689815000003","-106.76155295","2055",,"GW1","Rapid Fossil-Fuel Phase-Out","failed","high","medium","ok","medium","medium",,"ok","ok","ok",,"medium","true","C1","C1: Below 1.5°C with no or limited overshoot","REMIND-MAgPIE 2.1-4.2","NGFS2_Divergent Net Zero Policies","61.89123483551094","12.641285733104993","25.277781104417908","4.0590386103195755","432.70433500000007","1.349064597899478","1.547165840712686",
"1398","NGFS Phase 2-Divergent Net Zero Policies","REMIND-MAgPIE 2.1-4.2","Final Energy|Electricity","EJ/yr","[object Object]",2080,19.6331,"1.547165840712686","1.349064597899478","2048","432.70433500000007","376.32689815000003","-106.76155295","2055",,"GW1","Rapid Fossil-Fuel Phase-Out","failed","high","medium","ok","medium","medium",,"ok","ok","ok",,"medium","true","C1","C1: Below 1.5°C with no or limited overshoot","REMIND-MAgPIE 2.1-4.2","NGFS2_Divergent Net Zero Policies","61.89123483551094","12.641285733104993","25.277781104417908","4.0590386103195755","432.70433500000007","1.349064597899478","1.547165840712686",
"1398","NGFS Phase 2-Divergent Net Zero Policies","REMIND-MAgPIE 2.1-4.2","Final Energy|Electricity","EJ/yr","[object Object]",2090,19.5806,"1.547165840712686","1.349064597899478","2048","432.70433500000007","376.32689815000003","-106.76155295","2055",,"GW1","Rapid Fossil-Fuel Phase-Out","failed","high","medium","ok","medium","medium",,"ok","ok","ok",,"medium","true","C1","C1: Below 1.5°C with no or limited overshoot","REMIND-MAgPIE 2.1-4.2","NGFS2_Divergent Net Zero Policies","61.89123483551094","12.641285733104993","25.277781104417908","4.0590386103195755","432.70433500000007","1.349064597899478","1.547165840712686",
"1398","NGFS Phase 2-Divergent Net Zero Policies","REMIND-MAgPIE 2.1-4.2","Final Energy|Electricity","EJ/yr","[object Object]",2100,19.7226,"1.547165840712686","1.349064597899478","2048","432.70433500000007","376.32689815000003","-106.76155295","2055",,"GW1","Rapid Fossil-Fuel Phase-Out","failed","high","medium","ok","medium","medium",,"ok","ok","ok",,"medium","true","C1","C1: Below 1.5°C with no or limited overshoot","REMIND-MAgPIE 2.1-4.2","NGFS2_Divergent Net Zero Policies","61.89123483551094","12.641285733104993","25.277781104417908","4.0590386103195755","432.70433500000007","1.349064597899478","1.547165840712686",
"1400","NGFS Phase 2-Net-Zero 2050","REMIND-MAgPIE 2.1-4.2","Final Energy|Electricity","EJ/yr","[object Object]",2010,10.4059,"1.539804303410346","1.367795987495133","2048","519.6519132","437.7183242","-46.487698939999994","2054",,"GW1","Rapid Fossil-Fuel Phase-Out","failed","high","medium","medium","medium","medium",,"ok","ok","ok",,"medium","true","C1","C1: Below 1.5°C with no or limited overshoot","REMIND-MAgPIE 2.1-4.2","NGFS2_Net-Zero 2050","59.374548846713395","7.513187557608804","32.93657756504936","4.1165253836726805","519.6519132","1.367795987495133","1.539804303410346",
"1400","NGFS Phase 2-Net-Zero 2050","REMIND-MAgPIE 2.1-4.2","Final Energy|Electricity","EJ/yr","[object Object]",2015,9.879,"1.539804303410346","1.367795987495133","2048","519.6519132","437.7183242","-46.487698939999994","2054",,"GW1","Rapid Fossil-Fuel Phase-Out","failed","high","medium","medium","medium","medium",,"ok","ok","ok",,"medium","true","C1","C1: Below 1.5°C with no or limited overshoot","REMIND-MAgPIE 2.1-4.2","NGFS2_Net-Zero 2050","59.374548846713395","7.513187557608804","32.93657756504936","4.1165253836726805","519.6519132","1.367795987495133","1.539804303410346",
"1400","NGFS Phase 2-Net-Zero 2050","REMIND-MAgPIE 2.1-4.2","Final Energy|Electricity","EJ/yr","[object Object]",2020,10.1932,"1.539804303410346","1.367795987495133","2048","519.6519132","437.7183242","-46.487698939999994","2054",,"GW1","Rapid Fossil-Fuel Phase-Out","failed","high","medium","medium","medium","medium",,"ok","ok","ok",,"medium","true","C1","C1: Below 1.5°C with no or limited overshoot","REMIND-MAgPIE 2.1-4.2","NGFS2_Net-Zero 2050","59.374548846713395","7.513187557608804","32.93657756504936","4.1165253836726805","519.6519132","1.367795987495133","1.539804303410346",
"1400","NGFS Phase 2-Net-Zero 2050","REMIND-MAgPIE 2.1-4.2","Final Energy|Electricity","EJ/yr","[object Object]",2025,10.3835,"1.539804303410346","1.367795987495133","2048","519.6519132","437.7183242","-46.487698939999994","2054",,"GW1","Rapid Fossil-Fuel Phase-Out","failed","high","medium","medium","medium","medium",,"ok","ok","ok",,"medium","true","C1","C1: Below 1.5°C with no or limited overshoot","REMIND-MAgPIE 2.1-4.2","NGFS2_Net-Zero 2050","59.374548846713395","7.513187557608804","32.93657756504936","4.1165253836726805","519.6519132","1.367795987495133","1.539804303410346",
"1400","NGFS Phase 2-Net-Zero 2050","REMIND-MAgPIE 2.1-4.2","Final Energy|Electricity","EJ/yr","[object Object]",2030,11.9878,"1.539804303410346","1.367795987495133","2048","519.6519132","437.7183242","-46.487698939999994","2054",,"GW1","Rapid Fossil-Fuel Phase-Out","failed","high","medium","medium","medium","medium",,"ok","ok","ok",,"medium","true","C1","C1: Below 1.5°C with no or limited overshoot","REMIND-MAgPIE 2.1-4.2","NGFS2_Net-Zero 2050","59.374548846713395","7.513187557608804","32.93657756504936","4.1165253836726805","519.6519132","1.367795987495133","1.539804303410346",
"1400","NGFS Phase 2-Net-Zero 2050","REMIND-MAgPIE 2.1-4.2","Final Energy|Electricity","EJ/yr","[object Object]",2035,14.7885,"1.539804303410346","1.367795987495133","2048","519.6519132","437.7183242","-46.487698939999994","2054",,"GW1","Rapid Fossil-Fuel Phase-Out","failed","high","medium","medium","medium","medium",,"ok","ok","ok",,"medium","true","C1","C1: Below 1.5°C with no or limited overshoot","REMIND-MAgPIE 2.1-4.2","NGFS2_Net-Zero 2050","59.374548846713395","7.513187557608804","32.93657756504936","4.1165253836726805","519.6519132","1.367795987495133","1.539804303410346",
"1400","NGFS Phase 2-Net-Zero 2050","REMIND-MAgPIE 2.1-4.2","Final Energy|Electricity","EJ/yr","[object Object]",2040,16.9882,"1.539804303410346","1.367795987495133","2048","519.6519132","437.7183242","-46.487698939999994","2054",,"GW1","Rapid Fossil-Fuel Phase-Out","failed","high","medium","medium","medium","medium",,"ok","ok","ok",,"medium","true","C1","C1: Below 1.5°C with no or limited overshoot","REMIND-MAgPIE 2.1-4.2","NGFS2_Net-Zero 2050","59.374548846713395","7.513187557608804","32.93657756504936","4.1165253836726805","519.6519132","1.367795987495133","1.539804303410346",
"1400","NGFS Phase 2-Net-Zero 2050","REMIND-MAgPIE 2.1-4.2","Final Energy|Electricity","EJ/yr","[object Object]",2045,18.6471,"1.539804303410346","1.367795987495133","2048","519.6519132","437.7183242","-46.487698939999994","2054",,"GW1","Rapid Fossil-Fuel Phase-Out","failed","high","medium","medium","medium","medium",,"ok","ok","ok",,"medium","true","C1","C1: Below 1.5°C with no or limited overshoot","REMIND-MAgPIE 2.1-4.2","NGFS2_Net-Zero 2050","59.374548846713395","7.513187557608804","32.93657756504936","4.1165253836726805","519.6519132","1.367795987495133","1.539804303410346",
"1400","NGFS Phase 2-Net-Zero 2050","REMIND-MAgPIE 2.1-4.2","Final Energy|Electricity","EJ/yr","[object Object]",2050,19.386,"1.539804303410346","1.367795987495133","2048","519.6519132","437.7183242","-46.487698939999994","2054",,"GW1","Rapid Fossil-Fuel Phase-Out","failed","high","medium","medium","medium","medium",,"ok","ok","ok",,"medium","true","C1","C1: Below 1.5°C with no or limited overshoot","REMIND-MAgPIE 2.1-4.2","NGFS2_Net-Zero 2050","59.374548846713395","7.513187557608804","32.93657756504936","4.1165253836726805","519.6519132","1.367795987495133","1.539804303410346",
"1400","NGFS Phase 2-Net-Zero 2050","REMIND-MAgPIE 2.1-4.2","Final Energy|Electricity","EJ/yr","[object Object]",2055,19.3445,"1.539804303410346","1.367795987495133","2048","519.6519132","437.7183242","-46.487698939999994","2054",,"GW1","Rapid Fossil-Fuel Phase-Out","failed","high","medium","medium","medium","medium",,"ok","ok","ok",,"medium","true","C1","C1: Below 1.5°C with no or limited overshoot","REMIND-MAgPIE 2.1-4.2","NGFS2_Net-Zero 2050","59.374548846713395","7.513187557608804","32.93657756504936","4.1165253836726805","519.6519132","1.367795987495133","1.539804303410346",
"1400","NGFS Phase 2-Net-Zero 2050","REMIND-MAgPIE 2.1-4.2","Final Energy|Electricity","EJ/yr","[object Object]",2060,19.2727,"1.539804303410346","1.367795987495133","2048","519.6519132","437.7183242","-46.487698939999994","2054",,"GW1","Rapid Fossil-Fuel Phase-Out","failed","high","medium","medium","medium","medium",,"ok","ok","ok",,"medium","true","C1","C1: Below 1.5°C with no or limited overshoot","REMIND-MAgPIE 2.1-4.2","NGFS2_Net-Zero 2050","59.374548846713395","7.513187557608804","32.93657756504936","4.1165253836726805","519.6519132","1.367795987495133","1.539804303410346",
"1400","NGFS Phase 2-Net-Zero 2050","REMIND-MAgPIE 2.1-4.2","Final Energy|Electricity","EJ/yr","[object Object]",2070,19.7035,"1.539804303410346","1.367795987495133","2048","519.6519132","437.7183242","-46.487698939999994","2054",,"GW1","Rapid Fossil-Fuel Phase-Out","failed","high","medium","medium","medium","medium",,"ok","ok","ok",,"medium","true","C1","C1: Below 1.5°C with no or limited overshoot","REMIND-MAgPIE 2.1-4.2","NGFS2_Net-Zero 2050","59.374548846713395","7.513187557608804","32.93657756504936","4.1165253836726805","519.6519132","1.367795987495133","1.539804303410346",
"1400","NGFS Phase 2-Net-Zero 2050","REMIND-MAgPIE 2.1-4.2","Final Energy|Electricity","EJ/yr","[object Object]",2080,19.9499,"1.539804303410346","1.367795987495133","2048","519.6519132","437.7183242","-46.487698939999994","2054",,"GW1","Rapid Fossil-Fuel Phase-Out","failed","high","medium","medium","medium","medium",,"ok","ok","ok",,"medium","true","C1","C1: Below 1.5°C with no or limited overshoot","REMIND-MAgPIE 2.1-4.2","NGFS2_Net-Zero 2050","59.374548846713395","7.513187557608804","32.93657756504936","4.1165253836726805","519.6519132","1.367795987495133","1.539804303410346",
"1400","NGFS Phase 2-Net-Zero 2050","REMIND-MAgPIE 2.1-4.2","Final Energy|Electricity","EJ/yr","[object Object]",2090,19.6306,"1.539804303410346","1.367795987495133","2048","519.6519132","437.7183242","-46.487698939999994","2054",,"GW1","Rapid Fossil-Fuel Phase-Out","failed","high","medium","medium","medium","medium",,"ok","ok","ok",,"medium","true","C1","C1: Below 1.5°C with no or limited overshoot","REMIND-MAgPIE 2.1-4.2","NGFS2_Net-Zero 2050","59.374548846713395","7.513187557608804","32.93657756504936","4.1165253836726805","519.6519132","1.367795987495133","1.539804303410346",
"1400","NGFS Phase 2-Net-Zero 2050","REMIND-MAgPIE 2.1-4.2","Final Energy|Electricity","EJ/yr","[object Object]",2100,19.6539,"1.539804303410346","1.367795987495133","2048","519.6519132","437.7183242","-46.487698939999994","2054",,"GW1","Rapid Fossil-Fuel Phase-Out","failed","high","medium","medium","medium","medium",,"ok","ok","ok",,"medium","true","C1","C1: Below 1.5°C with no or limited overshoot","REMIND-MAgPIE 2.1-4.2","NGFS2_Net-Zero 2050","59.374548846713395","7.513187557608804","32.93657756504936","4.1165253836726805","519.6519132","1.367795987495133","1.539804303410346",
"1401","NGFS Phase 2-Net-Zero 2050 [IPD 95th]","REMIND-MAgPIE 2.1-4.2","Final Energy|Electricity","EJ/yr","[object Object]",2010,10.4059,"1.523687858339483","1.342545096777081","2048","525.81221435","387.5223346","-76.13888073999999","2053",,"GW1",,"failed","high","medium","medium","medium","medium",,"ok","ok","ok",,"medium","true","C1","C1: Below 1.5°C with no or limited overshoot","REMIND-MAgPIE 2.1-4.2","NGFS2_Net-Zero 2050 - IPD-95th","59.1998727823705","7.623650832401972","32.999536372371374",,"525.81221435","1.342545096777081","1.523687858339483",
"1401","NGFS Phase 2-Net-Zero 2050 [IPD 95th]","REMIND-MAgPIE 2.1-4.2","Final Energy|Electricity","EJ/yr","[object Object]",2015,9.8889,"1.523687858339483","1.342545096777081","2048","525.81221435","387.5223346","-76.13888073999999","2053",,"GW1",,"failed","high","medium","medium","medium","medium",,"ok","ok","ok",,"medium","true","C1","C1: Below 1.5°C with no or limited overshoot","REMIND-MAgPIE 2.1-4.2","NGFS2_Net-Zero 2050 - IPD-95th","59.1998727823705","7.623650832401972","32.999536372371374",,"525.81221435","1.342545096777081","1.523687858339483",
"1401","NGFS Phase 2-Net-Zero 2050 [IPD 95th]","REMIND-MAgPIE 2.1-4.2","Final Energy|Electricity","EJ/yr","[object Object]",2020,10.216,"1.523687858339483","1.342545096777081","2048","525.81221435","387.5223346","-76.13888073999999","2053",,"GW1",,"failed","high","medium","medium","medium","medium",,"ok","ok","ok",,"medium","true","C1","C1: Below 1.5°C with no or limited overshoot","REMIND-MAgPIE 2.1-4.2","NGFS2_Net-Zero 2050 - IPD-95th","59.1998727823705","7.623650832401972","32.999536372371374",,"525.81221435","1.342545096777081","1.523687858339483",
"1401","NGFS Phase 2-Net-Zero 2050 [IPD 95th]","REMIND-MAgPIE 2.1-4.2","Final Energy|Electricity","EJ/yr","[object Object]",2025,10.3579,"1.523687858339483","1.342545096777081","2048","525.81221435","387.5223346","-76.13888073999999","2053",,"GW1",,"failed","high","medium","medium","medium","medium",,"ok","ok","ok",,"medium","true","C1","C1: Below 1.5°C with no or limited overshoot","REMIND-MAgPIE 2.1-4.2","NGFS2_Net-Zero 2050 - IPD-95th","59.1998727823705","7.623650832401972","32.999536372371374",,"525.81221435","1.342545096777081","1.523687858339483",
"1401","NGFS Phase 2-Net-Zero 2050 [IPD 95th]","REMIND-MAgPIE 2.1-4.2","Final Energy|Electricity","EJ/yr","[object Object]",2030,11.9491,"1.523687858339483","1.342545096777081","2048","525.81221435","387.5223346","-76.13888073999999","2053",,"GW1",,"failed","high","medium","medium","medium","medium",,"ok","ok","ok",,"medium","true","C1","C1: Below 1.5°C with no or limited overshoot","REMIND-MAgPIE 2.1-4.2","NGFS2_Net-Zero 2050 - IPD-95th","59.1998727823705","7.623650832401972","32.999536372371374",,"525.81221435","1.342545096777081","1.523687858339483",
"1401","NGFS Phase 2-Net-Zero 2050 [IPD 95th]","REMIND-MAgPIE 2.1-4.2","Final Energy|Electricity","EJ/yr","[object Object]",2035,14.7359,"1.523687858339483","1.342545096777081","2048","525.81221435","387.5223346","-76.13888073999999","2053",,"GW1",,"failed","high","medium","medium","medium","medium",,"ok","ok","ok",,"medium","true","C1","C1: Below 1.5°C with no or limited overshoot","REMIND-MAgPIE 2.1-4.2","NGFS2_Net-Zero 2050 - IPD-95th","59.1998727823705","7.623650832401972","32.999536372371374",,"525.81221435","1.342545096777081","1.523687858339483",
"1401","NGFS Phase 2-Net-Zero 2050 [IPD 95th]","REMIND-MAgPIE 2.1-4.2","Final Energy|Electricity","EJ/yr","[object Object]",2040,16.8571,"1.523687858339483","1.342545096777081","2048","525.81221435","387.5223346","-76.13888073999999","2053",,"GW1",,"failed","high","medium","medium","medium","medium",,"ok","ok","ok",,"medium","true","C1","C1: Below 1.5°C with no or limited overshoot","REMIND-MAgPIE 2.1-4.2","NGFS2_Net-Zero 2050 - IPD-95th","59.1998727823705","7.623650832401972","32.999536372371374",,"525.81221435","1.342545096777081","1.523687858339483",
"1401","NGFS Phase 2-Net-Zero 2050 [IPD 95th]","REMIND-MAgPIE 2.1-4.2","Final Energy|Electricity","EJ/yr","[object Object]",2045,18.4885,"1.523687858339483","1.342545096777081","2048","525.81221435","387.5223346","-76.13888073999999","2053",,"GW1",,"failed","high","medium","medium","medium","medium",,"ok","ok","ok",,"medium","true","C1","C1: Below 1.5°C with no or limited overshoot","REMIND-MAgPIE 2.1-4.2","NGFS2_Net-Zero 2050 - IPD-95th","59.1998727823705","7.623650832401972","32.999536372371374",,"525.81221435","1.342545096777081","1.523687858339483",
"1401","NGFS Phase 2-Net-Zero 2050 [IPD 95th]","REMIND-MAgPIE 2.1-4.2","Final Energy|Electricity","EJ/yr","[object Object]",2050,19.2388,"1.523687858339483","1.342545096777081","2048","525.81221435","387.5223346","-76.13888073999999","2053",,"GW1",,"failed","high","medium","medium","medium","medium",,"ok","ok","ok",,"medium","true","C1","C1: Below 1.5°C with no or limited overshoot","REMIND-MAgPIE 2.1-4.2","NGFS2_Net-Zero 2050 - IPD-95th","59.1998727823705","7.623650832401972","32.999536372371374",,"525.81221435","1.342545096777081","1.523687858339483",
"1401","NGFS Phase 2-Net-Zero 2050 [IPD 95th]","REMIND-MAgPIE 2.1-4.2","Final Energy|Electricity","EJ/yr","[object Object]",2055,19.2156,"1.523687858339483","1.342545096777081","2048","525.81221435","387.5223346","-76.13888073999999","2053",,"GW1",,"failed","high","medium","medium","medium","medium",,"ok","ok","ok",,"medium","true","C1","C1: Below 1.5°C with no or limited overshoot","REMIND-MAgPIE 2.1-4.2","NGFS2_Net-Zero 2050 - IPD-95th","59.1998727823705","7.623650832401972","32.999536372371374",,"525.81221435","1.342545096777081","1.523687858339483",
"1401","NGFS Phase 2-Net-Zero 2050 [IPD 95th]","REMIND-MAgPIE 2.1-4.2","Final Energy|Electricity","EJ/yr","[object Object]",2060,19.1466,"1.523687858339483","1.342545096777081","2048","525.81221435","387.5223346","-76.13888073999999","2053",,"GW1",,"failed","high","medium","medium","medium","medium",,"ok","ok","ok",,"medium","true","C1","C1: Below 1.5°C with no or limited overshoot","REMIND-MAgPIE 2.1-4.2","NGFS2_Net-Zero 2050 - IPD-95th","59.1998727823705","7.623650832401972","32.999536372371374",,"525.81221435","1.342545096777081","1.523687858339483",
"1401","NGFS Phase 2-Net-Zero 2050 [IPD 95th]","REMIND-MAgPIE 2.1-4.2","Final Energy|Electricity","EJ/yr","[object Object]",2070,19.4915,"1.523687858339483","1.342545096777081","2048","525.81221435","387.5223346","-76.13888073999999","2053",,"GW1",,"failed","high","medium","medium","medium","medium",,"ok","ok","ok",,"medium","true","C1","C1: Below 1.5°C with no or limited overshoot","REMIND-MAgPIE 2.1-4.2","NGFS2_Net-Zero 2050 - IPD-95th","59.1998727823705","7.623650832401972","32.999536372371374",,"525.81221435","1.342545096777081","1.523687858339483",
"1401","NGFS Phase 2-Net-Zero 2050 [IPD 95th]","REMIND-MAgPIE 2.1-4.2","Final Energy|Electricity","EJ/yr","[object Object]",2080,19.6237,"1.523687858339483","1.342545096777081","2048","525.81221435","387.5223346","-76.13888073999999","2053",,"GW1",,"failed","high","medium","medium","medium","medium",,"ok","ok","ok",,"medium","true","C1","C1: Below 1.5°C with no or limited overshoot","REMIND-MAgPIE 2.1-4.2","NGFS2_Net-Zero 2050 - IPD-95th","59.1998727823705","7.623650832401972","32.999536372371374",,"525.81221435","1.342545096777081","1.523687858339483",
"1401","NGFS Phase 2-Net-Zero 2050 [IPD 95th]","REMIND-MAgPIE 2.1-4.2","Final Energy|Electricity","EJ/yr","[object Object]",2090,19.5075,"1.523687858339483","1.342545096777081","2048","525.81221435","387.5223346","-76.13888073999999","2053",,"GW1",,"failed","high","medium","medium","medium","medium",,"ok","ok","ok",,"medium","true","C1","C1: Below 1.5°C with no or limited overshoot","REMIND-MAgPIE 2.1-4.2","NGFS2_Net-Zero 2050 - IPD-95th","59.1998727823705","7.623650832401972","32.999536372371374",,"525.81221435","1.342545096777081","1.523687858339483",
"1401","NGFS Phase 2-Net-Zero 2050 [IPD 95th]","REMIND-MAgPIE 2.1-4.2","Final Energy|Electricity","EJ/yr","[object Object]",2100,19.7357,"1.523687858339483","1.342545096777081","2048","525.81221435","387.5223346","-76.13888073999999","2053",,"GW1",,"failed","high","medium","medium","medium","medium",,"ok","ok","ok",,"medium","true","C1","C1: Below 1.5°C with no or limited overshoot","REMIND-MAgPIE 2.1-4.2","NGFS2_Net-Zero 2050 - IPD-95th","59.1998727823705","7.623650832401972","32.999536372371374",,"525.81221435","1.342545096777081","1.523687858339483",
"1402","NGFS Phase 2-Net-Zero 2050 [IPD Median]","REMIND-MAgPIE 2.1-4.2","Final Energy|Electricity","EJ/yr","[object Object]",2010,10.4059,"1.525026779352425","1.3453728358315","2048","527.7825564999999","393.62708069999996","-70.12606822000001","2053",,"GW1",,"failed","high","medium","medium","medium","medium",,"ok","ok","ok",,"medium","true","C1","C1: Below 1.5°C with no or limited overshoot","REMIND-MAgPIE 2.1-4.2","NGFS2_Net-Zero 2050 - IPD-median","59.437969987820814","7.566287138116362","32.81920064359699",,"527.7825564999999","1.3453728358315","1.525026779352425",
"1402","NGFS Phase 2-Net-Zero 2050 [IPD Median]","REMIND-MAgPIE 2.1-4.2","Final Energy|Electricity","EJ/yr","[object Object]",2015,9.8832,"1.525026779352425","1.3453728358315","2048","527.7825564999999","393.62708069999996","-70.12606822000001","2053",,"GW1",,"failed","high","medium","medium","medium","medium",,"ok","ok","ok",,"medium","true","C1","C1: Below 1.5°C with no or limited overshoot","REMIND-MAgPIE 2.1-4.2","NGFS2_Net-Zero 2050 - IPD-median","59.437969987820814","7.566287138116362","32.81920064359699",,"527.7825564999999","1.3453728358315","1.525026779352425",
"1402","NGFS Phase 2-Net-Zero 2050 [IPD Median]","REMIND-MAgPIE 2.1-4.2","Final Energy|Electricity","EJ/yr","[object Object]",2020,10.2104,"1.525026779352425","1.3453728358315","2048","527.7825564999999","393.62708069999996","-70.12606822000001","2053",,"GW1",,"failed","high","medium","medium","medium","medium",,"ok","ok","ok",,"medium","true","C1","C1: Below 1.5°C with no or limited overshoot","REMIND-MAgPIE 2.1-4.2","NGFS2_Net-Zero 2050 - IPD-median","59.437969987820814","7.566287138116362","32.81920064359699",,"527.7825564999999","1.3453728358315","1.525026779352425",
"1402","NGFS Phase 2-Net-Zero 2050 [IPD Median]","REMIND-MAgPIE 2.1-4.2","Final Energy|Electricity","EJ/yr","[object Object]",2025,10.3356,"1.525026779352425","1.3453728358315","2048","527.7825564999999","393.62708069999996","-70.12606822000001","2053",,"GW1",,"failed","high","medium","medium","medium","medium",,"ok","ok","ok",,"medium","true","C1","C1: Below 1.5°C with no or limited overshoot","REMIND-MAgPIE 2.1-4.2","NGFS2_Net-Zero 2050 - IPD-median","59.437969987820814","7.566287138116362","32.81920064359699",,"527.7825564999999","1.3453728358315","1.525026779352425",
"1402","NGFS Phase 2-Net-Zero 2050 [IPD Median]","REMIND-MAgPIE 2.1-4.2","Final Energy|Electricity","EJ/yr","[object Object]",2030,11.9465,"1.525026779352425","1.3453728358315","2048","527.7825564999999","393.62708069999996","-70.12606822000001","2053",,"GW1",,"failed","high","medium","medium","medium","medium",,"ok","ok","ok",,"medium","true","C1","C1: Below 1.5°C with no or limited overshoot","REMIND-MAgPIE 2.1-4.2","NGFS2_Net-Zero 2050 - IPD-median","59.437969987820814","7.566287138116362","32.81920064359699",,"527.7825564999999","1.3453728358315","1.525026779352425",
"1402","NGFS Phase 2-Net-Zero 2050 [IPD Median]","REMIND-MAgPIE 2.1-4.2","Final Energy|Electricity","EJ/yr","[object Object]",2035,14.7825,"1.525026779352425","1.3453728358315","2048","527.7825564999999","393.62708069999996","-70.12606822000001","2053",,"GW1",,"failed","high","medium","medium","medium","medium",,"ok","ok","ok",,"medium","true","C1","C1: Below 1.5°C with no or limited overshoot","REMIND-MAgPIE 2.1-4.2","NGFS2_Net-Zero 2050 - IPD-median","59.437969987820814","7.566287138116362","32.81920064359699",,"527.7825564999999","1.3453728358315","1.525026779352425",
"1402","NGFS Phase 2-Net-Zero 2050 [IPD Median]","REMIND-MAgPIE 2.1-4.2","Final Energy|Electricity","EJ/yr","[object Object]",2040,16.9181,"1.525026779352425","1.3453728358315","2048","527.7825564999999","393.62708069999996","-70.12606822000001","2053",,"GW1",,"failed","high","medium","medium","medium","medium",,"ok","ok","ok",,"medium","true","C1","C1: Below 1.5°C with no or limited overshoot","REMIND-MAgPIE 2.1-4.2","NGFS2_Net-Zero 2050 - IPD-median","59.437969987820814","7.566287138116362","32.81920064359699",,"527.7825564999999","1.3453728358315","1.525026779352425",
"1402","NGFS Phase 2-Net-Zero 2050 [IPD Median]","REMIND-MAgPIE 2.1-4.2","Final Energy|Electricity","EJ/yr","[object Object]",2045,18.5414,"1.525026779352425","1.3453728358315","2048","527.7825564999999","393.62708069999996","-70.12606822000001","2053",,"GW1",,"failed","high","medium","medium","medium","medium",,"ok","ok","ok",,"medium","true","C1","C1: Below 1.5°C with no or limited overshoot","REMIND-MAgPIE 2.1-4.2","NGFS2_Net-Zero 2050 - IPD-median","59.437969987820814","7.566287138116362","32.81920064359699",,"527.7825564999999","1.3453728358315","1.525026779352425",
"1402","NGFS Phase 2-Net-Zero 2050 [IPD Median]","REMIND-MAgPIE 2.1-4.2","Final Energy|Electricity","EJ/yr","[object Object]",2050,19.2899,"1.525026779352425","1.3453728358315","2048","527.7825564999999","393.62708069999996","-70.12606822000001","2053",,"GW1",,"failed","high","medium","medium","medium","medium",,"ok","ok","ok",,"medium","true","C1","C1: Below 1.5°C with no or limited overshoot","REMIND-MAgPIE 2.1-4.2","NGFS2_Net-Zero 2050 - IPD-median","59.437969987820814","7.566287138116362","32.81920064359699",,"527.7825564999999","1.3453728358315","1.525026779352425",
"1402","NGFS Phase 2-Net-Zero 2050 [IPD Median]","REMIND-MAgPIE 2.1-4.2","Final Energy|Electricity","EJ/yr","[object Object]",2055,19.2852,"1.525026779352425","1.3453728358315","2048","527.7825564999999","393.62708069999996","-70.12606822000001","2053",,"GW1",,"failed","high","medium","medium","medium","medium",,"ok","ok","ok",,"medium","true","C1","C1: Below 1.5°C with no or limited overshoot","REMIND-MAgPIE 2.1-4.2","NGFS2_Net-Zero 2050 - IPD-median","59.437969987820814","7.566287138116362","32.81920064359699",,"527.7825564999999","1.3453728358315","1.525026779352425",
"1402","NGFS Phase 2-Net-Zero 2050 [IPD Median]","REMIND-MAgPIE 2.1-4.2","Final Energy|Electricity","EJ/yr","[object Object]",2060,19.2318,"1.525026779352425","1.3453728358315","2048","527.7825564999999","393.62708069999996","-70.12606822000001","2053",,"GW1",,"failed","high","medium","medium","medium","medium",,"ok","ok","ok",,"medium","true","C1","C1: Below 1.5°C with no or limited overshoot","REMIND-MAgPIE 2.1-4.2","NGFS2_Net-Zero 2050 - IPD-median","59.437969987820814","7.566287138116362","32.81920064359699",,"527.7825564999999","1.3453728358315","1.525026779352425",
"1402","NGFS Phase 2-Net-Zero 2050 [IPD Median]","REMIND-MAgPIE 2.1-4.2","Final Energy|Electricity","EJ/yr","[object Object]",2070,19.6145,"1.525026779352425","1.3453728358315","2048","527.7825564999999","393.62708069999996","-70.12606822000001","2053",,"GW1",,"failed","high","medium","medium","medium","medium",,"ok","ok","ok",,"medium","true","C1","C1: Below 1.5°C with no or limited overshoot","REMIND-MAgPIE 2.1-4.2","NGFS2_Net-Zero 2050 - IPD-median","59.437969987820814","7.566287138116362","32.81920064359699",,"527.7825564999999","1.3453728358315","1.525026779352425",
"1402","NGFS Phase 2-Net-Zero 2050 [IPD Median]","REMIND-MAgPIE 2.1-4.2","Final Energy|Electricity","EJ/yr","[object Object]",2080,19.8162,"1.525026779352425","1.3453728358315","2048","527.7825564999999","393.62708069999996","-70.12606822000001","2053",,"GW1",,"failed","high","medium","medium","medium","medium",,"ok","ok","ok",,"medium","true","C1","C1: Below 1.5°C with no or limited overshoot","REMIND-MAgPIE 2.1-4.2","NGFS2_Net-Zero 2050 - IPD-median","59.437969987820814","7.566287138116362","32.81920064359699",,"527.7825564999999","1.3453728358315","1.525026779352425",
"1402","NGFS Phase 2-Net-Zero 2050 [IPD Median]","REMIND-MAgPIE 2.1-4.2","Final Energy|Electricity","EJ/yr","[object Object]",2090,19.6775,"1.525026779352425","1.3453728358315","2048","527.7825564999999","393.62708069999996","-70.12606822000001","2053",,"GW1",,"failed","high","medium","medium","medium","medium",,"ok","ok","ok",,"medium","true","C1","C1: Below 1.5°C with no or limited overshoot","REMIND-MAgPIE 2.1-4.2","NGFS2_Net-Zero 2050 - IPD-median","59.437969987820814","7.566287138116362","32.81920064359699",,"527.7825564999999","1.3453728358315","1.525026779352425",
"1402","NGFS Phase 2-Net-Zero 2050 [IPD Median]","REMIND-MAgPIE 2.1-4.2","Final Energy|Electricity","EJ/yr","[object Object]",2100,19.8338,"1.525026779352425","1.3453728358315","2048","527.7825564999999","393.62708069999996","-70.12606822000001","2053",,"GW1",,"failed","high","medium","medium","medium","medium",,"ok","ok","ok",,"medium","true","C1","C1: Below 1.5°C with no or limited overshoot","REMIND-MAgPIE 2.1-4.2","NGFS2_Net-Zero 2050 - IPD-median","59.437969987820814","7.566287138116362","32.81920064359699",,"527.7825564999999","1.3453728358315","1.525026779352425",
"1421","SHAPE-SDP-RC-1.5°C [with Climate Change Impacts]","IMAGE 3.3","Final Energy|Electricity","EJ/yr","[object Object]",2010,11.0550408935547,"1.600418972144021","1.249865832667621","2039","651.9122705586296","266.05812459694124","-203.6418315818266","2048","2088","GW1","Carbon Capture and Storage","failed","high","medium","medium","medium","high","medium","medium","ok","ok","ok","medium",,"C1","C1: Below 1.5°C with no or limited overshoot",,,"19.942563731459252","50.56473111959162","29.336467830912138","9.642897233453567","651.9122705586296","1.249865832667621","1.600418972144021",
"1421","SHAPE-SDP-RC-1.5°C [with Climate Change Impacts]","IMAGE 3.3","Final Energy|Electricity","EJ/yr","[object Object]",2015,11.2557763061523,"1.600418972144021","1.249865832667621","2039","651.9122705586296","266.05812459694124","-203.6418315818266","2048","2088","GW1","Carbon Capture and Storage","failed","high","medium","medium","medium","high","medium","medium","ok","ok","ok","medium",,"C1","C1: Below 1.5°C with no or limited overshoot",,,"19.942563731459252","50.56473111959162","29.336467830912138","9.642897233453567","651.9122705586296","1.249865832667621","1.600418972144021",
"1421","SHAPE-SDP-RC-1.5°C [with Climate Change Impacts]","IMAGE 3.3","Final Energy|Electricity","EJ/yr","[object Object]",2020,10.3757107543945,"1.600418972144021","1.249865832667621","2039","651.9122705586296","266.05812459694124","-203.6418315818266","2048","2088","GW1","Carbon Capture and Storage","failed","high","medium","medium","medium","high","medium","medium","ok","ok","ok","medium",,"C1","C1: Below 1.5°C with no or limited overshoot",,,"19.942563731459252","50.56473111959162","29.336467830912138","9.642897233453567","651.9122705586296","1.249865832667621","1.600418972144021",
"1421","SHAPE-SDP-RC-1.5°C [with Climate Change Impacts]","IMAGE 3.3","Final Energy|Electricity","EJ/yr","[object Object]",2025,9.86440142822266,"1.600418972144021","1.249865832667621","2039","651.9122705586296","266.05812459694124","-203.6418315818266","2048","2088","GW1","Carbon Capture and Storage","failed","high","medium","medium","medium","high","medium","medium","ok","ok","ok","medium",,"C1","C1: Below 1.5°C with no or limited overshoot",,,"19.942563731459252","50.56473111959162","29.336467830912138","9.642897233453567","651.9122705586296","1.249865832667621","1.600418972144021",
"1421","SHAPE-SDP-RC-1.5°C [with Climate Change Impacts]","IMAGE 3.3","Final Energy|Electricity","EJ/yr","[object Object]",2030,9.69493347167969,"1.600418972144021","1.249865832667621","2039","651.9122705586296","266.05812459694124","-203.6418315818266","2048","2088","GW1","Carbon Capture and Storage","failed","high","medium","medium","medium","high","medium","medium","ok","ok","ok","medium",,"C1","C1: Below 1.5°C with no or limited overshoot",,,"19.942563731459252","50.56473111959162","29.336467830912138","9.642897233453567","651.9122705586296","1.249865832667621","1.600418972144021",
"1421","SHAPE-SDP-RC-1.5°C [with Climate Change Impacts]","IMAGE 3.3","Final Energy|Electricity","EJ/yr","[object Object]",2035,9.4717568359375,"1.600418972144021","1.249865832667621","2039","651.9122705586296","266.05812459694124","-203.6418315818266","2048","2088","GW1","Carbon Capture and Storage","failed","high","medium","medium","medium","high","medium","medium","ok","ok","ok","medium",,"C1","C1: Below 1.5°C with no or limited overshoot",,,"19.942563731459252","50.56473111959162","29.336467830912138","9.642897233453567","651.9122705586296","1.249865832667621","1.600418972144021",
"1421","SHAPE-SDP-RC-1.5°C [with Climate Change Impacts]","IMAGE 3.3","Final Energy|Electricity","EJ/yr","[object Object]",2040,9.40436499023438,"1.600418972144021","1.249865832667621","2039","651.9122705586296","266.05812459694124","-203.6418315818266","2048","2088","GW1","Carbon Capture and Storage","failed","high","medium","medium","medium","high","medium","medium","ok","ok","ok","medium",,"C1","C1: Below 1.5°C with no or limited overshoot",,,"19.942563731459252","50.56473111959162","29.336467830912138","9.642897233453567","651.9122705586296","1.249865832667621","1.600418972144021",
"1421","SHAPE-SDP-RC-1.5°C [with Climate Change Impacts]","IMAGE 3.3","Final Energy|Electricity","EJ/yr","[object Object]",2045,9.498625,"1.600418972144021","1.249865832667621","2039","651.9122705586296","266.05812459694124","-203.6418315818266","2048","2088","GW1","Carbon Capture and Storage","failed","high","medium","medium","medium","high","medium","medium","ok","ok","ok","medium",,"C1","C1: Below 1.5°C with no or limited overshoot",,,"19.942563731459252","50.56473111959162","29.336467830912138","9.642897233453567","651.9122705586296","1.249865832667621","1.600418972144021",
"1421","SHAPE-SDP-RC-1.5°C [with Climate Change Impacts]","IMAGE 3.3","Final Energy|Electricity","EJ/yr","[object Object]",2050,9.53928015136719,"1.600418972144021","1.249865832667621","2039","651.9122705586296","266.05812459694124","-203.6418315818266","2048","2088","GW1","Carbon Capture and Storage","failed","high","medium","medium","medium","high","medium","medium","ok","ok","ok","medium",,"C1","C1: Below 1.5°C with no or limited overshoot",,,"19.942563731459252","50.56473111959162","29.336467830912138","9.642897233453567","651.9122705586296","1.249865832667621","1.600418972144021",
"1421","SHAPE-SDP-RC-1.5°C [with Climate Change Impacts]","IMAGE 3.3","Final Energy|Electricity","EJ/yr","[object Object]",2060,9.22002600097656,"1.600418972144021","1.249865832667621","2039","651.9122705586296","266.05812459694124","-203.6418315818266","2048","2088","GW1","Carbon Capture and Storage","failed","high","medium","medium","medium","high","medium","medium","ok","ok","ok","medium",,"C1","C1: Below 1.5°C with no or limited overshoot",,,"19.942563731459252","50.56473111959162","29.336467830912138","9.642897233453567","651.9122705586296","1.249865832667621","1.600418972144021",
"1421","SHAPE-SDP-RC-1.5°C [with Climate Change Impacts]","IMAGE 3.3","Final Energy|Electricity","EJ/yr","[object Object]",2070,8.42720495605469,"1.600418972144021","1.249865832667621","2039","651.9122705586296","266.05812459694124","-203.6418315818266","2048","2088","GW1","Carbon Capture and Storage","failed","high","medium","medium","medium","high","medium","medium","ok","ok","ok","medium",,"C1","C1: Below 1.5°C with no or limited overshoot",,,"19.942563731459252","50.56473111959162","29.336467830912138","9.642897233453567","651.9122705586296","1.249865832667621","1.600418972144021",
"1421","SHAPE-SDP-RC-1.5°C [with Climate Change Impacts]","IMAGE 3.3","Final Energy|Electricity","EJ/yr","[object Object]",2080,7.89701690673828,"1.600418972144021","1.249865832667621","2039","651.9122705586296","266.05812459694124","-203.6418315818266","2048","2088","GW1","Carbon Capture and Storage","failed","high","medium","medium","medium","high","medium","medium","ok","ok","ok","medium",,"C1","C1: Below 1.5°C with no or limited overshoot",,,"19.942563731459252","50.56473111959162","29.336467830912138","9.642897233453567","651.9122705586296","1.249865832667621","1.600418972144021",
"1421","SHAPE-SDP-RC-1.5°C [with Climate Change Impacts]","IMAGE 3.3","Final Energy|Electricity","EJ/yr","[object Object]",2090,7.68342602539062,"1.600418972144021","1.249865832667621","2039","651.9122705586296","266.05812459694124","-203.6418315818266","2048","2088","GW1","Carbon Capture and Storage","failed","high","medium","medium","medium","high","medium","medium","ok","ok","ok","medium",,"C1","C1: Below 1.5°C with no or limited overshoot",,,"19.942563731459252","50.56473111959162","29.336467830912138","9.642897233453567","651.9122705586296","1.249865832667621","1.600418972144021",
"1421","SHAPE-SDP-RC-1.5°C [with Climate Change Impacts]","IMAGE 3.3","Final Energy|Electricity","EJ/yr","[object Object]",2100,7.55129638671875,"1.600418972144021","1.249865832667621","2039","651.9122705586296","266.05812459694124","-203.6418315818266","2048","2088","GW1","Carbon Capture and Storage","failed","high","medium","medium","medium","high","medium","medium","ok","ok","ok","medium",,"C1","C1: Below 1.5°C with no or limited overshoot",,,"19.942563731459252","50.56473111959162","29.336467830912138","9.642897233453567","651.9122705586296","1.249865832667621","1.600418972144021",
"1422","SHAPE-SSP1-1.5°C","IMAGE 3.3","Final Energy|Electricity","EJ/yr","[object Object]",2010,11.0267715454102,"1.589088975294962","1.305956979068437","2040","874.7510133302159","307.76767057037756","-294.33865102570024","2053","2075","GW1","Low Demand","failed","high","medium","medium","medium","high","ok","medium","ok","ok","ok","medium",,"C1","C1: Below 1.5°C with no or limited overshoot",,,"22.703071287512973","53.106407442237035","23.739778460341814","7.333101524219842","874.7510133302159","1.305956979068437","1.589088975294962",
"1422","SHAPE-SSP1-1.5°C","IMAGE 3.3","Final Energy|Electricity","EJ/yr","[object Object]",2015,11.2307927856445,"1.589088975294962","1.305956979068437","2040","874.7510133302159","307.76767057037756","-294.33865102570024","2053","2075","GW1","Low Demand","failed","high","medium","medium","medium","high","ok","medium","ok","ok","ok","medium",,"C1","C1: Below 1.5°C with no or limited overshoot",,,"22.703071287512973","53.106407442237035","23.739778460341814","7.333101524219842","874.7510133302159","1.305956979068437","1.589088975294962",
"1422","SHAPE-SSP1-1.5°C","IMAGE 3.3","Final Energy|Electricity","EJ/yr","[object Object]",2020,10.3620590820313,"1.589088975294962","1.305956979068437","2040","874.7510133302159","307.76767057037756","-294.33865102570024","2053","2075","GW1","Low Demand","failed","high","medium","medium","medium","high","ok","medium","ok","ok","ok","medium",,"C1","C1: Below 1.5°C with no or limited overshoot",,,"22.703071287512973","53.106407442237035","23.739778460341814","7.333101524219842","874.7510133302159","1.305956979068437","1.589088975294962",
"1422","SHAPE-SSP1-1.5°C","IMAGE 3.3","Final Energy|Electricity","EJ/yr","[object Object]",2025,10.5780233154297,"1.589088975294962","1.305956979068437","2040","874.7510133302159","307.76767057037756","-294.33865102570024","2053","2075","GW1","Low Demand","failed","high","medium","medium","medium","high","ok","medium","ok","ok","ok","medium",,"C1","C1: Below 1.5°C with no or limited overshoot",,,"22.703071287512973","53.106407442237035","23.739778460341814","7.333101524219842","874.7510133302159","1.305956979068437","1.589088975294962",
"1422","SHAPE-SSP1-1.5°C","IMAGE 3.3","Final Energy|Electricity","EJ/yr","[object Object]",2030,10.9632286376953,"1.589088975294962","1.305956979068437","2040","874.7510133302159","307.76767057037756","-294.33865102570024","2053","2075","GW1","Low Demand","failed","high","medium","medium","medium","high","ok","medium","ok","ok","ok","medium",,"C1","C1: Below 1.5°C with no or limited overshoot",,,"22.703071287512973","53.106407442237035","23.739778460341814","7.333101524219842","874.7510133302159","1.305956979068437","1.589088975294962",
"1422","SHAPE-SSP1-1.5°C","IMAGE 3.3","Final Energy|Electricity","EJ/yr","[object Object]",2035,11.3220950927734,"1.589088975294962","1.305956979068437","2040","874.7510133302159","307.76767057037756","-294.33865102570024","2053","2075","GW1","Low Demand","failed","high","medium","medium","medium","high","ok","medium","ok","ok","ok","medium",,"C1","C1: Below 1.5°C with no or limited overshoot",,,"22.703071287512973","53.106407442237035","23.739778460341814","7.333101524219842","874.7510133302159","1.305956979068437","1.589088975294962",
"1422","SHAPE-SSP1-1.5°C","IMAGE 3.3","Final Energy|Electricity","EJ/yr","[object Object]",2040,12.1571862792969,"1.589088975294962","1.305956979068437","2040","874.7510133302159","307.76767057037756","-294.33865102570024","2053","2075","GW1","Low Demand","failed","high","medium","medium","medium","high","ok","medium","ok","ok","ok","medium",,"C1","C1: Below 1.5°C with no or limited overshoot",,,"22.703071287512973","53.106407442237035","23.739778460341814","7.333101524219842","874.7510133302159","1.305956979068437","1.589088975294962",
"1422","SHAPE-SSP1-1.5°C","IMAGE 3.3","Final Energy|Electricity","EJ/yr","[object Object]",2045,12.9966693115234,"1.589088975294962","1.305956979068437","2040","874.7510133302159","307.76767057037756","-294.33865102570024","2053","2075","GW1","Low Demand","failed","high","medium","medium","medium","high","ok","medium","ok","ok","ok","medium",,"C1","C1: Below 1.5°C with no or limited overshoot",,,"22.703071287512973","53.106407442237035","23.739778460341814","7.333101524219842","874.7510133302159","1.305956979068437","1.589088975294962",
"1422","SHAPE-SSP1-1.5°C","IMAGE 3.3","Final Energy|Electricity","EJ/yr","[object Object]",2050,13.8986644287109,"1.589088975294962","1.305956979068437","2040","874.7510133302159","307.76767057037756","-294.33865102570024","2053","2075","GW1","Low Demand","failed","high","medium","medium","medium","high","ok","medium","ok","ok","ok","medium",,"C1","C1: Below 1.5°C with no or limited overshoot",,,"22.703071287512973","53.106407442237035","23.739778460341814","7.333101524219842","874.7510133302159","1.305956979068437","1.589088975294962",
"1422","SHAPE-SSP1-1.5°C","IMAGE 3.3","Final Energy|Electricity","EJ/yr","[object Object]",2060,14.8322071533203,"1.589088975294962","1.305956979068437","2040","874.7510133302159","307.76767057037756","-294.33865102570024","2053","2075","GW1","Low Demand","failed","high","medium","medium","medium","high","ok","medium","ok","ok","ok","medium",,"C1","C1: Below 1.5°C with no or limited overshoot",,,"22.703071287512973","53.106407442237035","23.739778460341814","7.333101524219842","874.7510133302159","1.305956979068437","1.589088975294962",
"1422","SHAPE-SSP1-1.5°C","IMAGE 3.3","Final Energy|Electricity","EJ/yr","[object Object]",2070,15.1371351318359,"1.589088975294962","1.305956979068437","2040","874.7510133302159","307.76767057037756","-294.33865102570024","2053","2075","GW1","Low Demand","failed","high","medium","medium","medium","high","ok","medium","ok","ok","ok","medium",,"C1","C1: Below 1.5°C with no or limited overshoot",,,"22.703071287512973","53.106407442237035","23.739778460341814","7.333101524219842","874.7510133302159","1.305956979068437","1.589088975294962",
"1422","SHAPE-SSP1-1.5°C","IMAGE 3.3","Final Energy|Electricity","EJ/yr","[object Object]",2080,15.3085262451172,"1.589088975294962","1.305956979068437","2040","874.7510133302159","307.76767057037756","-294.33865102570024","2053","2075","GW1","Low Demand","failed","high","medium","medium","medium","high","ok","medium","ok","ok","ok","medium",,"C1","C1: Below 1.5°C with no or limited overshoot",,,"22.703071287512973","53.106407442237035","23.739778460341814","7.333101524219842","874.7510133302159","1.305956979068437","1.589088975294962",
"1422","SHAPE-SSP1-1.5°C","IMAGE 3.3","Final Energy|Electricity","EJ/yr","[object Object]",2090,15.5284626464844,"1.589088975294962","1.305956979068437","2040","874.7510133302159","307.76767057037756","-294.33865102570024","2053","2075","GW1","Low Demand","failed","high","medium","medium","medium","high","ok","medium","ok","ok","ok","medium",,"C1","C1: Below 1.5°C with no or limited overshoot",,,"22.703071287512973","53.106407442237035","23.739778460341814","7.333101524219842","874.7510133302159","1.305956979068437","1.589088975294962",
"1422","SHAPE-SSP1-1.5°C","IMAGE 3.3","Final Energy|Electricity","EJ/yr","[object Object]",2100,15.2824371337891,"1.589088975294962","1.305956979068437","2040","874.7510133302159","307.76767057037756","-294.33865102570024","2053","2075","GW1","Low Demand","failed","high","medium","medium","medium","high","ok","medium","ok","ok","ok","medium",,"C1","C1: Below 1.5°C with no or limited overshoot",,,"22.703071287512973","53.106407442237035","23.739778460341814","7.333101524219842","874.7510133302159","1.305956979068437","1.589088975294962",
"1424","SHAPE-SSP2-1.5°C [with Climate Change Impacts]","IMAGE 3.3","Final Energy|Electricity","EJ/yr","[object Object]",2010,11.0548908081055,"1.550453822248813","1.288192281065207","2039","1250.5738578295197","339.92702875938784","-266.96024098470815","2050","2079","GW1","Carbon Capture and Storage","failed","high","medium","medium","medium","high","medium","medium","medium","ok","ok","medium",,"C1","C1: Below 1.5°C with no or limited overshoot",,,"17.208041030027633","54.82794698342468","26.28939400785393","5.62797051715458","1250.5738578295197","1.288192281065207","1.550453822248813",
"1424","SHAPE-SSP2-1.5°C [with Climate Change Impacts]","IMAGE 3.3","Final Energy|Electricity","EJ/yr","[object Object]",2015,11.2567769165039,"1.550453822248813","1.288192281065207","2039","1250.5738578295197","339.92702875938784","-266.96024098470815","2050","2079","GW1","Carbon Capture and Storage","failed","high","medium","medium","medium","high","medium","medium","medium","ok","ok","medium",,"C1","C1: Below 1.5°C with no or limited overshoot",,,"17.208041030027633","54.82794698342468","26.28939400785393","5.62797051715458","1250.5738578295197","1.288192281065207","1.550453822248813",
"1424","SHAPE-SSP2-1.5°C [with Climate Change Impacts]","IMAGE 3.3","Final Energy|Electricity","EJ/yr","[object Object]",2020,10.3970267944336,"1.550453822248813","1.288192281065207","2039","1250.5738578295197","339.92702875938784","-266.96024098470815","2050","2079","GW1","Carbon Capture and Storage","failed","high","medium","medium","medium","high","medium","medium","medium","ok","ok","medium",,"C1","C1: Below 1.5°C with no or limited overshoot",,,"17.208041030027633","54.82794698342468","26.28939400785393","5.62797051715458","1250.5738578295197","1.288192281065207","1.550453822248813",
"1424","SHAPE-SSP2-1.5°C [with Climate Change Impacts]","IMAGE 3.3","Final Energy|Electricity","EJ/yr","[object Object]",2025,10.9042602539063,"1.550453822248813","1.288192281065207","2039","1250.5738578295197","339.92702875938784","-266.96024098470815","2050","2079","GW1","Carbon Capture and Storage","failed","high","medium","medium","medium","high","medium","medium","medium","ok","ok","medium",,"C1","C1: Below 1.5°C with no or limited overshoot",,,"17.208041030027633","54.82794698342468","26.28939400785393","5.62797051715458","1250.5738578295197","1.288192281065207","1.550453822248813",
"1424","SHAPE-SSP2-1.5°C [with Climate Change Impacts]","IMAGE 3.3","Final Energy|Electricity","EJ/yr","[object Object]",2030,11.2366087646484,"1.550453822248813","1.288192281065207","2039","1250.5738578295197","339.92702875938784","-266.96024098470815","2050","2079","GW1","Carbon Capture and Storage","failed","high","medium","medium","medium","high","medium","medium","medium","ok","ok","medium",,"C1","C1: Below 1.5°C with no or limited overshoot",,,"17.208041030027633","54.82794698342468","26.28939400785393","5.62797051715458","1250.5738578295197","1.288192281065207","1.550453822248813",
"1424","SHAPE-SSP2-1.5°C [with Climate Change Impacts]","IMAGE 3.3","Final Energy|Electricity","EJ/yr","[object Object]",2035,11.5327387695313,"1.550453822248813","1.288192281065207","2039","1250.5738578295197","339.92702875938784","-266.96024098470815","2050","2079","GW1","Carbon Capture and Storage","failed","high","medium","medium","medium","high","medium","medium","medium","ok","ok","medium",,"C1","C1: Below 1.5°C with no or limited overshoot",,,"17.208041030027633","54.82794698342468","26.28939400785393","5.62797051715458","1250.5738578295197","1.288192281065207","1.550453822248813",
"1424","SHAPE-SSP2-1.5°C [with Climate Change Impacts]","IMAGE 3.3","Final Energy|Electricity","EJ/yr","[object Object]",2040,12.3312364501953,"1.550453822248813","1.288192281065207","2039","1250.5738578295197","339.92702875938784","-266.96024098470815","2050","2079","GW1","Carbon Capture and Storage","failed","high","medium","medium","medium","high","medium","medium","medium","ok","ok","medium",,"C1","C1: Below 1.5°C with no or limited overshoot",,,"17.208041030027633","54.82794698342468","26.28939400785393","5.62797051715458","1250.5738578295197","1.288192281065207","1.550453822248813",
"1424","SHAPE-SSP2-1.5°C [with Climate Change Impacts]","IMAGE 3.3","Final Energy|Electricity","EJ/yr","[object Object]",2045,13.4820109863281,"1.550453822248813","1.288192281065207","2039","1250.5738578295197","339.92702875938784","-266.96024098470815","2050","2079","GW1","Carbon Capture and Storage","failed","high","medium","medium","medium","high","medium","medium","medium","ok","ok","medium",,"C1","C1: Below 1.5°C with no or limited overshoot",,,"17.208041030027633","54.82794698342468","26.28939400785393","5.62797051715458","1250.5738578295197","1.288192281065207","1.550453822248813",
"1424","SHAPE-SSP2-1.5°C [with Climate Change Impacts]","IMAGE 3.3","Final Energy|Electricity","EJ/yr","[object Object]",2050,14.6271826171875,"1.550453822248813","1.288192281065207","2039","1250.5738578295197","339.92702875938784","-266.96024098470815","2050","2079","GW1","Carbon Capture and Storage","failed","high","medium","medium","medium","high","medium","medium","medium","ok","ok","medium",,"C1","C1: Below 1.5°C with no or limited overshoot",,,"17.208041030027633","54.82794698342468","26.28939400785393","5.62797051715458","1250.5738578295197","1.288192281065207","1.550453822248813",
"1424","SHAPE-SSP2-1.5°C [with Climate Change Impacts]","IMAGE 3.3","Final Energy|Electricity","EJ/yr","[object Object]",2060,16.2842329101562,"1.550453822248813","1.288192281065207","2039","1250.5738578295197","339.92702875938784","-266.96024098470815","2050","2079","GW1","Carbon Capture and Storage","failed","high","medium","medium","medium","high","medium","medium","medium","ok","ok","medium",,"C1","C1: Below 1.5°C with no or limited overshoot",,,"17.208041030027633","54.82794698342468","26.28939400785393","5.62797051715458","1250.5738578295197","1.288192281065207","1.550453822248813",
"1424","SHAPE-SSP2-1.5°C [with Climate Change Impacts]","IMAGE 3.3","Final Energy|Electricity","EJ/yr","[object Object]",2070,17.72440625,"1.550453822248813","1.288192281065207","2039","1250.5738578295197","339.92702875938784","-266.96024098470815","2050","2079","GW1","Carbon Capture and Storage","failed","high","medium","medium","medium","high","medium","medium","medium","ok","ok","medium",,"C1","C1: Below 1.5°C with no or limited overshoot",,,"17.208041030027633","54.82794698342468","26.28939400785393","5.62797051715458","1250.5738578295197","1.288192281065207","1.550453822248813",
"1424","SHAPE-SSP2-1.5°C [with Climate Change Impacts]","IMAGE 3.3","Final Energy|Electricity","EJ/yr","[object Object]",2080,19.0146740722656,"1.550453822248813","1.288192281065207","2039","1250.5738578295197","339.92702875938784","-266.96024098470815","2050","2079","GW1","Carbon Capture and Storage","failed","high","medium","medium","medium","high","medium","medium","medium","ok","ok","medium",,"C1","C1: Below 1.5°C with no or limited overshoot",,,"17.208041030027633","54.82794698342468","26.28939400785393","5.62797051715458","1250.5738578295197","1.288192281065207","1.550453822248813",
"1424","SHAPE-SSP2-1.5°C [with Climate Change Impacts]","IMAGE 3.3","Final Energy|Electricity","EJ/yr","[object Object]",2090,20.6266530761719,"1.550453822248813","1.288192281065207","2039","1250.5738578295197","339.92702875938784","-266.96024098470815","2050","2079","GW1","Carbon Capture and Storage","failed","high","medium","medium","medium","high","medium","medium","medium","ok","ok","medium",,"C1","C1: Below 1.5°C with no or limited overshoot",,,"17.208041030027633","54.82794698342468","26.28939400785393","5.62797051715458","1250.5738578295197","1.288192281065207","1.550453822248813",
"1424","SHAPE-SSP2-1.5°C [with Climate Change Impacts]","IMAGE 3.3","Final Energy|Electricity","EJ/yr","[object Object]",2100,20.9431572265625,"1.550453822248813","1.288192281065207","2039","1250.5738578295197","339.92702875938784","-266.96024098470815","2050","2079","GW1","Carbon Capture and Storage","failed","high","medium","medium","medium","high","medium","medium","medium","ok","ok","medium",,"C1","C1: Below 1.5°C with no or limited overshoot",,,"17.208041030027633","54.82794698342468","26.28939400785393","5.62797051715458","1250.5738578295197","1.288192281065207","1.550453822248813",
"1426","SHAPE-SDP-EI-1.5°C [with Climate Change Impacts]","REMIND-MAgPIE 3.2-4.6","Final Energy|Electricity","EJ/yr","[object Object]",2010,10.3969,"1.593216553618873","1.203216572827528","2047","322.88668055","517.0151977999999","-133.5892337","2056","2096","GW1","Rapid Fossil-Fuel Phase-Out","failed","medium","medium","ok","medium","ok","ok","medium","ok","ok","ok","medium",,"C1","C1: Below 1.5°C with no or limited overshoot",,,"51.48799201698824","14.480161120542261","33.070478068013806","6.275088012895637","322.88668055","1.203216572827528","1.593216553618873",
"1426","SHAPE-SDP-EI-1.5°C [with Climate Change Impacts]","REMIND-MAgPIE 3.2-4.6","Final Energy|Electricity","EJ/yr","[object Object]",2015,9.9446,"1.593216553618873","1.203216572827528","2047","322.88668055","517.0151977999999","-133.5892337","2056","2096","GW1","Rapid Fossil-Fuel Phase-Out","failed","medium","medium","ok","medium","ok","ok","medium","ok","ok","ok","medium",,"C1","C1: Below 1.5°C with no or limited overshoot",,,"51.48799201698824","14.480161120542261","33.070478068013806","6.275088012895637","322.88668055","1.203216572827528","1.593216553618873",
"1426","SHAPE-SDP-EI-1.5°C [with Climate Change Impacts]","REMIND-MAgPIE 3.2-4.6","Final Energy|Electricity","EJ/yr","[object Object]",2020,10.4729,"1.593216553618873","1.203216572827528","2047","322.88668055","517.0151977999999","-133.5892337","2056","2096","GW1","Rapid Fossil-Fuel Phase-Out","failed","medium","medium","ok","medium","ok","ok","medium","ok","ok","ok","medium",,"C1","C1: Below 1.5°C with no or limited overshoot",,,"51.48799201698824","14.480161120542261","33.070478068013806","6.275088012895637","322.88668055","1.203216572827528","1.593216553618873",
"1426","SHAPE-SDP-EI-1.5°C [with Climate Change Impacts]","REMIND-MAgPIE 3.2-4.6","Final Energy|Electricity","EJ/yr","[object Object]",2025,11.5215,"1.593216553618873","1.203216572827528","2047","322.88668055","517.0151977999999","-133.5892337","2056","2096","GW1","Rapid Fossil-Fuel Phase-Out","failed","medium","medium","ok","medium","ok","ok","medium","ok","ok","ok","medium",,"C1","C1: Below 1.5°C with no or limited overshoot",,,"51.48799201698824","14.480161120542261","33.070478068013806","6.275088012895637","322.88668055","1.203216572827528","1.593216553618873",
"1426","SHAPE-SDP-EI-1.5°C [with Climate Change Impacts]","REMIND-MAgPIE 3.2-4.6","Final Energy|Electricity","EJ/yr","[object Object]",2030,12.7609,"1.593216553618873","1.203216572827528","2047","322.88668055","517.0151977999999","-133.5892337","2056","2096","GW1","Rapid Fossil-Fuel Phase-Out","failed","medium","medium","ok","medium","ok","ok","medium","ok","ok","ok","medium",,"C1","C1: Below 1.5°C with no or limited overshoot",,,"51.48799201698824","14.480161120542261","33.070478068013806","6.275088012895637","322.88668055","1.203216572827528","1.593216553618873",
"1426","SHAPE-SDP-EI-1.5°C [with Climate Change Impacts]","REMIND-MAgPIE 3.2-4.6","Final Energy|Electricity","EJ/yr","[object Object]",2035,14.405,"1.593216553618873","1.203216572827528","2047","322.88668055","517.0151977999999","-133.5892337","2056","2096","GW1","Rapid Fossil-Fuel Phase-Out","failed","medium","medium","ok","medium","ok","ok","medium","ok","ok","ok","medium",,"C1","C1: Below 1.5°C with no or limited overshoot",,,"51.48799201698824","14.480161120542261","33.070478068013806","6.275088012895637","322.88668055","1.203216572827528","1.593216553618873",
"1426","SHAPE-SDP-EI-1.5°C [with Climate Change Impacts]","REMIND-MAgPIE 3.2-4.6","Final Energy|Electricity","EJ/yr","[object Object]",2040,14.7945,"1.593216553618873","1.203216572827528","2047","322.88668055","517.0151977999999","-133.5892337","2056","2096","GW1","Rapid Fossil-Fuel Phase-Out","failed","medium","medium","ok","medium","ok","ok","medium","ok","ok","ok","medium",,"C1","C1: Below 1.5°C with no or limited overshoot",,,"51.48799201698824","14.480161120542261","33.070478068013806","6.275088012895637","322.88668055","1.203216572827528","1.593216553618873",
"1426","SHAPE-SDP-EI-1.5°C [with Climate Change Impacts]","REMIND-MAgPIE 3.2-4.6","Final Energy|Electricity","EJ/yr","[object Object]",2045,14.7236,"1.593216553618873","1.203216572827528","2047","322.88668055","517.0151977999999","-133.5892337","2056","2096","GW1","Rapid Fossil-Fuel Phase-Out","failed","medium","medium","ok","medium","ok","ok","medium","ok","ok","ok","medium",,"C1","C1: Below 1.5°C with no or limited overshoot",,,"51.48799201698824","14.480161120542261","33.070478068013806","6.275088012895637","322.88668055","1.203216572827528","1.593216553618873",
"1426","SHAPE-SDP-EI-1.5°C [with Climate Change Impacts]","REMIND-MAgPIE 3.2-4.6","Final Energy|Electricity","EJ/yr","[object Object]",2050,14.094,"1.593216553618873","1.203216572827528","2047","322.88668055","517.0151977999999","-133.5892337","2056","2096","GW1","Rapid Fossil-Fuel Phase-Out","failed","medium","medium","ok","medium","ok","ok","medium","ok","ok","ok","medium",,"C1","C1: Below 1.5°C with no or limited overshoot",,,"51.48799201698824","14.480161120542261","33.070478068013806","6.275088012895637","322.88668055","1.203216572827528","1.593216553618873",
"1426","SHAPE-SDP-EI-1.5°C [with Climate Change Impacts]","REMIND-MAgPIE 3.2-4.6","Final Energy|Electricity","EJ/yr","[object Object]",2055,13.0401,"1.593216553618873","1.203216572827528","2047","322.88668055","517.0151977999999","-133.5892337","2056","2096","GW1","Rapid Fossil-Fuel Phase-Out","failed","medium","medium","ok","medium","ok","ok","medium","ok","ok","ok","medium",,"C1","C1: Below 1.5°C with no or limited overshoot",,,"51.48799201698824","14.480161120542261","33.070478068013806","6.275088012895637","322.88668055","1.203216572827528","1.593216553618873",
"1426","SHAPE-SDP-EI-1.5°C [with Climate Change Impacts]","REMIND-MAgPIE 3.2-4.6","Final Energy|Electricity","EJ/yr","[object Object]",2060,12.29,"1.593216553618873","1.203216572827528","2047","322.88668055","517.0151977999999","-133.5892337","2056","2096","GW1","Rapid Fossil-Fuel Phase-Out","failed","medium","medium","ok","medium","ok","ok","medium","ok","ok","ok","medium",,"C1","C1: Below 1.5°C with no or limited overshoot",,,"51.48799201698824","14.480161120542261","33.070478068013806","6.275088012895637","322.88668055","1.203216572827528","1.593216553618873",
"1426","SHAPE-SDP-EI-1.5°C [with Climate Change Impacts]","REMIND-MAgPIE 3.2-4.6","Final Energy|Electricity","EJ/yr","[object Object]",2070,11.8311,"1.593216553618873","1.203216572827528","2047","322.88668055","517.0151977999999","-133.5892337","2056","2096","GW1","Rapid Fossil-Fuel Phase-Out","failed","medium","medium","ok","medium","ok","ok","medium","ok","ok","ok","medium",,"C1","C1: Below 1.5°C with no or limited overshoot",,,"51.48799201698824","14.480161120542261","33.070478068013806","6.275088012895637","322.88668055","1.203216572827528","1.593216553618873",
"1426","SHAPE-SDP-EI-1.5°C [with Climate Change Impacts]","REMIND-MAgPIE 3.2-4.6","Final Energy|Electricity","EJ/yr","[object Object]",2080,12.034,"1.593216553618873","1.203216572827528","2047","322.88668055","517.0151977999999","-133.5892337","2056","2096","GW1","Rapid Fossil-Fuel Phase-Out","failed","medium","medium","ok","medium","ok","ok","medium","ok","ok","ok","medium",,"C1","C1: Below 1.5°C with no or limited overshoot",,,"51.48799201698824","14.480161120542261","33.070478068013806","6.275088012895637","322.88668055","1.203216572827528","1.593216553618873",
"1426","SHAPE-SDP-EI-1.5°C [with Climate Change Impacts]","REMIND-MAgPIE 3.2-4.6","Final Energy|Electricity","EJ/yr","[object Object]",2090,12.027,"1.593216553618873","1.203216572827528","2047","322.88668055","517.0151977999999","-133.5892337","2056","2096","GW1","Rapid Fossil-Fuel Phase-Out","failed","medium","medium","ok","medium","ok","ok","medium","ok","ok","ok","medium",,"C1","C1: Below 1.5°C with no or limited overshoot",,,"51.48799201698824","14.480161120542261","33.070478068013806","6.275088012895637","322.88668055","1.203216572827528","1.593216553618873",
"1426","SHAPE-SDP-EI-1.5°C [with Climate Change Impacts]","REMIND-MAgPIE 3.2-4.6","Final Energy|Electricity","EJ/yr","[object Object]",2100,11.8149,"1.593216553618873","1.203216572827528","2047","322.88668055","517.0151977999999","-133.5892337","2056","2096","GW1","Rapid Fossil-Fuel Phase-Out","failed","medium","medium","ok","medium","ok","ok","medium","ok","ok","ok","medium",,"C1","C1: Below 1.5°C with no or limited overshoot",,,"51.48799201698824","14.480161120542261","33.070478068013806","6.275088012895637","322.88668055","1.203216572827528","1.593216553618873",
"1427","SHAPE-SDP-MC-1.5°C [with Climate Change Impacts]","REMIND-MAgPIE 3.2-4.6","Final Energy|Electricity","EJ/yr","[object Object]",2010,10.3969,"1.607334112509135","1.130003924596352","2038","214.3115224","588.5670461999998","-63.076081900000005","2066","2095","GW1","Low Demand and Decarbonization","failed","medium","ok","ok","ok","ok","ok","ok","ok","ok","ok","ok",,"C1","C1: Below 1.5°C with no or limited overshoot",,,"48.346833550415795","14.447672850305587","35.98739123397893","5.646577433695626","214.3115224","1.130003924596352","1.607334112509135",
"1427","SHAPE-SDP-MC-1.5°C [with Climate Change Impacts]","REMIND-MAgPIE 3.2-4.6","Final Energy|Electricity","EJ/yr","[object Object]",2015,9.9446,"1.607334112509135","1.130003924596352","2038","214.3115224","588.5670461999998","-63.076081900000005","2066","2095","GW1","Low Demand and Decarbonization","failed","medium","ok","ok","ok","ok","ok","ok","ok","ok","ok","ok",,"C1","C1: Below 1.5°C with no or limited overshoot",,,"48.346833550415795","14.447672850305587","35.98739123397893","5.646577433695626","214.3115224","1.130003924596352","1.607334112509135",
"1427","SHAPE-SDP-MC-1.5°C [with Climate Change Impacts]","REMIND-MAgPIE 3.2-4.6","Final Energy|Electricity","EJ/yr","[object Object]",2020,10.4729,"1.607334112509135","1.130003924596352","2038","214.3115224","588.5670461999998","-63.076081900000005","2066","2095","GW1","Low Demand and Decarbonization","failed","medium","ok","ok","ok","ok","ok","ok","ok","ok","ok","ok",,"C1","C1: Below 1.5°C with no or limited overshoot",,,"48.346833550415795","14.447672850305587","35.98739123397893","5.646577433695626","214.3115224","1.130003924596352","1.607334112509135",
"1427","SHAPE-SDP-MC-1.5°C [with Climate Change Impacts]","REMIND-MAgPIE 3.2-4.6","Final Energy|Electricity","EJ/yr","[object Object]",2025,11.2379,"1.607334112509135","1.130003924596352","2038","214.3115224","588.5670461999998","-63.076081900000005","2066","2095","GW1","Low Demand and Decarbonization","failed","medium","ok","ok","ok","ok","ok","ok","ok","ok","ok","ok",,"C1","C1: Below 1.5°C with no or limited overshoot",,,"48.346833550415795","14.447672850305587","35.98739123397893","5.646577433695626","214.3115224","1.130003924596352","1.607334112509135",
"1427","SHAPE-SDP-MC-1.5°C [with Climate Change Impacts]","REMIND-MAgPIE 3.2-4.6","Final Energy|Electricity","EJ/yr","[object Object]",2030,11.833,"1.607334112509135","1.130003924596352","2038","214.3115224","588.5670461999998","-63.076081900000005","2066","2095","GW1","Low Demand and Decarbonization","failed","medium","ok","ok","ok","ok","ok","ok","ok","ok","ok","ok",,"C1","C1: Below 1.5°C with no or limited overshoot",,,"48.346833550415795","14.447672850305587","35.98739123397893","5.646577433695626","214.3115224","1.130003924596352","1.607334112509135",
"1427","SHAPE-SDP-MC-1.5°C [with Climate Change Impacts]","REMIND-MAgPIE 3.2-4.6","Final Energy|Electricity","EJ/yr","[object Object]",2035,12.4279,"1.607334112509135","1.130003924596352","2038","214.3115224","588.5670461999998","-63.076081900000005","2066","2095","GW1","Low Demand and Decarbonization","failed","medium","ok","ok","ok","ok","ok","ok","ok","ok","ok","ok",,"C1","C1: Below 1.5°C with no or limited overshoot",,,"48.346833550415795","14.447672850305587","35.98739123397893","5.646577433695626","214.3115224","1.130003924596352","1.607334112509135",
"1427","SHAPE-SDP-MC-1.5°C [with Climate Change Impacts]","REMIND-MAgPIE 3.2-4.6","Final Energy|Electricity","EJ/yr","[object Object]",2040,12.4545,"1.607334112509135","1.130003924596352","2038","214.3115224","588.5670461999998","-63.076081900000005","2066","2095","GW1","Low Demand and Decarbonization","failed","medium","ok","ok","ok","ok","ok","ok","ok","ok","ok","ok",,"C1","C1: Below 1.5°C with no or limited overshoot",,,"48.346833550415795","14.447672850305587","35.98739123397893","5.646577433695626","214.3115224","1.130003924596352","1.607334112509135",
"1427","SHAPE-SDP-MC-1.5°C [with Climate Change Impacts]","REMIND-MAgPIE 3.2-4.6","Final Energy|Electricity","EJ/yr","[object Object]",2045,11.9619,"1.607334112509135","1.130003924596352","2038","214.3115224","588.5670461999998","-63.076081900000005","2066","2095","GW1","Low Demand and Decarbonization","failed","medium","ok","ok","ok","ok","ok","ok","ok","ok","ok","ok",,"C1","C1: Below 1.5°C with no or limited overshoot",,,"48.346833550415795","14.447672850305587","35.98739123397893","5.646577433695626","214.3115224","1.130003924596352","1.607334112509135",
"1427","SHAPE-SDP-MC-1.5°C [with Climate Change Impacts]","REMIND-MAgPIE 3.2-4.6","Final Energy|Electricity","EJ/yr","[object Object]",2050,11.1212,"1.607334112509135","1.130003924596352","2038","214.3115224","588.5670461999998","-63.076081900000005","2066","2095","GW1","Low Demand and Decarbonization","failed","medium","ok","ok","ok","ok","ok","ok","ok","ok","ok","ok",,"C1","C1: Below 1.5°C with no or limited overshoot",,,"48.346833550415795","14.447672850305587","35.98739123397893","5.646577433695626","214.3115224","1.130003924596352","1.607334112509135",
"1427","SHAPE-SDP-MC-1.5°C [with Climate Change Impacts]","REMIND-MAgPIE 3.2-4.6","Final Energy|Electricity","EJ/yr","[object Object]",2055,10.0467,"1.607334112509135","1.130003924596352","2038","214.3115224","588.5670461999998","-63.076081900000005","2066","2095","GW1","Low Demand and Decarbonization","failed","medium","ok","ok","ok","ok","ok","ok","ok","ok","ok","ok",,"C1","C1: Below 1.5°C with no or limited overshoot",,,"48.346833550415795","14.447672850305587","35.98739123397893","5.646577433695626","214.3115224","1.130003924596352","1.607334112509135",
"1427","SHAPE-SDP-MC-1.5°C [with Climate Change Impacts]","REMIND-MAgPIE 3.2-4.6","Final Energy|Electricity","EJ/yr","[object Object]",2060,9.1323,"1.607334112509135","1.130003924596352","2038","214.3115224","588.5670461999998","-63.076081900000005","2066","2095","GW1","Low Demand and Decarbonization","failed","medium","ok","ok","ok","ok","ok","ok","ok","ok","ok","ok",,"C1","C1: Below 1.5°C with no or limited overshoot",,,"48.346833550415795","14.447672850305587","35.98739123397893","5.646577433695626","214.3115224","1.130003924596352","1.607334112509135",
"1427","SHAPE-SDP-MC-1.5°C [with Climate Change Impacts]","REMIND-MAgPIE 3.2-4.6","Final Energy|Electricity","EJ/yr","[object Object]",2070,8.4895,"1.607334112509135","1.130003924596352","2038","214.3115224","588.5670461999998","-63.076081900000005","2066","2095","GW1","Low Demand and Decarbonization","failed","medium","ok","ok","ok","ok","ok","ok","ok","ok","ok","ok",,"C1","C1: Below 1.5°C with no or limited overshoot",,,"48.346833550415795","14.447672850305587","35.98739123397893","5.646577433695626","214.3115224","1.130003924596352","1.607334112509135",
"1427","SHAPE-SDP-MC-1.5°C [with Climate Change Impacts]","REMIND-MAgPIE 3.2-4.6","Final Energy|Electricity","EJ/yr","[object Object]",2080,8.3561,"1.607334112509135","1.130003924596352","2038","214.3115224","588.5670461999998","-63.076081900000005","2066","2095","GW1","Low Demand and Decarbonization","failed","medium","ok","ok","ok","ok","ok","ok","ok","ok","ok","ok",,"C1","C1: Below 1.5°C with no or limited overshoot",,,"48.346833550415795","14.447672850305587","35.98739123397893","5.646577433695626","214.3115224","1.130003924596352","1.607334112509135",
"1427","SHAPE-SDP-MC-1.5°C [with Climate Change Impacts]","REMIND-MAgPIE 3.2-4.6","Final Energy|Electricity","EJ/yr","[object Object]",2090,8.0116,"1.607334112509135","1.130003924596352","2038","214.3115224","588.5670461999998","-63.076081900000005","2066","2095","GW1","Low Demand and Decarbonization","failed","medium","ok","ok","ok","ok","ok","ok","ok","ok","ok","ok",,"C1","C1: Below 1.5°C with no or limited overshoot",,,"48.346833550415795","14.447672850305587","35.98739123397893","5.646577433695626","214.3115224","1.130003924596352","1.607334112509135",
"1427","SHAPE-SDP-MC-1.5°C [with Climate Change Impacts]","REMIND-MAgPIE 3.2-4.6","Final Energy|Electricity","EJ/yr","[object Object]",2100,7.6924,"1.607334112509135","1.130003924596352","2038","214.3115224","588.5670461999998","-63.076081900000005","2066","2095","GW1","Low Demand and Decarbonization","failed","medium","ok","ok","ok","ok","ok","ok","ok","ok","ok","ok",,"C1","C1: Below 1.5°C with no or limited overshoot",,,"48.346833550415795","14.447672850305587","35.98739123397893","5.646577433695626","214.3115224","1.130003924596352","1.607334112509135",
"1428","SHAPE-SDP-RC-1.5°C [with Climate Change Impacts]","REMIND-MAgPIE 3.2-4.6","Final Energy|Electricity","EJ/yr","[object Object]",2010,10.3969,"1.555070603245613","1.137121351226279","2039","135.2320228","611.0752984000001","-42.064174879999996","2068",,"GW1","Low Demand and Decarbonization","failed","medium","ok","ok","ok","ok","ok","ok","ok","ok","ok","ok",,"C1","C1: Below 1.5°C with no or limited overshoot",,,"50.133563796354494","10.914126335637965","37.71095223130107","4.172202426980007","135.2320228","1.137121351226279","1.555070603245613",
"1428","SHAPE-SDP-RC-1.5°C [with Climate Change Impacts]","REMIND-MAgPIE 3.2-4.6","Final Energy|Electricity","EJ/yr","[object Object]",2015,9.9446,"1.555070603245613","1.137121351226279","2039","135.2320228","611.0752984000001","-42.064174879999996","2068",,"GW1","Low Demand and Decarbonization","failed","medium","ok","ok","ok","ok","ok","ok","ok","ok","ok","ok",,"C1","C1: Below 1.5°C with no or limited overshoot",,,"50.133563796354494","10.914126335637965","37.71095223130107","4.172202426980007","135.2320228","1.137121351226279","1.555070603245613",
"1428","SHAPE-SDP-RC-1.5°C [with Climate Change Impacts]","REMIND-MAgPIE 3.2-4.6","Final Energy|Electricity","EJ/yr","[object Object]",2020,10.4729,"1.555070603245613","1.137121351226279","2039","135.2320228","611.0752984000001","-42.064174879999996","2068",,"GW1","Low Demand and Decarbonization","failed","medium","ok","ok","ok","ok","ok","ok","ok","ok","ok","ok",,"C1","C1: Below 1.5°C with no or limited overshoot",,,"50.133563796354494","10.914126335637965","37.71095223130107","4.172202426980007","135.2320228","1.137121351226279","1.555070603245613",
"1428","SHAPE-SDP-RC-1.5°C [with Climate Change Impacts]","REMIND-MAgPIE 3.2-4.6","Final Energy|Electricity","EJ/yr","[object Object]",2025,11.1715,"1.555070603245613","1.137121351226279","2039","135.2320228","611.0752984000001","-42.064174879999996","2068",,"GW1","Low Demand and Decarbonization","failed","medium","ok","ok","ok","ok","ok","ok","ok","ok","ok","ok",,"C1","C1: Below 1.5°C with no or limited overshoot",,,"50.133563796354494","10.914126335637965","37.71095223130107","4.172202426980007","135.2320228","1.137121351226279","1.555070603245613",
"1428","SHAPE-SDP-RC-1.5°C [with Climate Change Impacts]","REMIND-MAgPIE 3.2-4.6","Final Energy|Electricity","EJ/yr","[object Object]",2030,11.5074,"1.555070603245613","1.137121351226279","2039","135.2320228","611.0752984000001","-42.064174879999996","2068",,"GW1","Low Demand and Decarbonization","failed","medium","ok","ok","ok","ok","ok","ok","ok","ok","ok","ok",,"C1","C1: Below 1.5°C with no or limited overshoot",,,"50.133563796354494","10.914126335637965","37.71095223130107","4.172202426980007","135.2320228","1.137121351226279","1.555070603245613",
"1428","SHAPE-SDP-RC-1.5°C [with Climate Change Impacts]","REMIND-MAgPIE 3.2-4.6","Final Energy|Electricity","EJ/yr","[object Object]",2035,12.1299,"1.555070603245613","1.137121351226279","2039","135.2320228","611.0752984000001","-42.064174879999996","2068",,"GW1","Low Demand and Decarbonization","failed","medium","ok","ok","ok","ok","ok","ok","ok","ok","ok","ok",,"C1","C1: Below 1.5°C with no or limited overshoot",,,"50.133563796354494","10.914126335637965","37.71095223130107","4.172202426980007","135.2320228","1.137121351226279","1.555070603245613",
"1428","SHAPE-SDP-RC-1.5°C [with Climate Change Impacts]","REMIND-MAgPIE 3.2-4.6","Final Energy|Electricity","EJ/yr","[object Object]",2040,11.9952,"1.555070603245613","1.137121351226279","2039","135.2320228","611.0752984000001","-42.064174879999996","2068",,"GW1","Low Demand and Decarbonization","failed","medium","ok","ok","ok","ok","ok","ok","ok","ok","ok","ok",,"C1","C1: Below 1.5°C with no or limited overshoot",,,"50.133563796354494","10.914126335637965","37.71095223130107","4.172202426980007","135.2320228","1.137121351226279","1.555070603245613",
"1428","SHAPE-SDP-RC-1.5°C [with Climate Change Impacts]","REMIND-MAgPIE 3.2-4.6","Final Energy|Electricity","EJ/yr","[object Object]",2045,11.1846,"1.555070603245613","1.137121351226279","2039","135.2320228","611.0752984000001","-42.064174879999996","2068",,"GW1","Low Demand and Decarbonization","failed","medium","ok","ok","ok","ok","ok","ok","ok","ok","ok","ok",,"C1","C1: Below 1.5°C with no or limited overshoot",,,"50.133563796354494","10.914126335637965","37.71095223130107","4.172202426980007","135.2320228","1.137121351226279","1.555070603245613",
"1428","SHAPE-SDP-RC-1.5°C [with Climate Change Impacts]","REMIND-MAgPIE 3.2-4.6","Final Energy|Electricity","EJ/yr","[object Object]",2050,10.049,"1.555070603245613","1.137121351226279","2039","135.2320228","611.0752984000001","-42.064174879999996","2068",,"GW1","Low Demand and Decarbonization","failed","medium","ok","ok","ok","ok","ok","ok","ok","ok","ok","ok",,"C1","C1: Below 1.5°C with no or limited overshoot",,,"50.133563796354494","10.914126335637965","37.71095223130107","4.172202426980007","135.2320228","1.137121351226279","1.555070603245613",
"1428","SHAPE-SDP-RC-1.5°C [with Climate Change Impacts]","REMIND-MAgPIE 3.2-4.6","Final Energy|Electricity","EJ/yr","[object Object]",2055,8.9694,"1.555070603245613","1.137121351226279","2039","135.2320228","611.0752984000001","-42.064174879999996","2068",,"GW1","Low Demand and Decarbonization","failed","medium","ok","ok","ok","ok","ok","ok","ok","ok","ok","ok",,"C1","C1: Below 1.5°C with no or limited overshoot",,,"50.133563796354494","10.914126335637965","37.71095223130107","4.172202426980007","135.2320228","1.137121351226279","1.555070603245613",
"1428","SHAPE-SDP-RC-1.5°C [with Climate Change Impacts]","REMIND-MAgPIE 3.2-4.6","Final Energy|Electricity","EJ/yr","[object Object]",2060,8.1818,"1.555070603245613","1.137121351226279","2039","135.2320228","611.0752984000001","-42.064174879999996","2068",,"GW1","Low Demand and Decarbonization","failed","medium","ok","ok","ok","ok","ok","ok","ok","ok","ok","ok",,"C1","C1: Below 1.5°C with no or limited overshoot",,,"50.133563796354494","10.914126335637965","37.71095223130107","4.172202426980007","135.2320228","1.137121351226279","1.555070603245613",
"1428","SHAPE-SDP-RC-1.5°C [with Climate Change Impacts]","REMIND-MAgPIE 3.2-4.6","Final Energy|Electricity","EJ/yr","[object Object]",2070,7.417,"1.555070603245613","1.137121351226279","2039","135.2320228","611.0752984000001","-42.064174879999996","2068",,"GW1","Low Demand and Decarbonization","failed","medium","ok","ok","ok","ok","ok","ok","ok","ok","ok","ok",,"C1","C1: Below 1.5°C with no or limited overshoot",,,"50.133563796354494","10.914126335637965","37.71095223130107","4.172202426980007","135.2320228","1.137121351226279","1.555070603245613",
"1428","SHAPE-SDP-RC-1.5°C [with Climate Change Impacts]","REMIND-MAgPIE 3.2-4.6","Final Energy|Electricity","EJ/yr","[object Object]",2080,7.128,"1.555070603245613","1.137121351226279","2039","135.2320228","611.0752984000001","-42.064174879999996","2068",,"GW1","Low Demand and Decarbonization","failed","medium","ok","ok","ok","ok","ok","ok","ok","ok","ok","ok",,"C1","C1: Below 1.5°C with no or limited overshoot",,,"50.133563796354494","10.914126335637965","37.71095223130107","4.172202426980007","135.2320228","1.137121351226279","1.555070603245613",
"1428","SHAPE-SDP-RC-1.5°C [with Climate Change Impacts]","REMIND-MAgPIE 3.2-4.6","Final Energy|Electricity","EJ/yr","[object Object]",2090,6.6561,"1.555070603245613","1.137121351226279","2039","135.2320228","611.0752984000001","-42.064174879999996","2068",,"GW1","Low Demand and Decarbonization","failed","medium","ok","ok","ok","ok","ok","ok","ok","ok","ok","ok",,"C1","C1: Below 1.5°C with no or limited overshoot",,,"50.133563796354494","10.914126335637965","37.71095223130107","4.172202426980007","135.2320228","1.137121351226279","1.555070603245613",
"1428","SHAPE-SDP-RC-1.5°C [with Climate Change Impacts]","REMIND-MAgPIE 3.2-4.6","Final Energy|Electricity","EJ/yr","[object Object]",2100,6.2309,"1.555070603245613","1.137121351226279","2039","135.2320228","611.0752984000001","-42.064174879999996","2068",,"GW1","Low Demand and Decarbonization","failed","medium","ok","ok","ok","ok","ok","ok","ok","ok","ok","ok",,"C1","C1: Below 1.5°C with no or limited overshoot",,,"50.133563796354494","10.914126335637965","37.71095223130107","4.172202426980007","135.2320228","1.137121351226279","1.555070603245613",
"1429","SHAPE-SSP1-1.5°C","REMIND-MAgPIE 3.2-4.6","Final Energy|Electricity","EJ/yr","[object Object]",2010,10.3969,"1.617028551323297","1.213009039580329","2048","258.11476065","549.0517687000001","-100.12409904","2062","2092","GW1","Rapid Fossil-Fuel Phase-Out","failed","medium","ok","ok","ok","ok","ok","ok","ok","ok","ok","medium",,"C1","C1: Below 1.5°C with no or limited overshoot",,,"46.667537614039674","18.200933780004917","34.14829123235943","6.0290271000175295","258.11476065","1.213009039580329","1.617028551323297",
"1429","SHAPE-SSP1-1.5°C","REMIND-MAgPIE 3.2-4.6","Final Energy|Electricity","EJ/yr","[object Object]",2015,9.9446,"1.617028551323297","1.213009039580329","2048","258.11476065","549.0517687000001","-100.12409904","2062","2092","GW1","Rapid Fossil-Fuel Phase-Out","failed","medium","ok","ok","ok","ok","ok","ok","ok","ok","ok","medium",,"C1","C1: Below 1.5°C with no or limited overshoot",,,"46.667537614039674","18.200933780004917","34.14829123235943","6.0290271000175295","258.11476065","1.213009039580329","1.617028551323297",
"1429","SHAPE-SSP1-1.5°C","REMIND-MAgPIE 3.2-4.6","Final Energy|Electricity","EJ/yr","[object Object]",2020,10.4729,"1.617028551323297","1.213009039580329","2048","258.11476065","549.0517687000001","-100.12409904","2062","2092","GW1","Rapid Fossil-Fuel Phase-Out","failed","medium","ok","ok","ok","ok","ok","ok","ok","ok","ok","medium",,"C1","C1: Below 1.5°C with no or limited overshoot",,,"46.667537614039674","18.200933780004917","34.14829123235943","6.0290271000175295","258.11476065","1.213009039580329","1.617028551323297",
"1429","SHAPE-SSP1-1.5°C","REMIND-MAgPIE 3.2-4.6","Final Energy|Electricity","EJ/yr","[object Object]",2025,11.2376,"1.617028551323297","1.213009039580329","2048","258.11476065","549.0517687000001","-100.12409904","2062","2092","GW1","Rapid Fossil-Fuel Phase-Out","failed","medium","ok","ok","ok","ok","ok","ok","ok","ok","ok","medium",,"C1","C1: Below 1.5°C with no or limited overshoot",,,"46.667537614039674","18.200933780004917","34.14829123235943","6.0290271000175295","258.11476065","1.213009039580329","1.617028551323297",
"1429","SHAPE-SSP1-1.5°C","REMIND-MAgPIE 3.2-4.6","Final Energy|Electricity","EJ/yr","[object Object]",2030,11.5078,"1.617028551323297","1.213009039580329","2048","258.11476065","549.0517687000001","-100.12409904","2062","2092","GW1","Rapid Fossil-Fuel Phase-Out","failed","medium","ok","ok","ok","ok","ok","ok","ok","ok","ok","medium",,"C1","C1: Below 1.5°C with no or limited overshoot",,,"46.667537614039674","18.200933780004917","34.14829123235943","6.0290271000175295","258.11476065","1.213009039580329","1.617028551323297",
"1429","SHAPE-SSP1-1.5°C","REMIND-MAgPIE 3.2-4.6","Final Energy|Electricity","EJ/yr","[object Object]",2035,12.2724,"1.617028551323297","1.213009039580329","2048","258.11476065","549.0517687000001","-100.12409904","2062","2092","GW1","Rapid Fossil-Fuel Phase-Out","failed","medium","ok","ok","ok","ok","ok","ok","ok","ok","ok","medium",,"C1","C1: Below 1.5°C with no or limited overshoot",,,"46.667537614039674","18.200933780004917","34.14829123235943","6.0290271000175295","258.11476065","1.213009039580329","1.617028551323297",
"1429","SHAPE-SSP1-1.5°C","REMIND-MAgPIE 3.2-4.6","Final Energy|Electricity","EJ/yr","[object Object]",2040,12.5096,"1.617028551323297","1.213009039580329","2048","258.11476065","549.0517687000001","-100.12409904","2062","2092","GW1","Rapid Fossil-Fuel Phase-Out","failed","medium","ok","ok","ok","ok","ok","ok","ok","ok","ok","medium",,"C1","C1: Below 1.5°C with no or limited overshoot",,,"46.667537614039674","18.200933780004917","34.14829123235943","6.0290271000175295","258.11476065","1.213009039580329","1.617028551323297",
"1429","SHAPE-SSP1-1.5°C","REMIND-MAgPIE 3.2-4.6","Final Energy|Electricity","EJ/yr","[object Object]",2045,12.1535,"1.617028551323297","1.213009039580329","2048","258.11476065","549.0517687000001","-100.12409904","2062","2092","GW1","Rapid Fossil-Fuel Phase-Out","failed","medium","ok","ok","ok","ok","ok","ok","ok","ok","ok","medium",,"C1","C1: Below 1.5°C with no or limited overshoot",,,"46.667537614039674","18.200933780004917","34.14829123235943","6.0290271000175295","258.11476065","1.213009039580329","1.617028551323297",
"1429","SHAPE-SSP1-1.5°C","REMIND-MAgPIE 3.2-4.6","Final Energy|Electricity","EJ/yr","[object Object]",2050,11.428,"1.617028551323297","1.213009039580329","2048","258.11476065","549.0517687000001","-100.12409904","2062","2092","GW1","Rapid Fossil-Fuel Phase-Out","failed","medium","ok","ok","ok","ok","ok","ok","ok","ok","ok","medium",,"C1","C1: Below 1.5°C with no or limited overshoot",,,"46.667537614039674","18.200933780004917","34.14829123235943","6.0290271000175295","258.11476065","1.213009039580329","1.617028551323297",
"1429","SHAPE-SSP1-1.5°C","REMIND-MAgPIE 3.2-4.6","Final Energy|Electricity","EJ/yr","[object Object]",2055,10.5363,"1.617028551323297","1.213009039580329","2048","258.11476065","549.0517687000001","-100.12409904","2062","2092","GW1","Rapid Fossil-Fuel Phase-Out","failed","medium","ok","ok","ok","ok","ok","ok","ok","ok","ok","medium",,"C1","C1: Below 1.5°C with no or limited overshoot",,,"46.667537614039674","18.200933780004917","34.14829123235943","6.0290271000175295","258.11476065","1.213009039580329","1.617028551323297",
"1429","SHAPE-SSP1-1.5°C","REMIND-MAgPIE 3.2-4.6","Final Energy|Electricity","EJ/yr","[object Object]",2060,9.7431,"1.617028551323297","1.213009039580329","2048","258.11476065","549.0517687000001","-100.12409904","2062","2092","GW1","Rapid Fossil-Fuel Phase-Out","failed","medium","ok","ok","ok","ok","ok","ok","ok","ok","ok","medium",,"C1","C1: Below 1.5°C with no or limited overshoot",,,"46.667537614039674","18.200933780004917","34.14829123235943","6.0290271000175295","258.11476065","1.213009039580329","1.617028551323297",
"1429","SHAPE-SSP1-1.5°C","REMIND-MAgPIE 3.2-4.6","Final Energy|Electricity","EJ/yr","[object Object]",2070,9.5307,"1.617028551323297","1.213009039580329","2048","258.11476065","549.0517687000001","-100.12409904","2062","2092","GW1","Rapid Fossil-Fuel Phase-Out","failed","medium","ok","ok","ok","ok","ok","ok","ok","ok","ok","medium",,"C1","C1: Below 1.5°C with no or limited overshoot",,,"46.667537614039674","18.200933780004917","34.14829123235943","6.0290271000175295","258.11476065","1.213009039580329","1.617028551323297",
"1429","SHAPE-SSP1-1.5°C","REMIND-MAgPIE 3.2-4.6","Final Energy|Electricity","EJ/yr","[object Object]",2080,9.7918,"1.617028551323297","1.213009039580329","2048","258.11476065","549.0517687000001","-100.12409904","2062","2092","GW1","Rapid Fossil-Fuel Phase-Out","failed","medium","ok","ok","ok","ok","ok","ok","ok","ok","ok","medium",,"C1","C1: Below 1.5°C with no or limited overshoot",,,"46.667537614039674","18.200933780004917","34.14829123235943","6.0290271000175295","258.11476065","1.213009039580329","1.617028551323297",
"1429","SHAPE-SSP1-1.5°C","REMIND-MAgPIE 3.2-4.6","Final Energy|Electricity","EJ/yr","[object Object]",2090,9.8618,"1.617028551323297","1.213009039580329","2048","258.11476065","549.0517687000001","-100.12409904","2062","2092","GW1","Rapid Fossil-Fuel Phase-Out","failed","medium","ok","ok","ok","ok","ok","ok","ok","ok","ok","medium",,"C1","C1: Below 1.5°C with no or limited overshoot",,,"46.667537614039674","18.200933780004917","34.14829123235943","6.0290271000175295","258.11476065","1.213009039580329","1.617028551323297",
"1429","SHAPE-SSP1-1.5°C","REMIND-MAgPIE 3.2-4.6","Final Energy|Electricity","EJ/yr","[object Object]",2100,9.8574,"1.617028551323297","1.213009039580329","2048","258.11476065","549.0517687000001","-100.12409904","2062","2092","GW1","Rapid Fossil-Fuel Phase-Out","failed","medium","ok","ok","ok","ok","ok","ok","ok","ok","ok","medium",,"C1","C1: Below 1.5°C with no or limited overshoot",,,"46.667537614039674","18.200933780004917","34.14829123235943","6.0290271000175295","258.11476065","1.213009039580329","1.617028551323297",
"1441","RESCUE-Peak-Budget-500","REMIND-MAgPIE 3.2.0-4.8.0","Final Energy|Electricity","EJ/yr","[object Object]",2010,11.8972756,"1.612406407669368","1.473631153376386","2039","383.34425546675","506.02387894074997","-51.79567441789","2042",,"GW1",,"failed","high","medium","medium","medium","ok","ok","medium","ok","ok","ok","medium",,"C2","C2: Below 1.5°C with high OS",,,"54.85389375105421","7.239517952969586","37.31405832338265","2.4594971830153867","383.34425546675","1.473631153376386","1.612406407669368",
"1441","RESCUE-Peak-Budget-500","REMIND-MAgPIE 3.2.0-4.8.0","Final Energy|Electricity","EJ/yr","[object Object]",2015,11.668830400000001,"1.612406407669368","1.473631153376386","2039","383.34425546675","506.02387894074997","-51.79567441789","2042",,"GW1",,"failed","high","medium","medium","medium","ok","ok","medium","ok","ok","ok","medium",,"C2","C2: Below 1.5°C with high OS",,,"54.85389375105421","7.239517952969586","37.31405832338265","2.4594971830153867","383.34425546675","1.473631153376386","1.612406407669368",
"1441","RESCUE-Peak-Budget-500","REMIND-MAgPIE 3.2.0-4.8.0","Final Energy|Electricity","EJ/yr","[object Object]",2020,12.5346479,"1.612406407669368","1.473631153376386","2039","383.34425546675","506.02387894074997","-51.79567441789","2042",,"GW1",,"failed","high","medium","medium","medium","ok","ok","medium","ok","ok","ok","medium",,"C2","C2: Below 1.5°C with high OS",,,"54.85389375105421","7.239517952969586","37.31405832338265","2.4594971830153867","383.34425546675","1.473631153376386","1.612406407669368",
"1441","RESCUE-Peak-Budget-500","REMIND-MAgPIE 3.2.0-4.8.0","Final Energy|Electricity","EJ/yr","[object Object]",2025,13.8762861,"1.612406407669368","1.473631153376386","2039","383.34425546675","506.02387894074997","-51.79567441789","2042",,"GW1",,"failed","high","medium","medium","medium","ok","ok","medium","ok","ok","ok","medium",,"C2","C2: Below 1.5°C with high OS",,,"54.85389375105421","7.239517952969586","37.31405832338265","2.4594971830153867","383.34425546675","1.473631153376386","1.612406407669368",
"1441","RESCUE-Peak-Budget-500","REMIND-MAgPIE 3.2.0-4.8.0","Final Energy|Electricity","EJ/yr","[object Object]",2030,15.545748799999998,"1.612406407669368","1.473631153376386","2039","383.34425546675","506.02387894074997","-51.79567441789","2042",,"GW1",,"failed","high","medium","medium","medium","ok","ok","medium","ok","ok","ok","medium",,"C2","C2: Below 1.5°C with high OS",,,"54.85389375105421","7.239517952969586","37.31405832338265","2.4594971830153867","383.34425546675","1.473631153376386","1.612406407669368",
"1441","RESCUE-Peak-Budget-500","REMIND-MAgPIE 3.2.0-4.8.0","Final Energy|Electricity","EJ/yr","[object Object]",2035,18.847978599999998,"1.612406407669368","1.473631153376386","2039","383.34425546675","506.02387894074997","-51.79567441789","2042",,"GW1",,"failed","high","medium","medium","medium","ok","ok","medium","ok","ok","ok","medium",,"C2","C2: Below 1.5°C with high OS",,,"54.85389375105421","7.239517952969586","37.31405832338265","2.4594971830153867","383.34425546675","1.473631153376386","1.612406407669368",
"1441","RESCUE-Peak-Budget-500","REMIND-MAgPIE 3.2.0-4.8.0","Final Energy|Electricity","EJ/yr","[object Object]",2040,21.094177600000002,"1.612406407669368","1.473631153376386","2039","383.34425546675","506.02387894074997","-51.79567441789","2042",,"GW1",,"failed","high","medium","medium","medium","ok","ok","medium","ok","ok","ok","medium",,"C2","C2: Below 1.5°C with high OS",,,"54.85389375105421","7.239517952969586","37.31405832338265","2.4594971830153867","383.34425546675","1.473631153376386","1.612406407669368",
"1441","RESCUE-Peak-Budget-500","REMIND-MAgPIE 3.2.0-4.8.0","Final Energy|Electricity","EJ/yr","[object Object]",2045,21.060078999999998,"1.612406407669368","1.473631153376386","2039","383.34425546675","506.02387894074997","-51.79567441789","2042",,"GW1",,"failed","high","medium","medium","medium","ok","ok","medium","ok","ok","ok","medium",,"C2","C2: Below 1.5°C with high OS",,,"54.85389375105421","7.239517952969586","37.31405832338265","2.4594971830153867","383.34425546675","1.473631153376386","1.612406407669368",
"1441","RESCUE-Peak-Budget-500","REMIND-MAgPIE 3.2.0-4.8.0","Final Energy|Electricity","EJ/yr","[object Object]",2050,20.4317701,"1.612406407669368","1.473631153376386","2039","383.34425546675","506.02387894074997","-51.79567441789","2042",,"GW1",,"failed","high","medium","medium","medium","ok","ok","medium","ok","ok","ok","medium",,"C2","C2: Below 1.5°C with high OS",,,"54.85389375105421","7.239517952969586","37.31405832338265","2.4594971830153867","383.34425546675","1.473631153376386","1.612406407669368",
"1441","RESCUE-Peak-Budget-500","REMIND-MAgPIE 3.2.0-4.8.0","Final Energy|Electricity","EJ/yr","[object Object]",2055,19.758618,"1.612406407669368","1.473631153376386","2039","383.34425546675","506.02387894074997","-51.79567441789","2042",,"GW1",,"failed","high","medium","medium","medium","ok","ok","medium","ok","ok","ok","medium",,"C2","C2: Below 1.5°C with high OS",,,"54.85389375105421","7.239517952969586","37.31405832338265","2.4594971830153867","383.34425546675","1.473631153376386","1.612406407669368",
"1441","RESCUE-Peak-Budget-500","REMIND-MAgPIE 3.2.0-4.8.0","Final Energy|Electricity","EJ/yr","[object Object]",2060,19.730284899999997,"1.612406407669368","1.473631153376386","2039","383.34425546675","506.02387894074997","-51.79567441789","2042",,"GW1",,"failed","high","medium","medium","medium","ok","ok","medium","ok","ok","ok","medium",,"C2","C2: Below 1.5°C with high OS",,,"54.85389375105421","7.239517952969586","37.31405832338265","2.4594971830153867","383.34425546675","1.473631153376386","1.612406407669368",
"1441","RESCUE-Peak-Budget-500","REMIND-MAgPIE 3.2.0-4.8.0","Final Energy|Electricity","EJ/yr","[object Object]",2070,19.7335594,"1.612406407669368","1.473631153376386","2039","383.34425546675","506.02387894074997","-51.79567441789","2042",,"GW1",,"failed","high","medium","medium","medium","ok","ok","medium","ok","ok","ok","medium",,"C2","C2: Below 1.5°C with high OS",,,"54.85389375105421","7.239517952969586","37.31405832338265","2.4594971830153867","383.34425546675","1.473631153376386","1.612406407669368",
"1441","RESCUE-Peak-Budget-500","REMIND-MAgPIE 3.2.0-4.8.0","Final Energy|Electricity","EJ/yr","[object Object]",2080,20.221461700000003,"1.612406407669368","1.473631153376386","2039","383.34425546675","506.02387894074997","-51.79567441789","2042",,"GW1",,"failed","high","medium","medium","medium","ok","ok","medium","ok","ok","ok","medium",,"C2","C2: Below 1.5°C with high OS",,,"54.85389375105421","7.239517952969586","37.31405832338265","2.4594971830153867","383.34425546675","1.473631153376386","1.612406407669368",
"1441","RESCUE-Peak-Budget-500","REMIND-MAgPIE 3.2.0-4.8.0","Final Energy|Electricity","EJ/yr","[object Object]",2090,20.6091229,"1.612406407669368","1.473631153376386","2039","383.34425546675","506.02387894074997","-51.79567441789","2042",,"GW1",,"failed","high","medium","medium","medium","ok","ok","medium","ok","ok","ok","medium",,"C2","C2: Below 1.5°C with high OS",,,"54.85389375105421","7.239517952969586","37.31405832338265","2.4594971830153867","383.34425546675","1.473631153376386","1.612406407669368",
"1441","RESCUE-Peak-Budget-500","REMIND-MAgPIE 3.2.0-4.8.0","Final Energy|Electricity","EJ/yr","[object Object]",2100,20.7769598,"1.612406407669368","1.473631153376386","2039","383.34425546675","506.02387894074997","-51.79567441789","2042",,"GW1",,"failed","high","medium","medium","medium","ok","ok","medium","ok","ok","ok","medium",,"C2","C2: Below 1.5°C with high OS",,,"54.85389375105421","7.239517952969586","37.31405832338265","2.4594971830153867","383.34425546675","1.473631153376386","1.612406407669368",
"1557","ENGAGE-NPi2020-400f","WITCH 5.0","Final Energy|Electricity","EJ/yr","[object Object]",2010,10.9168970681315,"1.576037611334012","1.420457998145938","2059","603.1063658274636","218.2543893868954","-304.363765502984","2061","2073","GW1","Low Demand","failed","high","medium","ok","medium","high","ok","medium","ok","ok",,"medium","true","C1","C1: Below 1.5°C with no or limited overshoot","WITCH 5.0","EN_NPi2020_400f","52.89858525464777","26.36660516480166","17.5951544362574","14.309081611809788","603.1063658274636","1.420457998145938","1.576037611334012",
"1557","ENGAGE-NPi2020-400f","WITCH 5.0","Final Energy|Electricity","EJ/yr","[object Object]",2015,10.797578611745,"1.576037611334012","1.420457998145938","2059","603.1063658274636","218.2543893868954","-304.363765502984","2061","2073","GW1","Low Demand","failed","high","medium","ok","medium","high","ok","medium","ok","ok",,"medium","true","C1","C1: Below 1.5°C with no or limited overshoot","WITCH 5.0","EN_NPi2020_400f","52.89858525464777","26.36660516480166","17.5951544362574","14.309081611809788","603.1063658274636","1.420457998145938","1.576037611334012",
"1557","ENGAGE-NPi2020-400f","WITCH 5.0","Final Energy|Electricity","EJ/yr","[object Object]",2020,12.0909604399693,"1.576037611334012","1.420457998145938","2059","603.1063658274636","218.2543893868954","-304.363765502984","2061","2073","GW1","Low Demand","failed","high","medium","ok","medium","high","ok","medium","ok","ok",,"medium","true","C1","C1: Below 1.5°C with no or limited overshoot","WITCH 5.0","EN_NPi2020_400f","52.89858525464777","26.36660516480166","17.5951544362574","14.309081611809788","603.1063658274636","1.420457998145938","1.576037611334012",
"1557","ENGAGE-NPi2020-400f","WITCH 5.0","Final Energy|Electricity","EJ/yr","[object Object]",2025,11.4973918828746,"1.576037611334012","1.420457998145938","2059","603.1063658274636","218.2543893868954","-304.363765502984","2061","2073","GW1","Low Demand","failed","high","medium","ok","medium","high","ok","medium","ok","ok",,"medium","true","C1","C1: Below 1.5°C with no or limited overshoot","WITCH 5.0","EN_NPi2020_400f","52.89858525464777","26.36660516480166","17.5951544362574","14.309081611809788","603.1063658274636","1.420457998145938","1.576037611334012",
"1557","ENGAGE-NPi2020-400f","WITCH 5.0","Final Energy|Electricity","EJ/yr","[object Object]",2030,14.45694924575,"1.576037611334012","1.420457998145938","2059","603.1063658274636","218.2543893868954","-304.363765502984","2061","2073","GW1","Low Demand","failed","high","medium","ok","medium","high","ok","medium","ok","ok",,"medium","true","C1","C1: Below 1.5°C with no or limited overshoot","WITCH 5.0","EN_NPi2020_400f","52.89858525464777","26.36660516480166","17.5951544362574","14.309081611809788","603.1063658274636","1.420457998145938","1.576037611334012",
"1557","ENGAGE-NPi2020-400f","WITCH 5.0","Final Energy|Electricity","EJ/yr","[object Object]",2035,19.3407063240612,"1.576037611334012","1.420457998145938","2059","603.1063658274636","218.2543893868954","-304.363765502984","2061","2073","GW1","Low Demand","failed","high","medium","ok","medium","high","ok","medium","ok","ok",,"medium","true","C1","C1: Below 1.5°C with no or limited overshoot","WITCH 5.0","EN_NPi2020_400f","52.89858525464777","26.36660516480166","17.5951544362574","14.309081611809788","603.1063658274636","1.420457998145938","1.576037611334012",
"1557","ENGAGE-NPi2020-400f","WITCH 5.0","Final Energy|Electricity","EJ/yr","[object Object]",2040,22.217639105899,"1.576037611334012","1.420457998145938","2059","603.1063658274636","218.2543893868954","-304.363765502984","2061","2073","GW1","Low Demand","failed","high","medium","ok","medium","high","ok","medium","ok","ok",,"medium","true","C1","C1: Below 1.5°C with no or limited overshoot","WITCH 5.0","EN_NPi2020_400f","52.89858525464777","26.36660516480166","17.5951544362574","14.309081611809788","603.1063658274636","1.420457998145938","1.576037611334012",
"1557","ENGAGE-NPi2020-400f","WITCH 5.0","Final Energy|Electricity","EJ/yr","[object Object]",2045,25.6304697713756,"1.576037611334012","1.420457998145938","2059","603.1063658274636","218.2543893868954","-304.363765502984","2061","2073","GW1","Low Demand","failed","high","medium","ok","medium","high","ok","medium","ok","ok",,"medium","true","C1","C1: Below 1.5°C with no or limited overshoot","WITCH 5.0","EN_NPi2020_400f","52.89858525464777","26.36660516480166","17.5951544362574","14.309081611809788","603.1063658274636","1.420457998145938","1.576037611334012",
"1557","ENGAGE-NPi2020-400f","WITCH 5.0","Final Energy|Electricity","EJ/yr","[object Object]",2050,27.5960942898328,"1.576037611334012","1.420457998145938","2059","603.1063658274636","218.2543893868954","-304.363765502984","2061","2073","GW1","Low Demand","failed","high","medium","ok","medium","high","ok","medium","ok","ok",,"medium","true","C1","C1: Below 1.5°C with no or limited overshoot","WITCH 5.0","EN_NPi2020_400f","52.89858525464777","26.36660516480166","17.5951544362574","14.309081611809788","603.1063658274636","1.420457998145938","1.576037611334012",
"1557","ENGAGE-NPi2020-400f","WITCH 5.0","Final Energy|Electricity","EJ/yr","[object Object]",2055,29.9169135891375,"1.576037611334012","1.420457998145938","2059","603.1063658274636","218.2543893868954","-304.363765502984","2061","2073","GW1","Low Demand","failed","high","medium","ok","medium","high","ok","medium","ok","ok",,"medium","true","C1","C1: Below 1.5°C with no or limited overshoot","WITCH 5.0","EN_NPi2020_400f","52.89858525464777","26.36660516480166","17.5951544362574","14.309081611809788","603.1063658274636","1.420457998145938","1.576037611334012",
"1557","ENGAGE-NPi2020-400f","WITCH 5.0","Final Energy|Electricity","EJ/yr","[object Object]",2060,31.7002962828059,"1.576037611334012","1.420457998145938","2059","603.1063658274636","218.2543893868954","-304.363765502984","2061","2073","GW1","Low Demand","failed","high","medium","ok","medium","high","ok","medium","ok","ok",,"medium","true","C1","C1: Below 1.5°C with no or limited overshoot","WITCH 5.0","EN_NPi2020_400f","52.89858525464777","26.36660516480166","17.5951544362574","14.309081611809788","603.1063658274636","1.420457998145938","1.576037611334012",
"1557","ENGAGE-NPi2020-400f","WITCH 5.0","Final Energy|Electricity","EJ/yr","[object Object]",2065,32.7421092084352,"1.576037611334012","1.420457998145938","2059","603.1063658274636","218.2543893868954","-304.363765502984","2061","2073","GW1","Low Demand","failed","high","medium","ok","medium","high","ok","medium","ok","ok",,"medium","true","C1","C1: Below 1.5°C with no or limited overshoot","WITCH 5.0","EN_NPi2020_400f","52.89858525464777","26.36660516480166","17.5951544362574","14.309081611809788","603.1063658274636","1.420457998145938","1.576037611334012",
"1557","ENGAGE-NPi2020-400f","WITCH 5.0","Final Energy|Electricity","EJ/yr","[object Object]",2070,33.9181576513295,"1.576037611334012","1.420457998145938","2059","603.1063658274636","218.2543893868954","-304.363765502984","2061","2073","GW1","Low Demand","failed","high","medium","ok","medium","high","ok","medium","ok","ok",,"medium","true","C1","C1: Below 1.5°C with no or limited overshoot","WITCH 5.0","EN_NPi2020_400f","52.89858525464777","26.36660516480166","17.5951544362574","14.309081611809788","603.1063658274636","1.420457998145938","1.576037611334012",
"1557","ENGAGE-NPi2020-400f","WITCH 5.0","Final Energy|Electricity","EJ/yr","[object Object]",2075,35.27202270515939,"1.576037611334012","1.420457998145938","2059","603.1063658274636","218.2543893868954","-304.363765502984","2061","2073","GW1","Low Demand","failed","high","medium","ok","medium","high","ok","medium","ok","ok",,"medium","true","C1","C1: Below 1.5°C with no or limited overshoot","WITCH 5.0","EN_NPi2020_400f","52.89858525464777","26.36660516480166","17.5951544362574","14.309081611809788","603.1063658274636","1.420457998145938","1.576037611334012",
"1557","ENGAGE-NPi2020-400f","WITCH 5.0","Final Energy|Electricity","EJ/yr","[object Object]",2080,36.3539719652276,"1.576037611334012","1.420457998145938","2059","603.1063658274636","218.2543893868954","-304.363765502984","2061","2073","GW1","Low Demand","failed","high","medium","ok","medium","high","ok","medium","ok","ok",,"medium","true","C1","C1: Below 1.5°C with no or limited overshoot","WITCH 5.0","EN_NPi2020_400f","52.89858525464777","26.36660516480166","17.5951544362574","14.309081611809788","603.1063658274636","1.420457998145938","1.576037611334012",
"1557","ENGAGE-NPi2020-400f","WITCH 5.0","Final Energy|Electricity","EJ/yr","[object Object]",2085,36.56334964509129,"1.576037611334012","1.420457998145938","2059","603.1063658274636","218.2543893868954","-304.363765502984","2061","2073","GW1","Low Demand","failed","high","medium","ok","medium","high","ok","medium","ok","ok",,"medium","true","C1","C1: Below 1.5°C with no or limited overshoot","WITCH 5.0","EN_NPi2020_400f","52.89858525464777","26.36660516480166","17.5951544362574","14.309081611809788","603.1063658274636","1.420457998145938","1.576037611334012",
"1557","ENGAGE-NPi2020-400f","WITCH 5.0","Final Energy|Electricity","EJ/yr","[object Object]",2090,36.6382856139521,"1.576037611334012","1.420457998145938","2059","603.1063658274636","218.2543893868954","-304.363765502984","2061","2073","GW1","Low Demand","failed","high","medium","ok","medium","high","ok","medium","ok","ok",,"medium","true","C1","C1: Below 1.5°C with no or limited overshoot","WITCH 5.0","EN_NPi2020_400f","52.89858525464777","26.36660516480166","17.5951544362574","14.309081611809788","603.1063658274636","1.420457998145938","1.576037611334012",
"1557","ENGAGE-NPi2020-400f","WITCH 5.0","Final Energy|Electricity","EJ/yr","[object Object]",2095,36.6449117914296,"1.576037611334012","1.420457998145938","2059","603.1063658274636","218.2543893868954","-304.363765502984","2061","2073","GW1","Low Demand","failed","high","medium","ok","medium","high","ok","medium","ok","ok",,"medium","true","C1","C1: Below 1.5°C with no or limited overshoot","WITCH 5.0","EN_NPi2020_400f","52.89858525464777","26.36660516480166","17.5951544362574","14.309081611809788","603.1063658274636","1.420457998145938","1.576037611334012",
"1557","ENGAGE-NPi2020-400f","WITCH 5.0","Final Energy|Electricity","EJ/yr","[object Object]",2100,36.7786941346962,"1.576037611334012","1.420457998145938","2059","603.1063658274636","218.2543893868954","-304.363765502984","2061","2073","GW1","Low Demand","failed","high","medium","ok","medium","high","ok","medium","ok","ok",,"medium","true","C1","C1: Below 1.5°C with no or limited overshoot","WITCH 5.0","EN_NPi2020_400f","52.89858525464777","26.36660516480166","17.5951544362574","14.309081611809788","603.1063658274636","1.420457998145938","1.576037611334012",
"1558","ENGAGE-NPi2020-450","WITCH 5.0","Final Energy|Electricity","EJ/yr","[object Object]",2010,10.9168970681315,"1.522155879604476","1.444854954709502","2049","552.7326834353955","266.7842957655337","-85.30141612669443","2049",,"GW0","Low Demand","failed","high","medium","ok","medium","high","ok","medium","ok","ok",,"medium","true","C1","C1: Below 1.5°C with no or limited overshoot","WITCH 5.0","EN_NPi2020_450","56.3518181050183","17.280314194014203","23.102056674513754","15.376113444541119","552.7326834353955","1.444854954709502","1.522155879604476",
"1558","ENGAGE-NPi2020-450","WITCH 5.0","Final Energy|Electricity","EJ/yr","[object Object]",2015,10.797578611745,"1.522155879604476","1.444854954709502","2049","552.7326834353955","266.7842957655337","-85.30141612669443","2049",,"GW0","Low Demand","failed","high","medium","ok","medium","high","ok","medium","ok","ok",,"medium","true","C1","C1: Below 1.5°C with no or limited overshoot","WITCH 5.0","EN_NPi2020_450","56.3518181050183","17.280314194014203","23.102056674513754","15.376113444541119","552.7326834353955","1.444854954709502","1.522155879604476",
"1558","ENGAGE-NPi2020-450","WITCH 5.0","Final Energy|Electricity","EJ/yr","[object Object]",2020,12.0909604399693,"1.522155879604476","1.444854954709502","2049","552.7326834353955","266.7842957655337","-85.30141612669443","2049",,"GW0","Low Demand","failed","high","medium","ok","medium","high","ok","medium","ok","ok",,"medium","true","C1","C1: Below 1.5°C with no or limited overshoot","WITCH 5.0","EN_NPi2020_450","56.3518181050183","17.280314194014203","23.102056674513754","15.376113444541119","552.7326834353955","1.444854954709502","1.522155879604476",
"1558","ENGAGE-NPi2020-450","WITCH 5.0","Final Energy|Electricity","EJ/yr","[object Object]",2025,11.3659807403876,"1.522155879604476","1.444854954709502","2049","552.7326834353955","266.7842957655337","-85.30141612669443","2049",,"GW0","Low Demand","failed","high","medium","ok","medium","high","ok","medium","ok","ok",,"medium","true","C1","C1: Below 1.5°C with no or limited overshoot","WITCH 5.0","EN_NPi2020_450","56.3518181050183","17.280314194014203","23.102056674513754","15.376113444541119","552.7326834353955","1.444854954709502","1.522155879604476",
"1558","ENGAGE-NPi2020-450","WITCH 5.0","Final Energy|Electricity","EJ/yr","[object Object]",2030,14.6807831259832,"1.522155879604476","1.444854954709502","2049","552.7326834353955","266.7842957655337","-85.30141612669443","2049",,"GW0","Low Demand","failed","high","medium","ok","medium","high","ok","medium","ok","ok",,"medium","true","C1","C1: Below 1.5°C with no or limited overshoot","WITCH 5.0","EN_NPi2020_450","56.3518181050183","17.280314194014203","23.102056674513754","15.376113444541119","552.7326834353955","1.444854954709502","1.522155879604476",
"1558","ENGAGE-NPi2020-450","WITCH 5.0","Final Energy|Electricity","EJ/yr","[object Object]",2035,20.1634603605336,"1.522155879604476","1.444854954709502","2049","552.7326834353955","266.7842957655337","-85.30141612669443","2049",,"GW0","Low Demand","failed","high","medium","ok","medium","high","ok","medium","ok","ok",,"medium","true","C1","C1: Below 1.5°C with no or limited overshoot","WITCH 5.0","EN_NPi2020_450","56.3518181050183","17.280314194014203","23.102056674513754","15.376113444541119","552.7326834353955","1.444854954709502","1.522155879604476",
"1558","ENGAGE-NPi2020-450","WITCH 5.0","Final Energy|Electricity","EJ/yr","[object Object]",2040,23.6452260739119,"1.522155879604476","1.444854954709502","2049","552.7326834353955","266.7842957655337","-85.30141612669443","2049",,"GW0","Low Demand","failed","high","medium","ok","medium","high","ok","medium","ok","ok",,"medium","true","C1","C1: Below 1.5°C with no or limited overshoot","WITCH 5.0","EN_NPi2020_450","56.3518181050183","17.280314194014203","23.102056674513754","15.376113444541119","552.7326834353955","1.444854954709502","1.522155879604476",
"1558","ENGAGE-NPi2020-450","WITCH 5.0","Final Energy|Electricity","EJ/yr","[object Object]",2045,27.2125094360697,"1.522155879604476","1.444854954709502","2049","552.7326834353955","266.7842957655337","-85.30141612669443","2049",,"GW0","Low Demand","failed","high","medium","ok","medium","high","ok","medium","ok","ok",,"medium","true","C1","C1: Below 1.5°C with no or limited overshoot","WITCH 5.0","EN_NPi2020_450","56.3518181050183","17.280314194014203","23.102056674513754","15.376113444541119","552.7326834353955","1.444854954709502","1.522155879604476",
"1558","ENGAGE-NPi2020-450","WITCH 5.0","Final Energy|Electricity","EJ/yr","[object Object]",2050,28.9116753703592,"1.522155879604476","1.444854954709502","2049","552.7326834353955","266.7842957655337","-85.30141612669443","2049",,"GW0","Low Demand","failed","high","medium","ok","medium","high","ok","medium","ok","ok",,"medium","true","C1","C1: Below 1.5°C with no or limited overshoot","WITCH 5.0","EN_NPi2020_450","56.3518181050183","17.280314194014203","23.102056674513754","15.376113444541119","552.7326834353955","1.444854954709502","1.522155879604476",
"1558","ENGAGE-NPi2020-450","WITCH 5.0","Final Energy|Electricity","EJ/yr","[object Object]",2055,30.90438122609,"1.522155879604476","1.444854954709502","2049","552.7326834353955","266.7842957655337","-85.30141612669443","2049",,"GW0","Low Demand","failed","high","medium","ok","medium","high","ok","medium","ok","ok",,"medium","true","C1","C1: Below 1.5°C with no or limited overshoot","WITCH 5.0","EN_NPi2020_450","56.3518181050183","17.280314194014203","23.102056674513754","15.376113444541119","552.7326834353955","1.444854954709502","1.522155879604476",
"1558","ENGAGE-NPi2020-450","WITCH 5.0","Final Energy|Electricity","EJ/yr","[object Object]",2060,32.2023478558542,"1.522155879604476","1.444854954709502","2049","552.7326834353955","266.7842957655337","-85.30141612669443","2049",,"GW0","Low Demand","failed","high","medium","ok","medium","high","ok","medium","ok","ok",,"medium","true","C1","C1: Below 1.5°C with no or limited overshoot","WITCH 5.0","EN_NPi2020_450","56.3518181050183","17.280314194014203","23.102056674513754","15.376113444541119","552.7326834353955","1.444854954709502","1.522155879604476",
"1558","ENGAGE-NPi2020-450","WITCH 5.0","Final Energy|Electricity","EJ/yr","[object Object]",2065,32.8154488219251,"1.522155879604476","1.444854954709502","2049","552.7326834353955","266.7842957655337","-85.30141612669443","2049",,"GW0","Low Demand","failed","high","medium","ok","medium","high","ok","medium","ok","ok",,"medium","true","C1","C1: Below 1.5°C with no or limited overshoot","WITCH 5.0","EN_NPi2020_450","56.3518181050183","17.280314194014203","23.102056674513754","15.376113444541119","552.7326834353955","1.444854954709502","1.522155879604476",
"1558","ENGAGE-NPi2020-450","WITCH 5.0","Final Energy|Electricity","EJ/yr","[object Object]",2070,33.1988982860313,"1.522155879604476","1.444854954709502","2049","552.7326834353955","266.7842957655337","-85.30141612669443","2049",,"GW0","Low Demand","failed","high","medium","ok","medium","high","ok","medium","ok","ok",,"medium","true","C1","C1: Below 1.5°C with no or limited overshoot","WITCH 5.0","EN_NPi2020_450","56.3518181050183","17.280314194014203","23.102056674513754","15.376113444541119","552.7326834353955","1.444854954709502","1.522155879604476",
"1558","ENGAGE-NPi2020-450","WITCH 5.0","Final Energy|Electricity","EJ/yr","[object Object]",2075,33.9312479277308,"1.522155879604476","1.444854954709502","2049","552.7326834353955","266.7842957655337","-85.30141612669443","2049",,"GW0","Low Demand","failed","high","medium","ok","medium","high","ok","medium","ok","ok",,"medium","true","C1","C1: Below 1.5°C with no or limited overshoot","WITCH 5.0","EN_NPi2020_450","56.3518181050183","17.280314194014203","23.102056674513754","15.376113444541119","552.7326834353955","1.444854954709502","1.522155879604476",
"1558","ENGAGE-NPi2020-450","WITCH 5.0","Final Energy|Electricity","EJ/yr","[object Object]",2080,34.5316977380643,"1.522155879604476","1.444854954709502","2049","552.7326834353955","266.7842957655337","-85.30141612669443","2049",,"GW0","Low Demand","failed","high","medium","ok","medium","high","ok","medium","ok","ok",,"medium","true","C1","C1: Below 1.5°C with no or limited overshoot","WITCH 5.0","EN_NPi2020_450","56.3518181050183","17.280314194014203","23.102056674513754","15.376113444541119","552.7326834353955","1.444854954709502","1.522155879604476",
"1558","ENGAGE-NPi2020-450","WITCH 5.0","Final Energy|Electricity","EJ/yr","[object Object]",2085,34.9773726324411,"1.522155879604476","1.444854954709502","2049","552.7326834353955","266.7842957655337","-85.30141612669443","2049",,"GW0","Low Demand","failed","high","medium","ok","medium","high","ok","medium","ok","ok",,"medium","true","C1","C1: Below 1.5°C with no or limited overshoot","WITCH 5.0","EN_NPi2020_450","56.3518181050183","17.280314194014203","23.102056674513754","15.376113444541119","552.7326834353955","1.444854954709502","1.522155879604476",
"1558","ENGAGE-NPi2020-450","WITCH 5.0","Final Energy|Electricity","EJ/yr","[object Object]",2090,34.7611609987924,"1.522155879604476","1.444854954709502","2049","552.7326834353955","266.7842957655337","-85.30141612669443","2049",,"GW0","Low Demand","failed","high","medium","ok","medium","high","ok","medium","ok","ok",,"medium","true","C1","C1: Below 1.5°C with no or limited overshoot","WITCH 5.0","EN_NPi2020_450","56.3518181050183","17.280314194014203","23.102056674513754","15.376113444541119","552.7326834353955","1.444854954709502","1.522155879604476",
"1558","ENGAGE-NPi2020-450","WITCH 5.0","Final Energy|Electricity","EJ/yr","[object Object]",2095,34.3609711956662,"1.522155879604476","1.444854954709502","2049","552.7326834353955","266.7842957655337","-85.30141612669443","2049",,"GW0","Low Demand","failed","high","medium","ok","medium","high","ok","medium","ok","ok",,"medium","true","C1","C1: Below 1.5°C with no or limited overshoot","WITCH 5.0","EN_NPi2020_450","56.3518181050183","17.280314194014203","23.102056674513754","15.376113444541119","552.7326834353955","1.444854954709502","1.522155879604476",
"1558","ENGAGE-NPi2020-450","WITCH 5.0","Final Energy|Electricity","EJ/yr","[object Object]",2100,34.5562784585751,"1.522155879604476","1.444854954709502","2049","552.7326834353955","266.7842957655337","-85.30141612669443","2049",,"GW0","Low Demand","failed","high","medium","ok","medium","high","ok","medium","ok","ok",,"medium","true","C1","C1: Below 1.5°C with no or limited overshoot","WITCH 5.0","EN_NPi2020_450","56.3518181050183","17.280314194014203","23.102056674513754","15.376113444541119","552.7326834353955","1.444854954709502","1.522155879604476",
"1559","ENGAGE-NPi2020-450f","WITCH 5.0","Final Energy|Electricity","EJ/yr","[object Object]",2010,10.9168970681315,"1.586206566893698","1.444803252101438","2069","600.5350648576747","268.237944810142","-279.0220500798154","2063","2075","GW1","Low Demand","failed","high","medium","ok","medium","high","ok","medium","ok","ok",,"medium","true","C1","C1: Below 1.5°C with no or limited overshoot","WITCH 5.0","EN_NPi2020_450f","50.781231873944186","28.992705101752264","17.163442045009923","14.232825277603212","600.5350648576747","1.444803252101438","1.586206566893698",
"1559","ENGAGE-NPi2020-450f","WITCH 5.0","Final Energy|Electricity","EJ/yr","[object Object]",2015,10.797578611745,"1.586206566893698","1.444803252101438","2069","600.5350648576747","268.237944810142","-279.0220500798154","2063","2075","GW1","Low Demand","failed","high","medium","ok","medium","high","ok","medium","ok","ok",,"medium","true","C1","C1: Below 1.5°C with no or limited overshoot","WITCH 5.0","EN_NPi2020_450f","50.781231873944186","28.992705101752264","17.163442045009923","14.232825277603212","600.5350648576747","1.444803252101438","1.586206566893698",
"1559","ENGAGE-NPi2020-450f","WITCH 5.0","Final Energy|Electricity","EJ/yr","[object Object]",2020,12.0909604399693,"1.586206566893698","1.444803252101438","2069","600.5350648576747","268.237944810142","-279.0220500798154","2063","2075","GW1","Low Demand","failed","high","medium","ok","medium","high","ok","medium","ok","ok",,"medium","true","C1","C1: Below 1.5°C with no or limited overshoot","WITCH 5.0","EN_NPi2020_450f","50.781231873944186","28.992705101752264","17.163442045009923","14.232825277603212","600.5350648576747","1.444803252101438","1.586206566893698",
"1559","ENGAGE-NPi2020-450f","WITCH 5.0","Final Energy|Electricity","EJ/yr","[object Object]",2025,11.5297454900417,"1.586206566893698","1.444803252101438","2069","600.5350648576747","268.237944810142","-279.0220500798154","2063","2075","GW1","Low Demand","failed","high","medium","ok","medium","high","ok","medium","ok","ok",,"medium","true","C1","C1: Below 1.5°C with no or limited overshoot","WITCH 5.0","EN_NPi2020_450f","50.781231873944186","28.992705101752264","17.163442045009923","14.232825277603212","600.5350648576747","1.444803252101438","1.586206566893698",
"1559","ENGAGE-NPi2020-450f","WITCH 5.0","Final Energy|Electricity","EJ/yr","[object Object]",2030,14.4624927565886,"1.586206566893698","1.444803252101438","2069","600.5350648576747","268.237944810142","-279.0220500798154","2063","2075","GW1","Low Demand","failed","high","medium","ok","medium","high","ok","medium","ok","ok",,"medium","true","C1","C1: Below 1.5°C with no or limited overshoot","WITCH 5.0","EN_NPi2020_450f","50.781231873944186","28.992705101752264","17.163442045009923","14.232825277603212","600.5350648576747","1.444803252101438","1.586206566893698",
"1559","ENGAGE-NPi2020-450f","WITCH 5.0","Final Energy|Electricity","EJ/yr","[object Object]",2035,19.1114928336982,"1.586206566893698","1.444803252101438","2069","600.5350648576747","268.237944810142","-279.0220500798154","2063","2075","GW1","Low Demand","failed","high","medium","ok","medium","high","ok","medium","ok","ok",,"medium","true","C1","C1: Below 1.5°C with no or limited overshoot","WITCH 5.0","EN_NPi2020_450f","50.781231873944186","28.992705101752264","17.163442045009923","14.232825277603212","600.5350648576747","1.444803252101438","1.586206566893698",
"1559","ENGAGE-NPi2020-450f","WITCH 5.0","Final Energy|Electricity","EJ/yr","[object Object]",2040,22.0461109944869,"1.586206566893698","1.444803252101438","2069","600.5350648576747","268.237944810142","-279.0220500798154","2063","2075","GW1","Low Demand","failed","high","medium","ok","medium","high","ok","medium","ok","ok",,"medium","true","C1","C1: Below 1.5°C with no or limited overshoot","WITCH 5.0","EN_NPi2020_450f","50.781231873944186","28.992705101752264","17.163442045009923","14.232825277603212","600.5350648576747","1.444803252101438","1.586206566893698",
"1559","ENGAGE-NPi2020-450f","WITCH 5.0","Final Energy|Electricity","EJ/yr","[object Object]",2045,25.5449032602268,"1.586206566893698","1.444803252101438","2069","600.5350648576747","268.237944810142","-279.0220500798154","2063","2075","GW1","Low Demand","failed","high","medium","ok","medium","high","ok","medium","ok","ok",,"medium","true","C1","C1: Below 1.5°C with no or limited overshoot","WITCH 5.0","EN_NPi2020_450f","50.781231873944186","28.992705101752264","17.163442045009923","14.232825277603212","600.5350648576747","1.444803252101438","1.586206566893698",
"1559","ENGAGE-NPi2020-450f","WITCH 5.0","Final Energy|Electricity","EJ/yr","[object Object]",2050,27.4612685255606,"1.586206566893698","1.444803252101438","2069","600.5350648576747","268.237944810142","-279.0220500798154","2063","2075","GW1","Low Demand","failed","high","medium","ok","medium","high","ok","medium","ok","ok",,"medium","true","C1","C1: Below 1.5°C with no or limited overshoot","WITCH 5.0","EN_NPi2020_450f","50.781231873944186","28.992705101752264","17.163442045009923","14.232825277603212","600.5350648576747","1.444803252101438","1.586206566893698",
"1559","ENGAGE-NPi2020-450f","WITCH 5.0","Final Energy|Electricity","EJ/yr","[object Object]",2055,29.7329107716893,"1.586206566893698","1.444803252101438","2069","600.5350648576747","268.237944810142","-279.0220500798154","2063","2075","GW1","Low Demand","failed","high","medium","ok","medium","high","ok","medium","ok","ok",,"medium","true","C1","C1: Below 1.5°C with no or limited overshoot","WITCH 5.0","EN_NPi2020_450f","50.781231873944186","28.992705101752264","17.163442045009923","14.232825277603212","600.5350648576747","1.444803252101438","1.586206566893698",
"1559","ENGAGE-NPi2020-450f","WITCH 5.0","Final Energy|Electricity","EJ/yr","[object Object]",2060,31.560526173426,"1.586206566893698","1.444803252101438","2069","600.5350648576747","268.237944810142","-279.0220500798154","2063","2075","GW1","Low Demand","failed","high","medium","ok","medium","high","ok","medium","ok","ok",,"medium","true","C1","C1: Below 1.5°C with no or limited overshoot","WITCH 5.0","EN_NPi2020_450f","50.781231873944186","28.992705101752264","17.163442045009923","14.232825277603212","600.5350648576747","1.444803252101438","1.586206566893698",
"1559","ENGAGE-NPi2020-450f","WITCH 5.0","Final Energy|Electricity","EJ/yr","[object Object]",2065,32.5962924254351,"1.586206566893698","1.444803252101438","2069","600.5350648576747","268.237944810142","-279.0220500798154","2063","2075","GW1","Low Demand","failed","high","medium","ok","medium","high","ok","medium","ok","ok",,"medium","true","C1","C1: Below 1.5°C with no or limited overshoot","WITCH 5.0","EN_NPi2020_450f","50.781231873944186","28.992705101752264","17.163442045009923","14.232825277603212","600.5350648576747","1.444803252101438","1.586206566893698",
"1559","ENGAGE-NPi2020-450f","WITCH 5.0","Final Energy|Electricity","EJ/yr","[object Object]",2070,33.6013379040224,"1.586206566893698","1.444803252101438","2069","600.5350648576747","268.237944810142","-279.0220500798154","2063","2075","GW1","Low Demand","failed","high","medium","ok","medium","high","ok","medium","ok","ok",,"medium","true","C1","C1: Below 1.5°C with no or limited overshoot","WITCH 5.0","EN_NPi2020_450f","50.781231873944186","28.992705101752264","17.163442045009923","14.232825277603212","600.5350648576747","1.444803252101438","1.586206566893698",
"1559","ENGAGE-NPi2020-450f","WITCH 5.0","Final Energy|Electricity","EJ/yr","[object Object]",2075,34.9317113181625,"1.586206566893698","1.444803252101438","2069","600.5350648576747","268.237944810142","-279.0220500798154","2063","2075","GW1","Low Demand","failed","high","medium","ok","medium","high","ok","medium","ok","ok",,"medium","true","C1","C1: Below 1.5°C with no or limited overshoot","WITCH 5.0","EN_NPi2020_450f","50.781231873944186","28.992705101752264","17.163442045009923","14.232825277603212","600.5350648576747","1.444803252101438","1.586206566893698",
"1559","ENGAGE-NPi2020-450f","WITCH 5.0","Final Energy|Electricity","EJ/yr","[object Object]",2080,36.098053144498,"1.586206566893698","1.444803252101438","2069","600.5350648576747","268.237944810142","-279.0220500798154","2063","2075","GW1","Low Demand","failed","high","medium","ok","medium","high","ok","medium","ok","ok",,"medium","true","C1","C1: Below 1.5°C with no or limited overshoot","WITCH 5.0","EN_NPi2020_450f","50.781231873944186","28.992705101752264","17.163442045009923","14.232825277603212","600.5350648576747","1.444803252101438","1.586206566893698",
"1559","ENGAGE-NPi2020-450f","WITCH 5.0","Final Energy|Electricity","EJ/yr","[object Object]",2085,36.2444661765714,"1.586206566893698","1.444803252101438","2069","600.5350648576747","268.237944810142","-279.0220500798154","2063","2075","GW1","Low Demand","failed","high","medium","ok","medium","high","ok","medium","ok","ok",,"medium","true","C1","C1: Below 1.5°C with no or limited overshoot","WITCH 5.0","EN_NPi2020_450f","50.781231873944186","28.992705101752264","17.163442045009923","14.232825277603212","600.5350648576747","1.444803252101438","1.586206566893698",
"1559","ENGAGE-NPi2020-450f","WITCH 5.0","Final Energy|Electricity","EJ/yr","[object Object]",2090,36.3507019500245,"1.586206566893698","1.444803252101438","2069","600.5350648576747","268.237944810142","-279.0220500798154","2063","2075","GW1","Low Demand","failed","high","medium","ok","medium","high","ok","medium","ok","ok",,"medium","true","C1","C1: Below 1.5°C with no or limited overshoot","WITCH 5.0","EN_NPi2020_450f","50.781231873944186","28.992705101752264","17.163442045009923","14.232825277603212","600.5350648576747","1.444803252101438","1.586206566893698",
"1559","ENGAGE-NPi2020-450f","WITCH 5.0","Final Energy|Electricity","EJ/yr","[object Object]",2095,36.2858405257613,"1.586206566893698","1.444803252101438","2069","600.5350648576747","268.237944810142","-279.0220500798154","2063","2075","GW1","Low Demand","failed","high","medium","ok","medium","high","ok","medium","ok","ok",,"medium","true","C1","C1: Below 1.5°C with no or limited overshoot","WITCH 5.0","EN_NPi2020_450f","50.781231873944186","28.992705101752264","17.163442045009923","14.232825277603212","600.5350648576747","1.444803252101438","1.586206566893698",
"1559","ENGAGE-NPi2020-450f","WITCH 5.0","Final Energy|Electricity","EJ/yr","[object Object]",2100,36.4587514962989,"1.586206566893698","1.444803252101438","2069","600.5350648576747","268.237944810142","-279.0220500798154","2063","2075","GW1","Low Demand","failed","high","medium","ok","medium","high","ok","medium","ok","ok",,"medium","true","C1","C1: Below 1.5°C with no or limited overshoot","WITCH 5.0","EN_NPi2020_450f","50.781231873944186","28.992705101752264","17.163442045009923","14.232825277603212","600.5350648576747","1.444803252101438","1.586206566893698",
"1560","ENGAGE-NPi2020-500","WITCH 5.0","Final Energy|Electricity","EJ/yr","[object Object]",2010,10.9168970681315,"1.536443440018267","1.468868481930608","2049","569.4927598062526","324.88157908878463","-74.70185579908349","2053",,"GW1","Low Demand","failed","high","medium","ok","medium","high","ok","medium","ok","ok",,"medium","true","C1","C1: Below 1.5°C with no or limited overshoot","WITCH 5.0","EN_NPi2020_500","56.6490069439893","18.51730140776001","21.57559755170116","14.435030775332095","569.4927598062526","1.468868481930608","1.536443440018267",
"1560","ENGAGE-NPi2020-500","WITCH 5.0","Final Energy|Electricity","EJ/yr","[object Object]",2015,10.797578611745,"1.536443440018267","1.468868481930608","2049","569.4927598062526","324.88157908878463","-74.70185579908349","2053",,"GW1","Low Demand","failed","high","medium","ok","medium","high","ok","medium","ok","ok",,"medium","true","C1","C1: Below 1.5°C with no or limited overshoot","WITCH 5.0","EN_NPi2020_500","56.6490069439893","18.51730140776001","21.57559755170116","14.435030775332095","569.4927598062526","1.468868481930608","1.536443440018267",
"1560","ENGAGE-NPi2020-500","WITCH 5.0","Final Energy|Electricity","EJ/yr","[object Object]",2020,12.0909604399693,"1.536443440018267","1.468868481930608","2049","569.4927598062526","324.88157908878463","-74.70185579908349","2053",,"GW1","Low Demand","failed","high","medium","ok","medium","high","ok","medium","ok","ok",,"medium","true","C1","C1: Below 1.5°C with no or limited overshoot","WITCH 5.0","EN_NPi2020_500","56.6490069439893","18.51730140776001","21.57559755170116","14.435030775332095","569.4927598062526","1.468868481930608","1.536443440018267",
"1560","ENGAGE-NPi2020-500","WITCH 5.0","Final Energy|Electricity","EJ/yr","[object Object]",2025,11.3645965588267,"1.536443440018267","1.468868481930608","2049","569.4927598062526","324.88157908878463","-74.70185579908349","2053",,"GW1","Low Demand","failed","high","medium","ok","medium","high","ok","medium","ok","ok",,"medium","true","C1","C1: Below 1.5°C with no or limited overshoot","WITCH 5.0","EN_NPi2020_500","56.6490069439893","18.51730140776001","21.57559755170116","14.435030775332095","569.4927598062526","1.468868481930608","1.536443440018267",
"1560","ENGAGE-NPi2020-500","WITCH 5.0","Final Energy|Electricity","EJ/yr","[object Object]",2030,14.5426123735749,"1.536443440018267","1.468868481930608","2049","569.4927598062526","324.88157908878463","-74.70185579908349","2053",,"GW1","Low Demand","failed","high","medium","ok","medium","high","ok","medium","ok","ok",,"medium","true","C1","C1: Below 1.5°C with no or limited overshoot","WITCH 5.0","EN_NPi2020_500","56.6490069439893","18.51730140776001","21.57559755170116","14.435030775332095","569.4927598062526","1.468868481930608","1.536443440018267",
"1560","ENGAGE-NPi2020-500","WITCH 5.0","Final Energy|Electricity","EJ/yr","[object Object]",2035,19.9351531459826,"1.536443440018267","1.468868481930608","2049","569.4927598062526","324.88157908878463","-74.70185579908349","2053",,"GW1","Low Demand","failed","high","medium","ok","medium","high","ok","medium","ok","ok",,"medium","true","C1","C1: Below 1.5°C with no or limited overshoot","WITCH 5.0","EN_NPi2020_500","56.6490069439893","18.51730140776001","21.57559755170116","14.435030775332095","569.4927598062526","1.468868481930608","1.536443440018267",
"1560","ENGAGE-NPi2020-500","WITCH 5.0","Final Energy|Electricity","EJ/yr","[object Object]",2040,23.37353960916749,"1.536443440018267","1.468868481930608","2049","569.4927598062526","324.88157908878463","-74.70185579908349","2053",,"GW1","Low Demand","failed","high","medium","ok","medium","high","ok","medium","ok","ok",,"medium","true","C1","C1: Below 1.5°C with no or limited overshoot","WITCH 5.0","EN_NPi2020_500","56.6490069439893","18.51730140776001","21.57559755170116","14.435030775332095","569.4927598062526","1.468868481930608","1.536443440018267",
"1560","ENGAGE-NPi2020-500","WITCH 5.0","Final Energy|Electricity","EJ/yr","[object Object]",2045,26.7021079432575,"1.536443440018267","1.468868481930608","2049","569.4927598062526","324.88157908878463","-74.70185579908349","2053",,"GW1","Low Demand","failed","high","medium","ok","medium","high","ok","medium","ok","ok",,"medium","true","C1","C1: Below 1.5°C with no or limited overshoot","WITCH 5.0","EN_NPi2020_500","56.6490069439893","18.51730140776001","21.57559755170116","14.435030775332095","569.4927598062526","1.468868481930608","1.536443440018267",
"1560","ENGAGE-NPi2020-500","WITCH 5.0","Final Energy|Electricity","EJ/yr","[object Object]",2050,28.5061869671337,"1.536443440018267","1.468868481930608","2049","569.4927598062526","324.88157908878463","-74.70185579908349","2053",,"GW1","Low Demand","failed","high","medium","ok","medium","high","ok","medium","ok","ok",,"medium","true","C1","C1: Below 1.5°C with no or limited overshoot","WITCH 5.0","EN_NPi2020_500","56.6490069439893","18.51730140776001","21.57559755170116","14.435030775332095","569.4927598062526","1.468868481930608","1.536443440018267",
"1560","ENGAGE-NPi2020-500","WITCH 5.0","Final Energy|Electricity","EJ/yr","[object Object]",2055,31.1324522230137,"1.536443440018267","1.468868481930608","2049","569.4927598062526","324.88157908878463","-74.70185579908349","2053",,"GW1","Low Demand","failed","high","medium","ok","medium","high","ok","medium","ok","ok",,"medium","true","C1","C1: Below 1.5°C with no or limited overshoot","WITCH 5.0","EN_NPi2020_500","56.6490069439893","18.51730140776001","21.57559755170116","14.435030775332095","569.4927598062526","1.468868481930608","1.536443440018267",
"1560","ENGAGE-NPi2020-500","WITCH 5.0","Final Energy|Electricity","EJ/yr","[object Object]",2060,32.2995195843572,"1.536443440018267","1.468868481930608","2049","569.4927598062526","324.88157908878463","-74.70185579908349","2053",,"GW1","Low Demand","failed","high","medium","ok","medium","high","ok","medium","ok","ok",,"medium","true","C1","C1: Below 1.5°C with no or limited overshoot","WITCH 5.0","EN_NPi2020_500","56.6490069439893","18.51730140776001","21.57559755170116","14.435030775332095","569.4927598062526","1.468868481930608","1.536443440018267",
"1560","ENGAGE-NPi2020-500","WITCH 5.0","Final Energy|Electricity","EJ/yr","[object Object]",2065,32.8818451016731,"1.536443440018267","1.468868481930608","2049","569.4927598062526","324.88157908878463","-74.70185579908349","2053",,"GW1","Low Demand","failed","high","medium","ok","medium","high","ok","medium","ok","ok",,"medium","true","C1","C1: Below 1.5°C with no or limited overshoot","WITCH 5.0","EN_NPi2020_500","56.6490069439893","18.51730140776001","21.57559755170116","14.435030775332095","569.4927598062526","1.468868481930608","1.536443440018267",
"1560","ENGAGE-NPi2020-500","WITCH 5.0","Final Energy|Electricity","EJ/yr","[object Object]",2070,33.3196298697859,"1.536443440018267","1.468868481930608","2049","569.4927598062526","324.88157908878463","-74.70185579908349","2053",,"GW1","Low Demand","failed","high","medium","ok","medium","high","ok","medium","ok","ok",,"medium","true","C1","C1: Below 1.5°C with no or limited overshoot","WITCH 5.0","EN_NPi2020_500","56.6490069439893","18.51730140776001","21.57559755170116","14.435030775332095","569.4927598062526","1.468868481930608","1.536443440018267",
"1560","ENGAGE-NPi2020-500","WITCH 5.0","Final Energy|Electricity","EJ/yr","[object Object]",2075,33.94479693949189,"1.536443440018267","1.468868481930608","2049","569.4927598062526","324.88157908878463","-74.70185579908349","2053",,"GW1","Low Demand","failed","high","medium","ok","medium","high","ok","medium","ok","ok",,"medium","true","C1","C1: Below 1.5°C with no or limited overshoot","WITCH 5.0","EN_NPi2020_500","56.6490069439893","18.51730140776001","21.57559755170116","14.435030775332095","569.4927598062526","1.468868481930608","1.536443440018267",
"1560","ENGAGE-NPi2020-500","WITCH 5.0","Final Energy|Electricity","EJ/yr","[object Object]",2080,34.5237580591955,"1.536443440018267","1.468868481930608","2049","569.4927598062526","324.88157908878463","-74.70185579908349","2053",,"GW1","Low Demand","failed","high","medium","ok","medium","high","ok","medium","ok","ok",,"medium","true","C1","C1: Below 1.5°C with no or limited overshoot","WITCH 5.0","EN_NPi2020_500","56.6490069439893","18.51730140776001","21.57559755170116","14.435030775332095","569.4927598062526","1.468868481930608","1.536443440018267",
"1560","ENGAGE-NPi2020-500","WITCH 5.0","Final Energy|Electricity","EJ/yr","[object Object]",2085,35.1077566848594,"1.536443440018267","1.468868481930608","2049","569.4927598062526","324.88157908878463","-74.70185579908349","2053",,"GW1","Low Demand","failed","high","medium","ok","medium","high","ok","medium","ok","ok",,"medium","true","C1","C1: Below 1.5°C with no or limited overshoot","WITCH 5.0","EN_NPi2020_500","56.6490069439893","18.51730140776001","21.57559755170116","14.435030775332095","569.4927598062526","1.468868481930608","1.536443440018267",
"1560","ENGAGE-NPi2020-500","WITCH 5.0","Final Energy|Electricity","EJ/yr","[object Object]",2090,34.8492831595619,"1.536443440018267","1.468868481930608","2049","569.4927598062526","324.88157908878463","-74.70185579908349","2053",,"GW1","Low Demand","failed","high","medium","ok","medium","high","ok","medium","ok","ok",,"medium","true","C1","C1: Below 1.5°C with no or limited overshoot","WITCH 5.0","EN_NPi2020_500","56.6490069439893","18.51730140776001","21.57559755170116","14.435030775332095","569.4927598062526","1.468868481930608","1.536443440018267",
"1560","ENGAGE-NPi2020-500","WITCH 5.0","Final Energy|Electricity","EJ/yr","[object Object]",2095,34.4789728410045,"1.536443440018267","1.468868481930608","2049","569.4927598062526","324.88157908878463","-74.70185579908349","2053",,"GW1","Low Demand","failed","high","medium","ok","medium","high","ok","medium","ok","ok",,"medium","true","C1","C1: Below 1.5°C with no or limited overshoot","WITCH 5.0","EN_NPi2020_500","56.6490069439893","18.51730140776001","21.57559755170116","14.435030775332095","569.4927598062526","1.468868481930608","1.536443440018267",
"1560","ENGAGE-NPi2020-500","WITCH 5.0","Final Energy|Electricity","EJ/yr","[object Object]",2100,34.6341501752915,"1.536443440018267","1.468868481930608","2049","569.4927598062526","324.88157908878463","-74.70185579908349","2053",,"GW1","Low Demand","failed","high","medium","ok","medium","high","ok","medium","ok","ok",,"medium","true","C1","C1: Below 1.5°C with no or limited overshoot","WITCH 5.0","EN_NPi2020_500","56.6490069439893","18.51730140776001","21.57559755170116","14.435030775332095","569.4927598062526","1.468868481930608","1.536443440018267",
"1561","ENGAGE-NPi2020-500f","WITCH 5.0","Final Energy|Electricity","EJ/yr","[object Object]",2010,10.9168970681315,"1.595772553781781","1.471612088527754","2069","597.7929330949445","318.3198985864646","-256.61499677435563","2065","2076","GW1","Low Demand","failed","high","medium","ok","medium","high","ok","medium","ok","ok",,"medium","true","C1","C1: Below 1.5°C with no or limited overshoot","WITCH 5.0","EN_NPi2020_500f","48.87339983930073","31.400223706876247","16.73941778073233","14.044103005311143","597.7929330949445","1.471612088527754","1.595772553781781",
"1561","ENGAGE-NPi2020-500f","WITCH 5.0","Final Energy|Electricity","EJ/yr","[object Object]",2015,10.797578611745,"1.595772553781781","1.471612088527754","2069","597.7929330949445","318.3198985864646","-256.61499677435563","2065","2076","GW1","Low Demand","failed","high","medium","ok","medium","high","ok","medium","ok","ok",,"medium","true","C1","C1: Below 1.5°C with no or limited overshoot","WITCH 5.0","EN_NPi2020_500f","48.87339983930073","31.400223706876247","16.73941778073233","14.044103005311143","597.7929330949445","1.471612088527754","1.595772553781781",
"1561","ENGAGE-NPi2020-500f","WITCH 5.0","Final Energy|Electricity","EJ/yr","[object Object]",2020,12.0909604399693,"1.595772553781781","1.471612088527754","2069","597.7929330949445","318.3198985864646","-256.61499677435563","2065","2076","GW1","Low Demand","failed","high","medium","ok","medium","high","ok","medium","ok","ok",,"medium","true","C1","C1: Below 1.5°C with no or limited overshoot","WITCH 5.0","EN_NPi2020_500f","48.87339983930073","31.400223706876247","16.73941778073233","14.044103005311143","597.7929330949445","1.471612088527754","1.595772553781781",
"1561","ENGAGE-NPi2020-500f","WITCH 5.0","Final Energy|Electricity","EJ/yr","[object Object]",2025,11.5725132331261,"1.595772553781781","1.471612088527754","2069","597.7929330949445","318.3198985864646","-256.61499677435563","2065","2076","GW1","Low Demand","failed","high","medium","ok","medium","high","ok","medium","ok","ok",,"medium","true","C1","C1: Below 1.5°C with no or limited overshoot","WITCH 5.0","EN_NPi2020_500f","48.87339983930073","31.400223706876247","16.73941778073233","14.044103005311143","597.7929330949445","1.471612088527754","1.595772553781781",
"1561","ENGAGE-NPi2020-500f","WITCH 5.0","Final Energy|Electricity","EJ/yr","[object Object]",2030,14.4353643866089,"1.595772553781781","1.471612088527754","2069","597.7929330949445","318.3198985864646","-256.61499677435563","2065","2076","GW1","Low Demand","failed","high","medium","ok","medium","high","ok","medium","ok","ok",,"medium","true","C1","C1: Below 1.5°C with no or limited overshoot","WITCH 5.0","EN_NPi2020_500f","48.87339983930073","31.400223706876247","16.73941778073233","14.044103005311143","597.7929330949445","1.471612088527754","1.595772553781781",
"1561","ENGAGE-NPi2020-500f","WITCH 5.0","Final Energy|Electricity","EJ/yr","[object Object]",2035,18.86071620426,"1.595772553781781","1.471612088527754","2069","597.7929330949445","318.3198985864646","-256.61499677435563","2065","2076","GW1","Low Demand","failed","high","medium","ok","medium","high","ok","medium","ok","ok",,"medium","true","C1","C1: Below 1.5°C with no or limited overshoot","WITCH 5.0","EN_NPi2020_500f","48.87339983930073","31.400223706876247","16.73941778073233","14.044103005311143","597.7929330949445","1.471612088527754","1.595772553781781",
"1561","ENGAGE-NPi2020-500f","WITCH 5.0","Final Energy|Electricity","EJ/yr","[object Object]",2040,21.8657871698798,"1.595772553781781","1.471612088527754","2069","597.7929330949445","318.3198985864646","-256.61499677435563","2065","2076","GW1","Low Demand","failed","high","medium","ok","medium","high","ok","medium","ok","ok",,"medium","true","C1","C1: Below 1.5°C with no or limited overshoot","WITCH 5.0","EN_NPi2020_500f","48.87339983930073","31.400223706876247","16.73941778073233","14.044103005311143","597.7929330949445","1.471612088527754","1.595772553781781",
"1561","ENGAGE-NPi2020-500f","WITCH 5.0","Final Energy|Electricity","EJ/yr","[object Object]",2045,25.2904459073146,"1.595772553781781","1.471612088527754","2069","597.7929330949445","318.3198985864646","-256.61499677435563","2065","2076","GW1","Low Demand","failed","high","medium","ok","medium","high","ok","medium","ok","ok",,"medium","true","C1","C1: Below 1.5°C with no or limited overshoot","WITCH 5.0","EN_NPi2020_500f","48.87339983930073","31.400223706876247","16.73941778073233","14.044103005311143","597.7929330949445","1.471612088527754","1.595772553781781",
"1561","ENGAGE-NPi2020-500f","WITCH 5.0","Final Energy|Electricity","EJ/yr","[object Object]",2050,27.3724115393913,"1.595772553781781","1.471612088527754","2069","597.7929330949445","318.3198985864646","-256.61499677435563","2065","2076","GW1","Low Demand","failed","high","medium","ok","medium","high","ok","medium","ok","ok",,"medium","true","C1","C1: Below 1.5°C with no or limited overshoot","WITCH 5.0","EN_NPi2020_500f","48.87339983930073","31.400223706876247","16.73941778073233","14.044103005311143","597.7929330949445","1.471612088527754","1.595772553781781",
"1561","ENGAGE-NPi2020-500f","WITCH 5.0","Final Energy|Electricity","EJ/yr","[object Object]",2055,29.5477232374752,"1.595772553781781","1.471612088527754","2069","597.7929330949445","318.3198985864646","-256.61499677435563","2065","2076","GW1","Low Demand","failed","high","medium","ok","medium","high","ok","medium","ok","ok",,"medium","true","C1","C1: Below 1.5°C with no or limited overshoot","WITCH 5.0","EN_NPi2020_500f","48.87339983930073","31.400223706876247","16.73941778073233","14.044103005311143","597.7929330949445","1.471612088527754","1.595772553781781",
"1561","ENGAGE-NPi2020-500f","WITCH 5.0","Final Energy|Electricity","EJ/yr","[object Object]",2060,31.3434265498432,"1.595772553781781","1.471612088527754","2069","597.7929330949445","318.3198985864646","-256.61499677435563","2065","2076","GW1","Low Demand","failed","high","medium","ok","medium","high","ok","medium","ok","ok",,"medium","true","C1","C1: Below 1.5°C with no or limited overshoot","WITCH 5.0","EN_NPi2020_500f","48.87339983930073","31.400223706876247","16.73941778073233","14.044103005311143","597.7929330949445","1.471612088527754","1.595772553781781",
"1561","ENGAGE-NPi2020-500f","WITCH 5.0","Final Energy|Electricity","EJ/yr","[object Object]",2065,32.4654545364935,"1.595772553781781","1.471612088527754","2069","597.7929330949445","318.3198985864646","-256.61499677435563","2065","2076","GW1","Low Demand","failed","high","medium","ok","medium","high","ok","medium","ok","ok",,"medium","true","C1","C1: Below 1.5°C with no or limited overshoot","WITCH 5.0","EN_NPi2020_500f","48.87339983930073","31.400223706876247","16.73941778073233","14.044103005311143","597.7929330949445","1.471612088527754","1.595772553781781",
"1561","ENGAGE-NPi2020-500f","WITCH 5.0","Final Energy|Electricity","EJ/yr","[object Object]",2070,33.425116293454,"1.595772553781781","1.471612088527754","2069","597.7929330949445","318.3198985864646","-256.61499677435563","2065","2076","GW1","Low Demand","failed","high","medium","ok","medium","high","ok","medium","ok","ok",,"medium","true","C1","C1: Below 1.5°C with no or limited overshoot","WITCH 5.0","EN_NPi2020_500f","48.87339983930073","31.400223706876247","16.73941778073233","14.044103005311143","597.7929330949445","1.471612088527754","1.595772553781781",
"1561","ENGAGE-NPi2020-500f","WITCH 5.0","Final Energy|Electricity","EJ/yr","[object Object]",2075,34.70824431313289,"1.595772553781781","1.471612088527754","2069","597.7929330949445","318.3198985864646","-256.61499677435563","2065","2076","GW1","Low Demand","failed","high","medium","ok","medium","high","ok","medium","ok","ok",,"medium","true","C1","C1: Below 1.5°C with no or limited overshoot","WITCH 5.0","EN_NPi2020_500f","48.87339983930073","31.400223706876247","16.73941778073233","14.044103005311143","597.7929330949445","1.471612088527754","1.595772553781781",
"1561","ENGAGE-NPi2020-500f","WITCH 5.0","Final Energy|Electricity","EJ/yr","[object Object]",2080,35.6211868866703,"1.595772553781781","1.471612088527754","2069","597.7929330949445","318.3198985864646","-256.61499677435563","2065","2076","GW1","Low Demand","failed","high","medium","ok","medium","high","ok","medium","ok","ok",,"medium","true","C1","C1: Below 1.5°C with no or limited overshoot","WITCH 5.0","EN_NPi2020_500f","48.87339983930073","31.400223706876247","16.73941778073233","14.044103005311143","597.7929330949445","1.471612088527754","1.595772553781781",
"1561","ENGAGE-NPi2020-500f","WITCH 5.0","Final Energy|Electricity","EJ/yr","[object Object]",2085,36.0055553702551,"1.595772553781781","1.471612088527754","2069","597.7929330949445","318.3198985864646","-256.61499677435563","2065","2076","GW1","Low Demand","failed","high","medium","ok","medium","high","ok","medium","ok","ok",,"medium","true","C1","C1: Below 1.5°C with no or limited overshoot","WITCH 5.0","EN_NPi2020_500f","48.87339983930073","31.400223706876247","16.73941778073233","14.044103005311143","597.7929330949445","1.471612088527754","1.595772553781781",
"1561","ENGAGE-NPi2020-500f","WITCH 5.0","Final Energy|Electricity","EJ/yr","[object Object]",2090,36.0387068080206,"1.595772553781781","1.471612088527754","2069","597.7929330949445","318.3198985864646","-256.61499677435563","2065","2076","GW1","Low Demand","failed","high","medium","ok","medium","high","ok","medium","ok","ok",,"medium","true","C1","C1: Below 1.5°C with no or limited overshoot","WITCH 5.0","EN_NPi2020_500f","48.87339983930073","31.400223706876247","16.73941778073233","14.044103005311143","597.7929330949445","1.471612088527754","1.595772553781781",
"1561","ENGAGE-NPi2020-500f","WITCH 5.0","Final Energy|Electricity","EJ/yr","[object Object]",2095,35.9500057378572,"1.595772553781781","1.471612088527754","2069","597.7929330949445","318.3198985864646","-256.61499677435563","2065","2076","GW1","Low Demand","failed","high","medium","ok","medium","high","ok","medium","ok","ok",,"medium","true","C1","C1: Below 1.5°C with no or limited overshoot","WITCH 5.0","EN_NPi2020_500f","48.87339983930073","31.400223706876247","16.73941778073233","14.044103005311143","597.7929330949445","1.471612088527754","1.595772553781781",
"1561","ENGAGE-NPi2020-500f","WITCH 5.0","Final Energy|Electricity","EJ/yr","[object Object]",2100,36.15828743545,"1.595772553781781","1.471612088527754","2069","597.7929330949445","318.3198985864646","-256.61499677435563","2065","2076","GW1","Low Demand","failed","high","medium","ok","medium","high","ok","medium","ok","ok",,"medium","true","C1","C1: Below 1.5°C with no or limited overshoot","WITCH 5.0","EN_NPi2020_500f","48.87339983930073","31.400223706876247","16.73941778073233","14.044103005311143","597.7929330949445","1.471612088527754","1.595772553781781",