"Run ID","Scenario name","Model name","Variable name","unit","Flag Category","year","value","meta_Climate Assessment|Peak Warming|Median [MAGICCv7.5.3]","meta_Climate Assessment|Warming in 2100|Median [MAGICCv7.5.3]","meta_Climate Assessment|Year of Peak Warming|Median [MAGICCv7.5.3]","meta_Emissions Diagnostics|Cumulative CCS [2020-2100, Gt CO2]","meta_Emissions Diagnostics|Cumulative CO2 [2020-2100, Gt CO2]","meta_Emissions Diagnostics|Cumulative Net-Negative CO2 [2020-2100, Gt CO2]","meta_Emissions Diagnostics|Year of Net Zero|CO2","meta_Emissions Diagnostics|Year of Net Zero|Kyoto Gases","meta_Climate Category|SCI 2025 [Tier I]","meta_Scenario Typology|SCI 2025 [beta]","meta_Vetting|SCI 2025","meta_Feasibility Concern|Carbon Capture|World|2030","meta_Feasibility Concern|Carbon Capture|World|2035","meta_Feasibility Concern|Carbon Capture|World|2040","meta_Feasibility Concern|Hydropower Capacity|World|2030","meta_Feasibility Concern|Nuclear Capacity|World|2030","meta_Feasibility Concern|Onshore Wind Capacity|World|2030","meta_Feasibility Concern|Solar PV Capacity|World|2030","meta_Feasibility Concern|Wind Capacity|World|2030","meta_Sustainability Concern|Exceeding Prudent Limit For Geological Carbon Storage|World","meta_Sustainability Concern|Food Availability|World","meta_Sustainability Concern|Unsustainable Bioenergy Use|World","meta_Scenario Ensemble|AR6","meta_Climate Category|AR6 [ID]","meta_Climate Category|AR6 [Name]","meta_Legacy Mapping|AR6|Model Name","meta_Legacy Mapping|AR6|Scenario Name","meta_renewablesShare","meta_fossilShare","meta_biomassShare","meta_gfaIncrease","meta_carbonRemoval","meta_eocWarming","meta_peakWarming","meta_Ensemble Weight|SCI 2025 [beta]"
"22","ENGAGE-NPi2020-300f","AIM/CGE V2.2","Final Energy|Residential and Commercial","EJ/yr","[object Object]",2010,20.637,"1.608746045509346","1.303397456870074","2049","1156.3710320999999","243.22856430000013","-387.82802910000004","2055","2064","GW1","Carbon Capture and Storage","failed","high","medium","medium","high","high","ok","ok","ok","ok","ok","high","true","C1","C1: Below 1.5°C with no or limited overshoot","AIM/CGE 2.2","EN_NPi2020_300f","23.256664793104108","47.10106763560831","22.491159587698213","25.414979197038534","1156.3710320999999","1.303397456870074","1.608746045509346",
"22","ENGAGE-NPi2020-300f","AIM/CGE V2.2","Final Energy|Residential and Commercial","EJ/yr","[object Object]",2015,18.5392,"1.608746045509346","1.303397456870074","2049","1156.3710320999999","243.22856430000013","-387.82802910000004","2055","2064","GW1","Carbon Capture and Storage","failed","high","medium","medium","high","high","ok","ok","ok","ok","ok","high","true","C1","C1: Below 1.5°C with no or limited overshoot","AIM/CGE 2.2","EN_NPi2020_300f","23.256664793104108","47.10106763560831","22.491159587698213","25.414979197038534","1156.3710320999999","1.303397456870074","1.608746045509346",
"22","ENGAGE-NPi2020-300f","AIM/CGE V2.2","Final Energy|Residential and Commercial","EJ/yr","[object Object]",2020,18.7773,"1.608746045509346","1.303397456870074","2049","1156.3710320999999","243.22856430000013","-387.82802910000004","2055","2064","GW1","Carbon Capture and Storage","failed","high","medium","medium","high","high","ok","ok","ok","ok","ok","high","true","C1","C1: Below 1.5°C with no or limited overshoot","AIM/CGE 2.2","EN_NPi2020_300f","23.256664793104108","47.10106763560831","22.491159587698213","25.414979197038534","1156.3710320999999","1.303397456870074","1.608746045509346",
"22","ENGAGE-NPi2020-300f","AIM/CGE V2.2","Final Energy|Residential and Commercial","EJ/yr","[object Object]",2025,17.610799999999998,"1.608746045509346","1.303397456870074","2049","1156.3710320999999","243.22856430000013","-387.82802910000004","2055","2064","GW1","Carbon Capture and Storage","failed","high","medium","medium","high","high","ok","ok","ok","ok","ok","high","true","C1","C1: Below 1.5°C with no or limited overshoot","AIM/CGE 2.2","EN_NPi2020_300f","23.256664793104108","47.10106763560831","22.491159587698213","25.414979197038534","1156.3710320999999","1.303397456870074","1.608746045509346",
"22","ENGAGE-NPi2020-300f","AIM/CGE V2.2","Final Energy|Residential and Commercial","EJ/yr","[object Object]",2030,16.5978,"1.608746045509346","1.303397456870074","2049","1156.3710320999999","243.22856430000013","-387.82802910000004","2055","2064","GW1","Carbon Capture and Storage","failed","high","medium","medium","high","high","ok","ok","ok","ok","ok","high","true","C1","C1: Below 1.5°C with no or limited overshoot","AIM/CGE 2.2","EN_NPi2020_300f","23.256664793104108","47.10106763560831","22.491159587698213","25.414979197038534","1156.3710320999999","1.303397456870074","1.608746045509346",
"22","ENGAGE-NPi2020-300f","AIM/CGE V2.2","Final Energy|Residential and Commercial","EJ/yr","[object Object]",2035,16.3982,"1.608746045509346","1.303397456870074","2049","1156.3710320999999","243.22856430000013","-387.82802910000004","2055","2064","GW1","Carbon Capture and Storage","failed","high","medium","medium","high","high","ok","ok","ok","ok","ok","high","true","C1","C1: Below 1.5°C with no or limited overshoot","AIM/CGE 2.2","EN_NPi2020_300f","23.256664793104108","47.10106763560831","22.491159587698213","25.414979197038534","1156.3710320999999","1.303397456870074","1.608746045509346",
"22","ENGAGE-NPi2020-300f","AIM/CGE V2.2","Final Energy|Residential and Commercial","EJ/yr","[object Object]",2040,17.1358,"1.608746045509346","1.303397456870074","2049","1156.3710320999999","243.22856430000013","-387.82802910000004","2055","2064","GW1","Carbon Capture and Storage","failed","high","medium","medium","high","high","ok","ok","ok","ok","ok","high","true","C1","C1: Below 1.5°C with no or limited overshoot","AIM/CGE 2.2","EN_NPi2020_300f","23.256664793104108","47.10106763560831","22.491159587698213","25.414979197038534","1156.3710320999999","1.303397456870074","1.608746045509346",
"22","ENGAGE-NPi2020-300f","AIM/CGE V2.2","Final Energy|Residential and Commercial","EJ/yr","[object Object]",2045,17.5952,"1.608746045509346","1.303397456870074","2049","1156.3710320999999","243.22856430000013","-387.82802910000004","2055","2064","GW1","Carbon Capture and Storage","failed","high","medium","medium","high","high","ok","ok","ok","ok","ok","high","true","C1","C1: Below 1.5°C with no or limited overshoot","AIM/CGE 2.2","EN_NPi2020_300f","23.256664793104108","47.10106763560831","22.491159587698213","25.414979197038534","1156.3710320999999","1.303397456870074","1.608746045509346",
"22","ENGAGE-NPi2020-300f","AIM/CGE V2.2","Final Energy|Residential and Commercial","EJ/yr","[object Object]",2050,17.636699999999998,"1.608746045509346","1.303397456870074","2049","1156.3710320999999","243.22856430000013","-387.82802910000004","2055","2064","GW1","Carbon Capture and Storage","failed","high","medium","medium","high","high","ok","ok","ok","ok","ok","high","true","C1","C1: Below 1.5°C with no or limited overshoot","AIM/CGE 2.2","EN_NPi2020_300f","23.256664793104108","47.10106763560831","22.491159587698213","25.414979197038534","1156.3710320999999","1.303397456870074","1.608746045509346",
"22","ENGAGE-NPi2020-300f","AIM/CGE V2.2","Final Energy|Residential and Commercial","EJ/yr","[object Object]",2055,17.7513,"1.608746045509346","1.303397456870074","2049","1156.3710320999999","243.22856430000013","-387.82802910000004","2055","2064","GW1","Carbon Capture and Storage","failed","high","medium","medium","high","high","ok","ok","ok","ok","ok","high","true","C1","C1: Below 1.5°C with no or limited overshoot","AIM/CGE 2.2","EN_NPi2020_300f","23.256664793104108","47.10106763560831","22.491159587698213","25.414979197038534","1156.3710320999999","1.303397456870074","1.608746045509346",
"22","ENGAGE-NPi2020-300f","AIM/CGE V2.2","Final Energy|Residential and Commercial","EJ/yr","[object Object]",2060,17.835800000000003,"1.608746045509346","1.303397456870074","2049","1156.3710320999999","243.22856430000013","-387.82802910000004","2055","2064","GW1","Carbon Capture and Storage","failed","high","medium","medium","high","high","ok","ok","ok","ok","ok","high","true","C1","C1: Below 1.5°C with no or limited overshoot","AIM/CGE 2.2","EN_NPi2020_300f","23.256664793104108","47.10106763560831","22.491159587698213","25.414979197038534","1156.3710320999999","1.303397456870074","1.608746045509346",
"22","ENGAGE-NPi2020-300f","AIM/CGE V2.2","Final Energy|Residential and Commercial","EJ/yr","[object Object]",2065,17.8365,"1.608746045509346","1.303397456870074","2049","1156.3710320999999","243.22856430000013","-387.82802910000004","2055","2064","GW1","Carbon Capture and Storage","failed","high","medium","medium","high","high","ok","ok","ok","ok","ok","high","true","C1","C1: Below 1.5°C with no or limited overshoot","AIM/CGE 2.2","EN_NPi2020_300f","23.256664793104108","47.10106763560831","22.491159587698213","25.414979197038534","1156.3710320999999","1.303397456870074","1.608746045509346",
"22","ENGAGE-NPi2020-300f","AIM/CGE V2.2","Final Energy|Residential and Commercial","EJ/yr","[object Object]",2070,17.871000000000002,"1.608746045509346","1.303397456870074","2049","1156.3710320999999","243.22856430000013","-387.82802910000004","2055","2064","GW1","Carbon Capture and Storage","failed","high","medium","medium","high","high","ok","ok","ok","ok","ok","high","true","C1","C1: Below 1.5°C with no or limited overshoot","AIM/CGE 2.2","EN_NPi2020_300f","23.256664793104108","47.10106763560831","22.491159587698213","25.414979197038534","1156.3710320999999","1.303397456870074","1.608746045509346",
"22","ENGAGE-NPi2020-300f","AIM/CGE V2.2","Final Energy|Residential and Commercial","EJ/yr","[object Object]",2075,18.0753,"1.608746045509346","1.303397456870074","2049","1156.3710320999999","243.22856430000013","-387.82802910000004","2055","2064","GW1","Carbon Capture and Storage","failed","high","medium","medium","high","high","ok","ok","ok","ok","ok","high","true","C1","C1: Below 1.5°C with no or limited overshoot","AIM/CGE 2.2","EN_NPi2020_300f","23.256664793104108","47.10106763560831","22.491159587698213","25.414979197038534","1156.3710320999999","1.303397456870074","1.608746045509346",
"22","ENGAGE-NPi2020-300f","AIM/CGE V2.2","Final Energy|Residential and Commercial","EJ/yr","[object Object]",2080,18.322,"1.608746045509346","1.303397456870074","2049","1156.3710320999999","243.22856430000013","-387.82802910000004","2055","2064","GW1","Carbon Capture and Storage","failed","high","medium","medium","high","high","ok","ok","ok","ok","ok","high","true","C1","C1: Below 1.5°C with no or limited overshoot","AIM/CGE 2.2","EN_NPi2020_300f","23.256664793104108","47.10106763560831","22.491159587698213","25.414979197038534","1156.3710320999999","1.303397456870074","1.608746045509346",
"22","ENGAGE-NPi2020-300f","AIM/CGE V2.2","Final Energy|Residential and Commercial","EJ/yr","[object Object]",2085,18.4574,"1.608746045509346","1.303397456870074","2049","1156.3710320999999","243.22856430000013","-387.82802910000004","2055","2064","GW1","Carbon Capture and Storage","failed","high","medium","medium","high","high","ok","ok","ok","ok","ok","high","true","C1","C1: Below 1.5°C with no or limited overshoot","AIM/CGE 2.2","EN_NPi2020_300f","23.256664793104108","47.10106763560831","22.491159587698213","25.414979197038534","1156.3710320999999","1.303397456870074","1.608746045509346",
"22","ENGAGE-NPi2020-300f","AIM/CGE V2.2","Final Energy|Residential and Commercial","EJ/yr","[object Object]",2090,18.5146,"1.608746045509346","1.303397456870074","2049","1156.3710320999999","243.22856430000013","-387.82802910000004","2055","2064","GW1","Carbon Capture and Storage","failed","high","medium","medium","high","high","ok","ok","ok","ok","ok","high","true","C1","C1: Below 1.5°C with no or limited overshoot","AIM/CGE 2.2","EN_NPi2020_300f","23.256664793104108","47.10106763560831","22.491159587698213","25.414979197038534","1156.3710320999999","1.303397456870074","1.608746045509346",
"22","ENGAGE-NPi2020-300f","AIM/CGE V2.2","Final Energy|Residential and Commercial","EJ/yr","[object Object]",2095,18.5305,"1.608746045509346","1.303397456870074","2049","1156.3710320999999","243.22856430000013","-387.82802910000004","2055","2064","GW1","Carbon Capture and Storage","failed","high","medium","medium","high","high","ok","ok","ok","ok","ok","high","true","C1","C1: Below 1.5°C with no or limited overshoot","AIM/CGE 2.2","EN_NPi2020_300f","23.256664793104108","47.10106763560831","22.491159587698213","25.414979197038534","1156.3710320999999","1.303397456870074","1.608746045509346",
"22","ENGAGE-NPi2020-300f","AIM/CGE V2.2","Final Energy|Residential and Commercial","EJ/yr","[object Object]",2100,18.6491,"1.608746045509346","1.303397456870074","2049","1156.3710320999999","243.22856430000013","-387.82802910000004","2055","2064","GW1","Carbon Capture and Storage","failed","high","medium","medium","high","high","ok","ok","ok","ok","ok","high","true","C1","C1: Below 1.5°C with no or limited overshoot","AIM/CGE 2.2","EN_NPi2020_300f","23.256664793104108","47.10106763560831","22.491159587698213","25.414979197038534","1156.3710320999999","1.303397456870074","1.608746045509346",
"25","ENGAGE-NPi2020-600","AIM/CGE V2.2","Final Energy|Residential and Commercial","EJ/yr","[object Object]",2010,20.637,"1.58686642737579","1.478589824902255","2048","992.6606307999999","568.0111522999996","-0.00045999999999999996","2055",,"GW1","Carbon Capture and Storage","failed","high","medium","medium","high","high","ok","ok","ok","ok","ok","medium","true","C1","C1: Below 1.5°C with no or limited overshoot","AIM/CGE 2.2","EN_NPi2020_600","23.72718149808867","42.94199880505589","26.365484677452102","27.11513594269185","992.6606307999999","1.478589824902255","1.58686642737579",
"25","ENGAGE-NPi2020-600","AIM/CGE V2.2","Final Energy|Residential and Commercial","EJ/yr","[object Object]",2015,18.5392,"1.58686642737579","1.478589824902255","2048","992.6606307999999","568.0111522999996","-0.00045999999999999996","2055",,"GW1","Carbon Capture and Storage","failed","high","medium","medium","high","high","ok","ok","ok","ok","ok","medium","true","C1","C1: Below 1.5°C with no or limited overshoot","AIM/CGE 2.2","EN_NPi2020_600","23.72718149808867","42.94199880505589","26.365484677452102","27.11513594269185","992.6606307999999","1.478589824902255","1.58686642737579",
"25","ENGAGE-NPi2020-600","AIM/CGE V2.2","Final Energy|Residential and Commercial","EJ/yr","[object Object]",2020,18.7773,"1.58686642737579","1.478589824902255","2048","992.6606307999999","568.0111522999996","-0.00045999999999999996","2055",,"GW1","Carbon Capture and Storage","failed","high","medium","medium","high","high","ok","ok","ok","ok","ok","medium","true","C1","C1: Below 1.5°C with no or limited overshoot","AIM/CGE 2.2","EN_NPi2020_600","23.72718149808867","42.94199880505589","26.365484677452102","27.11513594269185","992.6606307999999","1.478589824902255","1.58686642737579",
"25","ENGAGE-NPi2020-600","AIM/CGE V2.2","Final Energy|Residential and Commercial","EJ/yr","[object Object]",2025,17.610799999999998,"1.58686642737579","1.478589824902255","2048","992.6606307999999","568.0111522999996","-0.00045999999999999996","2055",,"GW1","Carbon Capture and Storage","failed","high","medium","medium","high","high","ok","ok","ok","ok","ok","medium","true","C1","C1: Below 1.5°C with no or limited overshoot","AIM/CGE 2.2","EN_NPi2020_600","23.72718149808867","42.94199880505589","26.365484677452102","27.11513594269185","992.6606307999999","1.478589824902255","1.58686642737579",
"25","ENGAGE-NPi2020-600","AIM/CGE V2.2","Final Energy|Residential and Commercial","EJ/yr","[object Object]",2030,16.5978,"1.58686642737579","1.478589824902255","2048","992.6606307999999","568.0111522999996","-0.00045999999999999996","2055",,"GW1","Carbon Capture and Storage","failed","high","medium","medium","high","high","ok","ok","ok","ok","ok","medium","true","C1","C1: Below 1.5°C with no or limited overshoot","AIM/CGE 2.2","EN_NPi2020_600","23.72718149808867","42.94199880505589","26.365484677452102","27.11513594269185","992.6606307999999","1.478589824902255","1.58686642737579",
"25","ENGAGE-NPi2020-600","AIM/CGE V2.2","Final Energy|Residential and Commercial","EJ/yr","[object Object]",2035,16.2053,"1.58686642737579","1.478589824902255","2048","992.6606307999999","568.0111522999996","-0.00045999999999999996","2055",,"GW1","Carbon Capture and Storage","failed","high","medium","medium","high","high","ok","ok","ok","ok","ok","medium","true","C1","C1: Below 1.5°C with no or limited overshoot","AIM/CGE 2.2","EN_NPi2020_600","23.72718149808867","42.94199880505589","26.365484677452102","27.11513594269185","992.6606307999999","1.478589824902255","1.58686642737579",
"25","ENGAGE-NPi2020-600","AIM/CGE V2.2","Final Energy|Residential and Commercial","EJ/yr","[object Object]",2040,16.654,"1.58686642737579","1.478589824902255","2048","992.6606307999999","568.0111522999996","-0.00045999999999999996","2055",,"GW1","Carbon Capture and Storage","failed","high","medium","medium","high","high","ok","ok","ok","ok","ok","medium","true","C1","C1: Below 1.5°C with no or limited overshoot","AIM/CGE 2.2","EN_NPi2020_600","23.72718149808867","42.94199880505589","26.365484677452102","27.11513594269185","992.6606307999999","1.478589824902255","1.58686642737579",
"25","ENGAGE-NPi2020-600","AIM/CGE V2.2","Final Energy|Residential and Commercial","EJ/yr","[object Object]",2045,17.2511,"1.58686642737579","1.478589824902255","2048","992.6606307999999","568.0111522999996","-0.00045999999999999996","2055",,"GW1","Carbon Capture and Storage","failed","high","medium","medium","high","high","ok","ok","ok","ok","ok","medium","true","C1","C1: Below 1.5°C with no or limited overshoot","AIM/CGE 2.2","EN_NPi2020_600","23.72718149808867","42.94199880505589","26.365484677452102","27.11513594269185","992.6606307999999","1.478589824902255","1.58686642737579",
"25","ENGAGE-NPi2020-600","AIM/CGE V2.2","Final Energy|Residential and Commercial","EJ/yr","[object Object]",2050,17.5313,"1.58686642737579","1.478589824902255","2048","992.6606307999999","568.0111522999996","-0.00045999999999999996","2055",,"GW1","Carbon Capture and Storage","failed","high","medium","medium","high","high","ok","ok","ok","ok","ok","medium","true","C1","C1: Below 1.5°C with no or limited overshoot","AIM/CGE 2.2","EN_NPi2020_600","23.72718149808867","42.94199880505589","26.365484677452102","27.11513594269185","992.6606307999999","1.478589824902255","1.58686642737579",
"25","ENGAGE-NPi2020-600","AIM/CGE V2.2","Final Energy|Residential and Commercial","EJ/yr","[object Object]",2055,17.7748,"1.58686642737579","1.478589824902255","2048","992.6606307999999","568.0111522999996","-0.00045999999999999996","2055",,"GW1","Carbon Capture and Storage","failed","high","medium","medium","high","high","ok","ok","ok","ok","ok","medium","true","C1","C1: Below 1.5°C with no or limited overshoot","AIM/CGE 2.2","EN_NPi2020_600","23.72718149808867","42.94199880505589","26.365484677452102","27.11513594269185","992.6606307999999","1.478589824902255","1.58686642737579",
"25","ENGAGE-NPi2020-600","AIM/CGE V2.2","Final Energy|Residential and Commercial","EJ/yr","[object Object]",2060,17.999499999999998,"1.58686642737579","1.478589824902255","2048","992.6606307999999","568.0111522999996","-0.00045999999999999996","2055",,"GW1","Carbon Capture and Storage","failed","high","medium","medium","high","high","ok","ok","ok","ok","ok","medium","true","C1","C1: Below 1.5°C with no or limited overshoot","AIM/CGE 2.2","EN_NPi2020_600","23.72718149808867","42.94199880505589","26.365484677452102","27.11513594269185","992.6606307999999","1.478589824902255","1.58686642737579",
"25","ENGAGE-NPi2020-600","AIM/CGE V2.2","Final Energy|Residential and Commercial","EJ/yr","[object Object]",2065,18.2429,"1.58686642737579","1.478589824902255","2048","992.6606307999999","568.0111522999996","-0.00045999999999999996","2055",,"GW1","Carbon Capture and Storage","failed","high","medium","medium","high","high","ok","ok","ok","ok","ok","medium","true","C1","C1: Below 1.5°C with no or limited overshoot","AIM/CGE 2.2","EN_NPi2020_600","23.72718149808867","42.94199880505589","26.365484677452102","27.11513594269185","992.6606307999999","1.478589824902255","1.58686642737579",
"25","ENGAGE-NPi2020-600","AIM/CGE V2.2","Final Energy|Residential and Commercial","EJ/yr","[object Object]",2070,18.4754,"1.58686642737579","1.478589824902255","2048","992.6606307999999","568.0111522999996","-0.00045999999999999996","2055",,"GW1","Carbon Capture and Storage","failed","high","medium","medium","high","high","ok","ok","ok","ok","ok","medium","true","C1","C1: Below 1.5°C with no or limited overshoot","AIM/CGE 2.2","EN_NPi2020_600","23.72718149808867","42.94199880505589","26.365484677452102","27.11513594269185","992.6606307999999","1.478589824902255","1.58686642737579",
"25","ENGAGE-NPi2020-600","AIM/CGE V2.2","Final Energy|Residential and Commercial","EJ/yr","[object Object]",2075,18.6135,"1.58686642737579","1.478589824902255","2048","992.6606307999999","568.0111522999996","-0.00045999999999999996","2055",,"GW1","Carbon Capture and Storage","failed","high","medium","medium","high","high","ok","ok","ok","ok","ok","medium","true","C1","C1: Below 1.5°C with no or limited overshoot","AIM/CGE 2.2","EN_NPi2020_600","23.72718149808867","42.94199880505589","26.365484677452102","27.11513594269185","992.6606307999999","1.478589824902255","1.58686642737579",
"25","ENGAGE-NPi2020-600","AIM/CGE V2.2","Final Energy|Residential and Commercial","EJ/yr","[object Object]",2080,18.6903,"1.58686642737579","1.478589824902255","2048","992.6606307999999","568.0111522999996","-0.00045999999999999996","2055",,"GW1","Carbon Capture and Storage","failed","high","medium","medium","high","high","ok","ok","ok","ok","ok","medium","true","C1","C1: Below 1.5°C with no or limited overshoot","AIM/CGE 2.2","EN_NPi2020_600","23.72718149808867","42.94199880505589","26.365484677452102","27.11513594269185","992.6606307999999","1.478589824902255","1.58686642737579",
"25","ENGAGE-NPi2020-600","AIM/CGE V2.2","Final Energy|Residential and Commercial","EJ/yr","[object Object]",2085,18.722700000000003,"1.58686642737579","1.478589824902255","2048","992.6606307999999","568.0111522999996","-0.00045999999999999996","2055",,"GW1","Carbon Capture and Storage","failed","high","medium","medium","high","high","ok","ok","ok","ok","ok","medium","true","C1","C1: Below 1.5°C with no or limited overshoot","AIM/CGE 2.2","EN_NPi2020_600","23.72718149808867","42.94199880505589","26.365484677452102","27.11513594269185","992.6606307999999","1.478589824902255","1.58686642737579",
"25","ENGAGE-NPi2020-600","AIM/CGE V2.2","Final Energy|Residential and Commercial","EJ/yr","[object Object]",2090,18.7172,"1.58686642737579","1.478589824902255","2048","992.6606307999999","568.0111522999996","-0.00045999999999999996","2055",,"GW1","Carbon Capture and Storage","failed","high","medium","medium","high","high","ok","ok","ok","ok","ok","medium","true","C1","C1: Below 1.5°C with no or limited overshoot","AIM/CGE 2.2","EN_NPi2020_600","23.72718149808867","42.94199880505589","26.365484677452102","27.11513594269185","992.6606307999999","1.478589824902255","1.58686642737579",
"25","ENGAGE-NPi2020-600","AIM/CGE V2.2","Final Energy|Residential and Commercial","EJ/yr","[object Object]",2095,18.6659,"1.58686642737579","1.478589824902255","2048","992.6606307999999","568.0111522999996","-0.00045999999999999996","2055",,"GW1","Carbon Capture and Storage","failed","high","medium","medium","high","high","ok","ok","ok","ok","ok","medium","true","C1","C1: Below 1.5°C with no or limited overshoot","AIM/CGE 2.2","EN_NPi2020_600","23.72718149808867","42.94199880505589","26.365484677452102","27.11513594269185","992.6606307999999","1.478589824902255","1.58686642737579",
"25","ENGAGE-NPi2020-600","AIM/CGE V2.2","Final Energy|Residential and Commercial","EJ/yr","[object Object]",2100,18.7224,"1.58686642737579","1.478589824902255","2048","992.6606307999999","568.0111522999996","-0.00045999999999999996","2055",,"GW1","Carbon Capture and Storage","failed","high","medium","medium","high","high","ok","ok","ok","ok","ok","medium","true","C1","C1: Below 1.5°C with no or limited overshoot","AIM/CGE 2.2","EN_NPi2020_600","23.72718149808867","42.94199880505589","26.365484677452102","27.11513594269185","992.6606307999999","1.478589824902255","1.58686642737579",
"86","ENGAGE-NPi2020-400","COFFEE 1.1","Final Energy|Residential and Commercial","EJ/yr","[object Object]",2010,24.0808704702624,"1.608310006807809","1.487108912408552","2048","736.6176995420001","379.65804626499994",,,,"GW1","Carbon Dioxide Removal","failed","high","medium","ok","high","high","high","medium","ok","ok",,"high","true","C1","C1: Below 1.5°C with no or limited overshoot","COFFEE 1.1","EN_NPi2020_400","53.29118084759603","34.00598968791042","6.69444205256615","2.3389597597923597","736.6176995420001","1.487108912408552","1.608310006807809",
"86","ENGAGE-NPi2020-400","COFFEE 1.1","Final Energy|Residential and Commercial","EJ/yr","[object Object]",2015,19.003584486096,"1.608310006807809","1.487108912408552","2048","736.6176995420001","379.65804626499994",,,,"GW1","Carbon Dioxide Removal","failed","high","medium","ok","high","high","high","medium","ok","ok",,"high","true","C1","C1: Below 1.5°C with no or limited overshoot","COFFEE 1.1","EN_NPi2020_400","53.29118084759603","34.00598968791042","6.69444205256615","2.3389597597923597","736.6176995420001","1.487108912408552","1.608310006807809",
"86","ENGAGE-NPi2020-400","COFFEE 1.1","Final Energy|Residential and Commercial","EJ/yr","[object Object]",2020,20.116890937872,"1.608310006807809","1.487108912408552","2048","736.6176995420001","379.65804626499994",,,,"GW1","Carbon Dioxide Removal","failed","high","medium","ok","high","high","high","medium","ok","ok",,"high","true","C1","C1: Below 1.5°C with no or limited overshoot","COFFEE 1.1","EN_NPi2020_400","53.29118084759603","34.00598968791042","6.69444205256615","2.3389597597923597","736.6176995420001","1.487108912408552","1.608310006807809",
"86","ENGAGE-NPi2020-400","COFFEE 1.1","Final Energy|Residential and Commercial","EJ/yr","[object Object]",2025,19.839403135224,"1.608310006807809","1.487108912408552","2048","736.6176995420001","379.65804626499994",,,,"GW1","Carbon Dioxide Removal","failed","high","medium","ok","high","high","high","medium","ok","ok",,"high","true","C1","C1: Below 1.5°C with no or limited overshoot","COFFEE 1.1","EN_NPi2020_400","53.29118084759603","34.00598968791042","6.69444205256615","2.3389597597923597","736.6176995420001","1.487108912408552","1.608310006807809",
"86","ENGAGE-NPi2020-400","COFFEE 1.1","Final Energy|Residential and Commercial","EJ/yr","[object Object]",2030,20.4057503856,"1.608310006807809","1.487108912408552","2048","736.6176995420001","379.65804626499994",,,,"GW1","Carbon Dioxide Removal","failed","high","medium","ok","high","high","high","medium","ok","ok",,"high","true","C1","C1: Below 1.5°C with no or limited overshoot","COFFEE 1.1","EN_NPi2020_400","53.29118084759603","34.00598968791042","6.69444205256615","2.3389597597923597","736.6176995420001","1.487108912408552","1.608310006807809",
"86","ENGAGE-NPi2020-400","COFFEE 1.1","Final Energy|Residential and Commercial","EJ/yr","[object Object]",2035,22.005063936,"1.608310006807809","1.487108912408552","2048","736.6176995420001","379.65804626499994",,,,"GW1","Carbon Dioxide Removal","failed","high","medium","ok","high","high","high","medium","ok","ok",,"high","true","C1","C1: Below 1.5°C with no or limited overshoot","COFFEE 1.1","EN_NPi2020_400","53.29118084759603","34.00598968791042","6.69444205256615","2.3389597597923597","736.6176995420001","1.487108912408552","1.608310006807809",
"86","ENGAGE-NPi2020-400","COFFEE 1.1","Final Energy|Residential and Commercial","EJ/yr","[object Object]",2040,23.416795366559995,"1.608310006807809","1.487108912408552","2048","736.6176995420001","379.65804626499994",,,,"GW1","Carbon Dioxide Removal","failed","high","medium","ok","high","high","high","medium","ok","ok",,"high","true","C1","C1: Below 1.5°C with no or limited overshoot","COFFEE 1.1","EN_NPi2020_400","53.29118084759603","34.00598968791042","6.69444205256615","2.3389597597923597","736.6176995420001","1.487108912408552","1.608310006807809",
"86","ENGAGE-NPi2020-400","COFFEE 1.1","Final Energy|Residential and Commercial","EJ/yr","[object Object]",2045,23.5286090928,"1.608310006807809","1.487108912408552","2048","736.6176995420001","379.65804626499994",,,,"GW1","Carbon Dioxide Removal","failed","high","medium","ok","high","high","high","medium","ok","ok",,"high","true","C1","C1: Below 1.5°C with no or limited overshoot","COFFEE 1.1","EN_NPi2020_400","53.29118084759603","34.00598968791042","6.69444205256615","2.3389597597923597","736.6176995420001","1.487108912408552","1.608310006807809",
"86","ENGAGE-NPi2020-400","COFFEE 1.1","Final Energy|Residential and Commercial","EJ/yr","[object Object]",2050,24.4843706448,"1.608310006807809","1.487108912408552","2048","736.6176995420001","379.65804626499994",,,,"GW1","Carbon Dioxide Removal","failed","high","medium","ok","high","high","high","medium","ok","ok",,"high","true","C1","C1: Below 1.5°C with no or limited overshoot","COFFEE 1.1","EN_NPi2020_400","53.29118084759603","34.00598968791042","6.69444205256615","2.3389597597923597","736.6176995420001","1.487108912408552","1.608310006807809",
"86","ENGAGE-NPi2020-400","COFFEE 1.1","Final Energy|Residential and Commercial","EJ/yr","[object Object]",2060,26.682325776,"1.608310006807809","1.487108912408552","2048","736.6176995420001","379.65804626499994",,,,"GW1","Carbon Dioxide Removal","failed","high","medium","ok","high","high","high","medium","ok","ok",,"high","true","C1","C1: Below 1.5°C with no or limited overshoot","COFFEE 1.1","EN_NPi2020_400","53.29118084759603","34.00598968791042","6.69444205256615","2.3389597597923597","736.6176995420001","1.487108912408552","1.608310006807809",
"86","ENGAGE-NPi2020-400","COFFEE 1.1","Final Energy|Residential and Commercial","EJ/yr","[object Object]",2070,29.8564840944,"1.608310006807809","1.487108912408552","2048","736.6176995420001","379.65804626499994",,,,"GW1","Carbon Dioxide Removal","failed","high","medium","ok","high","high","high","medium","ok","ok",,"high","true","C1","C1: Below 1.5°C with no or limited overshoot","COFFEE 1.1","EN_NPi2020_400","53.29118084759603","34.00598968791042","6.69444205256615","2.3389597597923597","736.6176995420001","1.487108912408552","1.608310006807809",
"86","ENGAGE-NPi2020-400","COFFEE 1.1","Final Energy|Residential and Commercial","EJ/yr","[object Object]",2080,33.845887464336,"1.608310006807809","1.487108912408552","2048","736.6176995420001","379.65804626499994",,,,"GW1","Carbon Dioxide Removal","failed","high","medium","ok","high","high","high","medium","ok","ok",,"high","true","C1","C1: Below 1.5°C with no or limited overshoot","COFFEE 1.1","EN_NPi2020_400","53.29118084759603","34.00598968791042","6.69444205256615","2.3389597597923597","736.6176995420001","1.487108912408552","1.608310006807809",
"86","ENGAGE-NPi2020-400","COFFEE 1.1","Final Energy|Residential and Commercial","EJ/yr","[object Object]",2090,39.089408868864,"1.608310006807809","1.487108912408552","2048","736.6176995420001","379.65804626499994",,,,"GW1","Carbon Dioxide Removal","failed","high","medium","ok","high","high","high","medium","ok","ok",,"high","true","C1","C1: Below 1.5°C with no or limited overshoot","COFFEE 1.1","EN_NPi2020_400","53.29118084759603","34.00598968791042","6.69444205256615","2.3389597597923597","736.6176995420001","1.487108912408552","1.608310006807809",
"86","ENGAGE-NPi2020-400","COFFEE 1.1","Final Energy|Residential and Commercial","EJ/yr","[object Object]",2100,44.011358438256,"1.608310006807809","1.487108912408552","2048","736.6176995420001","379.65804626499994",,,,"GW1","Carbon Dioxide Removal","failed","high","medium","ok","high","high","high","medium","ok","ok",,"high","true","C1","C1: Below 1.5°C with no or limited overshoot","COFFEE 1.1","EN_NPi2020_400","53.29118084759603","34.00598968791042","6.69444205256615","2.3389597597923597","736.6176995420001","1.487108912408552","1.608310006807809",
"135","ENGAGE-NPi2020-500","GEM-E3 V2021","Final Energy|Residential and Commercial","EJ/yr","[object Object]",2015,24.53363160172,"1.579595339355501","1.438249664270632","2037","573.5525034609609","458.72956456033046","-0.3127888186917762","2045",,"GW1",,"failed","medium","medium","ok","high","high","high","ok","ok","ok",,"high","true","C1","C1: Below 1.5°C with no or limited overshoot","GEM-E3_V2021","EN_NPi2020_500","37.491930226466046","20.372836308917723","34.978346810711464",,"573.5525034609609","1.438249664270632","1.579595339355501",
"135","ENGAGE-NPi2020-500","GEM-E3 V2021","Final Energy|Residential and Commercial","EJ/yr","[object Object]",2020,24.65426938397196,"1.579595339355501","1.438249664270632","2037","573.5525034609609","458.72956456033046","-0.3127888186917762","2045",,"GW1",,"failed","medium","medium","ok","high","high","high","ok","ok","ok",,"high","true","C1","C1: Below 1.5°C with no or limited overshoot","GEM-E3_V2021","EN_NPi2020_500","37.491930226466046","20.372836308917723","34.978346810711464",,"573.5525034609609","1.438249664270632","1.579595339355501",
"135","ENGAGE-NPi2020-500","GEM-E3 V2021","Final Energy|Residential and Commercial","EJ/yr","[object Object]",2025,23.46645161904161,"1.579595339355501","1.438249664270632","2037","573.5525034609609","458.72956456033046","-0.3127888186917762","2045",,"GW1",,"failed","medium","medium","ok","high","high","high","ok","ok","ok",,"high","true","C1","C1: Below 1.5°C with no or limited overshoot","GEM-E3_V2021","EN_NPi2020_500","37.491930226466046","20.372836308917723","34.978346810711464",,"573.5525034609609","1.438249664270632","1.579595339355501",
"135","ENGAGE-NPi2020-500","GEM-E3 V2021","Final Energy|Residential and Commercial","EJ/yr","[object Object]",2030,19.02419264958578,"1.579595339355501","1.438249664270632","2037","573.5525034609609","458.72956456033046","-0.3127888186917762","2045",,"GW1",,"failed","medium","medium","ok","high","high","high","ok","ok","ok",,"high","true","C1","C1: Below 1.5°C with no or limited overshoot","GEM-E3_V2021","EN_NPi2020_500","37.491930226466046","20.372836308917723","34.978346810711464",,"573.5525034609609","1.438249664270632","1.579595339355501",
"135","ENGAGE-NPi2020-500","GEM-E3 V2021","Final Energy|Residential and Commercial","EJ/yr","[object Object]",2035,18.309441021403785,"1.579595339355501","1.438249664270632","2037","573.5525034609609","458.72956456033046","-0.3127888186917762","2045",,"GW1",,"failed","medium","medium","ok","high","high","high","ok","ok","ok",,"high","true","C1","C1: Below 1.5°C with no or limited overshoot","GEM-E3_V2021","EN_NPi2020_500","37.491930226466046","20.372836308917723","34.978346810711464",,"573.5525034609609","1.438249664270632","1.579595339355501",
"135","ENGAGE-NPi2020-500","GEM-E3 V2021","Final Energy|Residential and Commercial","EJ/yr","[object Object]",2040,17.98527807348646,"1.579595339355501","1.438249664270632","2037","573.5525034609609","458.72956456033046","-0.3127888186917762","2045",,"GW1",,"failed","medium","medium","ok","high","high","high","ok","ok","ok",,"high","true","C1","C1: Below 1.5°C with no or limited overshoot","GEM-E3_V2021","EN_NPi2020_500","37.491930226466046","20.372836308917723","34.978346810711464",,"573.5525034609609","1.438249664270632","1.579595339355501",
"135","ENGAGE-NPi2020-500","GEM-E3 V2021","Final Energy|Residential and Commercial","EJ/yr","[object Object]",2045,17.911608256315223,"1.579595339355501","1.438249664270632","2037","573.5525034609609","458.72956456033046","-0.3127888186917762","2045",,"GW1",,"failed","medium","medium","ok","high","high","high","ok","ok","ok",,"high","true","C1","C1: Below 1.5°C with no or limited overshoot","GEM-E3_V2021","EN_NPi2020_500","37.491930226466046","20.372836308917723","34.978346810711464",,"573.5525034609609","1.438249664270632","1.579595339355501",
"135","ENGAGE-NPi2020-500","GEM-E3 V2021","Final Energy|Residential and Commercial","EJ/yr","[object Object]",2050,18.84904735945402,"1.579595339355501","1.438249664270632","2037","573.5525034609609","458.72956456033046","-0.3127888186917762","2045",,"GW1",,"failed","medium","medium","ok","high","high","high","ok","ok","ok",,"high","true","C1","C1: Below 1.5°C with no or limited overshoot","GEM-E3_V2021","EN_NPi2020_500","37.491930226466046","20.372836308917723","34.978346810711464",,"573.5525034609609","1.438249664270632","1.579595339355501",
"135","ENGAGE-NPi2020-500","GEM-E3 V2021","Final Energy|Residential and Commercial","EJ/yr","[object Object]",2055,19.81446654258594,"1.579595339355501","1.438249664270632","2037","573.5525034609609","458.72956456033046","-0.3127888186917762","2045",,"GW1",,"failed","medium","medium","ok","high","high","high","ok","ok","ok",,"high","true","C1","C1: Below 1.5°C with no or limited overshoot","GEM-E3_V2021","EN_NPi2020_500","37.491930226466046","20.372836308917723","34.978346810711464",,"573.5525034609609","1.438249664270632","1.579595339355501",
"135","ENGAGE-NPi2020-500","GEM-E3 V2021","Final Energy|Residential and Commercial","EJ/yr","[object Object]",2060,20.79657042604736,"1.579595339355501","1.438249664270632","2037","573.5525034609609","458.72956456033046","-0.3127888186917762","2045",,"GW1",,"failed","medium","medium","ok","high","high","high","ok","ok","ok",,"high","true","C1","C1: Below 1.5°C with no or limited overshoot","GEM-E3_V2021","EN_NPi2020_500","37.491930226466046","20.372836308917723","34.978346810711464",,"573.5525034609609","1.438249664270632","1.579595339355501",
"135","ENGAGE-NPi2020-500","GEM-E3 V2021","Final Energy|Residential and Commercial","EJ/yr","[object Object]",2065,21.741581872604897,"1.579595339355501","1.438249664270632","2037","573.5525034609609","458.72956456033046","-0.3127888186917762","2045",,"GW1",,"failed","medium","medium","ok","high","high","high","ok","ok","ok",,"high","true","C1","C1: Below 1.5°C with no or limited overshoot","GEM-E3_V2021","EN_NPi2020_500","37.491930226466046","20.372836308917723","34.978346810711464",,"573.5525034609609","1.438249664270632","1.579595339355501",
"135","ENGAGE-NPi2020-500","GEM-E3 V2021","Final Energy|Residential and Commercial","EJ/yr","[object Object]",2070,22.85410448701462,"1.579595339355501","1.438249664270632","2037","573.5525034609609","458.72956456033046","-0.3127888186917762","2045",,"GW1",,"failed","medium","medium","ok","high","high","high","ok","ok","ok",,"high","true","C1","C1: Below 1.5°C with no or limited overshoot","GEM-E3_V2021","EN_NPi2020_500","37.491930226466046","20.372836308917723","34.978346810711464",,"573.5525034609609","1.438249664270632","1.579595339355501",
"135","ENGAGE-NPi2020-500","GEM-E3 V2021","Final Energy|Residential and Commercial","EJ/yr","[object Object]",2075,24.020027976610017,"1.579595339355501","1.438249664270632","2037","573.5525034609609","458.72956456033046","-0.3127888186917762","2045",,"GW1",,"failed","medium","medium","ok","high","high","high","ok","ok","ok",,"high","true","C1","C1: Below 1.5°C with no or limited overshoot","GEM-E3_V2021","EN_NPi2020_500","37.491930226466046","20.372836308917723","34.978346810711464",,"573.5525034609609","1.438249664270632","1.579595339355501",
"135","ENGAGE-NPi2020-500","GEM-E3 V2021","Final Energy|Residential and Commercial","EJ/yr","[object Object]",2080,25.102881807286096,"1.579595339355501","1.438249664270632","2037","573.5525034609609","458.72956456033046","-0.3127888186917762","2045",,"GW1",,"failed","medium","medium","ok","high","high","high","ok","ok","ok",,"high","true","C1","C1: Below 1.5°C with no or limited overshoot","GEM-E3_V2021","EN_NPi2020_500","37.491930226466046","20.372836308917723","34.978346810711464",,"573.5525034609609","1.438249664270632","1.579595339355501",
"135","ENGAGE-NPi2020-500","GEM-E3 V2021","Final Energy|Residential and Commercial","EJ/yr","[object Object]",2085,26.10608171220016,"1.579595339355501","1.438249664270632","2037","573.5525034609609","458.72956456033046","-0.3127888186917762","2045",,"GW1",,"failed","medium","medium","ok","high","high","high","ok","ok","ok",,"high","true","C1","C1: Below 1.5°C with no or limited overshoot","GEM-E3_V2021","EN_NPi2020_500","37.491930226466046","20.372836308917723","34.978346810711464",,"573.5525034609609","1.438249664270632","1.579595339355501",
"135","ENGAGE-NPi2020-500","GEM-E3 V2021","Final Energy|Residential and Commercial","EJ/yr","[object Object]",2090,27.071483069977152,"1.579595339355501","1.438249664270632","2037","573.5525034609609","458.72956456033046","-0.3127888186917762","2045",,"GW1",,"failed","medium","medium","ok","high","high","high","ok","ok","ok",,"high","true","C1","C1: Below 1.5°C with no or limited overshoot","GEM-E3_V2021","EN_NPi2020_500","37.491930226466046","20.372836308917723","34.978346810711464",,"573.5525034609609","1.438249664270632","1.579595339355501",
"135","ENGAGE-NPi2020-500","GEM-E3 V2021","Final Energy|Residential and Commercial","EJ/yr","[object Object]",2095,28.17639311833178,"1.579595339355501","1.438249664270632","2037","573.5525034609609","458.72956456033046","-0.3127888186917762","2045",,"GW1",,"failed","medium","medium","ok","high","high","high","ok","ok","ok",,"high","true","C1","C1: Below 1.5°C with no or limited overshoot","GEM-E3_V2021","EN_NPi2020_500","37.491930226466046","20.372836308917723","34.978346810711464",,"573.5525034609609","1.438249664270632","1.579595339355501",
"135","ENGAGE-NPi2020-500","GEM-E3 V2021","Final Energy|Residential and Commercial","EJ/yr","[object Object]",2100,29.30387396319368,"1.579595339355501","1.438249664270632","2037","573.5525034609609","458.72956456033046","-0.3127888186917762","2045",,"GW1",,"failed","medium","medium","ok","high","high","high","ok","ok","ok",,"high","true","C1","C1: Below 1.5°C with no or limited overshoot","GEM-E3_V2021","EN_NPi2020_500","37.491930226466046","20.372836308917723","34.978346810711464",,"573.5525034609609","1.438249664270632","1.579595339355501",
"137","ENGAGE-NPi2020-600","GEM-E3 V2021","Final Energy|Residential and Commercial","EJ/yr","[object Object]",2015,24.53363160172,"1.620863753313221","1.477816998316081","2039","618.9945980377458","560.0781487676965","-0.008634392413453859","2055",,"GW1",,"failed","medium","medium","ok","medium","high","high","ok","ok","ok",,"high","true","C2","C2: Below 1.5°C with high OS","GEM-E3_V2021","EN_NPi2020_600","37.42090571884162","21.251429759661892","34.14946894730716",,"618.9945980377458","1.477816998316081","1.620863753313221",
"137","ENGAGE-NPi2020-600","GEM-E3 V2021","Final Energy|Residential and Commercial","EJ/yr","[object Object]",2020,24.65426938397196,"1.620863753313221","1.477816998316081","2039","618.9945980377458","560.0781487676965","-0.008634392413453859","2055",,"GW1",,"failed","medium","medium","ok","medium","high","high","ok","ok","ok",,"high","true","C2","C2: Below 1.5°C with high OS","GEM-E3_V2021","EN_NPi2020_600","37.42090571884162","21.251429759661892","34.14946894730716",,"618.9945980377458","1.477816998316081","1.620863753313221",
"137","ENGAGE-NPi2020-600","GEM-E3 V2021","Final Energy|Residential and Commercial","EJ/yr","[object Object]",2025,23.84145616434488,"1.620863753313221","1.477816998316081","2039","618.9945980377458","560.0781487676965","-0.008634392413453859","2055",,"GW1",,"failed","medium","medium","ok","medium","high","high","ok","ok","ok",,"high","true","C2","C2: Below 1.5°C with high OS","GEM-E3_V2021","EN_NPi2020_600","37.42090571884162","21.251429759661892","34.14946894730716",,"618.9945980377458","1.477816998316081","1.620863753313221",
"137","ENGAGE-NPi2020-600","GEM-E3 V2021","Final Energy|Residential and Commercial","EJ/yr","[object Object]",2030,19.50008386378083,"1.620863753313221","1.477816998316081","2039","618.9945980377458","560.0781487676965","-0.008634392413453859","2055",,"GW1",,"failed","medium","medium","ok","medium","high","high","ok","ok","ok",,"high","true","C2","C2: Below 1.5°C with high OS","GEM-E3_V2021","EN_NPi2020_600","37.42090571884162","21.251429759661892","34.14946894730716",,"618.9945980377458","1.477816998316081","1.620863753313221",
"137","ENGAGE-NPi2020-600","GEM-E3 V2021","Final Energy|Residential and Commercial","EJ/yr","[object Object]",2035,18.86120292130452,"1.620863753313221","1.477816998316081","2039","618.9945980377458","560.0781487676965","-0.008634392413453859","2055",,"GW1",,"failed","medium","medium","ok","medium","high","high","ok","ok","ok",,"high","true","C2","C2: Below 1.5°C with high OS","GEM-E3_V2021","EN_NPi2020_600","37.42090571884162","21.251429759661892","34.14946894730716",,"618.9945980377458","1.477816998316081","1.620863753313221",
"137","ENGAGE-NPi2020-600","GEM-E3 V2021","Final Energy|Residential and Commercial","EJ/yr","[object Object]",2040,18.657838018438387,"1.620863753313221","1.477816998316081","2039","618.9945980377458","560.0781487676965","-0.008634392413453859","2055",,"GW1",,"failed","medium","medium","ok","medium","high","high","ok","ok","ok",,"high","true","C2","C2: Below 1.5°C with high OS","GEM-E3_V2021","EN_NPi2020_600","37.42090571884162","21.251429759661892","34.14946894730716",,"618.9945980377458","1.477816998316081","1.620863753313221",
"137","ENGAGE-NPi2020-600","GEM-E3 V2021","Final Energy|Residential and Commercial","EJ/yr","[object Object]",2045,18.67759502441272,"1.620863753313221","1.477816998316081","2039","618.9945980377458","560.0781487676965","-0.008634392413453859","2055",,"GW1",,"failed","medium","medium","ok","medium","high","high","ok","ok","ok",,"high","true","C2","C2: Below 1.5°C with high OS","GEM-E3_V2021","EN_NPi2020_600","37.42090571884162","21.251429759661892","34.14946894730716",,"618.9945980377458","1.477816998316081","1.620863753313221",
"137","ENGAGE-NPi2020-600","GEM-E3 V2021","Final Energy|Residential and Commercial","EJ/yr","[object Object]",2050,18.86478320937898,"1.620863753313221","1.477816998316081","2039","618.9945980377458","560.0781487676965","-0.008634392413453859","2055",,"GW1",,"failed","medium","medium","ok","medium","high","high","ok","ok","ok",,"high","true","C2","C2: Below 1.5°C with high OS","GEM-E3_V2021","EN_NPi2020_600","37.42090571884162","21.251429759661892","34.14946894730716",,"618.9945980377458","1.477816998316081","1.620863753313221",
"137","ENGAGE-NPi2020-600","GEM-E3 V2021","Final Energy|Residential and Commercial","EJ/yr","[object Object]",2055,19.581644147635785,"1.620863753313221","1.477816998316081","2039","618.9945980377458","560.0781487676965","-0.008634392413453859","2055",,"GW1",,"failed","medium","medium","ok","medium","high","high","ok","ok","ok",,"high","true","C2","C2: Below 1.5°C with high OS","GEM-E3_V2021","EN_NPi2020_600","37.42090571884162","21.251429759661892","34.14946894730716",,"618.9945980377458","1.477816998316081","1.620863753313221",
"137","ENGAGE-NPi2020-600","GEM-E3 V2021","Final Energy|Residential and Commercial","EJ/yr","[object Object]",2060,20.535276181471435,"1.620863753313221","1.477816998316081","2039","618.9945980377458","560.0781487676965","-0.008634392413453859","2055",,"GW1",,"failed","medium","medium","ok","medium","high","high","ok","ok","ok",,"high","true","C2","C2: Below 1.5°C with high OS","GEM-E3_V2021","EN_NPi2020_600","37.42090571884162","21.251429759661892","34.14946894730716",,"618.9945980377458","1.477816998316081","1.620863753313221",
"137","ENGAGE-NPi2020-600","GEM-E3 V2021","Final Energy|Residential and Commercial","EJ/yr","[object Object]",2065,21.48098363537732,"1.620863753313221","1.477816998316081","2039","618.9945980377458","560.0781487676965","-0.008634392413453859","2055",,"GW1",,"failed","medium","medium","ok","medium","high","high","ok","ok","ok",,"high","true","C2","C2: Below 1.5°C with high OS","GEM-E3_V2021","EN_NPi2020_600","37.42090571884162","21.251429759661892","34.14946894730716",,"618.9945980377458","1.477816998316081","1.620863753313221",
"137","ENGAGE-NPi2020-600","GEM-E3 V2021","Final Energy|Residential and Commercial","EJ/yr","[object Object]",2070,22.517513272397643,"1.620863753313221","1.477816998316081","2039","618.9945980377458","560.0781487676965","-0.008634392413453859","2055",,"GW1",,"failed","medium","medium","ok","medium","high","high","ok","ok","ok",,"high","true","C2","C2: Below 1.5°C with high OS","GEM-E3_V2021","EN_NPi2020_600","37.42090571884162","21.251429759661892","34.14946894730716",,"618.9945980377458","1.477816998316081","1.620863753313221",
"137","ENGAGE-NPi2020-600","GEM-E3 V2021","Final Energy|Residential and Commercial","EJ/yr","[object Object]",2075,23.731239512606813,"1.620863753313221","1.477816998316081","2039","618.9945980377458","560.0781487676965","-0.008634392413453859","2055",,"GW1",,"failed","medium","medium","ok","medium","high","high","ok","ok","ok",,"high","true","C2","C2: Below 1.5°C with high OS","GEM-E3_V2021","EN_NPi2020_600","37.42090571884162","21.251429759661892","34.14946894730716",,"618.9945980377458","1.477816998316081","1.620863753313221",
"137","ENGAGE-NPi2020-600","GEM-E3 V2021","Final Energy|Residential and Commercial","EJ/yr","[object Object]",2080,24.79968707468496,"1.620863753313221","1.477816998316081","2039","618.9945980377458","560.0781487676965","-0.008634392413453859","2055",,"GW1",,"failed","medium","medium","ok","medium","high","high","ok","ok","ok",,"high","true","C2","C2: Below 1.5°C with high OS","GEM-E3_V2021","EN_NPi2020_600","37.42090571884162","21.251429759661892","34.14946894730716",,"618.9945980377458","1.477816998316081","1.620863753313221",
"137","ENGAGE-NPi2020-600","GEM-E3 V2021","Final Energy|Residential and Commercial","EJ/yr","[object Object]",2085,25.84501194525705,"1.620863753313221","1.477816998316081","2039","618.9945980377458","560.0781487676965","-0.008634392413453859","2055",,"GW1",,"failed","medium","medium","ok","medium","high","high","ok","ok","ok",,"high","true","C2","C2: Below 1.5°C with high OS","GEM-E3_V2021","EN_NPi2020_600","37.42090571884162","21.251429759661892","34.14946894730716",,"618.9945980377458","1.477816998316081","1.620863753313221",
"137","ENGAGE-NPi2020-600","GEM-E3 V2021","Final Energy|Residential and Commercial","EJ/yr","[object Object]",2090,26.861066644602644,"1.620863753313221","1.477816998316081","2039","618.9945980377458","560.0781487676965","-0.008634392413453859","2055",,"GW1",,"failed","medium","medium","ok","medium","high","high","ok","ok","ok",,"high","true","C2","C2: Below 1.5°C with high OS","GEM-E3_V2021","EN_NPi2020_600","37.42090571884162","21.251429759661892","34.14946894730716",,"618.9945980377458","1.477816998316081","1.620863753313221",
"137","ENGAGE-NPi2020-600","GEM-E3 V2021","Final Energy|Residential and Commercial","EJ/yr","[object Object]",2095,27.86566041904341,"1.620863753313221","1.477816998316081","2039","618.9945980377458","560.0781487676965","-0.008634392413453859","2055",,"GW1",,"failed","medium","medium","ok","medium","high","high","ok","ok","ok",,"high","true","C2","C2: Below 1.5°C with high OS","GEM-E3_V2021","EN_NPi2020_600","37.42090571884162","21.251429759661892","34.14946894730716",,"618.9945980377458","1.477816998316081","1.620863753313221",
"137","ENGAGE-NPi2020-600","GEM-E3 V2021","Final Energy|Residential and Commercial","EJ/yr","[object Object]",2100,28.741570243576582,"1.620863753313221","1.477816998316081","2039","618.9945980377458","560.0781487676965","-0.008634392413453859","2055",,"GW1",,"failed","medium","medium","ok","medium","high","high","ok","ok","ok",,"high","true","C2","C2: Below 1.5°C with high OS","GEM-E3_V2021","EN_NPi2020_600","37.42090571884162","21.251429759661892","34.14946894730716",,"618.9945980377458","1.477816998316081","1.620863753313221",
"138","ENGAGE-NPi2020-600-COV","GEM-E3 V2021","Final Energy|Residential and Commercial","EJ/yr","[object Object]",2015,24.53363160172,"1.604744759958369","1.439240788014465","2039","536.111600995384","561.4591977741031","-0.00004515269285875546","2065",,"GW1",,"failed","medium","medium","ok","medium","high","medium","ok","ok","ok",,"high","true","C1","C1: Below 1.5°C with no or limited overshoot","GEM-E3_V2021","EN_NPi2020_600_COV","36.76976290244","21.189809749244986","34.677084787174486",,"536.111600995384","1.439240788014465","1.604744759958369",
"138","ENGAGE-NPi2020-600-COV","GEM-E3 V2021","Final Energy|Residential and Commercial","EJ/yr","[object Object]",2020,23.18070045022206,"1.604744759958369","1.439240788014465","2039","536.111600995384","561.4591977741031","-0.00004515269285875546","2065",,"GW1",,"failed","medium","medium","ok","medium","high","medium","ok","ok","ok",,"high","true","C1","C1: Below 1.5°C with no or limited overshoot","GEM-E3_V2021","EN_NPi2020_600_COV","36.76976290244","21.189809749244986","34.677084787174486",,"536.111600995384","1.439240788014465","1.604744759958369",
"138","ENGAGE-NPi2020-600-COV","GEM-E3 V2021","Final Energy|Residential and Commercial","EJ/yr","[object Object]",2025,23.20468240233649,"1.604744759958369","1.439240788014465","2039","536.111600995384","561.4591977741031","-0.00004515269285875546","2065",,"GW1",,"failed","medium","medium","ok","medium","high","medium","ok","ok","ok",,"high","true","C1","C1: Below 1.5°C with no or limited overshoot","GEM-E3_V2021","EN_NPi2020_600_COV","36.76976290244","21.189809749244986","34.677084787174486",,"536.111600995384","1.439240788014465","1.604744759958369",
"138","ENGAGE-NPi2020-600-COV","GEM-E3 V2021","Final Energy|Residential and Commercial","EJ/yr","[object Object]",2030,18.992159823619915,"1.604744759958369","1.439240788014465","2039","536.111600995384","561.4591977741031","-0.00004515269285875546","2065",,"GW1",,"failed","medium","medium","ok","medium","high","medium","ok","ok","ok",,"high","true","C1","C1: Below 1.5°C with no or limited overshoot","GEM-E3_V2021","EN_NPi2020_600_COV","36.76976290244","21.189809749244986","34.677084787174486",,"536.111600995384","1.439240788014465","1.604744759958369",
"138","ENGAGE-NPi2020-600-COV","GEM-E3 V2021","Final Energy|Residential and Commercial","EJ/yr","[object Object]",2035,18.60477497943083,"1.604744759958369","1.439240788014465","2039","536.111600995384","561.4591977741031","-0.00004515269285875546","2065",,"GW1",,"failed","medium","medium","ok","medium","high","medium","ok","ok","ok",,"high","true","C1","C1: Below 1.5°C with no or limited overshoot","GEM-E3_V2021","EN_NPi2020_600_COV","36.76976290244","21.189809749244986","34.677084787174486",,"536.111600995384","1.439240788014465","1.604744759958369",
"138","ENGAGE-NPi2020-600-COV","GEM-E3 V2021","Final Energy|Residential and Commercial","EJ/yr","[object Object]",2040,18.387496850714086,"1.604744759958369","1.439240788014465","2039","536.111600995384","561.4591977741031","-0.00004515269285875546","2065",,"GW1",,"failed","medium","medium","ok","medium","high","medium","ok","ok","ok",,"high","true","C1","C1: Below 1.5°C with no or limited overshoot","GEM-E3_V2021","EN_NPi2020_600_COV","36.76976290244","21.189809749244986","34.677084787174486",,"536.111600995384","1.439240788014465","1.604744759958369",
"138","ENGAGE-NPi2020-600-COV","GEM-E3 V2021","Final Energy|Residential and Commercial","EJ/yr","[object Object]",2045,18.13996230788238,"1.604744759958369","1.439240788014465","2039","536.111600995384","561.4591977741031","-0.00004515269285875546","2065",,"GW1",,"failed","medium","medium","ok","medium","high","medium","ok","ok","ok",,"high","true","C1","C1: Below 1.5°C with no or limited overshoot","GEM-E3_V2021","EN_NPi2020_600_COV","36.76976290244","21.189809749244986","34.677084787174486",,"536.111600995384","1.439240788014465","1.604744759958369",
"138","ENGAGE-NPi2020-600-COV","GEM-E3 V2021","Final Energy|Residential and Commercial","EJ/yr","[object Object]",2050,18.22523188077069,"1.604744759958369","1.439240788014465","2039","536.111600995384","561.4591977741031","-0.00004515269285875546","2065",,"GW1",,"failed","medium","medium","ok","medium","high","medium","ok","ok","ok",,"high","true","C1","C1: Below 1.5°C with no or limited overshoot","GEM-E3_V2021","EN_NPi2020_600_COV","36.76976290244","21.189809749244986","34.677084787174486",,"536.111600995384","1.439240788014465","1.604744759958369",
"138","ENGAGE-NPi2020-600-COV","GEM-E3 V2021","Final Energy|Residential and Commercial","EJ/yr","[object Object]",2055,18.85344966699537,"1.604744759958369","1.439240788014465","2039","536.111600995384","561.4591977741031","-0.00004515269285875546","2065",,"GW1",,"failed","medium","medium","ok","medium","high","medium","ok","ok","ok",,"high","true","C1","C1: Below 1.5°C with no or limited overshoot","GEM-E3_V2021","EN_NPi2020_600_COV","36.76976290244","21.189809749244986","34.677084787174486",,"536.111600995384","1.439240788014465","1.604744759958369",
"138","ENGAGE-NPi2020-600-COV","GEM-E3 V2021","Final Energy|Residential and Commercial","EJ/yr","[object Object]",2060,19.747861128679894,"1.604744759958369","1.439240788014465","2039","536.111600995384","561.4591977741031","-0.00004515269285875546","2065",,"GW1",,"failed","medium","medium","ok","medium","high","medium","ok","ok","ok",,"high","true","C1","C1: Below 1.5°C with no or limited overshoot","GEM-E3_V2021","EN_NPi2020_600_COV","36.76976290244","21.189809749244986","34.677084787174486",,"536.111600995384","1.439240788014465","1.604744759958369",
"138","ENGAGE-NPi2020-600-COV","GEM-E3 V2021","Final Energy|Residential and Commercial","EJ/yr","[object Object]",2065,20.57546597874068,"1.604744759958369","1.439240788014465","2039","536.111600995384","561.4591977741031","-0.00004515269285875546","2065",,"GW1",,"failed","medium","medium","ok","medium","high","medium","ok","ok","ok",,"high","true","C1","C1: Below 1.5°C with no or limited overshoot","GEM-E3_V2021","EN_NPi2020_600_COV","36.76976290244","21.189809749244986","34.677084787174486",,"536.111600995384","1.439240788014465","1.604744759958369",
"138","ENGAGE-NPi2020-600-COV","GEM-E3 V2021","Final Energy|Residential and Commercial","EJ/yr","[object Object]",2070,21.497999801610867,"1.604744759958369","1.439240788014465","2039","536.111600995384","561.4591977741031","-0.00004515269285875546","2065",,"GW1",,"failed","medium","medium","ok","medium","high","medium","ok","ok","ok",,"high","true","C1","C1: Below 1.5°C with no or limited overshoot","GEM-E3_V2021","EN_NPi2020_600_COV","36.76976290244","21.189809749244986","34.677084787174486",,"536.111600995384","1.439240788014465","1.604744759958369",
"138","ENGAGE-NPi2020-600-COV","GEM-E3 V2021","Final Energy|Residential and Commercial","EJ/yr","[object Object]",2075,22.595823060376315,"1.604744759958369","1.439240788014465","2039","536.111600995384","561.4591977741031","-0.00004515269285875546","2065",,"GW1",,"failed","medium","medium","ok","medium","high","medium","ok","ok","ok",,"high","true","C1","C1: Below 1.5°C with no or limited overshoot","GEM-E3_V2021","EN_NPi2020_600_COV","36.76976290244","21.189809749244986","34.677084787174486",,"536.111600995384","1.439240788014465","1.604744759958369",
"138","ENGAGE-NPi2020-600-COV","GEM-E3 V2021","Final Energy|Residential and Commercial","EJ/yr","[object Object]",2080,23.577338358810422,"1.604744759958369","1.439240788014465","2039","536.111600995384","561.4591977741031","-0.00004515269285875546","2065",,"GW1",,"failed","medium","medium","ok","medium","high","medium","ok","ok","ok",,"high","true","C1","C1: Below 1.5°C with no or limited overshoot","GEM-E3_V2021","EN_NPi2020_600_COV","36.76976290244","21.189809749244986","34.677084787174486",,"536.111600995384","1.439240788014465","1.604744759958369",
"138","ENGAGE-NPi2020-600-COV","GEM-E3 V2021","Final Energy|Residential and Commercial","EJ/yr","[object Object]",2085,24.54716707180249,"1.604744759958369","1.439240788014465","2039","536.111600995384","561.4591977741031","-0.00004515269285875546","2065",,"GW1",,"failed","medium","medium","ok","medium","high","medium","ok","ok","ok",,"high","true","C1","C1: Below 1.5°C with no or limited overshoot","GEM-E3_V2021","EN_NPi2020_600_COV","36.76976290244","21.189809749244986","34.677084787174486",,"536.111600995384","1.439240788014465","1.604744759958369",
"138","ENGAGE-NPi2020-600-COV","GEM-E3 V2021","Final Energy|Residential and Commercial","EJ/yr","[object Object]",2090,25.45594806212748,"1.604744759958369","1.439240788014465","2039","536.111600995384","561.4591977741031","-0.00004515269285875546","2065",,"GW1",,"failed","medium","medium","ok","medium","high","medium","ok","ok","ok",,"high","true","C1","C1: Below 1.5°C with no or limited overshoot","GEM-E3_V2021","EN_NPi2020_600_COV","36.76976290244","21.189809749244986","34.677084787174486",,"536.111600995384","1.439240788014465","1.604744759958369",
"138","ENGAGE-NPi2020-600-COV","GEM-E3 V2021","Final Energy|Residential and Commercial","EJ/yr","[object Object]",2095,26.337008320455205,"1.604744759958369","1.439240788014465","2039","536.111600995384","561.4591977741031","-0.00004515269285875546","2065",,"GW1",,"failed","medium","medium","ok","medium","high","medium","ok","ok","ok",,"high","true","C1","C1: Below 1.5°C with no or limited overshoot","GEM-E3_V2021","EN_NPi2020_600_COV","36.76976290244","21.189809749244986","34.677084787174486",,"536.111600995384","1.439240788014465","1.604744759958369",
"138","ENGAGE-NPi2020-600-COV","GEM-E3 V2021","Final Energy|Residential and Commercial","EJ/yr","[object Object]",2100,27.18449150426931,"1.604744759958369","1.439240788014465","2039","536.111600995384","561.4591977741031","-0.00004515269285875546","2065",,"GW1",,"failed","medium","medium","ok","medium","high","medium","ok","ok","ok",,"high","true","C1","C1: Below 1.5°C with no or limited overshoot","GEM-E3_V2021","EN_NPi2020_600_COV","36.76976290244","21.189809749244986","34.677084787174486",,"536.111600995384","1.439240788014465","1.604744759958369",
"299","ENGAGE-NPi2020-450","MESSAGEix-GLOBIOM 1.1","Final Energy|Residential and Commercial","EJ/yr","[object Object]",2010,23.61326037340776,"1.572829619981273","1.354001936151281","2038","563.2196289816103","410.79197652489273","-0.1262739961185492","2050",,"GW1","Carbon Dioxide Removal","failed","high","medium","ok","medium","high","high","ok","ok","ok","ok","medium","true","C1","C1: Below 1.5°C with no or limited overshoot","MESSAGEix-GLOBIOM_1.1","EN_NPi2020_450","59.15184286529198","17.16807241783151","16.44348056923818","9.080992168058941","563.2196289816103","1.354001936151281","1.572829619981273",
"299","ENGAGE-NPi2020-450","MESSAGEix-GLOBIOM 1.1","Final Energy|Residential and Commercial","EJ/yr","[object Object]",2015,21.01138978989012,"1.572829619981273","1.354001936151281","2038","563.2196289816103","410.79197652489273","-0.1262739961185492","2050",,"GW1","Carbon Dioxide Removal","failed","high","medium","ok","medium","high","high","ok","ok","ok","ok","medium","true","C1","C1: Below 1.5°C with no or limited overshoot","MESSAGEix-GLOBIOM_1.1","EN_NPi2020_450","59.15184286529198","17.16807241783151","16.44348056923818","9.080992168058941","563.2196289816103","1.354001936151281","1.572829619981273",
"299","ENGAGE-NPi2020-450","MESSAGEix-GLOBIOM 1.1","Final Energy|Residential and Commercial","EJ/yr","[object Object]",2020,21.77705530731252,"1.572829619981273","1.354001936151281","2038","563.2196289816103","410.79197652489273","-0.1262739961185492","2050",,"GW1","Carbon Dioxide Removal","failed","high","medium","ok","medium","high","high","ok","ok","ok","ok","medium","true","C1","C1: Below 1.5°C with no or limited overshoot","MESSAGEix-GLOBIOM_1.1","EN_NPi2020_450","59.15184286529198","17.16807241783151","16.44348056923818","9.080992168058941","563.2196289816103","1.354001936151281","1.572829619981273",
"299","ENGAGE-NPi2020-450","MESSAGEix-GLOBIOM 1.1","Final Energy|Residential and Commercial","EJ/yr","[object Object]",2025,20.03334182657922,"1.572829619981273","1.354001936151281","2038","563.2196289816103","410.79197652489273","-0.1262739961185492","2050",,"GW1","Carbon Dioxide Removal","failed","high","medium","ok","medium","high","high","ok","ok","ok","ok","medium","true","C1","C1: Below 1.5°C with no or limited overshoot","MESSAGEix-GLOBIOM_1.1","EN_NPi2020_450","59.15184286529198","17.16807241783151","16.44348056923818","9.080992168058941","563.2196289816103","1.354001936151281","1.572829619981273",
"299","ENGAGE-NPi2020-450","MESSAGEix-GLOBIOM 1.1","Final Energy|Residential and Commercial","EJ/yr","[object Object]",2030,19.15147700294713,"1.572829619981273","1.354001936151281","2038","563.2196289816103","410.79197652489273","-0.1262739961185492","2050",,"GW1","Carbon Dioxide Removal","failed","high","medium","ok","medium","high","high","ok","ok","ok","ok","medium","true","C1","C1: Below 1.5°C with no or limited overshoot","MESSAGEix-GLOBIOM_1.1","EN_NPi2020_450","59.15184286529198","17.16807241783151","16.44348056923818","9.080992168058941","563.2196289816103","1.354001936151281","1.572829619981273",
"299","ENGAGE-NPi2020-450","MESSAGEix-GLOBIOM 1.1","Final Energy|Residential and Commercial","EJ/yr","[object Object]",2035,18.02557117352248,"1.572829619981273","1.354001936151281","2038","563.2196289816103","410.79197652489273","-0.1262739961185492","2050",,"GW1","Carbon Dioxide Removal","failed","high","medium","ok","medium","high","high","ok","ok","ok","ok","medium","true","C1","C1: Below 1.5°C with no or limited overshoot","MESSAGEix-GLOBIOM_1.1","EN_NPi2020_450","59.15184286529198","17.16807241783151","16.44348056923818","9.080992168058941","563.2196289816103","1.354001936151281","1.572829619981273",
"299","ENGAGE-NPi2020-450","MESSAGEix-GLOBIOM 1.1","Final Energy|Residential and Commercial","EJ/yr","[object Object]",2040,17.704470620760986,"1.572829619981273","1.354001936151281","2038","563.2196289816103","410.79197652489273","-0.1262739961185492","2050",,"GW1","Carbon Dioxide Removal","failed","high","medium","ok","medium","high","high","ok","ok","ok","ok","medium","true","C1","C1: Below 1.5°C with no or limited overshoot","MESSAGEix-GLOBIOM_1.1","EN_NPi2020_450","59.15184286529198","17.16807241783151","16.44348056923818","9.080992168058941","563.2196289816103","1.354001936151281","1.572829619981273",
"299","ENGAGE-NPi2020-450","MESSAGEix-GLOBIOM 1.1","Final Energy|Residential and Commercial","EJ/yr","[object Object]",2045,17.57646080893438,"1.572829619981273","1.354001936151281","2038","563.2196289816103","410.79197652489273","-0.1262739961185492","2050",,"GW1","Carbon Dioxide Removal","failed","high","medium","ok","medium","high","high","ok","ok","ok","ok","medium","true","C1","C1: Below 1.5°C with no or limited overshoot","MESSAGEix-GLOBIOM_1.1","EN_NPi2020_450","59.15184286529198","17.16807241783151","16.44348056923818","9.080992168058941","563.2196289816103","1.354001936151281","1.572829619981273",
"299","ENGAGE-NPi2020-450","MESSAGEix-GLOBIOM 1.1","Final Energy|Residential and Commercial","EJ/yr","[object Object]",2050,17.707067366672266,"1.572829619981273","1.354001936151281","2038","563.2196289816103","410.79197652489273","-0.1262739961185492","2050",,"GW1","Carbon Dioxide Removal","failed","high","medium","ok","medium","high","high","ok","ok","ok","ok","medium","true","C1","C1: Below 1.5°C with no or limited overshoot","MESSAGEix-GLOBIOM_1.1","EN_NPi2020_450","59.15184286529198","17.16807241783151","16.44348056923818","9.080992168058941","563.2196289816103","1.354001936151281","1.572829619981273",
"299","ENGAGE-NPi2020-450","MESSAGEix-GLOBIOM 1.1","Final Energy|Residential and Commercial","EJ/yr","[object Object]",2055,18.39395557721045,"1.572829619981273","1.354001936151281","2038","563.2196289816103","410.79197652489273","-0.1262739961185492","2050",,"GW1","Carbon Dioxide Removal","failed","high","medium","ok","medium","high","high","ok","ok","ok","ok","medium","true","C1","C1: Below 1.5°C with no or limited overshoot","MESSAGEix-GLOBIOM_1.1","EN_NPi2020_450","59.15184286529198","17.16807241783151","16.44348056923818","9.080992168058941","563.2196289816103","1.354001936151281","1.572829619981273",
"299","ENGAGE-NPi2020-450","MESSAGEix-GLOBIOM 1.1","Final Energy|Residential and Commercial","EJ/yr","[object Object]",2060,19.4529094526752,"1.572829619981273","1.354001936151281","2038","563.2196289816103","410.79197652489273","-0.1262739961185492","2050",,"GW1","Carbon Dioxide Removal","failed","high","medium","ok","medium","high","high","ok","ok","ok","ok","medium","true","C1","C1: Below 1.5°C with no or limited overshoot","MESSAGEix-GLOBIOM_1.1","EN_NPi2020_450","59.15184286529198","17.16807241783151","16.44348056923818","9.080992168058941","563.2196289816103","1.354001936151281","1.572829619981273",
"299","ENGAGE-NPi2020-450","MESSAGEix-GLOBIOM 1.1","Final Energy|Residential and Commercial","EJ/yr","[object Object]",2070,22.159786856495977,"1.572829619981273","1.354001936151281","2038","563.2196289816103","410.79197652489273","-0.1262739961185492","2050",,"GW1","Carbon Dioxide Removal","failed","high","medium","ok","medium","high","high","ok","ok","ok","ok","medium","true","C1","C1: Below 1.5°C with no or limited overshoot","MESSAGEix-GLOBIOM_1.1","EN_NPi2020_450","59.15184286529198","17.16807241783151","16.44348056923818","9.080992168058941","563.2196289816103","1.354001936151281","1.572829619981273",
"299","ENGAGE-NPi2020-450","MESSAGEix-GLOBIOM 1.1","Final Energy|Residential and Commercial","EJ/yr","[object Object]",2080,24.52377572613696,"1.572829619981273","1.354001936151281","2038","563.2196289816103","410.79197652489273","-0.1262739961185492","2050",,"GW1","Carbon Dioxide Removal","failed","high","medium","ok","medium","high","high","ok","ok","ok","ok","medium","true","C1","C1: Below 1.5°C with no or limited overshoot","MESSAGEix-GLOBIOM_1.1","EN_NPi2020_450","59.15184286529198","17.16807241783151","16.44348056923818","9.080992168058941","563.2196289816103","1.354001936151281","1.572829619981273",
"299","ENGAGE-NPi2020-450","MESSAGEix-GLOBIOM 1.1","Final Energy|Residential and Commercial","EJ/yr","[object Object]",2090,26.9467278142926,"1.572829619981273","1.354001936151281","2038","563.2196289816103","410.79197652489273","-0.1262739961185492","2050",,"GW1","Carbon Dioxide Removal","failed","high","medium","ok","medium","high","high","ok","ok","ok","ok","medium","true","C1","C1: Below 1.5°C with no or limited overshoot","MESSAGEix-GLOBIOM_1.1","EN_NPi2020_450","59.15184286529198","17.16807241783151","16.44348056923818","9.080992168058941","563.2196289816103","1.354001936151281","1.572829619981273",
"299","ENGAGE-NPi2020-450","MESSAGEix-GLOBIOM 1.1","Final Energy|Residential and Commercial","EJ/yr","[object Object]",2100,28.7529372128837,"1.572829619981273","1.354001936151281","2038","563.2196289816103","410.79197652489273","-0.1262739961185492","2050",,"GW1","Carbon Dioxide Removal","failed","high","medium","ok","medium","high","high","ok","ok","ok","ok","medium","true","C1","C1: Below 1.5°C with no or limited overshoot","MESSAGEix-GLOBIOM_1.1","EN_NPi2020_450","59.15184286529198","17.16807241783151","16.44348056923818","9.080992168058941","563.2196289816103","1.354001936151281","1.572829619981273",
"301","ENGAGE-NPi2020-500","MESSAGEix-GLOBIOM 1.1","Final Energy|Residential and Commercial","EJ/yr","[object Object]",2010,23.61326037340776,"1.590188617720889","1.378571424312939","2038","587.0327381597161","457.64718875438336","-0.022715350201867403","2055",,"GW1","Carbon Dioxide Removal","failed","high","medium","ok","medium","high","high","ok","ok","ok","ok","medium","true","C1","C1: Below 1.5°C with no or limited overshoot","MESSAGEix-GLOBIOM_1.1","EN_NPi2020_500","57.94019813196919","22.67093001827635","12.434446007305423","8.935431750737862","587.0327381597161","1.378571424312939","1.590188617720889",
"301","ENGAGE-NPi2020-500","MESSAGEix-GLOBIOM 1.1","Final Energy|Residential and Commercial","EJ/yr","[object Object]",2015,21.01138978989012,"1.590188617720889","1.378571424312939","2038","587.0327381597161","457.64718875438336","-0.022715350201867403","2055",,"GW1","Carbon Dioxide Removal","failed","high","medium","ok","medium","high","high","ok","ok","ok","ok","medium","true","C1","C1: Below 1.5°C with no or limited overshoot","MESSAGEix-GLOBIOM_1.1","EN_NPi2020_500","57.94019813196919","22.67093001827635","12.434446007305423","8.935431750737862","587.0327381597161","1.378571424312939","1.590188617720889",
"301","ENGAGE-NPi2020-500","MESSAGEix-GLOBIOM 1.1","Final Energy|Residential and Commercial","EJ/yr","[object Object]",2020,21.77705530731252,"1.590188617720889","1.378571424312939","2038","587.0327381597161","457.64718875438336","-0.022715350201867403","2055",,"GW1","Carbon Dioxide Removal","failed","high","medium","ok","medium","high","high","ok","ok","ok","ok","medium","true","C1","C1: Below 1.5°C with no or limited overshoot","MESSAGEix-GLOBIOM_1.1","EN_NPi2020_500","57.94019813196919","22.67093001827635","12.434446007305423","8.935431750737862","587.0327381597161","1.378571424312939","1.590188617720889",
"301","ENGAGE-NPi2020-500","MESSAGEix-GLOBIOM 1.1","Final Energy|Residential and Commercial","EJ/yr","[object Object]",2025,20.357691733517527,"1.590188617720889","1.378571424312939","2038","587.0327381597161","457.64718875438336","-0.022715350201867403","2055",,"GW1","Carbon Dioxide Removal","failed","high","medium","ok","medium","high","high","ok","ok","ok","ok","medium","true","C1","C1: Below 1.5°C with no or limited overshoot","MESSAGEix-GLOBIOM_1.1","EN_NPi2020_500","57.94019813196919","22.67093001827635","12.434446007305423","8.935431750737862","587.0327381597161","1.378571424312939","1.590188617720889",
"301","ENGAGE-NPi2020-500","MESSAGEix-GLOBIOM 1.1","Final Energy|Residential and Commercial","EJ/yr","[object Object]",2030,19.609417165737952,"1.590188617720889","1.378571424312939","2038","587.0327381597161","457.64718875438336","-0.022715350201867403","2055",,"GW1","Carbon Dioxide Removal","failed","high","medium","ok","medium","high","high","ok","ok","ok","ok","medium","true","C1","C1: Below 1.5°C with no or limited overshoot","MESSAGEix-GLOBIOM_1.1","EN_NPi2020_500","57.94019813196919","22.67093001827635","12.434446007305423","8.935431750737862","587.0327381597161","1.378571424312939","1.590188617720889",
"301","ENGAGE-NPi2020-500","MESSAGEix-GLOBIOM 1.1","Final Energy|Residential and Commercial","EJ/yr","[object Object]",2035,18.57700013649906,"1.590188617720889","1.378571424312939","2038","587.0327381597161","457.64718875438336","-0.022715350201867403","2055",,"GW1","Carbon Dioxide Removal","failed","high","medium","ok","medium","high","high","ok","ok","ok","ok","medium","true","C1","C1: Below 1.5°C with no or limited overshoot","MESSAGEix-GLOBIOM_1.1","EN_NPi2020_500","57.94019813196919","22.67093001827635","12.434446007305423","8.935431750737862","587.0327381597161","1.378571424312939","1.590188617720889",
"301","ENGAGE-NPi2020-500","MESSAGEix-GLOBIOM 1.1","Final Energy|Residential and Commercial","EJ/yr","[object Object]",2040,18.20189519871318,"1.590188617720889","1.378571424312939","2038","587.0327381597161","457.64718875438336","-0.022715350201867403","2055",,"GW1","Carbon Dioxide Removal","failed","high","medium","ok","medium","high","high","ok","ok","ok","ok","medium","true","C1","C1: Below 1.5°C with no or limited overshoot","MESSAGEix-GLOBIOM_1.1","EN_NPi2020_500","57.94019813196919","22.67093001827635","12.434446007305423","8.935431750737862","587.0327381597161","1.378571424312939","1.590188617720889",
"301","ENGAGE-NPi2020-500","MESSAGEix-GLOBIOM 1.1","Final Energy|Residential and Commercial","EJ/yr","[object Object]",2045,18.041286362598854,"1.590188617720889","1.378571424312939","2038","587.0327381597161","457.64718875438336","-0.022715350201867403","2055",,"GW1","Carbon Dioxide Removal","failed","high","medium","ok","medium","high","high","ok","ok","ok","ok","medium","true","C1","C1: Below 1.5°C with no or limited overshoot","MESSAGEix-GLOBIOM_1.1","EN_NPi2020_500","57.94019813196919","22.67093001827635","12.434446007305423","8.935431750737862","587.0327381597161","1.378571424312939","1.590188617720889",
"301","ENGAGE-NPi2020-500","MESSAGEix-GLOBIOM 1.1","Final Energy|Residential and Commercial","EJ/yr","[object Object]",2050,18.224411685932843,"1.590188617720889","1.378571424312939","2038","587.0327381597161","457.64718875438336","-0.022715350201867403","2055",,"GW1","Carbon Dioxide Removal","failed","high","medium","ok","medium","high","high","ok","ok","ok","ok","medium","true","C1","C1: Below 1.5°C with no or limited overshoot","MESSAGEix-GLOBIOM_1.1","EN_NPi2020_500","57.94019813196919","22.67093001827635","12.434446007305423","8.935431750737862","587.0327381597161","1.378571424312939","1.590188617720889",
"301","ENGAGE-NPi2020-500","MESSAGEix-GLOBIOM 1.1","Final Energy|Residential and Commercial","EJ/yr","[object Object]",2055,18.715596495151445,"1.590188617720889","1.378571424312939","2038","587.0327381597161","457.64718875438336","-0.022715350201867403","2055",,"GW1","Carbon Dioxide Removal","failed","high","medium","ok","medium","high","high","ok","ok","ok","ok","medium","true","C1","C1: Below 1.5°C with no or limited overshoot","MESSAGEix-GLOBIOM_1.1","EN_NPi2020_500","57.94019813196919","22.67093001827635","12.434446007305423","8.935431750737862","587.0327381597161","1.378571424312939","1.590188617720889",
"301","ENGAGE-NPi2020-500","MESSAGEix-GLOBIOM 1.1","Final Energy|Residential and Commercial","EJ/yr","[object Object]",2060,19.709043382382816,"1.590188617720889","1.378571424312939","2038","587.0327381597161","457.64718875438336","-0.022715350201867403","2055",,"GW1","Carbon Dioxide Removal","failed","high","medium","ok","medium","high","high","ok","ok","ok","ok","medium","true","C1","C1: Below 1.5°C with no or limited overshoot","MESSAGEix-GLOBIOM_1.1","EN_NPi2020_500","57.94019813196919","22.67093001827635","12.434446007305423","8.935431750737862","587.0327381597161","1.378571424312939","1.590188617720889",
"301","ENGAGE-NPi2020-500","MESSAGEix-GLOBIOM 1.1","Final Energy|Residential and Commercial","EJ/yr","[object Object]",2070,21.962339514101505,"1.590188617720889","1.378571424312939","2038","587.0327381597161","457.64718875438336","-0.022715350201867403","2055",,"GW1","Carbon Dioxide Removal","failed","high","medium","ok","medium","high","high","ok","ok","ok","ok","medium","true","C1","C1: Below 1.5°C with no or limited overshoot","MESSAGEix-GLOBIOM_1.1","EN_NPi2020_500","57.94019813196919","22.67093001827635","12.434446007305423","8.935431750737862","587.0327381597161","1.378571424312939","1.590188617720889",
"301","ENGAGE-NPi2020-500","MESSAGEix-GLOBIOM 1.1","Final Energy|Residential and Commercial","EJ/yr","[object Object]",2080,24.58383211515164,"1.590188617720889","1.378571424312939","2038","587.0327381597161","457.64718875438336","-0.022715350201867403","2055",,"GW1","Carbon Dioxide Removal","failed","high","medium","ok","medium","high","high","ok","ok","ok","ok","medium","true","C1","C1: Below 1.5°C with no or limited overshoot","MESSAGEix-GLOBIOM_1.1","EN_NPi2020_500","57.94019813196919","22.67093001827635","12.434446007305423","8.935431750737862","587.0327381597161","1.378571424312939","1.590188617720889",
"301","ENGAGE-NPi2020-500","MESSAGEix-GLOBIOM 1.1","Final Energy|Residential and Commercial","EJ/yr","[object Object]",2090,27.021033855125623,"1.590188617720889","1.378571424312939","2038","587.0327381597161","457.64718875438336","-0.022715350201867403","2055",,"GW1","Carbon Dioxide Removal","failed","high","medium","ok","medium","high","high","ok","ok","ok","ok","medium","true","C1","C1: Below 1.5°C with no or limited overshoot","MESSAGEix-GLOBIOM_1.1","EN_NPi2020_500","57.94019813196919","22.67093001827635","12.434446007305423","8.935431750737862","587.0327381597161","1.378571424312939","1.590188617720889",
"301","ENGAGE-NPi2020-500","MESSAGEix-GLOBIOM 1.1","Final Energy|Residential and Commercial","EJ/yr","[object Object]",2100,28.63645777454592,"1.590188617720889","1.378571424312939","2038","587.0327381597161","457.64718875438336","-0.022715350201867403","2055",,"GW1","Carbon Dioxide Removal","failed","high","medium","ok","medium","high","high","ok","ok","ok","ok","medium","true","C1","C1: Below 1.5°C with no or limited overshoot","MESSAGEix-GLOBIOM_1.1","EN_NPi2020_500","57.94019813196919","22.67093001827635","12.434446007305423","8.935431750737862","587.0327381597161","1.378571424312939","1.590188617720889",
"304","ENGAGE-NPi2020-600-COV","MESSAGEix-GLOBIOM 1.1","Final Energy|Residential and Commercial","EJ/yr","[object Object]",2010,23.61326037340776,"1.614029174966196","1.424394670133215","2048","593.4230663284219","557.4893010815485","-0.04768318997123089","2060",,"GW1","Carbon Dioxide Removal","failed","high","medium","ok","medium","high","ok","medium","ok","ok","ok","medium","true","C1","C1: Below 1.5°C with no or limited overshoot","MESSAGEix-GLOBIOM_1.1","EN_NPi2020_600_COV","46.162308180746805","36.89964175225112","10.908587179174347","8.548755219479958","593.4230663284219","1.424394670133215","1.614029174966196",
"304","ENGAGE-NPi2020-600-COV","MESSAGEix-GLOBIOM 1.1","Final Energy|Residential and Commercial","EJ/yr","[object Object]",2015,21.01138978989012,"1.614029174966196","1.424394670133215","2048","593.4230663284219","557.4893010815485","-0.04768318997123089","2060",,"GW1","Carbon Dioxide Removal","failed","high","medium","ok","medium","high","ok","medium","ok","ok","ok","medium","true","C1","C1: Below 1.5°C with no or limited overshoot","MESSAGEix-GLOBIOM_1.1","EN_NPi2020_600_COV","46.162308180746805","36.89964175225112","10.908587179174347","8.548755219479958","593.4230663284219","1.424394670133215","1.614029174966196",
"304","ENGAGE-NPi2020-600-COV","MESSAGEix-GLOBIOM 1.1","Final Energy|Residential and Commercial","EJ/yr","[object Object]",2020,24.179542809707662,"1.614029174966196","1.424394670133215","2048","593.4230663284219","557.4893010815485","-0.04768318997123089","2060",,"GW1","Carbon Dioxide Removal","failed","high","medium","ok","medium","high","ok","medium","ok","ok","ok","medium","true","C1","C1: Below 1.5°C with no or limited overshoot","MESSAGEix-GLOBIOM_1.1","EN_NPi2020_600_COV","46.162308180746805","36.89964175225112","10.908587179174347","8.548755219479958","593.4230663284219","1.424394670133215","1.614029174966196",
"304","ENGAGE-NPi2020-600-COV","MESSAGEix-GLOBIOM 1.1","Final Energy|Residential and Commercial","EJ/yr","[object Object]",2025,22.073490917851405,"1.614029174966196","1.424394670133215","2048","593.4230663284219","557.4893010815485","-0.04768318997123089","2060",,"GW1","Carbon Dioxide Removal","failed","high","medium","ok","medium","high","ok","medium","ok","ok","ok","medium","true","C1","C1: Below 1.5°C with no or limited overshoot","MESSAGEix-GLOBIOM_1.1","EN_NPi2020_600_COV","46.162308180746805","36.89964175225112","10.908587179174347","8.548755219479958","593.4230663284219","1.424394670133215","1.614029174966196",
"304","ENGAGE-NPi2020-600-COV","MESSAGEix-GLOBIOM 1.1","Final Energy|Residential and Commercial","EJ/yr","[object Object]",2030,21.198227080654988,"1.614029174966196","1.424394670133215","2048","593.4230663284219","557.4893010815485","-0.04768318997123089","2060",,"GW1","Carbon Dioxide Removal","failed","high","medium","ok","medium","high","ok","medium","ok","ok","ok","medium","true","C1","C1: Below 1.5°C with no or limited overshoot","MESSAGEix-GLOBIOM_1.1","EN_NPi2020_600_COV","46.162308180746805","36.89964175225112","10.908587179174347","8.548755219479958","593.4230663284219","1.424394670133215","1.614029174966196",
"304","ENGAGE-NPi2020-600-COV","MESSAGEix-GLOBIOM 1.1","Final Energy|Residential and Commercial","EJ/yr","[object Object]",2035,20.408370787101617,"1.614029174966196","1.424394670133215","2048","593.4230663284219","557.4893010815485","-0.04768318997123089","2060",,"GW1","Carbon Dioxide Removal","failed","high","medium","ok","medium","high","ok","medium","ok","ok","ok","medium","true","C1","C1: Below 1.5°C with no or limited overshoot","MESSAGEix-GLOBIOM_1.1","EN_NPi2020_600_COV","46.162308180746805","36.89964175225112","10.908587179174347","8.548755219479958","593.4230663284219","1.424394670133215","1.614029174966196",
"304","ENGAGE-NPi2020-600-COV","MESSAGEix-GLOBIOM 1.1","Final Energy|Residential and Commercial","EJ/yr","[object Object]",2040,20.030699743979653,"1.614029174966196","1.424394670133215","2048","593.4230663284219","557.4893010815485","-0.04768318997123089","2060",,"GW1","Carbon Dioxide Removal","failed","high","medium","ok","medium","high","ok","medium","ok","ok","ok","medium","true","C1","C1: Below 1.5°C with no or limited overshoot","MESSAGEix-GLOBIOM_1.1","EN_NPi2020_600_COV","46.162308180746805","36.89964175225112","10.908587179174347","8.548755219479958","593.4230663284219","1.424394670133215","1.614029174966196",
"304","ENGAGE-NPi2020-600-COV","MESSAGEix-GLOBIOM 1.1","Final Energy|Residential and Commercial","EJ/yr","[object Object]",2045,19.992136296992143,"1.614029174966196","1.424394670133215","2048","593.4230663284219","557.4893010815485","-0.04768318997123089","2060",,"GW1","Carbon Dioxide Removal","failed","high","medium","ok","medium","high","ok","medium","ok","ok","ok","medium","true","C1","C1: Below 1.5°C with no or limited overshoot","MESSAGEix-GLOBIOM_1.1","EN_NPi2020_600_COV","46.162308180746805","36.89964175225112","10.908587179174347","8.548755219479958","593.4230663284219","1.424394670133215","1.614029174966196",
"304","ENGAGE-NPi2020-600-COV","MESSAGEix-GLOBIOM 1.1","Final Energy|Residential and Commercial","EJ/yr","[object Object]",2050,20.07952960975837,"1.614029174966196","1.424394670133215","2048","593.4230663284219","557.4893010815485","-0.04768318997123089","2060",,"GW1","Carbon Dioxide Removal","failed","high","medium","ok","medium","high","ok","medium","ok","ok","ok","medium","true","C1","C1: Below 1.5°C with no or limited overshoot","MESSAGEix-GLOBIOM_1.1","EN_NPi2020_600_COV","46.162308180746805","36.89964175225112","10.908587179174347","8.548755219479958","593.4230663284219","1.424394670133215","1.614029174966196",
"304","ENGAGE-NPi2020-600-COV","MESSAGEix-GLOBIOM 1.1","Final Energy|Residential and Commercial","EJ/yr","[object Object]",2055,19.99036753126548,"1.614029174966196","1.424394670133215","2048","593.4230663284219","557.4893010815485","-0.04768318997123089","2060",,"GW1","Carbon Dioxide Removal","failed","high","medium","ok","medium","high","ok","medium","ok","ok","ok","medium","true","C1","C1: Below 1.5°C with no or limited overshoot","MESSAGEix-GLOBIOM_1.1","EN_NPi2020_600_COV","46.162308180746805","36.89964175225112","10.908587179174347","8.548755219479958","593.4230663284219","1.424394670133215","1.614029174966196",
"304","ENGAGE-NPi2020-600-COV","MESSAGEix-GLOBIOM 1.1","Final Energy|Residential and Commercial","EJ/yr","[object Object]",2060,20.641495029844044,"1.614029174966196","1.424394670133215","2048","593.4230663284219","557.4893010815485","-0.04768318997123089","2060",,"GW1","Carbon Dioxide Removal","failed","high","medium","ok","medium","high","ok","medium","ok","ok","ok","medium","true","C1","C1: Below 1.5°C with no or limited overshoot","MESSAGEix-GLOBIOM_1.1","EN_NPi2020_600_COV","46.162308180746805","36.89964175225112","10.908587179174347","8.548755219479958","593.4230663284219","1.424394670133215","1.614029174966196",
"304","ENGAGE-NPi2020-600-COV","MESSAGEix-GLOBIOM 1.1","Final Energy|Residential and Commercial","EJ/yr","[object Object]",2070,24.233289332271816,"1.614029174966196","1.424394670133215","2048","593.4230663284219","557.4893010815485","-0.04768318997123089","2060",,"GW1","Carbon Dioxide Removal","failed","high","medium","ok","medium","high","ok","medium","ok","ok","ok","medium","true","C1","C1: Below 1.5°C with no or limited overshoot","MESSAGEix-GLOBIOM_1.1","EN_NPi2020_600_COV","46.162308180746805","36.89964175225112","10.908587179174347","8.548755219479958","593.4230663284219","1.424394670133215","1.614029174966196",
"304","ENGAGE-NPi2020-600-COV","MESSAGEix-GLOBIOM 1.1","Final Energy|Residential and Commercial","EJ/yr","[object Object]",2080,27.349860262377177,"1.614029174966196","1.424394670133215","2048","593.4230663284219","557.4893010815485","-0.04768318997123089","2060",,"GW1","Carbon Dioxide Removal","failed","high","medium","ok","medium","high","ok","medium","ok","ok","ok","medium","true","C1","C1: Below 1.5°C with no or limited overshoot","MESSAGEix-GLOBIOM_1.1","EN_NPi2020_600_COV","46.162308180746805","36.89964175225112","10.908587179174347","8.548755219479958","593.4230663284219","1.424394670133215","1.614029174966196",
"304","ENGAGE-NPi2020-600-COV","MESSAGEix-GLOBIOM 1.1","Final Energy|Residential and Commercial","EJ/yr","[object Object]",2090,30.46212711573862,"1.614029174966196","1.424394670133215","2048","593.4230663284219","557.4893010815485","-0.04768318997123089","2060",,"GW1","Carbon Dioxide Removal","failed","high","medium","ok","medium","high","ok","medium","ok","ok","ok","medium","true","C1","C1: Below 1.5°C with no or limited overshoot","MESSAGEix-GLOBIOM_1.1","EN_NPi2020_600_COV","46.162308180746805","36.89964175225112","10.908587179174347","8.548755219479958","593.4230663284219","1.424394670133215","1.614029174966196",
"304","ENGAGE-NPi2020-600-COV","MESSAGEix-GLOBIOM 1.1","Final Energy|Residential and Commercial","EJ/yr","[object Object]",2100,32.03161612900709,"1.614029174966196","1.424394670133215","2048","593.4230663284219","557.4893010815485","-0.04768318997123089","2060",,"GW1","Carbon Dioxide Removal","failed","high","medium","ok","medium","high","ok","medium","ok","ok","ok","medium","true","C1","C1: Below 1.5°C with no or limited overshoot","MESSAGEix-GLOBIOM_1.1","EN_NPi2020_600_COV","46.162308180746805","36.89964175225112","10.908587179174347","8.548755219479958","593.4230663284219","1.424394670133215","1.614029174966196",
"306","ENGAGE-NPi2020-600-DR1p","MESSAGEix-GLOBIOM 1.1","Final Energy|Residential and Commercial","EJ/yr","[object Object]",2010,23.61326037340776,"1.604430798697195","1.431229866945519","2048","420.3928263625919","557.5510496164904","-0.000041263189679965854","2070",,"GW1",,"failed","high","medium","ok","medium","high","high","ok","ok","ok","ok","ok","true","C1","C1: Below 1.5°C with no or limited overshoot","MESSAGEix-GLOBIOM_1.1","EN_NPi2020_600_DR1p","50.711811958690504","28.372834004781872","10.867439137252022","8.469991064446702","420.3928263625919","1.431229866945519","1.604430798697195",
"306","ENGAGE-NPi2020-600-DR1p","MESSAGEix-GLOBIOM 1.1","Final Energy|Residential and Commercial","EJ/yr","[object Object]",2015,21.01138978989012,"1.604430798697195","1.431229866945519","2048","420.3928263625919","557.5510496164904","-0.000041263189679965854","2070",,"GW1",,"failed","high","medium","ok","medium","high","high","ok","ok","ok","ok","ok","true","C1","C1: Below 1.5°C with no or limited overshoot","MESSAGEix-GLOBIOM_1.1","EN_NPi2020_600_DR1p","50.711811958690504","28.372834004781872","10.867439137252022","8.469991064446702","420.3928263625919","1.431229866945519","1.604430798697195",
"306","ENGAGE-NPi2020-600-DR1p","MESSAGEix-GLOBIOM 1.1","Final Energy|Residential and Commercial","EJ/yr","[object Object]",2020,22.037631343983243,"1.604430798697195","1.431229866945519","2048","420.3928263625919","557.5510496164904","-0.000041263189679965854","2070",,"GW1",,"failed","high","medium","ok","medium","high","high","ok","ok","ok","ok","ok","true","C1","C1: Below 1.5°C with no or limited overshoot","MESSAGEix-GLOBIOM_1.1","EN_NPi2020_600_DR1p","50.711811958690504","28.372834004781872","10.867439137252022","8.469991064446702","420.3928263625919","1.431229866945519","1.604430798697195",
"306","ENGAGE-NPi2020-600-DR1p","MESSAGEix-GLOBIOM 1.1","Final Energy|Residential and Commercial","EJ/yr","[object Object]",2025,20.781869178763326,"1.604430798697195","1.431229866945519","2048","420.3928263625919","557.5510496164904","-0.000041263189679965854","2070",,"GW1",,"failed","high","medium","ok","medium","high","high","ok","ok","ok","ok","ok","true","C1","C1: Below 1.5°C with no or limited overshoot","MESSAGEix-GLOBIOM_1.1","EN_NPi2020_600_DR1p","50.711811958690504","28.372834004781872","10.867439137252022","8.469991064446702","420.3928263625919","1.431229866945519","1.604430798697195",
"306","ENGAGE-NPi2020-600-DR1p","MESSAGEix-GLOBIOM 1.1","Final Energy|Residential and Commercial","EJ/yr","[object Object]",2030,20.349742698263768,"1.604430798697195","1.431229866945519","2048","420.3928263625919","557.5510496164904","-0.000041263189679965854","2070",,"GW1",,"failed","high","medium","ok","medium","high","high","ok","ok","ok","ok","ok","true","C1","C1: Below 1.5°C with no or limited overshoot","MESSAGEix-GLOBIOM_1.1","EN_NPi2020_600_DR1p","50.711811958690504","28.372834004781872","10.867439137252022","8.469991064446702","420.3928263625919","1.431229866945519","1.604430798697195",
"306","ENGAGE-NPi2020-600-DR1p","MESSAGEix-GLOBIOM 1.1","Final Energy|Residential and Commercial","EJ/yr","[object Object]",2035,19.58950156215762,"1.604430798697195","1.431229866945519","2048","420.3928263625919","557.5510496164904","-0.000041263189679965854","2070",,"GW1",,"failed","high","medium","ok","medium","high","high","ok","ok","ok","ok","ok","true","C1","C1: Below 1.5°C with no or limited overshoot","MESSAGEix-GLOBIOM_1.1","EN_NPi2020_600_DR1p","50.711811958690504","28.372834004781872","10.867439137252022","8.469991064446702","420.3928263625919","1.431229866945519","1.604430798697195",
"306","ENGAGE-NPi2020-600-DR1p","MESSAGEix-GLOBIOM 1.1","Final Energy|Residential and Commercial","EJ/yr","[object Object]",2040,19.042152791615774,"1.604430798697195","1.431229866945519","2048","420.3928263625919","557.5510496164904","-0.000041263189679965854","2070",,"GW1",,"failed","high","medium","ok","medium","high","high","ok","ok","ok","ok","ok","true","C1","C1: Below 1.5°C with no or limited overshoot","MESSAGEix-GLOBIOM_1.1","EN_NPi2020_600_DR1p","50.711811958690504","28.372834004781872","10.867439137252022","8.469991064446702","420.3928263625919","1.431229866945519","1.604430798697195",
"306","ENGAGE-NPi2020-600-DR1p","MESSAGEix-GLOBIOM 1.1","Final Energy|Residential and Commercial","EJ/yr","[object Object]",2045,18.90454031666228,"1.604430798697195","1.431229866945519","2048","420.3928263625919","557.5510496164904","-0.000041263189679965854","2070",,"GW1",,"failed","high","medium","ok","medium","high","high","ok","ok","ok","ok","ok","true","C1","C1: Below 1.5°C with no or limited overshoot","MESSAGEix-GLOBIOM_1.1","EN_NPi2020_600_DR1p","50.711811958690504","28.372834004781872","10.867439137252022","8.469991064446702","420.3928263625919","1.431229866945519","1.604430798697195",
"306","ENGAGE-NPi2020-600-DR1p","MESSAGEix-GLOBIOM 1.1","Final Energy|Residential and Commercial","EJ/yr","[object Object]",2050,19.29889099968227,"1.604430798697195","1.431229866945519","2048","420.3928263625919","557.5510496164904","-0.000041263189679965854","2070",,"GW1",,"failed","high","medium","ok","medium","high","high","ok","ok","ok","ok","ok","true","C1","C1: Below 1.5°C with no or limited overshoot","MESSAGEix-GLOBIOM_1.1","EN_NPi2020_600_DR1p","50.711811958690504","28.372834004781872","10.867439137252022","8.469991064446702","420.3928263625919","1.431229866945519","1.604430798697195",
"306","ENGAGE-NPi2020-600-DR1p","MESSAGEix-GLOBIOM 1.1","Final Energy|Residential and Commercial","EJ/yr","[object Object]",2055,19.62635497960824,"1.604430798697195","1.431229866945519","2048","420.3928263625919","557.5510496164904","-0.000041263189679965854","2070",,"GW1",,"failed","high","medium","ok","medium","high","high","ok","ok","ok","ok","ok","true","C1","C1: Below 1.5°C with no or limited overshoot","MESSAGEix-GLOBIOM_1.1","EN_NPi2020_600_DR1p","50.711811958690504","28.372834004781872","10.867439137252022","8.469991064446702","420.3928263625919","1.431229866945519","1.604430798697195",
"306","ENGAGE-NPi2020-600-DR1p","MESSAGEix-GLOBIOM 1.1","Final Energy|Residential and Commercial","EJ/yr","[object Object]",2060,20.42488848667413,"1.604430798697195","1.431229866945519","2048","420.3928263625919","557.5510496164904","-0.000041263189679965854","2070",,"GW1",,"failed","high","medium","ok","medium","high","high","ok","ok","ok","ok","ok","true","C1","C1: Below 1.5°C with no or limited overshoot","MESSAGEix-GLOBIOM_1.1","EN_NPi2020_600_DR1p","50.711811958690504","28.372834004781872","10.867439137252022","8.469991064446702","420.3928263625919","1.431229866945519","1.604430798697195",
"306","ENGAGE-NPi2020-600-DR1p","MESSAGEix-GLOBIOM 1.1","Final Energy|Residential and Commercial","EJ/yr","[object Object]",2070,22.48821750020192,"1.604430798697195","1.431229866945519","2048","420.3928263625919","557.5510496164904","-0.000041263189679965854","2070",,"GW1",,"failed","high","medium","ok","medium","high","high","ok","ok","ok","ok","ok","true","C1","C1: Below 1.5°C with no or limited overshoot","MESSAGEix-GLOBIOM_1.1","EN_NPi2020_600_DR1p","50.711811958690504","28.372834004781872","10.867439137252022","8.469991064446702","420.3928263625919","1.431229866945519","1.604430798697195",
"306","ENGAGE-NPi2020-600-DR1p","MESSAGEix-GLOBIOM 1.1","Final Energy|Residential and Commercial","EJ/yr","[object Object]",2080,24.68157266339268,"1.604430798697195","1.431229866945519","2048","420.3928263625919","557.5510496164904","-0.000041263189679965854","2070",,"GW1",,"failed","high","medium","ok","medium","high","high","ok","ok","ok","ok","ok","true","C1","C1: Below 1.5°C with no or limited overshoot","MESSAGEix-GLOBIOM_1.1","EN_NPi2020_600_DR1p","50.711811958690504","28.372834004781872","10.867439137252022","8.469991064446702","420.3928263625919","1.431229866945519","1.604430798697195",
"306","ENGAGE-NPi2020-600-DR1p","MESSAGEix-GLOBIOM 1.1","Final Energy|Residential and Commercial","EJ/yr","[object Object]",2090,26.909909459353287,"1.604430798697195","1.431229866945519","2048","420.3928263625919","557.5510496164904","-0.000041263189679965854","2070",,"GW1",,"failed","high","medium","ok","medium","high","high","ok","ok","ok","ok","ok","true","C1","C1: Below 1.5°C with no or limited overshoot","MESSAGEix-GLOBIOM_1.1","EN_NPi2020_600_DR1p","50.711811958690504","28.372834004781872","10.867439137252022","8.469991064446702","420.3928263625919","1.431229866945519","1.604430798697195",
"306","ENGAGE-NPi2020-600-DR1p","MESSAGEix-GLOBIOM 1.1","Final Energy|Residential and Commercial","EJ/yr","[object Object]",2100,28.442746175835204,"1.604430798697195","1.431229866945519","2048","420.3928263625919","557.5510496164904","-0.000041263189679965854","2070",,"GW1",,"failed","high","medium","ok","medium","high","high","ok","ok","ok","ok","ok","true","C1","C1: Below 1.5°C with no or limited overshoot","MESSAGEix-GLOBIOM_1.1","EN_NPi2020_600_DR1p","50.711811958690504","28.372834004781872","10.867439137252022","8.469991064446702","420.3928263625919","1.431229866945519","1.604430798697195",
"307","ENGAGE-NPi2020-600-DR2p","MESSAGEix-GLOBIOM 1.1","Final Energy|Residential and Commercial","EJ/yr","[object Object]",2010,23.61326037340776,"1.60684145574225","1.428886248984998","2048","446.533095205891","557.6250466252312","-0.00012015879362959323","2070",,"GW1",,"failed","high","medium","ok","medium","high","high","ok","ok","ok","ok","ok","true","C1","C1: Below 1.5°C with no or limited overshoot","MESSAGEix-GLOBIOM_1.1","EN_NPi2020_600_DR2p","50.23427258431996","29.521216519036198","11.135674806459477","8.557609641585799","446.533095205891","1.428886248984998","1.60684145574225",
"307","ENGAGE-NPi2020-600-DR2p","MESSAGEix-GLOBIOM 1.1","Final Energy|Residential and Commercial","EJ/yr","[object Object]",2015,21.01138978989012,"1.60684145574225","1.428886248984998","2048","446.533095205891","557.6250466252312","-0.00012015879362959323","2070",,"GW1",,"failed","high","medium","ok","medium","high","high","ok","ok","ok","ok","ok","true","C1","C1: Below 1.5°C with no or limited overshoot","MESSAGEix-GLOBIOM_1.1","EN_NPi2020_600_DR2p","50.23427258431996","29.521216519036198","11.135674806459477","8.557609641585799","446.533095205891","1.428886248984998","1.60684145574225",
"307","ENGAGE-NPi2020-600-DR2p","MESSAGEix-GLOBIOM 1.1","Final Energy|Residential and Commercial","EJ/yr","[object Object]",2020,21.98370272265447,"1.60684145574225","1.428886248984998","2048","446.533095205891","557.6250466252312","-0.00012015879362959323","2070",,"GW1",,"failed","high","medium","ok","medium","high","high","ok","ok","ok","ok","ok","true","C1","C1: Below 1.5°C with no or limited overshoot","MESSAGEix-GLOBIOM_1.1","EN_NPi2020_600_DR2p","50.23427258431996","29.521216519036198","11.135674806459477","8.557609641585799","446.533095205891","1.428886248984998","1.60684145574225",
"307","ENGAGE-NPi2020-600-DR2p","MESSAGEix-GLOBIOM 1.1","Final Energy|Residential and Commercial","EJ/yr","[object Object]",2025,20.82016614399944,"1.60684145574225","1.428886248984998","2048","446.533095205891","557.6250466252312","-0.00012015879362959323","2070",,"GW1",,"failed","high","medium","ok","medium","high","high","ok","ok","ok","ok","ok","true","C1","C1: Below 1.5°C with no or limited overshoot","MESSAGEix-GLOBIOM_1.1","EN_NPi2020_600_DR2p","50.23427258431996","29.521216519036198","11.135674806459477","8.557609641585799","446.533095205891","1.428886248984998","1.60684145574225",
"307","ENGAGE-NPi2020-600-DR2p","MESSAGEix-GLOBIOM 1.1","Final Energy|Residential and Commercial","EJ/yr","[object Object]",2030,20.343714746358096,"1.60684145574225","1.428886248984998","2048","446.533095205891","557.6250466252312","-0.00012015879362959323","2070",,"GW1",,"failed","high","medium","ok","medium","high","high","ok","ok","ok","ok","ok","true","C1","C1: Below 1.5°C with no or limited overshoot","MESSAGEix-GLOBIOM_1.1","EN_NPi2020_600_DR2p","50.23427258431996","29.521216519036198","11.135674806459477","8.557609641585799","446.533095205891","1.428886248984998","1.60684145574225",
"307","ENGAGE-NPi2020-600-DR2p","MESSAGEix-GLOBIOM 1.1","Final Energy|Residential and Commercial","EJ/yr","[object Object]",2035,19.559519711368143,"1.60684145574225","1.428886248984998","2048","446.533095205891","557.6250466252312","-0.00012015879362959323","2070",,"GW1",,"failed","high","medium","ok","medium","high","high","ok","ok","ok","ok","ok","true","C1","C1: Below 1.5°C with no or limited overshoot","MESSAGEix-GLOBIOM_1.1","EN_NPi2020_600_DR2p","50.23427258431996","29.521216519036198","11.135674806459477","8.557609641585799","446.533095205891","1.428886248984998","1.60684145574225",
"307","ENGAGE-NPi2020-600-DR2p","MESSAGEix-GLOBIOM 1.1","Final Energy|Residential and Commercial","EJ/yr","[object Object]",2040,19.081884700635136,"1.60684145574225","1.428886248984998","2048","446.533095205891","557.6250466252312","-0.00012015879362959323","2070",,"GW1",,"failed","high","medium","ok","medium","high","high","ok","ok","ok","ok","ok","true","C1","C1: Below 1.5°C with no or limited overshoot","MESSAGEix-GLOBIOM_1.1","EN_NPi2020_600_DR2p","50.23427258431996","29.521216519036198","11.135674806459477","8.557609641585799","446.533095205891","1.428886248984998","1.60684145574225",
"307","ENGAGE-NPi2020-600-DR2p","MESSAGEix-GLOBIOM 1.1","Final Energy|Residential and Commercial","EJ/yr","[object Object]",2045,18.87939922096981,"1.60684145574225","1.428886248984998","2048","446.533095205891","557.6250466252312","-0.00012015879362959323","2070",,"GW1",,"failed","high","medium","ok","medium","high","high","ok","ok","ok","ok","ok","true","C1","C1: Below 1.5°C with no or limited overshoot","MESSAGEix-GLOBIOM_1.1","EN_NPi2020_600_DR2p","50.23427258431996","29.521216519036198","11.135674806459477","8.557609641585799","446.533095205891","1.428886248984998","1.60684145574225",
"307","ENGAGE-NPi2020-600-DR2p","MESSAGEix-GLOBIOM 1.1","Final Energy|Residential and Commercial","EJ/yr","[object Object]",2050,19.179515659247908,"1.60684145574225","1.428886248984998","2048","446.533095205891","557.6250466252312","-0.00012015879362959323","2070",,"GW1",,"failed","high","medium","ok","medium","high","high","ok","ok","ok","ok","ok","true","C1","C1: Below 1.5°C with no or limited overshoot","MESSAGEix-GLOBIOM_1.1","EN_NPi2020_600_DR2p","50.23427258431996","29.521216519036198","11.135674806459477","8.557609641585799","446.533095205891","1.428886248984998","1.60684145574225",
"307","ENGAGE-NPi2020-600-DR2p","MESSAGEix-GLOBIOM 1.1","Final Energy|Residential and Commercial","EJ/yr","[object Object]",2055,19.46829382909636,"1.60684145574225","1.428886248984998","2048","446.533095205891","557.6250466252312","-0.00012015879362959323","2070",,"GW1",,"failed","high","medium","ok","medium","high","high","ok","ok","ok","ok","ok","true","C1","C1: Below 1.5°C with no or limited overshoot","MESSAGEix-GLOBIOM_1.1","EN_NPi2020_600_DR2p","50.23427258431996","29.521216519036198","11.135674806459477","8.557609641585799","446.533095205891","1.428886248984998","1.60684145574225",
"307","ENGAGE-NPi2020-600-DR2p","MESSAGEix-GLOBIOM 1.1","Final Energy|Residential and Commercial","EJ/yr","[object Object]",2060,20.25239079946102,"1.60684145574225","1.428886248984998","2048","446.533095205891","557.6250466252312","-0.00012015879362959323","2070",,"GW1",,"failed","high","medium","ok","medium","high","high","ok","ok","ok","ok","ok","true","C1","C1: Below 1.5°C with no or limited overshoot","MESSAGEix-GLOBIOM_1.1","EN_NPi2020_600_DR2p","50.23427258431996","29.521216519036198","11.135674806459477","8.557609641585799","446.533095205891","1.428886248984998","1.60684145574225",
"307","ENGAGE-NPi2020-600-DR2p","MESSAGEix-GLOBIOM 1.1","Final Energy|Residential and Commercial","EJ/yr","[object Object]",2070,22.437372111066704,"1.60684145574225","1.428886248984998","2048","446.533095205891","557.6250466252312","-0.00012015879362959323","2070",,"GW1",,"failed","high","medium","ok","medium","high","high","ok","ok","ok","ok","ok","true","C1","C1: Below 1.5°C with no or limited overshoot","MESSAGEix-GLOBIOM_1.1","EN_NPi2020_600_DR2p","50.23427258431996","29.521216519036198","11.135674806459477","8.557609641585799","446.533095205891","1.428886248984998","1.60684145574225",
"307","ENGAGE-NPi2020-600-DR2p","MESSAGEix-GLOBIOM 1.1","Final Energy|Residential and Commercial","EJ/yr","[object Object]",2080,24.77686980284441,"1.60684145574225","1.428886248984998","2048","446.533095205891","557.6250466252312","-0.00012015879362959323","2070",,"GW1",,"failed","high","medium","ok","medium","high","high","ok","ok","ok","ok","ok","true","C1","C1: Below 1.5°C with no or limited overshoot","MESSAGEix-GLOBIOM_1.1","EN_NPi2020_600_DR2p","50.23427258431996","29.521216519036198","11.135674806459477","8.557609641585799","446.533095205891","1.428886248984998","1.60684145574225",
"307","ENGAGE-NPi2020-600-DR2p","MESSAGEix-GLOBIOM 1.1","Final Energy|Residential and Commercial","EJ/yr","[object Object]",2090,27.001968818061552,"1.60684145574225","1.428886248984998","2048","446.533095205891","557.6250466252312","-0.00012015879362959323","2070",,"GW1",,"failed","high","medium","ok","medium","high","high","ok","ok","ok","ok","ok","true","C1","C1: Below 1.5°C with no or limited overshoot","MESSAGEix-GLOBIOM_1.1","EN_NPi2020_600_DR2p","50.23427258431996","29.521216519036198","11.135674806459477","8.557609641585799","446.533095205891","1.428886248984998","1.60684145574225",
"307","ENGAGE-NPi2020-600-DR2p","MESSAGEix-GLOBIOM 1.1","Final Energy|Residential and Commercial","EJ/yr","[object Object]",2100,28.622905380660686,"1.60684145574225","1.428886248984998","2048","446.533095205891","557.6250466252312","-0.00012015879362959323","2070",,"GW1",,"failed","high","medium","ok","medium","high","high","ok","ok","ok","ok","ok","true","C1","C1: Below 1.5°C with no or limited overshoot","MESSAGEix-GLOBIOM_1.1","EN_NPi2020_600_DR2p","50.23427258431996","29.521216519036198","11.135674806459477","8.557609641585799","446.533095205891","1.428886248984998","1.60684145574225",
"308","ENGAGE-NPi2020-600-DR3p","MESSAGEix-GLOBIOM 1.1","Final Energy|Residential and Commercial","EJ/yr","[object Object]",2010,23.61326037340776,"1.60756972605525","1.427113410146957","2048","467.7757606766859","556.7013697955423","-0.005504257926271749","2070",,"GW1",,"failed","high","medium","ok","medium","high","high","ok","ok","ok","ok","medium","true","C1","C1: Below 1.5°C with no or limited overshoot","MESSAGEix-GLOBIOM_1.1","EN_NPi2020_600_DR3p","49.88740555828443","30.231436198144333","11.08980593805003","8.62510154996194","467.7757606766859","1.427113410146957","1.60756972605525",
"308","ENGAGE-NPi2020-600-DR3p","MESSAGEix-GLOBIOM 1.1","Final Energy|Residential and Commercial","EJ/yr","[object Object]",2015,21.01138978989012,"1.60756972605525","1.427113410146957","2048","467.7757606766859","556.7013697955423","-0.005504257926271749","2070",,"GW1",,"failed","high","medium","ok","medium","high","high","ok","ok","ok","ok","medium","true","C1","C1: Below 1.5°C with no or limited overshoot","MESSAGEix-GLOBIOM_1.1","EN_NPi2020_600_DR3p","49.88740555828443","30.231436198144333","11.08980593805003","8.62510154996194","467.7757606766859","1.427113410146957","1.60756972605525",
"308","ENGAGE-NPi2020-600-DR3p","MESSAGEix-GLOBIOM 1.1","Final Energy|Residential and Commercial","EJ/yr","[object Object]",2020,21.828420175089555,"1.60756972605525","1.427113410146957","2048","467.7757606766859","556.7013697955423","-0.005504257926271749","2070",,"GW1",,"failed","high","medium","ok","medium","high","high","ok","ok","ok","ok","medium","true","C1","C1: Below 1.5°C with no or limited overshoot","MESSAGEix-GLOBIOM_1.1","EN_NPi2020_600_DR3p","49.88740555828443","30.231436198144333","11.08980593805003","8.62510154996194","467.7757606766859","1.427113410146957","1.60756972605525",
"308","ENGAGE-NPi2020-600-DR3p","MESSAGEix-GLOBIOM 1.1","Final Energy|Residential and Commercial","EJ/yr","[object Object]",2025,20.69219661920204,"1.60756972605525","1.427113410146957","2048","467.7757606766859","556.7013697955423","-0.005504257926271749","2070",,"GW1",,"failed","high","medium","ok","medium","high","high","ok","ok","ok","ok","medium","true","C1","C1: Below 1.5°C with no or limited overshoot","MESSAGEix-GLOBIOM_1.1","EN_NPi2020_600_DR3p","49.88740555828443","30.231436198144333","11.08980593805003","8.62510154996194","467.7757606766859","1.427113410146957","1.60756972605525",
"308","ENGAGE-NPi2020-600-DR3p","MESSAGEix-GLOBIOM 1.1","Final Energy|Residential and Commercial","EJ/yr","[object Object]",2030,20.188478503580416,"1.60756972605525","1.427113410146957","2048","467.7757606766859","556.7013697955423","-0.005504257926271749","2070",,"GW1",,"failed","high","medium","ok","medium","high","high","ok","ok","ok","ok","medium","true","C1","C1: Below 1.5°C with no or limited overshoot","MESSAGEix-GLOBIOM_1.1","EN_NPi2020_600_DR3p","49.88740555828443","30.231436198144333","11.08980593805003","8.62510154996194","467.7757606766859","1.427113410146957","1.60756972605525",
"308","ENGAGE-NPi2020-600-DR3p","MESSAGEix-GLOBIOM 1.1","Final Energy|Residential and Commercial","EJ/yr","[object Object]",2035,19.36940727730658,"1.60756972605525","1.427113410146957","2048","467.7757606766859","556.7013697955423","-0.005504257926271749","2070",,"GW1",,"failed","high","medium","ok","medium","high","high","ok","ok","ok","ok","medium","true","C1","C1: Below 1.5°C with no or limited overshoot","MESSAGEix-GLOBIOM_1.1","EN_NPi2020_600_DR3p","49.88740555828443","30.231436198144333","11.08980593805003","8.62510154996194","467.7757606766859","1.427113410146957","1.60756972605525",
"308","ENGAGE-NPi2020-600-DR3p","MESSAGEix-GLOBIOM 1.1","Final Energy|Residential and Commercial","EJ/yr","[object Object]",2040,18.88900123426355,"1.60756972605525","1.427113410146957","2048","467.7757606766859","556.7013697955423","-0.005504257926271749","2070",,"GW1",,"failed","high","medium","ok","medium","high","high","ok","ok","ok","ok","medium","true","C1","C1: Below 1.5°C with no or limited overshoot","MESSAGEix-GLOBIOM_1.1","EN_NPi2020_600_DR3p","49.88740555828443","30.231436198144333","11.08980593805003","8.62510154996194","467.7757606766859","1.427113410146957","1.60756972605525",
"308","ENGAGE-NPi2020-600-DR3p","MESSAGEix-GLOBIOM 1.1","Final Energy|Residential and Commercial","EJ/yr","[object Object]",2045,18.696173166369537,"1.60756972605525","1.427113410146957","2048","467.7757606766859","556.7013697955423","-0.005504257926271749","2070",,"GW1",,"failed","high","medium","ok","medium","high","high","ok","ok","ok","ok","medium","true","C1","C1: Below 1.5°C with no or limited overshoot","MESSAGEix-GLOBIOM_1.1","EN_NPi2020_600_DR3p","49.88740555828443","30.231436198144333","11.08980593805003","8.62510154996194","467.7757606766859","1.427113410146957","1.60756972605525",
"308","ENGAGE-NPi2020-600-DR3p","MESSAGEix-GLOBIOM 1.1","Final Energy|Residential and Commercial","EJ/yr","[object Object]",2050,18.983096914636363,"1.60756972605525","1.427113410146957","2048","467.7757606766859","556.7013697955423","-0.005504257926271749","2070",,"GW1",,"failed","high","medium","ok","medium","high","high","ok","ok","ok","ok","medium","true","C1","C1: Below 1.5°C with no or limited overshoot","MESSAGEix-GLOBIOM_1.1","EN_NPi2020_600_DR3p","49.88740555828443","30.231436198144333","11.08980593805003","8.62510154996194","467.7757606766859","1.427113410146957","1.60756972605525",
"308","ENGAGE-NPi2020-600-DR3p","MESSAGEix-GLOBIOM 1.1","Final Energy|Residential and Commercial","EJ/yr","[object Object]",2055,19.28269768162912,"1.60756972605525","1.427113410146957","2048","467.7757606766859","556.7013697955423","-0.005504257926271749","2070",,"GW1",,"failed","high","medium","ok","medium","high","high","ok","ok","ok","ok","medium","true","C1","C1: Below 1.5°C with no or limited overshoot","MESSAGEix-GLOBIOM_1.1","EN_NPi2020_600_DR3p","49.88740555828443","30.231436198144333","11.08980593805003","8.62510154996194","467.7757606766859","1.427113410146957","1.60756972605525",
"308","ENGAGE-NPi2020-600-DR3p","MESSAGEix-GLOBIOM 1.1","Final Energy|Residential and Commercial","EJ/yr","[object Object]",2060,20.090479133910563,"1.60756972605525","1.427113410146957","2048","467.7757606766859","556.7013697955423","-0.005504257926271749","2070",,"GW1",,"failed","high","medium","ok","medium","high","high","ok","ok","ok","ok","medium","true","C1","C1: Below 1.5°C with no or limited overshoot","MESSAGEix-GLOBIOM_1.1","EN_NPi2020_600_DR3p","49.88740555828443","30.231436198144333","11.08980593805003","8.62510154996194","467.7757606766859","1.427113410146957","1.60756972605525",
"308","ENGAGE-NPi2020-600-DR3p","MESSAGEix-GLOBIOM 1.1","Final Energy|Residential and Commercial","EJ/yr","[object Object]",2070,22.349237729815755,"1.60756972605525","1.427113410146957","2048","467.7757606766859","556.7013697955423","-0.005504257926271749","2070",,"GW1",,"failed","high","medium","ok","medium","high","high","ok","ok","ok","ok","medium","true","C1","C1: Below 1.5°C with no or limited overshoot","MESSAGEix-GLOBIOM_1.1","EN_NPi2020_600_DR3p","49.88740555828443","30.231436198144333","11.08980593805003","8.62510154996194","467.7757606766859","1.427113410146957","1.60756972605525",
"308","ENGAGE-NPi2020-600-DR3p","MESSAGEix-GLOBIOM 1.1","Final Energy|Residential and Commercial","EJ/yr","[object Object]",2080,24.79673583298142,"1.60756972605525","1.427113410146957","2048","467.7757606766859","556.7013697955423","-0.005504257926271749","2070",,"GW1",,"failed","high","medium","ok","medium","high","high","ok","ok","ok","ok","medium","true","C1","C1: Below 1.5°C with no or limited overshoot","MESSAGEix-GLOBIOM_1.1","EN_NPi2020_600_DR3p","49.88740555828443","30.231436198144333","11.08980593805003","8.62510154996194","467.7757606766859","1.427113410146957","1.60756972605525",
"308","ENGAGE-NPi2020-600-DR3p","MESSAGEix-GLOBIOM 1.1","Final Energy|Residential and Commercial","EJ/yr","[object Object]",2090,26.992190035969912,"1.60756972605525","1.427113410146957","2048","467.7757606766859","556.7013697955423","-0.005504257926271749","2070",,"GW1",,"failed","high","medium","ok","medium","high","high","ok","ok","ok","ok","medium","true","C1","C1: Below 1.5°C with no or limited overshoot","MESSAGEix-GLOBIOM_1.1","EN_NPi2020_600_DR3p","49.88740555828443","30.231436198144333","11.08980593805003","8.62510154996194","467.7757606766859","1.427113410146957","1.60756972605525",
"308","ENGAGE-NPi2020-600-DR3p","MESSAGEix-GLOBIOM 1.1","Final Energy|Residential and Commercial","EJ/yr","[object Object]",2100,28.619065806603377,"1.60756972605525","1.427113410146957","2048","467.7757606766859","556.7013697955423","-0.005504257926271749","2070",,"GW1",,"failed","high","medium","ok","medium","high","high","ok","ok","ok","ok","medium","true","C1","C1: Below 1.5°C with no or limited overshoot","MESSAGEix-GLOBIOM_1.1","EN_NPi2020_600_DR3p","49.88740555828443","30.231436198144333","11.08980593805003","8.62510154996194","467.7757606766859","1.427113410146957","1.60756972605525",
"309","ENGAGE-NPi2020-600-DR4p","MESSAGEix-GLOBIOM 1.1","Final Energy|Residential and Commercial","EJ/yr","[object Object]",2010,23.61326037340776,"1.611458487180011","1.426258695068843","2048","504.05934329647346","555.3196031528233","-6.35274247997586e-8","2100",,"GW1",,"failed","high","medium","ok","medium","high","medium","ok","ok","ok","ok","medium","true","C1","C1: Below 1.5°C with no or limited overshoot","MESSAGEix-GLOBIOM_1.1","EN_NPi2020_600_DR4p","50.75377657905901","30.056297099203675","11.185573162497453","8.68567306613808","504.05934329647346","1.426258695068843","1.611458487180011",
"309","ENGAGE-NPi2020-600-DR4p","MESSAGEix-GLOBIOM 1.1","Final Energy|Residential and Commercial","EJ/yr","[object Object]",2015,21.01138978989012,"1.611458487180011","1.426258695068843","2048","504.05934329647346","555.3196031528233","-6.35274247997586e-8","2100",,"GW1",,"failed","high","medium","ok","medium","high","medium","ok","ok","ok","ok","medium","true","C1","C1: Below 1.5°C with no or limited overshoot","MESSAGEix-GLOBIOM_1.1","EN_NPi2020_600_DR4p","50.75377657905901","30.056297099203675","11.185573162497453","8.68567306613808","504.05934329647346","1.426258695068843","1.611458487180011",
"309","ENGAGE-NPi2020-600-DR4p","MESSAGEix-GLOBIOM 1.1","Final Energy|Residential and Commercial","EJ/yr","[object Object]",2020,21.805920200424023,"1.611458487180011","1.426258695068843","2048","504.05934329647346","555.3196031528233","-6.35274247997586e-8","2100",,"GW1",,"failed","high","medium","ok","medium","high","medium","ok","ok","ok","ok","medium","true","C1","C1: Below 1.5°C with no or limited overshoot","MESSAGEix-GLOBIOM_1.1","EN_NPi2020_600_DR4p","50.75377657905901","30.056297099203675","11.185573162497453","8.68567306613808","504.05934329647346","1.426258695068843","1.611458487180011",
"309","ENGAGE-NPi2020-600-DR4p","MESSAGEix-GLOBIOM 1.1","Final Energy|Residential and Commercial","EJ/yr","[object Object]",2025,20.67568143816821,"1.611458487180011","1.426258695068843","2048","504.05934329647346","555.3196031528233","-6.35274247997586e-8","2100",,"GW1",,"failed","high","medium","ok","medium","high","medium","ok","ok","ok","ok","medium","true","C1","C1: Below 1.5°C with no or limited overshoot","MESSAGEix-GLOBIOM_1.1","EN_NPi2020_600_DR4p","50.75377657905901","30.056297099203675","11.185573162497453","8.68567306613808","504.05934329647346","1.426258695068843","1.611458487180011",
"309","ENGAGE-NPi2020-600-DR4p","MESSAGEix-GLOBIOM 1.1","Final Energy|Residential and Commercial","EJ/yr","[object Object]",2030,20.11651522697742,"1.611458487180011","1.426258695068843","2048","504.05934329647346","555.3196031528233","-6.35274247997586e-8","2100",,"GW1",,"failed","high","medium","ok","medium","high","medium","ok","ok","ok","ok","medium","true","C1","C1: Below 1.5°C with no or limited overshoot","MESSAGEix-GLOBIOM_1.1","EN_NPi2020_600_DR4p","50.75377657905901","30.056297099203675","11.185573162497453","8.68567306613808","504.05934329647346","1.426258695068843","1.611458487180011",
"309","ENGAGE-NPi2020-600-DR4p","MESSAGEix-GLOBIOM 1.1","Final Energy|Residential and Commercial","EJ/yr","[object Object]",2035,19.238960456593745,"1.611458487180011","1.426258695068843","2048","504.05934329647346","555.3196031528233","-6.35274247997586e-8","2100",,"GW1",,"failed","high","medium","ok","medium","high","medium","ok","ok","ok","ok","medium","true","C1","C1: Below 1.5°C with no or limited overshoot","MESSAGEix-GLOBIOM_1.1","EN_NPi2020_600_DR4p","50.75377657905901","30.056297099203675","11.185573162497453","8.68567306613808","504.05934329647346","1.426258695068843","1.611458487180011",
"309","ENGAGE-NPi2020-600-DR4p","MESSAGEix-GLOBIOM 1.1","Final Energy|Residential and Commercial","EJ/yr","[object Object]",2040,18.69836332768235,"1.611458487180011","1.426258695068843","2048","504.05934329647346","555.3196031528233","-6.35274247997586e-8","2100",,"GW1",,"failed","high","medium","ok","medium","high","medium","ok","ok","ok","ok","medium","true","C1","C1: Below 1.5°C with no or limited overshoot","MESSAGEix-GLOBIOM_1.1","EN_NPi2020_600_DR4p","50.75377657905901","30.056297099203675","11.185573162497453","8.68567306613808","504.05934329647346","1.426258695068843","1.611458487180011",
"309","ENGAGE-NPi2020-600-DR4p","MESSAGEix-GLOBIOM 1.1","Final Energy|Residential and Commercial","EJ/yr","[object Object]",2045,18.4747910946832,"1.611458487180011","1.426258695068843","2048","504.05934329647346","555.3196031528233","-6.35274247997586e-8","2100",,"GW1",,"failed","high","medium","ok","medium","high","medium","ok","ok","ok","ok","medium","true","C1","C1: Below 1.5°C with no or limited overshoot","MESSAGEix-GLOBIOM_1.1","EN_NPi2020_600_DR4p","50.75377657905901","30.056297099203675","11.185573162497453","8.68567306613808","504.05934329647346","1.426258695068843","1.611458487180011",
"309","ENGAGE-NPi2020-600-DR4p","MESSAGEix-GLOBIOM 1.1","Final Energy|Residential and Commercial","EJ/yr","[object Object]",2050,18.772391453080964,"1.611458487180011","1.426258695068843","2048","504.05934329647346","555.3196031528233","-6.35274247997586e-8","2100",,"GW1",,"failed","high","medium","ok","medium","high","medium","ok","ok","ok","ok","medium","true","C1","C1: Below 1.5°C with no or limited overshoot","MESSAGEix-GLOBIOM_1.1","EN_NPi2020_600_DR4p","50.75377657905901","30.056297099203675","11.185573162497453","8.68567306613808","504.05934329647346","1.426258695068843","1.611458487180011",
"309","ENGAGE-NPi2020-600-DR4p","MESSAGEix-GLOBIOM 1.1","Final Energy|Residential and Commercial","EJ/yr","[object Object]",2055,19.052891522678387,"1.611458487180011","1.426258695068843","2048","504.05934329647346","555.3196031528233","-6.35274247997586e-8","2100",,"GW1",,"failed","high","medium","ok","medium","high","medium","ok","ok","ok","ok","medium","true","C1","C1: Below 1.5°C with no or limited overshoot","MESSAGEix-GLOBIOM_1.1","EN_NPi2020_600_DR4p","50.75377657905901","30.056297099203675","11.185573162497453","8.68567306613808","504.05934329647346","1.426258695068843","1.611458487180011",
"309","ENGAGE-NPi2020-600-DR4p","MESSAGEix-GLOBIOM 1.1","Final Energy|Residential and Commercial","EJ/yr","[object Object]",2060,19.81415766954201,"1.611458487180011","1.426258695068843","2048","504.05934329647346","555.3196031528233","-6.35274247997586e-8","2100",,"GW1",,"failed","high","medium","ok","medium","high","medium","ok","ok","ok","ok","medium","true","C1","C1: Below 1.5°C with no or limited overshoot","MESSAGEix-GLOBIOM_1.1","EN_NPi2020_600_DR4p","50.75377657905901","30.056297099203675","11.185573162497453","8.68567306613808","504.05934329647346","1.426258695068843","1.611458487180011",
"309","ENGAGE-NPi2020-600-DR4p","MESSAGEix-GLOBIOM 1.1","Final Energy|Residential and Commercial","EJ/yr","[object Object]",2070,22.16009756276639,"1.611458487180011","1.426258695068843","2048","504.05934329647346","555.3196031528233","-6.35274247997586e-8","2100",,"GW1",,"failed","high","medium","ok","medium","high","medium","ok","ok","ok","ok","medium","true","C1","C1: Below 1.5°C with no or limited overshoot","MESSAGEix-GLOBIOM_1.1","EN_NPi2020_600_DR4p","50.75377657905901","30.056297099203675","11.185573162497453","8.68567306613808","504.05934329647346","1.426258695068843","1.611458487180011",
"309","ENGAGE-NPi2020-600-DR4p","MESSAGEix-GLOBIOM 1.1","Final Energy|Residential and Commercial","EJ/yr","[object Object]",2080,24.76661842036417,"1.611458487180011","1.426258695068843","2048","504.05934329647346","555.3196031528233","-6.35274247997586e-8","2100",,"GW1",,"failed","high","medium","ok","medium","high","medium","ok","ok","ok","ok","medium","true","C1","C1: Below 1.5°C with no or limited overshoot","MESSAGEix-GLOBIOM_1.1","EN_NPi2020_600_DR4p","50.75377657905901","30.056297099203675","11.185573162497453","8.68567306613808","504.05934329647346","1.426258695068843","1.611458487180011",
"309","ENGAGE-NPi2020-600-DR4p","MESSAGEix-GLOBIOM 1.1","Final Energy|Residential and Commercial","EJ/yr","[object Object]",2090,27.07121219668148,"1.611458487180011","1.426258695068843","2048","504.05934329647346","555.3196031528233","-6.35274247997586e-8","2100",,"GW1",,"failed","high","medium","ok","medium","high","medium","ok","ok","ok","ok","medium","true","C1","C1: Below 1.5°C with no or limited overshoot","MESSAGEix-GLOBIOM_1.1","EN_NPi2020_600_DR4p","50.75377657905901","30.056297099203675","11.185573162497453","8.68567306613808","504.05934329647346","1.426258695068843","1.611458487180011",
"309","ENGAGE-NPi2020-600-DR4p","MESSAGEix-GLOBIOM 1.1","Final Energy|Residential and Commercial","EJ/yr","[object Object]",2100,28.65491543145145,"1.611458487180011","1.426258695068843","2048","504.05934329647346","555.3196031528233","-6.35274247997586e-8","2100",,"GW1",,"failed","high","medium","ok","medium","high","medium","ok","ok","ok","ok","medium","true","C1","C1: Below 1.5°C with no or limited overshoot","MESSAGEix-GLOBIOM_1.1","EN_NPi2020_600_DR4p","50.75377657905901","30.056297099203675","11.185573162497453","8.68567306613808","504.05934329647346","1.426258695068843","1.611458487180011",
"457","ENGAGE-NPi2020-200f","REMIND-MAgPIE 2.1-4.2","Final Energy|Residential and Commercial","EJ/yr","[object Object]",2010,20.4678,"1.602156473681359","1.307775246435238","2049","821.15609395","164.73321865000003","-408.07419713","2057","2076","GW1",,"failed","high","medium","medium","medium","medium",,"ok","ok","ok","ok","medium","true","C1","C1: Below 1.5°C with no or limited overshoot","REMIND-MAgPIE 2.1-4.2","EN_NPi2020_200f","58.49821495484886","17.177405075540143","24.16358178471573","5.341652445603302","821.15609395","1.307775246435238","1.602156473681359",
"457","ENGAGE-NPi2020-200f","REMIND-MAgPIE 2.1-4.2","Final Energy|Residential and Commercial","EJ/yr","[object Object]",2015,17.7468,"1.602156473681359","1.307775246435238","2049","821.15609395","164.73321865000003","-408.07419713","2057","2076","GW1",,"failed","high","medium","medium","medium","medium",,"ok","ok","ok","ok","medium","true","C1","C1: Below 1.5°C with no or limited overshoot","REMIND-MAgPIE 2.1-4.2","EN_NPi2020_200f","58.49821495484886","17.177405075540143","24.16358178471573","5.341652445603302","821.15609395","1.307775246435238","1.602156473681359",
"457","ENGAGE-NPi2020-200f","REMIND-MAgPIE 2.1-4.2","Final Energy|Residential and Commercial","EJ/yr","[object Object]",2020,18.2367,"1.602156473681359","1.307775246435238","2049","821.15609395","164.73321865000003","-408.07419713","2057","2076","GW1",,"failed","high","medium","medium","medium","medium",,"ok","ok","ok","ok","medium","true","C1","C1: Below 1.5°C with no or limited overshoot","REMIND-MAgPIE 2.1-4.2","EN_NPi2020_200f","58.49821495484886","17.177405075540143","24.16358178471573","5.341652445603302","821.15609395","1.307775246435238","1.602156473681359",
"457","ENGAGE-NPi2020-200f","REMIND-MAgPIE 2.1-4.2","Final Energy|Residential and Commercial","EJ/yr","[object Object]",2025,17.9697,"1.602156473681359","1.307775246435238","2049","821.15609395","164.73321865000003","-408.07419713","2057","2076","GW1",,"failed","high","medium","medium","medium","medium",,"ok","ok","ok","ok","medium","true","C1","C1: Below 1.5°C with no or limited overshoot","REMIND-MAgPIE 2.1-4.2","EN_NPi2020_200f","58.49821495484886","17.177405075540143","24.16358178471573","5.341652445603302","821.15609395","1.307775246435238","1.602156473681359",
"457","ENGAGE-NPi2020-200f","REMIND-MAgPIE 2.1-4.2","Final Energy|Residential and Commercial","EJ/yr","[object Object]",2030,17.5095,"1.602156473681359","1.307775246435238","2049","821.15609395","164.73321865000003","-408.07419713","2057","2076","GW1",,"failed","high","medium","medium","medium","medium",,"ok","ok","ok","ok","medium","true","C1","C1: Below 1.5°C with no or limited overshoot","REMIND-MAgPIE 2.1-4.2","EN_NPi2020_200f","58.49821495484886","17.177405075540143","24.16358178471573","5.341652445603302","821.15609395","1.307775246435238","1.602156473681359",
"457","ENGAGE-NPi2020-200f","REMIND-MAgPIE 2.1-4.2","Final Energy|Residential and Commercial","EJ/yr","[object Object]",2035,16.8367,"1.602156473681359","1.307775246435238","2049","821.15609395","164.73321865000003","-408.07419713","2057","2076","GW1",,"failed","high","medium","medium","medium","medium",,"ok","ok","ok","ok","medium","true","C1","C1: Below 1.5°C with no or limited overshoot","REMIND-MAgPIE 2.1-4.2","EN_NPi2020_200f","58.49821495484886","17.177405075540143","24.16358178471573","5.341652445603302","821.15609395","1.307775246435238","1.602156473681359",
"457","ENGAGE-NPi2020-200f","REMIND-MAgPIE 2.1-4.2","Final Energy|Residential and Commercial","EJ/yr","[object Object]",2040,15.5236,"1.602156473681359","1.307775246435238","2049","821.15609395","164.73321865000003","-408.07419713","2057","2076","GW1",,"failed","high","medium","medium","medium","medium",,"ok","ok","ok","ok","medium","true","C1","C1: Below 1.5°C with no or limited overshoot","REMIND-MAgPIE 2.1-4.2","EN_NPi2020_200f","58.49821495484886","17.177405075540143","24.16358178471573","5.341652445603302","821.15609395","1.307775246435238","1.602156473681359",
"457","ENGAGE-NPi2020-200f","REMIND-MAgPIE 2.1-4.2","Final Energy|Residential and Commercial","EJ/yr","[object Object]",2045,14.8227,"1.602156473681359","1.307775246435238","2049","821.15609395","164.73321865000003","-408.07419713","2057","2076","GW1",,"failed","high","medium","medium","medium","medium",,"ok","ok","ok","ok","medium","true","C1","C1: Below 1.5°C with no or limited overshoot","REMIND-MAgPIE 2.1-4.2","EN_NPi2020_200f","58.49821495484886","17.177405075540143","24.16358178471573","5.341652445603302","821.15609395","1.307775246435238","1.602156473681359",
"457","ENGAGE-NPi2020-200f","REMIND-MAgPIE 2.1-4.2","Final Energy|Residential and Commercial","EJ/yr","[object Object]",2050,13.8404,"1.602156473681359","1.307775246435238","2049","821.15609395","164.73321865000003","-408.07419713","2057","2076","GW1",,"failed","high","medium","medium","medium","medium",,"ok","ok","ok","ok","medium","true","C1","C1: Below 1.5°C with no or limited overshoot","REMIND-MAgPIE 2.1-4.2","EN_NPi2020_200f","58.49821495484886","17.177405075540143","24.16358178471573","5.341652445603302","821.15609395","1.307775246435238","1.602156473681359",
"457","ENGAGE-NPi2020-200f","REMIND-MAgPIE 2.1-4.2","Final Energy|Residential and Commercial","EJ/yr","[object Object]",2055,13.7237,"1.602156473681359","1.307775246435238","2049","821.15609395","164.73321865000003","-408.07419713","2057","2076","GW1",,"failed","high","medium","medium","medium","medium",,"ok","ok","ok","ok","medium","true","C1","C1: Below 1.5°C with no or limited overshoot","REMIND-MAgPIE 2.1-4.2","EN_NPi2020_200f","58.49821495484886","17.177405075540143","24.16358178471573","5.341652445603302","821.15609395","1.307775246435238","1.602156473681359",
"457","ENGAGE-NPi2020-200f","REMIND-MAgPIE 2.1-4.2","Final Energy|Residential and Commercial","EJ/yr","[object Object]",2060,13.6221,"1.602156473681359","1.307775246435238","2049","821.15609395","164.73321865000003","-408.07419713","2057","2076","GW1",,"failed","high","medium","medium","medium","medium",,"ok","ok","ok","ok","medium","true","C1","C1: Below 1.5°C with no or limited overshoot","REMIND-MAgPIE 2.1-4.2","EN_NPi2020_200f","58.49821495484886","17.177405075540143","24.16358178471573","5.341652445603302","821.15609395","1.307775246435238","1.602156473681359",
"457","ENGAGE-NPi2020-200f","REMIND-MAgPIE 2.1-4.2","Final Energy|Residential and Commercial","EJ/yr","[object Object]",2070,13.8366,"1.602156473681359","1.307775246435238","2049","821.15609395","164.73321865000003","-408.07419713","2057","2076","GW1",,"failed","high","medium","medium","medium","medium",,"ok","ok","ok","ok","medium","true","C1","C1: Below 1.5°C with no or limited overshoot","REMIND-MAgPIE 2.1-4.2","EN_NPi2020_200f","58.49821495484886","17.177405075540143","24.16358178471573","5.341652445603302","821.15609395","1.307775246435238","1.602156473681359",
"457","ENGAGE-NPi2020-200f","REMIND-MAgPIE 2.1-4.2","Final Energy|Residential and Commercial","EJ/yr","[object Object]",2080,14.1745,"1.602156473681359","1.307775246435238","2049","821.15609395","164.73321865000003","-408.07419713","2057","2076","GW1",,"failed","high","medium","medium","medium","medium",,"ok","ok","ok","ok","medium","true","C1","C1: Below 1.5°C with no or limited overshoot","REMIND-MAgPIE 2.1-4.2","EN_NPi2020_200f","58.49821495484886","17.177405075540143","24.16358178471573","5.341652445603302","821.15609395","1.307775246435238","1.602156473681359",
"457","ENGAGE-NPi2020-200f","REMIND-MAgPIE 2.1-4.2","Final Energy|Residential and Commercial","EJ/yr","[object Object]",2090,14.4812,"1.602156473681359","1.307775246435238","2049","821.15609395","164.73321865000003","-408.07419713","2057","2076","GW1",,"failed","high","medium","medium","medium","medium",,"ok","ok","ok","ok","medium","true","C1","C1: Below 1.5°C with no or limited overshoot","REMIND-MAgPIE 2.1-4.2","EN_NPi2020_200f","58.49821495484886","17.177405075540143","24.16358178471573","5.341652445603302","821.15609395","1.307775246435238","1.602156473681359",
"457","ENGAGE-NPi2020-200f","REMIND-MAgPIE 2.1-4.2","Final Energy|Residential and Commercial","EJ/yr","[object Object]",2100,14.7466,"1.602156473681359","1.307775246435238","2049","821.15609395","164.73321865000003","-408.07419713","2057","2076","GW1",,"failed","high","medium","medium","medium","medium",,"ok","ok","ok","ok","medium","true","C1","C1: Below 1.5°C with no or limited overshoot","REMIND-MAgPIE 2.1-4.2","EN_NPi2020_200f","58.49821495484886","17.177405075540143","24.16358178471573","5.341652445603302","821.15609395","1.307775246435238","1.602156473681359",
"462","ENGAGE-NPi2020-300f","REMIND-MAgPIE 2.1-4.2","Final Energy|Residential and Commercial","EJ/yr","[object Object]",2010,20.4678,"1.596263683816657","1.312724699773797","2049","758.2003601","265.04323975000017","-333.88200138999997","2059","2081","GW1",,"failed","high","medium","ok","medium","medium",,"ok","ok","ok","ok","medium","true","C1","C1: Below 1.5°C with no or limited overshoot","REMIND-MAgPIE 2.1-4.2","EN_NPi2020_300f","57.4693376605191","18.46309399273494","23.906946286335597","5.099472251353603","758.2003601","1.312724699773797","1.596263683816657",
"462","ENGAGE-NPi2020-300f","REMIND-MAgPIE 2.1-4.2","Final Energy|Residential and Commercial","EJ/yr","[object Object]",2015,17.7468,"1.596263683816657","1.312724699773797","2049","758.2003601","265.04323975000017","-333.88200138999997","2059","2081","GW1",,"failed","high","medium","ok","medium","medium",,"ok","ok","ok","ok","medium","true","C1","C1: Below 1.5°C with no or limited overshoot","REMIND-MAgPIE 2.1-4.2","EN_NPi2020_300f","57.4693376605191","18.46309399273494","23.906946286335597","5.099472251353603","758.2003601","1.312724699773797","1.596263683816657",
"462","ENGAGE-NPi2020-300f","REMIND-MAgPIE 2.1-4.2","Final Energy|Residential and Commercial","EJ/yr","[object Object]",2020,18.2367,"1.596263683816657","1.312724699773797","2049","758.2003601","265.04323975000017","-333.88200138999997","2059","2081","GW1",,"failed","high","medium","ok","medium","medium",,"ok","ok","ok","ok","medium","true","C1","C1: Below 1.5°C with no or limited overshoot","REMIND-MAgPIE 2.1-4.2","EN_NPi2020_300f","57.4693376605191","18.46309399273494","23.906946286335597","5.099472251353603","758.2003601","1.312724699773797","1.596263683816657",
"462","ENGAGE-NPi2020-300f","REMIND-MAgPIE 2.1-4.2","Final Energy|Residential and Commercial","EJ/yr","[object Object]",2025,18.0349,"1.596263683816657","1.312724699773797","2049","758.2003601","265.04323975000017","-333.88200138999997","2059","2081","GW1",,"failed","high","medium","ok","medium","medium",,"ok","ok","ok","ok","medium","true","C1","C1: Below 1.5°C with no or limited overshoot","REMIND-MAgPIE 2.1-4.2","EN_NPi2020_300f","57.4693376605191","18.46309399273494","23.906946286335597","5.099472251353603","758.2003601","1.312724699773797","1.596263683816657",
"462","ENGAGE-NPi2020-300f","REMIND-MAgPIE 2.1-4.2","Final Energy|Residential and Commercial","EJ/yr","[object Object]",2030,17.5963,"1.596263683816657","1.312724699773797","2049","758.2003601","265.04323975000017","-333.88200138999997","2059","2081","GW1",,"failed","high","medium","ok","medium","medium",,"ok","ok","ok","ok","medium","true","C1","C1: Below 1.5°C with no or limited overshoot","REMIND-MAgPIE 2.1-4.2","EN_NPi2020_300f","57.4693376605191","18.46309399273494","23.906946286335597","5.099472251353603","758.2003601","1.312724699773797","1.596263683816657",
"462","ENGAGE-NPi2020-300f","REMIND-MAgPIE 2.1-4.2","Final Energy|Residential and Commercial","EJ/yr","[object Object]",2035,16.8877,"1.596263683816657","1.312724699773797","2049","758.2003601","265.04323975000017","-333.88200138999997","2059","2081","GW1",,"failed","high","medium","ok","medium","medium",,"ok","ok","ok","ok","medium","true","C1","C1: Below 1.5°C with no or limited overshoot","REMIND-MAgPIE 2.1-4.2","EN_NPi2020_300f","57.4693376605191","18.46309399273494","23.906946286335597","5.099472251353603","758.2003601","1.312724699773797","1.596263683816657",
"462","ENGAGE-NPi2020-300f","REMIND-MAgPIE 2.1-4.2","Final Energy|Residential and Commercial","EJ/yr","[object Object]",2040,15.6174,"1.596263683816657","1.312724699773797","2049","758.2003601","265.04323975000017","-333.88200138999997","2059","2081","GW1",,"failed","high","medium","ok","medium","medium",,"ok","ok","ok","ok","medium","true","C1","C1: Below 1.5°C with no or limited overshoot","REMIND-MAgPIE 2.1-4.2","EN_NPi2020_300f","57.4693376605191","18.46309399273494","23.906946286335597","5.099472251353603","758.2003601","1.312724699773797","1.596263683816657",
"462","ENGAGE-NPi2020-300f","REMIND-MAgPIE 2.1-4.2","Final Energy|Residential and Commercial","EJ/yr","[object Object]",2045,14.9003,"1.596263683816657","1.312724699773797","2049","758.2003601","265.04323975000017","-333.88200138999997","2059","2081","GW1",,"failed","high","medium","ok","medium","medium",,"ok","ok","ok","ok","medium","true","C1","C1: Below 1.5°C with no or limited overshoot","REMIND-MAgPIE 2.1-4.2","EN_NPi2020_300f","57.4693376605191","18.46309399273494","23.906946286335597","5.099472251353603","758.2003601","1.312724699773797","1.596263683816657",
"462","ENGAGE-NPi2020-300f","REMIND-MAgPIE 2.1-4.2","Final Energy|Residential and Commercial","EJ/yr","[object Object]",2050,13.8922,"1.596263683816657","1.312724699773797","2049","758.2003601","265.04323975000017","-333.88200138999997","2059","2081","GW1",,"failed","high","medium","ok","medium","medium",,"ok","ok","ok","ok","medium","true","C1","C1: Below 1.5°C with no or limited overshoot","REMIND-MAgPIE 2.1-4.2","EN_NPi2020_300f","57.4693376605191","18.46309399273494","23.906946286335597","5.099472251353603","758.2003601","1.312724699773797","1.596263683816657",
"462","ENGAGE-NPi2020-300f","REMIND-MAgPIE 2.1-4.2","Final Energy|Residential and Commercial","EJ/yr","[object Object]",2055,13.7323,"1.596263683816657","1.312724699773797","2049","758.2003601","265.04323975000017","-333.88200138999997","2059","2081","GW1",,"failed","high","medium","ok","medium","medium",,"ok","ok","ok","ok","medium","true","C1","C1: Below 1.5°C with no or limited overshoot","REMIND-MAgPIE 2.1-4.2","EN_NPi2020_300f","57.4693376605191","18.46309399273494","23.906946286335597","5.099472251353603","758.2003601","1.312724699773797","1.596263683816657",
"462","ENGAGE-NPi2020-300f","REMIND-MAgPIE 2.1-4.2","Final Energy|Residential and Commercial","EJ/yr","[object Object]",2060,13.6502,"1.596263683816657","1.312724699773797","2049","758.2003601","265.04323975000017","-333.88200138999997","2059","2081","GW1",,"failed","high","medium","ok","medium","medium",,"ok","ok","ok","ok","medium","true","C1","C1: Below 1.5°C with no or limited overshoot","REMIND-MAgPIE 2.1-4.2","EN_NPi2020_300f","57.4693376605191","18.46309399273494","23.906946286335597","5.099472251353603","758.2003601","1.312724699773797","1.596263683816657",
"462","ENGAGE-NPi2020-300f","REMIND-MAgPIE 2.1-4.2","Final Energy|Residential and Commercial","EJ/yr","[object Object]",2070,13.9134,"1.596263683816657","1.312724699773797","2049","758.2003601","265.04323975000017","-333.88200138999997","2059","2081","GW1",,"failed","high","medium","ok","medium","medium",,"ok","ok","ok","ok","medium","true","C1","C1: Below 1.5°C with no or limited overshoot","REMIND-MAgPIE 2.1-4.2","EN_NPi2020_300f","57.4693376605191","18.46309399273494","23.906946286335597","5.099472251353603","758.2003601","1.312724699773797","1.596263683816657",
"462","ENGAGE-NPi2020-300f","REMIND-MAgPIE 2.1-4.2","Final Energy|Residential and Commercial","EJ/yr","[object Object]",2080,14.2679,"1.596263683816657","1.312724699773797","2049","758.2003601","265.04323975000017","-333.88200138999997","2059","2081","GW1",,"failed","high","medium","ok","medium","medium",,"ok","ok","ok","ok","medium","true","C1","C1: Below 1.5°C with no or limited overshoot","REMIND-MAgPIE 2.1-4.2","EN_NPi2020_300f","57.4693376605191","18.46309399273494","23.906946286335597","5.099472251353603","758.2003601","1.312724699773797","1.596263683816657",
"462","ENGAGE-NPi2020-300f","REMIND-MAgPIE 2.1-4.2","Final Energy|Residential and Commercial","EJ/yr","[object Object]",2090,14.4674,"1.596263683816657","1.312724699773797","2049","758.2003601","265.04323975000017","-333.88200138999997","2059","2081","GW1",,"failed","high","medium","ok","medium","medium",,"ok","ok","ok","ok","medium","true","C1","C1: Below 1.5°C with no or limited overshoot","REMIND-MAgPIE 2.1-4.2","EN_NPi2020_300f","57.4693376605191","18.46309399273494","23.906946286335597","5.099472251353603","758.2003601","1.312724699773797","1.596263683816657",
"462","ENGAGE-NPi2020-300f","REMIND-MAgPIE 2.1-4.2","Final Energy|Residential and Commercial","EJ/yr","[object Object]",2100,14.7793,"1.596263683816657","1.312724699773797","2049","758.2003601","265.04323975000017","-333.88200138999997","2059","2081","GW1",,"failed","high","medium","ok","medium","medium",,"ok","ok","ok","ok","medium","true","C1","C1: Below 1.5°C with no or limited overshoot","REMIND-MAgPIE 2.1-4.2","EN_NPi2020_300f","57.4693376605191","18.46309399273494","23.906946286335597","5.099472251353603","758.2003601","1.312724699773797","1.596263683816657",
"463","ENGAGE-NPi2020-400","REMIND-MAgPIE 2.1-4.2","Final Energy|Residential and Commercial","EJ/yr","[object Object]",2010,20.4678,"1.503576703408447","1.349139497114513","2038","607.88422795","369.79051400000014","-0.9865014199999999","2047",,"GW0",,"failed","high","medium","medium","medium","ok",,"medium","ok","ok","ok","medium","true","C1","C1: Below 1.5°C with no or limited overshoot","REMIND-MAgPIE 2.1-4.2","EN_NPi2020_400","62.84740675899584","13.724520899115264","23.275666677087568","4.254204335784536","607.88422795","1.349139497114513","1.503576703408447",
"463","ENGAGE-NPi2020-400","REMIND-MAgPIE 2.1-4.2","Final Energy|Residential and Commercial","EJ/yr","[object Object]",2015,17.7468,"1.503576703408447","1.349139497114513","2038","607.88422795","369.79051400000014","-0.9865014199999999","2047",,"GW0",,"failed","high","medium","medium","medium","ok",,"medium","ok","ok","ok","medium","true","C1","C1: Below 1.5°C with no or limited overshoot","REMIND-MAgPIE 2.1-4.2","EN_NPi2020_400","62.84740675899584","13.724520899115264","23.275666677087568","4.254204335784536","607.88422795","1.349139497114513","1.503576703408447",
"463","ENGAGE-NPi2020-400","REMIND-MAgPIE 2.1-4.2","Final Energy|Residential and Commercial","EJ/yr","[object Object]",2020,18.2367,"1.503576703408447","1.349139497114513","2038","607.88422795","369.79051400000014","-0.9865014199999999","2047",,"GW0",,"failed","high","medium","medium","medium","ok",,"medium","ok","ok","ok","medium","true","C1","C1: Below 1.5°C with no or limited overshoot","REMIND-MAgPIE 2.1-4.2","EN_NPi2020_400","62.84740675899584","13.724520899115264","23.275666677087568","4.254204335784536","607.88422795","1.349139497114513","1.503576703408447",
"463","ENGAGE-NPi2020-400","REMIND-MAgPIE 2.1-4.2","Final Energy|Residential and Commercial","EJ/yr","[object Object]",2025,16.8551,"1.503576703408447","1.349139497114513","2038","607.88422795","369.79051400000014","-0.9865014199999999","2047",,"GW0",,"failed","high","medium","medium","medium","ok",,"medium","ok","ok","ok","medium","true","C1","C1: Below 1.5°C with no or limited overshoot","REMIND-MAgPIE 2.1-4.2","EN_NPi2020_400","62.84740675899584","13.724520899115264","23.275666677087568","4.254204335784536","607.88422795","1.349139497114513","1.503576703408447",
"463","ENGAGE-NPi2020-400","REMIND-MAgPIE 2.1-4.2","Final Energy|Residential and Commercial","EJ/yr","[object Object]",2030,16.5099,"1.503576703408447","1.349139497114513","2038","607.88422795","369.79051400000014","-0.9865014199999999","2047",,"GW0",,"failed","high","medium","medium","medium","ok",,"medium","ok","ok","ok","medium","true","C1","C1: Below 1.5°C with no or limited overshoot","REMIND-MAgPIE 2.1-4.2","EN_NPi2020_400","62.84740675899584","13.724520899115264","23.275666677087568","4.254204335784536","607.88422795","1.349139497114513","1.503576703408447",
"463","ENGAGE-NPi2020-400","REMIND-MAgPIE 2.1-4.2","Final Energy|Residential and Commercial","EJ/yr","[object Object]",2035,15.6676,"1.503576703408447","1.349139497114513","2038","607.88422795","369.79051400000014","-0.9865014199999999","2047",,"GW0",,"failed","high","medium","medium","medium","ok",,"medium","ok","ok","ok","medium","true","C1","C1: Below 1.5°C with no or limited overshoot","REMIND-MAgPIE 2.1-4.2","EN_NPi2020_400","62.84740675899584","13.724520899115264","23.275666677087568","4.254204335784536","607.88422795","1.349139497114513","1.503576703408447",
"463","ENGAGE-NPi2020-400","REMIND-MAgPIE 2.1-4.2","Final Energy|Residential and Commercial","EJ/yr","[object Object]",2040,14.726,"1.503576703408447","1.349139497114513","2038","607.88422795","369.79051400000014","-0.9865014199999999","2047",,"GW0",,"failed","high","medium","medium","medium","ok",,"medium","ok","ok","ok","medium","true","C1","C1: Below 1.5°C with no or limited overshoot","REMIND-MAgPIE 2.1-4.2","EN_NPi2020_400","62.84740675899584","13.724520899115264","23.275666677087568","4.254204335784536","607.88422795","1.349139497114513","1.503576703408447",
"463","ENGAGE-NPi2020-400","REMIND-MAgPIE 2.1-4.2","Final Energy|Residential and Commercial","EJ/yr","[object Object]",2045,14.3998,"1.503576703408447","1.349139497114513","2038","607.88422795","369.79051400000014","-0.9865014199999999","2047",,"GW0",,"failed","high","medium","medium","medium","ok",,"medium","ok","ok","ok","medium","true","C1","C1: Below 1.5°C with no or limited overshoot","REMIND-MAgPIE 2.1-4.2","EN_NPi2020_400","62.84740675899584","13.724520899115264","23.275666677087568","4.254204335784536","607.88422795","1.349139497114513","1.503576703408447",
"463","ENGAGE-NPi2020-400","REMIND-MAgPIE 2.1-4.2","Final Energy|Residential and Commercial","EJ/yr","[object Object]",2050,14.1174,"1.503576703408447","1.349139497114513","2038","607.88422795","369.79051400000014","-0.9865014199999999","2047",,"GW0",,"failed","high","medium","medium","medium","ok",,"medium","ok","ok","ok","medium","true","C1","C1: Below 1.5°C with no or limited overshoot","REMIND-MAgPIE 2.1-4.2","EN_NPi2020_400","62.84740675899584","13.724520899115264","23.275666677087568","4.254204335784536","607.88422795","1.349139497114513","1.503576703408447",
"463","ENGAGE-NPi2020-400","REMIND-MAgPIE 2.1-4.2","Final Energy|Residential and Commercial","EJ/yr","[object Object]",2055,13.9468,"1.503576703408447","1.349139497114513","2038","607.88422795","369.79051400000014","-0.9865014199999999","2047",,"GW0",,"failed","high","medium","medium","medium","ok",,"medium","ok","ok","ok","medium","true","C1","C1: Below 1.5°C with no or limited overshoot","REMIND-MAgPIE 2.1-4.2","EN_NPi2020_400","62.84740675899584","13.724520899115264","23.275666677087568","4.254204335784536","607.88422795","1.349139497114513","1.503576703408447",
"463","ENGAGE-NPi2020-400","REMIND-MAgPIE 2.1-4.2","Final Energy|Residential and Commercial","EJ/yr","[object Object]",2060,13.6423,"1.503576703408447","1.349139497114513","2038","607.88422795","369.79051400000014","-0.9865014199999999","2047",,"GW0",,"failed","high","medium","medium","medium","ok",,"medium","ok","ok","ok","medium","true","C1","C1: Below 1.5°C with no or limited overshoot","REMIND-MAgPIE 2.1-4.2","EN_NPi2020_400","62.84740675899584","13.724520899115264","23.275666677087568","4.254204335784536","607.88422795","1.349139497114513","1.503576703408447",
"463","ENGAGE-NPi2020-400","REMIND-MAgPIE 2.1-4.2","Final Energy|Residential and Commercial","EJ/yr","[object Object]",2070,14.1493,"1.503576703408447","1.349139497114513","2038","607.88422795","369.79051400000014","-0.9865014199999999","2047",,"GW0",,"failed","high","medium","medium","medium","ok",,"medium","ok","ok","ok","medium","true","C1","C1: Below 1.5°C with no or limited overshoot","REMIND-MAgPIE 2.1-4.2","EN_NPi2020_400","62.84740675899584","13.724520899115264","23.275666677087568","4.254204335784536","607.88422795","1.349139497114513","1.503576703408447",
"463","ENGAGE-NPi2020-400","REMIND-MAgPIE 2.1-4.2","Final Energy|Residential and Commercial","EJ/yr","[object Object]",2080,14.8814,"1.503576703408447","1.349139497114513","2038","607.88422795","369.79051400000014","-0.9865014199999999","2047",,"GW0",,"failed","high","medium","medium","medium","ok",,"medium","ok","ok","ok","medium","true","C1","C1: Below 1.5°C with no or limited overshoot","REMIND-MAgPIE 2.1-4.2","EN_NPi2020_400","62.84740675899584","13.724520899115264","23.275666677087568","4.254204335784536","607.88422795","1.349139497114513","1.503576703408447",
"463","ENGAGE-NPi2020-400","REMIND-MAgPIE 2.1-4.2","Final Energy|Residential and Commercial","EJ/yr","[object Object]",2090,15.1456,"1.503576703408447","1.349139497114513","2038","607.88422795","369.79051400000014","-0.9865014199999999","2047",,"GW0",,"failed","high","medium","medium","medium","ok",,"medium","ok","ok","ok","medium","true","C1","C1: Below 1.5°C with no or limited overshoot","REMIND-MAgPIE 2.1-4.2","EN_NPi2020_400","62.84740675899584","13.724520899115264","23.275666677087568","4.254204335784536","607.88422795","1.349139497114513","1.503576703408447",
"463","ENGAGE-NPi2020-400","REMIND-MAgPIE 2.1-4.2","Final Energy|Residential and Commercial","EJ/yr","[object Object]",2100,15.1539,"1.503576703408447","1.349139497114513","2038","607.88422795","369.79051400000014","-0.9865014199999999","2047",,"GW0",,"failed","high","medium","medium","medium","ok",,"medium","ok","ok","ok","medium","true","C1","C1: Below 1.5°C with no or limited overshoot","REMIND-MAgPIE 2.1-4.2","EN_NPi2020_400","62.84740675899584","13.724520899115264","23.275666677087568","4.254204335784536","607.88422795","1.349139497114513","1.503576703408447",
"465","ENGAGE-NPi2020-500","REMIND-MAgPIE 2.1-4.2","Final Energy|Residential and Commercial","EJ/yr","[object Object]",2010,20.4678,"1.541426670448036","1.394676078943034","2048","562.5690601","467.14300269999995","-0.06773364","2067",,"GW1",,"failed","high","medium","medium","medium","ok",,"medium","ok","ok","ok","medium","true","C1","C1: Below 1.5°C with no or limited overshoot","REMIND-MAgPIE 2.1-4.2","EN_NPi2020_500","59.281187441426454","16.01479241433334","24.545934818647186","4.223696101532056","562.5690601","1.394676078943034","1.541426670448036",
"465","ENGAGE-NPi2020-500","REMIND-MAgPIE 2.1-4.2","Final Energy|Residential and Commercial","EJ/yr","[object Object]",2015,17.7468,"1.541426670448036","1.394676078943034","2048","562.5690601","467.14300269999995","-0.06773364","2067",,"GW1",,"failed","high","medium","medium","medium","ok",,"medium","ok","ok","ok","medium","true","C1","C1: Below 1.5°C with no or limited overshoot","REMIND-MAgPIE 2.1-4.2","EN_NPi2020_500","59.281187441426454","16.01479241433334","24.545934818647186","4.223696101532056","562.5690601","1.394676078943034","1.541426670448036",
"465","ENGAGE-NPi2020-500","REMIND-MAgPIE 2.1-4.2","Final Energy|Residential and Commercial","EJ/yr","[object Object]",2020,18.2367,"1.541426670448036","1.394676078943034","2048","562.5690601","467.14300269999995","-0.06773364","2067",,"GW1",,"failed","high","medium","medium","medium","ok",,"medium","ok","ok","ok","medium","true","C1","C1: Below 1.5°C with no or limited overshoot","REMIND-MAgPIE 2.1-4.2","EN_NPi2020_500","59.281187441426454","16.01479241433334","24.545934818647186","4.223696101532056","562.5690601","1.394676078943034","1.541426670448036",
"465","ENGAGE-NPi2020-500","REMIND-MAgPIE 2.1-4.2","Final Energy|Residential and Commercial","EJ/yr","[object Object]",2025,17.44,"1.541426670448036","1.394676078943034","2048","562.5690601","467.14300269999995","-0.06773364","2067",,"GW1",,"failed","high","medium","medium","medium","ok",,"medium","ok","ok","ok","medium","true","C1","C1: Below 1.5°C with no or limited overshoot","REMIND-MAgPIE 2.1-4.2","EN_NPi2020_500","59.281187441426454","16.01479241433334","24.545934818647186","4.223696101532056","562.5690601","1.394676078943034","1.541426670448036",
"465","ENGAGE-NPi2020-500","REMIND-MAgPIE 2.1-4.2","Final Energy|Residential and Commercial","EJ/yr","[object Object]",2030,17.1449,"1.541426670448036","1.394676078943034","2048","562.5690601","467.14300269999995","-0.06773364","2067",,"GW1",,"failed","high","medium","medium","medium","ok",,"medium","ok","ok","ok","medium","true","C1","C1: Below 1.5°C with no or limited overshoot","REMIND-MAgPIE 2.1-4.2","EN_NPi2020_500","59.281187441426454","16.01479241433334","24.545934818647186","4.223696101532056","562.5690601","1.394676078943034","1.541426670448036",
"465","ENGAGE-NPi2020-500","REMIND-MAgPIE 2.1-4.2","Final Energy|Residential and Commercial","EJ/yr","[object Object]",2035,16.367,"1.541426670448036","1.394676078943034","2048","562.5690601","467.14300269999995","-0.06773364","2067",,"GW1",,"failed","high","medium","medium","medium","ok",,"medium","ok","ok","ok","medium","true","C1","C1: Below 1.5°C with no or limited overshoot","REMIND-MAgPIE 2.1-4.2","EN_NPi2020_500","59.281187441426454","16.01479241433334","24.545934818647186","4.223696101532056","562.5690601","1.394676078943034","1.541426670448036",
"465","ENGAGE-NPi2020-500","REMIND-MAgPIE 2.1-4.2","Final Energy|Residential and Commercial","EJ/yr","[object Object]",2040,14.8693,"1.541426670448036","1.394676078943034","2048","562.5690601","467.14300269999995","-0.06773364","2067",,"GW1",,"failed","high","medium","medium","medium","ok",,"medium","ok","ok","ok","medium","true","C1","C1: Below 1.5°C with no or limited overshoot","REMIND-MAgPIE 2.1-4.2","EN_NPi2020_500","59.281187441426454","16.01479241433334","24.545934818647186","4.223696101532056","562.5690601","1.394676078943034","1.541426670448036",
"465","ENGAGE-NPi2020-500","REMIND-MAgPIE 2.1-4.2","Final Energy|Residential and Commercial","EJ/yr","[object Object]",2045,14.4314,"1.541426670448036","1.394676078943034","2048","562.5690601","467.14300269999995","-0.06773364","2067",,"GW1",,"failed","high","medium","medium","medium","ok",,"medium","ok","ok","ok","medium","true","C1","C1: Below 1.5°C with no or limited overshoot","REMIND-MAgPIE 2.1-4.2","EN_NPi2020_500","59.281187441426454","16.01479241433334","24.545934818647186","4.223696101532056","562.5690601","1.394676078943034","1.541426670448036",
"465","ENGAGE-NPi2020-500","REMIND-MAgPIE 2.1-4.2","Final Energy|Residential and Commercial","EJ/yr","[object Object]",2050,13.9649,"1.541426670448036","1.394676078943034","2048","562.5690601","467.14300269999995","-0.06773364","2067",,"GW1",,"failed","high","medium","medium","medium","ok",,"medium","ok","ok","ok","medium","true","C1","C1: Below 1.5°C with no or limited overshoot","REMIND-MAgPIE 2.1-4.2","EN_NPi2020_500","59.281187441426454","16.01479241433334","24.545934818647186","4.223696101532056","562.5690601","1.394676078943034","1.541426670448036",
"465","ENGAGE-NPi2020-500","REMIND-MAgPIE 2.1-4.2","Final Energy|Residential and Commercial","EJ/yr","[object Object]",2055,13.6477,"1.541426670448036","1.394676078943034","2048","562.5690601","467.14300269999995","-0.06773364","2067",,"GW1",,"failed","high","medium","medium","medium","ok",,"medium","ok","ok","ok","medium","true","C1","C1: Below 1.5°C with no or limited overshoot","REMIND-MAgPIE 2.1-4.2","EN_NPi2020_500","59.281187441426454","16.01479241433334","24.545934818647186","4.223696101532056","562.5690601","1.394676078943034","1.541426670448036",
"465","ENGAGE-NPi2020-500","REMIND-MAgPIE 2.1-4.2","Final Energy|Residential and Commercial","EJ/yr","[object Object]",2060,13.6576,"1.541426670448036","1.394676078943034","2048","562.5690601","467.14300269999995","-0.06773364","2067",,"GW1",,"failed","high","medium","medium","medium","ok",,"medium","ok","ok","ok","medium","true","C1","C1: Below 1.5°C with no or limited overshoot","REMIND-MAgPIE 2.1-4.2","EN_NPi2020_500","59.281187441426454","16.01479241433334","24.545934818647186","4.223696101532056","562.5690601","1.394676078943034","1.541426670448036",
"465","ENGAGE-NPi2020-500","REMIND-MAgPIE 2.1-4.2","Final Energy|Residential and Commercial","EJ/yr","[object Object]",2070,14.027,"1.541426670448036","1.394676078943034","2048","562.5690601","467.14300269999995","-0.06773364","2067",,"GW1",,"failed","high","medium","medium","medium","ok",,"medium","ok","ok","ok","medium","true","C1","C1: Below 1.5°C with no or limited overshoot","REMIND-MAgPIE 2.1-4.2","EN_NPi2020_500","59.281187441426454","16.01479241433334","24.545934818647186","4.223696101532056","562.5690601","1.394676078943034","1.541426670448036",
"465","ENGAGE-NPi2020-500","REMIND-MAgPIE 2.1-4.2","Final Energy|Residential and Commercial","EJ/yr","[object Object]",2080,14.7551,"1.541426670448036","1.394676078943034","2048","562.5690601","467.14300269999995","-0.06773364","2067",,"GW1",,"failed","high","medium","medium","medium","ok",,"medium","ok","ok","ok","medium","true","C1","C1: Below 1.5°C with no or limited overshoot","REMIND-MAgPIE 2.1-4.2","EN_NPi2020_500","59.281187441426454","16.01479241433334","24.545934818647186","4.223696101532056","562.5690601","1.394676078943034","1.541426670448036",
"465","ENGAGE-NPi2020-500","REMIND-MAgPIE 2.1-4.2","Final Energy|Residential and Commercial","EJ/yr","[object Object]",2090,15.1276,"1.541426670448036","1.394676078943034","2048","562.5690601","467.14300269999995","-0.06773364","2067",,"GW1",,"failed","high","medium","medium","medium","ok",,"medium","ok","ok","ok","medium","true","C1","C1: Below 1.5°C with no or limited overshoot","REMIND-MAgPIE 2.1-4.2","EN_NPi2020_500","59.281187441426454","16.01479241433334","24.545934818647186","4.223696101532056","562.5690601","1.394676078943034","1.541426670448036",
"465","ENGAGE-NPi2020-500","REMIND-MAgPIE 2.1-4.2","Final Energy|Residential and Commercial","EJ/yr","[object Object]",2100,15.0443,"1.541426670448036","1.394676078943034","2048","562.5690601","467.14300269999995","-0.06773364","2067",,"GW1",,"failed","high","medium","medium","medium","ok",,"medium","ok","ok","ok","medium","true","C1","C1: Below 1.5°C with no or limited overshoot","REMIND-MAgPIE 2.1-4.2","EN_NPi2020_500","59.281187441426454","16.01479241433334","24.545934818647186","4.223696101532056","562.5690601","1.394676078943034","1.541426670448036",
"467","ENGAGE-NPi2020-600","REMIND-MAgPIE 2.1-4.2","Final Energy|Residential and Commercial","EJ/yr","[object Object]",2010,20.4678,"1.582455035373355","1.451344207536552","2049","523.7381632","566.3838529999999","-1.24003842","2064",,"GW1",,"failed","high","medium","medium","medium","ok",,"ok","ok","ok","ok","medium","true","C1","C1: Below 1.5°C with no or limited overshoot","REMIND-MAgPIE 2.1-4.2","EN_NPi2020_600","58.580293885303035","17.23668196152993","24.021090738694205","4.209031101984195","523.7381632","1.451344207536552","1.582455035373355",
"467","ENGAGE-NPi2020-600","REMIND-MAgPIE 2.1-4.2","Final Energy|Residential and Commercial","EJ/yr","[object Object]",2015,17.7468,"1.582455035373355","1.451344207536552","2049","523.7381632","566.3838529999999","-1.24003842","2064",,"GW1",,"failed","high","medium","medium","medium","ok",,"ok","ok","ok","ok","medium","true","C1","C1: Below 1.5°C with no or limited overshoot","REMIND-MAgPIE 2.1-4.2","EN_NPi2020_600","58.580293885303035","17.23668196152993","24.021090738694205","4.209031101984195","523.7381632","1.451344207536552","1.582455035373355",
"467","ENGAGE-NPi2020-600","REMIND-MAgPIE 2.1-4.2","Final Energy|Residential and Commercial","EJ/yr","[object Object]",2020,18.2367,"1.582455035373355","1.451344207536552","2049","523.7381632","566.3838529999999","-1.24003842","2064",,"GW1",,"failed","high","medium","medium","medium","ok",,"ok","ok","ok","ok","medium","true","C1","C1: Below 1.5°C with no or limited overshoot","REMIND-MAgPIE 2.1-4.2","EN_NPi2020_600","58.580293885303035","17.23668196152993","24.021090738694205","4.209031101984195","523.7381632","1.451344207536552","1.582455035373355",
"467","ENGAGE-NPi2020-600","REMIND-MAgPIE 2.1-4.2","Final Energy|Residential and Commercial","EJ/yr","[object Object]",2025,17.9127,"1.582455035373355","1.451344207536552","2049","523.7381632","566.3838529999999","-1.24003842","2064",,"GW1",,"failed","high","medium","medium","medium","ok",,"ok","ok","ok","ok","medium","true","C1","C1: Below 1.5°C with no or limited overshoot","REMIND-MAgPIE 2.1-4.2","EN_NPi2020_600","58.580293885303035","17.23668196152993","24.021090738694205","4.209031101984195","523.7381632","1.451344207536552","1.582455035373355",
"467","ENGAGE-NPi2020-600","REMIND-MAgPIE 2.1-4.2","Final Energy|Residential and Commercial","EJ/yr","[object Object]",2030,17.4191,"1.582455035373355","1.451344207536552","2049","523.7381632","566.3838529999999","-1.24003842","2064",,"GW1",,"failed","high","medium","medium","medium","ok",,"ok","ok","ok","ok","medium","true","C1","C1: Below 1.5°C with no or limited overshoot","REMIND-MAgPIE 2.1-4.2","EN_NPi2020_600","58.580293885303035","17.23668196152993","24.021090738694205","4.209031101984195","523.7381632","1.451344207536552","1.582455035373355",
"467","ENGAGE-NPi2020-600","REMIND-MAgPIE 2.1-4.2","Final Energy|Residential and Commercial","EJ/yr","[object Object]",2035,16.775,"1.582455035373355","1.451344207536552","2049","523.7381632","566.3838529999999","-1.24003842","2064",,"GW1",,"failed","high","medium","medium","medium","ok",,"ok","ok","ok","ok","medium","true","C1","C1: Below 1.5°C with no or limited overshoot","REMIND-MAgPIE 2.1-4.2","EN_NPi2020_600","58.580293885303035","17.23668196152993","24.021090738694205","4.209031101984195","523.7381632","1.451344207536552","1.582455035373355",
"467","ENGAGE-NPi2020-600","REMIND-MAgPIE 2.1-4.2","Final Energy|Residential and Commercial","EJ/yr","[object Object]",2040,15.418,"1.582455035373355","1.451344207536552","2049","523.7381632","566.3838529999999","-1.24003842","2064",,"GW1",,"failed","high","medium","medium","medium","ok",,"ok","ok","ok","ok","medium","true","C1","C1: Below 1.5°C with no or limited overshoot","REMIND-MAgPIE 2.1-4.2","EN_NPi2020_600","58.580293885303035","17.23668196152993","24.021090738694205","4.209031101984195","523.7381632","1.451344207536552","1.582455035373355",
"467","ENGAGE-NPi2020-600","REMIND-MAgPIE 2.1-4.2","Final Energy|Residential and Commercial","EJ/yr","[object Object]",2045,14.7154,"1.582455035373355","1.451344207536552","2049","523.7381632","566.3838529999999","-1.24003842","2064",,"GW1",,"failed","high","medium","medium","medium","ok",,"ok","ok","ok","ok","medium","true","C1","C1: Below 1.5°C with no or limited overshoot","REMIND-MAgPIE 2.1-4.2","EN_NPi2020_600","58.580293885303035","17.23668196152993","24.021090738694205","4.209031101984195","523.7381632","1.451344207536552","1.582455035373355",
"467","ENGAGE-NPi2020-600","REMIND-MAgPIE 2.1-4.2","Final Energy|Residential and Commercial","EJ/yr","[object Object]",2050,13.7773,"1.582455035373355","1.451344207536552","2049","523.7381632","566.3838529999999","-1.24003842","2064",,"GW1",,"failed","high","medium","medium","medium","ok",,"ok","ok","ok","ok","medium","true","C1","C1: Below 1.5°C with no or limited overshoot","REMIND-MAgPIE 2.1-4.2","EN_NPi2020_600","58.580293885303035","17.23668196152993","24.021090738694205","4.209031101984195","523.7381632","1.451344207536552","1.582455035373355",
"467","ENGAGE-NPi2020-600","REMIND-MAgPIE 2.1-4.2","Final Energy|Residential and Commercial","EJ/yr","[object Object]",2055,13.5953,"1.582455035373355","1.451344207536552","2049","523.7381632","566.3838529999999","-1.24003842","2064",,"GW1",,"failed","high","medium","medium","medium","ok",,"ok","ok","ok","ok","medium","true","C1","C1: Below 1.5°C with no or limited overshoot","REMIND-MAgPIE 2.1-4.2","EN_NPi2020_600","58.580293885303035","17.23668196152993","24.021090738694205","4.209031101984195","523.7381632","1.451344207536552","1.582455035373355",
"467","ENGAGE-NPi2020-600","REMIND-MAgPIE 2.1-4.2","Final Energy|Residential and Commercial","EJ/yr","[object Object]",2060,13.6556,"1.582455035373355","1.451344207536552","2049","523.7381632","566.3838529999999","-1.24003842","2064",,"GW1",,"failed","high","medium","medium","medium","ok",,"ok","ok","ok","ok","medium","true","C1","C1: Below 1.5°C with no or limited overshoot","REMIND-MAgPIE 2.1-4.2","EN_NPi2020_600","58.580293885303035","17.23668196152993","24.021090738694205","4.209031101984195","523.7381632","1.451344207536552","1.582455035373355",
"467","ENGAGE-NPi2020-600","REMIND-MAgPIE 2.1-4.2","Final Energy|Residential and Commercial","EJ/yr","[object Object]",2070,14.0275,"1.582455035373355","1.451344207536552","2049","523.7381632","566.3838529999999","-1.24003842","2064",,"GW1",,"failed","high","medium","medium","medium","ok",,"ok","ok","ok","ok","medium","true","C1","C1: Below 1.5°C with no or limited overshoot","REMIND-MAgPIE 2.1-4.2","EN_NPi2020_600","58.580293885303035","17.23668196152993","24.021090738694205","4.209031101984195","523.7381632","1.451344207536552","1.582455035373355",
"467","ENGAGE-NPi2020-600","REMIND-MAgPIE 2.1-4.2","Final Energy|Residential and Commercial","EJ/yr","[object Object]",2080,14.6933,"1.582455035373355","1.451344207536552","2049","523.7381632","566.3838529999999","-1.24003842","2064",,"GW1",,"failed","high","medium","medium","medium","ok",,"ok","ok","ok","ok","medium","true","C1","C1: Below 1.5°C with no or limited overshoot","REMIND-MAgPIE 2.1-4.2","EN_NPi2020_600","58.580293885303035","17.23668196152993","24.021090738694205","4.209031101984195","523.7381632","1.451344207536552","1.582455035373355",
"467","ENGAGE-NPi2020-600","REMIND-MAgPIE 2.1-4.2","Final Energy|Residential and Commercial","EJ/yr","[object Object]",2090,15.0333,"1.582455035373355","1.451344207536552","2049","523.7381632","566.3838529999999","-1.24003842","2064",,"GW1",,"failed","high","medium","medium","medium","ok",,"ok","ok","ok","ok","medium","true","C1","C1: Below 1.5°C with no or limited overshoot","REMIND-MAgPIE 2.1-4.2","EN_NPi2020_600","58.580293885303035","17.23668196152993","24.021090738694205","4.209031101984195","523.7381632","1.451344207536552","1.582455035373355",
"467","ENGAGE-NPi2020-600","REMIND-MAgPIE 2.1-4.2","Final Energy|Residential and Commercial","EJ/yr","[object Object]",2100,15.0735,"1.582455035373355","1.451344207536552","2049","523.7381632","566.3838529999999","-1.24003842","2064",,"GW1",,"failed","high","medium","medium","medium","ok",,"ok","ok","ok","ok","medium","true","C1","C1: Below 1.5°C with no or limited overshoot","REMIND-MAgPIE 2.1-4.2","EN_NPi2020_600","58.580293885303035","17.23668196152993","24.021090738694205","4.209031101984195","523.7381632","1.451344207536552","1.582455035373355",
"468","ENGAGE-NPi2020-600-COV","REMIND-MAgPIE 2.1-4.2","Final Energy|Residential and Commercial","EJ/yr","[object Object]",2010,20.4283,"1.5761104297372","1.453757973775256","2049","502.57437330000005","572.1138673500001","-0.84086032","2065",,"GW1",,"failed","high","medium","ok","medium","medium",,"ok","ok","ok","ok","medium","true","C1","C1: Below 1.5°C with no or limited overshoot","REMIND-MAgPIE 2.1-4.2","EN_NPi2020_600_COV","53.43407303283687","19.961344068795153","26.44313753863009","4.179982022931199","502.57437330000005","1.453757973775256","1.5761104297372",
"468","ENGAGE-NPi2020-600-COV","REMIND-MAgPIE 2.1-4.2","Final Energy|Residential and Commercial","EJ/yr","[object Object]",2015,17.7176,"1.5761104297372","1.453757973775256","2049","502.57437330000005","572.1138673500001","-0.84086032","2065",,"GW1",,"failed","high","medium","ok","medium","medium",,"ok","ok","ok","ok","medium","true","C1","C1: Below 1.5°C with no or limited overshoot","REMIND-MAgPIE 2.1-4.2","EN_NPi2020_600_COV","53.43407303283687","19.961344068795153","26.44313753863009","4.179982022931199","502.57437330000005","1.453757973775256","1.5761104297372",
"468","ENGAGE-NPi2020-600-COV","REMIND-MAgPIE 2.1-4.2","Final Energy|Residential and Commercial","EJ/yr","[object Object]",2020,18.0076,"1.5761104297372","1.453757973775256","2049","502.57437330000005","572.1138673500001","-0.84086032","2065",,"GW1",,"failed","high","medium","ok","medium","medium",,"ok","ok","ok","ok","medium","true","C1","C1: Below 1.5°C with no or limited overshoot","REMIND-MAgPIE 2.1-4.2","EN_NPi2020_600_COV","53.43407303283687","19.961344068795153","26.44313753863009","4.179982022931199","502.57437330000005","1.453757973775256","1.5761104297372",
"468","ENGAGE-NPi2020-600-COV","REMIND-MAgPIE 2.1-4.2","Final Energy|Residential and Commercial","EJ/yr","[object Object]",2025,17.8426,"1.5761104297372","1.453757973775256","2049","502.57437330000005","572.1138673500001","-0.84086032","2065",,"GW1",,"failed","high","medium","ok","medium","medium",,"ok","ok","ok","ok","medium","true","C1","C1: Below 1.5°C with no or limited overshoot","REMIND-MAgPIE 2.1-4.2","EN_NPi2020_600_COV","53.43407303283687","19.961344068795153","26.44313753863009","4.179982022931199","502.57437330000005","1.453757973775256","1.5761104297372",
"468","ENGAGE-NPi2020-600-COV","REMIND-MAgPIE 2.1-4.2","Final Energy|Residential and Commercial","EJ/yr","[object Object]",2030,17.4862,"1.5761104297372","1.453757973775256","2049","502.57437330000005","572.1138673500001","-0.84086032","2065",,"GW1",,"failed","high","medium","ok","medium","medium",,"ok","ok","ok","ok","medium","true","C1","C1: Below 1.5°C with no or limited overshoot","REMIND-MAgPIE 2.1-4.2","EN_NPi2020_600_COV","53.43407303283687","19.961344068795153","26.44313753863009","4.179982022931199","502.57437330000005","1.453757973775256","1.5761104297372",
"468","ENGAGE-NPi2020-600-COV","REMIND-MAgPIE 2.1-4.2","Final Energy|Residential and Commercial","EJ/yr","[object Object]",2035,16.744,"1.5761104297372","1.453757973775256","2049","502.57437330000005","572.1138673500001","-0.84086032","2065",,"GW1",,"failed","high","medium","ok","medium","medium",,"ok","ok","ok","ok","medium","true","C1","C1: Below 1.5°C with no or limited overshoot","REMIND-MAgPIE 2.1-4.2","EN_NPi2020_600_COV","53.43407303283687","19.961344068795153","26.44313753863009","4.179982022931199","502.57437330000005","1.453757973775256","1.5761104297372",
"468","ENGAGE-NPi2020-600-COV","REMIND-MAgPIE 2.1-4.2","Final Energy|Residential and Commercial","EJ/yr","[object Object]",2040,15.4413,"1.5761104297372","1.453757973775256","2049","502.57437330000005","572.1138673500001","-0.84086032","2065",,"GW1",,"failed","high","medium","ok","medium","medium",,"ok","ok","ok","ok","medium","true","C1","C1: Below 1.5°C with no or limited overshoot","REMIND-MAgPIE 2.1-4.2","EN_NPi2020_600_COV","53.43407303283687","19.961344068795153","26.44313753863009","4.179982022931199","502.57437330000005","1.453757973775256","1.5761104297372",
"468","ENGAGE-NPi2020-600-COV","REMIND-MAgPIE 2.1-4.2","Final Energy|Residential and Commercial","EJ/yr","[object Object]",2045,14.6505,"1.5761104297372","1.453757973775256","2049","502.57437330000005","572.1138673500001","-0.84086032","2065",,"GW1",,"failed","high","medium","ok","medium","medium",,"ok","ok","ok","ok","medium","true","C1","C1: Below 1.5°C with no or limited overshoot","REMIND-MAgPIE 2.1-4.2","EN_NPi2020_600_COV","53.43407303283687","19.961344068795153","26.44313753863009","4.179982022931199","502.57437330000005","1.453757973775256","1.5761104297372",
"468","ENGAGE-NPi2020-600-COV","REMIND-MAgPIE 2.1-4.2","Final Energy|Residential and Commercial","EJ/yr","[object Object]",2050,13.6459,"1.5761104297372","1.453757973775256","2049","502.57437330000005","572.1138673500001","-0.84086032","2065",,"GW1",,"failed","high","medium","ok","medium","medium",,"ok","ok","ok","ok","medium","true","C1","C1: Below 1.5°C with no or limited overshoot","REMIND-MAgPIE 2.1-4.2","EN_NPi2020_600_COV","53.43407303283687","19.961344068795153","26.44313753863009","4.179982022931199","502.57437330000005","1.453757973775256","1.5761104297372",
"468","ENGAGE-NPi2020-600-COV","REMIND-MAgPIE 2.1-4.2","Final Energy|Residential and Commercial","EJ/yr","[object Object]",2055,13.426,"1.5761104297372","1.453757973775256","2049","502.57437330000005","572.1138673500001","-0.84086032","2065",,"GW1",,"failed","high","medium","ok","medium","medium",,"ok","ok","ok","ok","medium","true","C1","C1: Below 1.5°C with no or limited overshoot","REMIND-MAgPIE 2.1-4.2","EN_NPi2020_600_COV","53.43407303283687","19.961344068795153","26.44313753863009","4.179982022931199","502.57437330000005","1.453757973775256","1.5761104297372",
"468","ENGAGE-NPi2020-600-COV","REMIND-MAgPIE 2.1-4.2","Final Energy|Residential and Commercial","EJ/yr","[object Object]",2060,13.4352,"1.5761104297372","1.453757973775256","2049","502.57437330000005","572.1138673500001","-0.84086032","2065",,"GW1",,"failed","high","medium","ok","medium","medium",,"ok","ok","ok","ok","medium","true","C1","C1: Below 1.5°C with no or limited overshoot","REMIND-MAgPIE 2.1-4.2","EN_NPi2020_600_COV","53.43407303283687","19.961344068795153","26.44313753863009","4.179982022931199","502.57437330000005","1.453757973775256","1.5761104297372",
"468","ENGAGE-NPi2020-600-COV","REMIND-MAgPIE 2.1-4.2","Final Energy|Residential and Commercial","EJ/yr","[object Object]",2070,13.8721,"1.5761104297372","1.453757973775256","2049","502.57437330000005","572.1138673500001","-0.84086032","2065",,"GW1",,"failed","high","medium","ok","medium","medium",,"ok","ok","ok","ok","medium","true","C1","C1: Below 1.5°C with no or limited overshoot","REMIND-MAgPIE 2.1-4.2","EN_NPi2020_600_COV","53.43407303283687","19.961344068795153","26.44313753863009","4.179982022931199","502.57437330000005","1.453757973775256","1.5761104297372",
"468","ENGAGE-NPi2020-600-COV","REMIND-MAgPIE 2.1-4.2","Final Energy|Residential and Commercial","EJ/yr","[object Object]",2080,14.4021,"1.5761104297372","1.453757973775256","2049","502.57437330000005","572.1138673500001","-0.84086032","2065",,"GW1",,"failed","high","medium","ok","medium","medium",,"ok","ok","ok","ok","medium","true","C1","C1: Below 1.5°C with no or limited overshoot","REMIND-MAgPIE 2.1-4.2","EN_NPi2020_600_COV","53.43407303283687","19.961344068795153","26.44313753863009","4.179982022931199","502.57437330000005","1.453757973775256","1.5761104297372",
"468","ENGAGE-NPi2020-600-COV","REMIND-MAgPIE 2.1-4.2","Final Energy|Residential and Commercial","EJ/yr","[object Object]",2090,14.6646,"1.5761104297372","1.453757973775256","2049","502.57437330000005","572.1138673500001","-0.84086032","2065",,"GW1",,"failed","high","medium","ok","medium","medium",,"ok","ok","ok","ok","medium","true","C1","C1: Below 1.5°C with no or limited overshoot","REMIND-MAgPIE 2.1-4.2","EN_NPi2020_600_COV","53.43407303283687","19.961344068795153","26.44313753863009","4.179982022931199","502.57437330000005","1.453757973775256","1.5761104297372",
"468","ENGAGE-NPi2020-600-COV","REMIND-MAgPIE 2.1-4.2","Final Energy|Residential and Commercial","EJ/yr","[object Object]",2100,14.871,"1.5761104297372","1.453757973775256","2049","502.57437330000005","572.1138673500001","-0.84086032","2065",,"GW1",,"failed","high","medium","ok","medium","medium",,"ok","ok","ok","ok","medium","true","C1","C1: Below 1.5°C with no or limited overshoot","REMIND-MAgPIE 2.1-4.2","EN_NPi2020_600_COV","53.43407303283687","19.961344068795153","26.44313753863009","4.179982022931199","502.57437330000005","1.453757973775256","1.5761104297372",
"486","ENGAGE-Feasibility-Maximum-Effort/Cost-Effective","AIM/CGE V2.2","Final Energy|Residential and Commercial","EJ/yr","[object Object]",2010,20.644799999999996,"1.563046375184554","1.449726713727781","2038","914.6856216000001","410.99601759999996","-98.7671383","2046",,"GW1",,"failed","high","medium","medium","medium","high","ok","ok","ok","ok",,"medium",,"C1","C1: Below 1.5°C with no or limited overshoot",,,"0","33.85189564703274","36.555374268773136",,"914.6856216000001","1.449726713727781","1.563046375184554",
"486","ENGAGE-Feasibility-Maximum-Effort/Cost-Effective","AIM/CGE V2.2","Final Energy|Residential and Commercial","EJ/yr","[object Object]",2015,18.422500000000003,"1.563046375184554","1.449726713727781","2038","914.6856216000001","410.99601759999996","-98.7671383","2046",,"GW1",,"failed","high","medium","medium","medium","high","ok","ok","ok","ok",,"medium",,"C1","C1: Below 1.5°C with no or limited overshoot",,,"0","33.85189564703274","36.555374268773136",,"914.6856216000001","1.449726713727781","1.563046375184554",
"486","ENGAGE-Feasibility-Maximum-Effort/Cost-Effective","AIM/CGE V2.2","Final Energy|Residential and Commercial","EJ/yr","[object Object]",2020,18.4894,"1.563046375184554","1.449726713727781","2038","914.6856216000001","410.99601759999996","-98.7671383","2046",,"GW1",,"failed","high","medium","medium","medium","high","ok","ok","ok","ok",,"medium",,"C1","C1: Below 1.5°C with no or limited overshoot",,,"0","33.85189564703274","36.555374268773136",,"914.6856216000001","1.449726713727781","1.563046375184554",
"486","ENGAGE-Feasibility-Maximum-Effort/Cost-Effective","AIM/CGE V2.2","Final Energy|Residential and Commercial","EJ/yr","[object Object]",2025,17.222,"1.563046375184554","1.449726713727781","2038","914.6856216000001","410.99601759999996","-98.7671383","2046",,"GW1",,"failed","high","medium","medium","medium","high","ok","ok","ok","ok",,"medium",,"C1","C1: Below 1.5°C with no or limited overshoot",,,"0","33.85189564703274","36.555374268773136",,"914.6856216000001","1.449726713727781","1.563046375184554",
"486","ENGAGE-Feasibility-Maximum-Effort/Cost-Effective","AIM/CGE V2.2","Final Energy|Residential and Commercial","EJ/yr","[object Object]",2030,16.5488,"1.563046375184554","1.449726713727781","2038","914.6856216000001","410.99601759999996","-98.7671383","2046",,"GW1",,"failed","high","medium","medium","medium","high","ok","ok","ok","ok",,"medium",,"C1","C1: Below 1.5°C with no or limited overshoot",,,"0","33.85189564703274","36.555374268773136",,"914.6856216000001","1.449726713727781","1.563046375184554",
"486","ENGAGE-Feasibility-Maximum-Effort/Cost-Effective","AIM/CGE V2.2","Final Energy|Residential and Commercial","EJ/yr","[object Object]",2035,16.0296,"1.563046375184554","1.449726713727781","2038","914.6856216000001","410.99601759999996","-98.7671383","2046",,"GW1",,"failed","high","medium","medium","medium","high","ok","ok","ok","ok",,"medium",,"C1","C1: Below 1.5°C with no or limited overshoot",,,"0","33.85189564703274","36.555374268773136",,"914.6856216000001","1.449726713727781","1.563046375184554",
"486","ENGAGE-Feasibility-Maximum-Effort/Cost-Effective","AIM/CGE V2.2","Final Energy|Residential and Commercial","EJ/yr","[object Object]",2040,15.9589,"1.563046375184554","1.449726713727781","2038","914.6856216000001","410.99601759999996","-98.7671383","2046",,"GW1",,"failed","high","medium","medium","medium","high","ok","ok","ok","ok",,"medium",,"C1","C1: Below 1.5°C with no or limited overshoot",,,"0","33.85189564703274","36.555374268773136",,"914.6856216000001","1.449726713727781","1.563046375184554",
"486","ENGAGE-Feasibility-Maximum-Effort/Cost-Effective","AIM/CGE V2.2","Final Energy|Residential and Commercial","EJ/yr","[object Object]",2045,16.156,"1.563046375184554","1.449726713727781","2038","914.6856216000001","410.99601759999996","-98.7671383","2046",,"GW1",,"failed","high","medium","medium","medium","high","ok","ok","ok","ok",,"medium",,"C1","C1: Below 1.5°C with no or limited overshoot",,,"0","33.85189564703274","36.555374268773136",,"914.6856216000001","1.449726713727781","1.563046375184554",
"486","ENGAGE-Feasibility-Maximum-Effort/Cost-Effective","AIM/CGE V2.2","Final Energy|Residential and Commercial","EJ/yr","[object Object]",2050,16.317800000000002,"1.563046375184554","1.449726713727781","2038","914.6856216000001","410.99601759999996","-98.7671383","2046",,"GW1",,"failed","high","medium","medium","medium","high","ok","ok","ok","ok",,"medium",,"C1","C1: Below 1.5°C with no or limited overshoot",,,"0","33.85189564703274","36.555374268773136",,"914.6856216000001","1.449726713727781","1.563046375184554",
"486","ENGAGE-Feasibility-Maximum-Effort/Cost-Effective","AIM/CGE V2.2","Final Energy|Residential and Commercial","EJ/yr","[object Object]",2055,16.6195,"1.563046375184554","1.449726713727781","2038","914.6856216000001","410.99601759999996","-98.7671383","2046",,"GW1",,"failed","high","medium","medium","medium","high","ok","ok","ok","ok",,"medium",,"C1","C1: Below 1.5°C with no or limited overshoot",,,"0","33.85189564703274","36.555374268773136",,"914.6856216000001","1.449726713727781","1.563046375184554",
"486","ENGAGE-Feasibility-Maximum-Effort/Cost-Effective","AIM/CGE V2.2","Final Energy|Residential and Commercial","EJ/yr","[object Object]",2060,16.8011,"1.563046375184554","1.449726713727781","2038","914.6856216000001","410.99601759999996","-98.7671383","2046",,"GW1",,"failed","high","medium","medium","medium","high","ok","ok","ok","ok",,"medium",,"C1","C1: Below 1.5°C with no or limited overshoot",,,"0","33.85189564703274","36.555374268773136",,"914.6856216000001","1.449726713727781","1.563046375184554",
"486","ENGAGE-Feasibility-Maximum-Effort/Cost-Effective","AIM/CGE V2.2","Final Energy|Residential and Commercial","EJ/yr","[object Object]",2065,17.0065,"1.563046375184554","1.449726713727781","2038","914.6856216000001","410.99601759999996","-98.7671383","2046",,"GW1",,"failed","high","medium","medium","medium","high","ok","ok","ok","ok",,"medium",,"C1","C1: Below 1.5°C with no or limited overshoot",,,"0","33.85189564703274","36.555374268773136",,"914.6856216000001","1.449726713727781","1.563046375184554",
"486","ENGAGE-Feasibility-Maximum-Effort/Cost-Effective","AIM/CGE V2.2","Final Energy|Residential and Commercial","EJ/yr","[object Object]",2070,17.1647,"1.563046375184554","1.449726713727781","2038","914.6856216000001","410.99601759999996","-98.7671383","2046",,"GW1",,"failed","high","medium","medium","medium","high","ok","ok","ok","ok",,"medium",,"C1","C1: Below 1.5°C with no or limited overshoot",,,"0","33.85189564703274","36.555374268773136",,"914.6856216000001","1.449726713727781","1.563046375184554",
"486","ENGAGE-Feasibility-Maximum-Effort/Cost-Effective","AIM/CGE V2.2","Final Energy|Residential and Commercial","EJ/yr","[object Object]",2075,17.2618,"1.563046375184554","1.449726713727781","2038","914.6856216000001","410.99601759999996","-98.7671383","2046",,"GW1",,"failed","high","medium","medium","medium","high","ok","ok","ok","ok",,"medium",,"C1","C1: Below 1.5°C with no or limited overshoot",,,"0","33.85189564703274","36.555374268773136",,"914.6856216000001","1.449726713727781","1.563046375184554",
"486","ENGAGE-Feasibility-Maximum-Effort/Cost-Effective","AIM/CGE V2.2","Final Energy|Residential and Commercial","EJ/yr","[object Object]",2080,17.3212,"1.563046375184554","1.449726713727781","2038","914.6856216000001","410.99601759999996","-98.7671383","2046",,"GW1",,"failed","high","medium","medium","medium","high","ok","ok","ok","ok",,"medium",,"C1","C1: Below 1.5°C with no or limited overshoot",,,"0","33.85189564703274","36.555374268773136",,"914.6856216000001","1.449726713727781","1.563046375184554",
"486","ENGAGE-Feasibility-Maximum-Effort/Cost-Effective","AIM/CGE V2.2","Final Energy|Residential and Commercial","EJ/yr","[object Object]",2085,17.3511,"1.563046375184554","1.449726713727781","2038","914.6856216000001","410.99601759999996","-98.7671383","2046",,"GW1",,"failed","high","medium","medium","medium","high","ok","ok","ok","ok",,"medium",,"C1","C1: Below 1.5°C with no or limited overshoot",,,"0","33.85189564703274","36.555374268773136",,"914.6856216000001","1.449726713727781","1.563046375184554",
"486","ENGAGE-Feasibility-Maximum-Effort/Cost-Effective","AIM/CGE V2.2","Final Energy|Residential and Commercial","EJ/yr","[object Object]",2090,17.3508,"1.563046375184554","1.449726713727781","2038","914.6856216000001","410.99601759999996","-98.7671383","2046",,"GW1",,"failed","high","medium","medium","medium","high","ok","ok","ok","ok",,"medium",,"C1","C1: Below 1.5°C with no or limited overshoot",,,"0","33.85189564703274","36.555374268773136",,"914.6856216000001","1.449726713727781","1.563046375184554",
"486","ENGAGE-Feasibility-Maximum-Effort/Cost-Effective","AIM/CGE V2.2","Final Energy|Residential and Commercial","EJ/yr","[object Object]",2095,17.3248,"1.563046375184554","1.449726713727781","2038","914.6856216000001","410.99601759999996","-98.7671383","2046",,"GW1",,"failed","high","medium","medium","medium","high","ok","ok","ok","ok",,"medium",,"C1","C1: Below 1.5°C with no or limited overshoot",,,"0","33.85189564703274","36.555374268773136",,"914.6856216000001","1.449726713727781","1.563046375184554",
"486","ENGAGE-Feasibility-Maximum-Effort/Cost-Effective","AIM/CGE V2.2","Final Energy|Residential and Commercial","EJ/yr","[object Object]",2100,17.3962,"1.563046375184554","1.449726713727781","2038","914.6856216000001","410.99601759999996","-98.7671383","2046",,"GW1",,"failed","high","medium","medium","medium","high","ok","ok","ok","ok",,"medium",,"C1","C1: Below 1.5°C with no or limited overshoot",,,"0","33.85189564703274","36.555374268773136",,"914.6856216000001","1.449726713727781","1.563046375184554",
"498","ENGAGE-Feasibility-Maximum-Effort/Cost-Effective","GEM-E3 V2023","Final Energy|Residential and Commercial","EJ/yr","[object Object]",2015,20.42107388873454,"1.583024927484596","1.479044818287871","2039","615.3386225232722","513.5063811855828","-1.0241563992554774","2055",,"GW1",,"failed","medium","medium","medium",,"high",,,,"ok",,"high",,"C1","C1: Below 1.5°C with no or limited overshoot",,,"0","23.331492038410648","37.22018243608335",,"615.3386225232722","1.479044818287871","1.583024927484596",
"498","ENGAGE-Feasibility-Maximum-Effort/Cost-Effective","GEM-E3 V2023","Final Energy|Residential and Commercial","EJ/yr","[object Object]",2020,19.09942425622832,"1.583024927484596","1.479044818287871","2039","615.3386225232722","513.5063811855828","-1.0241563992554774","2055",,"GW1",,"failed","medium","medium","medium",,"high",,,,"ok",,"high",,"C1","C1: Below 1.5°C with no or limited overshoot",,,"0","23.331492038410648","37.22018243608335",,"615.3386225232722","1.479044818287871","1.583024927484596",
"498","ENGAGE-Feasibility-Maximum-Effort/Cost-Effective","GEM-E3 V2023","Final Energy|Residential and Commercial","EJ/yr","[object Object]",2025,19.63578177494464,"1.583024927484596","1.479044818287871","2039","615.3386225232722","513.5063811855828","-1.0241563992554774","2055",,"GW1",,"failed","medium","medium","medium",,"high",,,,"ok",,"high",,"C1","C1: Below 1.5°C with no or limited overshoot",,,"0","23.331492038410648","37.22018243608335",,"615.3386225232722","1.479044818287871","1.583024927484596",
"498","ENGAGE-Feasibility-Maximum-Effort/Cost-Effective","GEM-E3 V2023","Final Energy|Residential and Commercial","EJ/yr","[object Object]",2030,14.58583038977318,"1.583024927484596","1.479044818287871","2039","615.3386225232722","513.5063811855828","-1.0241563992554774","2055",,"GW1",,"failed","medium","medium","medium",,"high",,,,"ok",,"high",,"C1","C1: Below 1.5°C with no or limited overshoot",,,"0","23.331492038410648","37.22018243608335",,"615.3386225232722","1.479044818287871","1.583024927484596",
"498","ENGAGE-Feasibility-Maximum-Effort/Cost-Effective","GEM-E3 V2023","Final Energy|Residential and Commercial","EJ/yr","[object Object]",2035,14.06124799872452,"1.583024927484596","1.479044818287871","2039","615.3386225232722","513.5063811855828","-1.0241563992554774","2055",,"GW1",,"failed","medium","medium","medium",,"high",,,,"ok",,"high",,"C1","C1: Below 1.5°C with no or limited overshoot",,,"0","23.331492038410648","37.22018243608335",,"615.3386225232722","1.479044818287871","1.583024927484596",
"498","ENGAGE-Feasibility-Maximum-Effort/Cost-Effective","GEM-E3 V2023","Final Energy|Residential and Commercial","EJ/yr","[object Object]",2040,13.86511014430504,"1.583024927484596","1.479044818287871","2039","615.3386225232722","513.5063811855828","-1.0241563992554774","2055",,"GW1",,"failed","medium","medium","medium",,"high",,,,"ok",,"high",,"C1","C1: Below 1.5°C with no or limited overshoot",,,"0","23.331492038410648","37.22018243608335",,"615.3386225232722","1.479044818287871","1.583024927484596",
"498","ENGAGE-Feasibility-Maximum-Effort/Cost-Effective","GEM-E3 V2023","Final Energy|Residential and Commercial","EJ/yr","[object Object]",2045,13.94049345456916,"1.583024927484596","1.479044818287871","2039","615.3386225232722","513.5063811855828","-1.0241563992554774","2055",,"GW1",,"failed","medium","medium","medium",,"high",,,,"ok",,"high",,"C1","C1: Below 1.5°C with no or limited overshoot",,,"0","23.331492038410648","37.22018243608335",,"615.3386225232722","1.479044818287871","1.583024927484596",
"498","ENGAGE-Feasibility-Maximum-Effort/Cost-Effective","GEM-E3 V2023","Final Energy|Residential and Commercial","EJ/yr","[object Object]",2050,14.04223619233988,"1.583024927484596","1.479044818287871","2039","615.3386225232722","513.5063811855828","-1.0241563992554774","2055",,"GW1",,"failed","medium","medium","medium",,"high",,,,"ok",,"high",,"C1","C1: Below 1.5°C with no or limited overshoot",,,"0","23.331492038410648","37.22018243608335",,"615.3386225232722","1.479044818287871","1.583024927484596",
"498","ENGAGE-Feasibility-Maximum-Effort/Cost-Effective","GEM-E3 V2023","Final Energy|Residential and Commercial","EJ/yr","[object Object]",2055,14.45649561612763,"1.583024927484596","1.479044818287871","2039","615.3386225232722","513.5063811855828","-1.0241563992554774","2055",,"GW1",,"failed","medium","medium","medium",,"high",,,,"ok",,"high",,"C1","C1: Below 1.5°C with no or limited overshoot",,,"0","23.331492038410648","37.22018243608335",,"615.3386225232722","1.479044818287871","1.583024927484596",
"498","ENGAGE-Feasibility-Maximum-Effort/Cost-Effective","GEM-E3 V2023","Final Energy|Residential and Commercial","EJ/yr","[object Object]",2060,15.0211960698353,"1.583024927484596","1.479044818287871","2039","615.3386225232722","513.5063811855828","-1.0241563992554774","2055",,"GW1",,"failed","medium","medium","medium",,"high",,,,"ok",,"high",,"C1","C1: Below 1.5°C with no or limited overshoot",,,"0","23.331492038410648","37.22018243608335",,"615.3386225232722","1.479044818287871","1.583024927484596",
"498","ENGAGE-Feasibility-Maximum-Effort/Cost-Effective","GEM-E3 V2023","Final Energy|Residential and Commercial","EJ/yr","[object Object]",2065,15.57879214027703,"1.583024927484596","1.479044818287871","2039","615.3386225232722","513.5063811855828","-1.0241563992554774","2055",,"GW1",,"failed","medium","medium","medium",,"high",,,,"ok",,"high",,"C1","C1: Below 1.5°C with no or limited overshoot",,,"0","23.331492038410648","37.22018243608335",,"615.3386225232722","1.479044818287871","1.583024927484596",
"498","ENGAGE-Feasibility-Maximum-Effort/Cost-Effective","GEM-E3 V2023","Final Energy|Residential and Commercial","EJ/yr","[object Object]",2070,16.14909071438959,"1.583024927484596","1.479044818287871","2039","615.3386225232722","513.5063811855828","-1.0241563992554774","2055",,"GW1",,"failed","medium","medium","medium",,"high",,,,"ok",,"high",,"C1","C1: Below 1.5°C with no or limited overshoot",,,"0","23.331492038410648","37.22018243608335",,"615.3386225232722","1.479044818287871","1.583024927484596",
"498","ENGAGE-Feasibility-Maximum-Effort/Cost-Effective","GEM-E3 V2023","Final Energy|Residential and Commercial","EJ/yr","[object Object]",2075,16.73414697637686,"1.583024927484596","1.479044818287871","2039","615.3386225232722","513.5063811855828","-1.0241563992554774","2055",,"GW1",,"failed","medium","medium","medium",,"high",,,,"ok",,"high",,"C1","C1: Below 1.5°C with no or limited overshoot",,,"0","23.331492038410648","37.22018243608335",,"615.3386225232722","1.479044818287871","1.583024927484596",
"498","ENGAGE-Feasibility-Maximum-Effort/Cost-Effective","GEM-E3 V2023","Final Energy|Residential and Commercial","EJ/yr","[object Object]",2080,17.34052658960346,"1.583024927484596","1.479044818287871","2039","615.3386225232722","513.5063811855828","-1.0241563992554774","2055",,"GW1",,"failed","medium","medium","medium",,"high",,,,"ok",,"high",,"C1","C1: Below 1.5°C with no or limited overshoot",,,"0","23.331492038410648","37.22018243608335",,"615.3386225232722","1.479044818287871","1.583024927484596",
"498","ENGAGE-Feasibility-Maximum-Effort/Cost-Effective","GEM-E3 V2023","Final Energy|Residential and Commercial","EJ/yr","[object Object]",2085,17.93452648040856,"1.583024927484596","1.479044818287871","2039","615.3386225232722","513.5063811855828","-1.0241563992554774","2055",,"GW1",,"failed","medium","medium","medium",,"high",,,,"ok",,"high",,"C1","C1: Below 1.5°C with no or limited overshoot",,,"0","23.331492038410648","37.22018243608335",,"615.3386225232722","1.479044818287871","1.583024927484596",
"498","ENGAGE-Feasibility-Maximum-Effort/Cost-Effective","GEM-E3 V2023","Final Energy|Residential and Commercial","EJ/yr","[object Object]",2090,18.54841725004962,"1.583024927484596","1.479044818287871","2039","615.3386225232722","513.5063811855828","-1.0241563992554774","2055",,"GW1",,"failed","medium","medium","medium",,"high",,,,"ok",,"high",,"C1","C1: Below 1.5°C with no or limited overshoot",,,"0","23.331492038410648","37.22018243608335",,"615.3386225232722","1.479044818287871","1.583024927484596",
"498","ENGAGE-Feasibility-Maximum-Effort/Cost-Effective","GEM-E3 V2023","Final Energy|Residential and Commercial","EJ/yr","[object Object]",2095,19.17697492575893,"1.583024927484596","1.479044818287871","2039","615.3386225232722","513.5063811855828","-1.0241563992554774","2055",,"GW1",,"failed","medium","medium","medium",,"high",,,,"ok",,"high",,"C1","C1: Below 1.5°C with no or limited overshoot",,,"0","23.331492038410648","37.22018243608335",,"615.3386225232722","1.479044818287871","1.583024927484596",
"498","ENGAGE-Feasibility-Maximum-Effort/Cost-Effective","GEM-E3 V2023","Final Energy|Residential and Commercial","EJ/yr","[object Object]",2100,19.85840941952058,"1.583024927484596","1.479044818287871","2039","615.3386225232722","513.5063811855828","-1.0241563992554774","2055",,"GW1",,"failed","medium","medium","medium",,"high",,,,"ok",,"high",,"C1","C1: Below 1.5°C with no or limited overshoot",,,"0","23.331492038410648","37.22018243608335",,"615.3386225232722","1.479044818287871","1.583024927484596",
"504","ENGAGE-Feasibility-Maximum-Effort/Technology","GEM-E3 V2023","Final Energy|Residential and Commercial","EJ/yr","[object Object]",2015,20.42107388873454,"1.558100803120726","1.438713771943366","2039","548.0198858334958","518.5518757368202",,,,"GW1",,"failed","medium","medium","ok",,"high",,,,"ok",,"medium",,"C1","C1: Below 1.5°C with no or limited overshoot",,,"0","23.41538115003718","28.68567395140267",,"548.0198858334958","1.438713771943366","1.558100803120726",
"504","ENGAGE-Feasibility-Maximum-Effort/Technology","GEM-E3 V2023","Final Energy|Residential and Commercial","EJ/yr","[object Object]",2020,19.09942425622832,"1.558100803120726","1.438713771943366","2039","548.0198858334958","518.5518757368202",,,,"GW1",,"failed","medium","medium","ok",,"high",,,,"ok",,"medium",,"C1","C1: Below 1.5°C with no or limited overshoot",,,"0","23.41538115003718","28.68567395140267",,"548.0198858334958","1.438713771943366","1.558100803120726",
"504","ENGAGE-Feasibility-Maximum-Effort/Technology","GEM-E3 V2023","Final Energy|Residential and Commercial","EJ/yr","[object Object]",2025,18.91978516286408,"1.558100803120726","1.438713771943366","2039","548.0198858334958","518.5518757368202",,,,"GW1",,"failed","medium","medium","ok",,"high",,,,"ok",,"medium",,"C1","C1: Below 1.5°C with no or limited overshoot",,,"0","23.41538115003718","28.68567395140267",,"548.0198858334958","1.438713771943366","1.558100803120726",
"504","ENGAGE-Feasibility-Maximum-Effort/Technology","GEM-E3 V2023","Final Energy|Residential and Commercial","EJ/yr","[object Object]",2030,14.08059145802035,"1.558100803120726","1.438713771943366","2039","548.0198858334958","518.5518757368202",,,,"GW1",,"failed","medium","medium","ok",,"high",,,,"ok",,"medium",,"C1","C1: Below 1.5°C with no or limited overshoot",,,"0","23.41538115003718","28.68567395140267",,"548.0198858334958","1.438713771943366","1.558100803120726",
"504","ENGAGE-Feasibility-Maximum-Effort/Technology","GEM-E3 V2023","Final Energy|Residential and Commercial","EJ/yr","[object Object]",2035,13.70021268234795,"1.558100803120726","1.438713771943366","2039","548.0198858334958","518.5518757368202",,,,"GW1",,"failed","medium","medium","ok",,"high",,,,"ok",,"medium",,"C1","C1: Below 1.5°C with no or limited overshoot",,,"0","23.41538115003718","28.68567395140267",,"548.0198858334958","1.438713771943366","1.558100803120726",
"504","ENGAGE-Feasibility-Maximum-Effort/Technology","GEM-E3 V2023","Final Energy|Residential and Commercial","EJ/yr","[object Object]",2040,13.40793698954228,"1.558100803120726","1.438713771943366","2039","548.0198858334958","518.5518757368202",,,,"GW1",,"failed","medium","medium","ok",,"high",,,,"ok",,"medium",,"C1","C1: Below 1.5°C with no or limited overshoot",,,"0","23.41538115003718","28.68567395140267",,"548.0198858334958","1.438713771943366","1.558100803120726",
"504","ENGAGE-Feasibility-Maximum-Effort/Technology","GEM-E3 V2023","Final Energy|Residential and Commercial","EJ/yr","[object Object]",2045,13.64409880844564,"1.558100803120726","1.438713771943366","2039","548.0198858334958","518.5518757368202",,,,"GW1",,"failed","medium","medium","ok",,"high",,,,"ok",,"medium",,"C1","C1: Below 1.5°C with no or limited overshoot",,,"0","23.41538115003718","28.68567395140267",,"548.0198858334958","1.438713771943366","1.558100803120726",
"504","ENGAGE-Feasibility-Maximum-Effort/Technology","GEM-E3 V2023","Final Energy|Residential and Commercial","EJ/yr","[object Object]",2050,13.72464032691334,"1.558100803120726","1.438713771943366","2039","548.0198858334958","518.5518757368202",,,,"GW1",,"failed","medium","medium","ok",,"high",,,,"ok",,"medium",,"C1","C1: Below 1.5°C with no or limited overshoot",,,"0","23.41538115003718","28.68567395140267",,"548.0198858334958","1.438713771943366","1.558100803120726",
"504","ENGAGE-Feasibility-Maximum-Effort/Technology","GEM-E3 V2023","Final Energy|Residential and Commercial","EJ/yr","[object Object]",2055,14.14155756624174,"1.558100803120726","1.438713771943366","2039","548.0198858334958","518.5518757368202",,,,"GW1",,"failed","medium","medium","ok",,"high",,,,"ok",,"medium",,"C1","C1: Below 1.5°C with no or limited overshoot",,,"0","23.41538115003718","28.68567395140267",,"548.0198858334958","1.438713771943366","1.558100803120726",
"504","ENGAGE-Feasibility-Maximum-Effort/Technology","GEM-E3 V2023","Final Energy|Residential and Commercial","EJ/yr","[object Object]",2060,14.61498446567628,"1.558100803120726","1.438713771943366","2039","548.0198858334958","518.5518757368202",,,,"GW1",,"failed","medium","medium","ok",,"high",,,,"ok",,"medium",,"C1","C1: Below 1.5°C with no or limited overshoot",,,"0","23.41538115003718","28.68567395140267",,"548.0198858334958","1.438713771943366","1.558100803120726",
"504","ENGAGE-Feasibility-Maximum-Effort/Technology","GEM-E3 V2023","Final Energy|Residential and Commercial","EJ/yr","[object Object]",2065,15.05303023731054,"1.558100803120726","1.438713771943366","2039","548.0198858334958","518.5518757368202",,,,"GW1",,"failed","medium","medium","ok",,"high",,,,"ok",,"medium",,"C1","C1: Below 1.5°C with no or limited overshoot",,,"0","23.41538115003718","28.68567395140267",,"548.0198858334958","1.438713771943366","1.558100803120726",
"504","ENGAGE-Feasibility-Maximum-Effort/Technology","GEM-E3 V2023","Final Energy|Residential and Commercial","EJ/yr","[object Object]",2070,15.60461088162822,"1.558100803120726","1.438713771943366","2039","548.0198858334958","518.5518757368202",,,,"GW1",,"failed","medium","medium","ok",,"high",,,,"ok",,"medium",,"C1","C1: Below 1.5°C with no or limited overshoot",,,"0","23.41538115003718","28.68567395140267",,"548.0198858334958","1.438713771943366","1.558100803120726",
"504","ENGAGE-Feasibility-Maximum-Effort/Technology","GEM-E3 V2023","Final Energy|Residential and Commercial","EJ/yr","[object Object]",2075,16.10387987172443,"1.558100803120726","1.438713771943366","2039","548.0198858334958","518.5518757368202",,,,"GW1",,"failed","medium","medium","ok",,"high",,,,"ok",,"medium",,"C1","C1: Below 1.5°C with no or limited overshoot",,,"0","23.41538115003718","28.68567395140267",,"548.0198858334958","1.438713771943366","1.558100803120726",
"504","ENGAGE-Feasibility-Maximum-Effort/Technology","GEM-E3 V2023","Final Energy|Residential and Commercial","EJ/yr","[object Object]",2080,16.66486637150203,"1.558100803120726","1.438713771943366","2039","548.0198858334958","518.5518757368202",,,,"GW1",,"failed","medium","medium","ok",,"high",,,,"ok",,"medium",,"C1","C1: Below 1.5°C with no or limited overshoot",,,"0","23.41538115003718","28.68567395140267",,"548.0198858334958","1.438713771943366","1.558100803120726",
"504","ENGAGE-Feasibility-Maximum-Effort/Technology","GEM-E3 V2023","Final Energy|Residential and Commercial","EJ/yr","[object Object]",2085,17.23928301567,"1.558100803120726","1.438713771943366","2039","548.0198858334958","518.5518757368202",,,,"GW1",,"failed","medium","medium","ok",,"high",,,,"ok",,"medium",,"C1","C1: Below 1.5°C with no or limited overshoot",,,"0","23.41538115003718","28.68567395140267",,"548.0198858334958","1.438713771943366","1.558100803120726",
"504","ENGAGE-Feasibility-Maximum-Effort/Technology","GEM-E3 V2023","Final Energy|Residential and Commercial","EJ/yr","[object Object]",2090,17.84078013622034,"1.558100803120726","1.438713771943366","2039","548.0198858334958","518.5518757368202",,,,"GW1",,"failed","medium","medium","ok",,"high",,,,"ok",,"medium",,"C1","C1: Below 1.5°C with no or limited overshoot",,,"0","23.41538115003718","28.68567395140267",,"548.0198858334958","1.438713771943366","1.558100803120726",
"504","ENGAGE-Feasibility-Maximum-Effort/Technology","GEM-E3 V2023","Final Energy|Residential and Commercial","EJ/yr","[object Object]",2095,18.48401415850244,"1.558100803120726","1.438713771943366","2039","548.0198858334958","518.5518757368202",,,,"GW1",,"failed","medium","medium","ok",,"high",,,,"ok",,"medium",,"C1","C1: Below 1.5°C with no or limited overshoot",,,"0","23.41538115003718","28.68567395140267",,"548.0198858334958","1.438713771943366","1.558100803120726",
"504","ENGAGE-Feasibility-Maximum-Effort/Technology","GEM-E3 V2023","Final Energy|Residential and Commercial","EJ/yr","[object Object]",2100,19.15745480407546,"1.558100803120726","1.438713771943366","2039","548.0198858334958","518.5518757368202",,,,"GW1",,"failed","medium","medium","ok",,"high",,,,"ok",,"medium",,"C1","C1: Below 1.5°C with no or limited overshoot",,,"0","23.41538115003718","28.68567395140267",,"548.0198858334958","1.438713771943366","1.558100803120726",
"527","ENGAGE-Feasibility-Maximum-Effort/Cost-Effective","MESSAGEix-GLOBIOM 1.1","Final Energy|Residential and Commercial","EJ/yr","[object Object]",2010,23.61326037340776,"1.575044001042199","1.354802491244417","2039","576.5042573823463","532.8732051489785","-30.040883141094668","2054",,"GW1",,"failed","high","medium","ok","medium","high","medium","medium","ok","ok",,"medium",,"C1","C1: Below 1.5°C with no or limited overshoot",,,"0","20.48766720176704","17.19808469243699",,"576.5042573823463","1.354802491244417","1.575044001042199",
"527","ENGAGE-Feasibility-Maximum-Effort/Cost-Effective","MESSAGEix-GLOBIOM 1.1","Final Energy|Residential and Commercial","EJ/yr","[object Object]",2015,21.011389789890117,"1.575044001042199","1.354802491244417","2039","576.5042573823463","532.8732051489785","-30.040883141094668","2054",,"GW1",,"failed","high","medium","ok","medium","high","medium","medium","ok","ok",,"medium",,"C1","C1: Below 1.5°C with no or limited overshoot",,,"0","20.48766720176704","17.19808469243699",,"576.5042573823463","1.354802491244417","1.575044001042199",
"527","ENGAGE-Feasibility-Maximum-Effort/Cost-Effective","MESSAGEix-GLOBIOM 1.1","Final Energy|Residential and Commercial","EJ/yr","[object Object]",2020,22.310051438004553,"1.575044001042199","1.354802491244417","2039","576.5042573823463","532.8732051489785","-30.040883141094668","2054",,"GW1",,"failed","high","medium","ok","medium","high","medium","medium","ok","ok",,"medium",,"C1","C1: Below 1.5°C with no or limited overshoot",,,"0","20.48766720176704","17.19808469243699",,"576.5042573823463","1.354802491244417","1.575044001042199",
"527","ENGAGE-Feasibility-Maximum-Effort/Cost-Effective","MESSAGEix-GLOBIOM 1.1","Final Energy|Residential and Commercial","EJ/yr","[object Object]",2025,21.913070102441313,"1.575044001042199","1.354802491244417","2039","576.5042573823463","532.8732051489785","-30.040883141094668","2054",,"GW1",,"failed","high","medium","ok","medium","high","medium","medium","ok","ok",,"medium",,"C1","C1: Below 1.5°C with no or limited overshoot",,,"0","20.48766720176704","17.19808469243699",,"576.5042573823463","1.354802491244417","1.575044001042199",
"527","ENGAGE-Feasibility-Maximum-Effort/Cost-Effective","MESSAGEix-GLOBIOM 1.1","Final Energy|Residential and Commercial","EJ/yr","[object Object]",2030,20.79980032251919,"1.575044001042199","1.354802491244417","2039","576.5042573823463","532.8732051489785","-30.040883141094668","2054",,"GW1",,"failed","high","medium","ok","medium","high","medium","medium","ok","ok",,"medium",,"C1","C1: Below 1.5°C with no or limited overshoot",,,"0","20.48766720176704","17.19808469243699",,"576.5042573823463","1.354802491244417","1.575044001042199",
"527","ENGAGE-Feasibility-Maximum-Effort/Cost-Effective","MESSAGEix-GLOBIOM 1.1","Final Energy|Residential and Commercial","EJ/yr","[object Object]",2035,19.899353106278248,"1.575044001042199","1.354802491244417","2039","576.5042573823463","532.8732051489785","-30.040883141094668","2054",,"GW1",,"failed","high","medium","ok","medium","high","medium","medium","ok","ok",,"medium",,"C1","C1: Below 1.5°C with no or limited overshoot",,,"0","20.48766720176704","17.19808469243699",,"576.5042573823463","1.354802491244417","1.575044001042199",
"527","ENGAGE-Feasibility-Maximum-Effort/Cost-Effective","MESSAGEix-GLOBIOM 1.1","Final Energy|Residential and Commercial","EJ/yr","[object Object]",2040,19.2502055335337,"1.575044001042199","1.354802491244417","2039","576.5042573823463","532.8732051489785","-30.040883141094668","2054",,"GW1",,"failed","high","medium","ok","medium","high","medium","medium","ok","ok",,"medium",,"C1","C1: Below 1.5°C with no or limited overshoot",,,"0","20.48766720176704","17.19808469243699",,"576.5042573823463","1.354802491244417","1.575044001042199",
"527","ENGAGE-Feasibility-Maximum-Effort/Cost-Effective","MESSAGEix-GLOBIOM 1.1","Final Energy|Residential and Commercial","EJ/yr","[object Object]",2045,19.11927737332936,"1.575044001042199","1.354802491244417","2039","576.5042573823463","532.8732051489785","-30.040883141094668","2054",,"GW1",,"failed","high","medium","ok","medium","high","medium","medium","ok","ok",,"medium",,"C1","C1: Below 1.5°C with no or limited overshoot",,,"0","20.48766720176704","17.19808469243699",,"576.5042573823463","1.354802491244417","1.575044001042199",
"527","ENGAGE-Feasibility-Maximum-Effort/Cost-Effective","MESSAGEix-GLOBIOM 1.1","Final Energy|Residential and Commercial","EJ/yr","[object Object]",2050,18.98671804424125,"1.575044001042199","1.354802491244417","2039","576.5042573823463","532.8732051489785","-30.040883141094668","2054",,"GW1",,"failed","high","medium","ok","medium","high","medium","medium","ok","ok",,"medium",,"C1","C1: Below 1.5°C with no or limited overshoot",,,"0","20.48766720176704","17.19808469243699",,"576.5042573823463","1.354802491244417","1.575044001042199",
"527","ENGAGE-Feasibility-Maximum-Effort/Cost-Effective","MESSAGEix-GLOBIOM 1.1","Final Energy|Residential and Commercial","EJ/yr","[object Object]",2055,19.313714368029924,"1.575044001042199","1.354802491244417","2039","576.5042573823463","532.8732051489785","-30.040883141094668","2054",,"GW1",,"failed","high","medium","ok","medium","high","medium","medium","ok","ok",,"medium",,"C1","C1: Below 1.5°C with no or limited overshoot",,,"0","20.48766720176704","17.19808469243699",,"576.5042573823463","1.354802491244417","1.575044001042199",
"527","ENGAGE-Feasibility-Maximum-Effort/Cost-Effective","MESSAGEix-GLOBIOM 1.1","Final Energy|Residential and Commercial","EJ/yr","[object Object]",2060,20.261903589155416,"1.575044001042199","1.354802491244417","2039","576.5042573823463","532.8732051489785","-30.040883141094668","2054",,"GW1",,"failed","high","medium","ok","medium","high","medium","medium","ok","ok",,"medium",,"C1","C1: Below 1.5°C with no or limited overshoot",,,"0","20.48766720176704","17.19808469243699",,"576.5042573823463","1.354802491244417","1.575044001042199",
"527","ENGAGE-Feasibility-Maximum-Effort/Cost-Effective","MESSAGEix-GLOBIOM 1.1","Final Energy|Residential and Commercial","EJ/yr","[object Object]",2070,22.59026455234144,"1.575044001042199","1.354802491244417","2039","576.5042573823463","532.8732051489785","-30.040883141094668","2054",,"GW1",,"failed","high","medium","ok","medium","high","medium","medium","ok","ok",,"medium",,"C1","C1: Below 1.5°C with no or limited overshoot",,,"0","20.48766720176704","17.19808469243699",,"576.5042573823463","1.354802491244417","1.575044001042199",
"527","ENGAGE-Feasibility-Maximum-Effort/Cost-Effective","MESSAGEix-GLOBIOM 1.1","Final Energy|Residential and Commercial","EJ/yr","[object Object]",2080,24.848049129096918,"1.575044001042199","1.354802491244417","2039","576.5042573823463","532.8732051489785","-30.040883141094668","2054",,"GW1",,"failed","high","medium","ok","medium","high","medium","medium","ok","ok",,"medium",,"C1","C1: Below 1.5°C with no or limited overshoot",,,"0","20.48766720176704","17.19808469243699",,"576.5042573823463","1.354802491244417","1.575044001042199",
"527","ENGAGE-Feasibility-Maximum-Effort/Cost-Effective","MESSAGEix-GLOBIOM 1.1","Final Energy|Residential and Commercial","EJ/yr","[object Object]",2090,27.085031089027787,"1.575044001042199","1.354802491244417","2039","576.5042573823463","532.8732051489785","-30.040883141094668","2054",,"GW1",,"failed","high","medium","ok","medium","high","medium","medium","ok","ok",,"medium",,"C1","C1: Below 1.5°C with no or limited overshoot",,,"0","20.48766720176704","17.19808469243699",,"576.5042573823463","1.354802491244417","1.575044001042199",
"527","ENGAGE-Feasibility-Maximum-Effort/Cost-Effective","MESSAGEix-GLOBIOM 1.1","Final Energy|Residential and Commercial","EJ/yr","[object Object]",2100,28.655631280399746,"1.575044001042199","1.354802491244417","2039","576.5042573823463","532.8732051489785","-30.040883141094668","2054",,"GW1",,"failed","high","medium","ok","medium","high","medium","medium","ok","ok",,"medium",,"C1","C1: Below 1.5°C with no or limited overshoot",,,"0","20.48766720176704","17.19808469243699",,"576.5042573823463","1.354802491244417","1.575044001042199",
"529","ENGAGE-Feasibility-Maximum-Effort/Enablers & Institutional [Optimistic]","MESSAGEix-GLOBIOM 1.1","Final Energy|Residential and Commercial","EJ/yr","[object Object]",2010,23.61326037340776,"1.613064305062161","1.185857702872042","2048","453.5361832512423","386.6711258077172","-297.72290424698207","2058","2070","GW1",,"failed","high","ok","ok","ok","medium","medium","medium","medium","ok",,"ok",,"C1","C1: Below 1.5°C with no or limited overshoot",,,"0","28.635514460327677","23.538269354382532",,"453.5361832512423","1.185857702872042","1.613064305062161",
"529","ENGAGE-Feasibility-Maximum-Effort/Enablers & Institutional [Optimistic]","MESSAGEix-GLOBIOM 1.1","Final Energy|Residential and Commercial","EJ/yr","[object Object]",2015,21.011389789890117,"1.613064305062161","1.185857702872042","2048","453.5361832512423","386.6711258077172","-297.72290424698207","2058","2070","GW1",,"failed","high","ok","ok","ok","medium","medium","medium","medium","ok",,"ok",,"C1","C1: Below 1.5°C with no or limited overshoot",,,"0","28.635514460327677","23.538269354382532",,"453.5361832512423","1.185857702872042","1.613064305062161",
"529","ENGAGE-Feasibility-Maximum-Effort/Enablers & Institutional [Optimistic]","MESSAGEix-GLOBIOM 1.1","Final Energy|Residential and Commercial","EJ/yr","[object Object]",2020,22.310051438004553,"1.613064305062161","1.185857702872042","2048","453.5361832512423","386.6711258077172","-297.72290424698207","2058","2070","GW1",,"failed","high","ok","ok","ok","medium","medium","medium","medium","ok",,"ok",,"C1","C1: Below 1.5°C with no or limited overshoot",,,"0","28.635514460327677","23.538269354382532",,"453.5361832512423","1.185857702872042","1.613064305062161",
"529","ENGAGE-Feasibility-Maximum-Effort/Enablers & Institutional [Optimistic]","MESSAGEix-GLOBIOM 1.1","Final Energy|Residential and Commercial","EJ/yr","[object Object]",2025,21.913070102441313,"1.613064305062161","1.185857702872042","2048","453.5361832512423","386.6711258077172","-297.72290424698207","2058","2070","GW1",,"failed","high","ok","ok","ok","medium","medium","medium","medium","ok",,"ok",,"C1","C1: Below 1.5°C with no or limited overshoot",,,"0","28.635514460327677","23.538269354382532",,"453.5361832512423","1.185857702872042","1.613064305062161",
"529","ENGAGE-Feasibility-Maximum-Effort/Enablers & Institutional [Optimistic]","MESSAGEix-GLOBIOM 1.1","Final Energy|Residential and Commercial","EJ/yr","[object Object]",2030,16.777827972027737,"1.613064305062161","1.185857702872042","2048","453.5361832512423","386.6711258077172","-297.72290424698207","2058","2070","GW1",,"failed","high","ok","ok","ok","medium","medium","medium","medium","ok",,"ok",,"C1","C1: Below 1.5°C with no or limited overshoot",,,"0","28.635514460327677","23.538269354382532",,"453.5361832512423","1.185857702872042","1.613064305062161",
"529","ENGAGE-Feasibility-Maximum-Effort/Enablers & Institutional [Optimistic]","MESSAGEix-GLOBIOM 1.1","Final Energy|Residential and Commercial","EJ/yr","[object Object]",2035,13.429087468142075,"1.613064305062161","1.185857702872042","2048","453.5361832512423","386.6711258077172","-297.72290424698207","2058","2070","GW1",,"failed","high","ok","ok","ok","medium","medium","medium","medium","ok",,"ok",,"C1","C1: Below 1.5°C with no or limited overshoot",,,"0","28.635514460327677","23.538269354382532",,"453.5361832512423","1.185857702872042","1.613064305062161",
"529","ENGAGE-Feasibility-Maximum-Effort/Enablers & Institutional [Optimistic]","MESSAGEix-GLOBIOM 1.1","Final Energy|Residential and Commercial","EJ/yr","[object Object]",2040,11.180879920708438,"1.613064305062161","1.185857702872042","2048","453.5361832512423","386.6711258077172","-297.72290424698207","2058","2070","GW1",,"failed","high","ok","ok","ok","medium","medium","medium","medium","ok",,"ok",,"C1","C1: Below 1.5°C with no or limited overshoot",,,"0","28.635514460327677","23.538269354382532",,"453.5361832512423","1.185857702872042","1.613064305062161",
"529","ENGAGE-Feasibility-Maximum-Effort/Enablers & Institutional [Optimistic]","MESSAGEix-GLOBIOM 1.1","Final Energy|Residential and Commercial","EJ/yr","[object Object]",2045,9.387543779860088,"1.613064305062161","1.185857702872042","2048","453.5361832512423","386.6711258077172","-297.72290424698207","2058","2070","GW1",,"failed","high","ok","ok","ok","medium","medium","medium","medium","ok",,"ok",,"C1","C1: Below 1.5°C with no or limited overshoot",,,"0","28.635514460327677","23.538269354382532",,"453.5361832512423","1.185857702872042","1.613064305062161",
"529","ENGAGE-Feasibility-Maximum-Effort/Enablers & Institutional [Optimistic]","MESSAGEix-GLOBIOM 1.1","Final Energy|Residential and Commercial","EJ/yr","[object Object]",2050,8.920964297102604,"1.613064305062161","1.185857702872042","2048","453.5361832512423","386.6711258077172","-297.72290424698207","2058","2070","GW1",,"failed","high","ok","ok","ok","medium","medium","medium","medium","ok",,"ok",,"C1","C1: Below 1.5°C with no or limited overshoot",,,"0","28.635514460327677","23.538269354382532",,"453.5361832512423","1.185857702872042","1.613064305062161",
"529","ENGAGE-Feasibility-Maximum-Effort/Enablers & Institutional [Optimistic]","MESSAGEix-GLOBIOM 1.1","Final Energy|Residential and Commercial","EJ/yr","[object Object]",2055,8.69406721199413,"1.613064305062161","1.185857702872042","2048","453.5361832512423","386.6711258077172","-297.72290424698207","2058","2070","GW1",,"failed","high","ok","ok","ok","medium","medium","medium","medium","ok",,"ok",,"C1","C1: Below 1.5°C with no or limited overshoot",,,"0","28.635514460327677","23.538269354382532",,"453.5361832512423","1.185857702872042","1.613064305062161",
"529","ENGAGE-Feasibility-Maximum-Effort/Enablers & Institutional [Optimistic]","MESSAGEix-GLOBIOM 1.1","Final Energy|Residential and Commercial","EJ/yr","[object Object]",2060,8.634078900417578,"1.613064305062161","1.185857702872042","2048","453.5361832512423","386.6711258077172","-297.72290424698207","2058","2070","GW1",,"failed","high","ok","ok","ok","medium","medium","medium","medium","ok",,"ok",,"C1","C1: Below 1.5°C with no or limited overshoot",,,"0","28.635514460327677","23.538269354382532",,"453.5361832512423","1.185857702872042","1.613064305062161",
"529","ENGAGE-Feasibility-Maximum-Effort/Enablers & Institutional [Optimistic]","MESSAGEix-GLOBIOM 1.1","Final Energy|Residential and Commercial","EJ/yr","[object Object]",2070,8.65469436239384,"1.613064305062161","1.185857702872042","2048","453.5361832512423","386.6711258077172","-297.72290424698207","2058","2070","GW1",,"failed","high","ok","ok","ok","medium","medium","medium","medium","ok",,"ok",,"C1","C1: Below 1.5°C with no or limited overshoot",,,"0","28.635514460327677","23.538269354382532",,"453.5361832512423","1.185857702872042","1.613064305062161",
"529","ENGAGE-Feasibility-Maximum-Effort/Enablers & Institutional [Optimistic]","MESSAGEix-GLOBIOM 1.1","Final Energy|Residential and Commercial","EJ/yr","[object Object]",2080,8.53214529789696,"1.613064305062161","1.185857702872042","2048","453.5361832512423","386.6711258077172","-297.72290424698207","2058","2070","GW1",,"failed","high","ok","ok","ok","medium","medium","medium","medium","ok",,"ok",,"C1","C1: Below 1.5°C with no or limited overshoot",,,"0","28.635514460327677","23.538269354382532",,"453.5361832512423","1.185857702872042","1.613064305062161",
"529","ENGAGE-Feasibility-Maximum-Effort/Enablers & Institutional [Optimistic]","MESSAGEix-GLOBIOM 1.1","Final Energy|Residential and Commercial","EJ/yr","[object Object]",2090,8.385859705808015,"1.613064305062161","1.185857702872042","2048","453.5361832512423","386.6711258077172","-297.72290424698207","2058","2070","GW1",,"failed","high","ok","ok","ok","medium","medium","medium","medium","ok",,"ok",,"C1","C1: Below 1.5°C with no or limited overshoot",,,"0","28.635514460327677","23.538269354382532",,"453.5361832512423","1.185857702872042","1.613064305062161",
"529","ENGAGE-Feasibility-Maximum-Effort/Enablers & Institutional [Optimistic]","MESSAGEix-GLOBIOM 1.1","Final Energy|Residential and Commercial","EJ/yr","[object Object]",2100,8.269276153024062,"1.613064305062161","1.185857702872042","2048","453.5361832512423","386.6711258077172","-297.72290424698207","2058","2070","GW1",,"failed","high","ok","ok","ok","medium","medium","medium","medium","ok",,"ok",,"C1","C1: Below 1.5°C with no or limited overshoot",,,"0","28.635514460327677","23.538269354382532",,"453.5361832512423","1.185857702872042","1.613064305062161",
"534","ENGAGE-Feasibility-Maximum-Effort/Technology","MESSAGEix-GLOBIOM 1.1","Final Energy|Residential and Commercial","EJ/yr","[object Object]",2010,23.61326037340776,"1.573468985061494","1.34942759384328","2039","469.9362556480803","532.2686102308227","-30.6785151367349","2053",,"GW1",,"failed","medium","ok","ok","medium","medium","medium","medium","ok","ok",,"ok",,"C1","C1: Below 1.5°C with no or limited overshoot",,,"0","19.21313255970541","14.908652287530611",,"469.9362556480803","1.34942759384328","1.573468985061494",
"534","ENGAGE-Feasibility-Maximum-Effort/Technology","MESSAGEix-GLOBIOM 1.1","Final Energy|Residential and Commercial","EJ/yr","[object Object]",2015,21.011389789890117,"1.573468985061494","1.34942759384328","2039","469.9362556480803","532.2686102308227","-30.6785151367349","2053",,"GW1",,"failed","medium","ok","ok","medium","medium","medium","medium","ok","ok",,"ok",,"C1","C1: Below 1.5°C with no or limited overshoot",,,"0","19.21313255970541","14.908652287530611",,"469.9362556480803","1.34942759384328","1.573468985061494",
"534","ENGAGE-Feasibility-Maximum-Effort/Technology","MESSAGEix-GLOBIOM 1.1","Final Energy|Residential and Commercial","EJ/yr","[object Object]",2020,22.310051438004553,"1.573468985061494","1.34942759384328","2039","469.9362556480803","532.2686102308227","-30.6785151367349","2053",,"GW1",,"failed","medium","ok","ok","medium","medium","medium","medium","ok","ok",,"ok",,"C1","C1: Below 1.5°C with no or limited overshoot",,,"0","19.21313255970541","14.908652287530611",,"469.9362556480803","1.34942759384328","1.573468985061494",
"534","ENGAGE-Feasibility-Maximum-Effort/Technology","MESSAGEix-GLOBIOM 1.1","Final Energy|Residential and Commercial","EJ/yr","[object Object]",2025,21.913070102441313,"1.573468985061494","1.34942759384328","2039","469.9362556480803","532.2686102308227","-30.6785151367349","2053",,"GW1",,"failed","medium","ok","ok","medium","medium","medium","medium","ok","ok",,"ok",,"C1","C1: Below 1.5°C with no or limited overshoot",,,"0","19.21313255970541","14.908652287530611",,"469.9362556480803","1.34942759384328","1.573468985061494",
"534","ENGAGE-Feasibility-Maximum-Effort/Technology","MESSAGEix-GLOBIOM 1.1","Final Energy|Residential and Commercial","EJ/yr","[object Object]",2030,20.603933309220274,"1.573468985061494","1.34942759384328","2039","469.9362556480803","532.2686102308227","-30.6785151367349","2053",,"GW1",,"failed","medium","ok","ok","medium","medium","medium","medium","ok","ok",,"ok",,"C1","C1: Below 1.5°C with no or limited overshoot",,,"0","19.21313255970541","14.908652287530611",,"469.9362556480803","1.34942759384328","1.573468985061494",
"534","ENGAGE-Feasibility-Maximum-Effort/Technology","MESSAGEix-GLOBIOM 1.1","Final Energy|Residential and Commercial","EJ/yr","[object Object]",2035,19.70344785713685,"1.573468985061494","1.34942759384328","2039","469.9362556480803","532.2686102308227","-30.6785151367349","2053",,"GW1",,"failed","medium","ok","ok","medium","medium","medium","medium","ok","ok",,"ok",,"C1","C1: Below 1.5°C with no or limited overshoot",,,"0","19.21313255970541","14.908652287530611",,"469.9362556480803","1.34942759384328","1.573468985061494",
"534","ENGAGE-Feasibility-Maximum-Effort/Technology","MESSAGEix-GLOBIOM 1.1","Final Energy|Residential and Commercial","EJ/yr","[object Object]",2040,19.07030024511622,"1.573468985061494","1.34942759384328","2039","469.9362556480803","532.2686102308227","-30.6785151367349","2053",,"GW1",,"failed","medium","ok","ok","medium","medium","medium","medium","ok","ok",,"ok",,"C1","C1: Below 1.5°C with no or limited overshoot",,,"0","19.21313255970541","14.908652287530611",,"469.9362556480803","1.34942759384328","1.573468985061494",
"534","ENGAGE-Feasibility-Maximum-Effort/Technology","MESSAGEix-GLOBIOM 1.1","Final Energy|Residential and Commercial","EJ/yr","[object Object]",2045,18.919402286599,"1.573468985061494","1.34942759384328","2039","469.9362556480803","532.2686102308227","-30.6785151367349","2053",,"GW1",,"failed","medium","ok","ok","medium","medium","medium","medium","ok","ok",,"ok",,"C1","C1: Below 1.5°C with no or limited overshoot",,,"0","19.21313255970541","14.908652287530611",,"469.9362556480803","1.34942759384328","1.573468985061494",
"534","ENGAGE-Feasibility-Maximum-Effort/Technology","MESSAGEix-GLOBIOM 1.1","Final Energy|Residential and Commercial","EJ/yr","[object Object]",2050,18.77577412785873,"1.573468985061494","1.34942759384328","2039","469.9362556480803","532.2686102308227","-30.6785151367349","2053",,"GW1",,"failed","medium","ok","ok","medium","medium","medium","medium","ok","ok",,"ok",,"C1","C1: Below 1.5°C with no or limited overshoot",,,"0","19.21313255970541","14.908652287530611",,"469.9362556480803","1.34942759384328","1.573468985061494",
"534","ENGAGE-Feasibility-Maximum-Effort/Technology","MESSAGEix-GLOBIOM 1.1","Final Energy|Residential and Commercial","EJ/yr","[object Object]",2055,19.17528887122149,"1.573468985061494","1.34942759384328","2039","469.9362556480803","532.2686102308227","-30.6785151367349","2053",,"GW1",,"failed","medium","ok","ok","medium","medium","medium","medium","ok","ok",,"ok",,"C1","C1: Below 1.5°C with no or limited overshoot",,,"0","19.21313255970541","14.908652287530611",,"469.9362556480803","1.34942759384328","1.573468985061494",
"534","ENGAGE-Feasibility-Maximum-Effort/Technology","MESSAGEix-GLOBIOM 1.1","Final Energy|Residential and Commercial","EJ/yr","[object Object]",2060,20.126908218435492,"1.573468985061494","1.34942759384328","2039","469.9362556480803","532.2686102308227","-30.6785151367349","2053",,"GW1",,"failed","medium","ok","ok","medium","medium","medium","medium","ok","ok",,"ok",,"C1","C1: Below 1.5°C with no or limited overshoot",,,"0","19.21313255970541","14.908652287530611",,"469.9362556480803","1.34942759384328","1.573468985061494",
"534","ENGAGE-Feasibility-Maximum-Effort/Technology","MESSAGEix-GLOBIOM 1.1","Final Energy|Residential and Commercial","EJ/yr","[object Object]",2070,22.439139961117927,"1.573468985061494","1.34942759384328","2039","469.9362556480803","532.2686102308227","-30.6785151367349","2053",,"GW1",,"failed","medium","ok","ok","medium","medium","medium","medium","ok","ok",,"ok",,"C1","C1: Below 1.5°C with no or limited overshoot",,,"0","19.21313255970541","14.908652287530611",,"469.9362556480803","1.34942759384328","1.573468985061494",
"534","ENGAGE-Feasibility-Maximum-Effort/Technology","MESSAGEix-GLOBIOM 1.1","Final Energy|Residential and Commercial","EJ/yr","[object Object]",2080,24.761287163171254,"1.573468985061494","1.34942759384328","2039","469.9362556480803","532.2686102308227","-30.6785151367349","2053",,"GW1",,"failed","medium","ok","ok","medium","medium","medium","medium","ok","ok",,"ok",,"C1","C1: Below 1.5°C with no or limited overshoot",,,"0","19.21313255970541","14.908652287530611",,"469.9362556480803","1.34942759384328","1.573468985061494",
"534","ENGAGE-Feasibility-Maximum-Effort/Technology","MESSAGEix-GLOBIOM 1.1","Final Energy|Residential and Commercial","EJ/yr","[object Object]",2090,26.73240474958464,"1.573468985061494","1.34942759384328","2039","469.9362556480803","532.2686102308227","-30.6785151367349","2053",,"GW1",,"failed","medium","ok","ok","medium","medium","medium","medium","ok","ok",,"ok",,"C1","C1: Below 1.5°C with no or limited overshoot",,,"0","19.21313255970541","14.908652287530611",,"469.9362556480803","1.34942759384328","1.573468985061494",
"534","ENGAGE-Feasibility-Maximum-Effort/Technology","MESSAGEix-GLOBIOM 1.1","Final Energy|Residential and Commercial","EJ/yr","[object Object]",2100,28.554032084213354,"1.573468985061494","1.34942759384328","2039","469.9362556480803","532.2686102308227","-30.6785151367349","2053",,"GW1",,"failed","medium","ok","ok","medium","medium","medium","medium","ok","ok",,"ok",,"C1","C1: Below 1.5°C with no or limited overshoot",,,"0","19.21313255970541","14.908652287530611",,"469.9362556480803","1.34942759384328","1.573468985061494",
"536","ENGAGE-Feasibility-Maximum-Effort/Technology & Enablers & Institutional [Optimistic]","MESSAGEix-GLOBIOM 1.1","Final Energy|Residential and Commercial","EJ/yr","[object Object]",2010,23.61326037340776,"1.617085961141707","1.172416647332591","2048","417.3793569532783","371.7047208582908","-323.8993242939251","2058","2068","GW1",,"failed","medium","ok","ok","ok","ok","medium","medium","medium","ok",,"ok",,"C2","C2: Below 1.5°C with high OS",,,"0","28.78411231271815","23.904982259192188",,"417.3793569532783","1.172416647332591","1.617085961141707",
"536","ENGAGE-Feasibility-Maximum-Effort/Technology & Enablers & Institutional [Optimistic]","MESSAGEix-GLOBIOM 1.1","Final Energy|Residential and Commercial","EJ/yr","[object Object]",2015,21.011389789890117,"1.617085961141707","1.172416647332591","2048","417.3793569532783","371.7047208582908","-323.8993242939251","2058","2068","GW1",,"failed","medium","ok","ok","ok","ok","medium","medium","medium","ok",,"ok",,"C2","C2: Below 1.5°C with high OS",,,"0","28.78411231271815","23.904982259192188",,"417.3793569532783","1.172416647332591","1.617085961141707",
"536","ENGAGE-Feasibility-Maximum-Effort/Technology & Enablers & Institutional [Optimistic]","MESSAGEix-GLOBIOM 1.1","Final Energy|Residential and Commercial","EJ/yr","[object Object]",2020,22.310051438004553,"1.617085961141707","1.172416647332591","2048","417.3793569532783","371.7047208582908","-323.8993242939251","2058","2068","GW1",,"failed","medium","ok","ok","ok","ok","medium","medium","medium","ok",,"ok",,"C2","C2: Below 1.5°C with high OS",,,"0","28.78411231271815","23.904982259192188",,"417.3793569532783","1.172416647332591","1.617085961141707",
"536","ENGAGE-Feasibility-Maximum-Effort/Technology & Enablers & Institutional [Optimistic]","MESSAGEix-GLOBIOM 1.1","Final Energy|Residential and Commercial","EJ/yr","[object Object]",2025,21.913070102441313,"1.617085961141707","1.172416647332591","2048","417.3793569532783","371.7047208582908","-323.8993242939251","2058","2068","GW1",,"failed","medium","ok","ok","ok","ok","medium","medium","medium","ok",,"ok",,"C2","C2: Below 1.5°C with high OS",,,"0","28.78411231271815","23.904982259192188",,"417.3793569532783","1.172416647332591","1.617085961141707",
"536","ENGAGE-Feasibility-Maximum-Effort/Technology & Enablers & Institutional [Optimistic]","MESSAGEix-GLOBIOM 1.1","Final Energy|Residential and Commercial","EJ/yr","[object Object]",2030,16.80993880850128,"1.617085961141707","1.172416647332591","2048","417.3793569532783","371.7047208582908","-323.8993242939251","2058","2068","GW1",,"failed","medium","ok","ok","ok","ok","medium","medium","medium","ok",,"ok",,"C2","C2: Below 1.5°C with high OS",,,"0","28.78411231271815","23.904982259192188",,"417.3793569532783","1.172416647332591","1.617085961141707",
"536","ENGAGE-Feasibility-Maximum-Effort/Technology & Enablers & Institutional [Optimistic]","MESSAGEix-GLOBIOM 1.1","Final Energy|Residential and Commercial","EJ/yr","[object Object]",2035,13.433804443933655,"1.617085961141707","1.172416647332591","2048","417.3793569532783","371.7047208582908","-323.8993242939251","2058","2068","GW1",,"failed","medium","ok","ok","ok","ok","medium","medium","medium","ok",,"ok",,"C2","C2: Below 1.5°C with high OS",,,"0","28.78411231271815","23.904982259192188",,"417.3793569532783","1.172416647332591","1.617085961141707",
"536","ENGAGE-Feasibility-Maximum-Effort/Technology & Enablers & Institutional [Optimistic]","MESSAGEix-GLOBIOM 1.1","Final Energy|Residential and Commercial","EJ/yr","[object Object]",2040,11.174999322782059,"1.617085961141707","1.172416647332591","2048","417.3793569532783","371.7047208582908","-323.8993242939251","2058","2068","GW1",,"failed","medium","ok","ok","ok","ok","medium","medium","medium","ok",,"ok",,"C2","C2: Below 1.5°C with high OS",,,"0","28.78411231271815","23.904982259192188",,"417.3793569532783","1.172416647332591","1.617085961141707",
"536","ENGAGE-Feasibility-Maximum-Effort/Technology & Enablers & Institutional [Optimistic]","MESSAGEix-GLOBIOM 1.1","Final Energy|Residential and Commercial","EJ/yr","[object Object]",2045,9.366129385248616,"1.617085961141707","1.172416647332591","2048","417.3793569532783","371.7047208582908","-323.8993242939251","2058","2068","GW1",,"failed","medium","ok","ok","ok","ok","medium","medium","medium","ok",,"ok",,"C2","C2: Below 1.5°C with high OS",,,"0","28.78411231271815","23.904982259192188",,"417.3793569532783","1.172416647332591","1.617085961141707",
"536","ENGAGE-Feasibility-Maximum-Effort/Technology & Enablers & Institutional [Optimistic]","MESSAGEix-GLOBIOM 1.1","Final Energy|Residential and Commercial","EJ/yr","[object Object]",2050,8.88925881266141,"1.617085961141707","1.172416647332591","2048","417.3793569532783","371.7047208582908","-323.8993242939251","2058","2068","GW1",,"failed","medium","ok","ok","ok","ok","medium","medium","medium","ok",,"ok",,"C2","C2: Below 1.5°C with high OS",,,"0","28.78411231271815","23.904982259192188",,"417.3793569532783","1.172416647332591","1.617085961141707",
"536","ENGAGE-Feasibility-Maximum-Effort/Technology & Enablers & Institutional [Optimistic]","MESSAGEix-GLOBIOM 1.1","Final Energy|Residential and Commercial","EJ/yr","[object Object]",2055,8.66355432432864,"1.617085961141707","1.172416647332591","2048","417.3793569532783","371.7047208582908","-323.8993242939251","2058","2068","GW1",,"failed","medium","ok","ok","ok","ok","medium","medium","medium","ok",,"ok",,"C2","C2: Below 1.5°C with high OS",,,"0","28.78411231271815","23.904982259192188",,"417.3793569532783","1.172416647332591","1.617085961141707",
"536","ENGAGE-Feasibility-Maximum-Effort/Technology & Enablers & Institutional [Optimistic]","MESSAGEix-GLOBIOM 1.1","Final Energy|Residential and Commercial","EJ/yr","[object Object]",2060,8.57992240565195,"1.617085961141707","1.172416647332591","2048","417.3793569532783","371.7047208582908","-323.8993242939251","2058","2068","GW1",,"failed","medium","ok","ok","ok","ok","medium","medium","medium","ok",,"ok",,"C2","C2: Below 1.5°C with high OS",,,"0","28.78411231271815","23.904982259192188",,"417.3793569532783","1.172416647332591","1.617085961141707",
"536","ENGAGE-Feasibility-Maximum-Effort/Technology & Enablers & Institutional [Optimistic]","MESSAGEix-GLOBIOM 1.1","Final Energy|Residential and Commercial","EJ/yr","[object Object]",2070,8.549589135365096,"1.617085961141707","1.172416647332591","2048","417.3793569532783","371.7047208582908","-323.8993242939251","2058","2068","GW1",,"failed","medium","ok","ok","ok","ok","medium","medium","medium","ok",,"ok",,"C2","C2: Below 1.5°C with high OS",,,"0","28.78411231271815","23.904982259192188",,"417.3793569532783","1.172416647332591","1.617085961141707",
"536","ENGAGE-Feasibility-Maximum-Effort/Technology & Enablers & Institutional [Optimistic]","MESSAGEix-GLOBIOM 1.1","Final Energy|Residential and Commercial","EJ/yr","[object Object]",2080,8.462370056942733,"1.617085961141707","1.172416647332591","2048","417.3793569532783","371.7047208582908","-323.8993242939251","2058","2068","GW1",,"failed","medium","ok","ok","ok","ok","medium","medium","medium","ok",,"ok",,"C2","C2: Below 1.5°C with high OS",,,"0","28.78411231271815","23.904982259192188",,"417.3793569532783","1.172416647332591","1.617085961141707",
"536","ENGAGE-Feasibility-Maximum-Effort/Technology & Enablers & Institutional [Optimistic]","MESSAGEix-GLOBIOM 1.1","Final Energy|Residential and Commercial","EJ/yr","[object Object]",2090,8.341882772056,"1.617085961141707","1.172416647332591","2048","417.3793569532783","371.7047208582908","-323.8993242939251","2058","2068","GW1",,"failed","medium","ok","ok","ok","ok","medium","medium","medium","ok",,"ok",,"C2","C2: Below 1.5°C with high OS",,,"0","28.78411231271815","23.904982259192188",,"417.3793569532783","1.172416647332591","1.617085961141707",
"536","ENGAGE-Feasibility-Maximum-Effort/Technology & Enablers & Institutional [Optimistic]","MESSAGEix-GLOBIOM 1.1","Final Energy|Residential and Commercial","EJ/yr","[object Object]",2100,8.233596811130704,"1.617085961141707","1.172416647332591","2048","417.3793569532783","371.7047208582908","-323.8993242939251","2058","2068","GW1",,"failed","medium","ok","ok","ok","ok","medium","medium","medium","ok",,"ok",,"C2","C2: Below 1.5°C with high OS",,,"0","28.78411231271815","23.904982259192188",,"417.3793569532783","1.172416647332591","1.617085961141707",
"549","ENGAGE-Feasibility-Maximum-Effort/Technology","POLES-JRC ENGAGE","Final Energy|Residential and Commercial","EJ/yr","[object Object]",2010,22.42113876342773,"1.573720329148047","1.453277919594667","2038",,"-219.89071072387696","-686.244437713623","2051","2063","GW1",,"failed",,,,"medium","medium","medium","ok","ok",,,"medium",,"C1","C1: Below 1.5°C with no or limited overshoot",,,"0","18.63668760058303","15.638448471326964",,"0","1.453277919594667","1.573720329148047",
"549","ENGAGE-Feasibility-Maximum-Effort/Technology","POLES-JRC ENGAGE","Final Energy|Residential and Commercial","EJ/yr","[object Object]",2015,20.07947731018066,"1.573720329148047","1.453277919594667","2038",,"-219.89071072387696","-686.244437713623","2051","2063","GW1",,"failed",,,,"medium","medium","medium","ok","ok",,,"medium",,"C1","C1: Below 1.5°C with no or limited overshoot",,,"0","18.63668760058303","15.638448471326964",,"0","1.453277919594667","1.573720329148047",
"549","ENGAGE-Feasibility-Maximum-Effort/Technology","POLES-JRC ENGAGE","Final Energy|Residential and Commercial","EJ/yr","[object Object]",2020,19.74495124816895,"1.573720329148047","1.453277919594667","2038",,"-219.89071072387696","-686.244437713623","2051","2063","GW1",,"failed",,,,"medium","medium","medium","ok","ok",,,"medium",,"C1","C1: Below 1.5°C with no or limited overshoot",,,"0","18.63668760058303","15.638448471326964",,"0","1.453277919594667","1.573720329148047",
"549","ENGAGE-Feasibility-Maximum-Effort/Technology","POLES-JRC ENGAGE","Final Energy|Residential and Commercial","EJ/yr","[object Object]",2025,18.59490394592285,"1.573720329148047","1.453277919594667","2038",,"-219.89071072387696","-686.244437713623","2051","2063","GW1",,"failed",,,,"medium","medium","medium","ok","ok",,,"medium",,"C1","C1: Below 1.5°C with no or limited overshoot",,,"0","18.63668760058303","15.638448471326964",,"0","1.453277919594667","1.573720329148047",
"549","ENGAGE-Feasibility-Maximum-Effort/Technology","POLES-JRC ENGAGE","Final Energy|Residential and Commercial","EJ/yr","[object Object]",2030,15.61561870574951,"1.573720329148047","1.453277919594667","2038",,"-219.89071072387696","-686.244437713623","2051","2063","GW1",,"failed",,,,"medium","medium","medium","ok","ok",,,"medium",,"C1","C1: Below 1.5°C with no or limited overshoot",,,"0","18.63668760058303","15.638448471326964",,"0","1.453277919594667","1.573720329148047",
"549","ENGAGE-Feasibility-Maximum-Effort/Technology","POLES-JRC ENGAGE","Final Energy|Residential and Commercial","EJ/yr","[object Object]",2035,13.09878253936768,"1.573720329148047","1.453277919594667","2038",,"-219.89071072387696","-686.244437713623","2051","2063","GW1",,"failed",,,,"medium","medium","medium","ok","ok",,,"medium",,"C1","C1: Below 1.5°C with no or limited overshoot",,,"0","18.63668760058303","15.638448471326964",,"0","1.453277919594667","1.573720329148047",
"549","ENGAGE-Feasibility-Maximum-Effort/Technology","POLES-JRC ENGAGE","Final Energy|Residential and Commercial","EJ/yr","[object Object]",2040,12.11931705474854,"1.573720329148047","1.453277919594667","2038",,"-219.89071072387696","-686.244437713623","2051","2063","GW1",,"failed",,,,"medium","medium","medium","ok","ok",,,"medium",,"C1","C1: Below 1.5°C with no or limited overshoot",,,"0","18.63668760058303","15.638448471326964",,"0","1.453277919594667","1.573720329148047",
"549","ENGAGE-Feasibility-Maximum-Effort/Technology","POLES-JRC ENGAGE","Final Energy|Residential and Commercial","EJ/yr","[object Object]",2045,12.25157833099365,"1.573720329148047","1.453277919594667","2038",,"-219.89071072387696","-686.244437713623","2051","2063","GW1",,"failed",,,,"medium","medium","medium","ok","ok",,,"medium",,"C1","C1: Below 1.5°C with no or limited overshoot",,,"0","18.63668760058303","15.638448471326964",,"0","1.453277919594667","1.573720329148047",
"549","ENGAGE-Feasibility-Maximum-Effort/Technology","POLES-JRC ENGAGE","Final Energy|Residential and Commercial","EJ/yr","[object Object]",2050,12.88687229156494,"1.573720329148047","1.453277919594667","2038",,"-219.89071072387696","-686.244437713623","2051","2063","GW1",,"failed",,,,"medium","medium","medium","ok","ok",,,"medium",,"C1","C1: Below 1.5°C with no or limited overshoot",,,"0","18.63668760058303","15.638448471326964",,"0","1.453277919594667","1.573720329148047",
"549","ENGAGE-Feasibility-Maximum-Effort/Technology","POLES-JRC ENGAGE","Final Energy|Residential and Commercial","EJ/yr","[object Object]",2060,13.31917095184326,"1.573720329148047","1.453277919594667","2038",,"-219.89071072387696","-686.244437713623","2051","2063","GW1",,"failed",,,,"medium","medium","medium","ok","ok",,,"medium",,"C1","C1: Below 1.5°C with no or limited overshoot",,,"0","18.63668760058303","15.638448471326964",,"0","1.453277919594667","1.573720329148047",
"549","ENGAGE-Feasibility-Maximum-Effort/Technology","POLES-JRC ENGAGE","Final Energy|Residential and Commercial","EJ/yr","[object Object]",2070,12.27483463287354,"1.573720329148047","1.453277919594667","2038",,"-219.89071072387696","-686.244437713623","2051","2063","GW1",,"failed",,,,"medium","medium","medium","ok","ok",,,"medium",,"C1","C1: Below 1.5°C with no or limited overshoot",,,"0","18.63668760058303","15.638448471326964",,"0","1.453277919594667","1.573720329148047",
"549","ENGAGE-Feasibility-Maximum-Effort/Technology","POLES-JRC ENGAGE","Final Energy|Residential and Commercial","EJ/yr","[object Object]",2080,11.86320400238037,"1.573720329148047","1.453277919594667","2038",,"-219.89071072387696","-686.244437713623","2051","2063","GW1",,"failed",,,,"medium","medium","medium","ok","ok",,,"medium",,"C1","C1: Below 1.5°C with no or limited overshoot",,,"0","18.63668760058303","15.638448471326964",,"0","1.453277919594667","1.573720329148047",
"549","ENGAGE-Feasibility-Maximum-Effort/Technology","POLES-JRC ENGAGE","Final Energy|Residential and Commercial","EJ/yr","[object Object]",2090,11.86746501922607,"1.573720329148047","1.453277919594667","2038",,"-219.89071072387696","-686.244437713623","2051","2063","GW1",,"failed",,,,"medium","medium","medium","ok","ok",,,"medium",,"C1","C1: Below 1.5°C with no or limited overshoot",,,"0","18.63668760058303","15.638448471326964",,"0","1.453277919594667","1.573720329148047",
"549","ENGAGE-Feasibility-Maximum-Effort/Technology","POLES-JRC ENGAGE","Final Energy|Residential and Commercial","EJ/yr","[object Object]",2100,12.08360004425049,"1.573720329148047","1.453277919594667","2038",,"-219.89071072387696","-686.244437713623","2051","2063","GW1",,"failed",,,,"medium","medium","medium","ok","ok",,,"medium",,"C1","C1: Below 1.5°C with no or limited overshoot",,,"0","18.63668760058303","15.638448471326964",,"0","1.453277919594667","1.573720329148047",
"556","ENGAGE-Feasibility-Maximum-Effort/Cost-Effective","REMIND 3.0","Final Energy|Residential and Commercial","EJ/yr","[object Object]",2010,22.327251699999998,"1.517792503722221","1.331962995962937","2037","302.50206732545","425.1342915663501","-34.38397034141","2044",,"GW0",,"failed","high","medium","ok","medium","ok","medium","medium","ok","ok",,"medium",,"C1","C1: Below 1.5°C with no or limited overshoot",,,"0","3.553118583448826","28.028849856201106",,"302.50206732545","1.331962995962937","1.517792503722221",
"556","ENGAGE-Feasibility-Maximum-Effort/Cost-Effective","REMIND 3.0","Final Energy|Residential and Commercial","EJ/yr","[object Object]",2015,20.0997852,"1.517792503722221","1.331962995962937","2037","302.50206732545","425.1342915663501","-34.38397034141","2044",,"GW0",,"failed","high","medium","ok","medium","ok","medium","medium","ok","ok",,"medium",,"C1","C1: Below 1.5°C with no or limited overshoot",,,"0","3.553118583448826","28.028849856201106",,"302.50206732545","1.331962995962937","1.517792503722221",
"556","ENGAGE-Feasibility-Maximum-Effort/Cost-Effective","REMIND 3.0","Final Energy|Residential and Commercial","EJ/yr","[object Object]",2020,20.9052365,"1.517792503722221","1.331962995962937","2037","302.50206732545","425.1342915663501","-34.38397034141","2044",,"GW0",,"failed","high","medium","ok","medium","ok","medium","medium","ok","ok",,"medium",,"C1","C1: Below 1.5°C with no or limited overshoot",,,"0","3.553118583448826","28.028849856201106",,"302.50206732545","1.331962995962937","1.517792503722221",
"556","ENGAGE-Feasibility-Maximum-Effort/Cost-Effective","REMIND 3.0","Final Energy|Residential and Commercial","EJ/yr","[object Object]",2025,19.7869119,"1.517792503722221","1.331962995962937","2037","302.50206732545","425.1342915663501","-34.38397034141","2044",,"GW0",,"failed","high","medium","ok","medium","ok","medium","medium","ok","ok",,"medium",,"C1","C1: Below 1.5°C with no or limited overshoot",,,"0","3.553118583448826","28.028849856201106",,"302.50206732545","1.331962995962937","1.517792503722221",
"556","ENGAGE-Feasibility-Maximum-Effort/Cost-Effective","REMIND 3.0","Final Energy|Residential and Commercial","EJ/yr","[object Object]",2030,18.4471147,"1.517792503722221","1.331962995962937","2037","302.50206732545","425.1342915663501","-34.38397034141","2044",,"GW0",,"failed","high","medium","ok","medium","ok","medium","medium","ok","ok",,"medium",,"C1","C1: Below 1.5°C with no or limited overshoot",,,"0","3.553118583448826","28.028849856201106",,"302.50206732545","1.331962995962937","1.517792503722221",
"556","ENGAGE-Feasibility-Maximum-Effort/Cost-Effective","REMIND 3.0","Final Energy|Residential and Commercial","EJ/yr","[object Object]",2035,16.5773018,"1.517792503722221","1.331962995962937","2037","302.50206732545","425.1342915663501","-34.38397034141","2044",,"GW0",,"failed","high","medium","ok","medium","ok","medium","medium","ok","ok",,"medium",,"C1","C1: Below 1.5°C with no or limited overshoot",,,"0","3.553118583448826","28.028849856201106",,"302.50206732545","1.331962995962937","1.517792503722221",
"556","ENGAGE-Feasibility-Maximum-Effort/Cost-Effective","REMIND 3.0","Final Energy|Residential and Commercial","EJ/yr","[object Object]",2040,14.5929176,"1.517792503722221","1.331962995962937","2037","302.50206732545","425.1342915663501","-34.38397034141","2044",,"GW0",,"failed","high","medium","ok","medium","ok","medium","medium","ok","ok",,"medium",,"C1","C1: Below 1.5°C with no or limited overshoot",,,"0","3.553118583448826","28.028849856201106",,"302.50206732545","1.331962995962937","1.517792503722221",
"556","ENGAGE-Feasibility-Maximum-Effort/Cost-Effective","REMIND 3.0","Final Energy|Residential and Commercial","EJ/yr","[object Object]",2045,14.447739499999999,"1.517792503722221","1.331962995962937","2037","302.50206732545","425.1342915663501","-34.38397034141","2044",,"GW0",,"failed","high","medium","ok","medium","ok","medium","medium","ok","ok",,"medium",,"C1","C1: Below 1.5°C with no or limited overshoot",,,"0","3.553118583448826","28.028849856201106",,"302.50206732545","1.331962995962937","1.517792503722221",
"556","ENGAGE-Feasibility-Maximum-Effort/Cost-Effective","REMIND 3.0","Final Energy|Residential and Commercial","EJ/yr","[object Object]",2050,14.160121100000001,"1.517792503722221","1.331962995962937","2037","302.50206732545","425.1342915663501","-34.38397034141","2044",,"GW0",,"failed","high","medium","ok","medium","ok","medium","medium","ok","ok",,"medium",,"C1","C1: Below 1.5°C with no or limited overshoot",,,"0","3.553118583448826","28.028849856201106",,"302.50206732545","1.331962995962937","1.517792503722221",
"556","ENGAGE-Feasibility-Maximum-Effort/Cost-Effective","REMIND 3.0","Final Energy|Residential and Commercial","EJ/yr","[object Object]",2055,13.7814277,"1.517792503722221","1.331962995962937","2037","302.50206732545","425.1342915663501","-34.38397034141","2044",,"GW0",,"failed","high","medium","ok","medium","ok","medium","medium","ok","ok",,"medium",,"C1","C1: Below 1.5°C with no or limited overshoot",,,"0","3.553118583448826","28.028849856201106",,"302.50206732545","1.331962995962937","1.517792503722221",
"556","ENGAGE-Feasibility-Maximum-Effort/Cost-Effective","REMIND 3.0","Final Energy|Residential and Commercial","EJ/yr","[object Object]",2060,13.7994901,"1.517792503722221","1.331962995962937","2037","302.50206732545","425.1342915663501","-34.38397034141","2044",,"GW0",,"failed","high","medium","ok","medium","ok","medium","medium","ok","ok",,"medium",,"C1","C1: Below 1.5°C with no or limited overshoot",,,"0","3.553118583448826","28.028849856201106",,"302.50206732545","1.331962995962937","1.517792503722221",
"556","ENGAGE-Feasibility-Maximum-Effort/Cost-Effective","REMIND 3.0","Final Energy|Residential and Commercial","EJ/yr","[object Object]",2070,13.846662499999999,"1.517792503722221","1.331962995962937","2037","302.50206732545","425.1342915663501","-34.38397034141","2044",,"GW0",,"failed","high","medium","ok","medium","ok","medium","medium","ok","ok",,"medium",,"C1","C1: Below 1.5°C with no or limited overshoot",,,"0","3.553118583448826","28.028849856201106",,"302.50206732545","1.331962995962937","1.517792503722221",
"556","ENGAGE-Feasibility-Maximum-Effort/Cost-Effective","REMIND 3.0","Final Energy|Residential and Commercial","EJ/yr","[object Object]",2080,14.6689123,"1.517792503722221","1.331962995962937","2037","302.50206732545","425.1342915663501","-34.38397034141","2044",,"GW0",,"failed","high","medium","ok","medium","ok","medium","medium","ok","ok",,"medium",,"C1","C1: Below 1.5°C with no or limited overshoot",,,"0","3.553118583448826","28.028849856201106",,"302.50206732545","1.331962995962937","1.517792503722221",
"556","ENGAGE-Feasibility-Maximum-Effort/Cost-Effective","REMIND 3.0","Final Energy|Residential and Commercial","EJ/yr","[object Object]",2090,15.4471737,"1.517792503722221","1.331962995962937","2037","302.50206732545","425.1342915663501","-34.38397034141","2044",,"GW0",,"failed","high","medium","ok","medium","ok","medium","medium","ok","ok",,"medium",,"C1","C1: Below 1.5°C with no or limited overshoot",,,"0","3.553118583448826","28.028849856201106",,"302.50206732545","1.331962995962937","1.517792503722221",
"556","ENGAGE-Feasibility-Maximum-Effort/Cost-Effective","REMIND 3.0","Final Energy|Residential and Commercial","EJ/yr","[object Object]",2100,15.733508200000001,"1.517792503722221","1.331962995962937","2037","302.50206732545","425.1342915663501","-34.38397034141","2044",,"GW0",,"failed","high","medium","ok","medium","ok","medium","medium","ok","ok",,"medium",,"C1","C1: Below 1.5°C with no or limited overshoot",,,"0","3.553118583448826","28.028849856201106",,"302.50206732545","1.331962995962937","1.517792503722221",
"557","ENGAGE-Feasibility-Maximum-Effort/Enablers & Institutional","REMIND 3.0","Final Energy|Residential and Commercial","EJ/yr","[object Object]",2010,22.327251699999998,"1.615753040466559","1.432619041000912","2048","309.86357948165005","582.7368492793998","-40.9898985162","2055",,"GW1",,"failed","medium","ok","ok","ok","ok","ok","ok","ok","ok",,"medium",,"C1","C1: Below 1.5°C with no or limited overshoot",,,"0","2.01639615947193","46.04610195987455",,"309.86357948165005","1.432619041000912","1.615753040466559",
"557","ENGAGE-Feasibility-Maximum-Effort/Enablers & Institutional","REMIND 3.0","Final Energy|Residential and Commercial","EJ/yr","[object Object]",2015,20.0997852,"1.615753040466559","1.432619041000912","2048","309.86357948165005","582.7368492793998","-40.9898985162","2055",,"GW1",,"failed","medium","ok","ok","ok","ok","ok","ok","ok","ok",,"medium",,"C1","C1: Below 1.5°C with no or limited overshoot",,,"0","2.01639615947193","46.04610195987455",,"309.86357948165005","1.432619041000912","1.615753040466559",
"557","ENGAGE-Feasibility-Maximum-Effort/Enablers & Institutional","REMIND 3.0","Final Energy|Residential and Commercial","EJ/yr","[object Object]",2020,20.9052365,"1.615753040466559","1.432619041000912","2048","309.86357948165005","582.7368492793998","-40.9898985162","2055",,"GW1",,"failed","medium","ok","ok","ok","ok","ok","ok","ok","ok",,"medium",,"C1","C1: Below 1.5°C with no or limited overshoot",,,"0","2.01639615947193","46.04610195987455",,"309.86357948165005","1.432619041000912","1.615753040466559",
"557","ENGAGE-Feasibility-Maximum-Effort/Enablers & Institutional","REMIND 3.0","Final Energy|Residential and Commercial","EJ/yr","[object Object]",2025,22.0032514,"1.615753040466559","1.432619041000912","2048","309.86357948165005","582.7368492793998","-40.9898985162","2055",,"GW1",,"failed","medium","ok","ok","ok","ok","ok","ok","ok","ok",,"medium",,"C1","C1: Below 1.5°C with no or limited overshoot",,,"0","2.01639615947193","46.04610195987455",,"309.86357948165005","1.432619041000912","1.615753040466559",
"557","ENGAGE-Feasibility-Maximum-Effort/Enablers & Institutional","REMIND 3.0","Final Energy|Residential and Commercial","EJ/yr","[object Object]",2030,18.766155899999998,"1.615753040466559","1.432619041000912","2048","309.86357948165005","582.7368492793998","-40.9898985162","2055",,"GW1",,"failed","medium","ok","ok","ok","ok","ok","ok","ok","ok",,"medium",,"C1","C1: Below 1.5°C with no or limited overshoot",,,"0","2.01639615947193","46.04610195987455",,"309.86357948165005","1.432619041000912","1.615753040466559",
"557","ENGAGE-Feasibility-Maximum-Effort/Enablers & Institutional","REMIND 3.0","Final Energy|Residential and Commercial","EJ/yr","[object Object]",2035,16.719442100000002,"1.615753040466559","1.432619041000912","2048","309.86357948165005","582.7368492793998","-40.9898985162","2055",,"GW1",,"failed","medium","ok","ok","ok","ok","ok","ok","ok","ok",,"medium",,"C1","C1: Below 1.5°C with no or limited overshoot",,,"0","2.01639615947193","46.04610195987455",,"309.86357948165005","1.432619041000912","1.615753040466559",
"557","ENGAGE-Feasibility-Maximum-Effort/Enablers & Institutional","REMIND 3.0","Final Energy|Residential and Commercial","EJ/yr","[object Object]",2040,15.223154699999998,"1.615753040466559","1.432619041000912","2048","309.86357948165005","582.7368492793998","-40.9898985162","2055",,"GW1",,"failed","medium","ok","ok","ok","ok","ok","ok","ok","ok",,"medium",,"C1","C1: Below 1.5°C with no or limited overshoot",,,"0","2.01639615947193","46.04610195987455",,"309.86357948165005","1.432619041000912","1.615753040466559",
"557","ENGAGE-Feasibility-Maximum-Effort/Enablers & Institutional","REMIND 3.0","Final Energy|Residential and Commercial","EJ/yr","[object Object]",2045,13.9092942,"1.615753040466559","1.432619041000912","2048","309.86357948165005","582.7368492793998","-40.9898985162","2055",,"GW1",,"failed","medium","ok","ok","ok","ok","ok","ok","ok","ok",,"medium",,"C1","C1: Below 1.5°C with no or limited overshoot",,,"0","2.01639615947193","46.04610195987455",,"309.86357948165005","1.432619041000912","1.615753040466559",
"557","ENGAGE-Feasibility-Maximum-Effort/Enablers & Institutional","REMIND 3.0","Final Energy|Residential and Commercial","EJ/yr","[object Object]",2050,13.5825681,"1.615753040466559","1.432619041000912","2048","309.86357948165005","582.7368492793998","-40.9898985162","2055",,"GW1",,"failed","medium","ok","ok","ok","ok","ok","ok","ok","ok",,"medium",,"C1","C1: Below 1.5°C with no or limited overshoot",,,"0","2.01639615947193","46.04610195987455",,"309.86357948165005","1.432619041000912","1.615753040466559",
"557","ENGAGE-Feasibility-Maximum-Effort/Enablers & Institutional","REMIND 3.0","Final Energy|Residential and Commercial","EJ/yr","[object Object]",2055,12.8865607,"1.615753040466559","1.432619041000912","2048","309.86357948165005","582.7368492793998","-40.9898985162","2055",,"GW1",,"failed","medium","ok","ok","ok","ok","ok","ok","ok","ok",,"medium",,"C1","C1: Below 1.5°C with no or limited overshoot",,,"0","2.01639615947193","46.04610195987455",,"309.86357948165005","1.432619041000912","1.615753040466559",
"557","ENGAGE-Feasibility-Maximum-Effort/Enablers & Institutional","REMIND 3.0","Final Energy|Residential and Commercial","EJ/yr","[object Object]",2060,13.0218018,"1.615753040466559","1.432619041000912","2048","309.86357948165005","582.7368492793998","-40.9898985162","2055",,"GW1",,"failed","medium","ok","ok","ok","ok","ok","ok","ok","ok",,"medium",,"C1","C1: Below 1.5°C with no or limited overshoot",,,"0","2.01639615947193","46.04610195987455",,"309.86357948165005","1.432619041000912","1.615753040466559",
"557","ENGAGE-Feasibility-Maximum-Effort/Enablers & Institutional","REMIND 3.0","Final Energy|Residential and Commercial","EJ/yr","[object Object]",2070,13.0804618,"1.615753040466559","1.432619041000912","2048","309.86357948165005","582.7368492793998","-40.9898985162","2055",,"GW1",,"failed","medium","ok","ok","ok","ok","ok","ok","ok","ok",,"medium",,"C1","C1: Below 1.5°C with no or limited overshoot",,,"0","2.01639615947193","46.04610195987455",,"309.86357948165005","1.432619041000912","1.615753040466559",
"557","ENGAGE-Feasibility-Maximum-Effort/Enablers & Institutional","REMIND 3.0","Final Energy|Residential and Commercial","EJ/yr","[object Object]",2080,13.98028,"1.615753040466559","1.432619041000912","2048","309.86357948165005","582.7368492793998","-40.9898985162","2055",,"GW1",,"failed","medium","ok","ok","ok","ok","ok","ok","ok","ok",,"medium",,"C1","C1: Below 1.5°C with no or limited overshoot",,,"0","2.01639615947193","46.04610195987455",,"309.86357948165005","1.432619041000912","1.615753040466559",
"557","ENGAGE-Feasibility-Maximum-Effort/Enablers & Institutional","REMIND 3.0","Final Energy|Residential and Commercial","EJ/yr","[object Object]",2090,14.696662,"1.615753040466559","1.432619041000912","2048","309.86357948165005","582.7368492793998","-40.9898985162","2055",,"GW1",,"failed","medium","ok","ok","ok","ok","ok","ok","ok","ok",,"medium",,"C1","C1: Below 1.5°C with no or limited overshoot",,,"0","2.01639615947193","46.04610195987455",,"309.86357948165005","1.432619041000912","1.615753040466559",
"557","ENGAGE-Feasibility-Maximum-Effort/Enablers & Institutional","REMIND 3.0","Final Energy|Residential and Commercial","EJ/yr","[object Object]",2100,15.5619612,"1.615753040466559","1.432619041000912","2048","309.86357948165005","582.7368492793998","-40.9898985162","2055",,"GW1",,"failed","medium","ok","ok","ok","ok","ok","ok","ok","ok",,"medium",,"C1","C1: Below 1.5°C with no or limited overshoot",,,"0","2.01639615947193","46.04610195987455",,"309.86357948165005","1.432619041000912","1.615753040466559",
"558","ENGAGE-Feasibility-Maximum-Effort/Enablers & Institutional [Optimistic]","REMIND 3.0","Final Energy|Residential and Commercial","EJ/yr","[object Object]",2010,22.327251699999998,"1.591797192486325","1.407698635704859","2048","294.83681370610003","526.0640463581999","-41.39099023472","2052",,"GW1",,"failed","medium","ok","ok","ok","ok","ok","ok","ok","ok",,"medium",,"C1","C1: Below 1.5°C with no or limited overshoot",,,"0","1.4326687005087477","42.931038010010525",,"294.83681370610003","1.407698635704859","1.591797192486325",
"558","ENGAGE-Feasibility-Maximum-Effort/Enablers & Institutional [Optimistic]","REMIND 3.0","Final Energy|Residential and Commercial","EJ/yr","[object Object]",2015,20.0997852,"1.591797192486325","1.407698635704859","2048","294.83681370610003","526.0640463581999","-41.39099023472","2052",,"GW1",,"failed","medium","ok","ok","ok","ok","ok","ok","ok","ok",,"medium",,"C1","C1: Below 1.5°C with no or limited overshoot",,,"0","1.4326687005087477","42.931038010010525",,"294.83681370610003","1.407698635704859","1.591797192486325",
"558","ENGAGE-Feasibility-Maximum-Effort/Enablers & Institutional [Optimistic]","REMIND 3.0","Final Energy|Residential and Commercial","EJ/yr","[object Object]",2020,20.9052365,"1.591797192486325","1.407698635704859","2048","294.83681370610003","526.0640463581999","-41.39099023472","2052",,"GW1",,"failed","medium","ok","ok","ok","ok","ok","ok","ok","ok",,"medium",,"C1","C1: Below 1.5°C with no or limited overshoot",,,"0","1.4326687005087477","42.931038010010525",,"294.83681370610003","1.407698635704859","1.591797192486325",
"558","ENGAGE-Feasibility-Maximum-Effort/Enablers & Institutional [Optimistic]","REMIND 3.0","Final Energy|Residential and Commercial","EJ/yr","[object Object]",2025,22.0203689,"1.591797192486325","1.407698635704859","2048","294.83681370610003","526.0640463581999","-41.39099023472","2052",,"GW1",,"failed","medium","ok","ok","ok","ok","ok","ok","ok","ok",,"medium",,"C1","C1: Below 1.5°C with no or limited overshoot",,,"0","1.4326687005087477","42.931038010010525",,"294.83681370610003","1.407698635704859","1.591797192486325",
"558","ENGAGE-Feasibility-Maximum-Effort/Enablers & Institutional [Optimistic]","REMIND 3.0","Final Energy|Residential and Commercial","EJ/yr","[object Object]",2030,18.8177998,"1.591797192486325","1.407698635704859","2048","294.83681370610003","526.0640463581999","-41.39099023472","2052",,"GW1",,"failed","medium","ok","ok","ok","ok","ok","ok","ok","ok",,"medium",,"C1","C1: Below 1.5°C with no or limited overshoot",,,"0","1.4326687005087477","42.931038010010525",,"294.83681370610003","1.407698635704859","1.591797192486325",
"558","ENGAGE-Feasibility-Maximum-Effort/Enablers & Institutional [Optimistic]","REMIND 3.0","Final Energy|Residential and Commercial","EJ/yr","[object Object]",2035,16.7756402,"1.591797192486325","1.407698635704859","2048","294.83681370610003","526.0640463581999","-41.39099023472","2052",,"GW1",,"failed","medium","ok","ok","ok","ok","ok","ok","ok","ok",,"medium",,"C1","C1: Below 1.5°C with no or limited overshoot",,,"0","1.4326687005087477","42.931038010010525",,"294.83681370610003","1.407698635704859","1.591797192486325",
"558","ENGAGE-Feasibility-Maximum-Effort/Enablers & Institutional [Optimistic]","REMIND 3.0","Final Energy|Residential and Commercial","EJ/yr","[object Object]",2040,14.406560200000001,"1.591797192486325","1.407698635704859","2048","294.83681370610003","526.0640463581999","-41.39099023472","2052",,"GW1",,"failed","medium","ok","ok","ok","ok","ok","ok","ok","ok",,"medium",,"C1","C1: Below 1.5°C with no or limited overshoot",,,"0","1.4326687005087477","42.931038010010525",,"294.83681370610003","1.407698635704859","1.591797192486325",
"558","ENGAGE-Feasibility-Maximum-Effort/Enablers & Institutional [Optimistic]","REMIND 3.0","Final Energy|Residential and Commercial","EJ/yr","[object Object]",2045,13.984444199999999,"1.591797192486325","1.407698635704859","2048","294.83681370610003","526.0640463581999","-41.39099023472","2052",,"GW1",,"failed","medium","ok","ok","ok","ok","ok","ok","ok","ok",,"medium",,"C1","C1: Below 1.5°C with no or limited overshoot",,,"0","1.4326687005087477","42.931038010010525",,"294.83681370610003","1.407698635704859","1.591797192486325",
"558","ENGAGE-Feasibility-Maximum-Effort/Enablers & Institutional [Optimistic]","REMIND 3.0","Final Energy|Residential and Commercial","EJ/yr","[object Object]",2050,13.947863900000002,"1.591797192486325","1.407698635704859","2048","294.83681370610003","526.0640463581999","-41.39099023472","2052",,"GW1",,"failed","medium","ok","ok","ok","ok","ok","ok","ok","ok",,"medium",,"C1","C1: Below 1.5°C with no or limited overshoot",,,"0","1.4326687005087477","42.931038010010525",,"294.83681370610003","1.407698635704859","1.591797192486325",
"558","ENGAGE-Feasibility-Maximum-Effort/Enablers & Institutional [Optimistic]","REMIND 3.0","Final Energy|Residential and Commercial","EJ/yr","[object Object]",2055,13.2476445,"1.591797192486325","1.407698635704859","2048","294.83681370610003","526.0640463581999","-41.39099023472","2052",,"GW1",,"failed","medium","ok","ok","ok","ok","ok","ok","ok","ok",,"medium",,"C1","C1: Below 1.5°C with no or limited overshoot",,,"0","1.4326687005087477","42.931038010010525",,"294.83681370610003","1.407698635704859","1.591797192486325",
"558","ENGAGE-Feasibility-Maximum-Effort/Enablers & Institutional [Optimistic]","REMIND 3.0","Final Energy|Residential and Commercial","EJ/yr","[object Object]",2060,13.258669399999999,"1.591797192486325","1.407698635704859","2048","294.83681370610003","526.0640463581999","-41.39099023472","2052",,"GW1",,"failed","medium","ok","ok","ok","ok","ok","ok","ok","ok",,"medium",,"C1","C1: Below 1.5°C with no or limited overshoot",,,"0","1.4326687005087477","42.931038010010525",,"294.83681370610003","1.407698635704859","1.591797192486325",
"558","ENGAGE-Feasibility-Maximum-Effort/Enablers & Institutional [Optimistic]","REMIND 3.0","Final Energy|Residential and Commercial","EJ/yr","[object Object]",2070,13.1536687,"1.591797192486325","1.407698635704859","2048","294.83681370610003","526.0640463581999","-41.39099023472","2052",,"GW1",,"failed","medium","ok","ok","ok","ok","ok","ok","ok","ok",,"medium",,"C1","C1: Below 1.5°C with no or limited overshoot",,,"0","1.4326687005087477","42.931038010010525",,"294.83681370610003","1.407698635704859","1.591797192486325",
"558","ENGAGE-Feasibility-Maximum-Effort/Enablers & Institutional [Optimistic]","REMIND 3.0","Final Energy|Residential and Commercial","EJ/yr","[object Object]",2080,14.0032869,"1.591797192486325","1.407698635704859","2048","294.83681370610003","526.0640463581999","-41.39099023472","2052",,"GW1",,"failed","medium","ok","ok","ok","ok","ok","ok","ok","ok",,"medium",,"C1","C1: Below 1.5°C with no or limited overshoot",,,"0","1.4326687005087477","42.931038010010525",,"294.83681370610003","1.407698635704859","1.591797192486325",
"558","ENGAGE-Feasibility-Maximum-Effort/Enablers & Institutional [Optimistic]","REMIND 3.0","Final Energy|Residential and Commercial","EJ/yr","[object Object]",2090,14.820550699999998,"1.591797192486325","1.407698635704859","2048","294.83681370610003","526.0640463581999","-41.39099023472","2052",,"GW1",,"failed","medium","ok","ok","ok","ok","ok","ok","ok","ok",,"medium",,"C1","C1: Below 1.5°C with no or limited overshoot",,,"0","1.4326687005087477","42.931038010010525",,"294.83681370610003","1.407698635704859","1.591797192486325",
"558","ENGAGE-Feasibility-Maximum-Effort/Enablers & Institutional [Optimistic]","REMIND 3.0","Final Energy|Residential and Commercial","EJ/yr","[object Object]",2100,15.1324556,"1.591797192486325","1.407698635704859","2048","294.83681370610003","526.0640463581999","-41.39099023472","2052",,"GW1",,"failed","medium","ok","ok","ok","ok","ok","ok","ok","ok",,"medium",,"C1","C1: Below 1.5°C with no or limited overshoot",,,"0","1.4326687005087477","42.931038010010525",,"294.83681370610003","1.407698635704859","1.591797192486325",
"563","ENGAGE-Feasibility-Maximum-Effort/Technology","REMIND 3.0","Final Energy|Residential and Commercial","EJ/yr","[object Object]",2010,22.327251699999998,"1.513565121588937","1.329694174379346","2037","232.50830058350004","432.0805660699001","-22.455266165300003","2045",,"GW0",,"failed","medium","ok","ok","medium","ok","medium","medium","ok","ok",,"medium",,"C1","C1: Below 1.5°C with no or limited overshoot",,,"0","1.4501646896224847","24.670270398400483",,"232.50830058350004","1.329694174379346","1.513565121588937",
"563","ENGAGE-Feasibility-Maximum-Effort/Technology","REMIND 3.0","Final Energy|Residential and Commercial","EJ/yr","[object Object]",2015,20.0997852,"1.513565121588937","1.329694174379346","2037","232.50830058350004","432.0805660699001","-22.455266165300003","2045",,"GW0",,"failed","medium","ok","ok","medium","ok","medium","medium","ok","ok",,"medium",,"C1","C1: Below 1.5°C with no or limited overshoot",,,"0","1.4501646896224847","24.670270398400483",,"232.50830058350004","1.329694174379346","1.513565121588937",
"563","ENGAGE-Feasibility-Maximum-Effort/Technology","REMIND 3.0","Final Energy|Residential and Commercial","EJ/yr","[object Object]",2020,20.9052365,"1.513565121588937","1.329694174379346","2037","232.50830058350004","432.0805660699001","-22.455266165300003","2045",,"GW0",,"failed","medium","ok","ok","medium","ok","medium","medium","ok","ok",,"medium",,"C1","C1: Below 1.5°C with no or limited overshoot",,,"0","1.4501646896224847","24.670270398400483",,"232.50830058350004","1.329694174379346","1.513565121588937",
"563","ENGAGE-Feasibility-Maximum-Effort/Technology","REMIND 3.0","Final Energy|Residential and Commercial","EJ/yr","[object Object]",2025,19.685564,"1.513565121588937","1.329694174379346","2037","232.50830058350004","432.0805660699001","-22.455266165300003","2045",,"GW0",,"failed","medium","ok","ok","medium","ok","medium","medium","ok","ok",,"medium",,"C1","C1: Below 1.5°C with no or limited overshoot",,,"0","1.4501646896224847","24.670270398400483",,"232.50830058350004","1.329694174379346","1.513565121588937",
"563","ENGAGE-Feasibility-Maximum-Effort/Technology","REMIND 3.0","Final Energy|Residential and Commercial","EJ/yr","[object Object]",2030,18.2980399,"1.513565121588937","1.329694174379346","2037","232.50830058350004","432.0805660699001","-22.455266165300003","2045",,"GW0",,"failed","medium","ok","ok","medium","ok","medium","medium","ok","ok",,"medium",,"C1","C1: Below 1.5°C with no or limited overshoot",,,"0","1.4501646896224847","24.670270398400483",,"232.50830058350004","1.329694174379346","1.513565121588937",
"563","ENGAGE-Feasibility-Maximum-Effort/Technology","REMIND 3.0","Final Energy|Residential and Commercial","EJ/yr","[object Object]",2035,16.357991900000002,"1.513565121588937","1.329694174379346","2037","232.50830058350004","432.0805660699001","-22.455266165300003","2045",,"GW0",,"failed","medium","ok","ok","medium","ok","medium","medium","ok","ok",,"medium",,"C1","C1: Below 1.5°C with no or limited overshoot",,,"0","1.4501646896224847","24.670270398400483",,"232.50830058350004","1.329694174379346","1.513565121588937",
"563","ENGAGE-Feasibility-Maximum-Effort/Technology","REMIND 3.0","Final Energy|Residential and Commercial","EJ/yr","[object Object]",2040,14.5529575,"1.513565121588937","1.329694174379346","2037","232.50830058350004","432.0805660699001","-22.455266165300003","2045",,"GW0",,"failed","medium","ok","ok","medium","ok","medium","medium","ok","ok",,"medium",,"C1","C1: Below 1.5°C with no or limited overshoot",,,"0","1.4501646896224847","24.670270398400483",,"232.50830058350004","1.329694174379346","1.513565121588937",
"563","ENGAGE-Feasibility-Maximum-Effort/Technology","REMIND 3.0","Final Energy|Residential and Commercial","EJ/yr","[object Object]",2045,14.188780999999999,"1.513565121588937","1.329694174379346","2037","232.50830058350004","432.0805660699001","-22.455266165300003","2045",,"GW0",,"failed","medium","ok","ok","medium","ok","medium","medium","ok","ok",,"medium",,"C1","C1: Below 1.5°C with no or limited overshoot",,,"0","1.4501646896224847","24.670270398400483",,"232.50830058350004","1.329694174379346","1.513565121588937",
"563","ENGAGE-Feasibility-Maximum-Effort/Technology","REMIND 3.0","Final Energy|Residential and Commercial","EJ/yr","[object Object]",2050,13.9626913,"1.513565121588937","1.329694174379346","2037","232.50830058350004","432.0805660699001","-22.455266165300003","2045",,"GW0",,"failed","medium","ok","ok","medium","ok","medium","medium","ok","ok",,"medium",,"C1","C1: Below 1.5°C with no or limited overshoot",,,"0","1.4501646896224847","24.670270398400483",,"232.50830058350004","1.329694174379346","1.513565121588937",
"563","ENGAGE-Feasibility-Maximum-Effort/Technology","REMIND 3.0","Final Energy|Residential and Commercial","EJ/yr","[object Object]",2055,13.3824823,"1.513565121588937","1.329694174379346","2037","232.50830058350004","432.0805660699001","-22.455266165300003","2045",,"GW0",,"failed","medium","ok","ok","medium","ok","medium","medium","ok","ok",,"medium",,"C1","C1: Below 1.5°C with no or limited overshoot",,,"0","1.4501646896224847","24.670270398400483",,"232.50830058350004","1.329694174379346","1.513565121588937",
"563","ENGAGE-Feasibility-Maximum-Effort/Technology","REMIND 3.0","Final Energy|Residential and Commercial","EJ/yr","[object Object]",2060,13.353946500000001,"1.513565121588937","1.329694174379346","2037","232.50830058350004","432.0805660699001","-22.455266165300003","2045",,"GW0",,"failed","medium","ok","ok","medium","ok","medium","medium","ok","ok",,"medium",,"C1","C1: Below 1.5°C with no or limited overshoot",,,"0","1.4501646896224847","24.670270398400483",,"232.50830058350004","1.329694174379346","1.513565121588937",
"563","ENGAGE-Feasibility-Maximum-Effort/Technology","REMIND 3.0","Final Energy|Residential and Commercial","EJ/yr","[object Object]",2070,13.430916100000001,"1.513565121588937","1.329694174379346","2037","232.50830058350004","432.0805660699001","-22.455266165300003","2045",,"GW0",,"failed","medium","ok","ok","medium","ok","medium","medium","ok","ok",,"medium",,"C1","C1: Below 1.5°C with no or limited overshoot",,,"0","1.4501646896224847","24.670270398400483",,"232.50830058350004","1.329694174379346","1.513565121588937",
"563","ENGAGE-Feasibility-Maximum-Effort/Technology","REMIND 3.0","Final Energy|Residential and Commercial","EJ/yr","[object Object]",2080,14.4574468,"1.513565121588937","1.329694174379346","2037","232.50830058350004","432.0805660699001","-22.455266165300003","2045",,"GW0",,"failed","medium","ok","ok","medium","ok","medium","medium","ok","ok",,"medium",,"C1","C1: Below 1.5°C with no or limited overshoot",,,"0","1.4501646896224847","24.670270398400483",,"232.50830058350004","1.329694174379346","1.513565121588937",
"563","ENGAGE-Feasibility-Maximum-Effort/Technology","REMIND 3.0","Final Energy|Residential and Commercial","EJ/yr","[object Object]",2090,15.2389099,"1.513565121588937","1.329694174379346","2037","232.50830058350004","432.0805660699001","-22.455266165300003","2045",,"GW0",,"failed","medium","ok","ok","medium","ok","medium","medium","ok","ok",,"medium",,"C1","C1: Below 1.5°C with no or limited overshoot",,,"0","1.4501646896224847","24.670270398400483",,"232.50830058350004","1.329694174379346","1.513565121588937",
"563","ENGAGE-Feasibility-Maximum-Effort/Technology","REMIND 3.0","Final Energy|Residential and Commercial","EJ/yr","[object Object]",2100,15.4721375,"1.513565121588937","1.329694174379346","2037","232.50830058350004","432.0805660699001","-22.455266165300003","2045",,"GW0",,"failed","medium","ok","ok","medium","ok","medium","medium","ok","ok",,"medium",,"C1","C1: Below 1.5°C with no or limited overshoot",,,"0","1.4501646896224847","24.670270398400483",,"232.50830058350004","1.329694174379346","1.513565121588937",
"565","ENGAGE-Feasibility-Maximum-Effort/Technology & Enablers & Institutional [Optimistic]","REMIND 3.0","Final Energy|Residential and Commercial","EJ/yr","[object Object]",2010,22.327251699999998,"1.603090221461312","1.424661059000573","2048","236.65576989325","582.16830430605","-18.737427473949996","2057",,"GW1",,"failed","medium","ok","ok","ok","ok","ok","ok","ok","ok",,"ok",,"C1","C1: Below 1.5°C with no or limited overshoot",,,"0","5.35727433609226","31.421808148781732",,"236.65576989325","1.424661059000573","1.603090221461312",
"565","ENGAGE-Feasibility-Maximum-Effort/Technology & Enablers & Institutional [Optimistic]","REMIND 3.0","Final Energy|Residential and Commercial","EJ/yr","[object Object]",2015,20.0997852,"1.603090221461312","1.424661059000573","2048","236.65576989325","582.16830430605","-18.737427473949996","2057",,"GW1",,"failed","medium","ok","ok","ok","ok","ok","ok","ok","ok",,"ok",,"C1","C1: Below 1.5°C with no or limited overshoot",,,"0","5.35727433609226","31.421808148781732",,"236.65576989325","1.424661059000573","1.603090221461312",
"565","ENGAGE-Feasibility-Maximum-Effort/Technology & Enablers & Institutional [Optimistic]","REMIND 3.0","Final Energy|Residential and Commercial","EJ/yr","[object Object]",2020,20.9052365,"1.603090221461312","1.424661059000573","2048","236.65576989325","582.16830430605","-18.737427473949996","2057",,"GW1",,"failed","medium","ok","ok","ok","ok","ok","ok","ok","ok",,"ok",,"C1","C1: Below 1.5°C with no or limited overshoot",,,"0","5.35727433609226","31.421808148781732",,"236.65576989325","1.424661059000573","1.603090221461312",
"565","ENGAGE-Feasibility-Maximum-Effort/Technology & Enablers & Institutional [Optimistic]","REMIND 3.0","Final Energy|Residential and Commercial","EJ/yr","[object Object]",2025,22.018891600000003,"1.603090221461312","1.424661059000573","2048","236.65576989325","582.16830430605","-18.737427473949996","2057",,"GW1",,"failed","medium","ok","ok","ok","ok","ok","ok","ok","ok",,"ok",,"C1","C1: Below 1.5°C with no or limited overshoot",,,"0","5.35727433609226","31.421808148781732",,"236.65576989325","1.424661059000573","1.603090221461312",
"565","ENGAGE-Feasibility-Maximum-Effort/Technology & Enablers & Institutional [Optimistic]","REMIND 3.0","Final Energy|Residential and Commercial","EJ/yr","[object Object]",2030,19.458623199999998,"1.603090221461312","1.424661059000573","2048","236.65576989325","582.16830430605","-18.737427473949996","2057",,"GW1",,"failed","medium","ok","ok","ok","ok","ok","ok","ok","ok",,"ok",,"C1","C1: Below 1.5°C with no or limited overshoot",,,"0","5.35727433609226","31.421808148781732",,"236.65576989325","1.424661059000573","1.603090221461312",
"565","ENGAGE-Feasibility-Maximum-Effort/Technology & Enablers & Institutional [Optimistic]","REMIND 3.0","Final Energy|Residential and Commercial","EJ/yr","[object Object]",2035,17.7076286,"1.603090221461312","1.424661059000573","2048","236.65576989325","582.16830430605","-18.737427473949996","2057",,"GW1",,"failed","medium","ok","ok","ok","ok","ok","ok","ok","ok",,"ok",,"C1","C1: Below 1.5°C with no or limited overshoot",,,"0","5.35727433609226","31.421808148781732",,"236.65576989325","1.424661059000573","1.603090221461312",
"565","ENGAGE-Feasibility-Maximum-Effort/Technology & Enablers & Institutional [Optimistic]","REMIND 3.0","Final Energy|Residential and Commercial","EJ/yr","[object Object]",2040,15.2066473,"1.603090221461312","1.424661059000573","2048","236.65576989325","582.16830430605","-18.737427473949996","2057",,"GW1",,"failed","medium","ok","ok","ok","ok","ok","ok","ok","ok",,"ok",,"C1","C1: Below 1.5°C with no or limited overshoot",,,"0","5.35727433609226","31.421808148781732",,"236.65576989325","1.424661059000573","1.603090221461312",
"565","ENGAGE-Feasibility-Maximum-Effort/Technology & Enablers & Institutional [Optimistic]","REMIND 3.0","Final Energy|Residential and Commercial","EJ/yr","[object Object]",2045,13.5008517,"1.603090221461312","1.424661059000573","2048","236.65576989325","582.16830430605","-18.737427473949996","2057",,"GW1",,"failed","medium","ok","ok","ok","ok","ok","ok","ok","ok",,"ok",,"C1","C1: Below 1.5°C with no or limited overshoot",,,"0","5.35727433609226","31.421808148781732",,"236.65576989325","1.424661059000573","1.603090221461312",
"565","ENGAGE-Feasibility-Maximum-Effort/Technology & Enablers & Institutional [Optimistic]","REMIND 3.0","Final Energy|Residential and Commercial","EJ/yr","[object Object]",2050,13.4145619,"1.603090221461312","1.424661059000573","2048","236.65576989325","582.16830430605","-18.737427473949996","2057",,"GW1",,"failed","medium","ok","ok","ok","ok","ok","ok","ok","ok",,"ok",,"C1","C1: Below 1.5°C with no or limited overshoot",,,"0","5.35727433609226","31.421808148781732",,"236.65576989325","1.424661059000573","1.603090221461312",
"565","ENGAGE-Feasibility-Maximum-Effort/Technology & Enablers & Institutional [Optimistic]","REMIND 3.0","Final Energy|Residential and Commercial","EJ/yr","[object Object]",2055,12.5446808,"1.603090221461312","1.424661059000573","2048","236.65576989325","582.16830430605","-18.737427473949996","2057",,"GW1",,"failed","medium","ok","ok","ok","ok","ok","ok","ok","ok",,"ok",,"C1","C1: Below 1.5°C with no or limited overshoot",,,"0","5.35727433609226","31.421808148781732",,"236.65576989325","1.424661059000573","1.603090221461312",
"565","ENGAGE-Feasibility-Maximum-Effort/Technology & Enablers & Institutional [Optimistic]","REMIND 3.0","Final Energy|Residential and Commercial","EJ/yr","[object Object]",2060,12.726137600000001,"1.603090221461312","1.424661059000573","2048","236.65576989325","582.16830430605","-18.737427473949996","2057",,"GW1",,"failed","medium","ok","ok","ok","ok","ok","ok","ok","ok",,"ok",,"C1","C1: Below 1.5°C with no or limited overshoot",,,"0","5.35727433609226","31.421808148781732",,"236.65576989325","1.424661059000573","1.603090221461312",
"565","ENGAGE-Feasibility-Maximum-Effort/Technology & Enablers & Institutional [Optimistic]","REMIND 3.0","Final Energy|Residential and Commercial","EJ/yr","[object Object]",2070,12.8935065,"1.603090221461312","1.424661059000573","2048","236.65576989325","582.16830430605","-18.737427473949996","2057",,"GW1",,"failed","medium","ok","ok","ok","ok","ok","ok","ok","ok",,"ok",,"C1","C1: Below 1.5°C with no or limited overshoot",,,"0","5.35727433609226","31.421808148781732",,"236.65576989325","1.424661059000573","1.603090221461312",
"565","ENGAGE-Feasibility-Maximum-Effort/Technology & Enablers & Institutional [Optimistic]","REMIND 3.0","Final Energy|Residential and Commercial","EJ/yr","[object Object]",2080,13.9638913,"1.603090221461312","1.424661059000573","2048","236.65576989325","582.16830430605","-18.737427473949996","2057",,"GW1",,"failed","medium","ok","ok","ok","ok","ok","ok","ok","ok",,"ok",,"C1","C1: Below 1.5°C with no or limited overshoot",,,"0","5.35727433609226","31.421808148781732",,"236.65576989325","1.424661059000573","1.603090221461312",
"565","ENGAGE-Feasibility-Maximum-Effort/Technology & Enablers & Institutional [Optimistic]","REMIND 3.0","Final Energy|Residential and Commercial","EJ/yr","[object Object]",2090,14.786203700000002,"1.603090221461312","1.424661059000573","2048","236.65576989325","582.16830430605","-18.737427473949996","2057",,"GW1",,"failed","medium","ok","ok","ok","ok","ok","ok","ok","ok",,"ok",,"C1","C1: Below 1.5°C with no or limited overshoot",,,"0","5.35727433609226","31.421808148781732",,"236.65576989325","1.424661059000573","1.603090221461312",
"565","ENGAGE-Feasibility-Maximum-Effort/Technology & Enablers & Institutional [Optimistic]","REMIND 3.0","Final Energy|Residential and Commercial","EJ/yr","[object Object]",2100,15.21638,"1.603090221461312","1.424661059000573","2048","236.65576989325","582.16830430605","-18.737427473949996","2057",,"GW1",,"failed","medium","ok","ok","ok","ok","ok","ok","ok","ok",,"ok",,"C1","C1: Below 1.5°C with no or limited overshoot",,,"0","5.35727433609226","31.421808148781732",,"236.65576989325","1.424661059000573","1.603090221461312",
"576","ENGAGE-Feasibility-Maximum-Effort/Cost-Effective","WITCH 5.0","Final Energy|Residential and Commercial","EJ/yr","[object Object]",2010,18.3246457939967,"1.50927642004021","1.448490641336934","2037","567.6733235029704","461.9696523541756","-5.667221503999848","2055",,"GW0",,"failed","high","medium","ok","ok","medium","high","ok","ok","ok",,"medium",,"C1","C1: Below 1.5°C with no or limited overshoot",,,"0","24.903415076974845","26.34769104825217",,"567.6733235029704","1.448490641336934","1.50927642004021",
"576","ENGAGE-Feasibility-Maximum-Effort/Cost-Effective","WITCH 5.0","Final Energy|Residential and Commercial","EJ/yr","[object Object]",2015,17.2996283524767,"1.50927642004021","1.448490641336934","2037","567.6733235029704","461.9696523541756","-5.667221503999848","2055",,"GW0",,"failed","high","medium","ok","ok","medium","high","ok","ok","ok",,"medium",,"C1","C1: Below 1.5°C with no or limited overshoot",,,"0","24.903415076974845","26.34769104825217",,"567.6733235029704","1.448490641336934","1.50927642004021",
"576","ENGAGE-Feasibility-Maximum-Effort/Cost-Effective","WITCH 5.0","Final Energy|Residential and Commercial","EJ/yr","[object Object]",2020,13.9606674659736,"1.50927642004021","1.448490641336934","2037","567.6733235029704","461.9696523541756","-5.667221503999848","2055",,"GW0",,"failed","high","medium","ok","ok","medium","high","ok","ok","ok",,"medium",,"C1","C1: Below 1.5°C with no or limited overshoot",,,"0","24.903415076974845","26.34769104825217",,"567.6733235029704","1.448490641336934","1.50927642004021",
"576","ENGAGE-Feasibility-Maximum-Effort/Cost-Effective","WITCH 5.0","Final Energy|Residential and Commercial","EJ/yr","[object Object]",2025,15.0487192960618,"1.50927642004021","1.448490641336934","2037","567.6733235029704","461.9696523541756","-5.667221503999848","2055",,"GW0",,"failed","high","medium","ok","ok","medium","high","ok","ok","ok",,"medium",,"C1","C1: Below 1.5°C with no or limited overshoot",,,"0","24.903415076974845","26.34769104825217",,"567.6733235029704","1.448490641336934","1.50927642004021",
"576","ENGAGE-Feasibility-Maximum-Effort/Cost-Effective","WITCH 5.0","Final Energy|Residential and Commercial","EJ/yr","[object Object]",2030,11.3775705279447,"1.50927642004021","1.448490641336934","2037","567.6733235029704","461.9696523541756","-5.667221503999848","2055",,"GW0",,"failed","high","medium","ok","ok","medium","high","ok","ok","ok",,"medium",,"C1","C1: Below 1.5°C with no or limited overshoot",,,"0","24.903415076974845","26.34769104825217",,"567.6733235029704","1.448490641336934","1.50927642004021",
"576","ENGAGE-Feasibility-Maximum-Effort/Cost-Effective","WITCH 5.0","Final Energy|Residential and Commercial","EJ/yr","[object Object]",2035,13.9537746803471,"1.50927642004021","1.448490641336934","2037","567.6733235029704","461.9696523541756","-5.667221503999848","2055",,"GW0",,"failed","high","medium","ok","ok","medium","high","ok","ok","ok",,"medium",,"C1","C1: Below 1.5°C with no or limited overshoot",,,"0","24.903415076974845","26.34769104825217",,"567.6733235029704","1.448490641336934","1.50927642004021",
"576","ENGAGE-Feasibility-Maximum-Effort/Cost-Effective","WITCH 5.0","Final Energy|Residential and Commercial","EJ/yr","[object Object]",2040,15.1971171003203,"1.50927642004021","1.448490641336934","2037","567.6733235029704","461.9696523541756","-5.667221503999848","2055",,"GW0",,"failed","high","medium","ok","ok","medium","high","ok","ok","ok",,"medium",,"C1","C1: Below 1.5°C with no or limited overshoot",,,"0","24.903415076974845","26.34769104825217",,"567.6733235029704","1.448490641336934","1.50927642004021",
"576","ENGAGE-Feasibility-Maximum-Effort/Cost-Effective","WITCH 5.0","Final Energy|Residential and Commercial","EJ/yr","[object Object]",2045,15.7745651896147,"1.50927642004021","1.448490641336934","2037","567.6733235029704","461.9696523541756","-5.667221503999848","2055",,"GW0",,"failed","high","medium","ok","ok","medium","high","ok","ok","ok",,"medium",,"C1","C1: Below 1.5°C with no or limited overshoot",,,"0","24.903415076974845","26.34769104825217",,"567.6733235029704","1.448490641336934","1.50927642004021",
"576","ENGAGE-Feasibility-Maximum-Effort/Cost-Effective","WITCH 5.0","Final Energy|Residential and Commercial","EJ/yr","[object Object]",2050,15.987420576551,"1.50927642004021","1.448490641336934","2037","567.6733235029704","461.9696523541756","-5.667221503999848","2055",,"GW0",,"failed","high","medium","ok","ok","medium","high","ok","ok","ok",,"medium",,"C1","C1: Below 1.5°C with no or limited overshoot",,,"0","24.903415076974845","26.34769104825217",,"567.6733235029704","1.448490641336934","1.50927642004021",
"576","ENGAGE-Feasibility-Maximum-Effort/Cost-Effective","WITCH 5.0","Final Energy|Residential and Commercial","EJ/yr","[object Object]",2055,16.237761015612,"1.50927642004021","1.448490641336934","2037","567.6733235029704","461.9696523541756","-5.667221503999848","2055",,"GW0",,"failed","high","medium","ok","ok","medium","high","ok","ok","ok",,"medium",,"C1","C1: Below 1.5°C with no or limited overshoot",,,"0","24.903415076974845","26.34769104825217",,"567.6733235029704","1.448490641336934","1.50927642004021",
"576","ENGAGE-Feasibility-Maximum-Effort/Cost-Effective","WITCH 5.0","Final Energy|Residential and Commercial","EJ/yr","[object Object]",2060,16.3020639658651,"1.50927642004021","1.448490641336934","2037","567.6733235029704","461.9696523541756","-5.667221503999848","2055",,"GW0",,"failed","high","medium","ok","ok","medium","high","ok","ok","ok",,"medium",,"C1","C1: Below 1.5°C with no or limited overshoot",,,"0","24.903415076974845","26.34769104825217",,"567.6733235029704","1.448490641336934","1.50927642004021",
"576","ENGAGE-Feasibility-Maximum-Effort/Cost-Effective","WITCH 5.0","Final Energy|Residential and Commercial","EJ/yr","[object Object]",2065,16.6330028663586,"1.50927642004021","1.448490641336934","2037","567.6733235029704","461.9696523541756","-5.667221503999848","2055",,"GW0",,"failed","high","medium","ok","ok","medium","high","ok","ok","ok",,"medium",,"C1","C1: Below 1.5°C with no or limited overshoot",,,"0","24.903415076974845","26.34769104825217",,"567.6733235029704","1.448490641336934","1.50927642004021",
"576","ENGAGE-Feasibility-Maximum-Effort/Cost-Effective","WITCH 5.0","Final Energy|Residential and Commercial","EJ/yr","[object Object]",2070,16.7941441947436,"1.50927642004021","1.448490641336934","2037","567.6733235029704","461.9696523541756","-5.667221503999848","2055",,"GW0",,"failed","high","medium","ok","ok","medium","high","ok","ok","ok",,"medium",,"C1","C1: Below 1.5°C with no or limited overshoot",,,"0","24.903415076974845","26.34769104825217",,"567.6733235029704","1.448490641336934","1.50927642004021",
"576","ENGAGE-Feasibility-Maximum-Effort/Cost-Effective","WITCH 5.0","Final Energy|Residential and Commercial","EJ/yr","[object Object]",2075,17.5173873677386,"1.50927642004021","1.448490641336934","2037","567.6733235029704","461.9696523541756","-5.667221503999848","2055",,"GW0",,"failed","high","medium","ok","ok","medium","high","ok","ok","ok",,"medium",,"C1","C1: Below 1.5°C with no or limited overshoot",,,"0","24.903415076974845","26.34769104825217",,"567.6733235029704","1.448490641336934","1.50927642004021",
"576","ENGAGE-Feasibility-Maximum-Effort/Cost-Effective","WITCH 5.0","Final Energy|Residential and Commercial","EJ/yr","[object Object]",2080,18.2211688988678,"1.50927642004021","1.448490641336934","2037","567.6733235029704","461.9696523541756","-5.667221503999848","2055",,"GW0",,"failed","high","medium","ok","ok","medium","high","ok","ok","ok",,"medium",,"C1","C1: Below 1.5°C with no or limited overshoot",,,"0","24.903415076974845","26.34769104825217",,"567.6733235029704","1.448490641336934","1.50927642004021",
"576","ENGAGE-Feasibility-Maximum-Effort/Cost-Effective","WITCH 5.0","Final Energy|Residential and Commercial","EJ/yr","[object Object]",2085,18.7914084044203,"1.50927642004021","1.448490641336934","2037","567.6733235029704","461.9696523541756","-5.667221503999848","2055",,"GW0",,"failed","high","medium","ok","ok","medium","high","ok","ok","ok",,"medium",,"C1","C1: Below 1.5°C with no or limited overshoot",,,"0","24.903415076974845","26.34769104825217",,"567.6733235029704","1.448490641336934","1.50927642004021",
"576","ENGAGE-Feasibility-Maximum-Effort/Cost-Effective","WITCH 5.0","Final Energy|Residential and Commercial","EJ/yr","[object Object]",2090,19.3715453385631,"1.50927642004021","1.448490641336934","2037","567.6733235029704","461.9696523541756","-5.667221503999848","2055",,"GW0",,"failed","high","medium","ok","ok","medium","high","ok","ok","ok",,"medium",,"C1","C1: Below 1.5°C with no or limited overshoot",,,"0","24.903415076974845","26.34769104825217",,"567.6733235029704","1.448490641336934","1.50927642004021",
"576","ENGAGE-Feasibility-Maximum-Effort/Cost-Effective","WITCH 5.0","Final Energy|Residential and Commercial","EJ/yr","[object Object]",2095,19.7864067735776,"1.50927642004021","1.448490641336934","2037","567.6733235029704","461.9696523541756","-5.667221503999848","2055",,"GW0",,"failed","high","medium","ok","ok","medium","high","ok","ok","ok",,"medium",,"C1","C1: Below 1.5°C with no or limited overshoot",,,"0","24.903415076974845","26.34769104825217",,"567.6733235029704","1.448490641336934","1.50927642004021",
"576","ENGAGE-Feasibility-Maximum-Effort/Cost-Effective","WITCH 5.0","Final Energy|Residential and Commercial","EJ/yr","[object Object]",2100,20.3181007461535,"1.50927642004021","1.448490641336934","2037","567.6733235029704","461.9696523541756","-5.667221503999848","2055",,"GW0",,"failed","high","medium","ok","ok","medium","high","ok","ok","ok",,"medium",,"C1","C1: Below 1.5°C with no or limited overshoot",,,"0","24.903415076974845","26.34769104825217",,"567.6733235029704","1.448490641336934","1.50927642004021",
"583","ENGAGE-Feasibility-Maximum-Effort/Technology","WITCH 5.0","Final Energy|Residential and Commercial","EJ/yr","[object Object]",2010,18.3246457939967,"1.49242767221938","1.381545810547752","2036","174.19081522107862","471.1557160353976","-2.8681232462685227","2070",,"GW0",,"failed","medium","ok","ok","ok","medium","high","ok","ok","ok",,"medium",,"C1","C1: Below 1.5°C with no or limited overshoot",,,"0","16.060809645539806","21.0868429001303",,"174.19081522107862","1.381545810547752","1.49242767221938",
"583","ENGAGE-Feasibility-Maximum-Effort/Technology","WITCH 5.0","Final Energy|Residential and Commercial","EJ/yr","[object Object]",2015,17.2996283524767,"1.49242767221938","1.381545810547752","2036","174.19081522107862","471.1557160353976","-2.8681232462685227","2070",,"GW0",,"failed","medium","ok","ok","ok","medium","high","ok","ok","ok",,"medium",,"C1","C1: Below 1.5°C with no or limited overshoot",,,"0","16.060809645539806","21.0868429001303",,"174.19081522107862","1.381545810547752","1.49242767221938",
"583","ENGAGE-Feasibility-Maximum-Effort/Technology","WITCH 5.0","Final Energy|Residential and Commercial","EJ/yr","[object Object]",2020,13.9606674659736,"1.49242767221938","1.381545810547752","2036","174.19081522107862","471.1557160353976","-2.8681232462685227","2070",,"GW0",,"failed","medium","ok","ok","ok","medium","high","ok","ok","ok",,"medium",,"C1","C1: Below 1.5°C with no or limited overshoot",,,"0","16.060809645539806","21.0868429001303",,"174.19081522107862","1.381545810547752","1.49242767221938",
"583","ENGAGE-Feasibility-Maximum-Effort/Technology","WITCH 5.0","Final Energy|Residential and Commercial","EJ/yr","[object Object]",2025,15.0836603350273,"1.49242767221938","1.381545810547752","2036","174.19081522107862","471.1557160353976","-2.8681232462685227","2070",,"GW0",,"failed","medium","ok","ok","ok","medium","high","ok","ok","ok",,"medium",,"C1","C1: Below 1.5°C with no or limited overshoot",,,"0","16.060809645539806","21.0868429001303",,"174.19081522107862","1.381545810547752","1.49242767221938",
"583","ENGAGE-Feasibility-Maximum-Effort/Technology","WITCH 5.0","Final Energy|Residential and Commercial","EJ/yr","[object Object]",2030,11.4272987250678,"1.49242767221938","1.381545810547752","2036","174.19081522107862","471.1557160353976","-2.8681232462685227","2070",,"GW0",,"failed","medium","ok","ok","ok","medium","high","ok","ok","ok",,"medium",,"C1","C1: Below 1.5°C with no or limited overshoot",,,"0","16.060809645539806","21.0868429001303",,"174.19081522107862","1.381545810547752","1.49242767221938",
"583","ENGAGE-Feasibility-Maximum-Effort/Technology","WITCH 5.0","Final Energy|Residential and Commercial","EJ/yr","[object Object]",2035,12.6768411349091,"1.49242767221938","1.381545810547752","2036","174.19081522107862","471.1557160353976","-2.8681232462685227","2070",,"GW0",,"failed","medium","ok","ok","ok","medium","high","ok","ok","ok",,"medium",,"C1","C1: Below 1.5°C with no or limited overshoot",,,"0","16.060809645539806","21.0868429001303",,"174.19081522107862","1.381545810547752","1.49242767221938",
"583","ENGAGE-Feasibility-Maximum-Effort/Technology","WITCH 5.0","Final Energy|Residential and Commercial","EJ/yr","[object Object]",2040,14.1202414903725,"1.49242767221938","1.381545810547752","2036","174.19081522107862","471.1557160353976","-2.8681232462685227","2070",,"GW0",,"failed","medium","ok","ok","ok","medium","high","ok","ok","ok",,"medium",,"C1","C1: Below 1.5°C with no or limited overshoot",,,"0","16.060809645539806","21.0868429001303",,"174.19081522107862","1.381545810547752","1.49242767221938",
"583","ENGAGE-Feasibility-Maximum-Effort/Technology","WITCH 5.0","Final Energy|Residential and Commercial","EJ/yr","[object Object]",2045,13.9339362764775,"1.49242767221938","1.381545810547752","2036","174.19081522107862","471.1557160353976","-2.8681232462685227","2070",,"GW0",,"failed","medium","ok","ok","ok","medium","high","ok","ok","ok",,"medium",,"C1","C1: Below 1.5°C with no or limited overshoot",,,"0","16.060809645539806","21.0868429001303",,"174.19081522107862","1.381545810547752","1.49242767221938",
"583","ENGAGE-Feasibility-Maximum-Effort/Technology","WITCH 5.0","Final Energy|Residential and Commercial","EJ/yr","[object Object]",2050,15.0034301970696,"1.49242767221938","1.381545810547752","2036","174.19081522107862","471.1557160353976","-2.8681232462685227","2070",,"GW0",,"failed","medium","ok","ok","ok","medium","high","ok","ok","ok",,"medium",,"C1","C1: Below 1.5°C with no or limited overshoot",,,"0","16.060809645539806","21.0868429001303",,"174.19081522107862","1.381545810547752","1.49242767221938",
"583","ENGAGE-Feasibility-Maximum-Effort/Technology","WITCH 5.0","Final Energy|Residential and Commercial","EJ/yr","[object Object]",2055,15.2914156791632,"1.49242767221938","1.381545810547752","2036","174.19081522107862","471.1557160353976","-2.8681232462685227","2070",,"GW0",,"failed","medium","ok","ok","ok","medium","high","ok","ok","ok",,"medium",,"C1","C1: Below 1.5°C with no or limited overshoot",,,"0","16.060809645539806","21.0868429001303",,"174.19081522107862","1.381545810547752","1.49242767221938",
"583","ENGAGE-Feasibility-Maximum-Effort/Technology","WITCH 5.0","Final Energy|Residential and Commercial","EJ/yr","[object Object]",2060,15.5288020302871,"1.49242767221938","1.381545810547752","2036","174.19081522107862","471.1557160353976","-2.8681232462685227","2070",,"GW0",,"failed","medium","ok","ok","ok","medium","high","ok","ok","ok",,"medium",,"C1","C1: Below 1.5°C with no or limited overshoot",,,"0","16.060809645539806","21.0868429001303",,"174.19081522107862","1.381545810547752","1.49242767221938",
"583","ENGAGE-Feasibility-Maximum-Effort/Technology","WITCH 5.0","Final Energy|Residential and Commercial","EJ/yr","[object Object]",2065,15.7885583485175,"1.49242767221938","1.381545810547752","2036","174.19081522107862","471.1557160353976","-2.8681232462685227","2070",,"GW0",,"failed","medium","ok","ok","ok","medium","high","ok","ok","ok",,"medium",,"C1","C1: Below 1.5°C with no or limited overshoot",,,"0","16.060809645539806","21.0868429001303",,"174.19081522107862","1.381545810547752","1.49242767221938",
"583","ENGAGE-Feasibility-Maximum-Effort/Technology","WITCH 5.0","Final Energy|Residential and Commercial","EJ/yr","[object Object]",2070,15.8647015439839,"1.49242767221938","1.381545810547752","2036","174.19081522107862","471.1557160353976","-2.8681232462685227","2070",,"GW0",,"failed","medium","ok","ok","ok","medium","high","ok","ok","ok",,"medium",,"C1","C1: Below 1.5°C with no or limited overshoot",,,"0","16.060809645539806","21.0868429001303",,"174.19081522107862","1.381545810547752","1.49242767221938",
"583","ENGAGE-Feasibility-Maximum-Effort/Technology","WITCH 5.0","Final Energy|Residential and Commercial","EJ/yr","[object Object]",2075,16.4109351507668,"1.49242767221938","1.381545810547752","2036","174.19081522107862","471.1557160353976","-2.8681232462685227","2070",,"GW0",,"failed","medium","ok","ok","ok","medium","high","ok","ok","ok",,"medium",,"C1","C1: Below 1.5°C with no or limited overshoot",,,"0","16.060809645539806","21.0868429001303",,"174.19081522107862","1.381545810547752","1.49242767221938",
"583","ENGAGE-Feasibility-Maximum-Effort/Technology","WITCH 5.0","Final Energy|Residential and Commercial","EJ/yr","[object Object]",2080,16.9319275699809,"1.49242767221938","1.381545810547752","2036","174.19081522107862","471.1557160353976","-2.8681232462685227","2070",,"GW0",,"failed","medium","ok","ok","ok","medium","high","ok","ok","ok",,"medium",,"C1","C1: Below 1.5°C with no or limited overshoot",,,"0","16.060809645539806","21.0868429001303",,"174.19081522107862","1.381545810547752","1.49242767221938",
"583","ENGAGE-Feasibility-Maximum-Effort/Technology","WITCH 5.0","Final Energy|Residential and Commercial","EJ/yr","[object Object]",2085,17.4058018146356,"1.49242767221938","1.381545810547752","2036","174.19081522107862","471.1557160353976","-2.8681232462685227","2070",,"GW0",,"failed","medium","ok","ok","ok","medium","high","ok","ok","ok",,"medium",,"C1","C1: Below 1.5°C with no or limited overshoot",,,"0","16.060809645539806","21.0868429001303",,"174.19081522107862","1.381545810547752","1.49242767221938",
"583","ENGAGE-Feasibility-Maximum-Effort/Technology","WITCH 5.0","Final Energy|Residential and Commercial","EJ/yr","[object Object]",2090,17.9087838198996,"1.49242767221938","1.381545810547752","2036","174.19081522107862","471.1557160353976","-2.8681232462685227","2070",,"GW0",,"failed","medium","ok","ok","ok","medium","high","ok","ok","ok",,"medium",,"C1","C1: Below 1.5°C with no or limited overshoot",,,"0","16.060809645539806","21.0868429001303",,"174.19081522107862","1.381545810547752","1.49242767221938",
"583","ENGAGE-Feasibility-Maximum-Effort/Technology","WITCH 5.0","Final Energy|Residential and Commercial","EJ/yr","[object Object]",2095,18.2499089813807,"1.49242767221938","1.381545810547752","2036","174.19081522107862","471.1557160353976","-2.8681232462685227","2070",,"GW0",,"failed","medium","ok","ok","ok","medium","high","ok","ok","ok",,"medium",,"C1","C1: Below 1.5°C with no or limited overshoot",,,"0","16.060809645539806","21.0868429001303",,"174.19081522107862","1.381545810547752","1.49242767221938",
"583","ENGAGE-Feasibility-Maximum-Effort/Technology","WITCH 5.0","Final Energy|Residential and Commercial","EJ/yr","[object Object]",2100,18.61447723822,"1.49242767221938","1.381545810547752","2036","174.19081522107862","471.1557160353976","-2.8681232462685227","2070",,"GW0",,"failed","medium","ok","ok","ok","medium","high","ok","ok","ok",,"medium",,"C1","C1: Below 1.5°C with no or limited overshoot",,,"0","16.060809645539806","21.0868429001303",,"174.19081522107862","1.381545810547752","1.49242767221938",
"681","NAVIGATE Demand-1.5°C-act_u","REMIND 3.0","Final Energy|Residential and Commercial","EJ/yr","[object Object]",2010,19.1755804,"1.600199909588884","1.224665196680307","2040","748.8558189359001","243.41144105969985","-406.3177312407","2055","2073","GW1","Rapid Fossil-Fuel Phase-Out","failed","high","medium","ok","ok","ok","ok","ok","ok","ok",,"medium",,"C1","C1: Below 1.5°C with no or limited overshoot",,,"45.62803833039234","21.974763973985286","31.577052585754288",,"748.8558189359001","1.224665196680307","1.600199909588884",
"681","NAVIGATE Demand-1.5°C-act_u","REMIND 3.0","Final Energy|Residential and Commercial","EJ/yr","[object Object]",2015,17.9301122,"1.600199909588884","1.224665196680307","2040","748.8558189359001","243.41144105969985","-406.3177312407","2055","2073","GW1","Rapid Fossil-Fuel Phase-Out","failed","high","medium","ok","ok","ok","ok","ok","ok","ok",,"medium",,"C1","C1: Below 1.5°C with no or limited overshoot",,,"45.62803833039234","21.974763973985286","31.577052585754288",,"748.8558189359001","1.224665196680307","1.600199909588884",
"681","NAVIGATE Demand-1.5°C-act_u","REMIND 3.0","Final Energy|Residential and Commercial","EJ/yr","[object Object]",2020,18.4524159,"1.600199909588884","1.224665196680307","2040","748.8558189359001","243.41144105969985","-406.3177312407","2055","2073","GW1","Rapid Fossil-Fuel Phase-Out","failed","high","medium","ok","ok","ok","ok","ok","ok","ok",,"medium",,"C1","C1: Below 1.5°C with no or limited overshoot",,,"45.62803833039234","21.974763973985286","31.577052585754288",,"748.8558189359001","1.224665196680307","1.600199909588884",
"681","NAVIGATE Demand-1.5°C-act_u","REMIND 3.0","Final Energy|Residential and Commercial","EJ/yr","[object Object]",2025,17.200039,"1.600199909588884","1.224665196680307","2040","748.8558189359001","243.41144105969985","-406.3177312407","2055","2073","GW1","Rapid Fossil-Fuel Phase-Out","failed","high","medium","ok","ok","ok","ok","ok","ok","ok",,"medium",,"C1","C1: Below 1.5°C with no or limited overshoot",,,"45.62803833039234","21.974763973985286","31.577052585754288",,"748.8558189359001","1.224665196680307","1.600199909588884",
"681","NAVIGATE Demand-1.5°C-act_u","REMIND 3.0","Final Energy|Residential and Commercial","EJ/yr","[object Object]",2030,16.3307778,"1.600199909588884","1.224665196680307","2040","748.8558189359001","243.41144105969985","-406.3177312407","2055","2073","GW1","Rapid Fossil-Fuel Phase-Out","failed","high","medium","ok","ok","ok","ok","ok","ok","ok",,"medium",,"C1","C1: Below 1.5°C with no or limited overshoot",,,"45.62803833039234","21.974763973985286","31.577052585754288",,"748.8558189359001","1.224665196680307","1.600199909588884",
"681","NAVIGATE Demand-1.5°C-act_u","REMIND 3.0","Final Energy|Residential and Commercial","EJ/yr","[object Object]",2035,14.6470981,"1.600199909588884","1.224665196680307","2040","748.8558189359001","243.41144105969985","-406.3177312407","2055","2073","GW1","Rapid Fossil-Fuel Phase-Out","failed","high","medium","ok","ok","ok","ok","ok","ok","ok",,"medium",,"C1","C1: Below 1.5°C with no or limited overshoot",,,"45.62803833039234","21.974763973985286","31.577052585754288",,"748.8558189359001","1.224665196680307","1.600199909588884",
"681","NAVIGATE Demand-1.5°C-act_u","REMIND 3.0","Final Energy|Residential and Commercial","EJ/yr","[object Object]",2040,12.6736216,"1.600199909588884","1.224665196680307","2040","748.8558189359001","243.41144105969985","-406.3177312407","2055","2073","GW1","Rapid Fossil-Fuel Phase-Out","failed","high","medium","ok","ok","ok","ok","ok","ok","ok",,"medium",,"C1","C1: Below 1.5°C with no or limited overshoot",,,"45.62803833039234","21.974763973985286","31.577052585754288",,"748.8558189359001","1.224665196680307","1.600199909588884",
"681","NAVIGATE Demand-1.5°C-act_u","REMIND 3.0","Final Energy|Residential and Commercial","EJ/yr","[object Object]",2045,10.9912831,"1.600199909588884","1.224665196680307","2040","748.8558189359001","243.41144105969985","-406.3177312407","2055","2073","GW1","Rapid Fossil-Fuel Phase-Out","failed","high","medium","ok","ok","ok","ok","ok","ok","ok",,"medium",,"C1","C1: Below 1.5°C with no or limited overshoot",,,"45.62803833039234","21.974763973985286","31.577052585754288",,"748.8558189359001","1.224665196680307","1.600199909588884",
"681","NAVIGATE Demand-1.5°C-act_u","REMIND 3.0","Final Energy|Residential and Commercial","EJ/yr","[object Object]",2050,10.1878621,"1.600199909588884","1.224665196680307","2040","748.8558189359001","243.41144105969985","-406.3177312407","2055","2073","GW1","Rapid Fossil-Fuel Phase-Out","failed","high","medium","ok","ok","ok","ok","ok","ok","ok",,"medium",,"C1","C1: Below 1.5°C with no or limited overshoot",,,"45.62803833039234","21.974763973985286","31.577052585754288",,"748.8558189359001","1.224665196680307","1.600199909588884",
"681","NAVIGATE Demand-1.5°C-act_u","REMIND 3.0","Final Energy|Residential and Commercial","EJ/yr","[object Object]",2055,9.7074497,"1.600199909588884","1.224665196680307","2040","748.8558189359001","243.41144105969985","-406.3177312407","2055","2073","GW1","Rapid Fossil-Fuel Phase-Out","failed","high","medium","ok","ok","ok","ok","ok","ok","ok",,"medium",,"C1","C1: Below 1.5°C with no or limited overshoot",,,"45.62803833039234","21.974763973985286","31.577052585754288",,"748.8558189359001","1.224665196680307","1.600199909588884",
"681","NAVIGATE Demand-1.5°C-act_u","REMIND 3.0","Final Energy|Residential and Commercial","EJ/yr","[object Object]",2060,9.627514,"1.600199909588884","1.224665196680307","2040","748.8558189359001","243.41144105969985","-406.3177312407","2055","2073","GW1","Rapid Fossil-Fuel Phase-Out","failed","high","medium","ok","ok","ok","ok","ok","ok","ok",,"medium",,"C1","C1: Below 1.5°C with no or limited overshoot",,,"45.62803833039234","21.974763973985286","31.577052585754288",,"748.8558189359001","1.224665196680307","1.600199909588884",
"681","NAVIGATE Demand-1.5°C-act_u","REMIND 3.0","Final Energy|Residential and Commercial","EJ/yr","[object Object]",2070,9.391871099999998,"1.600199909588884","1.224665196680307","2040","748.8558189359001","243.41144105969985","-406.3177312407","2055","2073","GW1","Rapid Fossil-Fuel Phase-Out","failed","high","medium","ok","ok","ok","ok","ok","ok","ok",,"medium",,"C1","C1: Below 1.5°C with no or limited overshoot",,,"45.62803833039234","21.974763973985286","31.577052585754288",,"748.8558189359001","1.224665196680307","1.600199909588884",
"681","NAVIGATE Demand-1.5°C-act_u","REMIND 3.0","Final Energy|Residential and Commercial","EJ/yr","[object Object]",2080,10.1197489,"1.600199909588884","1.224665196680307","2040","748.8558189359001","243.41144105969985","-406.3177312407","2055","2073","GW1","Rapid Fossil-Fuel Phase-Out","failed","high","medium","ok","ok","ok","ok","ok","ok","ok",,"medium",,"C1","C1: Below 1.5°C with no or limited overshoot",,,"45.62803833039234","21.974763973985286","31.577052585754288",,"748.8558189359001","1.224665196680307","1.600199909588884",
"681","NAVIGATE Demand-1.5°C-act_u","REMIND 3.0","Final Energy|Residential and Commercial","EJ/yr","[object Object]",2090,10.6532062,"1.600199909588884","1.224665196680307","2040","748.8558189359001","243.41144105969985","-406.3177312407","2055","2073","GW1","Rapid Fossil-Fuel Phase-Out","failed","high","medium","ok","ok","ok","ok","ok","ok","ok",,"medium",,"C1","C1: Below 1.5°C with no or limited overshoot",,,"45.62803833039234","21.974763973985286","31.577052585754288",,"748.8558189359001","1.224665196680307","1.600199909588884",
"681","NAVIGATE Demand-1.5°C-act_u","REMIND 3.0","Final Energy|Residential and Commercial","EJ/yr","[object Object]",2100,11.0533475,"1.600199909588884","1.224665196680307","2040","748.8558189359001","243.41144105969985","-406.3177312407","2055","2073","GW1","Rapid Fossil-Fuel Phase-Out","failed","high","medium","ok","ok","ok","ok","ok","ok","ok",,"medium",,"C1","C1: Below 1.5°C with no or limited overshoot",,,"45.62803833039234","21.974763973985286","31.577052585754288",,"748.8558189359001","1.224665196680307","1.600199909588884",
"682","NAVIGATE Demand-1.5°C-all_u","REMIND 3.0","Final Energy|Residential and Commercial","EJ/yr","[object Object]",2010,19.1793292,"1.611646905454875","1.268224308725368","2048","511.18571135340005","444.21344169875","-205.60270896735003","2056","2088","GW1","Rapid Fossil-Fuel Phase-Out","failed","medium","ok","ok","ok","ok","ok","ok","ok","ok",,"medium",,"C1","C1: Below 1.5°C with no or limited overshoot",,,"54.644177768794","17.889367534610166","26.509183419155352",,"511.18571135340005","1.268224308725368","1.611646905454875",
"682","NAVIGATE Demand-1.5°C-all_u","REMIND 3.0","Final Energy|Residential and Commercial","EJ/yr","[object Object]",2015,17.9101551,"1.611646905454875","1.268224308725368","2048","511.18571135340005","444.21344169875","-205.60270896735003","2056","2088","GW1","Rapid Fossil-Fuel Phase-Out","failed","medium","ok","ok","ok","ok","ok","ok","ok","ok",,"medium",,"C1","C1: Below 1.5°C with no or limited overshoot",,,"54.644177768794","17.889367534610166","26.509183419155352",,"511.18571135340005","1.268224308725368","1.611646905454875",
"682","NAVIGATE Demand-1.5°C-all_u","REMIND 3.0","Final Energy|Residential and Commercial","EJ/yr","[object Object]",2020,18.2237341,"1.611646905454875","1.268224308725368","2048","511.18571135340005","444.21344169875","-205.60270896735003","2056","2088","GW1","Rapid Fossil-Fuel Phase-Out","failed","medium","ok","ok","ok","ok","ok","ok","ok","ok",,"medium",,"C1","C1: Below 1.5°C with no or limited overshoot",,,"54.644177768794","17.889367534610166","26.509183419155352",,"511.18571135340005","1.268224308725368","1.611646905454875",
"682","NAVIGATE Demand-1.5°C-all_u","REMIND 3.0","Final Energy|Residential and Commercial","EJ/yr","[object Object]",2025,16.4039442,"1.611646905454875","1.268224308725368","2048","511.18571135340005","444.21344169875","-205.60270896735003","2056","2088","GW1","Rapid Fossil-Fuel Phase-Out","failed","medium","ok","ok","ok","ok","ok","ok","ok","ok",,"medium",,"C1","C1: Below 1.5°C with no or limited overshoot",,,"54.644177768794","17.889367534610166","26.509183419155352",,"511.18571135340005","1.268224308725368","1.611646905454875",
"682","NAVIGATE Demand-1.5°C-all_u","REMIND 3.0","Final Energy|Residential and Commercial","EJ/yr","[object Object]",2030,14.9772678,"1.611646905454875","1.268224308725368","2048","511.18571135340005","444.21344169875","-205.60270896735003","2056","2088","GW1","Rapid Fossil-Fuel Phase-Out","failed","medium","ok","ok","ok","ok","ok","ok","ok","ok",,"medium",,"C1","C1: Below 1.5°C with no or limited overshoot",,,"54.644177768794","17.889367534610166","26.509183419155352",,"511.18571135340005","1.268224308725368","1.611646905454875",
"682","NAVIGATE Demand-1.5°C-all_u","REMIND 3.0","Final Energy|Residential and Commercial","EJ/yr","[object Object]",2035,12.597556,"1.611646905454875","1.268224308725368","2048","511.18571135340005","444.21344169875","-205.60270896735003","2056","2088","GW1","Rapid Fossil-Fuel Phase-Out","failed","medium","ok","ok","ok","ok","ok","ok","ok","ok",,"medium",,"C1","C1: Below 1.5°C with no or limited overshoot",,,"54.644177768794","17.889367534610166","26.509183419155352",,"511.18571135340005","1.268224308725368","1.611646905454875",
"682","NAVIGATE Demand-1.5°C-all_u","REMIND 3.0","Final Energy|Residential and Commercial","EJ/yr","[object Object]",2040,10.5456804,"1.611646905454875","1.268224308725368","2048","511.18571135340005","444.21344169875","-205.60270896735003","2056","2088","GW1","Rapid Fossil-Fuel Phase-Out","failed","medium","ok","ok","ok","ok","ok","ok","ok","ok",,"medium",,"C1","C1: Below 1.5°C with no or limited overshoot",,,"54.644177768794","17.889367534610166","26.509183419155352",,"511.18571135340005","1.268224308725368","1.611646905454875",
"682","NAVIGATE Demand-1.5°C-all_u","REMIND 3.0","Final Energy|Residential and Commercial","EJ/yr","[object Object]",2045,9.423324,"1.611646905454875","1.268224308725368","2048","511.18571135340005","444.21344169875","-205.60270896735003","2056","2088","GW1","Rapid Fossil-Fuel Phase-Out","failed","medium","ok","ok","ok","ok","ok","ok","ok","ok",,"medium",,"C1","C1: Below 1.5°C with no or limited overshoot",,,"54.644177768794","17.889367534610166","26.509183419155352",,"511.18571135340005","1.268224308725368","1.611646905454875",
"682","NAVIGATE Demand-1.5°C-all_u","REMIND 3.0","Final Energy|Residential and Commercial","EJ/yr","[object Object]",2050,8.965234500000003,"1.611646905454875","1.268224308725368","2048","511.18571135340005","444.21344169875","-205.60270896735003","2056","2088","GW1","Rapid Fossil-Fuel Phase-Out","failed","medium","ok","ok","ok","ok","ok","ok","ok","ok",,"medium",,"C1","C1: Below 1.5°C with no or limited overshoot",,,"54.644177768794","17.889367534610166","26.509183419155352",,"511.18571135340005","1.268224308725368","1.611646905454875",
"682","NAVIGATE Demand-1.5°C-all_u","REMIND 3.0","Final Energy|Residential and Commercial","EJ/yr","[object Object]",2055,8.535447900000001,"1.611646905454875","1.268224308725368","2048","511.18571135340005","444.21344169875","-205.60270896735003","2056","2088","GW1","Rapid Fossil-Fuel Phase-Out","failed","medium","ok","ok","ok","ok","ok","ok","ok","ok",,"medium",,"C1","C1: Below 1.5°C with no or limited overshoot",,,"54.644177768794","17.889367534610166","26.509183419155352",,"511.18571135340005","1.268224308725368","1.611646905454875",
"682","NAVIGATE Demand-1.5°C-all_u","REMIND 3.0","Final Energy|Residential and Commercial","EJ/yr","[object Object]",2060,8.5196621,"1.611646905454875","1.268224308725368","2048","511.18571135340005","444.21344169875","-205.60270896735003","2056","2088","GW1","Rapid Fossil-Fuel Phase-Out","failed","medium","ok","ok","ok","ok","ok","ok","ok","ok",,"medium",,"C1","C1: Below 1.5°C with no or limited overshoot",,,"54.644177768794","17.889367534610166","26.509183419155352",,"511.18571135340005","1.268224308725368","1.611646905454875",
"682","NAVIGATE Demand-1.5°C-all_u","REMIND 3.0","Final Energy|Residential and Commercial","EJ/yr","[object Object]",2070,8.411351099999997,"1.611646905454875","1.268224308725368","2048","511.18571135340005","444.21344169875","-205.60270896735003","2056","2088","GW1","Rapid Fossil-Fuel Phase-Out","failed","medium","ok","ok","ok","ok","ok","ok","ok","ok",,"medium",,"C1","C1: Below 1.5°C with no or limited overshoot",,,"54.644177768794","17.889367534610166","26.509183419155352",,"511.18571135340005","1.268224308725368","1.611646905454875",
"682","NAVIGATE Demand-1.5°C-all_u","REMIND 3.0","Final Energy|Residential and Commercial","EJ/yr","[object Object]",2080,8.9721207,"1.611646905454875","1.268224308725368","2048","511.18571135340005","444.21344169875","-205.60270896735003","2056","2088","GW1","Rapid Fossil-Fuel Phase-Out","failed","medium","ok","ok","ok","ok","ok","ok","ok","ok",,"medium",,"C1","C1: Below 1.5°C with no or limited overshoot",,,"54.644177768794","17.889367534610166","26.509183419155352",,"511.18571135340005","1.268224308725368","1.611646905454875",
"682","NAVIGATE Demand-1.5°C-all_u","REMIND 3.0","Final Energy|Residential and Commercial","EJ/yr","[object Object]",2090,9.6270349,"1.611646905454875","1.268224308725368","2048","511.18571135340005","444.21344169875","-205.60270896735003","2056","2088","GW1","Rapid Fossil-Fuel Phase-Out","failed","medium","ok","ok","ok","ok","ok","ok","ok","ok",,"medium",,"C1","C1: Below 1.5°C with no or limited overshoot",,,"54.644177768794","17.889367534610166","26.509183419155352",,"511.18571135340005","1.268224308725368","1.611646905454875",
"682","NAVIGATE Demand-1.5°C-all_u","REMIND 3.0","Final Energy|Residential and Commercial","EJ/yr","[object Object]",2100,10.2707389,"1.611646905454875","1.268224308725368","2048","511.18571135340005","444.21344169875","-205.60270896735003","2056","2088","GW1","Rapid Fossil-Fuel Phase-Out","failed","medium","ok","ok","ok","ok","ok","ok","ok","ok",,"medium",,"C1","C1: Below 1.5°C with no or limited overshoot",,,"54.644177768794","17.889367534610166","26.509183419155352",,"511.18571135340005","1.268224308725368","1.611646905454875",
"683","NAVIGATE Demand-1.5°C-ele_u","REMIND 3.0","Final Energy|Residential and Commercial","EJ/yr","[object Object]",2010,19.1769022,"1.609360354694031","1.248089778189559","2048","559.5007437277501","396.30475436279994","-253.6471509525","2055","2082","GW1","Rapid Fossil-Fuel Phase-Out","failed","medium","ok","ok","medium","ok","ok","medium","ok","ok",,"medium",,"C1","C1: Below 1.5°C with no or limited overshoot",,,"56.46001785576868","17.975732564604723","24.765554002962173",,"559.5007437277501","1.248089778189559","1.609360354694031",
"683","NAVIGATE Demand-1.5°C-ele_u","REMIND 3.0","Final Energy|Residential and Commercial","EJ/yr","[object Object]",2015,17.9051775,"1.609360354694031","1.248089778189559","2048","559.5007437277501","396.30475436279994","-253.6471509525","2055","2082","GW1","Rapid Fossil-Fuel Phase-Out","failed","medium","ok","ok","medium","ok","ok","medium","ok","ok",,"medium",,"C1","C1: Below 1.5°C with no or limited overshoot",,,"56.46001785576868","17.975732564604723","24.765554002962173",,"559.5007437277501","1.248089778189559","1.609360354694031",
"683","NAVIGATE Demand-1.5°C-ele_u","REMIND 3.0","Final Energy|Residential and Commercial","EJ/yr","[object Object]",2020,18.3836569,"1.609360354694031","1.248089778189559","2048","559.5007437277501","396.30475436279994","-253.6471509525","2055","2082","GW1","Rapid Fossil-Fuel Phase-Out","failed","medium","ok","ok","medium","ok","ok","medium","ok","ok",,"medium",,"C1","C1: Below 1.5°C with no or limited overshoot",,,"56.46001785576868","17.975732564604723","24.765554002962173",,"559.5007437277501","1.248089778189559","1.609360354694031",
"683","NAVIGATE Demand-1.5°C-ele_u","REMIND 3.0","Final Energy|Residential and Commercial","EJ/yr","[object Object]",2025,16.8693261,"1.609360354694031","1.248089778189559","2048","559.5007437277501","396.30475436279994","-253.6471509525","2055","2082","GW1","Rapid Fossil-Fuel Phase-Out","failed","medium","ok","ok","medium","ok","ok","medium","ok","ok",,"medium",,"C1","C1: Below 1.5°C with no or limited overshoot",,,"56.46001785576868","17.975732564604723","24.765554002962173",,"559.5007437277501","1.248089778189559","1.609360354694031",
"683","NAVIGATE Demand-1.5°C-ele_u","REMIND 3.0","Final Energy|Residential and Commercial","EJ/yr","[object Object]",2030,16.2314612,"1.609360354694031","1.248089778189559","2048","559.5007437277501","396.30475436279994","-253.6471509525","2055","2082","GW1","Rapid Fossil-Fuel Phase-Out","failed","medium","ok","ok","medium","ok","ok","medium","ok","ok",,"medium",,"C1","C1: Below 1.5°C with no or limited overshoot",,,"56.46001785576868","17.975732564604723","24.765554002962173",,"559.5007437277501","1.248089778189559","1.609360354694031",
"683","NAVIGATE Demand-1.5°C-ele_u","REMIND 3.0","Final Energy|Residential and Commercial","EJ/yr","[object Object]",2035,14.2870069,"1.609360354694031","1.248089778189559","2048","559.5007437277501","396.30475436279994","-253.6471509525","2055","2082","GW1","Rapid Fossil-Fuel Phase-Out","failed","medium","ok","ok","medium","ok","ok","medium","ok","ok",,"medium",,"C1","C1: Below 1.5°C with no or limited overshoot",,,"56.46001785576868","17.975732564604723","24.765554002962173",,"559.5007437277501","1.248089778189559","1.609360354694031",
"683","NAVIGATE Demand-1.5°C-ele_u","REMIND 3.0","Final Energy|Residential and Commercial","EJ/yr","[object Object]",2040,12.1653641,"1.609360354694031","1.248089778189559","2048","559.5007437277501","396.30475436279994","-253.6471509525","2055","2082","GW1","Rapid Fossil-Fuel Phase-Out","failed","medium","ok","ok","medium","ok","ok","medium","ok","ok",,"medium",,"C1","C1: Below 1.5°C with no or limited overshoot",,,"56.46001785576868","17.975732564604723","24.765554002962173",,"559.5007437277501","1.248089778189559","1.609360354694031",
"683","NAVIGATE Demand-1.5°C-ele_u","REMIND 3.0","Final Energy|Residential and Commercial","EJ/yr","[object Object]",2045,10.9901987,"1.609360354694031","1.248089778189559","2048","559.5007437277501","396.30475436279994","-253.6471509525","2055","2082","GW1","Rapid Fossil-Fuel Phase-Out","failed","medium","ok","ok","medium","ok","ok","medium","ok","ok",,"medium",,"C1","C1: Below 1.5°C with no or limited overshoot",,,"56.46001785576868","17.975732564604723","24.765554002962173",,"559.5007437277501","1.248089778189559","1.609360354694031",
"683","NAVIGATE Demand-1.5°C-ele_u","REMIND 3.0","Final Energy|Residential and Commercial","EJ/yr","[object Object]",2050,10.4705427,"1.609360354694031","1.248089778189559","2048","559.5007437277501","396.30475436279994","-253.6471509525","2055","2082","GW1","Rapid Fossil-Fuel Phase-Out","failed","medium","ok","ok","medium","ok","ok","medium","ok","ok",,"medium",,"C1","C1: Below 1.5°C with no or limited overshoot",,,"56.46001785576868","17.975732564604723","24.765554002962173",,"559.5007437277501","1.248089778189559","1.609360354694031",
"683","NAVIGATE Demand-1.5°C-ele_u","REMIND 3.0","Final Energy|Residential and Commercial","EJ/yr","[object Object]",2055,9.9873023,"1.609360354694031","1.248089778189559","2048","559.5007437277501","396.30475436279994","-253.6471509525","2055","2082","GW1","Rapid Fossil-Fuel Phase-Out","failed","medium","ok","ok","medium","ok","ok","medium","ok","ok",,"medium",,"C1","C1: Below 1.5°C with no or limited overshoot",,,"56.46001785576868","17.975732564604723","24.765554002962173",,"559.5007437277501","1.248089778189559","1.609360354694031",
"683","NAVIGATE Demand-1.5°C-ele_u","REMIND 3.0","Final Energy|Residential and Commercial","EJ/yr","[object Object]",2060,9.998762699999999,"1.609360354694031","1.248089778189559","2048","559.5007437277501","396.30475436279994","-253.6471509525","2055","2082","GW1","Rapid Fossil-Fuel Phase-Out","failed","medium","ok","ok","medium","ok","ok","medium","ok","ok",,"medium",,"C1","C1: Below 1.5°C with no or limited overshoot",,,"56.46001785576868","17.975732564604723","24.765554002962173",,"559.5007437277501","1.248089778189559","1.609360354694031",
"683","NAVIGATE Demand-1.5°C-ele_u","REMIND 3.0","Final Energy|Residential and Commercial","EJ/yr","[object Object]",2070,9.757881099999999,"1.609360354694031","1.248089778189559","2048","559.5007437277501","396.30475436279994","-253.6471509525","2055","2082","GW1","Rapid Fossil-Fuel Phase-Out","failed","medium","ok","ok","medium","ok","ok","medium","ok","ok",,"medium",,"C1","C1: Below 1.5°C with no or limited overshoot",,,"56.46001785576868","17.975732564604723","24.765554002962173",,"559.5007437277501","1.248089778189559","1.609360354694031",
"683","NAVIGATE Demand-1.5°C-ele_u","REMIND 3.0","Final Energy|Residential and Commercial","EJ/yr","[object Object]",2080,10.4042505,"1.609360354694031","1.248089778189559","2048","559.5007437277501","396.30475436279994","-253.6471509525","2055","2082","GW1","Rapid Fossil-Fuel Phase-Out","failed","medium","ok","ok","medium","ok","ok","medium","ok","ok",,"medium",,"C1","C1: Below 1.5°C with no or limited overshoot",,,"56.46001785576868","17.975732564604723","24.765554002962173",,"559.5007437277501","1.248089778189559","1.609360354694031",
"683","NAVIGATE Demand-1.5°C-ele_u","REMIND 3.0","Final Energy|Residential and Commercial","EJ/yr","[object Object]",2090,11.0968701,"1.609360354694031","1.248089778189559","2048","559.5007437277501","396.30475436279994","-253.6471509525","2055","2082","GW1","Rapid Fossil-Fuel Phase-Out","failed","medium","ok","ok","medium","ok","ok","medium","ok","ok",,"medium",,"C1","C1: Below 1.5°C with no or limited overshoot",,,"56.46001785576868","17.975732564604723","24.765554002962173",,"559.5007437277501","1.248089778189559","1.609360354694031",
"683","NAVIGATE Demand-1.5°C-ele_u","REMIND 3.0","Final Energy|Residential and Commercial","EJ/yr","[object Object]",2100,11.6677764,"1.609360354694031","1.248089778189559","2048","559.5007437277501","396.30475436279994","-253.6471509525","2055","2082","GW1","Rapid Fossil-Fuel Phase-Out","failed","medium","ok","ok","medium","ok","ok","medium","ok","ok",,"medium",,"C1","C1: Below 1.5°C with no or limited overshoot",,,"56.46001785576868","17.975732564604723","24.765554002962173",,"559.5007437277501","1.248089778189559","1.609360354694031",
"684","NAVIGATE Demand-1.5°C-ref","REMIND 3.0","Final Energy|Residential and Commercial","EJ/yr","[object Object]",2010,19.1810214,"1.606310849806208","1.224043939075636","2039","782.6492325177","227.18799357849977","-419.26819022890004","2055","2073","GW1","Rapid Fossil-Fuel Phase-Out","failed","high","medium","medium","medium","ok","ok","ok","ok","ok",,"high",,"C1","C1: Below 1.5°C with no or limited overshoot",,,"45.862249818420544","22.091763351247","31.29952547494948",,"782.6492325177","1.224043939075636","1.606310849806208",
"684","NAVIGATE Demand-1.5°C-ref","REMIND 3.0","Final Energy|Residential and Commercial","EJ/yr","[object Object]",2015,17.9367514,"1.606310849806208","1.224043939075636","2039","782.6492325177","227.18799357849977","-419.26819022890004","2055","2073","GW1","Rapid Fossil-Fuel Phase-Out","failed","high","medium","medium","medium","ok","ok","ok","ok","ok",,"high",,"C1","C1: Below 1.5°C with no or limited overshoot",,,"45.862249818420544","22.091763351247","31.29952547494948",,"782.6492325177","1.224043939075636","1.606310849806208",
"684","NAVIGATE Demand-1.5°C-ref","REMIND 3.0","Final Energy|Residential and Commercial","EJ/yr","[object Object]",2020,18.4561005,"1.606310849806208","1.224043939075636","2039","782.6492325177","227.18799357849977","-419.26819022890004","2055","2073","GW1","Rapid Fossil-Fuel Phase-Out","failed","high","medium","medium","medium","ok","ok","ok","ok","ok",,"high",,"C1","C1: Below 1.5°C with no or limited overshoot",,,"45.862249818420544","22.091763351247","31.29952547494948",,"782.6492325177","1.224043939075636","1.606310849806208",
"684","NAVIGATE Demand-1.5°C-ref","REMIND 3.0","Final Energy|Residential and Commercial","EJ/yr","[object Object]",2025,17.3369376,"1.606310849806208","1.224043939075636","2039","782.6492325177","227.18799357849977","-419.26819022890004","2055","2073","GW1","Rapid Fossil-Fuel Phase-Out","failed","high","medium","medium","medium","ok","ok","ok","ok","ok",,"high",,"C1","C1: Below 1.5°C with no or limited overshoot",,,"45.862249818420544","22.091763351247","31.29952547494948",,"782.6492325177","1.224043939075636","1.606310849806208",
"684","NAVIGATE Demand-1.5°C-ref","REMIND 3.0","Final Energy|Residential and Commercial","EJ/yr","[object Object]",2030,16.8523667,"1.606310849806208","1.224043939075636","2039","782.6492325177","227.18799357849977","-419.26819022890004","2055","2073","GW1","Rapid Fossil-Fuel Phase-Out","failed","high","medium","medium","medium","ok","ok","ok","ok","ok",,"high",,"C1","C1: Below 1.5°C with no or limited overshoot",,,"45.862249818420544","22.091763351247","31.29952547494948",,"782.6492325177","1.224043939075636","1.606310849806208",
"684","NAVIGATE Demand-1.5°C-ref","REMIND 3.0","Final Energy|Residential and Commercial","EJ/yr","[object Object]",2035,15.3794581,"1.606310849806208","1.224043939075636","2039","782.6492325177","227.18799357849977","-419.26819022890004","2055","2073","GW1","Rapid Fossil-Fuel Phase-Out","failed","high","medium","medium","medium","ok","ok","ok","ok","ok",,"high",,"C1","C1: Below 1.5°C with no or limited overshoot",,,"45.862249818420544","22.091763351247","31.29952547494948",,"782.6492325177","1.224043939075636","1.606310849806208",
"684","NAVIGATE Demand-1.5°C-ref","REMIND 3.0","Final Energy|Residential and Commercial","EJ/yr","[object Object]",2040,13.5671529,"1.606310849806208","1.224043939075636","2039","782.6492325177","227.18799357849977","-419.26819022890004","2055","2073","GW1","Rapid Fossil-Fuel Phase-Out","failed","high","medium","medium","medium","ok","ok","ok","ok","ok",,"high",,"C1","C1: Below 1.5°C with no or limited overshoot",,,"45.862249818420544","22.091763351247","31.29952547494948",,"782.6492325177","1.224043939075636","1.606310849806208",
"684","NAVIGATE Demand-1.5°C-ref","REMIND 3.0","Final Energy|Residential and Commercial","EJ/yr","[object Object]",2045,11.9602485,"1.606310849806208","1.224043939075636","2039","782.6492325177","227.18799357849977","-419.26819022890004","2055","2073","GW1","Rapid Fossil-Fuel Phase-Out","failed","high","medium","medium","medium","ok","ok","ok","ok","ok",,"high",,"C1","C1: Below 1.5°C with no or limited overshoot",,,"45.862249818420544","22.091763351247","31.29952547494948",,"782.6492325177","1.224043939075636","1.606310849806208",
"684","NAVIGATE Demand-1.5°C-ref","REMIND 3.0","Final Energy|Residential and Commercial","EJ/yr","[object Object]",2050,11.1905391,"1.606310849806208","1.224043939075636","2039","782.6492325177","227.18799357849977","-419.26819022890004","2055","2073","GW1","Rapid Fossil-Fuel Phase-Out","failed","high","medium","medium","medium","ok","ok","ok","ok","ok",,"high",,"C1","C1: Below 1.5°C with no or limited overshoot",,,"45.862249818420544","22.091763351247","31.29952547494948",,"782.6492325177","1.224043939075636","1.606310849806208",
"684","NAVIGATE Demand-1.5°C-ref","REMIND 3.0","Final Energy|Residential and Commercial","EJ/yr","[object Object]",2055,10.7403998,"1.606310849806208","1.224043939075636","2039","782.6492325177","227.18799357849977","-419.26819022890004","2055","2073","GW1","Rapid Fossil-Fuel Phase-Out","failed","high","medium","medium","medium","ok","ok","ok","ok","ok",,"high",,"C1","C1: Below 1.5°C with no or limited overshoot",,,"45.862249818420544","22.091763351247","31.29952547494948",,"782.6492325177","1.224043939075636","1.606310849806208",
"684","NAVIGATE Demand-1.5°C-ref","REMIND 3.0","Final Energy|Residential and Commercial","EJ/yr","[object Object]",2060,10.7170265,"1.606310849806208","1.224043939075636","2039","782.6492325177","227.18799357849977","-419.26819022890004","2055","2073","GW1","Rapid Fossil-Fuel Phase-Out","failed","high","medium","medium","medium","ok","ok","ok","ok","ok",,"high",,"C1","C1: Below 1.5°C with no or limited overshoot",,,"45.862249818420544","22.091763351247","31.29952547494948",,"782.6492325177","1.224043939075636","1.606310849806208",
"684","NAVIGATE Demand-1.5°C-ref","REMIND 3.0","Final Energy|Residential and Commercial","EJ/yr","[object Object]",2070,10.5840414,"1.606310849806208","1.224043939075636","2039","782.6492325177","227.18799357849977","-419.26819022890004","2055","2073","GW1","Rapid Fossil-Fuel Phase-Out","failed","high","medium","medium","medium","ok","ok","ok","ok","ok",,"high",,"C1","C1: Below 1.5°C with no or limited overshoot",,,"45.862249818420544","22.091763351247","31.29952547494948",,"782.6492325177","1.224043939075636","1.606310849806208",
"684","NAVIGATE Demand-1.5°C-ref","REMIND 3.0","Final Energy|Residential and Commercial","EJ/yr","[object Object]",2080,11.3977518,"1.606310849806208","1.224043939075636","2039","782.6492325177","227.18799357849977","-419.26819022890004","2055","2073","GW1","Rapid Fossil-Fuel Phase-Out","failed","high","medium","medium","medium","ok","ok","ok","ok","ok",,"high",,"C1","C1: Below 1.5°C with no or limited overshoot",,,"45.862249818420544","22.091763351247","31.29952547494948",,"782.6492325177","1.224043939075636","1.606310849806208",
"684","NAVIGATE Demand-1.5°C-ref","REMIND 3.0","Final Energy|Residential and Commercial","EJ/yr","[object Object]",2090,11.9315965,"1.606310849806208","1.224043939075636","2039","782.6492325177","227.18799357849977","-419.26819022890004","2055","2073","GW1","Rapid Fossil-Fuel Phase-Out","failed","high","medium","medium","medium","ok","ok","ok","ok","ok",,"high",,"C1","C1: Below 1.5°C with no or limited overshoot",,,"45.862249818420544","22.091763351247","31.29952547494948",,"782.6492325177","1.224043939075636","1.606310849806208",
"684","NAVIGATE Demand-1.5°C-ref","REMIND 3.0","Final Energy|Residential and Commercial","EJ/yr","[object Object]",2100,12.2218532,"1.606310849806208","1.224043939075636","2039","782.6492325177","227.18799357849977","-419.26819022890004","2055","2073","GW1","Rapid Fossil-Fuel Phase-Out","failed","high","medium","medium","medium","ok","ok","ok","ok","ok",,"high",,"C1","C1: Below 1.5°C with no or limited overshoot",,,"45.862249818420544","22.091763351247","31.29952547494948",,"782.6492325177","1.224043939075636","1.606310849806208",
"685","NAVIGATE Demand-1.5°C-tec_u","REMIND 3.0","Final Energy|Residential and Commercial","EJ/yr","[object Object]",2010,19.189054,"1.599576351685757","1.232411442478516","2040","723.79466141695","278.9023760731503","-370.78654929785","2055","2075","GW1","Rapid Fossil-Fuel Phase-Out","failed","high","medium","ok","ok","ok","ok","ok","ok","ok",,"high",,"C1","C1: Below 1.5°C with no or limited overshoot",,,"46.8442553223165","21.68138238877754","30.635403076903184",,"723.79466141695","1.232411442478516","1.599576351685757",
"685","NAVIGATE Demand-1.5°C-tec_u","REMIND 3.0","Final Energy|Residential and Commercial","EJ/yr","[object Object]",2015,17.9146088,"1.599576351685757","1.232411442478516","2040","723.79466141695","278.9023760731503","-370.78654929785","2055","2075","GW1","Rapid Fossil-Fuel Phase-Out","failed","high","medium","ok","ok","ok","ok","ok","ok","ok",,"high",,"C1","C1: Below 1.5°C with no or limited overshoot",,,"46.8442553223165","21.68138238877754","30.635403076903184",,"723.79466141695","1.232411442478516","1.599576351685757",
"685","NAVIGATE Demand-1.5°C-tec_u","REMIND 3.0","Final Energy|Residential and Commercial","EJ/yr","[object Object]",2020,18.3860126,"1.599576351685757","1.232411442478516","2040","723.79466141695","278.9023760731503","-370.78654929785","2055","2075","GW1","Rapid Fossil-Fuel Phase-Out","failed","high","medium","ok","ok","ok","ok","ok","ok","ok",,"high",,"C1","C1: Below 1.5°C with no or limited overshoot",,,"46.8442553223165","21.68138238877754","30.635403076903184",,"723.79466141695","1.232411442478516","1.599576351685757",
"685","NAVIGATE Demand-1.5°C-tec_u","REMIND 3.0","Final Energy|Residential and Commercial","EJ/yr","[object Object]",2025,17.0721259,"1.599576351685757","1.232411442478516","2040","723.79466141695","278.9023760731503","-370.78654929785","2055","2075","GW1","Rapid Fossil-Fuel Phase-Out","failed","high","medium","ok","ok","ok","ok","ok","ok","ok",,"high",,"C1","C1: Below 1.5°C with no or limited overshoot",,,"46.8442553223165","21.68138238877754","30.635403076903184",,"723.79466141695","1.232411442478516","1.599576351685757",
"685","NAVIGATE Demand-1.5°C-tec_u","REMIND 3.0","Final Energy|Residential and Commercial","EJ/yr","[object Object]",2030,16.0517058,"1.599576351685757","1.232411442478516","2040","723.79466141695","278.9023760731503","-370.78654929785","2055","2075","GW1","Rapid Fossil-Fuel Phase-Out","failed","high","medium","ok","ok","ok","ok","ok","ok","ok",,"high",,"C1","C1: Below 1.5°C with no or limited overshoot",,,"46.8442553223165","21.68138238877754","30.635403076903184",,"723.79466141695","1.232411442478516","1.599576351685757",
"685","NAVIGATE Demand-1.5°C-tec_u","REMIND 3.0","Final Energy|Residential and Commercial","EJ/yr","[object Object]",2035,14.299006,"1.599576351685757","1.232411442478516","2040","723.79466141695","278.9023760731503","-370.78654929785","2055","2075","GW1","Rapid Fossil-Fuel Phase-Out","failed","high","medium","ok","ok","ok","ok","ok","ok","ok",,"high",,"C1","C1: Below 1.5°C with no or limited overshoot",,,"46.8442553223165","21.68138238877754","30.635403076903184",,"723.79466141695","1.232411442478516","1.599576351685757",
"685","NAVIGATE Demand-1.5°C-tec_u","REMIND 3.0","Final Energy|Residential and Commercial","EJ/yr","[object Object]",2040,12.3659457,"1.599576351685757","1.232411442478516","2040","723.79466141695","278.9023760731503","-370.78654929785","2055","2075","GW1","Rapid Fossil-Fuel Phase-Out","failed","high","medium","ok","ok","ok","ok","ok","ok","ok",,"high",,"C1","C1: Below 1.5°C with no or limited overshoot",,,"46.8442553223165","21.68138238877754","30.635403076903184",,"723.79466141695","1.232411442478516","1.599576351685757",
"685","NAVIGATE Demand-1.5°C-tec_u","REMIND 3.0","Final Energy|Residential and Commercial","EJ/yr","[object Object]",2045,10.9615245,"1.599576351685757","1.232411442478516","2040","723.79466141695","278.9023760731503","-370.78654929785","2055","2075","GW1","Rapid Fossil-Fuel Phase-Out","failed","high","medium","ok","ok","ok","ok","ok","ok","ok",,"high",,"C1","C1: Below 1.5°C with no or limited overshoot",,,"46.8442553223165","21.68138238877754","30.635403076903184",,"723.79466141695","1.232411442478516","1.599576351685757",
"685","NAVIGATE Demand-1.5°C-tec_u","REMIND 3.0","Final Energy|Residential and Commercial","EJ/yr","[object Object]",2050,10.2908577,"1.599576351685757","1.232411442478516","2040","723.79466141695","278.9023760731503","-370.78654929785","2055","2075","GW1","Rapid Fossil-Fuel Phase-Out","failed","high","medium","ok","ok","ok","ok","ok","ok","ok",,"high",,"C1","C1: Below 1.5°C with no or limited overshoot",,,"46.8442553223165","21.68138238877754","30.635403076903184",,"723.79466141695","1.232411442478516","1.599576351685757",
"685","NAVIGATE Demand-1.5°C-tec_u","REMIND 3.0","Final Energy|Residential and Commercial","EJ/yr","[object Object]",2055,9.891725,"1.599576351685757","1.232411442478516","2040","723.79466141695","278.9023760731503","-370.78654929785","2055","2075","GW1","Rapid Fossil-Fuel Phase-Out","failed","high","medium","ok","ok","ok","ok","ok","ok","ok",,"high",,"C1","C1: Below 1.5°C with no or limited overshoot",,,"46.8442553223165","21.68138238877754","30.635403076903184",,"723.79466141695","1.232411442478516","1.599576351685757",
"685","NAVIGATE Demand-1.5°C-tec_u","REMIND 3.0","Final Energy|Residential and Commercial","EJ/yr","[object Object]",2060,9.914327599999998,"1.599576351685757","1.232411442478516","2040","723.79466141695","278.9023760731503","-370.78654929785","2055","2075","GW1","Rapid Fossil-Fuel Phase-Out","failed","high","medium","ok","ok","ok","ok","ok","ok","ok",,"high",,"C1","C1: Below 1.5°C with no or limited overshoot",,,"46.8442553223165","21.68138238877754","30.635403076903184",,"723.79466141695","1.232411442478516","1.599576351685757",
"685","NAVIGATE Demand-1.5°C-tec_u","REMIND 3.0","Final Energy|Residential and Commercial","EJ/yr","[object Object]",2070,9.694259599999999,"1.599576351685757","1.232411442478516","2040","723.79466141695","278.9023760731503","-370.78654929785","2055","2075","GW1","Rapid Fossil-Fuel Phase-Out","failed","high","medium","ok","ok","ok","ok","ok","ok","ok",,"high",,"C1","C1: Below 1.5°C with no or limited overshoot",,,"46.8442553223165","21.68138238877754","30.635403076903184",,"723.79466141695","1.232411442478516","1.599576351685757",
"685","NAVIGATE Demand-1.5°C-tec_u","REMIND 3.0","Final Energy|Residential and Commercial","EJ/yr","[object Object]",2080,10.4037294,"1.599576351685757","1.232411442478516","2040","723.79466141695","278.9023760731503","-370.78654929785","2055","2075","GW1","Rapid Fossil-Fuel Phase-Out","failed","high","medium","ok","ok","ok","ok","ok","ok","ok",,"high",,"C1","C1: Below 1.5°C with no or limited overshoot",,,"46.8442553223165","21.68138238877754","30.635403076903184",,"723.79466141695","1.232411442478516","1.599576351685757",
"685","NAVIGATE Demand-1.5°C-tec_u","REMIND 3.0","Final Energy|Residential and Commercial","EJ/yr","[object Object]",2090,10.8456235,"1.599576351685757","1.232411442478516","2040","723.79466141695","278.9023760731503","-370.78654929785","2055","2075","GW1","Rapid Fossil-Fuel Phase-Out","failed","high","medium","ok","ok","ok","ok","ok","ok","ok",,"high",,"C1","C1: Below 1.5°C with no or limited overshoot",,,"46.8442553223165","21.68138238877754","30.635403076903184",,"723.79466141695","1.232411442478516","1.599576351685757",
"685","NAVIGATE Demand-1.5°C-tec_u","REMIND 3.0","Final Energy|Residential and Commercial","EJ/yr","[object Object]",2100,11.1927243,"1.599576351685757","1.232411442478516","2040","723.79466141695","278.9023760731503","-370.78654929785","2055","2075","GW1","Rapid Fossil-Fuel Phase-Out","failed","high","medium","ok","ok","ok","ok","ok","ok","ok",,"high",,"C1","C1: Below 1.5°C with no or limited overshoot",,,"46.8442553223165","21.68138238877754","30.635403076903184",,"723.79466141695","1.232411442478516","1.599576351685757",
"702","SHAPE-SDP-RC-1.5°C","IMAGE 3.3","Final Energy|Residential and Commercial","EJ/yr","[object Object]",2010,20.9453209381103,"1.602745702792329","1.335668981729842","2039","486.93348232445936","418.2915137734804","-72.24030346980372","2054",,"GW1","Carbon Capture and Storage","failed","high","medium","medium","medium","high","medium","medium","ok","ok","ok","ok",,"C1","C1: Below 1.5°C with no or limited overshoot",,,"21.527744310169915","51.118572360176316","27.121233632501635","9.936531424540107","486.93348232445936","1.335668981729842","1.602745702792329",
"702","SHAPE-SDP-RC-1.5°C","IMAGE 3.3","Final Energy|Residential and Commercial","EJ/yr","[object Object]",2015,20.5403551940918,"1.602745702792329","1.335668981729842","2039","486.93348232445936","418.2915137734804","-72.24030346980372","2054",,"GW1","Carbon Capture and Storage","failed","high","medium","medium","medium","high","medium","medium","ok","ok","ok","ok",,"C1","C1: Below 1.5°C with no or limited overshoot",,,"21.527744310169915","51.118572360176316","27.121233632501635","9.936531424540107","486.93348232445936","1.335668981729842","1.602745702792329",
"702","SHAPE-SDP-RC-1.5°C","IMAGE 3.3","Final Energy|Residential and Commercial","EJ/yr","[object Object]",2020,19.5411072998047,"1.602745702792329","1.335668981729842","2039","486.93348232445936","418.2915137734804","-72.24030346980372","2054",,"GW1","Carbon Capture and Storage","failed","high","medium","medium","medium","high","medium","medium","ok","ok","ok","ok",,"C1","C1: Below 1.5°C with no or limited overshoot",,,"21.527744310169915","51.118572360176316","27.121233632501635","9.936531424540107","486.93348232445936","1.335668981729842","1.602745702792329",
"702","SHAPE-SDP-RC-1.5°C","IMAGE 3.3","Final Energy|Residential and Commercial","EJ/yr","[object Object]",2025,17.0812889404297,"1.602745702792329","1.335668981729842","2039","486.93348232445936","418.2915137734804","-72.24030346980372","2054",,"GW1","Carbon Capture and Storage","failed","high","medium","medium","medium","high","medium","medium","ok","ok","ok","ok",,"C1","C1: Below 1.5°C with no or limited overshoot",,,"21.527744310169915","51.118572360176316","27.121233632501635","9.936531424540107","486.93348232445936","1.335668981729842","1.602745702792329",
"702","SHAPE-SDP-RC-1.5°C","IMAGE 3.3","Final Energy|Residential and Commercial","EJ/yr","[object Object]",2030,14.4583880004883,"1.602745702792329","1.335668981729842","2039","486.93348232445936","418.2915137734804","-72.24030346980372","2054",,"GW1","Carbon Capture and Storage","failed","high","medium","medium","medium","high","medium","medium","ok","ok","ok","ok",,"C1","C1: Below 1.5°C with no or limited overshoot",,,"21.527744310169915","51.118572360176316","27.121233632501635","9.936531424540107","486.93348232445936","1.335668981729842","1.602745702792329",
"702","SHAPE-SDP-RC-1.5°C","IMAGE 3.3","Final Energy|Residential and Commercial","EJ/yr","[object Object]",2035,12.2722320556641,"1.602745702792329","1.335668981729842","2039","486.93348232445936","418.2915137734804","-72.24030346980372","2054",,"GW1","Carbon Capture and Storage","failed","high","medium","medium","medium","high","medium","medium","ok","ok","ok","ok",,"C1","C1: Below 1.5°C with no or limited overshoot",,,"21.527744310169915","51.118572360176316","27.121233632501635","9.936531424540107","486.93348232445936","1.335668981729842","1.602745702792329",
"702","SHAPE-SDP-RC-1.5°C","IMAGE 3.3","Final Energy|Residential and Commercial","EJ/yr","[object Object]",2040,10.9279353027344,"1.602745702792329","1.335668981729842","2039","486.93348232445936","418.2915137734804","-72.24030346980372","2054",,"GW1","Carbon Capture and Storage","failed","high","medium","medium","medium","high","medium","medium","ok","ok","ok","ok",,"C1","C1: Below 1.5°C with no or limited overshoot",,,"21.527744310169915","51.118572360176316","27.121233632501635","9.936531424540107","486.93348232445936","1.335668981729842","1.602745702792329",
"702","SHAPE-SDP-RC-1.5°C","IMAGE 3.3","Final Energy|Residential and Commercial","EJ/yr","[object Object]",2045,9.70921313476563,"1.602745702792329","1.335668981729842","2039","486.93348232445936","418.2915137734804","-72.24030346980372","2054",,"GW1","Carbon Capture and Storage","failed","high","medium","medium","medium","high","medium","medium","ok","ok","ok","ok",,"C1","C1: Below 1.5°C with no or limited overshoot",,,"21.527744310169915","51.118572360176316","27.121233632501635","9.936531424540107","486.93348232445936","1.335668981729842","1.602745702792329",
"702","SHAPE-SDP-RC-1.5°C","IMAGE 3.3","Final Energy|Residential and Commercial","EJ/yr","[object Object]",2050,8.92465396118164,"1.602745702792329","1.335668981729842","2039","486.93348232445936","418.2915137734804","-72.24030346980372","2054",,"GW1","Carbon Capture and Storage","failed","high","medium","medium","medium","high","medium","medium","ok","ok","ok","ok",,"C1","C1: Below 1.5°C with no or limited overshoot",,,"21.527744310169915","51.118572360176316","27.121233632501635","9.936531424540107","486.93348232445936","1.335668981729842","1.602745702792329",
"702","SHAPE-SDP-RC-1.5°C","IMAGE 3.3","Final Energy|Residential and Commercial","EJ/yr","[object Object]",2060,7.99235006713867,"1.602745702792329","1.335668981729842","2039","486.93348232445936","418.2915137734804","-72.24030346980372","2054",,"GW1","Carbon Capture and Storage","failed","high","medium","medium","medium","high","medium","medium","ok","ok","ok","ok",,"C1","C1: Below 1.5°C with no or limited overshoot",,,"21.527744310169915","51.118572360176316","27.121233632501635","9.936531424540107","486.93348232445936","1.335668981729842","1.602745702792329",
"702","SHAPE-SDP-RC-1.5°C","IMAGE 3.3","Final Energy|Residential and Commercial","EJ/yr","[object Object]",2070,7.45788558959961,"1.602745702792329","1.335668981729842","2039","486.93348232445936","418.2915137734804","-72.24030346980372","2054",,"GW1","Carbon Capture and Storage","failed","high","medium","medium","medium","high","medium","medium","ok","ok","ok","ok",,"C1","C1: Below 1.5°C with no or limited overshoot",,,"21.527744310169915","51.118572360176316","27.121233632501635","9.936531424540107","486.93348232445936","1.335668981729842","1.602745702792329",
"702","SHAPE-SDP-RC-1.5°C","IMAGE 3.3","Final Energy|Residential and Commercial","EJ/yr","[object Object]",2080,7.05898165893555,"1.602745702792329","1.335668981729842","2039","486.93348232445936","418.2915137734804","-72.24030346980372","2054",,"GW1","Carbon Capture and Storage","failed","high","medium","medium","medium","high","medium","medium","ok","ok","ok","ok",,"C1","C1: Below 1.5°C with no or limited overshoot",,,"21.527744310169915","51.118572360176316","27.121233632501635","9.936531424540107","486.93348232445936","1.335668981729842","1.602745702792329",
"702","SHAPE-SDP-RC-1.5°C","IMAGE 3.3","Final Energy|Residential and Commercial","EJ/yr","[object Object]",2090,6.70850305175781,"1.602745702792329","1.335668981729842","2039","486.93348232445936","418.2915137734804","-72.24030346980372","2054",,"GW1","Carbon Capture and Storage","failed","high","medium","medium","medium","high","medium","medium","ok","ok","ok","ok",,"C1","C1: Below 1.5°C with no or limited overshoot",,,"21.527744310169915","51.118572360176316","27.121233632501635","9.936531424540107","486.93348232445936","1.335668981729842","1.602745702792329",
"702","SHAPE-SDP-RC-1.5°C","IMAGE 3.3","Final Energy|Residential and Commercial","EJ/yr","[object Object]",2100,6.38572348022461,"1.602745702792329","1.335668981729842","2039","486.93348232445936","418.2915137734804","-72.24030346980372","2054",,"GW1","Carbon Capture and Storage","failed","high","medium","medium","medium","high","medium","medium","ok","ok","ok","ok",,"C1","C1: Below 1.5°C with no or limited overshoot",,,"21.527744310169915","51.118572360176316","27.121233632501635","9.936531424540107","486.93348232445936","1.335668981729842","1.602745702792329",
"704","SHAPE-SSP2-1.5°C","IMAGE 3.3","Final Energy|Residential and Commercial","EJ/yr","[object Object]",2010,20.9442076873779,"1.572400885124553","1.330123276168332","2040","1230.505639454973","414.3963387624443","-221.59567360006034","2054","2091","GW1","Carbon Capture and Storage","failed","high","medium","medium","medium","high","medium","medium","medium","ok","ok","medium",,"C1","C1: Below 1.5°C with no or limited overshoot",,,"17.855160100946","54.46288513911421","26.001121365580193","5.856349065238476","1230.505639454973","1.330123276168332","1.572400885124553",
"704","SHAPE-SSP2-1.5°C","IMAGE 3.3","Final Energy|Residential and Commercial","EJ/yr","[object Object]",2015,20.538635925293,"1.572400885124553","1.330123276168332","2040","1230.505639454973","414.3963387624443","-221.59567360006034","2054","2091","GW1","Carbon Capture and Storage","failed","high","medium","medium","medium","high","medium","medium","medium","ok","ok","medium",,"C1","C1: Below 1.5°C with no or limited overshoot",,,"17.855160100946","54.46288513911421","26.001121365580193","5.856349065238476","1230.505639454973","1.330123276168332","1.572400885124553",
"704","SHAPE-SSP2-1.5°C","IMAGE 3.3","Final Energy|Residential and Commercial","EJ/yr","[object Object]",2020,19.6657000732422,"1.572400885124553","1.330123276168332","2040","1230.505639454973","414.3963387624443","-221.59567360006034","2054","2091","GW1","Carbon Capture and Storage","failed","high","medium","medium","medium","high","medium","medium","medium","ok","ok","medium",,"C1","C1: Below 1.5°C with no or limited overshoot",,,"17.855160100946","54.46288513911421","26.001121365580193","5.856349065238476","1230.505639454973","1.330123276168332","1.572400885124553",
"704","SHAPE-SSP2-1.5°C","IMAGE 3.3","Final Energy|Residential and Commercial","EJ/yr","[object Object]",2025,20.0040233764648,"1.572400885124553","1.330123276168332","2040","1230.505639454973","414.3963387624443","-221.59567360006034","2054","2091","GW1","Carbon Capture and Storage","failed","high","medium","medium","medium","high","medium","medium","medium","ok","ok","medium",,"C1","C1: Below 1.5°C with no or limited overshoot",,,"17.855160100946","54.46288513911421","26.001121365580193","5.856349065238476","1230.505639454973","1.330123276168332","1.572400885124553",
"704","SHAPE-SSP2-1.5°C","IMAGE 3.3","Final Energy|Residential and Commercial","EJ/yr","[object Object]",2030,19.5722003173828,"1.572400885124553","1.330123276168332","2040","1230.505639454973","414.3963387624443","-221.59567360006034","2054","2091","GW1","Carbon Capture and Storage","failed","high","medium","medium","medium","high","medium","medium","medium","ok","ok","medium",,"C1","C1: Below 1.5°C with no or limited overshoot",,,"17.855160100946","54.46288513911421","26.001121365580193","5.856349065238476","1230.505639454973","1.330123276168332","1.572400885124553",
"704","SHAPE-SSP2-1.5°C","IMAGE 3.3","Final Energy|Residential and Commercial","EJ/yr","[object Object]",2035,18.7668352661133,"1.572400885124553","1.330123276168332","2040","1230.505639454973","414.3963387624443","-221.59567360006034","2054","2091","GW1","Carbon Capture and Storage","failed","high","medium","medium","medium","high","medium","medium","medium","ok","ok","medium",,"C1","C1: Below 1.5°C with no or limited overshoot",,,"17.855160100946","54.46288513911421","26.001121365580193","5.856349065238476","1230.505639454973","1.330123276168332","1.572400885124553",
"704","SHAPE-SSP2-1.5°C","IMAGE 3.3","Final Energy|Residential and Commercial","EJ/yr","[object Object]",2040,18.2449192504883,"1.572400885124553","1.330123276168332","2040","1230.505639454973","414.3963387624443","-221.59567360006034","2054","2091","GW1","Carbon Capture and Storage","failed","high","medium","medium","medium","high","medium","medium","medium","ok","ok","medium",,"C1","C1: Below 1.5°C with no or limited overshoot",,,"17.855160100946","54.46288513911421","26.001121365580193","5.856349065238476","1230.505639454973","1.330123276168332","1.572400885124553",
"704","SHAPE-SSP2-1.5°C","IMAGE 3.3","Final Energy|Residential and Commercial","EJ/yr","[object Object]",2045,17.7179560546875,"1.572400885124553","1.330123276168332","2040","1230.505639454973","414.3963387624443","-221.59567360006034","2054","2091","GW1","Carbon Capture and Storage","failed","high","medium","medium","medium","high","medium","medium","medium","ok","ok","medium",,"C1","C1: Below 1.5°C with no or limited overshoot",,,"17.855160100946","54.46288513911421","26.001121365580193","5.856349065238476","1230.505639454973","1.330123276168332","1.572400885124553",
"704","SHAPE-SSP2-1.5°C","IMAGE 3.3","Final Energy|Residential and Commercial","EJ/yr","[object Object]",2050,17.3826979370117,"1.572400885124553","1.330123276168332","2040","1230.505639454973","414.3963387624443","-221.59567360006034","2054","2091","GW1","Carbon Capture and Storage","failed","high","medium","medium","medium","high","medium","medium","medium","ok","ok","medium",,"C1","C1: Below 1.5°C with no or limited overshoot",,,"17.855160100946","54.46288513911421","26.001121365580193","5.856349065238476","1230.505639454973","1.330123276168332","1.572400885124553",
"704","SHAPE-SSP2-1.5°C","IMAGE 3.3","Final Energy|Residential and Commercial","EJ/yr","[object Object]",2060,16.923749206543,"1.572400885124553","1.330123276168332","2040","1230.505639454973","414.3963387624443","-221.59567360006034","2054","2091","GW1","Carbon Capture and Storage","failed","high","medium","medium","medium","high","medium","medium","medium","ok","ok","medium",,"C1","C1: Below 1.5°C with no or limited overshoot",,,"17.855160100946","54.46288513911421","26.001121365580193","5.856349065238476","1230.505639454973","1.330123276168332","1.572400885124553",
"704","SHAPE-SSP2-1.5°C","IMAGE 3.3","Final Energy|Residential and Commercial","EJ/yr","[object Object]",2070,16.7696429443359,"1.572400885124553","1.330123276168332","2040","1230.505639454973","414.3963387624443","-221.59567360006034","2054","2091","GW1","Carbon Capture and Storage","failed","high","medium","medium","medium","high","medium","medium","medium","ok","ok","medium",,"C1","C1: Below 1.5°C with no or limited overshoot",,,"17.855160100946","54.46288513911421","26.001121365580193","5.856349065238476","1230.505639454973","1.330123276168332","1.572400885124553",
"704","SHAPE-SSP2-1.5°C","IMAGE 3.3","Final Energy|Residential and Commercial","EJ/yr","[object Object]",2080,16.4763189697266,"1.572400885124553","1.330123276168332","2040","1230.505639454973","414.3963387624443","-221.59567360006034","2054","2091","GW1","Carbon Capture and Storage","failed","high","medium","medium","medium","high","medium","medium","medium","ok","ok","medium",,"C1","C1: Below 1.5°C with no or limited overshoot",,,"17.855160100946","54.46288513911421","26.001121365580193","5.856349065238476","1230.505639454973","1.330123276168332","1.572400885124553",
"704","SHAPE-SSP2-1.5°C","IMAGE 3.3","Final Energy|Residential and Commercial","EJ/yr","[object Object]",2090,16.0037227783203,"1.572400885124553","1.330123276168332","2040","1230.505639454973","414.3963387624443","-221.59567360006034","2054","2091","GW1","Carbon Capture and Storage","failed","high","medium","medium","medium","high","medium","medium","medium","ok","ok","medium",,"C1","C1: Below 1.5°C with no or limited overshoot",,,"17.855160100946","54.46288513911421","26.001121365580193","5.856349065238476","1230.505639454973","1.330123276168332","1.572400885124553",
"704","SHAPE-SSP2-1.5°C","IMAGE 3.3","Final Energy|Residential and Commercial","EJ/yr","[object Object]",2100,15.3592739257813,"1.572400885124553","1.330123276168332","2040","1230.505639454973","414.3963387624443","-221.59567360006034","2054","2091","GW1","Carbon Capture and Storage","failed","high","medium","medium","medium","high","medium","medium","medium","ok","ok","medium",,"C1","C1: Below 1.5°C with no or limited overshoot",,,"17.855160100946","54.46288513911421","26.001121365580193","5.856349065238476","1230.505639454973","1.330123276168332","1.572400885124553",
"713","SHAPE-SDP-EI-1.5°C","REMIND-MAgPIE 3.2-4.6","Final Energy|Residential and Commercial","EJ/yr","[object Object]",2010,20.084,"1.590193747823103","1.209156806531518","2047","324.18848230000003","525.5824885","-124.96251596000002","2057","2097","GW1","Rapid Fossil-Fuel Phase-Out","failed","high","medium","ok","medium","ok","ok","medium","ok","ok","ok","medium",,"C1","C1: Below 1.5°C with no or limited overshoot",,,"51.378960601993285","14.191663680588876","33.46947823604793","6.0586803301020495","324.18848230000003","1.209156806531518","1.590193747823103",
"713","SHAPE-SDP-EI-1.5°C","REMIND-MAgPIE 3.2-4.6","Final Energy|Residential and Commercial","EJ/yr","[object Object]",2015,17.8593,"1.590193747823103","1.209156806531518","2047","324.18848230000003","525.5824885","-124.96251596000002","2057","2097","GW1","Rapid Fossil-Fuel Phase-Out","failed","high","medium","ok","medium","ok","ok","medium","ok","ok","ok","medium",,"C1","C1: Below 1.5°C with no or limited overshoot",,,"51.378960601993285","14.191663680588876","33.46947823604793","6.0586803301020495","324.18848230000003","1.209156806531518","1.590193747823103",
"713","SHAPE-SDP-EI-1.5°C","REMIND-MAgPIE 3.2-4.6","Final Energy|Residential and Commercial","EJ/yr","[object Object]",2020,18.4104,"1.590193747823103","1.209156806531518","2047","324.18848230000003","525.5824885","-124.96251596000002","2057","2097","GW1","Rapid Fossil-Fuel Phase-Out","failed","high","medium","ok","medium","ok","ok","medium","ok","ok","ok","medium",,"C1","C1: Below 1.5°C with no or limited overshoot",,,"51.378960601993285","14.191663680588876","33.46947823604793","6.0586803301020495","324.18848230000003","1.209156806531518","1.590193747823103",
"713","SHAPE-SDP-EI-1.5°C","REMIND-MAgPIE 3.2-4.6","Final Energy|Residential and Commercial","EJ/yr","[object Object]",2025,18.7073,"1.590193747823103","1.209156806531518","2047","324.18848230000003","525.5824885","-124.96251596000002","2057","2097","GW1","Rapid Fossil-Fuel Phase-Out","failed","high","medium","ok","medium","ok","ok","medium","ok","ok","ok","medium",,"C1","C1: Below 1.5°C with no or limited overshoot",,,"51.378960601993285","14.191663680588876","33.46947823604793","6.0586803301020495","324.18848230000003","1.209156806531518","1.590193747823103",
"713","SHAPE-SDP-EI-1.5°C","REMIND-MAgPIE 3.2-4.6","Final Energy|Residential and Commercial","EJ/yr","[object Object]",2030,17.2295,"1.590193747823103","1.209156806531518","2047","324.18848230000003","525.5824885","-124.96251596000002","2057","2097","GW1","Rapid Fossil-Fuel Phase-Out","failed","high","medium","ok","medium","ok","ok","medium","ok","ok","ok","medium",,"C1","C1: Below 1.5°C with no or limited overshoot",,,"51.378960601993285","14.191663680588876","33.46947823604793","6.0586803301020495","324.18848230000003","1.209156806531518","1.590193747823103",
"713","SHAPE-SDP-EI-1.5°C","REMIND-MAgPIE 3.2-4.6","Final Energy|Residential and Commercial","EJ/yr","[object Object]",2035,15.5251,"1.590193747823103","1.209156806531518","2047","324.18848230000003","525.5824885","-124.96251596000002","2057","2097","GW1","Rapid Fossil-Fuel Phase-Out","failed","high","medium","ok","medium","ok","ok","medium","ok","ok","ok","medium",,"C1","C1: Below 1.5°C with no or limited overshoot",,,"51.378960601993285","14.191663680588876","33.46947823604793","6.0586803301020495","324.18848230000003","1.209156806531518","1.590193747823103",
"713","SHAPE-SDP-EI-1.5°C","REMIND-MAgPIE 3.2-4.6","Final Energy|Residential and Commercial","EJ/yr","[object Object]",2040,13.0534,"1.590193747823103","1.209156806531518","2047","324.18848230000003","525.5824885","-124.96251596000002","2057","2097","GW1","Rapid Fossil-Fuel Phase-Out","failed","high","medium","ok","medium","ok","ok","medium","ok","ok","ok","medium",,"C1","C1: Below 1.5°C with no or limited overshoot",,,"51.378960601993285","14.191663680588876","33.46947823604793","6.0586803301020495","324.18848230000003","1.209156806531518","1.590193747823103",
"713","SHAPE-SDP-EI-1.5°C","REMIND-MAgPIE 3.2-4.6","Final Energy|Residential and Commercial","EJ/yr","[object Object]",2045,11.0041,"1.590193747823103","1.209156806531518","2047","324.18848230000003","525.5824885","-124.96251596000002","2057","2097","GW1","Rapid Fossil-Fuel Phase-Out","failed","high","medium","ok","medium","ok","ok","medium","ok","ok","ok","medium",,"C1","C1: Below 1.5°C with no or limited overshoot",,,"51.378960601993285","14.191663680588876","33.46947823604793","6.0586803301020495","324.18848230000003","1.209156806531518","1.590193747823103",
"713","SHAPE-SDP-EI-1.5°C","REMIND-MAgPIE 3.2-4.6","Final Energy|Residential and Commercial","EJ/yr","[object Object]",2050,9.1871,"1.590193747823103","1.209156806531518","2047","324.18848230000003","525.5824885","-124.96251596000002","2057","2097","GW1","Rapid Fossil-Fuel Phase-Out","failed","high","medium","ok","medium","ok","ok","medium","ok","ok","ok","medium",,"C1","C1: Below 1.5°C with no or limited overshoot",,,"51.378960601993285","14.191663680588876","33.46947823604793","6.0586803301020495","324.18848230000003","1.209156806531518","1.590193747823103",
"713","SHAPE-SDP-EI-1.5°C","REMIND-MAgPIE 3.2-4.6","Final Energy|Residential and Commercial","EJ/yr","[object Object]",2055,8.0796,"1.590193747823103","1.209156806531518","2047","324.18848230000003","525.5824885","-124.96251596000002","2057","2097","GW1","Rapid Fossil-Fuel Phase-Out","failed","high","medium","ok","medium","ok","ok","medium","ok","ok","ok","medium",,"C1","C1: Below 1.5°C with no or limited overshoot",,,"51.378960601993285","14.191663680588876","33.46947823604793","6.0586803301020495","324.18848230000003","1.209156806531518","1.590193747823103",
"713","SHAPE-SDP-EI-1.5°C","REMIND-MAgPIE 3.2-4.6","Final Energy|Residential and Commercial","EJ/yr","[object Object]",2060,7.3867,"1.590193747823103","1.209156806531518","2047","324.18848230000003","525.5824885","-124.96251596000002","2057","2097","GW1","Rapid Fossil-Fuel Phase-Out","failed","high","medium","ok","medium","ok","ok","medium","ok","ok","ok","medium",,"C1","C1: Below 1.5°C with no or limited overshoot",,,"51.378960601993285","14.191663680588876","33.46947823604793","6.0586803301020495","324.18848230000003","1.209156806531518","1.590193747823103",
"713","SHAPE-SDP-EI-1.5°C","REMIND-MAgPIE 3.2-4.6","Final Energy|Residential and Commercial","EJ/yr","[object Object]",2070,6.6346,"1.590193747823103","1.209156806531518","2047","324.18848230000003","525.5824885","-124.96251596000002","2057","2097","GW1","Rapid Fossil-Fuel Phase-Out","failed","high","medium","ok","medium","ok","ok","medium","ok","ok","ok","medium",,"C1","C1: Below 1.5°C with no or limited overshoot",,,"51.378960601993285","14.191663680588876","33.46947823604793","6.0586803301020495","324.18848230000003","1.209156806531518","1.590193747823103",
"713","SHAPE-SDP-EI-1.5°C","REMIND-MAgPIE 3.2-4.6","Final Energy|Residential and Commercial","EJ/yr","[object Object]",2080,6.6077,"1.590193747823103","1.209156806531518","2047","324.18848230000003","525.5824885","-124.96251596000002","2057","2097","GW1","Rapid Fossil-Fuel Phase-Out","failed","high","medium","ok","medium","ok","ok","medium","ok","ok","ok","medium",,"C1","C1: Below 1.5°C with no or limited overshoot",,,"51.378960601993285","14.191663680588876","33.46947823604793","6.0586803301020495","324.18848230000003","1.209156806531518","1.590193747823103",
"713","SHAPE-SDP-EI-1.5°C","REMIND-MAgPIE 3.2-4.6","Final Energy|Residential and Commercial","EJ/yr","[object Object]",2090,6.5177,"1.590193747823103","1.209156806531518","2047","324.18848230000003","525.5824885","-124.96251596000002","2057","2097","GW1","Rapid Fossil-Fuel Phase-Out","failed","high","medium","ok","medium","ok","ok","medium","ok","ok","ok","medium",,"C1","C1: Below 1.5°C with no or limited overshoot",,,"51.378960601993285","14.191663680588876","33.46947823604793","6.0586803301020495","324.18848230000003","1.209156806531518","1.590193747823103",
"713","SHAPE-SDP-EI-1.5°C","REMIND-MAgPIE 3.2-4.6","Final Energy|Residential and Commercial","EJ/yr","[object Object]",2100,6.2848,"1.590193747823103","1.209156806531518","2047","324.18848230000003","525.5824885","-124.96251596000002","2057","2097","GW1","Rapid Fossil-Fuel Phase-Out","failed","high","medium","ok","medium","ok","ok","medium","ok","ok","ok","medium",,"C1","C1: Below 1.5°C with no or limited overshoot",,,"51.378960601993285","14.191663680588876","33.46947823604793","6.0586803301020495","324.18848230000003","1.209156806531518","1.590193747823103",
"714","SHAPE-SDP-MC-1.5°C","REMIND-MAgPIE 3.2-4.6","Final Energy|Residential and Commercial","EJ/yr","[object Object]",2010,20.084,"1.607280834645504","1.133937505216802","2038","213.34330360000004","594.415179","-57.45483628","2067","2100","GW1","Low Demand and Decarbonization","failed","medium","ok","ok","ok","ok","ok","ok","ok","ok","ok","ok",,"C1","C1: Below 1.5°C with no or limited overshoot",,,"48.98876748737157","14.002152291884482","35.798511778245","5.084665835097908","213.34330360000004","1.133937505216802","1.607280834645504",
"714","SHAPE-SDP-MC-1.5°C","REMIND-MAgPIE 3.2-4.6","Final Energy|Residential and Commercial","EJ/yr","[object Object]",2015,17.8593,"1.607280834645504","1.133937505216802","2038","213.34330360000004","594.415179","-57.45483628","2067","2100","GW1","Low Demand and Decarbonization","failed","medium","ok","ok","ok","ok","ok","ok","ok","ok","ok","ok",,"C1","C1: Below 1.5°C with no or limited overshoot",,,"48.98876748737157","14.002152291884482","35.798511778245","5.084665835097908","213.34330360000004","1.133937505216802","1.607280834645504",
"714","SHAPE-SDP-MC-1.5°C","REMIND-MAgPIE 3.2-4.6","Final Energy|Residential and Commercial","EJ/yr","[object Object]",2020,18.4104,"1.607280834645504","1.133937505216802","2038","213.34330360000004","594.415179","-57.45483628","2067","2100","GW1","Low Demand and Decarbonization","failed","medium","ok","ok","ok","ok","ok","ok","ok","ok","ok","ok",,"C1","C1: Below 1.5°C with no or limited overshoot",,,"48.98876748737157","14.002152291884482","35.798511778245","5.084665835097908","213.34330360000004","1.133937505216802","1.607280834645504",
"714","SHAPE-SDP-MC-1.5°C","REMIND-MAgPIE 3.2-4.6","Final Energy|Residential and Commercial","EJ/yr","[object Object]",2025,18.8293,"1.607280834645504","1.133937505216802","2038","213.34330360000004","594.415179","-57.45483628","2067","2100","GW1","Low Demand and Decarbonization","failed","medium","ok","ok","ok","ok","ok","ok","ok","ok","ok","ok",,"C1","C1: Below 1.5°C with no or limited overshoot",,,"48.98876748737157","14.002152291884482","35.798511778245","5.084665835097908","213.34330360000004","1.133937505216802","1.607280834645504",
"714","SHAPE-SDP-MC-1.5°C","REMIND-MAgPIE 3.2-4.6","Final Energy|Residential and Commercial","EJ/yr","[object Object]",2030,16.4083,"1.607280834645504","1.133937505216802","2038","213.34330360000004","594.415179","-57.45483628","2067","2100","GW1","Low Demand and Decarbonization","failed","medium","ok","ok","ok","ok","ok","ok","ok","ok","ok","ok",,"C1","C1: Below 1.5°C with no or limited overshoot",,,"48.98876748737157","14.002152291884482","35.798511778245","5.084665835097908","213.34330360000004","1.133937505216802","1.607280834645504",
"714","SHAPE-SDP-MC-1.5°C","REMIND-MAgPIE 3.2-4.6","Final Energy|Residential and Commercial","EJ/yr","[object Object]",2035,13.929,"1.607280834645504","1.133937505216802","2038","213.34330360000004","594.415179","-57.45483628","2067","2100","GW1","Low Demand and Decarbonization","failed","medium","ok","ok","ok","ok","ok","ok","ok","ok","ok","ok",,"C1","C1: Below 1.5°C with no or limited overshoot",,,"48.98876748737157","14.002152291884482","35.798511778245","5.084665835097908","213.34330360000004","1.133937505216802","1.607280834645504",
"714","SHAPE-SDP-MC-1.5°C","REMIND-MAgPIE 3.2-4.6","Final Energy|Residential and Commercial","EJ/yr","[object Object]",2040,11.1982,"1.607280834645504","1.133937505216802","2038","213.34330360000004","594.415179","-57.45483628","2067","2100","GW1","Low Demand and Decarbonization","failed","medium","ok","ok","ok","ok","ok","ok","ok","ok","ok","ok",,"C1","C1: Below 1.5°C with no or limited overshoot",,,"48.98876748737157","14.002152291884482","35.798511778245","5.084665835097908","213.34330360000004","1.133937505216802","1.607280834645504",
"714","SHAPE-SDP-MC-1.5°C","REMIND-MAgPIE 3.2-4.6","Final Energy|Residential and Commercial","EJ/yr","[object Object]",2045,9.0072,"1.607280834645504","1.133937505216802","2038","213.34330360000004","594.415179","-57.45483628","2067","2100","GW1","Low Demand and Decarbonization","failed","medium","ok","ok","ok","ok","ok","ok","ok","ok","ok","ok",,"C1","C1: Below 1.5°C with no or limited overshoot",,,"48.98876748737157","14.002152291884482","35.798511778245","5.084665835097908","213.34330360000004","1.133937505216802","1.607280834645504",
"714","SHAPE-SDP-MC-1.5°C","REMIND-MAgPIE 3.2-4.6","Final Energy|Residential and Commercial","EJ/yr","[object Object]",2050,7.4462,"1.607280834645504","1.133937505216802","2038","213.34330360000004","594.415179","-57.45483628","2067","2100","GW1","Low Demand and Decarbonization","failed","medium","ok","ok","ok","ok","ok","ok","ok","ok","ok","ok",,"C1","C1: Below 1.5°C with no or limited overshoot",,,"48.98876748737157","14.002152291884482","35.798511778245","5.084665835097908","213.34330360000004","1.133937505216802","1.607280834645504",
"714","SHAPE-SDP-MC-1.5°C","REMIND-MAgPIE 3.2-4.6","Final Energy|Residential and Commercial","EJ/yr","[object Object]",2055,6.3595,"1.607280834645504","1.133937505216802","2038","213.34330360000004","594.415179","-57.45483628","2067","2100","GW1","Low Demand and Decarbonization","failed","medium","ok","ok","ok","ok","ok","ok","ok","ok","ok","ok",,"C1","C1: Below 1.5°C with no or limited overshoot",,,"48.98876748737157","14.002152291884482","35.798511778245","5.084665835097908","213.34330360000004","1.133937505216802","1.607280834645504",
"714","SHAPE-SDP-MC-1.5°C","REMIND-MAgPIE 3.2-4.6","Final Energy|Residential and Commercial","EJ/yr","[object Object]",2060,5.6422,"1.607280834645504","1.133937505216802","2038","213.34330360000004","594.415179","-57.45483628","2067","2100","GW1","Low Demand and Decarbonization","failed","medium","ok","ok","ok","ok","ok","ok","ok","ok","ok","ok",,"C1","C1: Below 1.5°C with no or limited overshoot",,,"48.98876748737157","14.002152291884482","35.798511778245","5.084665835097908","213.34330360000004","1.133937505216802","1.607280834645504",
"714","SHAPE-SDP-MC-1.5°C","REMIND-MAgPIE 3.2-4.6","Final Energy|Residential and Commercial","EJ/yr","[object Object]",2070,4.9679,"1.607280834645504","1.133937505216802","2038","213.34330360000004","594.415179","-57.45483628","2067","2100","GW1","Low Demand and Decarbonization","failed","medium","ok","ok","ok","ok","ok","ok","ok","ok","ok","ok",,"C1","C1: Below 1.5°C with no or limited overshoot",,,"48.98876748737157","14.002152291884482","35.798511778245","5.084665835097908","213.34330360000004","1.133937505216802","1.607280834645504",
"714","SHAPE-SDP-MC-1.5°C","REMIND-MAgPIE 3.2-4.6","Final Energy|Residential and Commercial","EJ/yr","[object Object]",2080,4.7784,"1.607280834645504","1.133937505216802","2038","213.34330360000004","594.415179","-57.45483628","2067","2100","GW1","Low Demand and Decarbonization","failed","medium","ok","ok","ok","ok","ok","ok","ok","ok","ok","ok",,"C1","C1: Below 1.5°C with no or limited overshoot",,,"48.98876748737157","14.002152291884482","35.798511778245","5.084665835097908","213.34330360000004","1.133937505216802","1.607280834645504",
"714","SHAPE-SDP-MC-1.5°C","REMIND-MAgPIE 3.2-4.6","Final Energy|Residential and Commercial","EJ/yr","[object Object]",2090,4.5504,"1.607280834645504","1.133937505216802","2038","213.34330360000004","594.415179","-57.45483628","2067","2100","GW1","Low Demand and Decarbonization","failed","medium","ok","ok","ok","ok","ok","ok","ok","ok","ok","ok",,"C1","C1: Below 1.5°C with no or limited overshoot",,,"48.98876748737157","14.002152291884482","35.798511778245","5.084665835097908","213.34330360000004","1.133937505216802","1.607280834645504",
"714","SHAPE-SDP-MC-1.5°C","REMIND-MAgPIE 3.2-4.6","Final Energy|Residential and Commercial","EJ/yr","[object Object]",2100,4.3109,"1.607280834645504","1.133937505216802","2038","213.34330360000004","594.415179","-57.45483628","2067","2100","GW1","Low Demand and Decarbonization","failed","medium","ok","ok","ok","ok","ok","ok","ok","ok","ok","ok",,"C1","C1: Below 1.5°C with no or limited overshoot",,,"48.98876748737157","14.002152291884482","35.798511778245","5.084665835097908","213.34330360000004","1.133937505216802","1.607280834645504",
"715","SHAPE-SDP-RC-1.5°C","REMIND-MAgPIE 3.2-4.6","Final Energy|Residential and Commercial","EJ/yr","[object Object]",2010,20.084,"1.555497779004686","1.13670892158188","2039","135.67954605","606.7114519999997","-47.020497819999996","2068",,"GW1","Low Demand and Decarbonization","failed","medium","ok","ok","ok","ok","ok","ok","ok","ok","ok","ok",,"C1","C1: Below 1.5°C with no or limited overshoot",,,"51.18740809840783","11.068509178300946","36.494616345439304","4.124008378899646","135.67954605","1.13670892158188","1.555497779004686",
"715","SHAPE-SDP-RC-1.5°C","REMIND-MAgPIE 3.2-4.6","Final Energy|Residential and Commercial","EJ/yr","[object Object]",2015,17.8593,"1.555497779004686","1.13670892158188","2039","135.67954605","606.7114519999997","-47.020497819999996","2068",,"GW1","Low Demand and Decarbonization","failed","medium","ok","ok","ok","ok","ok","ok","ok","ok","ok","ok",,"C1","C1: Below 1.5°C with no or limited overshoot",,,"51.18740809840783","11.068509178300946","36.494616345439304","4.124008378899646","135.67954605","1.13670892158188","1.555497779004686",
"715","SHAPE-SDP-RC-1.5°C","REMIND-MAgPIE 3.2-4.6","Final Energy|Residential and Commercial","EJ/yr","[object Object]",2020,18.4104,"1.555497779004686","1.13670892158188","2039","135.67954605","606.7114519999997","-47.020497819999996","2068",,"GW1","Low Demand and Decarbonization","failed","medium","ok","ok","ok","ok","ok","ok","ok","ok","ok","ok",,"C1","C1: Below 1.5°C with no or limited overshoot",,,"51.18740809840783","11.068509178300946","36.494616345439304","4.124008378899646","135.67954605","1.13670892158188","1.555497779004686",
"715","SHAPE-SDP-RC-1.5°C","REMIND-MAgPIE 3.2-4.6","Final Energy|Residential and Commercial","EJ/yr","[object Object]",2025,18.5799,"1.555497779004686","1.13670892158188","2039","135.67954605","606.7114519999997","-47.020497819999996","2068",,"GW1","Low Demand and Decarbonization","failed","medium","ok","ok","ok","ok","ok","ok","ok","ok","ok","ok",,"C1","C1: Below 1.5°C with no or limited overshoot",,,"51.18740809840783","11.068509178300946","36.494616345439304","4.124008378899646","135.67954605","1.13670892158188","1.555497779004686",
"715","SHAPE-SDP-RC-1.5°C","REMIND-MAgPIE 3.2-4.6","Final Energy|Residential and Commercial","EJ/yr","[object Object]",2030,16.0586,"1.555497779004686","1.13670892158188","2039","135.67954605","606.7114519999997","-47.020497819999996","2068",,"GW1","Low Demand and Decarbonization","failed","medium","ok","ok","ok","ok","ok","ok","ok","ok","ok","ok",,"C1","C1: Below 1.5°C with no or limited overshoot",,,"51.18740809840783","11.068509178300946","36.494616345439304","4.124008378899646","135.67954605","1.13670892158188","1.555497779004686",
"715","SHAPE-SDP-RC-1.5°C","REMIND-MAgPIE 3.2-4.6","Final Energy|Residential and Commercial","EJ/yr","[object Object]",2035,13.7922,"1.555497779004686","1.13670892158188","2039","135.67954605","606.7114519999997","-47.020497819999996","2068",,"GW1","Low Demand and Decarbonization","failed","medium","ok","ok","ok","ok","ok","ok","ok","ok","ok","ok",,"C1","C1: Below 1.5°C with no or limited overshoot",,,"51.18740809840783","11.068509178300946","36.494616345439304","4.124008378899646","135.67954605","1.13670892158188","1.555497779004686",
"715","SHAPE-SDP-RC-1.5°C","REMIND-MAgPIE 3.2-4.6","Final Energy|Residential and Commercial","EJ/yr","[object Object]",2040,11.0755,"1.555497779004686","1.13670892158188","2039","135.67954605","606.7114519999997","-47.020497819999996","2068",,"GW1","Low Demand and Decarbonization","failed","medium","ok","ok","ok","ok","ok","ok","ok","ok","ok","ok",,"C1","C1: Below 1.5°C with no or limited overshoot",,,"51.18740809840783","11.068509178300946","36.494616345439304","4.124008378899646","135.67954605","1.13670892158188","1.555497779004686",
"715","SHAPE-SDP-RC-1.5°C","REMIND-MAgPIE 3.2-4.6","Final Energy|Residential and Commercial","EJ/yr","[object Object]",2045,8.7462,"1.555497779004686","1.13670892158188","2039","135.67954605","606.7114519999997","-47.020497819999996","2068",,"GW1","Low Demand and Decarbonization","failed","medium","ok","ok","ok","ok","ok","ok","ok","ok","ok","ok",,"C1","C1: Below 1.5°C with no or limited overshoot",,,"51.18740809840783","11.068509178300946","36.494616345439304","4.124008378899646","135.67954605","1.13670892158188","1.555497779004686",
"715","SHAPE-SDP-RC-1.5°C","REMIND-MAgPIE 3.2-4.6","Final Energy|Residential and Commercial","EJ/yr","[object Object]",2050,6.9252,"1.555497779004686","1.13670892158188","2039","135.67954605","606.7114519999997","-47.020497819999996","2068",,"GW1","Low Demand and Decarbonization","failed","medium","ok","ok","ok","ok","ok","ok","ok","ok","ok","ok",,"C1","C1: Below 1.5°C with no or limited overshoot",,,"51.18740809840783","11.068509178300946","36.494616345439304","4.124008378899646","135.67954605","1.13670892158188","1.555497779004686",
"715","SHAPE-SDP-RC-1.5°C","REMIND-MAgPIE 3.2-4.6","Final Energy|Residential and Commercial","EJ/yr","[object Object]",2055,5.7919,"1.555497779004686","1.13670892158188","2039","135.67954605","606.7114519999997","-47.020497819999996","2068",,"GW1","Low Demand and Decarbonization","failed","medium","ok","ok","ok","ok","ok","ok","ok","ok","ok","ok",,"C1","C1: Below 1.5°C with no or limited overshoot",,,"51.18740809840783","11.068509178300946","36.494616345439304","4.124008378899646","135.67954605","1.13670892158188","1.555497779004686",
"715","SHAPE-SDP-RC-1.5°C","REMIND-MAgPIE 3.2-4.6","Final Energy|Residential and Commercial","EJ/yr","[object Object]",2060,5.077,"1.555497779004686","1.13670892158188","2039","135.67954605","606.7114519999997","-47.020497819999996","2068",,"GW1","Low Demand and Decarbonization","failed","medium","ok","ok","ok","ok","ok","ok","ok","ok","ok","ok",,"C1","C1: Below 1.5°C with no or limited overshoot",,,"51.18740809840783","11.068509178300946","36.494616345439304","4.124008378899646","135.67954605","1.13670892158188","1.555497779004686",
"715","SHAPE-SDP-RC-1.5°C","REMIND-MAgPIE 3.2-4.6","Final Energy|Residential and Commercial","EJ/yr","[object Object]",2070,4.2238,"1.555497779004686","1.13670892158188","2039","135.67954605","606.7114519999997","-47.020497819999996","2068",,"GW1","Low Demand and Decarbonization","failed","medium","ok","ok","ok","ok","ok","ok","ok","ok","ok","ok",,"C1","C1: Below 1.5°C with no or limited overshoot",,,"51.18740809840783","11.068509178300946","36.494616345439304","4.124008378899646","135.67954605","1.13670892158188","1.555497779004686",
"715","SHAPE-SDP-RC-1.5°C","REMIND-MAgPIE 3.2-4.6","Final Energy|Residential and Commercial","EJ/yr","[object Object]",2080,3.9641,"1.555497779004686","1.13670892158188","2039","135.67954605","606.7114519999997","-47.020497819999996","2068",,"GW1","Low Demand and Decarbonization","failed","medium","ok","ok","ok","ok","ok","ok","ok","ok","ok","ok",,"C1","C1: Below 1.5°C with no or limited overshoot",,,"51.18740809840783","11.068509178300946","36.494616345439304","4.124008378899646","135.67954605","1.13670892158188","1.555497779004686",
"715","SHAPE-SDP-RC-1.5°C","REMIND-MAgPIE 3.2-4.6","Final Energy|Residential and Commercial","EJ/yr","[object Object]",2090,3.7109,"1.555497779004686","1.13670892158188","2039","135.67954605","606.7114519999997","-47.020497819999996","2068",,"GW1","Low Demand and Decarbonization","failed","medium","ok","ok","ok","ok","ok","ok","ok","ok","ok","ok",,"C1","C1: Below 1.5°C with no or limited overshoot",,,"51.18740809840783","11.068509178300946","36.494616345439304","4.124008378899646","135.67954605","1.13670892158188","1.555497779004686",
"715","SHAPE-SDP-RC-1.5°C","REMIND-MAgPIE 3.2-4.6","Final Energy|Residential and Commercial","EJ/yr","[object Object]",2100,3.3751,"1.555497779004686","1.13670892158188","2039","135.67954605","606.7114519999997","-47.020497819999996","2068",,"GW1","Low Demand and Decarbonization","failed","medium","ok","ok","ok","ok","ok","ok","ok","ok","ok","ok",,"C1","C1: Below 1.5°C with no or limited overshoot",,,"51.18740809840783","11.068509178300946","36.494616345439304","4.124008378899646","135.67954605","1.13670892158188","1.555497779004686",
"836","CD-LINKS-NPi2020_400","REMIND-MAgPIE 1.7-3.0","Final Energy|Residential and Commercial","EJ/yr","[object Object]",2010,20.3862,"1.585351556938882","1.157775235996342","2039","806.8633560000001","25.98355465000005","-546.4584032500001","2051","2062","GW1","Carbon Dioxide Removal","failed","high","medium","medium","medium","medium",,"ok","ok","ok",,"high","true","C1","C1: Below 1.5°C with no or limited overshoot","REMIND-MAgPIE 1.7-3.0","CD-LINKS_NPi2020_400","51.266468943412576","29.939016816574828","16.901854337137337","8.3937744049517","806.8633560000001","1.157775235996342","1.585351556938882",
"836","CD-LINKS-NPi2020_400","REMIND-MAgPIE 1.7-3.0","Final Energy|Residential and Commercial","EJ/yr","[object Object]",2015,21.3244,"1.585351556938882","1.157775235996342","2039","806.8633560000001","25.98355465000005","-546.4584032500001","2051","2062","GW1","Carbon Dioxide Removal","failed","high","medium","medium","medium","medium",,"ok","ok","ok",,"high","true","C1","C1: Below 1.5°C with no or limited overshoot","REMIND-MAgPIE 1.7-3.0","CD-LINKS_NPi2020_400","51.266468943412576","29.939016816574828","16.901854337137337","8.3937744049517","806.8633560000001","1.157775235996342","1.585351556938882",
"836","CD-LINKS-NPi2020_400","REMIND-MAgPIE 1.7-3.0","Final Energy|Residential and Commercial","EJ/yr","[object Object]",2020,21.5135,"1.585351556938882","1.157775235996342","2039","806.8633560000001","25.98355465000005","-546.4584032500001","2051","2062","GW1","Carbon Dioxide Removal","failed","high","medium","medium","medium","medium",,"ok","ok","ok",,"high","true","C1","C1: Below 1.5°C with no or limited overshoot","REMIND-MAgPIE 1.7-3.0","CD-LINKS_NPi2020_400","51.266468943412576","29.939016816574828","16.901854337137337","8.3937744049517","806.8633560000001","1.157775235996342","1.585351556938882",
"836","CD-LINKS-NPi2020_400","REMIND-MAgPIE 1.7-3.0","Final Energy|Residential and Commercial","EJ/yr","[object Object]",2025,21.0435,"1.585351556938882","1.157775235996342","2039","806.8633560000001","25.98355465000005","-546.4584032500001","2051","2062","GW1","Carbon Dioxide Removal","failed","high","medium","medium","medium","medium",,"ok","ok","ok",,"high","true","C1","C1: Below 1.5°C with no or limited overshoot","REMIND-MAgPIE 1.7-3.0","CD-LINKS_NPi2020_400","51.266468943412576","29.939016816574828","16.901854337137337","8.3937744049517","806.8633560000001","1.157775235996342","1.585351556938882",
"836","CD-LINKS-NPi2020_400","REMIND-MAgPIE 1.7-3.0","Final Energy|Residential and Commercial","EJ/yr","[object Object]",2030,20.6672,"1.585351556938882","1.157775235996342","2039","806.8633560000001","25.98355465000005","-546.4584032500001","2051","2062","GW1","Carbon Dioxide Removal","failed","high","medium","medium","medium","medium",,"ok","ok","ok",,"high","true","C1","C1: Below 1.5°C with no or limited overshoot","REMIND-MAgPIE 1.7-3.0","CD-LINKS_NPi2020_400","51.266468943412576","29.939016816574828","16.901854337137337","8.3937744049517","806.8633560000001","1.157775235996342","1.585351556938882",
"836","CD-LINKS-NPi2020_400","REMIND-MAgPIE 1.7-3.0","Final Energy|Residential and Commercial","EJ/yr","[object Object]",2035,20.5731,"1.585351556938882","1.157775235996342","2039","806.8633560000001","25.98355465000005","-546.4584032500001","2051","2062","GW1","Carbon Dioxide Removal","failed","high","medium","medium","medium","medium",,"ok","ok","ok",,"high","true","C1","C1: Below 1.5°C with no or limited overshoot","REMIND-MAgPIE 1.7-3.0","CD-LINKS_NPi2020_400","51.266468943412576","29.939016816574828","16.901854337137337","8.3937744049517","806.8633560000001","1.157775235996342","1.585351556938882",
"836","CD-LINKS-NPi2020_400","REMIND-MAgPIE 1.7-3.0","Final Energy|Residential and Commercial","EJ/yr","[object Object]",2040,20.7784,"1.585351556938882","1.157775235996342","2039","806.8633560000001","25.98355465000005","-546.4584032500001","2051","2062","GW1","Carbon Dioxide Removal","failed","high","medium","medium","medium","medium",,"ok","ok","ok",,"high","true","C1","C1: Below 1.5°C with no or limited overshoot","REMIND-MAgPIE 1.7-3.0","CD-LINKS_NPi2020_400","51.266468943412576","29.939016816574828","16.901854337137337","8.3937744049517","806.8633560000001","1.157775235996342","1.585351556938882",
"836","CD-LINKS-NPi2020_400","REMIND-MAgPIE 1.7-3.0","Final Energy|Residential and Commercial","EJ/yr","[object Object]",2045,21.4601,"1.585351556938882","1.157775235996342","2039","806.8633560000001","25.98355465000005","-546.4584032500001","2051","2062","GW1","Carbon Dioxide Removal","failed","high","medium","medium","medium","medium",,"ok","ok","ok",,"high","true","C1","C1: Below 1.5°C with no or limited overshoot","REMIND-MAgPIE 1.7-3.0","CD-LINKS_NPi2020_400","51.266468943412576","29.939016816574828","16.901854337137337","8.3937744049517","806.8633560000001","1.157775235996342","1.585351556938882",
"836","CD-LINKS-NPi2020_400","REMIND-MAgPIE 1.7-3.0","Final Energy|Residential and Commercial","EJ/yr","[object Object]",2050,22.4001,"1.585351556938882","1.157775235996342","2039","806.8633560000001","25.98355465000005","-546.4584032500001","2051","2062","GW1","Carbon Dioxide Removal","failed","high","medium","medium","medium","medium",,"ok","ok","ok",,"high","true","C1","C1: Below 1.5°C with no or limited overshoot","REMIND-MAgPIE 1.7-3.0","CD-LINKS_NPi2020_400","51.266468943412576","29.939016816574828","16.901854337137337","8.3937744049517","806.8633560000001","1.157775235996342","1.585351556938882",
"836","CD-LINKS-NPi2020_400","REMIND-MAgPIE 1.7-3.0","Final Energy|Residential and Commercial","EJ/yr","[object Object]",2055,23.4687,"1.585351556938882","1.157775235996342","2039","806.8633560000001","25.98355465000005","-546.4584032500001","2051","2062","GW1","Carbon Dioxide Removal","failed","high","medium","medium","medium","medium",,"ok","ok","ok",,"high","true","C1","C1: Below 1.5°C with no or limited overshoot","REMIND-MAgPIE 1.7-3.0","CD-LINKS_NPi2020_400","51.266468943412576","29.939016816574828","16.901854337137337","8.3937744049517","806.8633560000001","1.157775235996342","1.585351556938882",
"836","CD-LINKS-NPi2020_400","REMIND-MAgPIE 1.7-3.0","Final Energy|Residential and Commercial","EJ/yr","[object Object]",2060,24.2676,"1.585351556938882","1.157775235996342","2039","806.8633560000001","25.98355465000005","-546.4584032500001","2051","2062","GW1","Carbon Dioxide Removal","failed","high","medium","medium","medium","medium",,"ok","ok","ok",,"high","true","C1","C1: Below 1.5°C with no or limited overshoot","REMIND-MAgPIE 1.7-3.0","CD-LINKS_NPi2020_400","51.266468943412576","29.939016816574828","16.901854337137337","8.3937744049517","806.8633560000001","1.157775235996342","1.585351556938882",
"836","CD-LINKS-NPi2020_400","REMIND-MAgPIE 1.7-3.0","Final Energy|Residential and Commercial","EJ/yr","[object Object]",2070,24.9034,"1.585351556938882","1.157775235996342","2039","806.8633560000001","25.98355465000005","-546.4584032500001","2051","2062","GW1","Carbon Dioxide Removal","failed","high","medium","medium","medium","medium",,"ok","ok","ok",,"high","true","C1","C1: Below 1.5°C with no or limited overshoot","REMIND-MAgPIE 1.7-3.0","CD-LINKS_NPi2020_400","51.266468943412576","29.939016816574828","16.901854337137337","8.3937744049517","806.8633560000001","1.157775235996342","1.585351556938882",
"836","CD-LINKS-NPi2020_400","REMIND-MAgPIE 1.7-3.0","Final Energy|Residential and Commercial","EJ/yr","[object Object]",2080,25.7369,"1.585351556938882","1.157775235996342","2039","806.8633560000001","25.98355465000005","-546.4584032500001","2051","2062","GW1","Carbon Dioxide Removal","failed","high","medium","medium","medium","medium",,"ok","ok","ok",,"high","true","C1","C1: Below 1.5°C with no or limited overshoot","REMIND-MAgPIE 1.7-3.0","CD-LINKS_NPi2020_400","51.266468943412576","29.939016816574828","16.901854337137337","8.3937744049517","806.8633560000001","1.157775235996342","1.585351556938882",
"836","CD-LINKS-NPi2020_400","REMIND-MAgPIE 1.7-3.0","Final Energy|Residential and Commercial","EJ/yr","[object Object]",2090,26.8993,"1.585351556938882","1.157775235996342","2039","806.8633560000001","25.98355465000005","-546.4584032500001","2051","2062","GW1","Carbon Dioxide Removal","failed","high","medium","medium","medium","medium",,"ok","ok","ok",,"high","true","C1","C1: Below 1.5°C with no or limited overshoot","REMIND-MAgPIE 1.7-3.0","CD-LINKS_NPi2020_400","51.266468943412576","29.939016816574828","16.901854337137337","8.3937744049517","806.8633560000001","1.157775235996342","1.585351556938882",
"836","CD-LINKS-NPi2020_400","REMIND-MAgPIE 1.7-3.0","Final Energy|Residential and Commercial","EJ/yr","[object Object]",2100,27.8599,"1.585351556938882","1.157775235996342","2039","806.8633560000001","25.98355465000005","-546.4584032500001","2051","2062","GW1","Carbon Dioxide Removal","failed","high","medium","medium","medium","medium",,"ok","ok","ok",,"high","true","C1","C1: Below 1.5°C with no or limited overshoot","REMIND-MAgPIE 1.7-3.0","CD-LINKS_NPi2020_400","51.266468943412576","29.939016816574828","16.901854337137337","8.3937744049517","806.8633560000001","1.157775235996342","1.585351556938882",
"853","CEMICS-GDPgrowth-1.5°C","REMIND 2.1","Final Energy|Residential and Commercial","EJ/yr","[object Object]",2010,20.5038,"1.599400985321662","1.273336606319189","2049","927.8500627499999","88.66059550000006","-466.55277236","2053","2070","GW1","Rapid Fossil-Fuel Phase-Out","failed","high","medium","medium","medium","ok",,"ok","ok","ok",,"medium","true","C1","C1: Below 1.5°C with no or limited overshoot","REMIND 2.1","CEMICS_GDPgrowth_1p5","48.83986116967251","30.496976847072705","20.195201588531337",,"927.8500627499999","1.273336606319189","1.599400985321662",
"853","CEMICS-GDPgrowth-1.5°C","REMIND 2.1","Final Energy|Residential and Commercial","EJ/yr","[object Object]",2015,17.8716,"1.599400985321662","1.273336606319189","2049","927.8500627499999","88.66059550000006","-466.55277236","2053","2070","GW1","Rapid Fossil-Fuel Phase-Out","failed","high","medium","medium","medium","ok",,"ok","ok","ok",,"medium","true","C1","C1: Below 1.5°C with no or limited overshoot","REMIND 2.1","CEMICS_GDPgrowth_1p5","48.83986116967251","30.496976847072705","20.195201588531337",,"927.8500627499999","1.273336606319189","1.599400985321662",
"853","CEMICS-GDPgrowth-1.5°C","REMIND 2.1","Final Energy|Residential and Commercial","EJ/yr","[object Object]",2020,18.2539,"1.599400985321662","1.273336606319189","2049","927.8500627499999","88.66059550000006","-466.55277236","2053","2070","GW1","Rapid Fossil-Fuel Phase-Out","failed","high","medium","medium","medium","ok",,"ok","ok","ok",,"medium","true","C1","C1: Below 1.5°C with no or limited overshoot","REMIND 2.1","CEMICS_GDPgrowth_1p5","48.83986116967251","30.496976847072705","20.195201588531337",,"927.8500627499999","1.273336606319189","1.599400985321662",
"853","CEMICS-GDPgrowth-1.5°C","REMIND 2.1","Final Energy|Residential and Commercial","EJ/yr","[object Object]",2025,17.8815,"1.599400985321662","1.273336606319189","2049","927.8500627499999","88.66059550000006","-466.55277236","2053","2070","GW1","Rapid Fossil-Fuel Phase-Out","failed","high","medium","medium","medium","ok",,"ok","ok","ok",,"medium","true","C1","C1: Below 1.5°C with no or limited overshoot","REMIND 2.1","CEMICS_GDPgrowth_1p5","48.83986116967251","30.496976847072705","20.195201588531337",,"927.8500627499999","1.273336606319189","1.599400985321662",
"853","CEMICS-GDPgrowth-1.5°C","REMIND 2.1","Final Energy|Residential and Commercial","EJ/yr","[object Object]",2030,17.6582,"1.599400985321662","1.273336606319189","2049","927.8500627499999","88.66059550000006","-466.55277236","2053","2070","GW1","Rapid Fossil-Fuel Phase-Out","failed","high","medium","medium","medium","ok",,"ok","ok","ok",,"medium","true","C1","C1: Below 1.5°C with no or limited overshoot","REMIND 2.1","CEMICS_GDPgrowth_1p5","48.83986116967251","30.496976847072705","20.195201588531337",,"927.8500627499999","1.273336606319189","1.599400985321662",
"853","CEMICS-GDPgrowth-1.5°C","REMIND 2.1","Final Energy|Residential and Commercial","EJ/yr","[object Object]",2035,16.6744,"1.599400985321662","1.273336606319189","2049","927.8500627499999","88.66059550000006","-466.55277236","2053","2070","GW1","Rapid Fossil-Fuel Phase-Out","failed","high","medium","medium","medium","ok",,"ok","ok","ok",,"medium","true","C1","C1: Below 1.5°C with no or limited overshoot","REMIND 2.1","CEMICS_GDPgrowth_1p5","48.83986116967251","30.496976847072705","20.195201588531337",,"927.8500627499999","1.273336606319189","1.599400985321662",
"853","CEMICS-GDPgrowth-1.5°C","REMIND 2.1","Final Energy|Residential and Commercial","EJ/yr","[object Object]",2040,15.8203,"1.599400985321662","1.273336606319189","2049","927.8500627499999","88.66059550000006","-466.55277236","2053","2070","GW1","Rapid Fossil-Fuel Phase-Out","failed","high","medium","medium","medium","ok",,"ok","ok","ok",,"medium","true","C1","C1: Below 1.5°C with no or limited overshoot","REMIND 2.1","CEMICS_GDPgrowth_1p5","48.83986116967251","30.496976847072705","20.195201588531337",,"927.8500627499999","1.273336606319189","1.599400985321662",
"853","CEMICS-GDPgrowth-1.5°C","REMIND 2.1","Final Energy|Residential and Commercial","EJ/yr","[object Object]",2045,14.8632,"1.599400985321662","1.273336606319189","2049","927.8500627499999","88.66059550000006","-466.55277236","2053","2070","GW1","Rapid Fossil-Fuel Phase-Out","failed","high","medium","medium","medium","ok",,"ok","ok","ok",,"medium","true","C1","C1: Below 1.5°C with no or limited overshoot","REMIND 2.1","CEMICS_GDPgrowth_1p5","48.83986116967251","30.496976847072705","20.195201588531337",,"927.8500627499999","1.273336606319189","1.599400985321662",
"853","CEMICS-GDPgrowth-1.5°C","REMIND 2.1","Final Energy|Residential and Commercial","EJ/yr","[object Object]",2050,14.005,"1.599400985321662","1.273336606319189","2049","927.8500627499999","88.66059550000006","-466.55277236","2053","2070","GW1","Rapid Fossil-Fuel Phase-Out","failed","high","medium","medium","medium","ok",,"ok","ok","ok",,"medium","true","C1","C1: Below 1.5°C with no or limited overshoot","REMIND 2.1","CEMICS_GDPgrowth_1p5","48.83986116967251","30.496976847072705","20.195201588531337",,"927.8500627499999","1.273336606319189","1.599400985321662",
"853","CEMICS-GDPgrowth-1.5°C","REMIND 2.1","Final Energy|Residential and Commercial","EJ/yr","[object Object]",2055,13.4046,"1.599400985321662","1.273336606319189","2049","927.8500627499999","88.66059550000006","-466.55277236","2053","2070","GW1","Rapid Fossil-Fuel Phase-Out","failed","high","medium","medium","medium","ok",,"ok","ok","ok",,"medium","true","C1","C1: Below 1.5°C with no or limited overshoot","REMIND 2.1","CEMICS_GDPgrowth_1p5","48.83986116967251","30.496976847072705","20.195201588531337",,"927.8500627499999","1.273336606319189","1.599400985321662",
"853","CEMICS-GDPgrowth-1.5°C","REMIND 2.1","Final Energy|Residential and Commercial","EJ/yr","[object Object]",2060,13.3768,"1.599400985321662","1.273336606319189","2049","927.8500627499999","88.66059550000006","-466.55277236","2053","2070","GW1","Rapid Fossil-Fuel Phase-Out","failed","high","medium","medium","medium","ok",,"ok","ok","ok",,"medium","true","C1","C1: Below 1.5°C with no or limited overshoot","REMIND 2.1","CEMICS_GDPgrowth_1p5","48.83986116967251","30.496976847072705","20.195201588531337",,"927.8500627499999","1.273336606319189","1.599400985321662",
"853","CEMICS-GDPgrowth-1.5°C","REMIND 2.1","Final Energy|Residential and Commercial","EJ/yr","[object Object]",2070,13.8512,"1.599400985321662","1.273336606319189","2049","927.8500627499999","88.66059550000006","-466.55277236","2053","2070","GW1","Rapid Fossil-Fuel Phase-Out","failed","high","medium","medium","medium","ok",,"ok","ok","ok",,"medium","true","C1","C1: Below 1.5°C with no or limited overshoot","REMIND 2.1","CEMICS_GDPgrowth_1p5","48.83986116967251","30.496976847072705","20.195201588531337",,"927.8500627499999","1.273336606319189","1.599400985321662",
"853","CEMICS-GDPgrowth-1.5°C","REMIND 2.1","Final Energy|Residential and Commercial","EJ/yr","[object Object]",2080,14.4108,"1.599400985321662","1.273336606319189","2049","927.8500627499999","88.66059550000006","-466.55277236","2053","2070","GW1","Rapid Fossil-Fuel Phase-Out","failed","high","medium","medium","medium","ok",,"ok","ok","ok",,"medium","true","C1","C1: Below 1.5°C with no or limited overshoot","REMIND 2.1","CEMICS_GDPgrowth_1p5","48.83986116967251","30.496976847072705","20.195201588531337",,"927.8500627499999","1.273336606319189","1.599400985321662",
"853","CEMICS-GDPgrowth-1.5°C","REMIND 2.1","Final Energy|Residential and Commercial","EJ/yr","[object Object]",2090,15.0243,"1.599400985321662","1.273336606319189","2049","927.8500627499999","88.66059550000006","-466.55277236","2053","2070","GW1","Rapid Fossil-Fuel Phase-Out","failed","high","medium","medium","medium","ok",,"ok","ok","ok",,"medium","true","C1","C1: Below 1.5°C with no or limited overshoot","REMIND 2.1","CEMICS_GDPgrowth_1p5","48.83986116967251","30.496976847072705","20.195201588531337",,"927.8500627499999","1.273336606319189","1.599400985321662",
"853","CEMICS-GDPgrowth-1.5°C","REMIND 2.1","Final Energy|Residential and Commercial","EJ/yr","[object Object]",2100,15.0458,"1.599400985321662","1.273336606319189","2049","927.8500627499999","88.66059550000006","-466.55277236","2053","2070","GW1","Rapid Fossil-Fuel Phase-Out","failed","high","medium","medium","medium","ok",,"ok","ok","ok",,"medium","true","C1","C1: Below 1.5°C with no or limited overshoot","REMIND 2.1","CEMICS_GDPgrowth_1p5","48.83986116967251","30.496976847072705","20.195201588531337",,"927.8500627499999","1.273336606319189","1.599400985321662",
"855","CEMICS-HotellingConst-1.5°C","REMIND 2.1","Final Energy|Residential and Commercial","EJ/yr","[object Object]",2010,20.5038,"1.594417449257116","1.124749873449393","2048","1092.80000545","-121.59342609999999","-676.89969892","2049","2059","GW1","Rapid Fossil-Fuel Phase-Out","failed","high","medium","medium","medium","ok",,"ok","ok","ok",,"medium","true","C1","C1: Below 1.5°C with no or limited overshoot","REMIND 2.1","CEMICS_HotellingConst_1p5","50.49105296426648","16.40218349812319","32.682432906986726",,"1092.80000545","1.124749873449393","1.594417449257116",
"855","CEMICS-HotellingConst-1.5°C","REMIND 2.1","Final Energy|Residential and Commercial","EJ/yr","[object Object]",2015,17.8716,"1.594417449257116","1.124749873449393","2048","1092.80000545","-121.59342609999999","-676.89969892","2049","2059","GW1","Rapid Fossil-Fuel Phase-Out","failed","high","medium","medium","medium","ok",,"ok","ok","ok",,"medium","true","C1","C1: Below 1.5°C with no or limited overshoot","REMIND 2.1","CEMICS_HotellingConst_1p5","50.49105296426648","16.40218349812319","32.682432906986726",,"1092.80000545","1.124749873449393","1.594417449257116",
"855","CEMICS-HotellingConst-1.5°C","REMIND 2.1","Final Energy|Residential and Commercial","EJ/yr","[object Object]",2020,18.2539,"1.594417449257116","1.124749873449393","2048","1092.80000545","-121.59342609999999","-676.89969892","2049","2059","GW1","Rapid Fossil-Fuel Phase-Out","failed","high","medium","medium","medium","ok",,"ok","ok","ok",,"medium","true","C1","C1: Below 1.5°C with no or limited overshoot","REMIND 2.1","CEMICS_HotellingConst_1p5","50.49105296426648","16.40218349812319","32.682432906986726",,"1092.80000545","1.124749873449393","1.594417449257116",
"855","CEMICS-HotellingConst-1.5°C","REMIND 2.1","Final Energy|Residential and Commercial","EJ/yr","[object Object]",2025,18.1496,"1.594417449257116","1.124749873449393","2048","1092.80000545","-121.59342609999999","-676.89969892","2049","2059","GW1","Rapid Fossil-Fuel Phase-Out","failed","high","medium","medium","medium","ok",,"ok","ok","ok",,"medium","true","C1","C1: Below 1.5°C with no or limited overshoot","REMIND 2.1","CEMICS_HotellingConst_1p5","50.49105296426648","16.40218349812319","32.682432906986726",,"1092.80000545","1.124749873449393","1.594417449257116",
"855","CEMICS-HotellingConst-1.5°C","REMIND 2.1","Final Energy|Residential and Commercial","EJ/yr","[object Object]",2030,17.5216,"1.594417449257116","1.124749873449393","2048","1092.80000545","-121.59342609999999","-676.89969892","2049","2059","GW1","Rapid Fossil-Fuel Phase-Out","failed","high","medium","medium","medium","ok",,"ok","ok","ok",,"medium","true","C1","C1: Below 1.5°C with no or limited overshoot","REMIND 2.1","CEMICS_HotellingConst_1p5","50.49105296426648","16.40218349812319","32.682432906986726",,"1092.80000545","1.124749873449393","1.594417449257116",
"855","CEMICS-HotellingConst-1.5°C","REMIND 2.1","Final Energy|Residential and Commercial","EJ/yr","[object Object]",2035,16.3693,"1.594417449257116","1.124749873449393","2048","1092.80000545","-121.59342609999999","-676.89969892","2049","2059","GW1","Rapid Fossil-Fuel Phase-Out","failed","high","medium","medium","medium","ok",,"ok","ok","ok",,"medium","true","C1","C1: Below 1.5°C with no or limited overshoot","REMIND 2.1","CEMICS_HotellingConst_1p5","50.49105296426648","16.40218349812319","32.682432906986726",,"1092.80000545","1.124749873449393","1.594417449257116",
"855","CEMICS-HotellingConst-1.5°C","REMIND 2.1","Final Energy|Residential and Commercial","EJ/yr","[object Object]",2040,15.4292,"1.594417449257116","1.124749873449393","2048","1092.80000545","-121.59342609999999","-676.89969892","2049","2059","GW1","Rapid Fossil-Fuel Phase-Out","failed","high","medium","medium","medium","ok",,"ok","ok","ok",,"medium","true","C1","C1: Below 1.5°C with no or limited overshoot","REMIND 2.1","CEMICS_HotellingConst_1p5","50.49105296426648","16.40218349812319","32.682432906986726",,"1092.80000545","1.124749873449393","1.594417449257116",
"855","CEMICS-HotellingConst-1.5°C","REMIND 2.1","Final Energy|Residential and Commercial","EJ/yr","[object Object]",2045,14.5535,"1.594417449257116","1.124749873449393","2048","1092.80000545","-121.59342609999999","-676.89969892","2049","2059","GW1","Rapid Fossil-Fuel Phase-Out","failed","high","medium","medium","medium","ok",,"ok","ok","ok",,"medium","true","C1","C1: Below 1.5°C with no or limited overshoot","REMIND 2.1","CEMICS_HotellingConst_1p5","50.49105296426648","16.40218349812319","32.682432906986726",,"1092.80000545","1.124749873449393","1.594417449257116",
"855","CEMICS-HotellingConst-1.5°C","REMIND 2.1","Final Energy|Residential and Commercial","EJ/yr","[object Object]",2050,13.5181,"1.594417449257116","1.124749873449393","2048","1092.80000545","-121.59342609999999","-676.89969892","2049","2059","GW1","Rapid Fossil-Fuel Phase-Out","failed","high","medium","medium","medium","ok",,"ok","ok","ok",,"medium","true","C1","C1: Below 1.5°C with no or limited overshoot","REMIND 2.1","CEMICS_HotellingConst_1p5","50.49105296426648","16.40218349812319","32.682432906986726",,"1092.80000545","1.124749873449393","1.594417449257116",
"855","CEMICS-HotellingConst-1.5°C","REMIND 2.1","Final Energy|Residential and Commercial","EJ/yr","[object Object]",2055,13.0832,"1.594417449257116","1.124749873449393","2048","1092.80000545","-121.59342609999999","-676.89969892","2049","2059","GW1","Rapid Fossil-Fuel Phase-Out","failed","high","medium","medium","medium","ok",,"ok","ok","ok",,"medium","true","C1","C1: Below 1.5°C with no or limited overshoot","REMIND 2.1","CEMICS_HotellingConst_1p5","50.49105296426648","16.40218349812319","32.682432906986726",,"1092.80000545","1.124749873449393","1.594417449257116",
"855","CEMICS-HotellingConst-1.5°C","REMIND 2.1","Final Energy|Residential and Commercial","EJ/yr","[object Object]",2060,13.1434,"1.594417449257116","1.124749873449393","2048","1092.80000545","-121.59342609999999","-676.89969892","2049","2059","GW1","Rapid Fossil-Fuel Phase-Out","failed","high","medium","medium","medium","ok",,"ok","ok","ok",,"medium","true","C1","C1: Below 1.5°C with no or limited overshoot","REMIND 2.1","CEMICS_HotellingConst_1p5","50.49105296426648","16.40218349812319","32.682432906986726",,"1092.80000545","1.124749873449393","1.594417449257116",
"855","CEMICS-HotellingConst-1.5°C","REMIND 2.1","Final Energy|Residential and Commercial","EJ/yr","[object Object]",2070,13.4258,"1.594417449257116","1.124749873449393","2048","1092.80000545","-121.59342609999999","-676.89969892","2049","2059","GW1","Rapid Fossil-Fuel Phase-Out","failed","high","medium","medium","medium","ok",,"ok","ok","ok",,"medium","true","C1","C1: Below 1.5°C with no or limited overshoot","REMIND 2.1","CEMICS_HotellingConst_1p5","50.49105296426648","16.40218349812319","32.682432906986726",,"1092.80000545","1.124749873449393","1.594417449257116",
"855","CEMICS-HotellingConst-1.5°C","REMIND 2.1","Final Energy|Residential and Commercial","EJ/yr","[object Object]",2080,14.186,"1.594417449257116","1.124749873449393","2048","1092.80000545","-121.59342609999999","-676.89969892","2049","2059","GW1","Rapid Fossil-Fuel Phase-Out","failed","high","medium","medium","medium","ok",,"ok","ok","ok",,"medium","true","C1","C1: Below 1.5°C with no or limited overshoot","REMIND 2.1","CEMICS_HotellingConst_1p5","50.49105296426648","16.40218349812319","32.682432906986726",,"1092.80000545","1.124749873449393","1.594417449257116",
"855","CEMICS-HotellingConst-1.5°C","REMIND 2.1","Final Energy|Residential and Commercial","EJ/yr","[object Object]",2090,14.6781,"1.594417449257116","1.124749873449393","2048","1092.80000545","-121.59342609999999","-676.89969892","2049","2059","GW1","Rapid Fossil-Fuel Phase-Out","failed","high","medium","medium","medium","ok",,"ok","ok","ok",,"medium","true","C1","C1: Below 1.5°C with no or limited overshoot","REMIND 2.1","CEMICS_HotellingConst_1p5","50.49105296426648","16.40218349812319","32.682432906986726",,"1092.80000545","1.124749873449393","1.594417449257116",
"855","CEMICS-HotellingConst-1.5°C","REMIND 2.1","Final Energy|Residential and Commercial","EJ/yr","[object Object]",2100,14.8337,"1.594417449257116","1.124749873449393","2048","1092.80000545","-121.59342609999999","-676.89969892","2049","2059","GW1","Rapid Fossil-Fuel Phase-Out","failed","high","medium","medium","medium","ok",,"ok","ok","ok",,"medium","true","C1","C1: Below 1.5°C with no or limited overshoot","REMIND 2.1","CEMICS_HotellingConst_1p5","50.49105296426648","16.40218349812319","32.682432906986726",,"1092.80000545","1.124749873449393","1.594417449257116",
"857","CEMICS-Linear-1.5°C","REMIND 2.1","Final Energy|Residential and Commercial","EJ/yr","[object Object]",2010,20.5038,"1.587757359107097","1.181709335791126","2048","1050.63868075","-11.052308050000228","-564.2737527700001","2052","2066","GW1","Rapid Fossil-Fuel Phase-Out","failed","high","medium","medium","medium","ok",,"ok","ok","ok",,"medium","true","C1","C1: Below 1.5°C with no or limited overshoot","REMIND 2.1","CEMICS_Linear_1p5","48.346273897776044","19.011509949278192","32.21459227467812",,"1050.63868075","1.181709335791126","1.587757359107097",
"857","CEMICS-Linear-1.5°C","REMIND 2.1","Final Energy|Residential and Commercial","EJ/yr","[object Object]",2015,17.8716,"1.587757359107097","1.181709335791126","2048","1050.63868075","-11.052308050000228","-564.2737527700001","2052","2066","GW1","Rapid Fossil-Fuel Phase-Out","failed","high","medium","medium","medium","ok",,"ok","ok","ok",,"medium","true","C1","C1: Below 1.5°C with no or limited overshoot","REMIND 2.1","CEMICS_Linear_1p5","48.346273897776044","19.011509949278192","32.21459227467812",,"1050.63868075","1.181709335791126","1.587757359107097",
"857","CEMICS-Linear-1.5°C","REMIND 2.1","Final Energy|Residential and Commercial","EJ/yr","[object Object]",2020,18.2539,"1.587757359107097","1.181709335791126","2048","1050.63868075","-11.052308050000228","-564.2737527700001","2052","2066","GW1","Rapid Fossil-Fuel Phase-Out","failed","high","medium","medium","medium","ok",,"ok","ok","ok",,"medium","true","C1","C1: Below 1.5°C with no or limited overshoot","REMIND 2.1","CEMICS_Linear_1p5","48.346273897776044","19.011509949278192","32.21459227467812",,"1050.63868075","1.181709335791126","1.587757359107097",
"857","CEMICS-Linear-1.5°C","REMIND 2.1","Final Energy|Residential and Commercial","EJ/yr","[object Object]",2025,17.9417,"1.587757359107097","1.181709335791126","2048","1050.63868075","-11.052308050000228","-564.2737527700001","2052","2066","GW1","Rapid Fossil-Fuel Phase-Out","failed","high","medium","medium","medium","ok",,"ok","ok","ok",,"medium","true","C1","C1: Below 1.5°C with no or limited overshoot","REMIND 2.1","CEMICS_Linear_1p5","48.346273897776044","19.011509949278192","32.21459227467812",,"1050.63868075","1.181709335791126","1.587757359107097",
"857","CEMICS-Linear-1.5°C","REMIND 2.1","Final Energy|Residential and Commercial","EJ/yr","[object Object]",2030,17.416,"1.587757359107097","1.181709335791126","2048","1050.63868075","-11.052308050000228","-564.2737527700001","2052","2066","GW1","Rapid Fossil-Fuel Phase-Out","failed","high","medium","medium","medium","ok",,"ok","ok","ok",,"medium","true","C1","C1: Below 1.5°C with no or limited overshoot","REMIND 2.1","CEMICS_Linear_1p5","48.346273897776044","19.011509949278192","32.21459227467812",,"1050.63868075","1.181709335791126","1.587757359107097",
"857","CEMICS-Linear-1.5°C","REMIND 2.1","Final Energy|Residential and Commercial","EJ/yr","[object Object]",2035,16.297,"1.587757359107097","1.181709335791126","2048","1050.63868075","-11.052308050000228","-564.2737527700001","2052","2066","GW1","Rapid Fossil-Fuel Phase-Out","failed","high","medium","medium","medium","ok",,"ok","ok","ok",,"medium","true","C1","C1: Below 1.5°C with no or limited overshoot","REMIND 2.1","CEMICS_Linear_1p5","48.346273897776044","19.011509949278192","32.21459227467812",,"1050.63868075","1.181709335791126","1.587757359107097",
"857","CEMICS-Linear-1.5°C","REMIND 2.1","Final Energy|Residential and Commercial","EJ/yr","[object Object]",2040,15.4041,"1.587757359107097","1.181709335791126","2048","1050.63868075","-11.052308050000228","-564.2737527700001","2052","2066","GW1","Rapid Fossil-Fuel Phase-Out","failed","high","medium","medium","medium","ok",,"ok","ok","ok",,"medium","true","C1","C1: Below 1.5°C with no or limited overshoot","REMIND 2.1","CEMICS_Linear_1p5","48.346273897776044","19.011509949278192","32.21459227467812",,"1050.63868075","1.181709335791126","1.587757359107097",
"857","CEMICS-Linear-1.5°C","REMIND 2.1","Final Energy|Residential and Commercial","EJ/yr","[object Object]",2045,14.5333,"1.587757359107097","1.181709335791126","2048","1050.63868075","-11.052308050000228","-564.2737527700001","2052","2066","GW1","Rapid Fossil-Fuel Phase-Out","failed","high","medium","medium","medium","ok",,"ok","ok","ok",,"medium","true","C1","C1: Below 1.5°C with no or limited overshoot","REMIND 2.1","CEMICS_Linear_1p5","48.346273897776044","19.011509949278192","32.21459227467812",,"1050.63868075","1.181709335791126","1.587757359107097",
"857","CEMICS-Linear-1.5°C","REMIND 2.1","Final Energy|Residential and Commercial","EJ/yr","[object Object]",2050,13.6403,"1.587757359107097","1.181709335791126","2048","1050.63868075","-11.052308050000228","-564.2737527700001","2052","2066","GW1","Rapid Fossil-Fuel Phase-Out","failed","high","medium","medium","medium","ok",,"ok","ok","ok",,"medium","true","C1","C1: Below 1.5°C with no or limited overshoot","REMIND 2.1","CEMICS_Linear_1p5","48.346273897776044","19.011509949278192","32.21459227467812",,"1050.63868075","1.181709335791126","1.587757359107097",
"857","CEMICS-Linear-1.5°C","REMIND 2.1","Final Energy|Residential and Commercial","EJ/yr","[object Object]",2055,13.1858,"1.587757359107097","1.181709335791126","2048","1050.63868075","-11.052308050000228","-564.2737527700001","2052","2066","GW1","Rapid Fossil-Fuel Phase-Out","failed","high","medium","medium","medium","ok",,"ok","ok","ok",,"medium","true","C1","C1: Below 1.5°C with no or limited overshoot","REMIND 2.1","CEMICS_Linear_1p5","48.346273897776044","19.011509949278192","32.21459227467812",,"1050.63868075","1.181709335791126","1.587757359107097",
"857","CEMICS-Linear-1.5°C","REMIND 2.1","Final Energy|Residential and Commercial","EJ/yr","[object Object]",2060,13.1895,"1.587757359107097","1.181709335791126","2048","1050.63868075","-11.052308050000228","-564.2737527700001","2052","2066","GW1","Rapid Fossil-Fuel Phase-Out","failed","high","medium","medium","medium","ok",,"ok","ok","ok",,"medium","true","C1","C1: Below 1.5°C with no or limited overshoot","REMIND 2.1","CEMICS_Linear_1p5","48.346273897776044","19.011509949278192","32.21459227467812",,"1050.63868075","1.181709335791126","1.587757359107097",
"857","CEMICS-Linear-1.5°C","REMIND 2.1","Final Energy|Residential and Commercial","EJ/yr","[object Object]",2070,13.4715,"1.587757359107097","1.181709335791126","2048","1050.63868075","-11.052308050000228","-564.2737527700001","2052","2066","GW1","Rapid Fossil-Fuel Phase-Out","failed","high","medium","medium","medium","ok",,"ok","ok","ok",,"medium","true","C1","C1: Below 1.5°C with no or limited overshoot","REMIND 2.1","CEMICS_Linear_1p5","48.346273897776044","19.011509949278192","32.21459227467812",,"1050.63868075","1.181709335791126","1.587757359107097",
"857","CEMICS-Linear-1.5°C","REMIND 2.1","Final Energy|Residential and Commercial","EJ/yr","[object Object]",2080,14.2027,"1.587757359107097","1.181709335791126","2048","1050.63868075","-11.052308050000228","-564.2737527700001","2052","2066","GW1","Rapid Fossil-Fuel Phase-Out","failed","high","medium","medium","medium","ok",,"ok","ok","ok",,"medium","true","C1","C1: Below 1.5°C with no or limited overshoot","REMIND 2.1","CEMICS_Linear_1p5","48.346273897776044","19.011509949278192","32.21459227467812",,"1050.63868075","1.181709335791126","1.587757359107097",
"857","CEMICS-Linear-1.5°C","REMIND 2.1","Final Energy|Residential and Commercial","EJ/yr","[object Object]",2090,14.7544,"1.587757359107097","1.181709335791126","2048","1050.63868075","-11.052308050000228","-564.2737527700001","2052","2066","GW1","Rapid Fossil-Fuel Phase-Out","failed","high","medium","medium","medium","ok",,"ok","ok","ok",,"medium","true","C1","C1: Below 1.5°C with no or limited overshoot","REMIND 2.1","CEMICS_Linear_1p5","48.346273897776044","19.011509949278192","32.21459227467812",,"1050.63868075","1.181709335791126","1.587757359107097",
"857","CEMICS-Linear-1.5°C","REMIND 2.1","Final Energy|Residential and Commercial","EJ/yr","[object Object]",2100,14.8048,"1.587757359107097","1.181709335791126","2048","1050.63868075","-11.052308050000228","-564.2737527700001","2052","2066","GW1","Rapid Fossil-Fuel Phase-Out","failed","high","medium","medium","medium","ok",,"ok","ok","ok",,"medium","true","C1","C1: Below 1.5°C with no or limited overshoot","REMIND 2.1","CEMICS_Linear_1p5","48.346273897776044","19.011509949278192","32.21459227467812",,"1050.63868075","1.181709335791126","1.587757359107097",
"860","CEMICS-Optimal-1.5°C","REMIND 2.1","Final Energy|Residential and Commercial","EJ/yr","[object Object]",2010,20.5038,"1.591092920015553","1.463779944949593","2048","715.0997783999999","553.0775897999999","-0.20170703","2071",,"GW1","Rapid Fossil-Fuel Phase-Out","failed","high","medium","medium","medium","ok",,"ok","ok","ok",,"medium","true","C1","C1: Below 1.5°C with no or limited overshoot","REMIND 2.1","CEMICS_opt_1p5","44.18663456756068","21.975766846806184","32.16033670624721",,"715.0997783999999","1.463779944949593","1.591092920015553",
"860","CEMICS-Optimal-1.5°C","REMIND 2.1","Final Energy|Residential and Commercial","EJ/yr","[object Object]",2015,17.8716,"1.591092920015553","1.463779944949593","2048","715.0997783999999","553.0775897999999","-0.20170703","2071",,"GW1","Rapid Fossil-Fuel Phase-Out","failed","high","medium","medium","medium","ok",,"ok","ok","ok",,"medium","true","C1","C1: Below 1.5°C with no or limited overshoot","REMIND 2.1","CEMICS_opt_1p5","44.18663456756068","21.975766846806184","32.16033670624721",,"715.0997783999999","1.463779944949593","1.591092920015553",
"860","CEMICS-Optimal-1.5°C","REMIND 2.1","Final Energy|Residential and Commercial","EJ/yr","[object Object]",2020,18.2539,"1.591092920015553","1.463779944949593","2048","715.0997783999999","553.0775897999999","-0.20170703","2071",,"GW1","Rapid Fossil-Fuel Phase-Out","failed","high","medium","medium","medium","ok",,"ok","ok","ok",,"medium","true","C1","C1: Below 1.5°C with no or limited overshoot","REMIND 2.1","CEMICS_opt_1p5","44.18663456756068","21.975766846806184","32.16033670624721",,"715.0997783999999","1.463779944949593","1.591092920015553",
"860","CEMICS-Optimal-1.5°C","REMIND 2.1","Final Energy|Residential and Commercial","EJ/yr","[object Object]",2025,17.9973,"1.591092920015553","1.463779944949593","2048","715.0997783999999","553.0775897999999","-0.20170703","2071",,"GW1","Rapid Fossil-Fuel Phase-Out","failed","high","medium","medium","medium","ok",,"ok","ok","ok",,"medium","true","C1","C1: Below 1.5°C with no or limited overshoot","REMIND 2.1","CEMICS_opt_1p5","44.18663456756068","21.975766846806184","32.16033670624721",,"715.0997783999999","1.463779944949593","1.591092920015553",
"860","CEMICS-Optimal-1.5°C","REMIND 2.1","Final Energy|Residential and Commercial","EJ/yr","[object Object]",2030,17.3434,"1.591092920015553","1.463779944949593","2048","715.0997783999999","553.0775897999999","-0.20170703","2071",,"GW1","Rapid Fossil-Fuel Phase-Out","failed","high","medium","medium","medium","ok",,"ok","ok","ok",,"medium","true","C1","C1: Below 1.5°C with no or limited overshoot","REMIND 2.1","CEMICS_opt_1p5","44.18663456756068","21.975766846806184","32.16033670624721",,"715.0997783999999","1.463779944949593","1.591092920015553",
"860","CEMICS-Optimal-1.5°C","REMIND 2.1","Final Energy|Residential and Commercial","EJ/yr","[object Object]",2035,16.4108,"1.591092920015553","1.463779944949593","2048","715.0997783999999","553.0775897999999","-0.20170703","2071",,"GW1","Rapid Fossil-Fuel Phase-Out","failed","high","medium","medium","medium","ok",,"ok","ok","ok",,"medium","true","C1","C1: Below 1.5°C with no or limited overshoot","REMIND 2.1","CEMICS_opt_1p5","44.18663456756068","21.975766846806184","32.16033670624721",,"715.0997783999999","1.463779944949593","1.591092920015553",
"860","CEMICS-Optimal-1.5°C","REMIND 2.1","Final Energy|Residential and Commercial","EJ/yr","[object Object]",2040,15.467,"1.591092920015553","1.463779944949593","2048","715.0997783999999","553.0775897999999","-0.20170703","2071",,"GW1","Rapid Fossil-Fuel Phase-Out","failed","high","medium","medium","medium","ok",,"ok","ok","ok",,"medium","true","C1","C1: Below 1.5°C with no or limited overshoot","REMIND 2.1","CEMICS_opt_1p5","44.18663456756068","21.975766846806184","32.16033670624721",,"715.0997783999999","1.463779944949593","1.591092920015553",
"860","CEMICS-Optimal-1.5°C","REMIND 2.1","Final Energy|Residential and Commercial","EJ/yr","[object Object]",2045,14.3254,"1.591092920015553","1.463779944949593","2048","715.0997783999999","553.0775897999999","-0.20170703","2071",,"GW1","Rapid Fossil-Fuel Phase-Out","failed","high","medium","medium","medium","ok",,"ok","ok","ok",,"medium","true","C1","C1: Below 1.5°C with no or limited overshoot","REMIND 2.1","CEMICS_opt_1p5","44.18663456756068","21.975766846806184","32.16033670624721",,"715.0997783999999","1.463779944949593","1.591092920015553",
"860","CEMICS-Optimal-1.5°C","REMIND 2.1","Final Energy|Residential and Commercial","EJ/yr","[object Object]",2050,13.0476,"1.591092920015553","1.463779944949593","2048","715.0997783999999","553.0775897999999","-0.20170703","2071",,"GW1","Rapid Fossil-Fuel Phase-Out","failed","high","medium","medium","medium","ok",,"ok","ok","ok",,"medium","true","C1","C1: Below 1.5°C with no or limited overshoot","REMIND 2.1","CEMICS_opt_1p5","44.18663456756068","21.975766846806184","32.16033670624721",,"715.0997783999999","1.463779944949593","1.591092920015553",
"860","CEMICS-Optimal-1.5°C","REMIND 2.1","Final Energy|Residential and Commercial","EJ/yr","[object Object]",2055,12.2548,"1.591092920015553","1.463779944949593","2048","715.0997783999999","553.0775897999999","-0.20170703","2071",,"GW1","Rapid Fossil-Fuel Phase-Out","failed","high","medium","medium","medium","ok",,"ok","ok","ok",,"medium","true","C1","C1: Below 1.5°C with no or limited overshoot","REMIND 2.1","CEMICS_opt_1p5","44.18663456756068","21.975766846806184","32.16033670624721",,"715.0997783999999","1.463779944949593","1.591092920015553",
"860","CEMICS-Optimal-1.5°C","REMIND 2.1","Final Energy|Residential and Commercial","EJ/yr","[object Object]",2060,12.9134,"1.591092920015553","1.463779944949593","2048","715.0997783999999","553.0775897999999","-0.20170703","2071",,"GW1","Rapid Fossil-Fuel Phase-Out","failed","high","medium","medium","medium","ok",,"ok","ok","ok",,"medium","true","C1","C1: Below 1.5°C with no or limited overshoot","REMIND 2.1","CEMICS_opt_1p5","44.18663456756068","21.975766846806184","32.16033670624721",,"715.0997783999999","1.463779944949593","1.591092920015553",
"860","CEMICS-Optimal-1.5°C","REMIND 2.1","Final Energy|Residential and Commercial","EJ/yr","[object Object]",2070,13.8043,"1.591092920015553","1.463779944949593","2048","715.0997783999999","553.0775897999999","-0.20170703","2071",,"GW1","Rapid Fossil-Fuel Phase-Out","failed","high","medium","medium","medium","ok",,"ok","ok","ok",,"medium","true","C1","C1: Below 1.5°C with no or limited overshoot","REMIND 2.1","CEMICS_opt_1p5","44.18663456756068","21.975766846806184","32.16033670624721",,"715.0997783999999","1.463779944949593","1.591092920015553",
"860","CEMICS-Optimal-1.5°C","REMIND 2.1","Final Energy|Residential and Commercial","EJ/yr","[object Object]",2080,14.3602,"1.591092920015553","1.463779944949593","2048","715.0997783999999","553.0775897999999","-0.20170703","2071",,"GW1","Rapid Fossil-Fuel Phase-Out","failed","high","medium","medium","medium","ok",,"ok","ok","ok",,"medium","true","C1","C1: Below 1.5°C with no or limited overshoot","REMIND 2.1","CEMICS_opt_1p5","44.18663456756068","21.975766846806184","32.16033670624721",,"715.0997783999999","1.463779944949593","1.591092920015553",
"860","CEMICS-Optimal-1.5°C","REMIND 2.1","Final Energy|Residential and Commercial","EJ/yr","[object Object]",2090,14.8509,"1.591092920015553","1.463779944949593","2048","715.0997783999999","553.0775897999999","-0.20170703","2071",,"GW1","Rapid Fossil-Fuel Phase-Out","failed","high","medium","medium","medium","ok",,"ok","ok","ok",,"medium","true","C1","C1: Below 1.5°C with no or limited overshoot","REMIND 2.1","CEMICS_opt_1p5","44.18663456756068","21.975766846806184","32.16033670624721",,"715.0997783999999","1.463779944949593","1.591092920015553",
"860","CEMICS-Optimal-1.5°C","REMIND 2.1","Final Energy|Residential and Commercial","EJ/yr","[object Object]",2100,15.0549,"1.591092920015553","1.463779944949593","2048","715.0997783999999","553.0775897999999","-0.20170703","2071",,"GW1","Rapid Fossil-Fuel Phase-Out","failed","high","medium","medium","medium","ok",,"ok","ok","ok",,"medium","true","C1","C1: Below 1.5°C with no or limited overshoot","REMIND 2.1","CEMICS_opt_1p5","44.18663456756068","21.975766846806184","32.16033670624721",,"715.0997783999999","1.463779944949593","1.591092920015553",
"862","CEMICS-SSP1-1.5°C-fullCDR","REMIND-MAgPIE 2.1-4.2","Final Energy|Residential and Commercial","EJ/yr","[object Object]",2010,19.9967,"1.556562669794239","1.185508583924597","2047","394.3181506","398.3173787000001","-157.53973959999996","2055","2088","GW1","Rapid Fossil-Fuel Phase-Out","failed","high","medium","ok","medium","medium",,"ok","ok","ok",,"medium","true","C1","C1: Below 1.5°C with no or limited overshoot","REMIND-MAgPIE 2.1-4.2","CEMICS_SSP1-1p5C-fullCDR","51.041416574055056","17.096557818111616","31.481101042777905","4.095685915625339","394.3181506","1.185508583924597","1.556562669794239",
"862","CEMICS-SSP1-1.5°C-fullCDR","REMIND-MAgPIE 2.1-4.2","Final Energy|Residential and Commercial","EJ/yr","[object Object]",2015,17.6516,"1.556562669794239","1.185508583924597","2047","394.3181506","398.3173787000001","-157.53973959999996","2055","2088","GW1","Rapid Fossil-Fuel Phase-Out","failed","high","medium","ok","medium","medium",,"ok","ok","ok",,"medium","true","C1","C1: Below 1.5°C with no or limited overshoot","REMIND-MAgPIE 2.1-4.2","CEMICS_SSP1-1p5C-fullCDR","51.041416574055056","17.096557818111616","31.481101042777905","4.095685915625339","394.3181506","1.185508583924597","1.556562669794239",
"862","CEMICS-SSP1-1.5°C-fullCDR","REMIND-MAgPIE 2.1-4.2","Final Energy|Residential and Commercial","EJ/yr","[object Object]",2020,18.0409,"1.556562669794239","1.185508583924597","2047","394.3181506","398.3173787000001","-157.53973959999996","2055","2088","GW1","Rapid Fossil-Fuel Phase-Out","failed","high","medium","ok","medium","medium",,"ok","ok","ok",,"medium","true","C1","C1: Below 1.5°C with no or limited overshoot","REMIND-MAgPIE 2.1-4.2","CEMICS_SSP1-1p5C-fullCDR","51.041416574055056","17.096557818111616","31.481101042777905","4.095685915625339","394.3181506","1.185508583924597","1.556562669794239",
"862","CEMICS-SSP1-1.5°C-fullCDR","REMIND-MAgPIE 2.1-4.2","Final Energy|Residential and Commercial","EJ/yr","[object Object]",2025,17.3844,"1.556562669794239","1.185508583924597","2047","394.3181506","398.3173787000001","-157.53973959999996","2055","2088","GW1","Rapid Fossil-Fuel Phase-Out","failed","high","medium","ok","medium","medium",,"ok","ok","ok",,"medium","true","C1","C1: Below 1.5°C with no or limited overshoot","REMIND-MAgPIE 2.1-4.2","CEMICS_SSP1-1p5C-fullCDR","51.041416574055056","17.096557818111616","31.481101042777905","4.095685915625339","394.3181506","1.185508583924597","1.556562669794239",
"862","CEMICS-SSP1-1.5°C-fullCDR","REMIND-MAgPIE 2.1-4.2","Final Energy|Residential and Commercial","EJ/yr","[object Object]",2030,16.5627,"1.556562669794239","1.185508583924597","2047","394.3181506","398.3173787000001","-157.53973959999996","2055","2088","GW1","Rapid Fossil-Fuel Phase-Out","failed","high","medium","ok","medium","medium",,"ok","ok","ok",,"medium","true","C1","C1: Below 1.5°C with no or limited overshoot","REMIND-MAgPIE 2.1-4.2","CEMICS_SSP1-1p5C-fullCDR","51.041416574055056","17.096557818111616","31.481101042777905","4.095685915625339","394.3181506","1.185508583924597","1.556562669794239",
"862","CEMICS-SSP1-1.5°C-fullCDR","REMIND-MAgPIE 2.1-4.2","Final Energy|Residential and Commercial","EJ/yr","[object Object]",2035,15.0266,"1.556562669794239","1.185508583924597","2047","394.3181506","398.3173787000001","-157.53973959999996","2055","2088","GW1","Rapid Fossil-Fuel Phase-Out","failed","high","medium","ok","medium","medium",,"ok","ok","ok",,"medium","true","C1","C1: Below 1.5°C with no or limited overshoot","REMIND-MAgPIE 2.1-4.2","CEMICS_SSP1-1p5C-fullCDR","51.041416574055056","17.096557818111616","31.481101042777905","4.095685915625339","394.3181506","1.185508583924597","1.556562669794239",
"862","CEMICS-SSP1-1.5°C-fullCDR","REMIND-MAgPIE 2.1-4.2","Final Energy|Residential and Commercial","EJ/yr","[object Object]",2040,12.8479,"1.556562669794239","1.185508583924597","2047","394.3181506","398.3173787000001","-157.53973959999996","2055","2088","GW1","Rapid Fossil-Fuel Phase-Out","failed","high","medium","ok","medium","medium",,"ok","ok","ok",,"medium","true","C1","C1: Below 1.5°C with no or limited overshoot","REMIND-MAgPIE 2.1-4.2","CEMICS_SSP1-1p5C-fullCDR","51.041416574055056","17.096557818111616","31.481101042777905","4.095685915625339","394.3181506","1.185508583924597","1.556562669794239",
"862","CEMICS-SSP1-1.5°C-fullCDR","REMIND-MAgPIE 2.1-4.2","Final Energy|Residential and Commercial","EJ/yr","[object Object]",2045,11.1552,"1.556562669794239","1.185508583924597","2047","394.3181506","398.3173787000001","-157.53973959999996","2055","2088","GW1","Rapid Fossil-Fuel Phase-Out","failed","high","medium","ok","medium","medium",,"ok","ok","ok",,"medium","true","C1","C1: Below 1.5°C with no or limited overshoot","REMIND-MAgPIE 2.1-4.2","CEMICS_SSP1-1p5C-fullCDR","51.041416574055056","17.096557818111616","31.481101042777905","4.095685915625339","394.3181506","1.185508583924597","1.556562669794239",
"862","CEMICS-SSP1-1.5°C-fullCDR","REMIND-MAgPIE 2.1-4.2","Final Energy|Residential and Commercial","EJ/yr","[object Object]",2050,9.9347,"1.556562669794239","1.185508583924597","2047","394.3181506","398.3173787000001","-157.53973959999996","2055","2088","GW1","Rapid Fossil-Fuel Phase-Out","failed","high","medium","ok","medium","medium",,"ok","ok","ok",,"medium","true","C1","C1: Below 1.5°C with no or limited overshoot","REMIND-MAgPIE 2.1-4.2","CEMICS_SSP1-1p5C-fullCDR","51.041416574055056","17.096557818111616","31.481101042777905","4.095685915625339","394.3181506","1.185508583924597","1.556562669794239",
"862","CEMICS-SSP1-1.5°C-fullCDR","REMIND-MAgPIE 2.1-4.2","Final Energy|Residential and Commercial","EJ/yr","[object Object]",2055,8.7704,"1.556562669794239","1.185508583924597","2047","394.3181506","398.3173787000001","-157.53973959999996","2055","2088","GW1","Rapid Fossil-Fuel Phase-Out","failed","high","medium","ok","medium","medium",,"ok","ok","ok",,"medium","true","C1","C1: Below 1.5°C with no or limited overshoot","REMIND-MAgPIE 2.1-4.2","CEMICS_SSP1-1p5C-fullCDR","51.041416574055056","17.096557818111616","31.481101042777905","4.095685915625339","394.3181506","1.185508583924597","1.556562669794239",
"862","CEMICS-SSP1-1.5°C-fullCDR","REMIND-MAgPIE 2.1-4.2","Final Energy|Residential and Commercial","EJ/yr","[object Object]",2060,8.2611,"1.556562669794239","1.185508583924597","2047","394.3181506","398.3173787000001","-157.53973959999996","2055","2088","GW1","Rapid Fossil-Fuel Phase-Out","failed","high","medium","ok","medium","medium",,"ok","ok","ok",,"medium","true","C1","C1: Below 1.5°C with no or limited overshoot","REMIND-MAgPIE 2.1-4.2","CEMICS_SSP1-1p5C-fullCDR","51.041416574055056","17.096557818111616","31.481101042777905","4.095685915625339","394.3181506","1.185508583924597","1.556562669794239",
"862","CEMICS-SSP1-1.5°C-fullCDR","REMIND-MAgPIE 2.1-4.2","Final Energy|Residential and Commercial","EJ/yr","[object Object]",2070,7.513,"1.556562669794239","1.185508583924597","2047","394.3181506","398.3173787000001","-157.53973959999996","2055","2088","GW1","Rapid Fossil-Fuel Phase-Out","failed","high","medium","ok","medium","medium",,"ok","ok","ok",,"medium","true","C1","C1: Below 1.5°C with no or limited overshoot","REMIND-MAgPIE 2.1-4.2","CEMICS_SSP1-1p5C-fullCDR","51.041416574055056","17.096557818111616","31.481101042777905","4.095685915625339","394.3181506","1.185508583924597","1.556562669794239",
"862","CEMICS-SSP1-1.5°C-fullCDR","REMIND-MAgPIE 2.1-4.2","Final Energy|Residential and Commercial","EJ/yr","[object Object]",2080,7.3902,"1.556562669794239","1.185508583924597","2047","394.3181506","398.3173787000001","-157.53973959999996","2055","2088","GW1","Rapid Fossil-Fuel Phase-Out","failed","high","medium","ok","medium","medium",,"ok","ok","ok",,"medium","true","C1","C1: Below 1.5°C with no or limited overshoot","REMIND-MAgPIE 2.1-4.2","CEMICS_SSP1-1p5C-fullCDR","51.041416574055056","17.096557818111616","31.481101042777905","4.095685915625339","394.3181506","1.185508583924597","1.556562669794239",
"862","CEMICS-SSP1-1.5°C-fullCDR","REMIND-MAgPIE 2.1-4.2","Final Energy|Residential and Commercial","EJ/yr","[object Object]",2090,6.988,"1.556562669794239","1.185508583924597","2047","394.3181506","398.3173787000001","-157.53973959999996","2055","2088","GW1","Rapid Fossil-Fuel Phase-Out","failed","high","medium","ok","medium","medium",,"ok","ok","ok",,"medium","true","C1","C1: Below 1.5°C with no or limited overshoot","REMIND-MAgPIE 2.1-4.2","CEMICS_SSP1-1p5C-fullCDR","51.041416574055056","17.096557818111616","31.481101042777905","4.095685915625339","394.3181506","1.185508583924597","1.556562669794239",
"862","CEMICS-SSP1-1.5°C-fullCDR","REMIND-MAgPIE 2.1-4.2","Final Energy|Residential and Commercial","EJ/yr","[object Object]",2100,6.9579,"1.556562669794239","1.185508583924597","2047","394.3181506","398.3173787000001","-157.53973959999996","2055","2088","GW1","Rapid Fossil-Fuel Phase-Out","failed","high","medium","ok","medium","medium",,"ok","ok","ok",,"medium","true","C1","C1: Below 1.5°C with no or limited overshoot","REMIND-MAgPIE 2.1-4.2","CEMICS_SSP1-1p5C-fullCDR","51.041416574055056","17.096557818111616","31.481101042777905","4.095685915625339","394.3181506","1.185508583924597","1.556562669794239",
"863","CEMICS-SSP1-1.5°C-minCDR","REMIND-MAgPIE 2.1-4.2","Final Energy|Residential and Commercial","EJ/yr","[object Object]",2010,19.9967,"1.542595740176328","1.258998279328586","2039","119.01284534999999","543.4947887000001","-12.52329675","2076",,"GW1","Rapid Fossil-Fuel Phase-Out","failed","high","medium","ok","medium","medium",,"ok","ok","ok",,"medium","true","C1","C1: Below 1.5°C with no or limited overshoot","REMIND-MAgPIE 2.1-4.2","CEMICS_SSP1-1p5C-minCDR","60.03254243874008","8.566918425334531","31.027029652475896","4.052038772023295","119.01284534999999","1.258998279328586","1.542595740176328",
"863","CEMICS-SSP1-1.5°C-minCDR","REMIND-MAgPIE 2.1-4.2","Final Energy|Residential and Commercial","EJ/yr","[object Object]",2015,17.6516,"1.542595740176328","1.258998279328586","2039","119.01284534999999","543.4947887000001","-12.52329675","2076",,"GW1","Rapid Fossil-Fuel Phase-Out","failed","high","medium","ok","medium","medium",,"ok","ok","ok",,"medium","true","C1","C1: Below 1.5°C with no or limited overshoot","REMIND-MAgPIE 2.1-4.2","CEMICS_SSP1-1p5C-minCDR","60.03254243874008","8.566918425334531","31.027029652475896","4.052038772023295","119.01284534999999","1.258998279328586","1.542595740176328",
"863","CEMICS-SSP1-1.5°C-minCDR","REMIND-MAgPIE 2.1-4.2","Final Energy|Residential and Commercial","EJ/yr","[object Object]",2020,18.0409,"1.542595740176328","1.258998279328586","2039","119.01284534999999","543.4947887000001","-12.52329675","2076",,"GW1","Rapid Fossil-Fuel Phase-Out","failed","high","medium","ok","medium","medium",,"ok","ok","ok",,"medium","true","C1","C1: Below 1.5°C with no or limited overshoot","REMIND-MAgPIE 2.1-4.2","CEMICS_SSP1-1p5C-minCDR","60.03254243874008","8.566918425334531","31.027029652475896","4.052038772023295","119.01284534999999","1.258998279328586","1.542595740176328",
"863","CEMICS-SSP1-1.5°C-minCDR","REMIND-MAgPIE 2.1-4.2","Final Energy|Residential and Commercial","EJ/yr","[object Object]",2025,16.9787,"1.542595740176328","1.258998279328586","2039","119.01284534999999","543.4947887000001","-12.52329675","2076",,"GW1","Rapid Fossil-Fuel Phase-Out","failed","high","medium","ok","medium","medium",,"ok","ok","ok",,"medium","true","C1","C1: Below 1.5°C with no or limited overshoot","REMIND-MAgPIE 2.1-4.2","CEMICS_SSP1-1p5C-minCDR","60.03254243874008","8.566918425334531","31.027029652475896","4.052038772023295","119.01284534999999","1.258998279328586","1.542595740176328",
"863","CEMICS-SSP1-1.5°C-minCDR","REMIND-MAgPIE 2.1-4.2","Final Energy|Residential and Commercial","EJ/yr","[object Object]",2030,16.071,"1.542595740176328","1.258998279328586","2039","119.01284534999999","543.4947887000001","-12.52329675","2076",,"GW1","Rapid Fossil-Fuel Phase-Out","failed","high","medium","ok","medium","medium",,"ok","ok","ok",,"medium","true","C1","C1: Below 1.5°C with no or limited overshoot","REMIND-MAgPIE 2.1-4.2","CEMICS_SSP1-1p5C-minCDR","60.03254243874008","8.566918425334531","31.027029652475896","4.052038772023295","119.01284534999999","1.258998279328586","1.542595740176328",
"863","CEMICS-SSP1-1.5°C-minCDR","REMIND-MAgPIE 2.1-4.2","Final Energy|Residential and Commercial","EJ/yr","[object Object]",2035,14.6452,"1.542595740176328","1.258998279328586","2039","119.01284534999999","543.4947887000001","-12.52329675","2076",,"GW1","Rapid Fossil-Fuel Phase-Out","failed","high","medium","ok","medium","medium",,"ok","ok","ok",,"medium","true","C1","C1: Below 1.5°C with no or limited overshoot","REMIND-MAgPIE 2.1-4.2","CEMICS_SSP1-1p5C-minCDR","60.03254243874008","8.566918425334531","31.027029652475896","4.052038772023295","119.01284534999999","1.258998279328586","1.542595740176328",
"863","CEMICS-SSP1-1.5°C-minCDR","REMIND-MAgPIE 2.1-4.2","Final Energy|Residential and Commercial","EJ/yr","[object Object]",2040,12.4439,"1.542595740176328","1.258998279328586","2039","119.01284534999999","543.4947887000001","-12.52329675","2076",,"GW1","Rapid Fossil-Fuel Phase-Out","failed","high","medium","ok","medium","medium",,"ok","ok","ok",,"medium","true","C1","C1: Below 1.5°C with no or limited overshoot","REMIND-MAgPIE 2.1-4.2","CEMICS_SSP1-1p5C-minCDR","60.03254243874008","8.566918425334531","31.027029652475896","4.052038772023295","119.01284534999999","1.258998279328586","1.542595740176328",
"863","CEMICS-SSP1-1.5°C-minCDR","REMIND-MAgPIE 2.1-4.2","Final Energy|Residential and Commercial","EJ/yr","[object Object]",2045,10.9318,"1.542595740176328","1.258998279328586","2039","119.01284534999999","543.4947887000001","-12.52329675","2076",,"GW1","Rapid Fossil-Fuel Phase-Out","failed","high","medium","ok","medium","medium",,"ok","ok","ok",,"medium","true","C1","C1: Below 1.5°C with no or limited overshoot","REMIND-MAgPIE 2.1-4.2","CEMICS_SSP1-1p5C-minCDR","60.03254243874008","8.566918425334531","31.027029652475896","4.052038772023295","119.01284534999999","1.258998279328586","1.542595740176328",
"863","CEMICS-SSP1-1.5°C-minCDR","REMIND-MAgPIE 2.1-4.2","Final Energy|Residential and Commercial","EJ/yr","[object Object]",2050,9.9991,"1.542595740176328","1.258998279328586","2039","119.01284534999999","543.4947887000001","-12.52329675","2076",,"GW1","Rapid Fossil-Fuel Phase-Out","failed","high","medium","ok","medium","medium",,"ok","ok","ok",,"medium","true","C1","C1: Below 1.5°C with no or limited overshoot","REMIND-MAgPIE 2.1-4.2","CEMICS_SSP1-1p5C-minCDR","60.03254243874008","8.566918425334531","31.027029652475896","4.052038772023295","119.01284534999999","1.258998279328586","1.542595740176328",
"863","CEMICS-SSP1-1.5°C-minCDR","REMIND-MAgPIE 2.1-4.2","Final Energy|Residential and Commercial","EJ/yr","[object Object]",2055,8.8856,"1.542595740176328","1.258998279328586","2039","119.01284534999999","543.4947887000001","-12.52329675","2076",,"GW1","Rapid Fossil-Fuel Phase-Out","failed","high","medium","ok","medium","medium",,"ok","ok","ok",,"medium","true","C1","C1: Below 1.5°C with no or limited overshoot","REMIND-MAgPIE 2.1-4.2","CEMICS_SSP1-1p5C-minCDR","60.03254243874008","8.566918425334531","31.027029652475896","4.052038772023295","119.01284534999999","1.258998279328586","1.542595740176328",
"863","CEMICS-SSP1-1.5°C-minCDR","REMIND-MAgPIE 2.1-4.2","Final Energy|Residential and Commercial","EJ/yr","[object Object]",2060,8.0897,"1.542595740176328","1.258998279328586","2039","119.01284534999999","543.4947887000001","-12.52329675","2076",,"GW1","Rapid Fossil-Fuel Phase-Out","failed","high","medium","ok","medium","medium",,"ok","ok","ok",,"medium","true","C1","C1: Below 1.5°C with no or limited overshoot","REMIND-MAgPIE 2.1-4.2","CEMICS_SSP1-1p5C-minCDR","60.03254243874008","8.566918425334531","31.027029652475896","4.052038772023295","119.01284534999999","1.258998279328586","1.542595740176328",
"863","CEMICS-SSP1-1.5°C-minCDR","REMIND-MAgPIE 2.1-4.2","Final Energy|Residential and Commercial","EJ/yr","[object Object]",2070,7.385,"1.542595740176328","1.258998279328586","2039","119.01284534999999","543.4947887000001","-12.52329675","2076",,"GW1","Rapid Fossil-Fuel Phase-Out","failed","high","medium","ok","medium","medium",,"ok","ok","ok",,"medium","true","C1","C1: Below 1.5°C with no or limited overshoot","REMIND-MAgPIE 2.1-4.2","CEMICS_SSP1-1p5C-minCDR","60.03254243874008","8.566918425334531","31.027029652475896","4.052038772023295","119.01284534999999","1.258998279328586","1.542595740176328",
"863","CEMICS-SSP1-1.5°C-minCDR","REMIND-MAgPIE 2.1-4.2","Final Energy|Residential and Commercial","EJ/yr","[object Object]",2080,7.3212,"1.542595740176328","1.258998279328586","2039","119.01284534999999","543.4947887000001","-12.52329675","2076",,"GW1","Rapid Fossil-Fuel Phase-Out","failed","high","medium","ok","medium","medium",,"ok","ok","ok",,"medium","true","C1","C1: Below 1.5°C with no or limited overshoot","REMIND-MAgPIE 2.1-4.2","CEMICS_SSP1-1p5C-minCDR","60.03254243874008","8.566918425334531","31.027029652475896","4.052038772023295","119.01284534999999","1.258998279328586","1.542595740176328",
"863","CEMICS-SSP1-1.5°C-minCDR","REMIND-MAgPIE 2.1-4.2","Final Energy|Residential and Commercial","EJ/yr","[object Object]",2090,7.0483,"1.542595740176328","1.258998279328586","2039","119.01284534999999","543.4947887000001","-12.52329675","2076",,"GW1","Rapid Fossil-Fuel Phase-Out","failed","high","medium","ok","medium","medium",,"ok","ok","ok",,"medium","true","C1","C1: Below 1.5°C with no or limited overshoot","REMIND-MAgPIE 2.1-4.2","CEMICS_SSP1-1p5C-minCDR","60.03254243874008","8.566918425334531","31.027029652475896","4.052038772023295","119.01284534999999","1.258998279328586","1.542595740176328",
"863","CEMICS-SSP1-1.5°C-minCDR","REMIND-MAgPIE 2.1-4.2","Final Energy|Residential and Commercial","EJ/yr","[object Object]",2100,6.9164,"1.542595740176328","1.258998279328586","2039","119.01284534999999","543.4947887000001","-12.52329675","2076",,"GW1","Rapid Fossil-Fuel Phase-Out","failed","high","medium","ok","medium","medium",,"ok","ok","ok",,"medium","true","C1","C1: Below 1.5°C with no or limited overshoot","REMIND-MAgPIE 2.1-4.2","CEMICS_SSP1-1p5C-minCDR","60.03254243874008","8.566918425334531","31.027029652475896","4.052038772023295","119.01284534999999","1.258998279328586","1.542595740176328",
"865","CEMICS-SSP2-1.5°C-fullCDR","REMIND-MAgPIE 2.1-4.2","Final Energy|Residential and Commercial","EJ/yr","[object Object]",2010,20.4779,"1.576798694745191","1.395549642101571","2048","637.9478004999999","461.51533575","-88.97809654999999","2054",,"GW1","Rapid Fossil-Fuel Phase-Out","failed","high","medium","medium","medium","ok",,"ok","ok","ok",,"medium","true","C1","C1: Below 1.5°C with no or limited overshoot","REMIND-MAgPIE 2.1-4.2","CEMICS_SSP2-1p5C-fullCDR","47.874031431606575","21.099364181715927","30.721974004874085","4.146819005652588","637.9478004999999","1.395549642101571","1.576798694745191",
"865","CEMICS-SSP2-1.5°C-fullCDR","REMIND-MAgPIE 2.1-4.2","Final Energy|Residential and Commercial","EJ/yr","[object Object]",2015,17.8721,"1.576798694745191","1.395549642101571","2048","637.9478004999999","461.51533575","-88.97809654999999","2054",,"GW1","Rapid Fossil-Fuel Phase-Out","failed","high","medium","medium","medium","ok",,"ok","ok","ok",,"medium","true","C1","C1: Below 1.5°C with no or limited overshoot","REMIND-MAgPIE 2.1-4.2","CEMICS_SSP2-1p5C-fullCDR","47.874031431606575","21.099364181715927","30.721974004874085","4.146819005652588","637.9478004999999","1.395549642101571","1.576798694745191",
"865","CEMICS-SSP2-1.5°C-fullCDR","REMIND-MAgPIE 2.1-4.2","Final Energy|Residential and Commercial","EJ/yr","[object Object]",2020,18.2645,"1.576798694745191","1.395549642101571","2048","637.9478004999999","461.51533575","-88.97809654999999","2054",,"GW1","Rapid Fossil-Fuel Phase-Out","failed","high","medium","medium","medium","ok",,"ok","ok","ok",,"medium","true","C1","C1: Below 1.5°C with no or limited overshoot","REMIND-MAgPIE 2.1-4.2","CEMICS_SSP2-1p5C-fullCDR","47.874031431606575","21.099364181715927","30.721974004874085","4.146819005652588","637.9478004999999","1.395549642101571","1.576798694745191",
"865","CEMICS-SSP2-1.5°C-fullCDR","REMIND-MAgPIE 2.1-4.2","Final Energy|Residential and Commercial","EJ/yr","[object Object]",2025,17.8183,"1.576798694745191","1.395549642101571","2048","637.9478004999999","461.51533575","-88.97809654999999","2054",,"GW1","Rapid Fossil-Fuel Phase-Out","failed","high","medium","medium","medium","ok",,"ok","ok","ok",,"medium","true","C1","C1: Below 1.5°C with no or limited overshoot","REMIND-MAgPIE 2.1-4.2","CEMICS_SSP2-1p5C-fullCDR","47.874031431606575","21.099364181715927","30.721974004874085","4.146819005652588","637.9478004999999","1.395549642101571","1.576798694745191",
"865","CEMICS-SSP2-1.5°C-fullCDR","REMIND-MAgPIE 2.1-4.2","Final Energy|Residential and Commercial","EJ/yr","[object Object]",2030,17.2278,"1.576798694745191","1.395549642101571","2048","637.9478004999999","461.51533575","-88.97809654999999","2054",,"GW1","Rapid Fossil-Fuel Phase-Out","failed","high","medium","medium","medium","ok",,"ok","ok","ok",,"medium","true","C1","C1: Below 1.5°C with no or limited overshoot","REMIND-MAgPIE 2.1-4.2","CEMICS_SSP2-1p5C-fullCDR","47.874031431606575","21.099364181715927","30.721974004874085","4.146819005652588","637.9478004999999","1.395549642101571","1.576798694745191",
"865","CEMICS-SSP2-1.5°C-fullCDR","REMIND-MAgPIE 2.1-4.2","Final Energy|Residential and Commercial","EJ/yr","[object Object]",2035,16.2568,"1.576798694745191","1.395549642101571","2048","637.9478004999999","461.51533575","-88.97809654999999","2054",,"GW1","Rapid Fossil-Fuel Phase-Out","failed","high","medium","medium","medium","ok",,"ok","ok","ok",,"medium","true","C1","C1: Below 1.5°C with no or limited overshoot","REMIND-MAgPIE 2.1-4.2","CEMICS_SSP2-1p5C-fullCDR","47.874031431606575","21.099364181715927","30.721974004874085","4.146819005652588","637.9478004999999","1.395549642101571","1.576798694745191",
"865","CEMICS-SSP2-1.5°C-fullCDR","REMIND-MAgPIE 2.1-4.2","Final Energy|Residential and Commercial","EJ/yr","[object Object]",2040,15.1371,"1.576798694745191","1.395549642101571","2048","637.9478004999999","461.51533575","-88.97809654999999","2054",,"GW1","Rapid Fossil-Fuel Phase-Out","failed","high","medium","medium","medium","ok",,"ok","ok","ok",,"medium","true","C1","C1: Below 1.5°C with no or limited overshoot","REMIND-MAgPIE 2.1-4.2","CEMICS_SSP2-1p5C-fullCDR","47.874031431606575","21.099364181715927","30.721974004874085","4.146819005652588","637.9478004999999","1.395549642101571","1.576798694745191",
"865","CEMICS-SSP2-1.5°C-fullCDR","REMIND-MAgPIE 2.1-4.2","Final Energy|Residential and Commercial","EJ/yr","[object Object]",2045,14.3062,"1.576798694745191","1.395549642101571","2048","637.9478004999999","461.51533575","-88.97809654999999","2054",,"GW1","Rapid Fossil-Fuel Phase-Out","failed","high","medium","medium","medium","ok",,"ok","ok","ok",,"medium","true","C1","C1: Below 1.5°C with no or limited overshoot","REMIND-MAgPIE 2.1-4.2","CEMICS_SSP2-1p5C-fullCDR","47.874031431606575","21.099364181715927","30.721974004874085","4.146819005652588","637.9478004999999","1.395549642101571","1.576798694745191",
"865","CEMICS-SSP2-1.5°C-fullCDR","REMIND-MAgPIE 2.1-4.2","Final Energy|Residential and Commercial","EJ/yr","[object Object]",2050,13.9597,"1.576798694745191","1.395549642101571","2048","637.9478004999999","461.51533575","-88.97809654999999","2054",,"GW1","Rapid Fossil-Fuel Phase-Out","failed","high","medium","medium","medium","ok",,"ok","ok","ok",,"medium","true","C1","C1: Below 1.5°C with no or limited overshoot","REMIND-MAgPIE 2.1-4.2","CEMICS_SSP2-1p5C-fullCDR","47.874031431606575","21.099364181715927","30.721974004874085","4.146819005652588","637.9478004999999","1.395549642101571","1.576798694745191",
"865","CEMICS-SSP2-1.5°C-fullCDR","REMIND-MAgPIE 2.1-4.2","Final Energy|Residential and Commercial","EJ/yr","[object Object]",2055,13.5046,"1.576798694745191","1.395549642101571","2048","637.9478004999999","461.51533575","-88.97809654999999","2054",,"GW1","Rapid Fossil-Fuel Phase-Out","failed","high","medium","medium","medium","ok",,"ok","ok","ok",,"medium","true","C1","C1: Below 1.5°C with no or limited overshoot","REMIND-MAgPIE 2.1-4.2","CEMICS_SSP2-1p5C-fullCDR","47.874031431606575","21.099364181715927","30.721974004874085","4.146819005652588","637.9478004999999","1.395549642101571","1.576798694745191",
"865","CEMICS-SSP2-1.5°C-fullCDR","REMIND-MAgPIE 2.1-4.2","Final Energy|Residential and Commercial","EJ/yr","[object Object]",2060,13.4996,"1.576798694745191","1.395549642101571","2048","637.9478004999999","461.51533575","-88.97809654999999","2054",,"GW1","Rapid Fossil-Fuel Phase-Out","failed","high","medium","medium","medium","ok",,"ok","ok","ok",,"medium","true","C1","C1: Below 1.5°C with no or limited overshoot","REMIND-MAgPIE 2.1-4.2","CEMICS_SSP2-1p5C-fullCDR","47.874031431606575","21.099364181715927","30.721974004874085","4.146819005652588","637.9478004999999","1.395549642101571","1.576798694745191",
"865","CEMICS-SSP2-1.5°C-fullCDR","REMIND-MAgPIE 2.1-4.2","Final Energy|Residential and Commercial","EJ/yr","[object Object]",2070,13.9414,"1.576798694745191","1.395549642101571","2048","637.9478004999999","461.51533575","-88.97809654999999","2054",,"GW1","Rapid Fossil-Fuel Phase-Out","failed","high","medium","medium","medium","ok",,"ok","ok","ok",,"medium","true","C1","C1: Below 1.5°C with no or limited overshoot","REMIND-MAgPIE 2.1-4.2","CEMICS_SSP2-1p5C-fullCDR","47.874031431606575","21.099364181715927","30.721974004874085","4.146819005652588","637.9478004999999","1.395549642101571","1.576798694745191",
"865","CEMICS-SSP2-1.5°C-fullCDR","REMIND-MAgPIE 2.1-4.2","Final Energy|Residential and Commercial","EJ/yr","[object Object]",2080,14.7163,"1.576798694745191","1.395549642101571","2048","637.9478004999999","461.51533575","-88.97809654999999","2054",,"GW1","Rapid Fossil-Fuel Phase-Out","failed","high","medium","medium","medium","ok",,"ok","ok","ok",,"medium","true","C1","C1: Below 1.5°C with no or limited overshoot","REMIND-MAgPIE 2.1-4.2","CEMICS_SSP2-1p5C-fullCDR","47.874031431606575","21.099364181715927","30.721974004874085","4.146819005652588","637.9478004999999","1.395549642101571","1.576798694745191",
"865","CEMICS-SSP2-1.5°C-fullCDR","REMIND-MAgPIE 2.1-4.2","Final Energy|Residential and Commercial","EJ/yr","[object Object]",2090,15.0813,"1.576798694745191","1.395549642101571","2048","637.9478004999999","461.51533575","-88.97809654999999","2054",,"GW1","Rapid Fossil-Fuel Phase-Out","failed","high","medium","medium","medium","ok",,"ok","ok","ok",,"medium","true","C1","C1: Below 1.5°C with no or limited overshoot","REMIND-MAgPIE 2.1-4.2","CEMICS_SSP2-1p5C-fullCDR","47.874031431606575","21.099364181715927","30.721974004874085","4.146819005652588","637.9478004999999","1.395549642101571","1.576798694745191",
"865","CEMICS-SSP2-1.5°C-fullCDR","REMIND-MAgPIE 2.1-4.2","Final Energy|Residential and Commercial","EJ/yr","[object Object]",2100,15.2022,"1.576798694745191","1.395549642101571","2048","637.9478004999999","461.51533575","-88.97809654999999","2054",,"GW1","Rapid Fossil-Fuel Phase-Out","failed","high","medium","medium","medium","ok",,"ok","ok","ok",,"medium","true","C1","C1: Below 1.5°C with no or limited overshoot","REMIND-MAgPIE 2.1-4.2","CEMICS_SSP2-1p5C-fullCDR","47.874031431606575","21.099364181715927","30.721974004874085","4.146819005652588","637.9478004999999","1.395549642101571","1.576798694745191",
"866","CEMICS-SSP2-1.5°C-minCDR","REMIND-MAgPIE 2.1-4.2","Final Energy|Residential and Commercial","EJ/yr","[object Object]",2010,20.4779,"1.553085980844422","1.443601142655415","2049","146.62036510000001","551.13515075",,,,"GW1","Rapid Fossil-Fuel Phase-Out","failed","high","medium","ok","medium","ok",,"ok","ok","ok",,"medium","true","C1","C1: Below 1.5°C with no or limited overshoot","REMIND-MAgPIE 2.1-4.2","CEMICS_SSP2-1p5C-minCDR","61.91115038560411","9.227385925449871","28.540930269922875","0.2708465399360165","146.62036510000001","1.443601142655415","1.553085980844422",
"866","CEMICS-SSP2-1.5°C-minCDR","REMIND-MAgPIE 2.1-4.2","Final Energy|Residential and Commercial","EJ/yr","[object Object]",2015,17.8721,"1.553085980844422","1.443601142655415","2049","146.62036510000001","551.13515075",,,,"GW1","Rapid Fossil-Fuel Phase-Out","failed","high","medium","ok","medium","ok",,"ok","ok","ok",,"medium","true","C1","C1: Below 1.5°C with no or limited overshoot","REMIND-MAgPIE 2.1-4.2","CEMICS_SSP2-1p5C-minCDR","61.91115038560411","9.227385925449871","28.540930269922875","0.2708465399360165","146.62036510000001","1.443601142655415","1.553085980844422",
"866","CEMICS-SSP2-1.5°C-minCDR","REMIND-MAgPIE 2.1-4.2","Final Energy|Residential and Commercial","EJ/yr","[object Object]",2020,18.2645,"1.553085980844422","1.443601142655415","2049","146.62036510000001","551.13515075",,,,"GW1","Rapid Fossil-Fuel Phase-Out","failed","high","medium","ok","medium","ok",,"ok","ok","ok",,"medium","true","C1","C1: Below 1.5°C with no or limited overshoot","REMIND-MAgPIE 2.1-4.2","CEMICS_SSP2-1p5C-minCDR","61.91115038560411","9.227385925449871","28.540930269922875","0.2708465399360165","146.62036510000001","1.443601142655415","1.553085980844422",
"866","CEMICS-SSP2-1.5°C-minCDR","REMIND-MAgPIE 2.1-4.2","Final Energy|Residential and Commercial","EJ/yr","[object Object]",2025,17.1342,"1.553085980844422","1.443601142655415","2049","146.62036510000001","551.13515075",,,,"GW1","Rapid Fossil-Fuel Phase-Out","failed","high","medium","ok","medium","ok",,"ok","ok","ok",,"medium","true","C1","C1: Below 1.5°C with no or limited overshoot","REMIND-MAgPIE 2.1-4.2","CEMICS_SSP2-1p5C-minCDR","61.91115038560411","9.227385925449871","28.540930269922875","0.2708465399360165","146.62036510000001","1.443601142655415","1.553085980844422",
"866","CEMICS-SSP2-1.5°C-minCDR","REMIND-MAgPIE 2.1-4.2","Final Energy|Residential and Commercial","EJ/yr","[object Object]",2030,16.4541,"1.553085980844422","1.443601142655415","2049","146.62036510000001","551.13515075",,,,"GW1","Rapid Fossil-Fuel Phase-Out","failed","high","medium","ok","medium","ok",,"ok","ok","ok",,"medium","true","C1","C1: Below 1.5°C with no or limited overshoot","REMIND-MAgPIE 2.1-4.2","CEMICS_SSP2-1p5C-minCDR","61.91115038560411","9.227385925449871","28.540930269922875","0.2708465399360165","146.62036510000001","1.443601142655415","1.553085980844422",
"866","CEMICS-SSP2-1.5°C-minCDR","REMIND-MAgPIE 2.1-4.2","Final Energy|Residential and Commercial","EJ/yr","[object Object]",2035,15.452,"1.553085980844422","1.443601142655415","2049","146.62036510000001","551.13515075",,,,"GW1","Rapid Fossil-Fuel Phase-Out","failed","high","medium","ok","medium","ok",,"ok","ok","ok",,"medium","true","C1","C1: Below 1.5°C with no or limited overshoot","REMIND-MAgPIE 2.1-4.2","CEMICS_SSP2-1p5C-minCDR","61.91115038560411","9.227385925449871","28.540930269922875","0.2708465399360165","146.62036510000001","1.443601142655415","1.553085980844422",
"866","CEMICS-SSP2-1.5°C-minCDR","REMIND-MAgPIE 2.1-4.2","Final Energy|Residential and Commercial","EJ/yr","[object Object]",2040,15.0227,"1.553085980844422","1.443601142655415","2049","146.62036510000001","551.13515075",,,,"GW1","Rapid Fossil-Fuel Phase-Out","failed","high","medium","ok","medium","ok",,"ok","ok","ok",,"medium","true","C1","C1: Below 1.5°C with no or limited overshoot","REMIND-MAgPIE 2.1-4.2","CEMICS_SSP2-1p5C-minCDR","61.91115038560411","9.227385925449871","28.540930269922875","0.2708465399360165","146.62036510000001","1.443601142655415","1.553085980844422",
"866","CEMICS-SSP2-1.5°C-minCDR","REMIND-MAgPIE 2.1-4.2","Final Energy|Residential and Commercial","EJ/yr","[object Object]",2045,14.4402,"1.553085980844422","1.443601142655415","2049","146.62036510000001","551.13515075",,,,"GW1","Rapid Fossil-Fuel Phase-Out","failed","high","medium","ok","medium","ok",,"ok","ok","ok",,"medium","true","C1","C1: Below 1.5°C with no or limited overshoot","REMIND-MAgPIE 2.1-4.2","CEMICS_SSP2-1p5C-minCDR","61.91115038560411","9.227385925449871","28.540930269922875","0.2708465399360165","146.62036510000001","1.443601142655415","1.553085980844422",
"866","CEMICS-SSP2-1.5°C-minCDR","REMIND-MAgPIE 2.1-4.2","Final Energy|Residential and Commercial","EJ/yr","[object Object]",2050,13.517,"1.553085980844422","1.443601142655415","2049","146.62036510000001","551.13515075",,,,"GW1","Rapid Fossil-Fuel Phase-Out","failed","high","medium","ok","medium","ok",,"ok","ok","ok",,"medium","true","C1","C1: Below 1.5°C with no or limited overshoot","REMIND-MAgPIE 2.1-4.2","CEMICS_SSP2-1p5C-minCDR","61.91115038560411","9.227385925449871","28.540930269922875","0.2708465399360165","146.62036510000001","1.443601142655415","1.553085980844422",
"866","CEMICS-SSP2-1.5°C-minCDR","REMIND-MAgPIE 2.1-4.2","Final Energy|Residential and Commercial","EJ/yr","[object Object]",2055,13.3248,"1.553085980844422","1.443601142655415","2049","146.62036510000001","551.13515075",,,,"GW1","Rapid Fossil-Fuel Phase-Out","failed","high","medium","ok","medium","ok",,"ok","ok","ok",,"medium","true","C1","C1: Below 1.5°C with no or limited overshoot","REMIND-MAgPIE 2.1-4.2","CEMICS_SSP2-1p5C-minCDR","61.91115038560411","9.227385925449871","28.540930269922875","0.2708465399360165","146.62036510000001","1.443601142655415","1.553085980844422",
"866","CEMICS-SSP2-1.5°C-minCDR","REMIND-MAgPIE 2.1-4.2","Final Energy|Residential and Commercial","EJ/yr","[object Object]",2060,13.5602,"1.553085980844422","1.443601142655415","2049","146.62036510000001","551.13515075",,,,"GW1","Rapid Fossil-Fuel Phase-Out","failed","high","medium","ok","medium","ok",,"ok","ok","ok",,"medium","true","C1","C1: Below 1.5°C with no or limited overshoot","REMIND-MAgPIE 2.1-4.2","CEMICS_SSP2-1p5C-minCDR","61.91115038560411","9.227385925449871","28.540930269922875","0.2708465399360165","146.62036510000001","1.443601142655415","1.553085980844422",
"866","CEMICS-SSP2-1.5°C-minCDR","REMIND-MAgPIE 2.1-4.2","Final Energy|Residential and Commercial","EJ/yr","[object Object]",2070,13.6726,"1.553085980844422","1.443601142655415","2049","146.62036510000001","551.13515075",,,,"GW1","Rapid Fossil-Fuel Phase-Out","failed","high","medium","ok","medium","ok",,"ok","ok","ok",,"medium","true","C1","C1: Below 1.5°C with no or limited overshoot","REMIND-MAgPIE 2.1-4.2","CEMICS_SSP2-1p5C-minCDR","61.91115038560411","9.227385925449871","28.540930269922875","0.2708465399360165","146.62036510000001","1.443601142655415","1.553085980844422",
"866","CEMICS-SSP2-1.5°C-minCDR","REMIND-MAgPIE 2.1-4.2","Final Energy|Residential and Commercial","EJ/yr","[object Object]",2080,14.3793,"1.553085980844422","1.443601142655415","2049","146.62036510000001","551.13515075",,,,"GW1","Rapid Fossil-Fuel Phase-Out","failed","high","medium","ok","medium","ok",,"ok","ok","ok",,"medium","true","C1","C1: Below 1.5°C with no or limited overshoot","REMIND-MAgPIE 2.1-4.2","CEMICS_SSP2-1p5C-minCDR","61.91115038560411","9.227385925449871","28.540930269922875","0.2708465399360165","146.62036510000001","1.443601142655415","1.553085980844422",
"866","CEMICS-SSP2-1.5°C-minCDR","REMIND-MAgPIE 2.1-4.2","Final Energy|Residential and Commercial","EJ/yr","[object Object]",2090,14.678,"1.553085980844422","1.443601142655415","2049","146.62036510000001","551.13515075",,,,"GW1","Rapid Fossil-Fuel Phase-Out","failed","high","medium","ok","medium","ok",,"ok","ok","ok",,"medium","true","C1","C1: Below 1.5°C with no or limited overshoot","REMIND-MAgPIE 2.1-4.2","CEMICS_SSP2-1p5C-minCDR","61.91115038560411","9.227385925449871","28.540930269922875","0.2708465399360165","146.62036510000001","1.443601142655415","1.553085980844422",
"866","CEMICS-SSP2-1.5°C-minCDR","REMIND-MAgPIE 2.1-4.2","Final Energy|Residential and Commercial","EJ/yr","[object Object]",2100,15.0063,"1.553085980844422","1.443601142655415","2049","146.62036510000001","551.13515075",,,,"GW1","Rapid Fossil-Fuel Phase-Out","failed","high","medium","ok","medium","ok",,"ok","ok","ok",,"medium","true","C1","C1: Below 1.5°C with no or limited overshoot","REMIND-MAgPIE 2.1-4.2","CEMICS_SSP2-1p5C-minCDR","61.91115038560411","9.227385925449871","28.540930269922875","0.2708465399360165","146.62036510000001","1.443601142655415","1.553085980844422",
"1056","SSP2021-SSP1-SPA1-19-Default-LowBiomass","IMAGE 3.2","Final Energy|Residential and Commercial","EJ/yr","[object Object]",2010,20.88924960327149,"1.531503201707659","1.258903894399549","2037","1016.5337200446303","337.7367352347641","-197.98677935047763","2049","2087","GW1","Low Demand","ok","high","medium","medium","medium","high","ok","ok","ok","ok",,"ok","true","C1","C1: Below 1.5°C with no or limited overshoot","IMAGE 3.2","SSP1_SPA1_19I_D_LB","27.16385864176151","56.25196544340662","15.400147705491971","9.284916820994297","1016.5337200446303","1.258903894399549","1.531503201707659","0.003731636"
"1056","SSP2021-SSP1-SPA1-19-Default-LowBiomass","IMAGE 3.2","Final Energy|Residential and Commercial","EJ/yr","[object Object]",2015,20.86265414428711,"1.531503201707659","1.258903894399549","2037","1016.5337200446303","337.7367352347641","-197.98677935047763","2049","2087","GW1","Low Demand","ok","high","medium","medium","medium","high","ok","ok","ok","ok",,"ok","true","C1","C1: Below 1.5°C with no or limited overshoot","IMAGE 3.2","SSP1_SPA1_19I_D_LB","27.16385864176151","56.25196544340662","15.400147705491971","9.284916820994297","1016.5337200446303","1.258903894399549","1.531503201707659","0.003731636"
"1056","SSP2021-SSP1-SPA1-19-Default-LowBiomass","IMAGE 3.2","Final Energy|Residential and Commercial","EJ/yr","[object Object]",2020,20.13361944580078,"1.531503201707659","1.258903894399549","2037","1016.5337200446303","337.7367352347641","-197.98677935047763","2049","2087","GW1","Low Demand","ok","high","medium","medium","medium","high","ok","ok","ok","ok",,"ok","true","C1","C1: Below 1.5°C with no or limited overshoot","IMAGE 3.2","SSP1_SPA1_19I_D_LB","27.16385864176151","56.25196544340662","15.400147705491971","9.284916820994297","1016.5337200446303","1.258903894399549","1.531503201707659","0.003731636"
"1056","SSP2021-SSP1-SPA1-19-Default-LowBiomass","IMAGE 3.2","Final Energy|Residential and Commercial","EJ/yr","[object Object]",2025,20.99701226806641,"1.531503201707659","1.258903894399549","2037","1016.5337200446303","337.7367352347641","-197.98677935047763","2049","2087","GW1","Low Demand","ok","high","medium","medium","medium","high","ok","ok","ok","ok",,"ok","true","C1","C1: Below 1.5°C with no or limited overshoot","IMAGE 3.2","SSP1_SPA1_19I_D_LB","27.16385864176151","56.25196544340662","15.400147705491971","9.284916820994297","1016.5337200446303","1.258903894399549","1.531503201707659","0.003731636"
"1056","SSP2021-SSP1-SPA1-19-Default-LowBiomass","IMAGE 3.2","Final Energy|Residential and Commercial","EJ/yr","[object Object]",2030,18.64088732910156,"1.531503201707659","1.258903894399549","2037","1016.5337200446303","337.7367352347641","-197.98677935047763","2049","2087","GW1","Low Demand","ok","high","medium","medium","medium","high","ok","ok","ok","ok",,"ok","true","C1","C1: Below 1.5°C with no or limited overshoot","IMAGE 3.2","SSP1_SPA1_19I_D_LB","27.16385864176151","56.25196544340662","15.400147705491971","9.284916820994297","1016.5337200446303","1.258903894399549","1.531503201707659","0.003731636"
"1056","SSP2021-SSP1-SPA1-19-Default-LowBiomass","IMAGE 3.2","Final Energy|Residential and Commercial","EJ/yr","[object Object]",2035,16.63172631835938,"1.531503201707659","1.258903894399549","2037","1016.5337200446303","337.7367352347641","-197.98677935047763","2049","2087","GW1","Low Demand","ok","high","medium","medium","medium","high","ok","ok","ok","ok",,"ok","true","C1","C1: Below 1.5°C with no or limited overshoot","IMAGE 3.2","SSP1_SPA1_19I_D_LB","27.16385864176151","56.25196544340662","15.400147705491971","9.284916820994297","1016.5337200446303","1.258903894399549","1.531503201707659","0.003731636"
"1056","SSP2021-SSP1-SPA1-19-Default-LowBiomass","IMAGE 3.2","Final Energy|Residential and Commercial","EJ/yr","[object Object]",2040,14.44955572509766,"1.531503201707659","1.258903894399549","2037","1016.5337200446303","337.7367352347641","-197.98677935047763","2049","2087","GW1","Low Demand","ok","high","medium","medium","medium","high","ok","ok","ok","ok",,"ok","true","C1","C1: Below 1.5°C with no or limited overshoot","IMAGE 3.2","SSP1_SPA1_19I_D_LB","27.16385864176151","56.25196544340662","15.400147705491971","9.284916820994297","1016.5337200446303","1.258903894399549","1.531503201707659","0.003731636"
"1056","SSP2021-SSP1-SPA1-19-Default-LowBiomass","IMAGE 3.2","Final Energy|Residential and Commercial","EJ/yr","[object Object]",2045,13.14258972167969,"1.531503201707659","1.258903894399549","2037","1016.5337200446303","337.7367352347641","-197.98677935047763","2049","2087","GW1","Low Demand","ok","high","medium","medium","medium","high","ok","ok","ok","ok",,"ok","true","C1","C1: Below 1.5°C with no or limited overshoot","IMAGE 3.2","SSP1_SPA1_19I_D_LB","27.16385864176151","56.25196544340662","15.400147705491971","9.284916820994297","1016.5337200446303","1.258903894399549","1.531503201707659","0.003731636"
"1056","SSP2021-SSP1-SPA1-19-Default-LowBiomass","IMAGE 3.2","Final Energy|Residential and Commercial","EJ/yr","[object Object]",2050,12.39667449951172,"1.531503201707659","1.258903894399549","2037","1016.5337200446303","337.7367352347641","-197.98677935047763","2049","2087","GW1","Low Demand","ok","high","medium","medium","medium","high","ok","ok","ok","ok",,"ok","true","C1","C1: Below 1.5°C with no or limited overshoot","IMAGE 3.2","SSP1_SPA1_19I_D_LB","27.16385864176151","56.25196544340662","15.400147705491971","9.284916820994297","1016.5337200446303","1.258903894399549","1.531503201707659","0.003731636"
"1056","SSP2021-SSP1-SPA1-19-Default-LowBiomass","IMAGE 3.2","Final Energy|Residential and Commercial","EJ/yr","[object Object]",2055,11.96436749267578,"1.531503201707659","1.258903894399549","2037","1016.5337200446303","337.7367352347641","-197.98677935047763","2049","2087","GW1","Low Demand","ok","high","medium","medium","medium","high","ok","ok","ok","ok",,"ok","true","C1","C1: Below 1.5°C with no or limited overshoot","IMAGE 3.2","SSP1_SPA1_19I_D_LB","27.16385864176151","56.25196544340662","15.400147705491971","9.284916820994297","1016.5337200446303","1.258903894399549","1.531503201707659","0.003731636"
"1056","SSP2021-SSP1-SPA1-19-Default-LowBiomass","IMAGE 3.2","Final Energy|Residential and Commercial","EJ/yr","[object Object]",2060,11.53847485351562,"1.531503201707659","1.258903894399549","2037","1016.5337200446303","337.7367352347641","-197.98677935047763","2049","2087","GW1","Low Demand","ok","high","medium","medium","medium","high","ok","ok","ok","ok",,"ok","true","C1","C1: Below 1.5°C with no or limited overshoot","IMAGE 3.2","SSP1_SPA1_19I_D_LB","27.16385864176151","56.25196544340662","15.400147705491971","9.284916820994297","1016.5337200446303","1.258903894399549","1.531503201707659","0.003731636"
"1056","SSP2021-SSP1-SPA1-19-Default-LowBiomass","IMAGE 3.2","Final Energy|Residential and Commercial","EJ/yr","[object Object]",2065,11.36086352539063,"1.531503201707659","1.258903894399549","2037","1016.5337200446303","337.7367352347641","-197.98677935047763","2049","2087","GW1","Low Demand","ok","high","medium","medium","medium","high","ok","ok","ok","ok",,"ok","true","C1","C1: Below 1.5°C with no or limited overshoot","IMAGE 3.2","SSP1_SPA1_19I_D_LB","27.16385864176151","56.25196544340662","15.400147705491971","9.284916820994297","1016.5337200446303","1.258903894399549","1.531503201707659","0.003731636"
"1056","SSP2021-SSP1-SPA1-19-Default-LowBiomass","IMAGE 3.2","Final Energy|Residential and Commercial","EJ/yr","[object Object]",2070,11.31866693115234,"1.531503201707659","1.258903894399549","2037","1016.5337200446303","337.7367352347641","-197.98677935047763","2049","2087","GW1","Low Demand","ok","high","medium","medium","medium","high","ok","ok","ok","ok",,"ok","true","C1","C1: Below 1.5°C with no or limited overshoot","IMAGE 3.2","SSP1_SPA1_19I_D_LB","27.16385864176151","56.25196544340662","15.400147705491971","9.284916820994297","1016.5337200446303","1.258903894399549","1.531503201707659","0.003731636"
"1056","SSP2021-SSP1-SPA1-19-Default-LowBiomass","IMAGE 3.2","Final Energy|Residential and Commercial","EJ/yr","[object Object]",2075,11.20543084716797,"1.531503201707659","1.258903894399549","2037","1016.5337200446303","337.7367352347641","-197.98677935047763","2049","2087","GW1","Low Demand","ok","high","medium","medium","medium","high","ok","ok","ok","ok",,"ok","true","C1","C1: Below 1.5°C with no or limited overshoot","IMAGE 3.2","SSP1_SPA1_19I_D_LB","27.16385864176151","56.25196544340662","15.400147705491971","9.284916820994297","1016.5337200446303","1.258903894399549","1.531503201707659","0.003731636"
"1056","SSP2021-SSP1-SPA1-19-Default-LowBiomass","IMAGE 3.2","Final Energy|Residential and Commercial","EJ/yr","[object Object]",2080,11.05216088867188,"1.531503201707659","1.258903894399549","2037","1016.5337200446303","337.7367352347641","-197.98677935047763","2049","2087","GW1","Low Demand","ok","high","medium","medium","medium","high","ok","ok","ok","ok",,"ok","true","C1","C1: Below 1.5°C with no or limited overshoot","IMAGE 3.2","SSP1_SPA1_19I_D_LB","27.16385864176151","56.25196544340662","15.400147705491971","9.284916820994297","1016.5337200446303","1.258903894399549","1.531503201707659","0.003731636"
"1056","SSP2021-SSP1-SPA1-19-Default-LowBiomass","IMAGE 3.2","Final Energy|Residential and Commercial","EJ/yr","[object Object]",2085,10.84191064453125,"1.531503201707659","1.258903894399549","2037","1016.5337200446303","337.7367352347641","-197.98677935047763","2049","2087","GW1","Low Demand","ok","high","medium","medium","medium","high","ok","ok","ok","ok",,"ok","true","C1","C1: Below 1.5°C with no or limited overshoot","IMAGE 3.2","SSP1_SPA1_19I_D_LB","27.16385864176151","56.25196544340662","15.400147705491971","9.284916820994297","1016.5337200446303","1.258903894399549","1.531503201707659","0.003731636"
"1056","SSP2021-SSP1-SPA1-19-Default-LowBiomass","IMAGE 3.2","Final Energy|Residential and Commercial","EJ/yr","[object Object]",2090,10.57692639160156,"1.531503201707659","1.258903894399549","2037","1016.5337200446303","337.7367352347641","-197.98677935047763","2049","2087","GW1","Low Demand","ok","high","medium","medium","medium","high","ok","ok","ok","ok",,"ok","true","C1","C1: Below 1.5°C with no or limited overshoot","IMAGE 3.2","SSP1_SPA1_19I_D_LB","27.16385864176151","56.25196544340662","15.400147705491971","9.284916820994297","1016.5337200446303","1.258903894399549","1.531503201707659","0.003731636"
"1056","SSP2021-SSP1-SPA1-19-Default-LowBiomass","IMAGE 3.2","Final Energy|Residential and Commercial","EJ/yr","[object Object]",2095,10.27682629394531,"1.531503201707659","1.258903894399549","2037","1016.5337200446303","337.7367352347641","-197.98677935047763","2049","2087","GW1","Low Demand","ok","high","medium","medium","medium","high","ok","ok","ok","ok",,"ok","true","C1","C1: Below 1.5°C with no or limited overshoot","IMAGE 3.2","SSP1_SPA1_19I_D_LB","27.16385864176151","56.25196544340662","15.400147705491971","9.284916820994297","1016.5337200446303","1.258903894399549","1.531503201707659","0.003731636"
"1056","SSP2021-SSP1-SPA1-19-Default-LowBiomass","IMAGE 3.2","Final Energy|Residential and Commercial","EJ/yr","[object Object]",2100,9.94082293701172,"1.531503201707659","1.258903894399549","2037","1016.5337200446303","337.7367352347641","-197.98677935047763","2049","2087","GW1","Low Demand","ok","high","medium","medium","medium","high","ok","ok","ok","ok",,"ok","true","C1","C1: Below 1.5°C with no or limited overshoot","IMAGE 3.2","SSP1_SPA1_19I_D_LB","27.16385864176151","56.25196544340662","15.400147705491971","9.284916820994297","1016.5337200446303","1.258903894399549","1.531503201707659","0.003731636"
"1057","SSP2021-SSP1-SPA1-19-Lifestyle","IMAGE 3.2","Final Energy|Residential and Commercial","EJ/yr","[object Object]",2010,20.88924313354492,"1.612788421758266","1.239252974122877","2039","1291.04771511822","249.93952976718813","-354.4565200680305","2049","2066","GW1","Low Demand","ok","high","medium","medium","medium","high","medium","medium","medium","medium",,"medium","true","C2","C2: Below 1.5°C with high OS","IMAGE 3.2","SSP1_SPA1_19I_LI","16.92152157141581","55.45115175232536","27.21714302047046","17.504817013973323","1291.04771511822","1.239252974122877","1.612788421758266","0.003868375"
"1057","SSP2021-SSP1-SPA1-19-Lifestyle","IMAGE 3.2","Final Energy|Residential and Commercial","EJ/yr","[object Object]",2015,20.86262731933594,"1.612788421758266","1.239252974122877","2039","1291.04771511822","249.93952976718813","-354.4565200680305","2049","2066","GW1","Low Demand","ok","high","medium","medium","medium","high","medium","medium","medium","medium",,"medium","true","C2","C2: Below 1.5°C with high OS","IMAGE 3.2","SSP1_SPA1_19I_LI","16.92152157141581","55.45115175232536","27.21714302047046","17.504817013973323","1291.04771511822","1.239252974122877","1.612788421758266","0.003868375"
"1057","SSP2021-SSP1-SPA1-19-Lifestyle","IMAGE 3.2","Final Energy|Residential and Commercial","EJ/yr","[object Object]",2020,20.1335446472168,"1.612788421758266","1.239252974122877","2039","1291.04771511822","249.93952976718813","-354.4565200680305","2049","2066","GW1","Low Demand","ok","high","medium","medium","medium","high","medium","medium","medium","medium",,"medium","true","C2","C2: Below 1.5°C with high OS","IMAGE 3.2","SSP1_SPA1_19I_LI","16.92152157141581","55.45115175232536","27.21714302047046","17.504817013973323","1291.04771511822","1.239252974122877","1.612788421758266","0.003868375"
"1057","SSP2021-SSP1-SPA1-19-Lifestyle","IMAGE 3.2","Final Energy|Residential and Commercial","EJ/yr","[object Object]",2025,20.88869769287109,"1.612788421758266","1.239252974122877","2039","1291.04771511822","249.93952976718813","-354.4565200680305","2049","2066","GW1","Low Demand","ok","high","medium","medium","medium","high","medium","medium","medium","medium",,"medium","true","C2","C2: Below 1.5°C with high OS","IMAGE 3.2","SSP1_SPA1_19I_LI","16.92152157141581","55.45115175232536","27.21714302047046","17.504817013973323","1291.04771511822","1.239252974122877","1.612788421758266","0.003868375"
"1057","SSP2021-SSP1-SPA1-19-Lifestyle","IMAGE 3.2","Final Energy|Residential and Commercial","EJ/yr","[object Object]",2030,19.59536206054688,"1.612788421758266","1.239252974122877","2039","1291.04771511822","249.93952976718813","-354.4565200680305","2049","2066","GW1","Low Demand","ok","high","medium","medium","medium","high","medium","medium","medium","medium",,"medium","true","C2","C2: Below 1.5°C with high OS","IMAGE 3.2","SSP1_SPA1_19I_LI","16.92152157141581","55.45115175232536","27.21714302047046","17.504817013973323","1291.04771511822","1.239252974122877","1.612788421758266","0.003868375"
"1057","SSP2021-SSP1-SPA1-19-Lifestyle","IMAGE 3.2","Final Energy|Residential and Commercial","EJ/yr","[object Object]",2035,18.28280340576172,"1.612788421758266","1.239252974122877","2039","1291.04771511822","249.93952976718813","-354.4565200680305","2049","2066","GW1","Low Demand","ok","high","medium","medium","medium","high","medium","medium","medium","medium",,"medium","true","C2","C2: Below 1.5°C with high OS","IMAGE 3.2","SSP1_SPA1_19I_LI","16.92152157141581","55.45115175232536","27.21714302047046","17.504817013973323","1291.04771511822","1.239252974122877","1.612788421758266","0.003868375"
"1057","SSP2021-SSP1-SPA1-19-Lifestyle","IMAGE 3.2","Final Energy|Residential and Commercial","EJ/yr","[object Object]",2040,17.36345635986328,"1.612788421758266","1.239252974122877","2039","1291.04771511822","249.93952976718813","-354.4565200680305","2049","2066","GW1","Low Demand","ok","high","medium","medium","medium","high","medium","medium","medium","medium",,"medium","true","C2","C2: Below 1.5°C with high OS","IMAGE 3.2","SSP1_SPA1_19I_LI","16.92152157141581","55.45115175232536","27.21714302047046","17.504817013973323","1291.04771511822","1.239252974122877","1.612788421758266","0.003868375"
"1057","SSP2021-SSP1-SPA1-19-Lifestyle","IMAGE 3.2","Final Energy|Residential and Commercial","EJ/yr","[object Object]",2045,16.63632989501953,"1.612788421758266","1.239252974122877","2039","1291.04771511822","249.93952976718813","-354.4565200680305","2049","2066","GW1","Low Demand","ok","high","medium","medium","medium","high","medium","medium","medium","medium",,"medium","true","C2","C2: Below 1.5°C with high OS","IMAGE 3.2","SSP1_SPA1_19I_LI","16.92152157141581","55.45115175232536","27.21714302047046","17.504817013973323","1291.04771511822","1.239252974122877","1.612788421758266","0.003868375"
"1057","SSP2021-SSP1-SPA1-19-Lifestyle","IMAGE 3.2","Final Energy|Residential and Commercial","EJ/yr","[object Object]",2050,15.9482671508789,"1.612788421758266","1.239252974122877","2039","1291.04771511822","249.93952976718813","-354.4565200680305","2049","2066","GW1","Low Demand","ok","high","medium","medium","medium","high","medium","medium","medium","medium",,"medium","true","C2","C2: Below 1.5°C with high OS","IMAGE 3.2","SSP1_SPA1_19I_LI","16.92152157141581","55.45115175232536","27.21714302047046","17.504817013973323","1291.04771511822","1.239252974122877","1.612788421758266","0.003868375"
"1057","SSP2021-SSP1-SPA1-19-Lifestyle","IMAGE 3.2","Final Energy|Residential and Commercial","EJ/yr","[object Object]",2055,15.44588244628906,"1.612788421758266","1.239252974122877","2039","1291.04771511822","249.93952976718813","-354.4565200680305","2049","2066","GW1","Low Demand","ok","high","medium","medium","medium","high","medium","medium","medium","medium",,"medium","true","C2","C2: Below 1.5°C with high OS","IMAGE 3.2","SSP1_SPA1_19I_LI","16.92152157141581","55.45115175232536","27.21714302047046","17.504817013973323","1291.04771511822","1.239252974122877","1.612788421758266","0.003868375"
"1057","SSP2021-SSP1-SPA1-19-Lifestyle","IMAGE 3.2","Final Energy|Residential and Commercial","EJ/yr","[object Object]",2060,14.91734344482422,"1.612788421758266","1.239252974122877","2039","1291.04771511822","249.93952976718813","-354.4565200680305","2049","2066","GW1","Low Demand","ok","high","medium","medium","medium","high","medium","medium","medium","medium",,"medium","true","C2","C2: Below 1.5°C with high OS","IMAGE 3.2","SSP1_SPA1_19I_LI","16.92152157141581","55.45115175232536","27.21714302047046","17.504817013973323","1291.04771511822","1.239252974122877","1.612788421758266","0.003868375"
"1057","SSP2021-SSP1-SPA1-19-Lifestyle","IMAGE 3.2","Final Energy|Residential and Commercial","EJ/yr","[object Object]",2065,14.46551397705078,"1.612788421758266","1.239252974122877","2039","1291.04771511822","249.93952976718813","-354.4565200680305","2049","2066","GW1","Low Demand","ok","high","medium","medium","medium","high","medium","medium","medium","medium",,"medium","true","C2","C2: Below 1.5°C with high OS","IMAGE 3.2","SSP1_SPA1_19I_LI","16.92152157141581","55.45115175232536","27.21714302047046","17.504817013973323","1291.04771511822","1.239252974122877","1.612788421758266","0.003868375"
"1057","SSP2021-SSP1-SPA1-19-Lifestyle","IMAGE 3.2","Final Energy|Residential and Commercial","EJ/yr","[object Object]",2070,14.00092895507813,"1.612788421758266","1.239252974122877","2039","1291.04771511822","249.93952976718813","-354.4565200680305","2049","2066","GW1","Low Demand","ok","high","medium","medium","medium","high","medium","medium","medium","medium",,"medium","true","C2","C2: Below 1.5°C with high OS","IMAGE 3.2","SSP1_SPA1_19I_LI","16.92152157141581","55.45115175232536","27.21714302047046","17.504817013973323","1291.04771511822","1.239252974122877","1.612788421758266","0.003868375"
"1057","SSP2021-SSP1-SPA1-19-Lifestyle","IMAGE 3.2","Final Energy|Residential and Commercial","EJ/yr","[object Object]",2075,13.57520068359375,"1.612788421758266","1.239252974122877","2039","1291.04771511822","249.93952976718813","-354.4565200680305","2049","2066","GW1","Low Demand","ok","high","medium","medium","medium","high","medium","medium","medium","medium",,"medium","true","C2","C2: Below 1.5°C with high OS","IMAGE 3.2","SSP1_SPA1_19I_LI","16.92152157141581","55.45115175232536","27.21714302047046","17.504817013973323","1291.04771511822","1.239252974122877","1.612788421758266","0.003868375"
"1057","SSP2021-SSP1-SPA1-19-Lifestyle","IMAGE 3.2","Final Energy|Residential and Commercial","EJ/yr","[object Object]",2080,13.14152056884766,"1.612788421758266","1.239252974122877","2039","1291.04771511822","249.93952976718813","-354.4565200680305","2049","2066","GW1","Low Demand","ok","high","medium","medium","medium","high","medium","medium","medium","medium",,"medium","true","C2","C2: Below 1.5°C with high OS","IMAGE 3.2","SSP1_SPA1_19I_LI","16.92152157141581","55.45115175232536","27.21714302047046","17.504817013973323","1291.04771511822","1.239252974122877","1.612788421758266","0.003868375"
"1057","SSP2021-SSP1-SPA1-19-Lifestyle","IMAGE 3.2","Final Energy|Residential and Commercial","EJ/yr","[object Object]",2085,12.73869171142578,"1.612788421758266","1.239252974122877","2039","1291.04771511822","249.93952976718813","-354.4565200680305","2049","2066","GW1","Low Demand","ok","high","medium","medium","medium","high","medium","medium","medium","medium",,"medium","true","C2","C2: Below 1.5°C with high OS","IMAGE 3.2","SSP1_SPA1_19I_LI","16.92152157141581","55.45115175232536","27.21714302047046","17.504817013973323","1291.04771511822","1.239252974122877","1.612788421758266","0.003868375"
"1057","SSP2021-SSP1-SPA1-19-Lifestyle","IMAGE 3.2","Final Energy|Residential and Commercial","EJ/yr","[object Object]",2090,12.34512292480469,"1.612788421758266","1.239252974122877","2039","1291.04771511822","249.93952976718813","-354.4565200680305","2049","2066","GW1","Low Demand","ok","high","medium","medium","medium","high","medium","medium","medium","medium",,"medium","true","C2","C2: Below 1.5°C with high OS","IMAGE 3.2","SSP1_SPA1_19I_LI","16.92152157141581","55.45115175232536","27.21714302047046","17.504817013973323","1291.04771511822","1.239252974122877","1.612788421758266","0.003868375"
"1057","SSP2021-SSP1-SPA1-19-Lifestyle","IMAGE 3.2","Final Energy|Residential and Commercial","EJ/yr","[object Object]",2095,11.92791748046875,"1.612788421758266","1.239252974122877","2039","1291.04771511822","249.93952976718813","-354.4565200680305","2049","2066","GW1","Low Demand","ok","high","medium","medium","medium","high","medium","medium","medium","medium",,"medium","true","C2","C2: Below 1.5°C with high OS","IMAGE 3.2","SSP1_SPA1_19I_LI","16.92152157141581","55.45115175232536","27.21714302047046","17.504817013973323","1291.04771511822","1.239252974122877","1.612788421758266","0.003868375"
"1057","SSP2021-SSP1-SPA1-19-Lifestyle","IMAGE 3.2","Final Energy|Residential and Commercial","EJ/yr","[object Object]",2100,11.50350152587891,"1.612788421758266","1.239252974122877","2039","1291.04771511822","249.93952976718813","-354.4565200680305","2049","2066","GW1","Low Demand","ok","high","medium","medium","medium","high","medium","medium","medium","medium",,"medium","true","C2","C2: Below 1.5°C with high OS","IMAGE 3.2","SSP1_SPA1_19I_LI","16.92152157141581","55.45115175232536","27.21714302047046","17.504817013973323","1291.04771511822","1.239252974122877","1.612788421758266","0.003868375"
"1059","SSP2021-SSP1-SPA1-19-Lifestyle-Renewables-LowBiomass","IMAGE 3.2","Final Energy|Residential and Commercial","EJ/yr","[object Object]",2010,20.88914358520508,"1.575380455285522","1.196116285362497","2038","1238.1840490449883","171.64942817722553","-292.79079349585567","2043","2050","GW1","Low Demand","failed","high","medium","medium","medium","high","medium","medium","ok","ok",,"medium","true","C1","C1: Below 1.5°C with no or limited overshoot","IMAGE 3.2","SSP1_SPA1_19I_LIRE_LB","24.714557053052072","58.16055748536502","13.912965733476055","17.55649234609902","1238.1840490449883","1.196116285362497","1.575380455285522",
"1059","SSP2021-SSP1-SPA1-19-Lifestyle-Renewables-LowBiomass","IMAGE 3.2","Final Energy|Residential and Commercial","EJ/yr","[object Object]",2015,20.86255926513672,"1.575380455285522","1.196116285362497","2038","1238.1840490449883","171.64942817722553","-292.79079349585567","2043","2050","GW1","Low Demand","failed","high","medium","medium","medium","high","medium","medium","ok","ok",,"medium","true","C1","C1: Below 1.5°C with no or limited overshoot","IMAGE 3.2","SSP1_SPA1_19I_LIRE_LB","24.714557053052072","58.16055748536502","13.912965733476055","17.55649234609902","1238.1840490449883","1.196116285362497","1.575380455285522",
"1059","SSP2021-SSP1-SPA1-19-Lifestyle-Renewables-LowBiomass","IMAGE 3.2","Final Energy|Residential and Commercial","EJ/yr","[object Object]",2020,20.13342758178711,"1.575380455285522","1.196116285362497","2038","1238.1840490449883","171.64942817722553","-292.79079349585567","2043","2050","GW1","Low Demand","failed","high","medium","medium","medium","high","medium","medium","ok","ok",,"medium","true","C1","C1: Below 1.5°C with no or limited overshoot","IMAGE 3.2","SSP1_SPA1_19I_LIRE_LB","24.714557053052072","58.16055748536502","13.912965733476055","17.55649234609902","1238.1840490449883","1.196116285362497","1.575380455285522",
"1059","SSP2021-SSP1-SPA1-19-Lifestyle-Renewables-LowBiomass","IMAGE 3.2","Final Energy|Residential and Commercial","EJ/yr","[object Object]",2025,20.91512176513672,"1.575380455285522","1.196116285362497","2038","1238.1840490449883","171.64942817722553","-292.79079349585567","2043","2050","GW1","Low Demand","failed","high","medium","medium","medium","high","medium","medium","ok","ok",,"medium","true","C1","C1: Below 1.5°C with no or limited overshoot","IMAGE 3.2","SSP1_SPA1_19I_LIRE_LB","24.714557053052072","58.16055748536502","13.912965733476055","17.55649234609902","1238.1840490449883","1.196116285362497","1.575380455285522",
"1059","SSP2021-SSP1-SPA1-19-Lifestyle-Renewables-LowBiomass","IMAGE 3.2","Final Energy|Residential and Commercial","EJ/yr","[object Object]",2030,18.39440435791016,"1.575380455285522","1.196116285362497","2038","1238.1840490449883","171.64942817722553","-292.79079349585567","2043","2050","GW1","Low Demand","failed","high","medium","medium","medium","high","medium","medium","ok","ok",,"medium","true","C1","C1: Below 1.5°C with no or limited overshoot","IMAGE 3.2","SSP1_SPA1_19I_LIRE_LB","24.714557053052072","58.16055748536502","13.912965733476055","17.55649234609902","1238.1840490449883","1.196116285362497","1.575380455285522",
"1059","SSP2021-SSP1-SPA1-19-Lifestyle-Renewables-LowBiomass","IMAGE 3.2","Final Energy|Residential and Commercial","EJ/yr","[object Object]",2035,16.40729754638672,"1.575380455285522","1.196116285362497","2038","1238.1840490449883","171.64942817722553","-292.79079349585567","2043","2050","GW1","Low Demand","failed","high","medium","medium","medium","high","medium","medium","ok","ok",,"medium","true","C1","C1: Below 1.5°C with no or limited overshoot","IMAGE 3.2","SSP1_SPA1_19I_LIRE_LB","24.714557053052072","58.16055748536502","13.912965733476055","17.55649234609902","1238.1840490449883","1.196116285362497","1.575380455285522",
"1059","SSP2021-SSP1-SPA1-19-Lifestyle-Renewables-LowBiomass","IMAGE 3.2","Final Energy|Residential and Commercial","EJ/yr","[object Object]",2040,14.48514617919922,"1.575380455285522","1.196116285362497","2038","1238.1840490449883","171.64942817722553","-292.79079349585567","2043","2050","GW1","Low Demand","failed","high","medium","medium","medium","high","medium","medium","ok","ok",,"medium","true","C1","C1: Below 1.5°C with no or limited overshoot","IMAGE 3.2","SSP1_SPA1_19I_LIRE_LB","24.714557053052072","58.16055748536502","13.912965733476055","17.55649234609902","1238.1840490449883","1.196116285362497","1.575380455285522",
"1059","SSP2021-SSP1-SPA1-19-Lifestyle-Renewables-LowBiomass","IMAGE 3.2","Final Energy|Residential and Commercial","EJ/yr","[object Object]",2045,13.47638140869141,"1.575380455285522","1.196116285362497","2038","1238.1840490449883","171.64942817722553","-292.79079349585567","2043","2050","GW1","Low Demand","failed","high","medium","medium","medium","high","medium","medium","ok","ok",,"medium","true","C1","C1: Below 1.5°C with no or limited overshoot","IMAGE 3.2","SSP1_SPA1_19I_LIRE_LB","24.714557053052072","58.16055748536502","13.912965733476055","17.55649234609902","1238.1840490449883","1.196116285362497","1.575380455285522",
"1059","SSP2021-SSP1-SPA1-19-Lifestyle-Renewables-LowBiomass","IMAGE 3.2","Final Energy|Residential and Commercial","EJ/yr","[object Object]",2050,12.95308959960937,"1.575380455285522","1.196116285362497","2038","1238.1840490449883","171.64942817722553","-292.79079349585567","2043","2050","GW1","Low Demand","failed","high","medium","medium","medium","high","medium","medium","ok","ok",,"medium","true","C1","C1: Below 1.5°C with no or limited overshoot","IMAGE 3.2","SSP1_SPA1_19I_LIRE_LB","24.714557053052072","58.16055748536502","13.912965733476055","17.55649234609902","1238.1840490449883","1.196116285362497","1.575380455285522",
"1059","SSP2021-SSP1-SPA1-19-Lifestyle-Renewables-LowBiomass","IMAGE 3.2","Final Energy|Residential and Commercial","EJ/yr","[object Object]",2055,12.78979028320312,"1.575380455285522","1.196116285362497","2038","1238.1840490449883","171.64942817722553","-292.79079349585567","2043","2050","GW1","Low Demand","failed","high","medium","medium","medium","high","medium","medium","ok","ok",,"medium","true","C1","C1: Below 1.5°C with no or limited overshoot","IMAGE 3.2","SSP1_SPA1_19I_LIRE_LB","24.714557053052072","58.16055748536502","13.912965733476055","17.55649234609902","1238.1840490449883","1.196116285362497","1.575380455285522",
"1059","SSP2021-SSP1-SPA1-19-Lifestyle-Renewables-LowBiomass","IMAGE 3.2","Final Energy|Residential and Commercial","EJ/yr","[object Object]",2060,12.48403820800781,"1.575380455285522","1.196116285362497","2038","1238.1840490449883","171.64942817722553","-292.79079349585567","2043","2050","GW1","Low Demand","failed","high","medium","medium","medium","high","medium","medium","ok","ok",,"medium","true","C1","C1: Below 1.5°C with no or limited overshoot","IMAGE 3.2","SSP1_SPA1_19I_LIRE_LB","24.714557053052072","58.16055748536502","13.912965733476055","17.55649234609902","1238.1840490449883","1.196116285362497","1.575380455285522",
"1059","SSP2021-SSP1-SPA1-19-Lifestyle-Renewables-LowBiomass","IMAGE 3.2","Final Energy|Residential and Commercial","EJ/yr","[object Object]",2065,12.13287103271484,"1.575380455285522","1.196116285362497","2038","1238.1840490449883","171.64942817722553","-292.79079349585567","2043","2050","GW1","Low Demand","failed","high","medium","medium","medium","high","medium","medium","ok","ok",,"medium","true","C1","C1: Below 1.5°C with no or limited overshoot","IMAGE 3.2","SSP1_SPA1_19I_LIRE_LB","24.714557053052072","58.16055748536502","13.912965733476055","17.55649234609902","1238.1840490449883","1.196116285362497","1.575380455285522",
"1059","SSP2021-SSP1-SPA1-19-Lifestyle-Renewables-LowBiomass","IMAGE 3.2","Final Energy|Residential and Commercial","EJ/yr","[object Object]",2070,11.96133123779297,"1.575380455285522","1.196116285362497","2038","1238.1840490449883","171.64942817722553","-292.79079349585567","2043","2050","GW1","Low Demand","failed","high","medium","medium","medium","high","medium","medium","ok","ok",,"medium","true","C1","C1: Below 1.5°C with no or limited overshoot","IMAGE 3.2","SSP1_SPA1_19I_LIRE_LB","24.714557053052072","58.16055748536502","13.912965733476055","17.55649234609902","1238.1840490449883","1.196116285362497","1.575380455285522",
"1059","SSP2021-SSP1-SPA1-19-Lifestyle-Renewables-LowBiomass","IMAGE 3.2","Final Energy|Residential and Commercial","EJ/yr","[object Object]",2075,11.93503149414063,"1.575380455285522","1.196116285362497","2038","1238.1840490449883","171.64942817722553","-292.79079349585567","2043","2050","GW1","Low Demand","failed","high","medium","medium","medium","high","medium","medium","ok","ok",,"medium","true","C1","C1: Below 1.5°C with no or limited overshoot","IMAGE 3.2","SSP1_SPA1_19I_LIRE_LB","24.714557053052072","58.16055748536502","13.912965733476055","17.55649234609902","1238.1840490449883","1.196116285362497","1.575380455285522",
"1059","SSP2021-SSP1-SPA1-19-Lifestyle-Renewables-LowBiomass","IMAGE 3.2","Final Energy|Residential and Commercial","EJ/yr","[object Object]",2080,11.83606896972656,"1.575380455285522","1.196116285362497","2038","1238.1840490449883","171.64942817722553","-292.79079349585567","2043","2050","GW1","Low Demand","failed","high","medium","medium","medium","high","medium","medium","ok","ok",,"medium","true","C1","C1: Below 1.5°C with no or limited overshoot","IMAGE 3.2","SSP1_SPA1_19I_LIRE_LB","24.714557053052072","58.16055748536502","13.912965733476055","17.55649234609902","1238.1840490449883","1.196116285362497","1.575380455285522",
"1059","SSP2021-SSP1-SPA1-19-Lifestyle-Renewables-LowBiomass","IMAGE 3.2","Final Energy|Residential and Commercial","EJ/yr","[object Object]",2085,11.74842083740234,"1.575380455285522","1.196116285362497","2038","1238.1840490449883","171.64942817722553","-292.79079349585567","2043","2050","GW1","Low Demand","failed","high","medium","medium","medium","high","medium","medium","ok","ok",,"medium","true","C1","C1: Below 1.5°C with no or limited overshoot","IMAGE 3.2","SSP1_SPA1_19I_LIRE_LB","24.714557053052072","58.16055748536502","13.912965733476055","17.55649234609902","1238.1840490449883","1.196116285362497","1.575380455285522",
"1059","SSP2021-SSP1-SPA1-19-Lifestyle-Renewables-LowBiomass","IMAGE 3.2","Final Energy|Residential and Commercial","EJ/yr","[object Object]",2090,11.55586199951172,"1.575380455285522","1.196116285362497","2038","1238.1840490449883","171.64942817722553","-292.79079349585567","2043","2050","GW1","Low Demand","failed","high","medium","medium","medium","high","medium","medium","ok","ok",,"medium","true","C1","C1: Below 1.5°C with no or limited overshoot","IMAGE 3.2","SSP1_SPA1_19I_LIRE_LB","24.714557053052072","58.16055748536502","13.912965733476055","17.55649234609902","1238.1840490449883","1.196116285362497","1.575380455285522",
"1059","SSP2021-SSP1-SPA1-19-Lifestyle-Renewables-LowBiomass","IMAGE 3.2","Final Energy|Residential and Commercial","EJ/yr","[object Object]",2095,11.17288092041016,"1.575380455285522","1.196116285362497","2038","1238.1840490449883","171.64942817722553","-292.79079349585567","2043","2050","GW1","Low Demand","failed","high","medium","medium","medium","high","medium","medium","ok","ok",,"medium","true","C1","C1: Below 1.5°C with no or limited overshoot","IMAGE 3.2","SSP1_SPA1_19I_LIRE_LB","24.714557053052072","58.16055748536502","13.912965733476055","17.55649234609902","1238.1840490449883","1.196116285362497","1.575380455285522",
"1059","SSP2021-SSP1-SPA1-19-Lifestyle-Renewables-LowBiomass","IMAGE 3.2","Final Energy|Residential and Commercial","EJ/yr","[object Object]",2100,10.89397332763672,"1.575380455285522","1.196116285362497","2038","1238.1840490449883","171.64942817722553","-292.79079349585567","2043","2050","GW1","Low Demand","failed","high","medium","medium","medium","high","medium","medium","ok","ok",,"medium","true","C1","C1: Below 1.5°C with no or limited overshoot","IMAGE 3.2","SSP1_SPA1_19I_LIRE_LB","24.714557053052072","58.16055748536502","13.912965733476055","17.55649234609902","1238.1840490449883","1.196116285362497","1.575380455285522",
"1061","SSP2021-SSP1-SPA1-19-Renewables-LowBiomass","IMAGE 3.2","Final Energy|Residential and Commercial","EJ/yr","[object Object]",2010,20.88912997436524,"1.591414687751369","1.273577191327036","2039","1137.3977966228326","264.67493904994024","-263.3663267085127","2048","2077","GW1","Low Demand","ok","high","medium","medium","medium","high","ok","ok","ok","ok",,"ok","true","C1","C1: Below 1.5°C with no or limited overshoot","IMAGE 3.2","SSP1_SPA1_19I_RE_LB","23.518556097736067","64.35217263682918","11.828320704512546","9.339595369350292","1137.3977966228326","1.273577191327036","1.591414687751369","0.003784716"
"1061","SSP2021-SSP1-SPA1-19-Renewables-LowBiomass","IMAGE 3.2","Final Energy|Residential and Commercial","EJ/yr","[object Object]",2015,20.86250134277344,"1.591414687751369","1.273577191327036","2039","1137.3977966228326","264.67493904994024","-263.3663267085127","2048","2077","GW1","Low Demand","ok","high","medium","medium","medium","high","ok","ok","ok","ok",,"ok","true","C1","C1: Below 1.5°C with no or limited overshoot","IMAGE 3.2","SSP1_SPA1_19I_RE_LB","23.518556097736067","64.35217263682918","11.828320704512546","9.339595369350292","1137.3977966228326","1.273577191327036","1.591414687751369","0.003784716"
"1061","SSP2021-SSP1-SPA1-19-Renewables-LowBiomass","IMAGE 3.2","Final Energy|Residential and Commercial","EJ/yr","[object Object]",2020,20.13344351196289,"1.591414687751369","1.273577191327036","2039","1137.3977966228326","264.67493904994024","-263.3663267085127","2048","2077","GW1","Low Demand","ok","high","medium","medium","medium","high","ok","ok","ok","ok",,"ok","true","C1","C1: Below 1.5°C with no or limited overshoot","IMAGE 3.2","SSP1_SPA1_19I_RE_LB","23.518556097736067","64.35217263682918","11.828320704512546","9.339595369350292","1137.3977966228326","1.273577191327036","1.591414687751369","0.003784716"
"1061","SSP2021-SSP1-SPA1-19-Renewables-LowBiomass","IMAGE 3.2","Final Energy|Residential and Commercial","EJ/yr","[object Object]",2025,20.98314910888672,"1.591414687751369","1.273577191327036","2039","1137.3977966228326","264.67493904994024","-263.3663267085127","2048","2077","GW1","Low Demand","ok","high","medium","medium","medium","high","ok","ok","ok","ok",,"ok","true","C1","C1: Below 1.5°C with no or limited overshoot","IMAGE 3.2","SSP1_SPA1_19I_RE_LB","23.518556097736067","64.35217263682918","11.828320704512546","9.339595369350292","1137.3977966228326","1.273577191327036","1.591414687751369","0.003784716"
"1061","SSP2021-SSP1-SPA1-19-Renewables-LowBiomass","IMAGE 3.2","Final Energy|Residential and Commercial","EJ/yr","[object Object]",2030,18.59334118652344,"1.591414687751369","1.273577191327036","2039","1137.3977966228326","264.67493904994024","-263.3663267085127","2048","2077","GW1","Low Demand","ok","high","medium","medium","medium","high","ok","ok","ok","ok",,"ok","true","C1","C1: Below 1.5°C with no or limited overshoot","IMAGE 3.2","SSP1_SPA1_19I_RE_LB","23.518556097736067","64.35217263682918","11.828320704512546","9.339595369350292","1137.3977966228326","1.273577191327036","1.591414687751369","0.003784716"
"1061","SSP2021-SSP1-SPA1-19-Renewables-LowBiomass","IMAGE 3.2","Final Energy|Residential and Commercial","EJ/yr","[object Object]",2035,16.92115057373047,"1.591414687751369","1.273577191327036","2039","1137.3977966228326","264.67493904994024","-263.3663267085127","2048","2077","GW1","Low Demand","ok","high","medium","medium","medium","high","ok","ok","ok","ok",,"ok","true","C1","C1: Below 1.5°C with no or limited overshoot","IMAGE 3.2","SSP1_SPA1_19I_RE_LB","23.518556097736067","64.35217263682918","11.828320704512546","9.339595369350292","1137.3977966228326","1.273577191327036","1.591414687751369","0.003784716"
"1061","SSP2021-SSP1-SPA1-19-Renewables-LowBiomass","IMAGE 3.2","Final Energy|Residential and Commercial","EJ/yr","[object Object]",2040,15.46096575927734,"1.591414687751369","1.273577191327036","2039","1137.3977966228326","264.67493904994024","-263.3663267085127","2048","2077","GW1","Low Demand","ok","high","medium","medium","medium","high","ok","ok","ok","ok",,"ok","true","C1","C1: Below 1.5°C with no or limited overshoot","IMAGE 3.2","SSP1_SPA1_19I_RE_LB","23.518556097736067","64.35217263682918","11.828320704512546","9.339595369350292","1137.3977966228326","1.273577191327036","1.591414687751369","0.003784716"
"1061","SSP2021-SSP1-SPA1-19-Renewables-LowBiomass","IMAGE 3.2","Final Energy|Residential and Commercial","EJ/yr","[object Object]",2045,14.57690783691406,"1.591414687751369","1.273577191327036","2039","1137.3977966228326","264.67493904994024","-263.3663267085127","2048","2077","GW1","Low Demand","ok","high","medium","medium","medium","high","ok","ok","ok","ok",,"ok","true","C1","C1: Below 1.5°C with no or limited overshoot","IMAGE 3.2","SSP1_SPA1_19I_RE_LB","23.518556097736067","64.35217263682918","11.828320704512546","9.339595369350292","1137.3977966228326","1.273577191327036","1.591414687751369","0.003784716"
"1061","SSP2021-SSP1-SPA1-19-Renewables-LowBiomass","IMAGE 3.2","Final Energy|Residential and Commercial","EJ/yr","[object Object]",2050,14.08113531494141,"1.591414687751369","1.273577191327036","2039","1137.3977966228326","264.67493904994024","-263.3663267085127","2048","2077","GW1","Low Demand","ok","high","medium","medium","medium","high","ok","ok","ok","ok",,"ok","true","C1","C1: Below 1.5°C with no or limited overshoot","IMAGE 3.2","SSP1_SPA1_19I_RE_LB","23.518556097736067","64.35217263682918","11.828320704512546","9.339595369350292","1137.3977966228326","1.273577191327036","1.591414687751369","0.003784716"
"1061","SSP2021-SSP1-SPA1-19-Renewables-LowBiomass","IMAGE 3.2","Final Energy|Residential and Commercial","EJ/yr","[object Object]",2055,13.78529138183594,"1.591414687751369","1.273577191327036","2039","1137.3977966228326","264.67493904994024","-263.3663267085127","2048","2077","GW1","Low Demand","ok","high","medium","medium","medium","high","ok","ok","ok","ok",,"ok","true","C1","C1: Below 1.5°C with no or limited overshoot","IMAGE 3.2","SSP1_SPA1_19I_RE_LB","23.518556097736067","64.35217263682918","11.828320704512546","9.339595369350292","1137.3977966228326","1.273577191327036","1.591414687751369","0.003784716"
"1061","SSP2021-SSP1-SPA1-19-Renewables-LowBiomass","IMAGE 3.2","Final Energy|Residential and Commercial","EJ/yr","[object Object]",2060,13.40093548583984,"1.591414687751369","1.273577191327036","2039","1137.3977966228326","264.67493904994024","-263.3663267085127","2048","2077","GW1","Low Demand","ok","high","medium","medium","medium","high","ok","ok","ok","ok",,"ok","true","C1","C1: Below 1.5°C with no or limited overshoot","IMAGE 3.2","SSP1_SPA1_19I_RE_LB","23.518556097736067","64.35217263682918","11.828320704512546","9.339595369350292","1137.3977966228326","1.273577191327036","1.591414687751369","0.003784716"
"1061","SSP2021-SSP1-SPA1-19-Renewables-LowBiomass","IMAGE 3.2","Final Energy|Residential and Commercial","EJ/yr","[object Object]",2065,13.01894482421875,"1.591414687751369","1.273577191327036","2039","1137.3977966228326","264.67493904994024","-263.3663267085127","2048","2077","GW1","Low Demand","ok","high","medium","medium","medium","high","ok","ok","ok","ok",,"ok","true","C1","C1: Below 1.5°C with no or limited overshoot","IMAGE 3.2","SSP1_SPA1_19I_RE_LB","23.518556097736067","64.35217263682918","11.828320704512546","9.339595369350292","1137.3977966228326","1.273577191327036","1.591414687751369","0.003784716"
"1061","SSP2021-SSP1-SPA1-19-Renewables-LowBiomass","IMAGE 3.2","Final Energy|Residential and Commercial","EJ/yr","[object Object]",2070,12.78800659179688,"1.591414687751369","1.273577191327036","2039","1137.3977966228326","264.67493904994024","-263.3663267085127","2048","2077","GW1","Low Demand","ok","high","medium","medium","medium","high","ok","ok","ok","ok",,"ok","true","C1","C1: Below 1.5°C with no or limited overshoot","IMAGE 3.2","SSP1_SPA1_19I_RE_LB","23.518556097736067","64.35217263682918","11.828320704512546","9.339595369350292","1137.3977966228326","1.273577191327036","1.591414687751369","0.003784716"
"1061","SSP2021-SSP1-SPA1-19-Renewables-LowBiomass","IMAGE 3.2","Final Energy|Residential and Commercial","EJ/yr","[object Object]",2075,12.64792486572266,"1.591414687751369","1.273577191327036","2039","1137.3977966228326","264.67493904994024","-263.3663267085127","2048","2077","GW1","Low Demand","ok","high","medium","medium","medium","high","ok","ok","ok","ok",,"ok","true","C1","C1: Below 1.5°C with no or limited overshoot","IMAGE 3.2","SSP1_SPA1_19I_RE_LB","23.518556097736067","64.35217263682918","11.828320704512546","9.339595369350292","1137.3977966228326","1.273577191327036","1.591414687751369","0.003784716"
"1061","SSP2021-SSP1-SPA1-19-Renewables-LowBiomass","IMAGE 3.2","Final Energy|Residential and Commercial","EJ/yr","[object Object]",2080,12.45506024169922,"1.591414687751369","1.273577191327036","2039","1137.3977966228326","264.67493904994024","-263.3663267085127","2048","2077","GW1","Low Demand","ok","high","medium","medium","medium","high","ok","ok","ok","ok",,"ok","true","C1","C1: Below 1.5°C with no or limited overshoot","IMAGE 3.2","SSP1_SPA1_19I_RE_LB","23.518556097736067","64.35217263682918","11.828320704512546","9.339595369350292","1137.3977966228326","1.273577191327036","1.591414687751369","0.003784716"
"1061","SSP2021-SSP1-SPA1-19-Renewables-LowBiomass","IMAGE 3.2","Final Energy|Residential and Commercial","EJ/yr","[object Object]",2085,12.17804534912109,"1.591414687751369","1.273577191327036","2039","1137.3977966228326","264.67493904994024","-263.3663267085127","2048","2077","GW1","Low Demand","ok","high","medium","medium","medium","high","ok","ok","ok","ok",,"ok","true","C1","C1: Below 1.5°C with no or limited overshoot","IMAGE 3.2","SSP1_SPA1_19I_RE_LB","23.518556097736067","64.35217263682918","11.828320704512546","9.339595369350292","1137.3977966228326","1.273577191327036","1.591414687751369","0.003784716"
"1061","SSP2021-SSP1-SPA1-19-Renewables-LowBiomass","IMAGE 3.2","Final Energy|Residential and Commercial","EJ/yr","[object Object]",2090,11.78530883789062,"1.591414687751369","1.273577191327036","2039","1137.3977966228326","264.67493904994024","-263.3663267085127","2048","2077","GW1","Low Demand","ok","high","medium","medium","medium","high","ok","ok","ok","ok",,"ok","true","C1","C1: Below 1.5°C with no or limited overshoot","IMAGE 3.2","SSP1_SPA1_19I_RE_LB","23.518556097736067","64.35217263682918","11.828320704512546","9.339595369350292","1137.3977966228326","1.273577191327036","1.591414687751369","0.003784716"
"1061","SSP2021-SSP1-SPA1-19-Renewables-LowBiomass","IMAGE 3.2","Final Energy|Residential and Commercial","EJ/yr","[object Object]",2095,11.45340423583984,"1.591414687751369","1.273577191327036","2039","1137.3977966228326","264.67493904994024","-263.3663267085127","2048","2077","GW1","Low Demand","ok","high","medium","medium","medium","high","ok","ok","ok","ok",,"ok","true","C1","C1: Below 1.5°C with no or limited overshoot","IMAGE 3.2","SSP1_SPA1_19I_RE_LB","23.518556097736067","64.35217263682918","11.828320704512546","9.339595369350292","1137.3977966228326","1.273577191327036","1.591414687751369","0.003784716"
"1061","SSP2021-SSP1-SPA1-19-Renewables-LowBiomass","IMAGE 3.2","Final Energy|Residential and Commercial","EJ/yr","[object Object]",2100,11.21166290283203,"1.591414687751369","1.273577191327036","2039","1137.3977966228326","264.67493904994024","-263.3663267085127","2048","2077","GW1","Low Demand","ok","high","medium","medium","medium","high","ok","ok","ok","ok",,"ok","true","C1","C1: Below 1.5°C with no or limited overshoot","IMAGE 3.2","SSP1_SPA1_19I_RE_LB","23.518556097736067","64.35217263682918","11.828320704512546","9.339595369350292","1137.3977966228326","1.273577191327036","1.591414687751369","0.003784716"
"1072","SSP2021-SSP2-SPA1-19-Default-LowBiomass","IMAGE 3.2","Final Energy|Residential and Commercial","EJ/yr","[object Object]",2010,20.88919912719727,"1.554398710366775","1.373990815695327","2038","1531.3420514941422","494.2004537001703","-116.25026654219458","2055",,"GW1","Carbon Capture and Storage","ok","high","medium","medium","medium","high","medium","high","medium","high",,"medium","true","C1","C1: Below 1.5°C with no or limited overshoot","IMAGE 3.2","SSP2_SPA1_19I_D_LB","14.476025829267577","59.97521745821458","17.574030959349702","6.741959770425495","1531.3420514941422","1.373990815695327","1.554398710366775","0.003434504"
"1072","SSP2021-SSP2-SPA1-19-Default-LowBiomass","IMAGE 3.2","Final Energy|Residential and Commercial","EJ/yr","[object Object]",2015,20.86255050659179,"1.554398710366775","1.373990815695327","2038","1531.3420514941422","494.2004537001703","-116.25026654219458","2055",,"GW1","Carbon Capture and Storage","ok","high","medium","medium","medium","high","medium","high","medium","high",,"medium","true","C1","C1: Below 1.5°C with no or limited overshoot","IMAGE 3.2","SSP2_SPA1_19I_D_LB","14.476025829267577","59.97521745821458","17.574030959349702","6.741959770425495","1531.3420514941422","1.373990815695327","1.554398710366775","0.003434504"
"1072","SSP2021-SSP2-SPA1-19-Default-LowBiomass","IMAGE 3.2","Final Energy|Residential and Commercial","EJ/yr","[object Object]",2020,20.13351251220703,"1.554398710366775","1.373990815695327","2038","1531.3420514941422","494.2004537001703","-116.25026654219458","2055",,"GW1","Carbon Capture and Storage","ok","high","medium","medium","medium","high","medium","high","medium","high",,"medium","true","C1","C1: Below 1.5°C with no or limited overshoot","IMAGE 3.2","SSP2_SPA1_19I_D_LB","14.476025829267577","59.97521745821458","17.574030959349702","6.741959770425495","1531.3420514941422","1.373990815695327","1.554398710366775","0.003434504"
"1072","SSP2021-SSP2-SPA1-19-Default-LowBiomass","IMAGE 3.2","Final Energy|Residential and Commercial","EJ/yr","[object Object]",2025,20.84497943115234,"1.554398710366775","1.373990815695327","2038","1531.3420514941422","494.2004537001703","-116.25026654219458","2055",,"GW1","Carbon Capture and Storage","ok","high","medium","medium","medium","high","medium","high","medium","high",,"medium","true","C1","C1: Below 1.5°C with no or limited overshoot","IMAGE 3.2","SSP2_SPA1_19I_D_LB","14.476025829267577","59.97521745821458","17.574030959349702","6.741959770425495","1531.3420514941422","1.373990815695327","1.554398710366775","0.003434504"
"1072","SSP2021-SSP2-SPA1-19-Default-LowBiomass","IMAGE 3.2","Final Energy|Residential and Commercial","EJ/yr","[object Object]",2030,19.00926873779297,"1.554398710366775","1.373990815695327","2038","1531.3420514941422","494.2004537001703","-116.25026654219458","2055",,"GW1","Carbon Capture and Storage","ok","high","medium","medium","medium","high","medium","high","medium","high",,"medium","true","C1","C1: Below 1.5°C with no or limited overshoot","IMAGE 3.2","SSP2_SPA1_19I_D_LB","14.476025829267577","59.97521745821458","17.574030959349702","6.741959770425495","1531.3420514941422","1.373990815695327","1.554398710366775","0.003434504"
"1072","SSP2021-SSP2-SPA1-19-Default-LowBiomass","IMAGE 3.2","Final Energy|Residential and Commercial","EJ/yr","[object Object]",2035,16.68519842529297,"1.554398710366775","1.373990815695327","2038","1531.3420514941422","494.2004537001703","-116.25026654219458","2055",,"GW1","Carbon Capture and Storage","ok","high","medium","medium","medium","high","medium","high","medium","high",,"medium","true","C1","C1: Below 1.5°C with no or limited overshoot","IMAGE 3.2","SSP2_SPA1_19I_D_LB","14.476025829267577","59.97521745821458","17.574030959349702","6.741959770425495","1531.3420514941422","1.373990815695327","1.554398710366775","0.003434504"
"1072","SSP2021-SSP2-SPA1-19-Default-LowBiomass","IMAGE 3.2","Final Energy|Residential and Commercial","EJ/yr","[object Object]",2040,14.2420668334961,"1.554398710366775","1.373990815695327","2038","1531.3420514941422","494.2004537001703","-116.25026654219458","2055",,"GW1","Carbon Capture and Storage","ok","high","medium","medium","medium","high","medium","high","medium","high",,"medium","true","C1","C1: Below 1.5°C with no or limited overshoot","IMAGE 3.2","SSP2_SPA1_19I_D_LB","14.476025829267577","59.97521745821458","17.574030959349702","6.741959770425495","1531.3420514941422","1.373990815695327","1.554398710366775","0.003434504"
"1072","SSP2021-SSP2-SPA1-19-Default-LowBiomass","IMAGE 3.2","Final Energy|Residential and Commercial","EJ/yr","[object Object]",2045,13.0736328125,"1.554398710366775","1.373990815695327","2038","1531.3420514941422","494.2004537001703","-116.25026654219458","2055",,"GW1","Carbon Capture and Storage","ok","high","medium","medium","medium","high","medium","high","medium","high",,"medium","true","C1","C1: Below 1.5°C with no or limited overshoot","IMAGE 3.2","SSP2_SPA1_19I_D_LB","14.476025829267577","59.97521745821458","17.574030959349702","6.741959770425495","1531.3420514941422","1.373990815695327","1.554398710366775","0.003434504"
"1072","SSP2021-SSP2-SPA1-19-Default-LowBiomass","IMAGE 3.2","Final Energy|Residential and Commercial","EJ/yr","[object Object]",2050,12.55503820800781,"1.554398710366775","1.373990815695327","2038","1531.3420514941422","494.2004537001703","-116.25026654219458","2055",,"GW1","Carbon Capture and Storage","ok","high","medium","medium","medium","high","medium","high","medium","high",,"medium","true","C1","C1: Below 1.5°C with no or limited overshoot","IMAGE 3.2","SSP2_SPA1_19I_D_LB","14.476025829267577","59.97521745821458","17.574030959349702","6.741959770425495","1531.3420514941422","1.373990815695327","1.554398710366775","0.003434504"
"1072","SSP2021-SSP2-SPA1-19-Default-LowBiomass","IMAGE 3.2","Final Energy|Residential and Commercial","EJ/yr","[object Object]",2055,12.31995281982422,"1.554398710366775","1.373990815695327","2038","1531.3420514941422","494.2004537001703","-116.25026654219458","2055",,"GW1","Carbon Capture and Storage","ok","high","medium","medium","medium","high","medium","high","medium","high",,"medium","true","C1","C1: Below 1.5°C with no or limited overshoot","IMAGE 3.2","SSP2_SPA1_19I_D_LB","14.476025829267577","59.97521745821458","17.574030959349702","6.741959770425495","1531.3420514941422","1.373990815695327","1.554398710366775","0.003434504"
"1072","SSP2021-SSP2-SPA1-19-Default-LowBiomass","IMAGE 3.2","Final Energy|Residential and Commercial","EJ/yr","[object Object]",2060,12.0642099609375,"1.554398710366775","1.373990815695327","2038","1531.3420514941422","494.2004537001703","-116.25026654219458","2055",,"GW1","Carbon Capture and Storage","ok","high","medium","medium","medium","high","medium","high","medium","high",,"medium","true","C1","C1: Below 1.5°C with no or limited overshoot","IMAGE 3.2","SSP2_SPA1_19I_D_LB","14.476025829267577","59.97521745821458","17.574030959349702","6.741959770425495","1531.3420514941422","1.373990815695327","1.554398710366775","0.003434504"
"1072","SSP2021-SSP2-SPA1-19-Default-LowBiomass","IMAGE 3.2","Final Energy|Residential and Commercial","EJ/yr","[object Object]",2065,11.95607092285156,"1.554398710366775","1.373990815695327","2038","1531.3420514941422","494.2004537001703","-116.25026654219458","2055",,"GW1","Carbon Capture and Storage","ok","high","medium","medium","medium","high","medium","high","medium","high",,"medium","true","C1","C1: Below 1.5°C with no or limited overshoot","IMAGE 3.2","SSP2_SPA1_19I_D_LB","14.476025829267577","59.97521745821458","17.574030959349702","6.741959770425495","1531.3420514941422","1.373990815695327","1.554398710366775","0.003434504"
"1072","SSP2021-SSP2-SPA1-19-Default-LowBiomass","IMAGE 3.2","Final Energy|Residential and Commercial","EJ/yr","[object Object]",2070,12.01439086914062,"1.554398710366775","1.373990815695327","2038","1531.3420514941422","494.2004537001703","-116.25026654219458","2055",,"GW1","Carbon Capture and Storage","ok","high","medium","medium","medium","high","medium","high","medium","high",,"medium","true","C1","C1: Below 1.5°C with no or limited overshoot","IMAGE 3.2","SSP2_SPA1_19I_D_LB","14.476025829267577","59.97521745821458","17.574030959349702","6.741959770425495","1531.3420514941422","1.373990815695327","1.554398710366775","0.003434504"
"1072","SSP2021-SSP2-SPA1-19-Default-LowBiomass","IMAGE 3.2","Final Energy|Residential and Commercial","EJ/yr","[object Object]",2075,12.01982611083984,"1.554398710366775","1.373990815695327","2038","1531.3420514941422","494.2004537001703","-116.25026654219458","2055",,"GW1","Carbon Capture and Storage","ok","high","medium","medium","medium","high","medium","high","medium","high",,"medium","true","C1","C1: Below 1.5°C with no or limited overshoot","IMAGE 3.2","SSP2_SPA1_19I_D_LB","14.476025829267577","59.97521745821458","17.574030959349702","6.741959770425495","1531.3420514941422","1.373990815695327","1.554398710366775","0.003434504"
"1072","SSP2021-SSP2-SPA1-19-Default-LowBiomass","IMAGE 3.2","Final Energy|Residential and Commercial","EJ/yr","[object Object]",2080,11.91233251953125,"1.554398710366775","1.373990815695327","2038","1531.3420514941422","494.2004537001703","-116.25026654219458","2055",,"GW1","Carbon Capture and Storage","ok","high","medium","medium","medium","high","medium","high","medium","high",,"medium","true","C1","C1: Below 1.5°C with no or limited overshoot","IMAGE 3.2","SSP2_SPA1_19I_D_LB","14.476025829267577","59.97521745821458","17.574030959349702","6.741959770425495","1531.3420514941422","1.373990815695327","1.554398710366775","0.003434504"
"1072","SSP2021-SSP2-SPA1-19-Default-LowBiomass","IMAGE 3.2","Final Energy|Residential and Commercial","EJ/yr","[object Object]",2085,11.83623962402344,"1.554398710366775","1.373990815695327","2038","1531.3420514941422","494.2004537001703","-116.25026654219458","2055",,"GW1","Carbon Capture and Storage","ok","high","medium","medium","medium","high","medium","high","medium","high",,"medium","true","C1","C1: Below 1.5°C with no or limited overshoot","IMAGE 3.2","SSP2_SPA1_19I_D_LB","14.476025829267577","59.97521745821458","17.574030959349702","6.741959770425495","1531.3420514941422","1.373990815695327","1.554398710366775","0.003434504"
"1072","SSP2021-SSP2-SPA1-19-Default-LowBiomass","IMAGE 3.2","Final Energy|Residential and Commercial","EJ/yr","[object Object]",2090,11.71175872802734,"1.554398710366775","1.373990815695327","2038","1531.3420514941422","494.2004537001703","-116.25026654219458","2055",,"GW1","Carbon Capture and Storage","ok","high","medium","medium","medium","high","medium","high","medium","high",,"medium","true","C1","C1: Below 1.5°C with no or limited overshoot","IMAGE 3.2","SSP2_SPA1_19I_D_LB","14.476025829267577","59.97521745821458","17.574030959349702","6.741959770425495","1531.3420514941422","1.373990815695327","1.554398710366775","0.003434504"
"1072","SSP2021-SSP2-SPA1-19-Default-LowBiomass","IMAGE 3.2","Final Energy|Residential and Commercial","EJ/yr","[object Object]",2095,11.60058282470703,"1.554398710366775","1.373990815695327","2038","1531.3420514941422","494.2004537001703","-116.25026654219458","2055",,"GW1","Carbon Capture and Storage","ok","high","medium","medium","medium","high","medium","high","medium","high",,"medium","true","C1","C1: Below 1.5°C with no or limited overshoot","IMAGE 3.2","SSP2_SPA1_19I_D_LB","14.476025829267577","59.97521745821458","17.574030959349702","6.741959770425495","1531.3420514941422","1.373990815695327","1.554398710366775","0.003434504"
"1072","SSP2021-SSP2-SPA1-19-Default-LowBiomass","IMAGE 3.2","Final Energy|Residential and Commercial","EJ/yr","[object Object]",2100,11.43670501708984,"1.554398710366775","1.373990815695327","2038","1531.3420514941422","494.2004537001703","-116.25026654219458","2055",,"GW1","Carbon Capture and Storage","ok","high","medium","medium","medium","high","medium","high","medium","high",,"medium","true","C1","C1: Below 1.5°C with no or limited overshoot","IMAGE 3.2","SSP2_SPA1_19I_D_LB","14.476025829267577","59.97521745821458","17.574030959349702","6.741959770425495","1531.3420514941422","1.373990815695327","1.554398710366775","0.003434504"
"1073","SSP2021-SSP2-SPA1-19-Lifestyle-Renewables-LowBiomass","IMAGE 3.2","Final Energy|Residential and Commercial","EJ/yr","[object Object]",2010,20.88914358520508,"1.571308580789807","1.316364771520656","2038","1235.7975712623102","363.77331338247626","-134.88112242030226","2047",,"GW1","Low Demand","failed","high","medium","medium","medium","high","ok","medium","ok","ok",,"medium","true","C1","C1: Below 1.5°C with no or limited overshoot","IMAGE 3.2","SSP2_SPA1_19I_LIRE_LB","24.48652600012468","58.1746408837478","13.944572792393888","12.390721743239581","1235.7975712623102","1.316364771520656","1.571308580789807",
"1073","SSP2021-SSP2-SPA1-19-Lifestyle-Renewables-LowBiomass","IMAGE 3.2","Final Energy|Residential and Commercial","EJ/yr","[object Object]",2015,20.86255926513672,"1.571308580789807","1.316364771520656","2038","1235.7975712623102","363.77331338247626","-134.88112242030226","2047",,"GW1","Low Demand","failed","high","medium","medium","medium","high","ok","medium","ok","ok",,"medium","true","C1","C1: Below 1.5°C with no or limited overshoot","IMAGE 3.2","SSP2_SPA1_19I_LIRE_LB","24.48652600012468","58.1746408837478","13.944572792393888","12.390721743239581","1235.7975712623102","1.316364771520656","1.571308580789807",
"1073","SSP2021-SSP2-SPA1-19-Lifestyle-Renewables-LowBiomass","IMAGE 3.2","Final Energy|Residential and Commercial","EJ/yr","[object Object]",2020,20.13342758178711,"1.571308580789807","1.316364771520656","2038","1235.7975712623102","363.77331338247626","-134.88112242030226","2047",,"GW1","Low Demand","failed","high","medium","medium","medium","high","ok","medium","ok","ok",,"medium","true","C1","C1: Below 1.5°C with no or limited overshoot","IMAGE 3.2","SSP2_SPA1_19I_LIRE_LB","24.48652600012468","58.1746408837478","13.944572792393888","12.390721743239581","1235.7975712623102","1.316364771520656","1.571308580789807",
"1073","SSP2021-SSP2-SPA1-19-Lifestyle-Renewables-LowBiomass","IMAGE 3.2","Final Energy|Residential and Commercial","EJ/yr","[object Object]",2025,20.94779443359375,"1.571308580789807","1.316364771520656","2038","1235.7975712623102","363.77331338247626","-134.88112242030226","2047",,"GW1","Low Demand","failed","high","medium","medium","medium","high","ok","medium","ok","ok",,"medium","true","C1","C1: Below 1.5°C with no or limited overshoot","IMAGE 3.2","SSP2_SPA1_19I_LIRE_LB","24.48652600012468","58.1746408837478","13.944572792393888","12.390721743239581","1235.7975712623102","1.316364771520656","1.571308580789807",
"1073","SSP2021-SSP2-SPA1-19-Lifestyle-Renewables-LowBiomass","IMAGE 3.2","Final Energy|Residential and Commercial","EJ/yr","[object Object]",2030,18.41074725341797,"1.571308580789807","1.316364771520656","2038","1235.7975712623102","363.77331338247626","-134.88112242030226","2047",,"GW1","Low Demand","failed","high","medium","medium","medium","high","ok","medium","ok","ok",,"medium","true","C1","C1: Below 1.5°C with no or limited overshoot","IMAGE 3.2","SSP2_SPA1_19I_LIRE_LB","24.48652600012468","58.1746408837478","13.944572792393888","12.390721743239581","1235.7975712623102","1.316364771520656","1.571308580789807",
"1073","SSP2021-SSP2-SPA1-19-Lifestyle-Renewables-LowBiomass","IMAGE 3.2","Final Energy|Residential and Commercial","EJ/yr","[object Object]",2035,16.49751306152343,"1.571308580789807","1.316364771520656","2038","1235.7975712623102","363.77331338247626","-134.88112242030226","2047",,"GW1","Low Demand","failed","high","medium","medium","medium","high","ok","medium","ok","ok",,"medium","true","C1","C1: Below 1.5°C with no or limited overshoot","IMAGE 3.2","SSP2_SPA1_19I_LIRE_LB","24.48652600012468","58.1746408837478","13.944572792393888","12.390721743239581","1235.7975712623102","1.316364771520656","1.571308580789807",
"1073","SSP2021-SSP2-SPA1-19-Lifestyle-Renewables-LowBiomass","IMAGE 3.2","Final Energy|Residential and Commercial","EJ/yr","[object Object]",2040,14.6560673828125,"1.571308580789807","1.316364771520656","2038","1235.7975712623102","363.77331338247626","-134.88112242030226","2047",,"GW1","Low Demand","failed","high","medium","medium","medium","high","ok","medium","ok","ok",,"medium","true","C1","C1: Below 1.5°C with no or limited overshoot","IMAGE 3.2","SSP2_SPA1_19I_LIRE_LB","24.48652600012468","58.1746408837478","13.944572792393888","12.390721743239581","1235.7975712623102","1.316364771520656","1.571308580789807",
"1073","SSP2021-SSP2-SPA1-19-Lifestyle-Renewables-LowBiomass","IMAGE 3.2","Final Energy|Residential and Commercial","EJ/yr","[object Object]",2045,13.69861499023438,"1.571308580789807","1.316364771520656","2038","1235.7975712623102","363.77331338247626","-134.88112242030226","2047",,"GW1","Low Demand","failed","high","medium","medium","medium","high","ok","medium","ok","ok",,"medium","true","C1","C1: Below 1.5°C with no or limited overshoot","IMAGE 3.2","SSP2_SPA1_19I_LIRE_LB","24.48652600012468","58.1746408837478","13.944572792393888","12.390721743239581","1235.7975712623102","1.316364771520656","1.571308580789807",
"1073","SSP2021-SSP2-SPA1-19-Lifestyle-Renewables-LowBiomass","IMAGE 3.2","Final Energy|Residential and Commercial","EJ/yr","[object Object]",2050,13.16734161376953,"1.571308580789807","1.316364771520656","2038","1235.7975712623102","363.77331338247626","-134.88112242030226","2047",,"GW1","Low Demand","failed","high","medium","medium","medium","high","ok","medium","ok","ok",,"medium","true","C1","C1: Below 1.5°C with no or limited overshoot","IMAGE 3.2","SSP2_SPA1_19I_LIRE_LB","24.48652600012468","58.1746408837478","13.944572792393888","12.390721743239581","1235.7975712623102","1.316364771520656","1.571308580789807",
"1073","SSP2021-SSP2-SPA1-19-Lifestyle-Renewables-LowBiomass","IMAGE 3.2","Final Energy|Residential and Commercial","EJ/yr","[object Object]",2055,12.94778283691406,"1.571308580789807","1.316364771520656","2038","1235.7975712623102","363.77331338247626","-134.88112242030226","2047",,"GW1","Low Demand","failed","high","medium","medium","medium","high","ok","medium","ok","ok",,"medium","true","C1","C1: Below 1.5°C with no or limited overshoot","IMAGE 3.2","SSP2_SPA1_19I_LIRE_LB","24.48652600012468","58.1746408837478","13.944572792393888","12.390721743239581","1235.7975712623102","1.316364771520656","1.571308580789807",
"1073","SSP2021-SSP2-SPA1-19-Lifestyle-Renewables-LowBiomass","IMAGE 3.2","Final Energy|Residential and Commercial","EJ/yr","[object Object]",2060,12.55295989990234,"1.571308580789807","1.316364771520656","2038","1235.7975712623102","363.77331338247626","-134.88112242030226","2047",,"GW1","Low Demand","failed","high","medium","medium","medium","high","ok","medium","ok","ok",,"medium","true","C1","C1: Below 1.5°C with no or limited overshoot","IMAGE 3.2","SSP2_SPA1_19I_LIRE_LB","24.48652600012468","58.1746408837478","13.944572792393888","12.390721743239581","1235.7975712623102","1.316364771520656","1.571308580789807",
"1073","SSP2021-SSP2-SPA1-19-Lifestyle-Renewables-LowBiomass","IMAGE 3.2","Final Energy|Residential and Commercial","EJ/yr","[object Object]",2065,12.13917309570312,"1.571308580789807","1.316364771520656","2038","1235.7975712623102","363.77331338247626","-134.88112242030226","2047",,"GW1","Low Demand","failed","high","medium","medium","medium","high","ok","medium","ok","ok",,"medium","true","C1","C1: Below 1.5°C with no or limited overshoot","IMAGE 3.2","SSP2_SPA1_19I_LIRE_LB","24.48652600012468","58.1746408837478","13.944572792393888","12.390721743239581","1235.7975712623102","1.316364771520656","1.571308580789807",
"1073","SSP2021-SSP2-SPA1-19-Lifestyle-Renewables-LowBiomass","IMAGE 3.2","Final Energy|Residential and Commercial","EJ/yr","[object Object]",2070,11.96207855224609,"1.571308580789807","1.316364771520656","2038","1235.7975712623102","363.77331338247626","-134.88112242030226","2047",,"GW1","Low Demand","failed","high","medium","medium","medium","high","ok","medium","ok","ok",,"medium","true","C1","C1: Below 1.5°C with no or limited overshoot","IMAGE 3.2","SSP2_SPA1_19I_LIRE_LB","24.48652600012468","58.1746408837478","13.944572792393888","12.390721743239581","1235.7975712623102","1.316364771520656","1.571308580789807",
"1073","SSP2021-SSP2-SPA1-19-Lifestyle-Renewables-LowBiomass","IMAGE 3.2","Final Energy|Residential and Commercial","EJ/yr","[object Object]",2075,11.96384722900391,"1.571308580789807","1.316364771520656","2038","1235.7975712623102","363.77331338247626","-134.88112242030226","2047",,"GW1","Low Demand","failed","high","medium","medium","medium","high","ok","medium","ok","ok",,"medium","true","C1","C1: Below 1.5°C with no or limited overshoot","IMAGE 3.2","SSP2_SPA1_19I_LIRE_LB","24.48652600012468","58.1746408837478","13.944572792393888","12.390721743239581","1235.7975712623102","1.316364771520656","1.571308580789807",
"1073","SSP2021-SSP2-SPA1-19-Lifestyle-Renewables-LowBiomass","IMAGE 3.2","Final Energy|Residential and Commercial","EJ/yr","[object Object]",2080,11.84650958251953,"1.571308580789807","1.316364771520656","2038","1235.7975712623102","363.77331338247626","-134.88112242030226","2047",,"GW1","Low Demand","failed","high","medium","medium","medium","high","ok","medium","ok","ok",,"medium","true","C1","C1: Below 1.5°C with no or limited overshoot","IMAGE 3.2","SSP2_SPA1_19I_LIRE_LB","24.48652600012468","58.1746408837478","13.944572792393888","12.390721743239581","1235.7975712623102","1.316364771520656","1.571308580789807",
"1073","SSP2021-SSP2-SPA1-19-Lifestyle-Renewables-LowBiomass","IMAGE 3.2","Final Energy|Residential and Commercial","EJ/yr","[object Object]",2085,11.71826318359375,"1.571308580789807","1.316364771520656","2038","1235.7975712623102","363.77331338247626","-134.88112242030226","2047",,"GW1","Low Demand","failed","high","medium","medium","medium","high","ok","medium","ok","ok",,"medium","true","C1","C1: Below 1.5°C with no or limited overshoot","IMAGE 3.2","SSP2_SPA1_19I_LIRE_LB","24.48652600012468","58.1746408837478","13.944572792393888","12.390721743239581","1235.7975712623102","1.316364771520656","1.571308580789807",
"1073","SSP2021-SSP2-SPA1-19-Lifestyle-Renewables-LowBiomass","IMAGE 3.2","Final Energy|Residential and Commercial","EJ/yr","[object Object]",2090,11.55876403808594,"1.571308580789807","1.316364771520656","2038","1235.7975712623102","363.77331338247626","-134.88112242030226","2047",,"GW1","Low Demand","failed","high","medium","medium","medium","high","ok","medium","ok","ok",,"medium","true","C1","C1: Below 1.5°C with no or limited overshoot","IMAGE 3.2","SSP2_SPA1_19I_LIRE_LB","24.48652600012468","58.1746408837478","13.944572792393888","12.390721743239581","1235.7975712623102","1.316364771520656","1.571308580789807",
"1073","SSP2021-SSP2-SPA1-19-Lifestyle-Renewables-LowBiomass","IMAGE 3.2","Final Energy|Residential and Commercial","EJ/yr","[object Object]",2095,11.21905963134766,"1.571308580789807","1.316364771520656","2038","1235.7975712623102","363.77331338247626","-134.88112242030226","2047",,"GW1","Low Demand","failed","high","medium","medium","medium","high","ok","medium","ok","ok",,"medium","true","C1","C1: Below 1.5°C with no or limited overshoot","IMAGE 3.2","SSP2_SPA1_19I_LIRE_LB","24.48652600012468","58.1746408837478","13.944572792393888","12.390721743239581","1235.7975712623102","1.316364771520656","1.571308580789807",
"1073","SSP2021-SSP2-SPA1-19-Lifestyle-Renewables-LowBiomass","IMAGE 3.2","Final Energy|Residential and Commercial","EJ/yr","[object Object]",2100,10.94597540283203,"1.571308580789807","1.316364771520656","2038","1235.7975712623102","363.77331338247626","-134.88112242030226","2047",,"GW1","Low Demand","failed","high","medium","medium","medium","high","ok","medium","ok","ok",,"medium","true","C1","C1: Below 1.5°C with no or limited overshoot","IMAGE 3.2","SSP2_SPA1_19I_LIRE_LB","24.48652600012468","58.1746408837478","13.944572792393888","12.390721743239581","1235.7975712623102","1.316364771520656","1.571308580789807",
"1074","SSP2021-SSP2-SPA1-19-Renewables-LowBiomass","IMAGE 3.2","Final Energy|Residential and Commercial","EJ/yr","[object Object]",2010,20.8891872253418,"1.614718701019463","1.411706032941417","2048","1389.6231210668598","391.89534624229185","-199.09282255838255","2052",,"GW1","Carbon Capture and Storage","failed","high","medium","medium","medium","high","ok","medium","ok","medium",,"medium","true","C1","C1: Below 1.5°C with no or limited overshoot","IMAGE 3.2","SSP2_SPA1_19I_RE_LB","22.298130180830768","58.86954845441914","15.727342957119756","6.751321217152082","1389.6231210668598","1.411706032941417","1.614718701019463",
"1074","SSP2021-SSP2-SPA1-19-Renewables-LowBiomass","IMAGE 3.2","Final Energy|Residential and Commercial","EJ/yr","[object Object]",2015,20.8626576538086,"1.614718701019463","1.411706032941417","2048","1389.6231210668598","391.89534624229185","-199.09282255838255","2052",,"GW1","Carbon Capture and Storage","failed","high","medium","medium","medium","high","ok","medium","ok","medium",,"medium","true","C1","C1: Below 1.5°C with no or limited overshoot","IMAGE 3.2","SSP2_SPA1_19I_RE_LB","22.298130180830768","58.86954845441914","15.727342957119756","6.751321217152082","1389.6231210668598","1.411706032941417","1.614718701019463",
"1074","SSP2021-SSP2-SPA1-19-Renewables-LowBiomass","IMAGE 3.2","Final Energy|Residential and Commercial","EJ/yr","[object Object]",2020,20.13357202148438,"1.614718701019463","1.411706032941417","2048","1389.6231210668598","391.89534624229185","-199.09282255838255","2052",,"GW1","Carbon Capture and Storage","failed","high","medium","medium","medium","high","ok","medium","ok","medium",,"medium","true","C1","C1: Below 1.5°C with no or limited overshoot","IMAGE 3.2","SSP2_SPA1_19I_RE_LB","22.298130180830768","58.86954845441914","15.727342957119756","6.751321217152082","1389.6231210668598","1.411706032941417","1.614718701019463",
"1074","SSP2021-SSP2-SPA1-19-Renewables-LowBiomass","IMAGE 3.2","Final Energy|Residential and Commercial","EJ/yr","[object Object]",2025,21.18968792724609,"1.614718701019463","1.411706032941417","2048","1389.6231210668598","391.89534624229185","-199.09282255838255","2052",,"GW1","Carbon Capture and Storage","failed","high","medium","medium","medium","high","ok","medium","ok","medium",,"medium","true","C1","C1: Below 1.5°C with no or limited overshoot","IMAGE 3.2","SSP2_SPA1_19I_RE_LB","22.298130180830768","58.86954845441914","15.727342957119756","6.751321217152082","1389.6231210668598","1.411706032941417","1.614718701019463",
"1074","SSP2021-SSP2-SPA1-19-Renewables-LowBiomass","IMAGE 3.2","Final Energy|Residential and Commercial","EJ/yr","[object Object]",2030,19.07504986572265,"1.614718701019463","1.411706032941417","2048","1389.6231210668598","391.89534624229185","-199.09282255838255","2052",,"GW1","Carbon Capture and Storage","failed","high","medium","medium","medium","high","ok","medium","ok","medium",,"medium","true","C1","C1: Below 1.5°C with no or limited overshoot","IMAGE 3.2","SSP2_SPA1_19I_RE_LB","22.298130180830768","58.86954845441914","15.727342957119756","6.751321217152082","1389.6231210668598","1.411706032941417","1.614718701019463",
"1074","SSP2021-SSP2-SPA1-19-Renewables-LowBiomass","IMAGE 3.2","Final Energy|Residential and Commercial","EJ/yr","[object Object]",2035,17.31382928466797,"1.614718701019463","1.411706032941417","2048","1389.6231210668598","391.89534624229185","-199.09282255838255","2052",,"GW1","Carbon Capture and Storage","failed","high","medium","medium","medium","high","ok","medium","ok","medium",,"medium","true","C1","C1: Below 1.5°C with no or limited overshoot","IMAGE 3.2","SSP2_SPA1_19I_RE_LB","22.298130180830768","58.86954845441914","15.727342957119756","6.751321217152082","1389.6231210668598","1.411706032941417","1.614718701019463",
"1074","SSP2021-SSP2-SPA1-19-Renewables-LowBiomass","IMAGE 3.2","Final Energy|Residential and Commercial","EJ/yr","[object Object]",2040,15.53003149414063,"1.614718701019463","1.411706032941417","2048","1389.6231210668598","391.89534624229185","-199.09282255838255","2052",,"GW1","Carbon Capture and Storage","failed","high","medium","medium","medium","high","ok","medium","ok","medium",,"medium","true","C1","C1: Below 1.5°C with no or limited overshoot","IMAGE 3.2","SSP2_SPA1_19I_RE_LB","22.298130180830768","58.86954845441914","15.727342957119756","6.751321217152082","1389.6231210668598","1.411706032941417","1.614718701019463",
"1074","SSP2021-SSP2-SPA1-19-Renewables-LowBiomass","IMAGE 3.2","Final Energy|Residential and Commercial","EJ/yr","[object Object]",2045,14.58128210449219,"1.614718701019463","1.411706032941417","2048","1389.6231210668598","391.89534624229185","-199.09282255838255","2052",,"GW1","Carbon Capture and Storage","failed","high","medium","medium","medium","high","ok","medium","ok","medium",,"medium","true","C1","C1: Below 1.5°C with no or limited overshoot","IMAGE 3.2","SSP2_SPA1_19I_RE_LB","22.298130180830768","58.86954845441914","15.727342957119756","6.751321217152082","1389.6231210668598","1.411706032941417","1.614718701019463",
"1074","SSP2021-SSP2-SPA1-19-Renewables-LowBiomass","IMAGE 3.2","Final Energy|Residential and Commercial","EJ/yr","[object Object]",2050,14.13399011230469,"1.614718701019463","1.411706032941417","2048","1389.6231210668598","391.89534624229185","-199.09282255838255","2052",,"GW1","Carbon Capture and Storage","failed","high","medium","medium","medium","high","ok","medium","ok","medium",,"medium","true","C1","C1: Below 1.5°C with no or limited overshoot","IMAGE 3.2","SSP2_SPA1_19I_RE_LB","22.298130180830768","58.86954845441914","15.727342957119756","6.751321217152082","1389.6231210668598","1.411706032941417","1.614718701019463",
"1074","SSP2021-SSP2-SPA1-19-Renewables-LowBiomass","IMAGE 3.2","Final Energy|Residential and Commercial","EJ/yr","[object Object]",2055,13.913103515625,"1.614718701019463","1.411706032941417","2048","1389.6231210668598","391.89534624229185","-199.09282255838255","2052",,"GW1","Carbon Capture and Storage","failed","high","medium","medium","medium","high","ok","medium","ok","medium",,"medium","true","C1","C1: Below 1.5°C with no or limited overshoot","IMAGE 3.2","SSP2_SPA1_19I_RE_LB","22.298130180830768","58.86954845441914","15.727342957119756","6.751321217152082","1389.6231210668598","1.411706032941417","1.614718701019463",
"1074","SSP2021-SSP2-SPA1-19-Renewables-LowBiomass","IMAGE 3.2","Final Energy|Residential and Commercial","EJ/yr","[object Object]",2060,13.4959931640625,"1.614718701019463","1.411706032941417","2048","1389.6231210668598","391.89534624229185","-199.09282255838255","2052",,"GW1","Carbon Capture and Storage","failed","high","medium","medium","medium","high","ok","medium","ok","medium",,"medium","true","C1","C1: Below 1.5°C with no or limited overshoot","IMAGE 3.2","SSP2_SPA1_19I_RE_LB","22.298130180830768","58.86954845441914","15.727342957119756","6.751321217152082","1389.6231210668598","1.411706032941417","1.614718701019463",
"1074","SSP2021-SSP2-SPA1-19-Renewables-LowBiomass","IMAGE 3.2","Final Energy|Residential and Commercial","EJ/yr","[object Object]",2065,13.15050286865234,"1.614718701019463","1.411706032941417","2048","1389.6231210668598","391.89534624229185","-199.09282255838255","2052",,"GW1","Carbon Capture and Storage","failed","high","medium","medium","medium","high","ok","medium","ok","medium",,"medium","true","C1","C1: Below 1.5°C with no or limited overshoot","IMAGE 3.2","SSP2_SPA1_19I_RE_LB","22.298130180830768","58.86954845441914","15.727342957119756","6.751321217152082","1389.6231210668598","1.411706032941417","1.614718701019463",
"1074","SSP2021-SSP2-SPA1-19-Renewables-LowBiomass","IMAGE 3.2","Final Energy|Residential and Commercial","EJ/yr","[object Object]",2070,13.0332421875,"1.614718701019463","1.411706032941417","2048","1389.6231210668598","391.89534624229185","-199.09282255838255","2052",,"GW1","Carbon Capture and Storage","failed","high","medium","medium","medium","high","ok","medium","ok","medium",,"medium","true","C1","C1: Below 1.5°C with no or limited overshoot","IMAGE 3.2","SSP2_SPA1_19I_RE_LB","22.298130180830768","58.86954845441914","15.727342957119756","6.751321217152082","1389.6231210668598","1.411706032941417","1.614718701019463",
"1074","SSP2021-SSP2-SPA1-19-Renewables-LowBiomass","IMAGE 3.2","Final Energy|Residential and Commercial","EJ/yr","[object Object]",2075,13.02838757324219,"1.614718701019463","1.411706032941417","2048","1389.6231210668598","391.89534624229185","-199.09282255838255","2052",,"GW1","Carbon Capture and Storage","failed","high","medium","medium","medium","high","ok","medium","ok","medium",,"medium","true","C1","C1: Below 1.5°C with no or limited overshoot","IMAGE 3.2","SSP2_SPA1_19I_RE_LB","22.298130180830768","58.86954845441914","15.727342957119756","6.751321217152082","1389.6231210668598","1.411706032941417","1.614718701019463",
"1074","SSP2021-SSP2-SPA1-19-Renewables-LowBiomass","IMAGE 3.2","Final Energy|Residential and Commercial","EJ/yr","[object Object]",2080,12.96915740966797,"1.614718701019463","1.411706032941417","2048","1389.6231210668598","391.89534624229185","-199.09282255838255","2052",,"GW1","Carbon Capture and Storage","failed","high","medium","medium","medium","high","ok","medium","ok","medium",,"medium","true","C1","C1: Below 1.5°C with no or limited overshoot","IMAGE 3.2","SSP2_SPA1_19I_RE_LB","22.298130180830768","58.86954845441914","15.727342957119756","6.751321217152082","1389.6231210668598","1.411706032941417","1.614718701019463",
"1074","SSP2021-SSP2-SPA1-19-Renewables-LowBiomass","IMAGE 3.2","Final Energy|Residential and Commercial","EJ/yr","[object Object]",2085,12.89004254150391,"1.614718701019463","1.411706032941417","2048","1389.6231210668598","391.89534624229185","-199.09282255838255","2052",,"GW1","Carbon Capture and Storage","failed","high","medium","medium","medium","high","ok","medium","ok","medium",,"medium","true","C1","C1: Below 1.5°C with no or limited overshoot","IMAGE 3.2","SSP2_SPA1_19I_RE_LB","22.298130180830768","58.86954845441914","15.727342957119756","6.751321217152082","1389.6231210668598","1.411706032941417","1.614718701019463",
"1074","SSP2021-SSP2-SPA1-19-Renewables-LowBiomass","IMAGE 3.2","Final Energy|Residential and Commercial","EJ/yr","[object Object]",2090,12.70613269042969,"1.614718701019463","1.411706032941417","2048","1389.6231210668598","391.89534624229185","-199.09282255838255","2052",,"GW1","Carbon Capture and Storage","failed","high","medium","medium","medium","high","ok","medium","ok","medium",,"medium","true","C1","C1: Below 1.5°C with no or limited overshoot","IMAGE 3.2","SSP2_SPA1_19I_RE_LB","22.298130180830768","58.86954845441914","15.727342957119756","6.751321217152082","1389.6231210668598","1.411706032941417","1.614718701019463",
"1074","SSP2021-SSP2-SPA1-19-Renewables-LowBiomass","IMAGE 3.2","Final Energy|Residential and Commercial","EJ/yr","[object Object]",2095,12.33308587646484,"1.614718701019463","1.411706032941417","2048","1389.6231210668598","391.89534624229185","-199.09282255838255","2052",,"GW1","Carbon Capture and Storage","failed","high","medium","medium","medium","high","ok","medium","ok","medium",,"medium","true","C1","C1: Below 1.5°C with no or limited overshoot","IMAGE 3.2","SSP2_SPA1_19I_RE_LB","22.298130180830768","58.86954845441914","15.727342957119756","6.751321217152082","1389.6231210668598","1.411706032941417","1.614718701019463",
"1074","SSP2021-SSP2-SPA1-19-Renewables-LowBiomass","IMAGE 3.2","Final Energy|Residential and Commercial","EJ/yr","[object Object]",2100,12.09664459228516,"1.614718701019463","1.411706032941417","2048","1389.6231210668598","391.89534624229185","-199.09282255838255","2052",,"GW1","Carbon Capture and Storage","failed","high","medium","medium","medium","high","ok","medium","ok","medium",,"medium","true","C1","C1: Below 1.5°C with no or limited overshoot","IMAGE 3.2","SSP2_SPA1_19I_RE_LB","22.298130180830768","58.86954845441914","15.727342957119756","6.751321217152082","1389.6231210668598","1.411706032941417","1.614718701019463",
"1075","SSP2021-SSP2-SPA2-19-Default","IMAGE 3.2","Final Energy|Residential and Commercial","EJ/yr","[object Object]",2010,20.88919912719727,"1.606594602877174","1.169096265081378","2038","2145.3476476395317","131.19968329287204","-517.6647430025862","2051","2063","GW1","Carbon Capture and Storage","ok","high","medium","medium","medium","high","medium","high","medium","high",,"high","true","C2","C2: Below 1.5°C with high OS","IMAGE 3.2","SSP2_SPA2_19I_D","12.404126569018505","52.3188141617191","31.028691041330912","6.617265379685122","2145.3476476395317","1.169096265081378","1.606594602877174","0.003725075"
"1075","SSP2021-SSP2-SPA2-19-Default","IMAGE 3.2","Final Energy|Residential and Commercial","EJ/yr","[object Object]",2015,20.86255050659179,"1.606594602877174","1.169096265081378","2038","2145.3476476395317","131.19968329287204","-517.6647430025862","2051","2063","GW1","Carbon Capture and Storage","ok","high","medium","medium","medium","high","medium","high","medium","high",,"high","true","C2","C2: Below 1.5°C with high OS","IMAGE 3.2","SSP2_SPA2_19I_D","12.404126569018505","52.3188141617191","31.028691041330912","6.617265379685122","2145.3476476395317","1.169096265081378","1.606594602877174","0.003725075"
"1075","SSP2021-SSP2-SPA2-19-Default","IMAGE 3.2","Final Energy|Residential and Commercial","EJ/yr","[object Object]",2020,20.13351251220704,"1.606594602877174","1.169096265081378","2038","2145.3476476395317","131.19968329287204","-517.6647430025862","2051","2063","GW1","Carbon Capture and Storage","ok","high","medium","medium","medium","high","medium","high","medium","high",,"high","true","C2","C2: Below 1.5°C with high OS","IMAGE 3.2","SSP2_SPA2_19I_D","12.404126569018505","52.3188141617191","31.028691041330912","6.617265379685122","2145.3476476395317","1.169096265081378","1.606594602877174","0.003725075"
"1075","SSP2021-SSP2-SPA2-19-Default","IMAGE 3.2","Final Energy|Residential and Commercial","EJ/yr","[object Object]",2025,21.13867645263672,"1.606594602877174","1.169096265081378","2038","2145.3476476395317","131.19968329287204","-517.6647430025862","2051","2063","GW1","Carbon Capture and Storage","ok","high","medium","medium","medium","high","medium","high","medium","high",,"high","true","C2","C2: Below 1.5°C with high OS","IMAGE 3.2","SSP2_SPA2_19I_D","12.404126569018505","52.3188141617191","31.028691041330912","6.617265379685122","2145.3476476395317","1.169096265081378","1.606594602877174","0.003725075"
"1075","SSP2021-SSP2-SPA2-19-Default","IMAGE 3.2","Final Energy|Residential and Commercial","EJ/yr","[object Object]",2030,21.15414404296875,"1.606594602877174","1.169096265081378","2038","2145.3476476395317","131.19968329287204","-517.6647430025862","2051","2063","GW1","Carbon Capture and Storage","ok","high","medium","medium","medium","high","medium","high","medium","high",,"high","true","C2","C2: Below 1.5°C with high OS","IMAGE 3.2","SSP2_SPA2_19I_D","12.404126569018505","52.3188141617191","31.028691041330912","6.617265379685122","2145.3476476395317","1.169096265081378","1.606594602877174","0.003725075"
"1075","SSP2021-SSP2-SPA2-19-Default","IMAGE 3.2","Final Energy|Residential and Commercial","EJ/yr","[object Object]",2035,19.11921618652344,"1.606594602877174","1.169096265081378","2038","2145.3476476395317","131.19968329287204","-517.6647430025862","2051","2063","GW1","Carbon Capture and Storage","ok","high","medium","medium","medium","high","medium","high","medium","high",,"high","true","C2","C2: Below 1.5°C with high OS","IMAGE 3.2","SSP2_SPA2_19I_D","12.404126569018505","52.3188141617191","31.028691041330912","6.617265379685122","2145.3476476395317","1.169096265081378","1.606594602877174","0.003725075"
"1075","SSP2021-SSP2-SPA2-19-Default","IMAGE 3.2","Final Energy|Residential and Commercial","EJ/yr","[object Object]",2040,17.05801348876953,"1.606594602877174","1.169096265081378","2038","2145.3476476395317","131.19968329287204","-517.6647430025862","2051","2063","GW1","Carbon Capture and Storage","ok","high","medium","medium","medium","high","medium","high","medium","high",,"high","true","C2","C2: Below 1.5°C with high OS","IMAGE 3.2","SSP2_SPA2_19I_D","12.404126569018505","52.3188141617191","31.028691041330912","6.617265379685122","2145.3476476395317","1.169096265081378","1.606594602877174","0.003725075"
"1075","SSP2021-SSP2-SPA2-19-Default","IMAGE 3.2","Final Energy|Residential and Commercial","EJ/yr","[object Object]",2045,14.78709191894531,"1.606594602877174","1.169096265081378","2038","2145.3476476395317","131.19968329287204","-517.6647430025862","2051","2063","GW1","Carbon Capture and Storage","ok","high","medium","medium","medium","high","medium","high","medium","high",,"high","true","C2","C2: Below 1.5°C with high OS","IMAGE 3.2","SSP2_SPA2_19I_D","12.404126569018505","52.3188141617191","31.028691041330912","6.617265379685122","2145.3476476395317","1.169096265081378","1.606594602877174","0.003725075"
"1075","SSP2021-SSP2-SPA2-19-Default","IMAGE 3.2","Final Energy|Residential and Commercial","EJ/yr","[object Object]",2050,13.57928045654297,"1.606594602877174","1.169096265081378","2038","2145.3476476395317","131.19968329287204","-517.6647430025862","2051","2063","GW1","Carbon Capture and Storage","ok","high","medium","medium","medium","high","medium","high","medium","high",,"high","true","C2","C2: Below 1.5°C with high OS","IMAGE 3.2","SSP2_SPA2_19I_D","12.404126569018505","52.3188141617191","31.028691041330912","6.617265379685122","2145.3476476395317","1.169096265081378","1.606594602877174","0.003725075"
"1075","SSP2021-SSP2-SPA2-19-Default","IMAGE 3.2","Final Energy|Residential and Commercial","EJ/yr","[object Object]",2055,13.18927899169922,"1.606594602877174","1.169096265081378","2038","2145.3476476395317","131.19968329287204","-517.6647430025862","2051","2063","GW1","Carbon Capture and Storage","ok","high","medium","medium","medium","high","medium","high","medium","high",,"high","true","C2","C2: Below 1.5°C with high OS","IMAGE 3.2","SSP2_SPA2_19I_D","12.404126569018505","52.3188141617191","31.028691041330912","6.617265379685122","2145.3476476395317","1.169096265081378","1.606594602877174","0.003725075"
"1075","SSP2021-SSP2-SPA2-19-Default","IMAGE 3.2","Final Energy|Residential and Commercial","EJ/yr","[object Object]",2060,13.07658966064453,"1.606594602877174","1.169096265081378","2038","2145.3476476395317","131.19968329287204","-517.6647430025862","2051","2063","GW1","Carbon Capture and Storage","ok","high","medium","medium","medium","high","medium","high","medium","high",,"high","true","C2","C2: Below 1.5°C with high OS","IMAGE 3.2","SSP2_SPA2_19I_D","12.404126569018505","52.3188141617191","31.028691041330912","6.617265379685122","2145.3476476395317","1.169096265081378","1.606594602877174","0.003725075"
"1075","SSP2021-SSP2-SPA2-19-Default","IMAGE 3.2","Final Energy|Residential and Commercial","EJ/yr","[object Object]",2065,13.03614440917969,"1.606594602877174","1.169096265081378","2038","2145.3476476395317","131.19968329287204","-517.6647430025862","2051","2063","GW1","Carbon Capture and Storage","ok","high","medium","medium","medium","high","medium","high","medium","high",,"high","true","C2","C2: Below 1.5°C with high OS","IMAGE 3.2","SSP2_SPA2_19I_D","12.404126569018505","52.3188141617191","31.028691041330912","6.617265379685122","2145.3476476395317","1.169096265081378","1.606594602877174","0.003725075"
"1075","SSP2021-SSP2-SPA2-19-Default","IMAGE 3.2","Final Energy|Residential and Commercial","EJ/yr","[object Object]",2070,13.03201947021484,"1.606594602877174","1.169096265081378","2038","2145.3476476395317","131.19968329287204","-517.6647430025862","2051","2063","GW1","Carbon Capture and Storage","ok","high","medium","medium","medium","high","medium","high","medium","high",,"high","true","C2","C2: Below 1.5°C with high OS","IMAGE 3.2","SSP2_SPA2_19I_D","12.404126569018505","52.3188141617191","31.028691041330912","6.617265379685122","2145.3476476395317","1.169096265081378","1.606594602877174","0.003725075"
"1075","SSP2021-SSP2-SPA2-19-Default","IMAGE 3.2","Final Energy|Residential and Commercial","EJ/yr","[object Object]",2075,13.00976507568359,"1.606594602877174","1.169096265081378","2038","2145.3476476395317","131.19968329287204","-517.6647430025862","2051","2063","GW1","Carbon Capture and Storage","ok","high","medium","medium","medium","high","medium","high","medium","high",,"high","true","C2","C2: Below 1.5°C with high OS","IMAGE 3.2","SSP2_SPA2_19I_D","12.404126569018505","52.3188141617191","31.028691041330912","6.617265379685122","2145.3476476395317","1.169096265081378","1.606594602877174","0.003725075"
"1075","SSP2021-SSP2-SPA2-19-Default","IMAGE 3.2","Final Energy|Residential and Commercial","EJ/yr","[object Object]",2080,13.00678302001953,"1.606594602877174","1.169096265081378","2038","2145.3476476395317","131.19968329287204","-517.6647430025862","2051","2063","GW1","Carbon Capture and Storage","ok","high","medium","medium","medium","high","medium","high","medium","high",,"high","true","C2","C2: Below 1.5°C with high OS","IMAGE 3.2","SSP2_SPA2_19I_D","12.404126569018505","52.3188141617191","31.028691041330912","6.617265379685122","2145.3476476395317","1.169096265081378","1.606594602877174","0.003725075"
"1075","SSP2021-SSP2-SPA2-19-Default","IMAGE 3.2","Final Energy|Residential and Commercial","EJ/yr","[object Object]",2085,13.02310028076172,"1.606594602877174","1.169096265081378","2038","2145.3476476395317","131.19968329287204","-517.6647430025862","2051","2063","GW1","Carbon Capture and Storage","ok","high","medium","medium","medium","high","medium","high","medium","high",,"high","true","C2","C2: Below 1.5°C with high OS","IMAGE 3.2","SSP2_SPA2_19I_D","12.404126569018505","52.3188141617191","31.028691041330912","6.617265379685122","2145.3476476395317","1.169096265081378","1.606594602877174","0.003725075"
"1075","SSP2021-SSP2-SPA2-19-Default","IMAGE 3.2","Final Energy|Residential and Commercial","EJ/yr","[object Object]",2090,12.95063830566406,"1.606594602877174","1.169096265081378","2038","2145.3476476395317","131.19968329287204","-517.6647430025862","2051","2063","GW1","Carbon Capture and Storage","ok","high","medium","medium","medium","high","medium","high","medium","high",,"high","true","C2","C2: Below 1.5°C with high OS","IMAGE 3.2","SSP2_SPA2_19I_D","12.404126569018505","52.3188141617191","31.028691041330912","6.617265379685122","2145.3476476395317","1.169096265081378","1.606594602877174","0.003725075"
"1075","SSP2021-SSP2-SPA2-19-Default","IMAGE 3.2","Final Energy|Residential and Commercial","EJ/yr","[object Object]",2095,12.79569055175781,"1.606594602877174","1.169096265081378","2038","2145.3476476395317","131.19968329287204","-517.6647430025862","2051","2063","GW1","Carbon Capture and Storage","ok","high","medium","medium","medium","high","medium","high","medium","high",,"high","true","C2","C2: Below 1.5°C with high OS","IMAGE 3.2","SSP2_SPA2_19I_D","12.404126569018505","52.3188141617191","31.028691041330912","6.617265379685122","2145.3476476395317","1.169096265081378","1.606594602877174","0.003725075"
"1075","SSP2021-SSP2-SPA2-19-Default","IMAGE 3.2","Final Energy|Residential and Commercial","EJ/yr","[object Object]",2100,12.58702581787109,"1.606594602877174","1.169096265081378","2038","2145.3476476395317","131.19968329287204","-517.6647430025862","2051","2063","GW1","Carbon Capture and Storage","ok","high","medium","medium","medium","high","medium","high","medium","high",,"high","true","C2","C2: Below 1.5°C with high OS","IMAGE 3.2","SSP2_SPA2_19I_D","12.404126569018505","52.3188141617191","31.028691041330912","6.617265379685122","2145.3476476395317","1.169096265081378","1.606594602877174","0.003725075"
"1076","SSP2021-SSP2-SPA2-19-Lifestyle","IMAGE 3.2","Final Energy|Residential and Commercial","EJ/yr","[object Object]",2010,20.88914358520508,"1.596971769806298","1.220682618965359","2038","1573.3777633717293","294.5017400576974","-352.80966296338875","2049","2055","GW1","Carbon Capture and Storage","ok","high","medium","medium","medium","high","high","high","high","high",,"medium","true","C1","C1: Below 1.5°C with no or limited overshoot","IMAGE 3.2","SSP2_SPA2_19I_LI","13.039619442912297","53.76608199911493","28.09801423764094","12.219305070925316","1573.3777633717293","1.220682618965359","1.596971769806298","0.00364522"
"1076","SSP2021-SSP2-SPA2-19-Lifestyle","IMAGE 3.2","Final Energy|Residential and Commercial","EJ/yr","[object Object]",2015,20.86255926513672,"1.596971769806298","1.220682618965359","2038","1573.3777633717293","294.5017400576974","-352.80966296338875","2049","2055","GW1","Carbon Capture and Storage","ok","high","medium","medium","medium","high","high","high","high","high",,"medium","true","C1","C1: Below 1.5°C with no or limited overshoot","IMAGE 3.2","SSP2_SPA2_19I_LI","13.039619442912297","53.76608199911493","28.09801423764094","12.219305070925316","1573.3777633717293","1.220682618965359","1.596971769806298","0.00364522"
"1076","SSP2021-SSP2-SPA2-19-Lifestyle","IMAGE 3.2","Final Energy|Residential and Commercial","EJ/yr","[object Object]",2020,20.13342758178711,"1.596971769806298","1.220682618965359","2038","1573.3777633717293","294.5017400576974","-352.80966296338875","2049","2055","GW1","Carbon Capture and Storage","ok","high","medium","medium","medium","high","high","high","high","high",,"medium","true","C1","C1: Below 1.5°C with no or limited overshoot","IMAGE 3.2","SSP2_SPA2_19I_LI","13.039619442912297","53.76608199911493","28.09801423764094","12.219305070925316","1573.3777633717293","1.220682618965359","1.596971769806298","0.00364522"
"1076","SSP2021-SSP2-SPA2-19-Lifestyle","IMAGE 3.2","Final Energy|Residential and Commercial","EJ/yr","[object Object]",2025,20.96961572265625,"1.596971769806298","1.220682618965359","2038","1573.3777633717293","294.5017400576974","-352.80966296338875","2049","2055","GW1","Carbon Capture and Storage","ok","high","medium","medium","medium","high","high","high","high","high",,"medium","true","C1","C1: Below 1.5°C with no or limited overshoot","IMAGE 3.2","SSP2_SPA2_19I_LI","13.039619442912297","53.76608199911493","28.09801423764094","12.219305070925316","1573.3777633717293","1.220682618965359","1.596971769806298","0.00364522"
"1076","SSP2021-SSP2-SPA2-19-Lifestyle","IMAGE 3.2","Final Energy|Residential and Commercial","EJ/yr","[object Object]",2030,20.52527294921875,"1.596971769806298","1.220682618965359","2038","1573.3777633717293","294.5017400576974","-352.80966296338875","2049","2055","GW1","Carbon Capture and Storage","ok","high","medium","medium","medium","high","high","high","high","high",,"medium","true","C1","C1: Below 1.5°C with no or limited overshoot","IMAGE 3.2","SSP2_SPA2_19I_LI","13.039619442912297","53.76608199911493","28.09801423764094","12.219305070925316","1573.3777633717293","1.220682618965359","1.596971769806298","0.00364522"
"1076","SSP2021-SSP2-SPA2-19-Lifestyle","IMAGE 3.2","Final Energy|Residential and Commercial","EJ/yr","[object Object]",2035,19.76977587890625,"1.596971769806298","1.220682618965359","2038","1573.3777633717293","294.5017400576974","-352.80966296338875","2049","2055","GW1","Carbon Capture and Storage","ok","high","medium","medium","medium","high","high","high","high","high",,"medium","true","C1","C1: Below 1.5°C with no or limited overshoot","IMAGE 3.2","SSP2_SPA2_19I_LI","13.039619442912297","53.76608199911493","28.09801423764094","12.219305070925316","1573.3777633717293","1.220682618965359","1.596971769806298","0.00364522"
"1076","SSP2021-SSP2-SPA2-19-Lifestyle","IMAGE 3.2","Final Energy|Residential and Commercial","EJ/yr","[object Object]",2040,17.10847821044922,"1.596971769806298","1.220682618965359","2038","1573.3777633717293","294.5017400576974","-352.80966296338875","2049","2055","GW1","Carbon Capture and Storage","ok","high","medium","medium","medium","high","high","high","high","high",,"medium","true","C1","C1: Below 1.5°C with no or limited overshoot","IMAGE 3.2","SSP2_SPA2_19I_LI","13.039619442912297","53.76608199911493","28.09801423764094","12.219305070925316","1573.3777633717293","1.220682618965359","1.596971769806298","0.00364522"
"1076","SSP2021-SSP2-SPA2-19-Lifestyle","IMAGE 3.2","Final Energy|Residential and Commercial","EJ/yr","[object Object]",2045,15.37782940673828,"1.596971769806298","1.220682618965359","2038","1573.3777633717293","294.5017400576974","-352.80966296338875","2049","2055","GW1","Carbon Capture and Storage","ok","high","medium","medium","medium","high","high","high","high","high",,"medium","true","C1","C1: Below 1.5°C with no or limited overshoot","IMAGE 3.2","SSP2_SPA2_19I_LI","13.039619442912297","53.76608199911493","28.09801423764094","12.219305070925316","1573.3777633717293","1.220682618965359","1.596971769806298","0.00364522"
"1076","SSP2021-SSP2-SPA2-19-Lifestyle","IMAGE 3.2","Final Energy|Residential and Commercial","EJ/yr","[object Object]",2050,13.95399017333984,"1.596971769806298","1.220682618965359","2038","1573.3777633717293","294.5017400576974","-352.80966296338875","2049","2055","GW1","Carbon Capture and Storage","ok","high","medium","medium","medium","high","high","high","high","high",,"medium","true","C1","C1: Below 1.5°C with no or limited overshoot","IMAGE 3.2","SSP2_SPA2_19I_LI","13.039619442912297","53.76608199911493","28.09801423764094","12.219305070925316","1573.3777633717293","1.220682618965359","1.596971769806298","0.00364522"
"1076","SSP2021-SSP2-SPA2-19-Lifestyle","IMAGE 3.2","Final Energy|Residential and Commercial","EJ/yr","[object Object]",2055,13.33671240234375,"1.596971769806298","1.220682618965359","2038","1573.3777633717293","294.5017400576974","-352.80966296338875","2049","2055","GW1","Carbon Capture and Storage","ok","high","medium","medium","medium","high","high","high","high","high",,"medium","true","C1","C1: Below 1.5°C with no or limited overshoot","IMAGE 3.2","SSP2_SPA2_19I_LI","13.039619442912297","53.76608199911493","28.09801423764094","12.219305070925316","1573.3777633717293","1.220682618965359","1.596971769806298","0.00364522"
"1076","SSP2021-SSP2-SPA2-19-Lifestyle","IMAGE 3.2","Final Energy|Residential and Commercial","EJ/yr","[object Object]",2060,13.1135023803711,"1.596971769806298","1.220682618965359","2038","1573.3777633717293","294.5017400576974","-352.80966296338875","2049","2055","GW1","Carbon Capture and Storage","ok","high","medium","medium","medium","high","high","high","high","high",,"medium","true","C1","C1: Below 1.5°C with no or limited overshoot","IMAGE 3.2","SSP2_SPA2_19I_LI","13.039619442912297","53.76608199911493","28.09801423764094","12.219305070925316","1573.3777633717293","1.220682618965359","1.596971769806298","0.00364522"
"1076","SSP2021-SSP2-SPA2-19-Lifestyle","IMAGE 3.2","Final Energy|Residential and Commercial","EJ/yr","[object Object]",2065,13.05971270751953,"1.596971769806298","1.220682618965359","2038","1573.3777633717293","294.5017400576974","-352.80966296338875","2049","2055","GW1","Carbon Capture and Storage","ok","high","medium","medium","medium","high","high","high","high","high",,"medium","true","C1","C1: Below 1.5°C with no or limited overshoot","IMAGE 3.2","SSP2_SPA2_19I_LI","13.039619442912297","53.76608199911493","28.09801423764094","12.219305070925316","1573.3777633717293","1.220682618965359","1.596971769806298","0.00364522"
"1076","SSP2021-SSP2-SPA2-19-Lifestyle","IMAGE 3.2","Final Energy|Residential and Commercial","EJ/yr","[object Object]",2070,12.99989733886719,"1.596971769806298","1.220682618965359","2038","1573.3777633717293","294.5017400576974","-352.80966296338875","2049","2055","GW1","Carbon Capture and Storage","ok","high","medium","medium","medium","high","high","high","high","high",,"medium","true","C1","C1: Below 1.5°C with no or limited overshoot","IMAGE 3.2","SSP2_SPA2_19I_LI","13.039619442912297","53.76608199911493","28.09801423764094","12.219305070925316","1573.3777633717293","1.220682618965359","1.596971769806298","0.00364522"
"1076","SSP2021-SSP2-SPA2-19-Lifestyle","IMAGE 3.2","Final Energy|Residential and Commercial","EJ/yr","[object Object]",2075,12.87207318115234,"1.596971769806298","1.220682618965359","2038","1573.3777633717293","294.5017400576974","-352.80966296338875","2049","2055","GW1","Carbon Capture and Storage","ok","high","medium","medium","medium","high","high","high","high","high",,"medium","true","C1","C1: Below 1.5°C with no or limited overshoot","IMAGE 3.2","SSP2_SPA2_19I_LI","13.039619442912297","53.76608199911493","28.09801423764094","12.219305070925316","1573.3777633717293","1.220682618965359","1.596971769806298","0.00364522"
"1076","SSP2021-SSP2-SPA2-19-Lifestyle","IMAGE 3.2","Final Energy|Residential and Commercial","EJ/yr","[object Object]",2080,12.73694287109375,"1.596971769806298","1.220682618965359","2038","1573.3777633717293","294.5017400576974","-352.80966296338875","2049","2055","GW1","Carbon Capture and Storage","ok","high","medium","medium","medium","high","high","high","high","high",,"medium","true","C1","C1: Below 1.5°C with no or limited overshoot","IMAGE 3.2","SSP2_SPA2_19I_LI","13.039619442912297","53.76608199911493","28.09801423764094","12.219305070925316","1573.3777633717293","1.220682618965359","1.596971769806298","0.00364522"
"1076","SSP2021-SSP2-SPA2-19-Lifestyle","IMAGE 3.2","Final Energy|Residential and Commercial","EJ/yr","[object Object]",2085,12.68967425537109,"1.596971769806298","1.220682618965359","2038","1573.3777633717293","294.5017400576974","-352.80966296338875","2049","2055","GW1","Carbon Capture and Storage","ok","high","medium","medium","medium","high","high","high","high","high",,"medium","true","C1","C1: Below 1.5°C with no or limited overshoot","IMAGE 3.2","SSP2_SPA2_19I_LI","13.039619442912297","53.76608199911493","28.09801423764094","12.219305070925316","1573.3777633717293","1.220682618965359","1.596971769806298","0.00364522"
"1076","SSP2021-SSP2-SPA2-19-Lifestyle","IMAGE 3.2","Final Energy|Residential and Commercial","EJ/yr","[object Object]",2090,12.62631011962891,"1.596971769806298","1.220682618965359","2038","1573.3777633717293","294.5017400576974","-352.80966296338875","2049","2055","GW1","Carbon Capture and Storage","ok","high","medium","medium","medium","high","high","high","high","high",,"medium","true","C1","C1: Below 1.5°C with no or limited overshoot","IMAGE 3.2","SSP2_SPA2_19I_LI","13.039619442912297","53.76608199911493","28.09801423764094","12.219305070925316","1573.3777633717293","1.220682618965359","1.596971769806298","0.00364522"
"1076","SSP2021-SSP2-SPA2-19-Lifestyle","IMAGE 3.2","Final Energy|Residential and Commercial","EJ/yr","[object Object]",2095,12.47012078857422,"1.596971769806298","1.220682618965359","2038","1573.3777633717293","294.5017400576974","-352.80966296338875","2049","2055","GW1","Carbon Capture and Storage","ok","high","medium","medium","medium","high","high","high","high","high",,"medium","true","C1","C1: Below 1.5°C with no or limited overshoot","IMAGE 3.2","SSP2_SPA2_19I_LI","13.039619442912297","53.76608199911493","28.09801423764094","12.219305070925316","1573.3777633717293","1.220682618965359","1.596971769806298","0.00364522"
"1076","SSP2021-SSP2-SPA2-19-Lifestyle","IMAGE 3.2","Final Energy|Residential and Commercial","EJ/yr","[object Object]",2100,12.08382757568359,"1.596971769806298","1.220682618965359","2038","1573.3777633717293","294.5017400576974","-352.80966296338875","2049","2055","GW1","Carbon Capture and Storage","ok","high","medium","medium","medium","high","high","high","high","high",,"medium","true","C1","C1: Below 1.5°C with no or limited overshoot","IMAGE 3.2","SSP2_SPA2_19I_LI","13.039619442912297","53.76608199911493","28.09801423764094","12.219305070925316","1573.3777633717293","1.220682618965359","1.596971769806298","0.00364522"
"1077","SSP2021-SSP2-SPA2-19-Lifestyle-Renewables","IMAGE 3.2","Final Energy|Residential and Commercial","EJ/yr","[object Object]",2010,20.8891872253418,"1.619104189336387","1.226703461460011","2039","1836.8293673876194","201.16165988970675","-363.4737763351264","2048","2069","GW1","Carbon Capture and Storage","ok","high","medium","medium","medium","high","ok","medium","ok","high",,"medium","true","C2","C2: Below 1.5°C with high OS","IMAGE 3.2","SSP2_SPA2_19I_LIRE","19.974215969004174","53.37677360293442","24.867380406682287","12.052741452250956","1836.8293673876194","1.226703461460011","1.619104189336387","0.003653952"
"1077","SSP2021-SSP2-SPA2-19-Lifestyle-Renewables","IMAGE 3.2","Final Energy|Residential and Commercial","EJ/yr","[object Object]",2015,20.8626576538086,"1.619104189336387","1.226703461460011","2039","1836.8293673876194","201.16165988970675","-363.4737763351264","2048","2069","GW1","Carbon Capture and Storage","ok","high","medium","medium","medium","high","ok","medium","ok","high",,"medium","true","C2","C2: Below 1.5°C with high OS","IMAGE 3.2","SSP2_SPA2_19I_LIRE","19.974215969004174","53.37677360293442","24.867380406682287","12.052741452250956","1836.8293673876194","1.226703461460011","1.619104189336387","0.003653952"
"1077","SSP2021-SSP2-SPA2-19-Lifestyle-Renewables","IMAGE 3.2","Final Energy|Residential and Commercial","EJ/yr","[object Object]",2020,20.13357202148438,"1.619104189336387","1.226703461460011","2039","1836.8293673876194","201.16165988970675","-363.4737763351264","2048","2069","GW1","Carbon Capture and Storage","ok","high","medium","medium","medium","high","ok","medium","ok","high",,"medium","true","C2","C2: Below 1.5°C with high OS","IMAGE 3.2","SSP2_SPA2_19I_LIRE","19.974215969004174","53.37677360293442","24.867380406682287","12.052741452250956","1836.8293673876194","1.226703461460011","1.619104189336387","0.003653952"
"1077","SSP2021-SSP2-SPA2-19-Lifestyle-Renewables","IMAGE 3.2","Final Energy|Residential and Commercial","EJ/yr","[object Object]",2025,21.2770249633789,"1.619104189336387","1.226703461460011","2039","1836.8293673876194","201.16165988970675","-363.4737763351264","2048","2069","GW1","Carbon Capture and Storage","ok","high","medium","medium","medium","high","ok","medium","ok","high",,"medium","true","C2","C2: Below 1.5°C with high OS","IMAGE 3.2","SSP2_SPA2_19I_LIRE","19.974215969004174","53.37677360293442","24.867380406682287","12.052741452250956","1836.8293673876194","1.226703461460011","1.619104189336387","0.003653952"
"1077","SSP2021-SSP2-SPA2-19-Lifestyle-Renewables","IMAGE 3.2","Final Energy|Residential and Commercial","EJ/yr","[object Object]",2030,21.28589050292969,"1.619104189336387","1.226703461460011","2039","1836.8293673876194","201.16165988970675","-363.4737763351264","2048","2069","GW1","Carbon Capture and Storage","ok","high","medium","medium","medium","high","ok","medium","ok","high",,"medium","true","C2","C2: Below 1.5°C with high OS","IMAGE 3.2","SSP2_SPA2_19I_LIRE","19.974215969004174","53.37677360293442","24.867380406682287","12.052741452250956","1836.8293673876194","1.226703461460011","1.619104189336387","0.003653952"
"1077","SSP2021-SSP2-SPA2-19-Lifestyle-Renewables","IMAGE 3.2","Final Energy|Residential and Commercial","EJ/yr","[object Object]",2035,19.23977581787109,"1.619104189336387","1.226703461460011","2039","1836.8293673876194","201.16165988970675","-363.4737763351264","2048","2069","GW1","Carbon Capture and Storage","ok","high","medium","medium","medium","high","ok","medium","ok","high",,"medium","true","C2","C2: Below 1.5°C with high OS","IMAGE 3.2","SSP2_SPA2_19I_LIRE","19.974215969004174","53.37677360293442","24.867380406682287","12.052741452250956","1836.8293673876194","1.226703461460011","1.619104189336387","0.003653952"
"1077","SSP2021-SSP2-SPA2-19-Lifestyle-Renewables","IMAGE 3.2","Final Energy|Residential and Commercial","EJ/yr","[object Object]",2040,17.51097491455078,"1.619104189336387","1.226703461460011","2039","1836.8293673876194","201.16165988970675","-363.4737763351264","2048","2069","GW1","Carbon Capture and Storage","ok","high","medium","medium","medium","high","ok","medium","ok","high",,"medium","true","C2","C2: Below 1.5°C with high OS","IMAGE 3.2","SSP2_SPA2_19I_LIRE","19.974215969004174","53.37677360293442","24.867380406682287","12.052741452250956","1836.8293673876194","1.226703461460011","1.619104189336387","0.003653952"
"1077","SSP2021-SSP2-SPA2-19-Lifestyle-Renewables","IMAGE 3.2","Final Energy|Residential and Commercial","EJ/yr","[object Object]",2045,16.09124780273437,"1.619104189336387","1.226703461460011","2039","1836.8293673876194","201.16165988970675","-363.4737763351264","2048","2069","GW1","Carbon Capture and Storage","ok","high","medium","medium","medium","high","ok","medium","ok","high",,"medium","true","C2","C2: Below 1.5°C with high OS","IMAGE 3.2","SSP2_SPA2_19I_LIRE","19.974215969004174","53.37677360293442","24.867380406682287","12.052741452250956","1836.8293673876194","1.226703461460011","1.619104189336387","0.003653952"
"1077","SSP2021-SSP2-SPA2-19-Lifestyle-Renewables","IMAGE 3.2","Final Energy|Residential and Commercial","EJ/yr","[object Object]",2050,15.37214508056641,"1.619104189336387","1.226703461460011","2039","1836.8293673876194","201.16165988970675","-363.4737763351264","2048","2069","GW1","Carbon Capture and Storage","ok","high","medium","medium","medium","high","ok","medium","ok","high",,"medium","true","C2","C2: Below 1.5°C with high OS","IMAGE 3.2","SSP2_SPA2_19I_LIRE","19.974215969004174","53.37677360293442","24.867380406682287","12.052741452250956","1836.8293673876194","1.226703461460011","1.619104189336387","0.003653952"
"1077","SSP2021-SSP2-SPA2-19-Lifestyle-Renewables","IMAGE 3.2","Final Energy|Residential and Commercial","EJ/yr","[object Object]",2055,15.30751000976562,"1.619104189336387","1.226703461460011","2039","1836.8293673876194","201.16165988970675","-363.4737763351264","2048","2069","GW1","Carbon Capture and Storage","ok","high","medium","medium","medium","high","ok","medium","ok","high",,"medium","true","C2","C2: Below 1.5°C with high OS","IMAGE 3.2","SSP2_SPA2_19I_LIRE","19.974215969004174","53.37677360293442","24.867380406682287","12.052741452250956","1836.8293673876194","1.226703461460011","1.619104189336387","0.003653952"
"1077","SSP2021-SSP2-SPA2-19-Lifestyle-Renewables","IMAGE 3.2","Final Energy|Residential and Commercial","EJ/yr","[object Object]",2060,15.31283111572266,"1.619104189336387","1.226703461460011","2039","1836.8293673876194","201.16165988970675","-363.4737763351264","2048","2069","GW1","Carbon Capture and Storage","ok","high","medium","medium","medium","high","ok","medium","ok","high",,"medium","true","C2","C2: Below 1.5°C with high OS","IMAGE 3.2","SSP2_SPA2_19I_LIRE","19.974215969004174","53.37677360293442","24.867380406682287","12.052741452250956","1836.8293673876194","1.226703461460011","1.619104189336387","0.003653952"
"1077","SSP2021-SSP2-SPA2-19-Lifestyle-Renewables","IMAGE 3.2","Final Energy|Residential and Commercial","EJ/yr","[object Object]",2065,15.23401654052735,"1.619104189336387","1.226703461460011","2039","1836.8293673876194","201.16165988970675","-363.4737763351264","2048","2069","GW1","Carbon Capture and Storage","ok","high","medium","medium","medium","high","ok","medium","ok","high",,"medium","true","C2","C2: Below 1.5°C with high OS","IMAGE 3.2","SSP2_SPA2_19I_LIRE","19.974215969004174","53.37677360293442","24.867380406682287","12.052741452250956","1836.8293673876194","1.226703461460011","1.619104189336387","0.003653952"
"1077","SSP2021-SSP2-SPA2-19-Lifestyle-Renewables","IMAGE 3.2","Final Energy|Residential and Commercial","EJ/yr","[object Object]",2070,15.09246783447266,"1.619104189336387","1.226703461460011","2039","1836.8293673876194","201.16165988970675","-363.4737763351264","2048","2069","GW1","Carbon Capture and Storage","ok","high","medium","medium","medium","high","ok","medium","ok","high",,"medium","true","C2","C2: Below 1.5°C with high OS","IMAGE 3.2","SSP2_SPA2_19I_LIRE","19.974215969004174","53.37677360293442","24.867380406682287","12.052741452250956","1836.8293673876194","1.226703461460011","1.619104189336387","0.003653952"
"1077","SSP2021-SSP2-SPA2-19-Lifestyle-Renewables","IMAGE 3.2","Final Energy|Residential and Commercial","EJ/yr","[object Object]",2075,14.95623864746094,"1.619104189336387","1.226703461460011","2039","1836.8293673876194","201.16165988970675","-363.4737763351264","2048","2069","GW1","Carbon Capture and Storage","ok","high","medium","medium","medium","high","ok","medium","ok","high",,"medium","true","C2","C2: Below 1.5°C with high OS","IMAGE 3.2","SSP2_SPA2_19I_LIRE","19.974215969004174","53.37677360293442","24.867380406682287","12.052741452250956","1836.8293673876194","1.226703461460011","1.619104189336387","0.003653952"
"1077","SSP2021-SSP2-SPA2-19-Lifestyle-Renewables","IMAGE 3.2","Final Energy|Residential and Commercial","EJ/yr","[object Object]",2080,14.75134857177734,"1.619104189336387","1.226703461460011","2039","1836.8293673876194","201.16165988970675","-363.4737763351264","2048","2069","GW1","Carbon Capture and Storage","ok","high","medium","medium","medium","high","ok","medium","ok","high",,"medium","true","C2","C2: Below 1.5°C with high OS","IMAGE 3.2","SSP2_SPA2_19I_LIRE","19.974215969004174","53.37677360293442","24.867380406682287","12.052741452250956","1836.8293673876194","1.226703461460011","1.619104189336387","0.003653952"
"1077","SSP2021-SSP2-SPA2-19-Lifestyle-Renewables","IMAGE 3.2","Final Energy|Residential and Commercial","EJ/yr","[object Object]",2085,14.58590014648438,"1.619104189336387","1.226703461460011","2039","1836.8293673876194","201.16165988970675","-363.4737763351264","2048","2069","GW1","Carbon Capture and Storage","ok","high","medium","medium","medium","high","ok","medium","ok","high",,"medium","true","C2","C2: Below 1.5°C with high OS","IMAGE 3.2","SSP2_SPA2_19I_LIRE","19.974215969004174","53.37677360293442","24.867380406682287","12.052741452250956","1836.8293673876194","1.226703461460011","1.619104189336387","0.003653952"
"1077","SSP2021-SSP2-SPA2-19-Lifestyle-Renewables","IMAGE 3.2","Final Energy|Residential and Commercial","EJ/yr","[object Object]",2090,14.36892980957031,"1.619104189336387","1.226703461460011","2039","1836.8293673876194","201.16165988970675","-363.4737763351264","2048","2069","GW1","Carbon Capture and Storage","ok","high","medium","medium","medium","high","ok","medium","ok","high",,"medium","true","C2","C2: Below 1.5°C with high OS","IMAGE 3.2","SSP2_SPA2_19I_LIRE","19.974215969004174","53.37677360293442","24.867380406682287","12.052741452250956","1836.8293673876194","1.226703461460011","1.619104189336387","0.003653952"
"1077","SSP2021-SSP2-SPA2-19-Lifestyle-Renewables","IMAGE 3.2","Final Energy|Residential and Commercial","EJ/yr","[object Object]",2095,14.12702362060547,"1.619104189336387","1.226703461460011","2039","1836.8293673876194","201.16165988970675","-363.4737763351264","2048","2069","GW1","Carbon Capture and Storage","ok","high","medium","medium","medium","high","ok","medium","ok","high",,"medium","true","C2","C2: Below 1.5°C with high OS","IMAGE 3.2","SSP2_SPA2_19I_LIRE","19.974215969004174","53.37677360293442","24.867380406682287","12.052741452250956","1836.8293673876194","1.226703461460011","1.619104189336387","0.003653952"
"1077","SSP2021-SSP2-SPA2-19-Lifestyle-Renewables","IMAGE 3.2","Final Energy|Residential and Commercial","EJ/yr","[object Object]",2100,13.80061517333984,"1.619104189336387","1.226703461460011","2039","1836.8293673876194","201.16165988970675","-363.4737763351264","2048","2069","GW1","Carbon Capture and Storage","ok","high","medium","medium","medium","high","ok","medium","ok","high",,"medium","true","C2","C2: Below 1.5°C with high OS","IMAGE 3.2","SSP2_SPA2_19I_LIRE","19.974215969004174","53.37677360293442","24.867380406682287","12.052741452250956","1836.8293673876194","1.226703461460011","1.619104189336387","0.003653952"
"1134","COVID-Shift-GreenPush_550","MESSAGEix-GLOBIOM 1.2","Final Energy|Residential and Commercial","EJ/yr","[object Object]",2010,23.61326037340778,"1.581137867169946","1.377182512868632","2039","661.5350771875275","474.0680507022182",,"2085",,"GW1",,"failed","high","medium","ok",,,,,,"ok",,"medium","true","C1","C1: Below 1.5°C with no or limited overshoot","MESSAGEix-GLOBIOM_1.2","COV_GreenPush_550","0","0","12.026072691592367","8.594482490154036","661.5350771875275","1.377182512868632","1.581137867169946",
"1134","COVID-Shift-GreenPush_550","MESSAGEix-GLOBIOM 1.2","Final Energy|Residential and Commercial","EJ/yr","[object Object]",2015,21.01138978989012,"1.581137867169946","1.377182512868632","2039","661.5350771875275","474.0680507022182",,"2085",,"GW1",,"failed","high","medium","ok",,,,,,"ok",,"medium","true","C1","C1: Below 1.5°C with no or limited overshoot","MESSAGEix-GLOBIOM_1.2","COV_GreenPush_550","0","0","12.026072691592367","8.594482490154036","661.5350771875275","1.377182512868632","1.581137867169946",
"1134","COVID-Shift-GreenPush_550","MESSAGEix-GLOBIOM 1.2","Final Energy|Residential and Commercial","EJ/yr","[object Object]",2020,23.10204843995908,"1.581137867169946","1.377182512868632","2039","661.5350771875275","474.0680507022182",,"2085",,"GW1",,"failed","high","medium","ok",,,,,,"ok",,"medium","true","C1","C1: Below 1.5°C with no or limited overshoot","MESSAGEix-GLOBIOM_1.2","COV_GreenPush_550","0","0","12.026072691592367","8.594482490154036","661.5350771875275","1.377182512868632","1.581137867169946",
"1134","COVID-Shift-GreenPush_550","MESSAGEix-GLOBIOM 1.2","Final Energy|Residential and Commercial","EJ/yr","[object Object]",2021,22.05453964251229,"1.581137867169946","1.377182512868632","2039","661.5350771875275","474.0680507022182",,"2085",,"GW1",,"failed","high","medium","ok",,,,,,"ok",,"medium","true","C1","C1: Below 1.5°C with no or limited overshoot","MESSAGEix-GLOBIOM_1.2","COV_GreenPush_550","0","0","12.026072691592367","8.594482490154036","661.5350771875275","1.377182512868632","1.581137867169946",
"1134","COVID-Shift-GreenPush_550","MESSAGEix-GLOBIOM 1.2","Final Energy|Residential and Commercial","EJ/yr","[object Object]",2022,21.4646143169687,"1.581137867169946","1.377182512868632","2039","661.5350771875275","474.0680507022182",,"2085",,"GW1",,"failed","high","medium","ok",,,,,,"ok",,"medium","true","C1","C1: Below 1.5°C with no or limited overshoot","MESSAGEix-GLOBIOM_1.2","COV_GreenPush_550","0","0","12.026072691592367","8.594482490154036","661.5350771875275","1.377182512868632","1.581137867169946",
"1134","COVID-Shift-GreenPush_550","MESSAGEix-GLOBIOM 1.2","Final Energy|Residential and Commercial","EJ/yr","[object Object]",2023,21.14782417857543,"1.581137867169946","1.377182512868632","2039","661.5350771875275","474.0680507022182",,"2085",,"GW1",,"failed","high","medium","ok",,,,,,"ok",,"medium","true","C1","C1: Below 1.5°C with no or limited overshoot","MESSAGEix-GLOBIOM_1.2","COV_GreenPush_550","0","0","12.026072691592367","8.594482490154036","661.5350771875275","1.377182512868632","1.581137867169946",
"1134","COVID-Shift-GreenPush_550","MESSAGEix-GLOBIOM 1.2","Final Energy|Residential and Commercial","EJ/yr","[object Object]",2024,20.89637776410844,"1.581137867169946","1.377182512868632","2039","661.5350771875275","474.0680507022182",,"2085",,"GW1",,"failed","high","medium","ok",,,,,,"ok",,"medium","true","C1","C1: Below 1.5°C with no or limited overshoot","MESSAGEix-GLOBIOM_1.2","COV_GreenPush_550","0","0","12.026072691592367","8.594482490154036","661.5350771875275","1.377182512868632","1.581137867169946",
"1134","COVID-Shift-GreenPush_550","MESSAGEix-GLOBIOM 1.2","Final Energy|Residential and Commercial","EJ/yr","[object Object]",2025,20.66343740851753,"1.581137867169946","1.377182512868632","2039","661.5350771875275","474.0680507022182",,"2085",,"GW1",,"failed","high","medium","ok",,,,,,"ok",,"medium","true","C1","C1: Below 1.5°C with no or limited overshoot","MESSAGEix-GLOBIOM_1.2","COV_GreenPush_550","0","0","12.026072691592367","8.594482490154036","661.5350771875275","1.377182512868632","1.581137867169946",
"1134","COVID-Shift-GreenPush_550","MESSAGEix-GLOBIOM 1.2","Final Energy|Residential and Commercial","EJ/yr","[object Object]",2030,19.43410622309532,"1.581137867169946","1.377182512868632","2039","661.5350771875275","474.0680507022182",,"2085",,"GW1",,"failed","high","medium","ok",,,,,,"ok",,"medium","true","C1","C1: Below 1.5°C with no or limited overshoot","MESSAGEix-GLOBIOM_1.2","COV_GreenPush_550","0","0","12.026072691592367","8.594482490154036","661.5350771875275","1.377182512868632","1.581137867169946",
"1134","COVID-Shift-GreenPush_550","MESSAGEix-GLOBIOM 1.2","Final Energy|Residential and Commercial","EJ/yr","[object Object]",2035,18.75019458116453,"1.581137867169946","1.377182512868632","2039","661.5350771875275","474.0680507022182",,"2085",,"GW1",,"failed","high","medium","ok",,,,,,"ok",,"medium","true","C1","C1: Below 1.5°C with no or limited overshoot","MESSAGEix-GLOBIOM_1.2","COV_GreenPush_550","0","0","12.026072691592367","8.594482490154036","661.5350771875275","1.377182512868632","1.581137867169946",
"1134","COVID-Shift-GreenPush_550","MESSAGEix-GLOBIOM 1.2","Final Energy|Residential and Commercial","EJ/yr","[object Object]",2040,18.49401820852116,"1.581137867169946","1.377182512868632","2039","661.5350771875275","474.0680507022182",,"2085",,"GW1",,"failed","high","medium","ok",,,,,,"ok",,"medium","true","C1","C1: Below 1.5°C with no or limited overshoot","MESSAGEix-GLOBIOM_1.2","COV_GreenPush_550","0","0","12.026072691592367","8.594482490154036","661.5350771875275","1.377182512868632","1.581137867169946",
"1134","COVID-Shift-GreenPush_550","MESSAGEix-GLOBIOM 1.2","Final Energy|Residential and Commercial","EJ/yr","[object Object]",2045,18.64688512577841,"1.581137867169946","1.377182512868632","2039","661.5350771875275","474.0680507022182",,"2085",,"GW1",,"failed","high","medium","ok",,,,,,"ok",,"medium","true","C1","C1: Below 1.5°C with no or limited overshoot","MESSAGEix-GLOBIOM_1.2","COV_GreenPush_550","0","0","12.026072691592367","8.594482490154036","661.5350771875275","1.377182512868632","1.581137867169946",
"1134","COVID-Shift-GreenPush_550","MESSAGEix-GLOBIOM 1.2","Final Energy|Residential and Commercial","EJ/yr","[object Object]",2050,18.82408355305992,"1.581137867169946","1.377182512868632","2039","661.5350771875275","474.0680507022182",,"2085",,"GW1",,"failed","high","medium","ok",,,,,,"ok",,"medium","true","C1","C1: Below 1.5°C with no or limited overshoot","MESSAGEix-GLOBIOM_1.2","COV_GreenPush_550","0","0","12.026072691592367","8.594482490154036","661.5350771875275","1.377182512868632","1.581137867169946",
"1134","COVID-Shift-GreenPush_550","MESSAGEix-GLOBIOM 1.2","Final Energy|Residential and Commercial","EJ/yr","[object Object]",2055,19.45765488483321,"1.581137867169946","1.377182512868632","2039","661.5350771875275","474.0680507022182",,"2085",,"GW1",,"failed","high","medium","ok",,,,,,"ok",,"medium","true","C1","C1: Below 1.5°C with no or limited overshoot","MESSAGEix-GLOBIOM_1.2","COV_GreenPush_550","0","0","12.026072691592367","8.594482490154036","661.5350771875275","1.377182512868632","1.581137867169946",
"1134","COVID-Shift-GreenPush_550","MESSAGEix-GLOBIOM 1.2","Final Energy|Residential and Commercial","EJ/yr","[object Object]",2060,20.46091696428303,"1.581137867169946","1.377182512868632","2039","661.5350771875275","474.0680507022182",,"2085",,"GW1",,"failed","high","medium","ok",,,,,,"ok",,"medium","true","C1","C1: Below 1.5°C with no or limited overshoot","MESSAGEix-GLOBIOM_1.2","COV_GreenPush_550","0","0","12.026072691592367","8.594482490154036","661.5350771875275","1.377182512868632","1.581137867169946",
"1134","COVID-Shift-GreenPush_550","MESSAGEix-GLOBIOM 1.2","Final Energy|Residential and Commercial","EJ/yr","[object Object]",2070,22.700678664066,"1.581137867169946","1.377182512868632","2039","661.5350771875275","474.0680507022182",,"2085",,"GW1",,"failed","high","medium","ok",,,,,,"ok",,"medium","true","C1","C1: Below 1.5°C with no or limited overshoot","MESSAGEix-GLOBIOM_1.2","COV_GreenPush_550","0","0","12.026072691592367","8.594482490154036","661.5350771875275","1.377182512868632","1.581137867169946",
"1134","COVID-Shift-GreenPush_550","MESSAGEix-GLOBIOM 1.2","Final Energy|Residential and Commercial","EJ/yr","[object Object]",2080,25.11627152383725,"1.581137867169946","1.377182512868632","2039","661.5350771875275","474.0680507022182",,"2085",,"GW1",,"failed","high","medium","ok",,,,,,"ok",,"medium","true","C1","C1: Below 1.5°C with no or limited overshoot","MESSAGEix-GLOBIOM_1.2","COV_GreenPush_550","0","0","12.026072691592367","8.594482490154036","661.5350771875275","1.377182512868632","1.581137867169946",
"1134","COVID-Shift-GreenPush_550","MESSAGEix-GLOBIOM 1.2","Final Energy|Residential and Commercial","EJ/yr","[object Object]",2090,27.52258231542488,"1.581137867169946","1.377182512868632","2039","661.5350771875275","474.0680507022182",,"2085",,"GW1",,"failed","high","medium","ok",,,,,,"ok",,"medium","true","C1","C1: Below 1.5°C with no or limited overshoot","MESSAGEix-GLOBIOM_1.2","COV_GreenPush_550","0","0","12.026072691592367","8.594482490154036","661.5350771875275","1.377182512868632","1.581137867169946",
"1134","COVID-Shift-GreenPush_550","MESSAGEix-GLOBIOM 1.2","Final Energy|Residential and Commercial","EJ/yr","[object Object]",2100,29.31475163313822,"1.581137867169946","1.377182512868632","2039","661.5350771875275","474.0680507022182",,"2085",,"GW1",,"failed","high","medium","ok",,,,,,"ok",,"medium","true","C1","C1: Below 1.5°C with no or limited overshoot","MESSAGEix-GLOBIOM_1.2","COV_GreenPush_550","0","0","12.026072691592367","8.594482490154036","661.5350771875275","1.377182512868632","1.581137867169946",
"1139","COVID-Shift-NoPolicyNoCOVID_550","MESSAGEix-GLOBIOM 1.2","Final Energy|Residential and Commercial","EJ/yr","[object Object]",2010,23.61326037340778,"1.595303137999946","1.386329094260399","2039","675.3145491206004","469.8756093291136","-0.003100428510819509","2055",,"GW1",,"failed","high","medium","ok",,,,,,"ok",,"medium","true","C1","C1: Below 1.5°C with no or limited overshoot","MESSAGEix-GLOBIOM_1.2","COV_NoPolicyNoCOVID_550","0","0","11.228298972055988","8.857627580826872","675.3145491206004","1.386329094260399","1.595303137999946",
"1139","COVID-Shift-NoPolicyNoCOVID_550","MESSAGEix-GLOBIOM 1.2","Final Energy|Residential and Commercial","EJ/yr","[object Object]",2015,21.01138978989012,"1.595303137999946","1.386329094260399","2039","675.3145491206004","469.8756093291136","-0.003100428510819509","2055",,"GW1",,"failed","high","medium","ok",,,,,,"ok",,"medium","true","C1","C1: Below 1.5°C with no or limited overshoot","MESSAGEix-GLOBIOM_1.2","COV_NoPolicyNoCOVID_550","0","0","11.228298972055988","8.857627580826872","675.3145491206004","1.386329094260399","1.595303137999946",
"1139","COVID-Shift-NoPolicyNoCOVID_550","MESSAGEix-GLOBIOM 1.2","Final Energy|Residential and Commercial","EJ/yr","[object Object]",2020,22.04639030512675,"1.595303137999946","1.386329094260399","2039","675.3145491206004","469.8756093291136","-0.003100428510819509","2055",,"GW1",,"failed","high","medium","ok",,,,,,"ok",,"medium","true","C1","C1: Below 1.5°C with no or limited overshoot","MESSAGEix-GLOBIOM_1.2","COV_NoPolicyNoCOVID_550","0","0","11.228298972055988","8.857627580826872","675.3145491206004","1.386329094260399","1.595303137999946",
"1139","COVID-Shift-NoPolicyNoCOVID_550","MESSAGEix-GLOBIOM 1.2","Final Energy|Residential and Commercial","EJ/yr","[object Object]",2021,21.58388149872433,"1.595303137999946","1.386329094260399","2039","675.3145491206004","469.8756093291136","-0.003100428510819509","2055",,"GW1",,"failed","high","medium","ok",,,,,,"ok",,"medium","true","C1","C1: Below 1.5°C with no or limited overshoot","MESSAGEix-GLOBIOM_1.2","COV_NoPolicyNoCOVID_550","0","0","11.228298972055988","8.857627580826872","675.3145491206004","1.386329094260399","1.595303137999946",
"1139","COVID-Shift-NoPolicyNoCOVID_550","MESSAGEix-GLOBIOM 1.2","Final Energy|Residential and Commercial","EJ/yr","[object Object]",2022,21.16462915568325,"1.595303137999946","1.386329094260399","2039","675.3145491206004","469.8756093291136","-0.003100428510819509","2055",,"GW1",,"failed","high","medium","ok",,,,,,"ok",,"medium","true","C1","C1: Below 1.5°C with no or limited overshoot","MESSAGEix-GLOBIOM_1.2","COV_NoPolicyNoCOVID_550","0","0","11.228298972055988","8.857627580826872","675.3145491206004","1.386329094260399","1.595303137999946",
"1139","COVID-Shift-NoPolicyNoCOVID_550","MESSAGEix-GLOBIOM 1.2","Final Energy|Residential and Commercial","EJ/yr","[object Object]",2023,20.7997897618728,"1.595303137999946","1.386329094260399","2039","675.3145491206004","469.8756093291136","-0.003100428510819509","2055",,"GW1",,"failed","high","medium","ok",,,,,,"ok",,"medium","true","C1","C1: Below 1.5°C with no or limited overshoot","MESSAGEix-GLOBIOM_1.2","COV_NoPolicyNoCOVID_550","0","0","11.228298972055988","8.857627580826872","675.3145491206004","1.386329094260399","1.595303137999946",
"1139","COVID-Shift-NoPolicyNoCOVID_550","MESSAGEix-GLOBIOM 1.2","Final Energy|Residential and Commercial","EJ/yr","[object Object]",2024,20.5512148741395,"1.595303137999946","1.386329094260399","2039","675.3145491206004","469.8756093291136","-0.003100428510819509","2055",,"GW1",,"failed","high","medium","ok",,,,,,"ok",,"medium","true","C1","C1: Below 1.5°C with no or limited overshoot","MESSAGEix-GLOBIOM_1.2","COV_NoPolicyNoCOVID_550","0","0","11.228298972055988","8.857627580826872","675.3145491206004","1.386329094260399","1.595303137999946",
"1139","COVID-Shift-NoPolicyNoCOVID_550","MESSAGEix-GLOBIOM 1.2","Final Energy|Residential and Commercial","EJ/yr","[object Object]",2025,20.45279605349366,"1.595303137999946","1.386329094260399","2039","675.3145491206004","469.8756093291136","-0.003100428510819509","2055",,"GW1",,"failed","high","medium","ok",,,,,,"ok",,"medium","true","C1","C1: Below 1.5°C with no or limited overshoot","MESSAGEix-GLOBIOM_1.2","COV_NoPolicyNoCOVID_550","0","0","11.228298972055988","8.857627580826872","675.3145491206004","1.386329094260399","1.595303137999946",
"1139","COVID-Shift-NoPolicyNoCOVID_550","MESSAGEix-GLOBIOM 1.2","Final Energy|Residential and Commercial","EJ/yr","[object Object]",2030,19.25377759610062,"1.595303137999946","1.386329094260399","2039","675.3145491206004","469.8756093291136","-0.003100428510819509","2055",,"GW1",,"failed","high","medium","ok",,,,,,"ok",,"medium","true","C1","C1: Below 1.5°C with no or limited overshoot","MESSAGEix-GLOBIOM_1.2","COV_NoPolicyNoCOVID_550","0","0","11.228298972055988","8.857627580826872","675.3145491206004","1.386329094260399","1.595303137999946",
"1139","COVID-Shift-NoPolicyNoCOVID_550","MESSAGEix-GLOBIOM 1.2","Final Energy|Residential and Commercial","EJ/yr","[object Object]",2035,17.93067534652434,"1.595303137999946","1.386329094260399","2039","675.3145491206004","469.8756093291136","-0.003100428510819509","2055",,"GW1",,"failed","high","medium","ok",,,,,,"ok",,"medium","true","C1","C1: Below 1.5°C with no or limited overshoot","MESSAGEix-GLOBIOM_1.2","COV_NoPolicyNoCOVID_550","0","0","11.228298972055988","8.857627580826872","675.3145491206004","1.386329094260399","1.595303137999946",
"1139","COVID-Shift-NoPolicyNoCOVID_550","MESSAGEix-GLOBIOM 1.2","Final Energy|Residential and Commercial","EJ/yr","[object Object]",2040,17.69636589122931,"1.595303137999946","1.386329094260399","2039","675.3145491206004","469.8756093291136","-0.003100428510819509","2055",,"GW1",,"failed","high","medium","ok",,,,,,"ok",,"medium","true","C1","C1: Below 1.5°C with no or limited overshoot","MESSAGEix-GLOBIOM_1.2","COV_NoPolicyNoCOVID_550","0","0","11.228298972055988","8.857627580826872","675.3145491206004","1.386329094260399","1.595303137999946",
"1139","COVID-Shift-NoPolicyNoCOVID_550","MESSAGEix-GLOBIOM 1.2","Final Energy|Residential and Commercial","EJ/yr","[object Object]",2045,17.64485188193693,"1.595303137999946","1.386329094260399","2039","675.3145491206004","469.8756093291136","-0.003100428510819509","2055",,"GW1",,"failed","high","medium","ok",,,,,,"ok",,"medium","true","C1","C1: Below 1.5°C with no or limited overshoot","MESSAGEix-GLOBIOM_1.2","COV_NoPolicyNoCOVID_550","0","0","11.228298972055988","8.857627580826872","675.3145491206004","1.386329094260399","1.595303137999946",
"1139","COVID-Shift-NoPolicyNoCOVID_550","MESSAGEix-GLOBIOM 1.2","Final Energy|Residential and Commercial","EJ/yr","[object Object]",2050,17.9655693988861,"1.595303137999946","1.386329094260399","2039","675.3145491206004","469.8756093291136","-0.003100428510819509","2055",,"GW1",,"failed","high","medium","ok",,,,,,"ok",,"medium","true","C1","C1: Below 1.5°C with no or limited overshoot","MESSAGEix-GLOBIOM_1.2","COV_NoPolicyNoCOVID_550","0","0","11.228298972055988","8.857627580826872","675.3145491206004","1.386329094260399","1.595303137999946",
"1139","COVID-Shift-NoPolicyNoCOVID_550","MESSAGEix-GLOBIOM 1.2","Final Energy|Residential and Commercial","EJ/yr","[object Object]",2055,18.61361644892299,"1.595303137999946","1.386329094260399","2039","675.3145491206004","469.8756093291136","-0.003100428510819509","2055",,"GW1",,"failed","high","medium","ok",,,,,,"ok",,"medium","true","C1","C1: Below 1.5°C with no or limited overshoot","MESSAGEix-GLOBIOM_1.2","COV_NoPolicyNoCOVID_550","0","0","11.228298972055988","8.857627580826872","675.3145491206004","1.386329094260399","1.595303137999946",
"1139","COVID-Shift-NoPolicyNoCOVID_550","MESSAGEix-GLOBIOM 1.2","Final Energy|Residential and Commercial","EJ/yr","[object Object]",2060,19.57443256154341,"1.595303137999946","1.386329094260399","2039","675.3145491206004","469.8756093291136","-0.003100428510819509","2055",,"GW1",,"failed","high","medium","ok",,,,,,"ok",,"medium","true","C1","C1: Below 1.5°C with no or limited overshoot","MESSAGEix-GLOBIOM_1.2","COV_NoPolicyNoCOVID_550","0","0","11.228298972055988","8.857627580826872","675.3145491206004","1.386329094260399","1.595303137999946",
"1139","COVID-Shift-NoPolicyNoCOVID_550","MESSAGEix-GLOBIOM 1.2","Final Energy|Residential and Commercial","EJ/yr","[object Object]",2070,22.00081893422373,"1.595303137999946","1.386329094260399","2039","675.3145491206004","469.8756093291136","-0.003100428510819509","2055",,"GW1",,"failed","high","medium","ok",,,,,,"ok",,"medium","true","C1","C1: Below 1.5°C with no or limited overshoot","MESSAGEix-GLOBIOM_1.2","COV_NoPolicyNoCOVID_550","0","0","11.228298972055988","8.857627580826872","675.3145491206004","1.386329094260399","1.595303137999946",
"1139","COVID-Shift-NoPolicyNoCOVID_550","MESSAGEix-GLOBIOM 1.2","Final Energy|Residential and Commercial","EJ/yr","[object Object]",2080,24.42566839727705,"1.595303137999946","1.386329094260399","2039","675.3145491206004","469.8756093291136","-0.003100428510819509","2055",,"GW1",,"failed","high","medium","ok",,,,,,"ok",,"medium","true","C1","C1: Below 1.5°C with no or limited overshoot","MESSAGEix-GLOBIOM_1.2","COV_NoPolicyNoCOVID_550","0","0","11.228298972055988","8.857627580826872","675.3145491206004","1.386329094260399","1.595303137999946",
"1139","COVID-Shift-NoPolicyNoCOVID_550","MESSAGEix-GLOBIOM 1.2","Final Energy|Residential and Commercial","EJ/yr","[object Object]",2090,26.8306533768152,"1.595303137999946","1.386329094260399","2039","675.3145491206004","469.8756093291136","-0.003100428510819509","2055",,"GW1",,"failed","high","medium","ok",,,,,,"ok",,"medium","true","C1","C1: Below 1.5°C with no or limited overshoot","MESSAGEix-GLOBIOM_1.2","COV_NoPolicyNoCOVID_550","0","0","11.228298972055988","8.857627580826872","675.3145491206004","1.386329094260399","1.595303137999946",
"1139","COVID-Shift-NoPolicyNoCOVID_550","MESSAGEix-GLOBIOM 1.2","Final Energy|Residential and Commercial","EJ/yr","[object Object]",2100,28.63336239908924,"1.595303137999946","1.386329094260399","2039","675.3145491206004","469.8756093291136","-0.003100428510819509","2055",,"GW1",,"failed","high","medium","ok",,,,,,"ok",,"medium","true","C1","C1: Below 1.5°C with no or limited overshoot","MESSAGEix-GLOBIOM_1.2","COV_NoPolicyNoCOVID_550","0","0","11.228298972055988","8.857627580826872","675.3145491206004","1.386329094260399","1.595303137999946",
"1142","COVID-Shift-Restore_550","MESSAGEix-GLOBIOM 1.2","Final Energy|Residential and Commercial","EJ/yr","[object Object]",2010,23.61326037340778,"1.584171703240294","1.380511280035699","2039","664.8804024349963","474.9758631955264","-0.0042572324949286195","2055",,"GW1",,"failed","high","medium","ok",,,,,,"ok",,"medium","true","C1","C1: Below 1.5°C with no or limited overshoot","MESSAGEix-GLOBIOM_1.2","COV_Restore_550","0","0","11.919492226005676","8.673973943823526","664.8804024349963","1.380511280035699","1.584171703240294",
"1142","COVID-Shift-Restore_550","MESSAGEix-GLOBIOM 1.2","Final Energy|Residential and Commercial","EJ/yr","[object Object]",2015,21.01138978989012,"1.584171703240294","1.380511280035699","2039","664.8804024349963","474.9758631955264","-0.0042572324949286195","2055",,"GW1",,"failed","high","medium","ok",,,,,,"ok",,"medium","true","C1","C1: Below 1.5°C with no or limited overshoot","MESSAGEix-GLOBIOM_1.2","COV_Restore_550","0","0","11.919492226005676","8.673973943823526","664.8804024349963","1.380511280035699","1.584171703240294",
"1142","COVID-Shift-Restore_550","MESSAGEix-GLOBIOM 1.2","Final Energy|Residential and Commercial","EJ/yr","[object Object]",2020,23.10716819190827,"1.584171703240294","1.380511280035699","2039","664.8804024349963","474.9758631955264","-0.0042572324949286195","2055",,"GW1",,"failed","high","medium","ok",,,,,,"ok",,"medium","true","C1","C1: Below 1.5°C with no or limited overshoot","MESSAGEix-GLOBIOM_1.2","COV_Restore_550","0","0","11.919492226005676","8.673973943823526","664.8804024349963","1.380511280035699","1.584171703240294",
"1142","COVID-Shift-Restore_550","MESSAGEix-GLOBIOM 1.2","Final Energy|Residential and Commercial","EJ/yr","[object Object]",2021,21.36219012440586,"1.584171703240294","1.380511280035699","2039","664.8804024349963","474.9758631955264","-0.0042572324949286195","2055",,"GW1",,"failed","high","medium","ok",,,,,,"ok",,"medium","true","C1","C1: Below 1.5°C with no or limited overshoot","MESSAGEix-GLOBIOM_1.2","COV_Restore_550","0","0","11.919492226005676","8.673973943823526","664.8804024349963","1.380511280035699","1.584171703240294",
"1142","COVID-Shift-Restore_550","MESSAGEix-GLOBIOM 1.2","Final Energy|Residential and Commercial","EJ/yr","[object Object]",2022,20.66243865947339,"1.584171703240294","1.380511280035699","2039","664.8804024349963","474.9758631955264","-0.0042572324949286195","2055",,"GW1",,"failed","high","medium","ok",,,,,,"ok",,"medium","true","C1","C1: Below 1.5°C with no or limited overshoot","MESSAGEix-GLOBIOM_1.2","COV_Restore_550","0","0","11.919492226005676","8.673973943823526","664.8804024349963","1.380511280035699","1.584171703240294",
"1142","COVID-Shift-Restore_550","MESSAGEix-GLOBIOM 1.2","Final Energy|Residential and Commercial","EJ/yr","[object Object]",2023,20.29767233269277,"1.584171703240294","1.380511280035699","2039","664.8804024349963","474.9758631955264","-0.0042572324949286195","2055",,"GW1",,"failed","high","medium","ok",,,,,,"ok",,"medium","true","C1","C1: Below 1.5°C with no or limited overshoot","MESSAGEix-GLOBIOM_1.2","COV_Restore_550","0","0","11.919492226005676","8.673973943823526","664.8804024349963","1.380511280035699","1.584171703240294",
"1142","COVID-Shift-Restore_550","MESSAGEix-GLOBIOM 1.2","Final Energy|Residential and Commercial","EJ/yr","[object Object]",2024,20.09208334231538,"1.584171703240294","1.380511280035699","2039","664.8804024349963","474.9758631955264","-0.0042572324949286195","2055",,"GW1",,"failed","high","medium","ok",,,,,,"ok",,"medium","true","C1","C1: Below 1.5°C with no or limited overshoot","MESSAGEix-GLOBIOM_1.2","COV_Restore_550","0","0","11.919492226005676","8.673973943823526","664.8804024349963","1.380511280035699","1.584171703240294",
"1142","COVID-Shift-Restore_550","MESSAGEix-GLOBIOM 1.2","Final Energy|Residential and Commercial","EJ/yr","[object Object]",2025,19.82967107931767,"1.584171703240294","1.380511280035699","2039","664.8804024349963","474.9758631955264","-0.0042572324949286195","2055",,"GW1",,"failed","high","medium","ok",,,,,,"ok",,"medium","true","C1","C1: Below 1.5°C with no or limited overshoot","MESSAGEix-GLOBIOM_1.2","COV_Restore_550","0","0","11.919492226005676","8.673973943823526","664.8804024349963","1.380511280035699","1.584171703240294",
"1142","COVID-Shift-Restore_550","MESSAGEix-GLOBIOM 1.2","Final Energy|Residential and Commercial","EJ/yr","[object Object]",2030,18.58762127671529,"1.584171703240294","1.380511280035699","2039","664.8804024349963","474.9758631955264","-0.0042572324949286195","2055",,"GW1",,"failed","high","medium","ok",,,,,,"ok",,"medium","true","C1","C1: Below 1.5°C with no or limited overshoot","MESSAGEix-GLOBIOM_1.2","COV_Restore_550","0","0","11.919492226005676","8.673973943823526","664.8804024349963","1.380511280035699","1.584171703240294",
"1142","COVID-Shift-Restore_550","MESSAGEix-GLOBIOM 1.2","Final Energy|Residential and Commercial","EJ/yr","[object Object]",2035,17.89592929351396,"1.584171703240294","1.380511280035699","2039","664.8804024349963","474.9758631955264","-0.0042572324949286195","2055",,"GW1",,"failed","high","medium","ok",,,,,,"ok",,"medium","true","C1","C1: Below 1.5°C with no or limited overshoot","MESSAGEix-GLOBIOM_1.2","COV_Restore_550","0","0","11.919492226005676","8.673973943823526","664.8804024349963","1.380511280035699","1.584171703240294",
"1142","COVID-Shift-Restore_550","MESSAGEix-GLOBIOM 1.2","Final Energy|Residential and Commercial","EJ/yr","[object Object]",2040,17.72804027009633,"1.584171703240294","1.380511280035699","2039","664.8804024349963","474.9758631955264","-0.0042572324949286195","2055",,"GW1",,"failed","high","medium","ok",,,,,,"ok",,"medium","true","C1","C1: Below 1.5°C with no or limited overshoot","MESSAGEix-GLOBIOM_1.2","COV_Restore_550","0","0","11.919492226005676","8.673973943823526","664.8804024349963","1.380511280035699","1.584171703240294",
"1142","COVID-Shift-Restore_550","MESSAGEix-GLOBIOM 1.2","Final Energy|Residential and Commercial","EJ/yr","[object Object]",2045,17.93007600337875,"1.584171703240294","1.380511280035699","2039","664.8804024349963","474.9758631955264","-0.0042572324949286195","2055",,"GW1",,"failed","high","medium","ok",,,,,,"ok",,"medium","true","C1","C1: Below 1.5°C with no or limited overshoot","MESSAGEix-GLOBIOM_1.2","COV_Restore_550","0","0","11.919492226005676","8.673973943823526","664.8804024349963","1.380511280035699","1.584171703240294",
"1142","COVID-Shift-Restore_550","MESSAGEix-GLOBIOM 1.2","Final Energy|Residential and Commercial","EJ/yr","[object Object]",2050,18.14247212365705,"1.584171703240294","1.380511280035699","2039","664.8804024349963","474.9758631955264","-0.0042572324949286195","2055",,"GW1",,"failed","high","medium","ok",,,,,,"ok",,"medium","true","C1","C1: Below 1.5°C with no or limited overshoot","MESSAGEix-GLOBIOM_1.2","COV_Restore_550","0","0","11.919492226005676","8.673973943823526","664.8804024349963","1.380511280035699","1.584171703240294",
"1142","COVID-Shift-Restore_550","MESSAGEix-GLOBIOM 1.2","Final Energy|Residential and Commercial","EJ/yr","[object Object]",2055,18.90119739788673,"1.584171703240294","1.380511280035699","2039","664.8804024349963","474.9758631955264","-0.0042572324949286195","2055",,"GW1",,"failed","high","medium","ok",,,,,,"ok",,"medium","true","C1","C1: Below 1.5°C with no or limited overshoot","MESSAGEix-GLOBIOM_1.2","COV_Restore_550","0","0","11.919492226005676","8.673973943823526","664.8804024349963","1.380511280035699","1.584171703240294",
"1142","COVID-Shift-Restore_550","MESSAGEix-GLOBIOM 1.2","Final Energy|Residential and Commercial","EJ/yr","[object Object]",2060,19.85330480346369,"1.584171703240294","1.380511280035699","2039","664.8804024349963","474.9758631955264","-0.0042572324949286195","2055",,"GW1",,"failed","high","medium","ok",,,,,,"ok",,"medium","true","C1","C1: Below 1.5°C with no or limited overshoot","MESSAGEix-GLOBIOM_1.2","COV_Restore_550","0","0","11.919492226005676","8.673973943823526","664.8804024349963","1.380511280035699","1.584171703240294",
"1142","COVID-Shift-Restore_550","MESSAGEix-GLOBIOM 1.2","Final Energy|Residential and Commercial","EJ/yr","[object Object]",2070,22.23839482076168,"1.584171703240294","1.380511280035699","2039","664.8804024349963","474.9758631955264","-0.0042572324949286195","2055",,"GW1",,"failed","high","medium","ok",,,,,,"ok",,"medium","true","C1","C1: Below 1.5°C with no or limited overshoot","MESSAGEix-GLOBIOM_1.2","COV_Restore_550","0","0","11.919492226005676","8.673973943823526","664.8804024349963","1.380511280035699","1.584171703240294",
"1142","COVID-Shift-Restore_550","MESSAGEix-GLOBIOM 1.2","Final Energy|Residential and Commercial","EJ/yr","[object Object]",2080,24.38530227927546,"1.584171703240294","1.380511280035699","2039","664.8804024349963","474.9758631955264","-0.0042572324949286195","2055",,"GW1",,"failed","high","medium","ok",,,,,,"ok",,"medium","true","C1","C1: Below 1.5°C with no or limited overshoot","MESSAGEix-GLOBIOM_1.2","COV_Restore_550","0","0","11.919492226005676","8.673973943823526","664.8804024349963","1.380511280035699","1.584171703240294",
"1142","COVID-Shift-Restore_550","MESSAGEix-GLOBIOM 1.2","Final Energy|Residential and Commercial","EJ/yr","[object Object]",2090,26.99004036718839,"1.584171703240294","1.380511280035699","2039","664.8804024349963","474.9758631955264","-0.0042572324949286195","2055",,"GW1",,"failed","high","medium","ok",,,,,,"ok",,"medium","true","C1","C1: Below 1.5°C with no or limited overshoot","MESSAGEix-GLOBIOM_1.2","COV_Restore_550","0","0","11.919492226005676","8.673973943823526","664.8804024349963","1.380511280035699","1.584171703240294",
"1142","COVID-Shift-Restore_550","MESSAGEix-GLOBIOM 1.2","Final Energy|Residential and Commercial","EJ/yr","[object Object]",2100,28.84606512005254,"1.584171703240294","1.380511280035699","2039","664.8804024349963","474.9758631955264","-0.0042572324949286195","2055",,"GW1",,"failed","high","medium","ok",,,,,,"ok",,"medium","true","C1","C1: Below 1.5°C with no or limited overshoot","MESSAGEix-GLOBIOM_1.2","COV_Restore_550","0","0","11.919492226005676","8.673973943823526","664.8804024349963","1.380511280035699","1.584171703240294",
"1145","COVID-Shift-SelfReliance_550","MESSAGEix-GLOBIOM 1.2","Final Energy|Residential and Commercial","EJ/yr","[object Object]",2010,23.61326037340778,"1.584809496114322","1.379726774504838","2039","681.5083765884366","476.8539283001907","-0.0006530397268972014","2056",,"GW1",,"failed","high","medium","ok",,,,,,"ok",,"medium","true","C1","C1: Below 1.5°C with no or limited overshoot","MESSAGEix-GLOBIOM_1.2","COV_SelfReliance_550","0","0","11.262454218733895","8.707691058511358","681.5083765884366","1.379726774504838","1.584809496114322",
"1145","COVID-Shift-SelfReliance_550","MESSAGEix-GLOBIOM 1.2","Final Energy|Residential and Commercial","EJ/yr","[object Object]",2015,21.01138978989012,"1.584809496114322","1.379726774504838","2039","681.5083765884366","476.8539283001907","-0.0006530397268972014","2056",,"GW1",,"failed","high","medium","ok",,,,,,"ok",,"medium","true","C1","C1: Below 1.5°C with no or limited overshoot","MESSAGEix-GLOBIOM_1.2","COV_SelfReliance_550","0","0","11.262454218733895","8.707691058511358","681.5083765884366","1.379726774504838","1.584809496114322",
"1145","COVID-Shift-SelfReliance_550","MESSAGEix-GLOBIOM 1.2","Final Energy|Residential and Commercial","EJ/yr","[object Object]",2020,23.11716203958441,"1.584809496114322","1.379726774504838","2039","681.5083765884366","476.8539283001907","-0.0006530397268972014","2056",,"GW1",,"failed","high","medium","ok",,,,,,"ok",,"medium","true","C1","C1: Below 1.5°C with no or limited overshoot","MESSAGEix-GLOBIOM_1.2","COV_SelfReliance_550","0","0","11.262454218733895","8.707691058511358","681.5083765884366","1.379726774504838","1.584809496114322",
"1145","COVID-Shift-SelfReliance_550","MESSAGEix-GLOBIOM 1.2","Final Energy|Residential and Commercial","EJ/yr","[object Object]",2021,23.0110214247709,"1.584809496114322","1.379726774504838","2039","681.5083765884366","476.8539283001907","-0.0006530397268972014","2056",,"GW1",,"failed","high","medium","ok",,,,,,"ok",,"medium","true","C1","C1: Below 1.5°C with no or limited overshoot","MESSAGEix-GLOBIOM_1.2","COV_SelfReliance_550","0","0","11.262454218733895","8.707691058511358","681.5083765884366","1.379726774504838","1.584809496114322",
"1145","COVID-Shift-SelfReliance_550","MESSAGEix-GLOBIOM 1.2","Final Energy|Residential and Commercial","EJ/yr","[object Object]",2022,22.25860676751566,"1.584809496114322","1.379726774504838","2039","681.5083765884366","476.8539283001907","-0.0006530397268972014","2056",,"GW1",,"failed","high","medium","ok",,,,,,"ok",,"medium","true","C1","C1: Below 1.5°C with no or limited overshoot","MESSAGEix-GLOBIOM_1.2","COV_SelfReliance_550","0","0","11.262454218733895","8.707691058511358","681.5083765884366","1.379726774504838","1.584809496114322",
"1145","COVID-Shift-SelfReliance_550","MESSAGEix-GLOBIOM 1.2","Final Energy|Residential and Commercial","EJ/yr","[object Object]",2023,21.8545624668411,"1.584809496114322","1.379726774504838","2039","681.5083765884366","476.8539283001907","-0.0006530397268972014","2056",,"GW1",,"failed","high","medium","ok",,,,,,"ok",,"medium","true","C1","C1: Below 1.5°C with no or limited overshoot","MESSAGEix-GLOBIOM_1.2","COV_SelfReliance_550","0","0","11.262454218733895","8.707691058511358","681.5083765884366","1.379726774504838","1.584809496114322",
"1145","COVID-Shift-SelfReliance_550","MESSAGEix-GLOBIOM 1.2","Final Energy|Residential and Commercial","EJ/yr","[object Object]",2024,21.60101447912341,"1.584809496114322","1.379726774504838","2039","681.5083765884366","476.8539283001907","-0.0006530397268972014","2056",,"GW1",,"failed","high","medium","ok",,,,,,"ok",,"medium","true","C1","C1: Below 1.5°C with no or limited overshoot","MESSAGEix-GLOBIOM_1.2","COV_SelfReliance_550","0","0","11.262454218733895","8.707691058511358","681.5083765884366","1.379726774504838","1.584809496114322",
"1145","COVID-Shift-SelfReliance_550","MESSAGEix-GLOBIOM 1.2","Final Energy|Residential and Commercial","EJ/yr","[object Object]",2025,21.36124686683057,"1.584809496114322","1.379726774504838","2039","681.5083765884366","476.8539283001907","-0.0006530397268972014","2056",,"GW1",,"failed","high","medium","ok",,,,,,"ok",,"medium","true","C1","C1: Below 1.5°C with no or limited overshoot","MESSAGEix-GLOBIOM_1.2","COV_SelfReliance_550","0","0","11.262454218733895","8.707691058511358","681.5083765884366","1.379726774504838","1.584809496114322",
"1145","COVID-Shift-SelfReliance_550","MESSAGEix-GLOBIOM 1.2","Final Energy|Residential and Commercial","EJ/yr","[object Object]",2030,20.04183113307139,"1.584809496114322","1.379726774504838","2039","681.5083765884366","476.8539283001907","-0.0006530397268972014","2056",,"GW1",,"failed","high","medium","ok",,,,,,"ok",,"medium","true","C1","C1: Below 1.5°C with no or limited overshoot","MESSAGEix-GLOBIOM_1.2","COV_SelfReliance_550","0","0","11.262454218733895","8.707691058511358","681.5083765884366","1.379726774504838","1.584809496114322",
"1145","COVID-Shift-SelfReliance_550","MESSAGEix-GLOBIOM 1.2","Final Energy|Residential and Commercial","EJ/yr","[object Object]",2035,19.21013687555457,"1.584809496114322","1.379726774504838","2039","681.5083765884366","476.8539283001907","-0.0006530397268972014","2056",,"GW1",,"failed","high","medium","ok",,,,,,"ok",,"medium","true","C1","C1: Below 1.5°C with no or limited overshoot","MESSAGEix-GLOBIOM_1.2","COV_SelfReliance_550","0","0","11.262454218733895","8.707691058511358","681.5083765884366","1.379726774504838","1.584809496114322",
"1145","COVID-Shift-SelfReliance_550","MESSAGEix-GLOBIOM 1.2","Final Energy|Residential and Commercial","EJ/yr","[object Object]",2040,18.97271892385357,"1.584809496114322","1.379726774504838","2039","681.5083765884366","476.8539283001907","-0.0006530397268972014","2056",,"GW1",,"failed","high","medium","ok",,,,,,"ok",,"medium","true","C1","C1: Below 1.5°C with no or limited overshoot","MESSAGEix-GLOBIOM_1.2","COV_SelfReliance_550","0","0","11.262454218733895","8.707691058511358","681.5083765884366","1.379726774504838","1.584809496114322",
"1145","COVID-Shift-SelfReliance_550","MESSAGEix-GLOBIOM 1.2","Final Energy|Residential and Commercial","EJ/yr","[object Object]",2045,19.17477661604614,"1.584809496114322","1.379726774504838","2039","681.5083765884366","476.8539283001907","-0.0006530397268972014","2056",,"GW1",,"failed","high","medium","ok",,,,,,"ok",,"medium","true","C1","C1: Below 1.5°C with no or limited overshoot","MESSAGEix-GLOBIOM_1.2","COV_SelfReliance_550","0","0","11.262454218733895","8.707691058511358","681.5083765884366","1.379726774504838","1.584809496114322",
"1145","COVID-Shift-SelfReliance_550","MESSAGEix-GLOBIOM 1.2","Final Energy|Residential and Commercial","EJ/yr","[object Object]",2050,19.53078840061961,"1.584809496114322","1.379726774504838","2039","681.5083765884366","476.8539283001907","-0.0006530397268972014","2056",,"GW1",,"failed","high","medium","ok",,,,,,"ok",,"medium","true","C1","C1: Below 1.5°C with no or limited overshoot","MESSAGEix-GLOBIOM_1.2","COV_SelfReliance_550","0","0","11.262454218733895","8.707691058511358","681.5083765884366","1.379726774504838","1.584809496114322",
"1145","COVID-Shift-SelfReliance_550","MESSAGEix-GLOBIOM 1.2","Final Energy|Residential and Commercial","EJ/yr","[object Object]",2055,20.37059495351921,"1.584809496114322","1.379726774504838","2039","681.5083765884366","476.8539283001907","-0.0006530397268972014","2056",,"GW1",,"failed","high","medium","ok",,,,,,"ok",,"medium","true","C1","C1: Below 1.5°C with no or limited overshoot","MESSAGEix-GLOBIOM_1.2","COV_SelfReliance_550","0","0","11.262454218733895","8.707691058511358","681.5083765884366","1.379726774504838","1.584809496114322",
"1145","COVID-Shift-SelfReliance_550","MESSAGEix-GLOBIOM 1.2","Final Energy|Residential and Commercial","EJ/yr","[object Object]",2060,21.42116866803351,"1.584809496114322","1.379726774504838","2039","681.5083765884366","476.8539283001907","-0.0006530397268972014","2056",,"GW1",,"failed","high","medium","ok",,,,,,"ok",,"medium","true","C1","C1: Below 1.5°C with no or limited overshoot","MESSAGEix-GLOBIOM_1.2","COV_SelfReliance_550","0","0","11.262454218733895","8.707691058511358","681.5083765884366","1.379726774504838","1.584809496114322",
"1145","COVID-Shift-SelfReliance_550","MESSAGEix-GLOBIOM 1.2","Final Energy|Residential and Commercial","EJ/yr","[object Object]",2070,23.97621666793608,"1.584809496114322","1.379726774504838","2039","681.5083765884366","476.8539283001907","-0.0006530397268972014","2056",,"GW1",,"failed","high","medium","ok",,,,,,"ok",,"medium","true","C1","C1: Below 1.5°C with no or limited overshoot","MESSAGEix-GLOBIOM_1.2","COV_SelfReliance_550","0","0","11.262454218733895","8.707691058511358","681.5083765884366","1.379726774504838","1.584809496114322",
"1145","COVID-Shift-SelfReliance_550","MESSAGEix-GLOBIOM 1.2","Final Energy|Residential and Commercial","EJ/yr","[object Object]",2080,26.30367275096691,"1.584809496114322","1.379726774504838","2039","681.5083765884366","476.8539283001907","-0.0006530397268972014","2056",,"GW1",,"failed","high","medium","ok",,,,,,"ok",,"medium","true","C1","C1: Below 1.5°C with no or limited overshoot","MESSAGEix-GLOBIOM_1.2","COV_SelfReliance_550","0","0","11.262454218733895","8.707691058511358","681.5083765884366","1.379726774504838","1.584809496114322",
"1145","COVID-Shift-SelfReliance_550","MESSAGEix-GLOBIOM 1.2","Final Energy|Residential and Commercial","EJ/yr","[object Object]",2090,29.14408969323059,"1.584809496114322","1.379726774504838","2039","681.5083765884366","476.8539283001907","-0.0006530397268972014","2056",,"GW1",,"failed","high","medium","ok",,,,,,"ok",,"medium","true","C1","C1: Below 1.5°C with no or limited overshoot","MESSAGEix-GLOBIOM_1.2","COV_SelfReliance_550","0","0","11.262454218733895","8.707691058511358","681.5083765884366","1.379726774504838","1.584809496114322",
"1145","COVID-Shift-SelfReliance_550","MESSAGEix-GLOBIOM 1.2","Final Energy|Residential and Commercial","EJ/yr","[object Object]",2100,31.14429791433725,"1.584809496114322","1.379726774504838","2039","681.5083765884366","476.8539283001907","-0.0006530397268972014","2056",,"GW1",,"failed","high","medium","ok",,,,,,"ok",,"medium","true","C1","C1: Below 1.5°C with no or limited overshoot","MESSAGEix-GLOBIOM_1.2","COV_SelfReliance_550","0","0","11.262454218733895","8.707691058511358","681.5083765884366","1.379726774504838","1.584809496114322",
"1150","COVID-Shift-SmartUse_550","MESSAGEix-GLOBIOM 1.2","Final Energy|Residential and Commercial","EJ/yr","[object Object]",2010,23.61326037340778,"1.58277856814257","1.377717838490017","2039","669.8069354364604","475.4888924644321","-0.001861754449138879","2055",,"GW1",,"failed","high","medium","ok",,,,,,"ok",,"medium","true","C1","C1: Below 1.5°C with no or limited overshoot","MESSAGEix-GLOBIOM_1.2","COV_SmartUse_550","0","0","11.686535042851288","8.667145604541261","669.8069354364604","1.377717838490017","1.58277856814257",
"1150","COVID-Shift-SmartUse_550","MESSAGEix-GLOBIOM 1.2","Final Energy|Residential and Commercial","EJ/yr","[object Object]",2015,21.01138978989012,"1.58277856814257","1.377717838490017","2039","669.8069354364604","475.4888924644321","-0.001861754449138879","2055",,"GW1",,"failed","high","medium","ok",,,,,,"ok",,"medium","true","C1","C1: Below 1.5°C with no or limited overshoot","MESSAGEix-GLOBIOM_1.2","COV_SmartUse_550","0","0","11.686535042851288","8.667145604541261","669.8069354364604","1.377717838490017","1.58277856814257",
"1150","COVID-Shift-SmartUse_550","MESSAGEix-GLOBIOM 1.2","Final Energy|Residential and Commercial","EJ/yr","[object Object]",2020,23.10241640484082,"1.58277856814257","1.377717838490017","2039","669.8069354364604","475.4888924644321","-0.001861754449138879","2055",,"GW1",,"failed","high","medium","ok",,,,,,"ok",,"medium","true","C1","C1: Below 1.5°C with no or limited overshoot","MESSAGEix-GLOBIOM_1.2","COV_SmartUse_550","0","0","11.686535042851288","8.667145604541261","669.8069354364604","1.377717838490017","1.58277856814257",
"1150","COVID-Shift-SmartUse_550","MESSAGEix-GLOBIOM 1.2","Final Energy|Residential and Commercial","EJ/yr","[object Object]",2021,22.64136897837925,"1.58277856814257","1.377717838490017","2039","669.8069354364604","475.4888924644321","-0.001861754449138879","2055",,"GW1",,"failed","high","medium","ok",,,,,,"ok",,"medium","true","C1","C1: Below 1.5°C with no or limited overshoot","MESSAGEix-GLOBIOM_1.2","COV_SmartUse_550","0","0","11.686535042851288","8.667145604541261","669.8069354364604","1.377717838490017","1.58277856814257",
"1150","COVID-Shift-SmartUse_550","MESSAGEix-GLOBIOM 1.2","Final Energy|Residential and Commercial","EJ/yr","[object Object]",2022,21.96691866587128,"1.58277856814257","1.377717838490017","2039","669.8069354364604","475.4888924644321","-0.001861754449138879","2055",,"GW1",,"failed","high","medium","ok",,,,,,"ok",,"medium","true","C1","C1: Below 1.5°C with no or limited overshoot","MESSAGEix-GLOBIOM_1.2","COV_SmartUse_550","0","0","11.686535042851288","8.667145604541261","669.8069354364604","1.377717838490017","1.58277856814257",
"1150","COVID-Shift-SmartUse_550","MESSAGEix-GLOBIOM 1.2","Final Energy|Residential and Commercial","EJ/yr","[object Object]",2023,21.6000776050614,"1.58277856814257","1.377717838490017","2039","669.8069354364604","475.4888924644321","-0.001861754449138879","2055",,"GW1",,"failed","high","medium","ok",,,,,,"ok",,"medium","true","C1","C1: Below 1.5°C with no or limited overshoot","MESSAGEix-GLOBIOM_1.2","COV_SmartUse_550","0","0","11.686535042851288","8.667145604541261","669.8069354364604","1.377717838490017","1.58277856814257",
"1150","COVID-Shift-SmartUse_550","MESSAGEix-GLOBIOM 1.2","Final Energy|Residential and Commercial","EJ/yr","[object Object]",2024,21.36518411179616,"1.58277856814257","1.377717838490017","2039","669.8069354364604","475.4888924644321","-0.001861754449138879","2055",,"GW1",,"failed","high","medium","ok",,,,,,"ok",,"medium","true","C1","C1: Below 1.5°C with no or limited overshoot","MESSAGEix-GLOBIOM_1.2","COV_SmartUse_550","0","0","11.686535042851288","8.667145604541261","669.8069354364604","1.377717838490017","1.58277856814257",
"1150","COVID-Shift-SmartUse_550","MESSAGEix-GLOBIOM 1.2","Final Energy|Residential and Commercial","EJ/yr","[object Object]",2025,21.11684217844854,"1.58277856814257","1.377717838490017","2039","669.8069354364604","475.4888924644321","-0.001861754449138879","2055",,"GW1",,"failed","high","medium","ok",,,,,,"ok",,"medium","true","C1","C1: Below 1.5°C with no or limited overshoot","MESSAGEix-GLOBIOM_1.2","COV_SmartUse_550","0","0","11.686535042851288","8.667145604541261","669.8069354364604","1.377717838490017","1.58277856814257",
"1150","COVID-Shift-SmartUse_550","MESSAGEix-GLOBIOM 1.2","Final Energy|Residential and Commercial","EJ/yr","[object Object]",2030,19.84697812806013,"1.58277856814257","1.377717838490017","2039","669.8069354364604","475.4888924644321","-0.001861754449138879","2055",,"GW1",,"failed","high","medium","ok",,,,,,"ok",,"medium","true","C1","C1: Below 1.5°C with no or limited overshoot","MESSAGEix-GLOBIOM_1.2","COV_SmartUse_550","0","0","11.686535042851288","8.667145604541261","669.8069354364604","1.377717838490017","1.58277856814257",
"1150","COVID-Shift-SmartUse_550","MESSAGEix-GLOBIOM 1.2","Final Energy|Residential and Commercial","EJ/yr","[object Object]",2035,19.10969557614246,"1.58277856814257","1.377717838490017","2039","669.8069354364604","475.4888924644321","-0.001861754449138879","2055",,"GW1",,"failed","high","medium","ok",,,,,,"ok",,"medium","true","C1","C1: Below 1.5°C with no or limited overshoot","MESSAGEix-GLOBIOM_1.2","COV_SmartUse_550","0","0","11.686535042851288","8.667145604541261","669.8069354364604","1.377717838490017","1.58277856814257",
"1150","COVID-Shift-SmartUse_550","MESSAGEix-GLOBIOM 1.2","Final Energy|Residential and Commercial","EJ/yr","[object Object]",2040,18.90977314635195,"1.58277856814257","1.377717838490017","2039","669.8069354364604","475.4888924644321","-0.001861754449138879","2055",,"GW1",,"failed","high","medium","ok",,,,,,"ok",,"medium","true","C1","C1: Below 1.5°C with no or limited overshoot","MESSAGEix-GLOBIOM_1.2","COV_SmartUse_550","0","0","11.686535042851288","8.667145604541261","669.8069354364604","1.377717838490017","1.58277856814257",
"1150","COVID-Shift-SmartUse_550","MESSAGEix-GLOBIOM 1.2","Final Energy|Residential and Commercial","EJ/yr","[object Object]",2045,19.07656182067408,"1.58277856814257","1.377717838490017","2039","669.8069354364604","475.4888924644321","-0.001861754449138879","2055",,"GW1",,"failed","high","medium","ok",,,,,,"ok",,"medium","true","C1","C1: Below 1.5°C with no or limited overshoot","MESSAGEix-GLOBIOM_1.2","COV_SmartUse_550","0","0","11.686535042851288","8.667145604541261","669.8069354364604","1.377717838490017","1.58277856814257",
"1150","COVID-Shift-SmartUse_550","MESSAGEix-GLOBIOM 1.2","Final Energy|Residential and Commercial","EJ/yr","[object Object]",2050,19.3625699036273,"1.58277856814257","1.377717838490017","2039","669.8069354364604","475.4888924644321","-0.001861754449138879","2055",,"GW1",,"failed","high","medium","ok",,,,,,"ok",,"medium","true","C1","C1: Below 1.5°C with no or limited overshoot","MESSAGEix-GLOBIOM_1.2","COV_SmartUse_550","0","0","11.686535042851288","8.667145604541261","669.8069354364604","1.377717838490017","1.58277856814257",
"1150","COVID-Shift-SmartUse_550","MESSAGEix-GLOBIOM 1.2","Final Energy|Residential and Commercial","EJ/yr","[object Object]",2055,20.11960649223145,"1.58277856814257","1.377717838490017","2039","669.8069354364604","475.4888924644321","-0.001861754449138879","2055",,"GW1",,"failed","high","medium","ok",,,,,,"ok",,"medium","true","C1","C1: Below 1.5°C with no or limited overshoot","MESSAGEix-GLOBIOM_1.2","COV_SmartUse_550","0","0","11.686535042851288","8.667145604541261","669.8069354364604","1.377717838490017","1.58277856814257",
"1150","COVID-Shift-SmartUse_550","MESSAGEix-GLOBIOM 1.2","Final Energy|Residential and Commercial","EJ/yr","[object Object]",2060,21.09246160907998,"1.58277856814257","1.377717838490017","2039","669.8069354364604","475.4888924644321","-0.001861754449138879","2055",,"GW1",,"failed","high","medium","ok",,,,,,"ok",,"medium","true","C1","C1: Below 1.5°C with no or limited overshoot","MESSAGEix-GLOBIOM_1.2","COV_SmartUse_550","0","0","11.686535042851288","8.667145604541261","669.8069354364604","1.377717838490017","1.58277856814257",
"1150","COVID-Shift-SmartUse_550","MESSAGEix-GLOBIOM 1.2","Final Energy|Residential and Commercial","EJ/yr","[object Object]",2070,23.57733908870672,"1.58277856814257","1.377717838490017","2039","669.8069354364604","475.4888924644321","-0.001861754449138879","2055",,"GW1",,"failed","high","medium","ok",,,,,,"ok",,"medium","true","C1","C1: Below 1.5°C with no or limited overshoot","MESSAGEix-GLOBIOM_1.2","COV_SmartUse_550","0","0","11.686535042851288","8.667145604541261","669.8069354364604","1.377717838490017","1.58277856814257",
"1150","COVID-Shift-SmartUse_550","MESSAGEix-GLOBIOM 1.2","Final Energy|Residential and Commercial","EJ/yr","[object Object]",2080,25.85138015556537,"1.58277856814257","1.377717838490017","2039","669.8069354364604","475.4888924644321","-0.001861754449138879","2055",,"GW1",,"failed","high","medium","ok",,,,,,"ok",,"medium","true","C1","C1: Below 1.5°C with no or limited overshoot","MESSAGEix-GLOBIOM_1.2","COV_SmartUse_550","0","0","11.686535042851288","8.667145604541261","669.8069354364604","1.377717838490017","1.58277856814257",
"1150","COVID-Shift-SmartUse_550","MESSAGEix-GLOBIOM 1.2","Final Energy|Residential and Commercial","EJ/yr","[object Object]",2090,28.56930632664522,"1.58277856814257","1.377717838490017","2039","669.8069354364604","475.4888924644321","-0.001861754449138879","2055",,"GW1",,"failed","high","medium","ok",,,,,,"ok",,"medium","true","C1","C1: Below 1.5°C with no or limited overshoot","MESSAGEix-GLOBIOM_1.2","COV_SmartUse_550","0","0","11.686535042851288","8.667145604541261","669.8069354364604","1.377717838490017","1.58277856814257",
"1150","COVID-Shift-SmartUse_550","MESSAGEix-GLOBIOM 1.2","Final Energy|Residential and Commercial","EJ/yr","[object Object]",2100,30.59737563074179,"1.58277856814257","1.377717838490017","2039","669.8069354364604","475.4888924644321","-0.001861754449138879","2055",,"GW1",,"failed","high","medium","ok",,,,,,"ok",,"medium","true","C1","C1: Below 1.5°C with no or limited overshoot","MESSAGEix-GLOBIOM_1.2","COV_SmartUse_550","0","0","11.686535042851288","8.667145604541261","669.8069354364604","1.377717838490017","1.58277856814257",
"1152","Deep-Mitigation-MAC_30_n0","GCAM 5.3","Final Energy|Residential and Commercial","EJ/yr","[object Object]",2010,21.56139982,"1.516940950764493","1.487385915976466","2094","1663.9649608559323","216.2814749509991","-0.026139925645807305","2030",,"GW0",,"failed","high","medium","medium",,,,,,"high",,"medium","true","C1","C1: Below 1.5°C with no or limited overshoot","GCAM 5.3","R_MAC_30_n0","16.159383949274858","0","25.964824333866027","3.8288969730576383","1663.9649608559323","1.487385915976466","1.516940950764493",
"1152","Deep-Mitigation-MAC_30_n0","GCAM 5.3","Final Energy|Residential and Commercial","EJ/yr","[object Object]",2015,19.42017079,"1.516940950764493","1.487385915976466","2094","1663.9649608559323","216.2814749509991","-0.026139925645807305","2030",,"GW0",,"failed","high","medium","medium",,,,,,"high",,"medium","true","C1","C1: Below 1.5°C with no or limited overshoot","GCAM 5.3","R_MAC_30_n0","16.159383949274858","0","25.964824333866027","3.8288969730576383","1663.9649608559323","1.487385915976466","1.516940950764493",
"1152","Deep-Mitigation-MAC_30_n0","GCAM 5.3","Final Energy|Residential and Commercial","EJ/yr","[object Object]",2020,20.706450289623,"1.516940950764493","1.487385915976466","2094","1663.9649608559323","216.2814749509991","-0.026139925645807305","2030",,"GW0",,"failed","high","medium","medium",,,,,,"high",,"medium","true","C1","C1: Below 1.5°C with no or limited overshoot","GCAM 5.3","R_MAC_30_n0","16.159383949274858","0","25.964824333866027","3.8288969730576383","1663.9649608559323","1.487385915976466","1.516940950764493",
"1152","Deep-Mitigation-MAC_30_n0","GCAM 5.3","Final Energy|Residential and Commercial","EJ/yr","[object Object]",2025,17.9541844244462,"1.516940950764493","1.487385915976466","2094","1663.9649608559323","216.2814749509991","-0.026139925645807305","2030",,"GW0",,"failed","high","medium","medium",,,,,,"high",,"medium","true","C1","C1: Below 1.5°C with no or limited overshoot","GCAM 5.3","R_MAC_30_n0","16.159383949274858","0","25.964824333866027","3.8288969730576383","1663.9649608559323","1.487385915976466","1.516940950764493",
"1152","Deep-Mitigation-MAC_30_n0","GCAM 5.3","Final Energy|Residential and Commercial","EJ/yr","[object Object]",2030,16.16787441956542,"1.516940950764493","1.487385915976466","2094","1663.9649608559323","216.2814749509991","-0.026139925645807305","2030",,"GW0",,"failed","high","medium","medium",,,,,,"high",,"medium","true","C1","C1: Below 1.5°C with no or limited overshoot","GCAM 5.3","R_MAC_30_n0","16.159383949274858","0","25.964824333866027","3.8288969730576383","1663.9649608559323","1.487385915976466","1.516940950764493",
"1152","Deep-Mitigation-MAC_30_n0","GCAM 5.3","Final Energy|Residential and Commercial","EJ/yr","[object Object]",2035,17.5986276635592,"1.516940950764493","1.487385915976466","2094","1663.9649608559323","216.2814749509991","-0.026139925645807305","2030",,"GW0",,"failed","high","medium","medium",,,,,,"high",,"medium","true","C1","C1: Below 1.5°C with no or limited overshoot","GCAM 5.3","R_MAC_30_n0","16.159383949274858","0","25.964824333866027","3.8288969730576383","1663.9649608559323","1.487385915976466","1.516940950764493",
"1152","Deep-Mitigation-MAC_30_n0","GCAM 5.3","Final Energy|Residential and Commercial","EJ/yr","[object Object]",2040,18.20561988368505,"1.516940950764493","1.487385915976466","2094","1663.9649608559323","216.2814749509991","-0.026139925645807305","2030",,"GW0",,"failed","high","medium","medium",,,,,,"high",,"medium","true","C1","C1: Below 1.5°C with no or limited overshoot","GCAM 5.3","R_MAC_30_n0","16.159383949274858","0","25.964824333866027","3.8288969730576383","1663.9649608559323","1.487385915976466","1.516940950764493",
"1152","Deep-Mitigation-MAC_30_n0","GCAM 5.3","Final Energy|Residential and Commercial","EJ/yr","[object Object]",2045,18.84640421596053,"1.516940950764493","1.487385915976466","2094","1663.9649608559323","216.2814749509991","-0.026139925645807305","2030",,"GW0",,"failed","high","medium","medium",,,,,,"high",,"medium","true","C1","C1: Below 1.5°C with no or limited overshoot","GCAM 5.3","R_MAC_30_n0","16.159383949274858","0","25.964824333866027","3.8288969730576383","1663.9649608559323","1.487385915976466","1.516940950764493",
"1152","Deep-Mitigation-MAC_30_n0","GCAM 5.3","Final Energy|Residential and Commercial","EJ/yr","[object Object]",2050,19.40955206712722,"1.516940950764493","1.487385915976466","2094","1663.9649608559323","216.2814749509991","-0.026139925645807305","2030",,"GW0",,"failed","high","medium","medium",,,,,,"high",,"medium","true","C1","C1: Below 1.5°C with no or limited overshoot","GCAM 5.3","R_MAC_30_n0","16.159383949274858","0","25.964824333866027","3.8288969730576383","1663.9649608559323","1.487385915976466","1.516940950764493",
"1152","Deep-Mitigation-MAC_30_n0","GCAM 5.3","Final Energy|Residential and Commercial","EJ/yr","[object Object]",2055,19.85833684381787,"1.516940950764493","1.487385915976466","2094","1663.9649608559323","216.2814749509991","-0.026139925645807305","2030",,"GW0",,"failed","high","medium","medium",,,,,,"high",,"medium","true","C1","C1: Below 1.5°C with no or limited overshoot","GCAM 5.3","R_MAC_30_n0","16.159383949274858","0","25.964824333866027","3.8288969730576383","1663.9649608559323","1.487385915976466","1.516940950764493",
"1152","Deep-Mitigation-MAC_30_n0","GCAM 5.3","Final Energy|Residential and Commercial","EJ/yr","[object Object]",2060,20.32956858928251,"1.516940950764493","1.487385915976466","2094","1663.9649608559323","216.2814749509991","-0.026139925645807305","2030",,"GW0",,"failed","high","medium","medium",,,,,,"high",,"medium","true","C1","C1: Below 1.5°C with no or limited overshoot","GCAM 5.3","R_MAC_30_n0","16.159383949274858","0","25.964824333866027","3.8288969730576383","1663.9649608559323","1.487385915976466","1.516940950764493",
"1152","Deep-Mitigation-MAC_30_n0","GCAM 5.3","Final Energy|Residential and Commercial","EJ/yr","[object Object]",2065,20.75672050700516,"1.516940950764493","1.487385915976466","2094","1663.9649608559323","216.2814749509991","-0.026139925645807305","2030",,"GW0",,"failed","high","medium","medium",,,,,,"high",,"medium","true","C1","C1: Below 1.5°C with no or limited overshoot","GCAM 5.3","R_MAC_30_n0","16.159383949274858","0","25.964824333866027","3.8288969730576383","1663.9649608559323","1.487385915976466","1.516940950764493",
"1152","Deep-Mitigation-MAC_30_n0","GCAM 5.3","Final Energy|Residential and Commercial","EJ/yr","[object Object]",2070,21.12232030691778,"1.516940950764493","1.487385915976466","2094","1663.9649608559323","216.2814749509991","-0.026139925645807305","2030",,"GW0",,"failed","high","medium","medium",,,,,,"high",,"medium","true","C1","C1: Below 1.5°C with no or limited overshoot","GCAM 5.3","R_MAC_30_n0","16.159383949274858","0","25.964824333866027","3.8288969730576383","1663.9649608559323","1.487385915976466","1.516940950764493",
"1152","Deep-Mitigation-MAC_30_n0","GCAM 5.3","Final Energy|Residential and Commercial","EJ/yr","[object Object]",2075,21.3805590517945,"1.516940950764493","1.487385915976466","2094","1663.9649608559323","216.2814749509991","-0.026139925645807305","2030",,"GW0",,"failed","high","medium","medium",,,,,,"high",,"medium","true","C1","C1: Below 1.5°C with no or limited overshoot","GCAM 5.3","R_MAC_30_n0","16.159383949274858","0","25.964824333866027","3.8288969730576383","1663.9649608559323","1.487385915976466","1.516940950764493",
"1152","Deep-Mitigation-MAC_30_n0","GCAM 5.3","Final Energy|Residential and Commercial","EJ/yr","[object Object]",2080,21.52035557185356,"1.516940950764493","1.487385915976466","2094","1663.9649608559323","216.2814749509991","-0.026139925645807305","2030",,"GW0",,"failed","high","medium","medium",,,,,,"high",,"medium","true","C1","C1: Below 1.5°C with no or limited overshoot","GCAM 5.3","R_MAC_30_n0","16.159383949274858","0","25.964824333866027","3.8288969730576383","1663.9649608559323","1.487385915976466","1.516940950764493",
"1152","Deep-Mitigation-MAC_30_n0","GCAM 5.3","Final Energy|Residential and Commercial","EJ/yr","[object Object]",2085,21.57475951275171,"1.516940950764493","1.487385915976466","2094","1663.9649608559323","216.2814749509991","-0.026139925645807305","2030",,"GW0",,"failed","high","medium","medium",,,,,,"high",,"medium","true","C1","C1: Below 1.5°C with no or limited overshoot","GCAM 5.3","R_MAC_30_n0","16.159383949274858","0","25.964824333866027","3.8288969730576383","1663.9649608559323","1.487385915976466","1.516940950764493",
"1152","Deep-Mitigation-MAC_30_n0","GCAM 5.3","Final Energy|Residential and Commercial","EJ/yr","[object Object]",2090,21.54000496489261,"1.516940950764493","1.487385915976466","2094","1663.9649608559323","216.2814749509991","-0.026139925645807305","2030",,"GW0",,"failed","high","medium","medium",,,,,,"high",,"medium","true","C1","C1: Below 1.5°C with no or limited overshoot","GCAM 5.3","R_MAC_30_n0","16.159383949274858","0","25.964824333866027","3.8288969730576383","1663.9649608559323","1.487385915976466","1.516940950764493",
"1152","Deep-Mitigation-MAC_30_n0","GCAM 5.3","Final Energy|Residential and Commercial","EJ/yr","[object Object]",2095,21.39585945201849,"1.516940950764493","1.487385915976466","2094","1663.9649608559323","216.2814749509991","-0.026139925645807305","2030",,"GW0",,"failed","high","medium","medium",,,,,,"high",,"medium","true","C1","C1: Below 1.5°C with no or limited overshoot","GCAM 5.3","R_MAC_30_n0","16.159383949274858","0","25.964824333866027","3.8288969730576383","1663.9649608559323","1.487385915976466","1.516940950764493",
"1152","Deep-Mitigation-MAC_30_n0","GCAM 5.3","Final Energy|Residential and Commercial","EJ/yr","[object Object]",2100,21.20136481294215,"1.516940950764493","1.487385915976466","2094","1663.9649608559323","216.2814749509991","-0.026139925645807305","2030",,"GW0",,"failed","high","medium","medium",,,,,,"high",,"medium","true","C1","C1: Below 1.5°C with no or limited overshoot","GCAM 5.3","R_MAC_30_n0","16.159383949274858","0","25.964824333866027","3.8288969730576383","1663.9649608559323","1.487385915976466","1.516940950764493",
"1154","Deep-Mitigation-MAC_35_n8","GCAM 5.3","Final Energy|Residential and Commercial","EJ/yr","[object Object]",2010,21.56139982,"1.500151443839648","1.216105420783383","2036","1589.6734694900613","-271.15276372829646","-534.6762420217525","2033",,"GW0",,"failed","high","medium","medium",,,,,,"high",,"high","true","C1","C1: Below 1.5°C with no or limited overshoot","GCAM 5.3","R_MAC_35_n8","18.98548909898256","0","33.093349729560536","3.922030599070183","1589.6734694900613","1.216105420783383","1.500151443839648",
"1154","Deep-Mitigation-MAC_35_n8","GCAM 5.3","Final Energy|Residential and Commercial","EJ/yr","[object Object]",2015,19.42017079,"1.500151443839648","1.216105420783383","2036","1589.6734694900613","-271.15276372829646","-534.6762420217525","2033",,"GW0",,"failed","high","medium","medium",,,,,,"high",,"high","true","C1","C1: Below 1.5°C with no or limited overshoot","GCAM 5.3","R_MAC_35_n8","18.98548909898256","0","33.093349729560536","3.922030599070183","1589.6734694900613","1.216105420783383","1.500151443839648",
"1154","Deep-Mitigation-MAC_35_n8","GCAM 5.3","Final Energy|Residential and Commercial","EJ/yr","[object Object]",2020,20.706450289623,"1.500151443839648","1.216105420783383","2036","1589.6734694900613","-271.15276372829646","-534.6762420217525","2033",,"GW0",,"failed","high","medium","medium",,,,,,"high",,"high","true","C1","C1: Below 1.5°C with no or limited overshoot","GCAM 5.3","R_MAC_35_n8","18.98548909898256","0","33.093349729560536","3.922030599070183","1589.6734694900613","1.216105420783383","1.500151443839648",
"1154","Deep-Mitigation-MAC_35_n8","GCAM 5.3","Final Energy|Residential and Commercial","EJ/yr","[object Object]",2025,18.4516862736508,"1.500151443839648","1.216105420783383","2036","1589.6734694900613","-271.15276372829646","-534.6762420217525","2033",,"GW0",,"failed","high","medium","medium",,,,,,"high",,"high","true","C1","C1: Below 1.5°C with no or limited overshoot","GCAM 5.3","R_MAC_35_n8","18.98548909898256","0","33.093349729560536","3.922030599070183","1589.6734694900613","1.216105420783383","1.500151443839648",
"1154","Deep-Mitigation-MAC_35_n8","GCAM 5.3","Final Energy|Residential and Commercial","EJ/yr","[object Object]",2030,17.36558724056768,"1.500151443839648","1.216105420783383","2036","1589.6734694900613","-271.15276372829646","-534.6762420217525","2033",,"GW0",,"failed","high","medium","medium",,,,,,"high",,"high","true","C1","C1: Below 1.5°C with no or limited overshoot","GCAM 5.3","R_MAC_35_n8","18.98548909898256","0","33.093349729560536","3.922030599070183","1589.6734694900613","1.216105420783383","1.500151443839648",
"1154","Deep-Mitigation-MAC_35_n8","GCAM 5.3","Final Energy|Residential and Commercial","EJ/yr","[object Object]",2035,16.30068627365929,"1.500151443839648","1.216105420783383","2036","1589.6734694900613","-271.15276372829646","-534.6762420217525","2033",,"GW0",,"failed","high","medium","medium",,,,,,"high",,"high","true","C1","C1: Below 1.5°C with no or limited overshoot","GCAM 5.3","R_MAC_35_n8","18.98548909898256","0","33.093349729560536","3.922030599070183","1589.6734694900613","1.216105420783383","1.500151443839648",
"1154","Deep-Mitigation-MAC_35_n8","GCAM 5.3","Final Energy|Residential and Commercial","EJ/yr","[object Object]",2040,17.28027038656987,"1.500151443839648","1.216105420783383","2036","1589.6734694900613","-271.15276372829646","-534.6762420217525","2033",,"GW0",,"failed","high","medium","medium",,,,,,"high",,"high","true","C1","C1: Below 1.5°C with no or limited overshoot","GCAM 5.3","R_MAC_35_n8","18.98548909898256","0","33.093349729560536","3.922030599070183","1589.6734694900613","1.216105420783383","1.500151443839648",
"1154","Deep-Mitigation-MAC_35_n8","GCAM 5.3","Final Energy|Residential and Commercial","EJ/yr","[object Object]",2045,18.00445229835428,"1.500151443839648","1.216105420783383","2036","1589.6734694900613","-271.15276372829646","-534.6762420217525","2033",,"GW0",,"failed","high","medium","medium",,,,,,"high",,"high","true","C1","C1: Below 1.5°C with no or limited overshoot","GCAM 5.3","R_MAC_35_n8","18.98548909898256","0","33.093349729560536","3.922030599070183","1589.6734694900613","1.216105420783383","1.500151443839648",
"1154","Deep-Mitigation-MAC_35_n8","GCAM 5.3","Final Energy|Residential and Commercial","EJ/yr","[object Object]",2050,18.69086470896755,"1.500151443839648","1.216105420783383","2036","1589.6734694900613","-271.15276372829646","-534.6762420217525","2033",,"GW0",,"failed","high","medium","medium",,,,,,"high",,"high","true","C1","C1: Below 1.5°C with no or limited overshoot","GCAM 5.3","R_MAC_35_n8","18.98548909898256","0","33.093349729560536","3.922030599070183","1589.6734694900613","1.216105420783383","1.500151443839648",
"1154","Deep-Mitigation-MAC_35_n8","GCAM 5.3","Final Energy|Residential and Commercial","EJ/yr","[object Object]",2055,19.30120281797113,"1.500151443839648","1.216105420783383","2036","1589.6734694900613","-271.15276372829646","-534.6762420217525","2033",,"GW0",,"failed","high","medium","medium",,,,,,"high",,"high","true","C1","C1: Below 1.5°C with no or limited overshoot","GCAM 5.3","R_MAC_35_n8","18.98548909898256","0","33.093349729560536","3.922030599070183","1589.6734694900613","1.216105420783383","1.500151443839648",
"1154","Deep-Mitigation-MAC_35_n8","GCAM 5.3","Final Energy|Residential and Commercial","EJ/yr","[object Object]",2060,19.89409293174544,"1.500151443839648","1.216105420783383","2036","1589.6734694900613","-271.15276372829646","-534.6762420217525","2033",,"GW0",,"failed","high","medium","medium",,,,,,"high",,"high","true","C1","C1: Below 1.5°C with no or limited overshoot","GCAM 5.3","R_MAC_35_n8","18.98548909898256","0","33.093349729560536","3.922030599070183","1589.6734694900613","1.216105420783383","1.500151443839648",
"1154","Deep-Mitigation-MAC_35_n8","GCAM 5.3","Final Energy|Residential and Commercial","EJ/yr","[object Object]",2065,20.41242789019731,"1.500151443839648","1.216105420783383","2036","1589.6734694900613","-271.15276372829646","-534.6762420217525","2033",,"GW0",,"failed","high","medium","medium",,,,,,"high",,"high","true","C1","C1: Below 1.5°C with no or limited overshoot","GCAM 5.3","R_MAC_35_n8","18.98548909898256","0","33.093349729560536","3.922030599070183","1589.6734694900613","1.216105420783383","1.500151443839648",
"1154","Deep-Mitigation-MAC_35_n8","GCAM 5.3","Final Energy|Residential and Commercial","EJ/yr","[object Object]",2070,20.80965808173627,"1.500151443839648","1.216105420783383","2036","1589.6734694900613","-271.15276372829646","-534.6762420217525","2033",,"GW0",,"failed","high","medium","medium",,,,,,"high",,"high","true","C1","C1: Below 1.5°C with no or limited overshoot","GCAM 5.3","R_MAC_35_n8","18.98548909898256","0","33.093349729560536","3.922030599070183","1589.6734694900613","1.216105420783383","1.500151443839648",
"1154","Deep-Mitigation-MAC_35_n8","GCAM 5.3","Final Energy|Residential and Commercial","EJ/yr","[object Object]",2075,21.10360310869284,"1.500151443839648","1.216105420783383","2036","1589.6734694900613","-271.15276372829646","-534.6762420217525","2033",,"GW0",,"failed","high","medium","medium",,,,,,"high",,"high","true","C1","C1: Below 1.5°C with no or limited overshoot","GCAM 5.3","R_MAC_35_n8","18.98548909898256","0","33.093349729560536","3.922030599070183","1589.6734694900613","1.216105420783383","1.500151443839648",
"1154","Deep-Mitigation-MAC_35_n8","GCAM 5.3","Final Energy|Residential and Commercial","EJ/yr","[object Object]",2080,21.27619962456019,"1.500151443839648","1.216105420783383","2036","1589.6734694900613","-271.15276372829646","-534.6762420217525","2033",,"GW0",,"failed","high","medium","medium",,,,,,"high",,"high","true","C1","C1: Below 1.5°C with no or limited overshoot","GCAM 5.3","R_MAC_35_n8","18.98548909898256","0","33.093349729560536","3.922030599070183","1589.6734694900613","1.216105420783383","1.500151443839648",
"1154","Deep-Mitigation-MAC_35_n8","GCAM 5.3","Final Energy|Residential and Commercial","EJ/yr","[object Object]",2085,21.35027816722491,"1.500151443839648","1.216105420783383","2036","1589.6734694900613","-271.15276372829646","-534.6762420217525","2033",,"GW0",,"failed","high","medium","medium",,,,,,"high",,"high","true","C1","C1: Below 1.5°C with no or limited overshoot","GCAM 5.3","R_MAC_35_n8","18.98548909898256","0","33.093349729560536","3.922030599070183","1589.6734694900613","1.216105420783383","1.500151443839648",
"1154","Deep-Mitigation-MAC_35_n8","GCAM 5.3","Final Energy|Residential and Commercial","EJ/yr","[object Object]",2090,21.33501848845403,"1.500151443839648","1.216105420783383","2036","1589.6734694900613","-271.15276372829646","-534.6762420217525","2033",,"GW0",,"failed","high","medium","medium",,,,,,"high",,"high","true","C1","C1: Below 1.5°C with no or limited overshoot","GCAM 5.3","R_MAC_35_n8","18.98548909898256","0","33.093349729560536","3.922030599070183","1589.6734694900613","1.216105420783383","1.500151443839648",
"1154","Deep-Mitigation-MAC_35_n8","GCAM 5.3","Final Energy|Residential and Commercial","EJ/yr","[object Object]",2095,21.21848569797498,"1.500151443839648","1.216105420783383","2036","1589.6734694900613","-271.15276372829646","-534.6762420217525","2033",,"GW0",,"failed","high","medium","medium",,,,,,"high",,"high","true","C1","C1: Below 1.5°C with no or limited overshoot","GCAM 5.3","R_MAC_35_n8","18.98548909898256","0","33.093349729560536","3.922030599070183","1589.6734694900613","1.216105420783383","1.500151443839648",
"1154","Deep-Mitigation-MAC_35_n8","GCAM 5.3","Final Energy|Residential and Commercial","EJ/yr","[object Object]",2100,21.05465762830276,"1.500151443839648","1.216105420783383","2036","1589.6734694900613","-271.15276372829646","-534.6762420217525","2033",,"GW0",,"failed","high","medium","medium",,,,,,"high",,"high","true","C1","C1: Below 1.5°C with no or limited overshoot","GCAM 5.3","R_MAC_35_n8","18.98548909898256","0","33.093349729560536","3.922030599070183","1589.6734694900613","1.216105420783383","1.500151443839648",
"1156","Deep-Mitigation-MAC_40_n8","GCAM 5.3","Final Energy|Residential and Commercial","EJ/yr","[object Object]",2010,21.56139982,"1.535919204415241","1.271772187625805","2039","1551.4832958776703","-154.62453580847142","-498.0167993878152","2037",,"GW1",,"failed","high","medium","medium",,,,,,"high",,"high","true","C1","C1: Below 1.5°C with no or limited overshoot","GCAM 5.3","R_MAC_40_n8","18.629381625443838","0","32.46562156484759","3.9467723066533154","1551.4832958776703","1.271772187625805","1.535919204415241",
"1156","Deep-Mitigation-MAC_40_n8","GCAM 5.3","Final Energy|Residential and Commercial","EJ/yr","[object Object]",2015,19.42017079,"1.535919204415241","1.271772187625805","2039","1551.4832958776703","-154.62453580847142","-498.0167993878152","2037",,"GW1",,"failed","high","medium","medium",,,,,,"high",,"high","true","C1","C1: Below 1.5°C with no or limited overshoot","GCAM 5.3","R_MAC_40_n8","18.629381625443838","0","32.46562156484759","3.9467723066533154","1551.4832958776703","1.271772187625805","1.535919204415241",
"1156","Deep-Mitigation-MAC_40_n8","GCAM 5.3","Final Energy|Residential and Commercial","EJ/yr","[object Object]",2020,20.706450289623,"1.535919204415241","1.271772187625805","2039","1551.4832958776703","-154.62453580847142","-498.0167993878152","2037",,"GW1",,"failed","high","medium","medium",,,,,,"high",,"high","true","C1","C1: Below 1.5°C with no or limited overshoot","GCAM 5.3","R_MAC_40_n8","18.629381625443838","0","32.46562156484759","3.9467723066533154","1551.4832958776703","1.271772187625805","1.535919204415241",
"1156","Deep-Mitigation-MAC_40_n8","GCAM 5.3","Final Energy|Residential and Commercial","EJ/yr","[object Object]",2025,18.946743336856,"1.535919204415241","1.271772187625805","2039","1551.4832958776703","-154.62453580847142","-498.0167993878152","2037",,"GW1",,"failed","high","medium","medium",,,,,,"high",,"high","true","C1","C1: Below 1.5°C with no or limited overshoot","GCAM 5.3","R_MAC_40_n8","18.629381625443838","0","32.46562156484759","3.9467723066533154","1551.4832958776703","1.271772187625805","1.535919204415241",
"1156","Deep-Mitigation-MAC_40_n8","GCAM 5.3","Final Energy|Residential and Commercial","EJ/yr","[object Object]",2030,18.6402971185444,"1.535919204415241","1.271772187625805","2039","1551.4832958776703","-154.62453580847142","-498.0167993878152","2037",,"GW1",,"failed","high","medium","medium",,,,,,"high",,"high","true","C1","C1: Below 1.5°C with no or limited overshoot","GCAM 5.3","R_MAC_40_n8","18.629381625443838","0","32.46562156484759","3.9467723066533154","1551.4832958776703","1.271772187625805","1.535919204415241",
"1156","Deep-Mitigation-MAC_40_n8","GCAM 5.3","Final Energy|Residential and Commercial","EJ/yr","[object Object]",2035,17.75899057737207,"1.535919204415241","1.271772187625805","2039","1551.4832958776703","-154.62453580847142","-498.0167993878152","2037",,"GW1",,"failed","high","medium","medium",,,,,,"high",,"high","true","C1","C1: Below 1.5°C with no or limited overshoot","GCAM 5.3","R_MAC_40_n8","18.629381625443838","0","32.46562156484759","3.9467723066533154","1551.4832958776703","1.271772187625805","1.535919204415241",
"1156","Deep-Mitigation-MAC_40_n8","GCAM 5.3","Final Energy|Residential and Commercial","EJ/yr","[object Object]",2040,17.25987264503758,"1.535919204415241","1.271772187625805","2039","1551.4832958776703","-154.62453580847142","-498.0167993878152","2037",,"GW1",,"failed","high","medium","medium",,,,,,"high",,"high","true","C1","C1: Below 1.5°C with no or limited overshoot","GCAM 5.3","R_MAC_40_n8","18.629381625443838","0","32.46562156484759","3.9467723066533154","1551.4832958776703","1.271772187625805","1.535919204415241",
"1156","Deep-Mitigation-MAC_40_n8","GCAM 5.3","Final Energy|Residential and Commercial","EJ/yr","[object Object]",2045,18.02533991948692,"1.535919204415241","1.271772187625805","2039","1551.4832958776703","-154.62453580847142","-498.0167993878152","2037",,"GW1",,"failed","high","medium","medium",,,,,,"high",,"high","true","C1","C1: Below 1.5°C with no or limited overshoot","GCAM 5.3","R_MAC_40_n8","18.629381625443838","0","32.46562156484759","3.9467723066533154","1551.4832958776703","1.271772187625805","1.535919204415241",
"1156","Deep-Mitigation-MAC_40_n8","GCAM 5.3","Final Energy|Residential and Commercial","EJ/yr","[object Object]",2050,18.69966387559119,"1.535919204415241","1.271772187625805","2039","1551.4832958776703","-154.62453580847142","-498.0167993878152","2037",,"GW1",,"failed","high","medium","medium",,,,,,"high",,"high","true","C1","C1: Below 1.5°C with no or limited overshoot","GCAM 5.3","R_MAC_40_n8","18.629381625443838","0","32.46562156484759","3.9467723066533154","1551.4832958776703","1.271772187625805","1.535919204415241",
"1156","Deep-Mitigation-MAC_40_n8","GCAM 5.3","Final Energy|Residential and Commercial","EJ/yr","[object Object]",2055,19.30368808645501,"1.535919204415241","1.271772187625805","2039","1551.4832958776703","-154.62453580847142","-498.0167993878152","2037",,"GW1",,"failed","high","medium","medium",,,,,,"high",,"high","true","C1","C1: Below 1.5°C with no or limited overshoot","GCAM 5.3","R_MAC_40_n8","18.629381625443838","0","32.46562156484759","3.9467723066533154","1551.4832958776703","1.271772187625805","1.535919204415241",
"1156","Deep-Mitigation-MAC_40_n8","GCAM 5.3","Final Energy|Residential and Commercial","EJ/yr","[object Object]",2060,19.8955340677616,"1.535919204415241","1.271772187625805","2039","1551.4832958776703","-154.62453580847142","-498.0167993878152","2037",,"GW1",,"failed","high","medium","medium",,,,,,"high",,"high","true","C1","C1: Below 1.5°C with no or limited overshoot","GCAM 5.3","R_MAC_40_n8","18.629381625443838","0","32.46562156484759","3.9467723066533154","1551.4832958776703","1.271772187625805","1.535919204415241",
"1156","Deep-Mitigation-MAC_40_n8","GCAM 5.3","Final Energy|Residential and Commercial","EJ/yr","[object Object]",2065,20.40884192127798,"1.535919204415241","1.271772187625805","2039","1551.4832958776703","-154.62453580847142","-498.0167993878152","2037",,"GW1",,"failed","high","medium","medium",,,,,,"high",,"high","true","C1","C1: Below 1.5°C with no or limited overshoot","GCAM 5.3","R_MAC_40_n8","18.629381625443838","0","32.46562156484759","3.9467723066533154","1551.4832958776703","1.271772187625805","1.535919204415241",
"1156","Deep-Mitigation-MAC_40_n8","GCAM 5.3","Final Energy|Residential and Commercial","EJ/yr","[object Object]",2070,20.81763772802743,"1.535919204415241","1.271772187625805","2039","1551.4832958776703","-154.62453580847142","-498.0167993878152","2037",,"GW1",,"failed","high","medium","medium",,,,,,"high",,"high","true","C1","C1: Below 1.5°C with no or limited overshoot","GCAM 5.3","R_MAC_40_n8","18.629381625443838","0","32.46562156484759","3.9467723066533154","1551.4832958776703","1.271772187625805","1.535919204415241",
"1156","Deep-Mitigation-MAC_40_n8","GCAM 5.3","Final Energy|Residential and Commercial","EJ/yr","[object Object]",2075,21.1065947283059,"1.535919204415241","1.271772187625805","2039","1551.4832958776703","-154.62453580847142","-498.0167993878152","2037",,"GW1",,"failed","high","medium","medium",,,,,,"high",,"high","true","C1","C1: Below 1.5°C with no or limited overshoot","GCAM 5.3","R_MAC_40_n8","18.629381625443838","0","32.46562156484759","3.9467723066533154","1551.4832958776703","1.271772187625805","1.535919204415241",
"1156","Deep-Mitigation-MAC_40_n8","GCAM 5.3","Final Energy|Residential and Commercial","EJ/yr","[object Object]",2080,21.28044253654354,"1.535919204415241","1.271772187625805","2039","1551.4832958776703","-154.62453580847142","-498.0167993878152","2037",,"GW1",,"failed","high","medium","medium",,,,,,"high",,"high","true","C1","C1: Below 1.5°C with no or limited overshoot","GCAM 5.3","R_MAC_40_n8","18.629381625443838","0","32.46562156484759","3.9467723066533154","1551.4832958776703","1.271772187625805","1.535919204415241",
"1156","Deep-Mitigation-MAC_40_n8","GCAM 5.3","Final Energy|Residential and Commercial","EJ/yr","[object Object]",2085,21.35609204510176,"1.535919204415241","1.271772187625805","2039","1551.4832958776703","-154.62453580847142","-498.0167993878152","2037",,"GW1",,"failed","high","medium","medium",,,,,,"high",,"high","true","C1","C1: Below 1.5°C with no or limited overshoot","GCAM 5.3","R_MAC_40_n8","18.629381625443838","0","32.46562156484759","3.9467723066533154","1551.4832958776703","1.271772187625805","1.535919204415241",
"1156","Deep-Mitigation-MAC_40_n8","GCAM 5.3","Final Energy|Residential and Commercial","EJ/yr","[object Object]",2090,21.34037174037584,"1.535919204415241","1.271772187625805","2039","1551.4832958776703","-154.62453580847142","-498.0167993878152","2037",,"GW1",,"failed","high","medium","medium",,,,,,"high",,"high","true","C1","C1: Below 1.5°C with no or limited overshoot","GCAM 5.3","R_MAC_40_n8","18.629381625443838","0","32.46562156484759","3.9467723066533154","1551.4832958776703","1.271772187625805","1.535919204415241",
"1156","Deep-Mitigation-MAC_40_n8","GCAM 5.3","Final Energy|Residential and Commercial","EJ/yr","[object Object]",2095,21.22305202369978,"1.535919204415241","1.271772187625805","2039","1551.4832958776703","-154.62453580847142","-498.0167993878152","2037",,"GW1",,"failed","high","medium","medium",,,,,,"high",,"high","true","C1","C1: Below 1.5°C with no or limited overshoot","GCAM 5.3","R_MAC_40_n8","18.629381625443838","0","32.46562156484759","3.9467723066533154","1551.4832958776703","1.271772187625805","1.535919204415241",
"1156","Deep-Mitigation-MAC_40_n8","GCAM 5.3","Final Energy|Residential and Commercial","EJ/yr","[object Object]",2100,21.0617682646465,"1.535919204415241","1.271772187625805","2039","1551.4832958776703","-154.62453580847142","-498.0167993878152","2037",,"GW1",,"failed","high","medium","medium",,,,,,"high",,"high","true","C1","C1: Below 1.5°C with no or limited overshoot","GCAM 5.3","R_MAC_40_n8","18.629381625443838","0","32.46562156484759","3.9467723066533154","1551.4832958776703","1.271772187625805","1.535919204415241",
"1158","Deep-Mitigation-MAC_45_n8","GCAM 5.3","Final Energy|Residential and Commercial","EJ/yr","[object Object]",2010,21.56139982,"1.568023461834693","1.324306292913456","2047","1506.1332995038708","-38.078143404484784","-461.3536932630914","2041",,"GW1",,"failed","high","medium","medium",,,,,,"high",,"high","true","C1","C1: Below 1.5°C with no or limited overshoot","GCAM 5.3","R_MAC_45_n8","18.24558891407912","0","32.574306729444444","3.9703138466365004","1506.1332995038708","1.324306292913456","1.568023461834693",
"1158","Deep-Mitigation-MAC_45_n8","GCAM 5.3","Final Energy|Residential and Commercial","EJ/yr","[object Object]",2015,19.42017079,"1.568023461834693","1.324306292913456","2047","1506.1332995038708","-38.078143404484784","-461.3536932630914","2041",,"GW1",,"failed","high","medium","medium",,,,,,"high",,"high","true","C1","C1: Below 1.5°C with no or limited overshoot","GCAM 5.3","R_MAC_45_n8","18.24558891407912","0","32.574306729444444","3.9703138466365004","1506.1332995038708","1.324306292913456","1.568023461834693",
"1158","Deep-Mitigation-MAC_45_n8","GCAM 5.3","Final Energy|Residential and Commercial","EJ/yr","[object Object]",2020,20.706450289623,"1.568023461834693","1.324306292913456","2047","1506.1332995038708","-38.078143404484784","-461.3536932630914","2041",,"GW1",,"failed","high","medium","medium",,,,,,"high",,"high","true","C1","C1: Below 1.5°C with no or limited overshoot","GCAM 5.3","R_MAC_45_n8","18.24558891407912","0","32.574306729444444","3.9703138466365004","1506.1332995038708","1.324306292913456","1.568023461834693",
"1158","Deep-Mitigation-MAC_45_n8","GCAM 5.3","Final Energy|Residential and Commercial","EJ/yr","[object Object]",2025,19.262160613536,"1.568023461834693","1.324306292913456","2047","1506.1332995038708","-38.078143404484784","-461.3536932630914","2041",,"GW1",,"failed","high","medium","medium",,,,,,"high",,"high","true","C1","C1: Below 1.5°C with no or limited overshoot","GCAM 5.3","R_MAC_45_n8","18.24558891407912","0","32.574306729444444","3.9703138466365004","1506.1332995038708","1.324306292913456","1.568023461834693",
"1158","Deep-Mitigation-MAC_45_n8","GCAM 5.3","Final Energy|Residential and Commercial","EJ/yr","[object Object]",2030,19.2348260838123,"1.568023461834693","1.324306292913456","2047","1506.1332995038708","-38.078143404484784","-461.3536932630914","2041",,"GW1",,"failed","high","medium","medium",,,,,,"high",,"high","true","C1","C1: Below 1.5°C with no or limited overshoot","GCAM 5.3","R_MAC_45_n8","18.24558891407912","0","32.574306729444444","3.9703138466365004","1506.1332995038708","1.324306292913456","1.568023461834693",
"1158","Deep-Mitigation-MAC_45_n8","GCAM 5.3","Final Energy|Residential and Commercial","EJ/yr","[object Object]",2035,18.8914737199492,"1.568023461834693","1.324306292913456","2047","1506.1332995038708","-38.078143404484784","-461.3536932630914","2041",,"GW1",,"failed","high","medium","medium",,,,,,"high",,"high","true","C1","C1: Below 1.5°C with no or limited overshoot","GCAM 5.3","R_MAC_45_n8","18.24558891407912","0","32.574306729444444","3.9703138466365004","1506.1332995038708","1.324306292913456","1.568023461834693",
"1158","Deep-Mitigation-MAC_45_n8","GCAM 5.3","Final Energy|Residential and Commercial","EJ/yr","[object Object]",2040,18.30624817405116,"1.568023461834693","1.324306292913456","2047","1506.1332995038708","-38.078143404484784","-461.3536932630914","2041",,"GW1",,"failed","high","medium","medium",,,,,,"high",,"high","true","C1","C1: Below 1.5°C with no or limited overshoot","GCAM 5.3","R_MAC_45_n8","18.24558891407912","0","32.574306729444444","3.9703138466365004","1506.1332995038708","1.324306292913456","1.568023461834693",
"1158","Deep-Mitigation-MAC_45_n8","GCAM 5.3","Final Energy|Residential and Commercial","EJ/yr","[object Object]",2045,18.02479005910552,"1.568023461834693","1.324306292913456","2047","1506.1332995038708","-38.078143404484784","-461.3536932630914","2041",,"GW1",,"failed","high","medium","medium",,,,,,"high",,"high","true","C1","C1: Below 1.5°C with no or limited overshoot","GCAM 5.3","R_MAC_45_n8","18.24558891407912","0","32.574306729444444","3.9703138466365004","1506.1332995038708","1.324306292913456","1.568023461834693",
"1158","Deep-Mitigation-MAC_45_n8","GCAM 5.3","Final Energy|Residential and Commercial","EJ/yr","[object Object]",2050,18.72053419776061,"1.568023461834693","1.324306292913456","2047","1506.1332995038708","-38.078143404484784","-461.3536932630914","2041",,"GW1",,"failed","high","medium","medium",,,,,,"high",,"high","true","C1","C1: Below 1.5°C with no or limited overshoot","GCAM 5.3","R_MAC_45_n8","18.24558891407912","0","32.574306729444444","3.9703138466365004","1506.1332995038708","1.324306292913456","1.568023461834693",
"1158","Deep-Mitigation-MAC_45_n8","GCAM 5.3","Final Energy|Residential and Commercial","EJ/yr","[object Object]",2055,19.31360391557593,"1.568023461834693","1.324306292913456","2047","1506.1332995038708","-38.078143404484784","-461.3536932630914","2041",,"GW1",,"failed","high","medium","medium",,,,,,"high",,"high","true","C1","C1: Below 1.5°C with no or limited overshoot","GCAM 5.3","R_MAC_45_n8","18.24558891407912","0","32.574306729444444","3.9703138466365004","1506.1332995038708","1.324306292913456","1.568023461834693",
"1158","Deep-Mitigation-MAC_45_n8","GCAM 5.3","Final Energy|Residential and Commercial","EJ/yr","[object Object]",2060,19.90169331540158,"1.568023461834693","1.324306292913456","2047","1506.1332995038708","-38.078143404484784","-461.3536932630914","2041",,"GW1",,"failed","high","medium","medium",,,,,,"high",,"high","true","C1","C1: Below 1.5°C with no or limited overshoot","GCAM 5.3","R_MAC_45_n8","18.24558891407912","0","32.574306729444444","3.9703138466365004","1506.1332995038708","1.324306292913456","1.568023461834693",
"1158","Deep-Mitigation-MAC_45_n8","GCAM 5.3","Final Energy|Residential and Commercial","EJ/yr","[object Object]",2065,20.41111170509223,"1.568023461834693","1.324306292913456","2047","1506.1332995038708","-38.078143404484784","-461.3536932630914","2041",,"GW1",,"failed","high","medium","medium",,,,,,"high",,"high","true","C1","C1: Below 1.5°C with no or limited overshoot","GCAM 5.3","R_MAC_45_n8","18.24558891407912","0","32.574306729444444","3.9703138466365004","1506.1332995038708","1.324306292913456","1.568023461834693",
"1158","Deep-Mitigation-MAC_45_n8","GCAM 5.3","Final Energy|Residential and Commercial","EJ/yr","[object Object]",2070,20.81398055836765,"1.568023461834693","1.324306292913456","2047","1506.1332995038708","-38.078143404484784","-461.3536932630914","2041",,"GW1",,"failed","high","medium","medium",,,,,,"high",,"high","true","C1","C1: Below 1.5°C with no or limited overshoot","GCAM 5.3","R_MAC_45_n8","18.24558891407912","0","32.574306729444444","3.9703138466365004","1506.1332995038708","1.324306292913456","1.568023461834693",
"1158","Deep-Mitigation-MAC_45_n8","GCAM 5.3","Final Energy|Residential and Commercial","EJ/yr","[object Object]",2075,21.1085499873768,"1.568023461834693","1.324306292913456","2047","1506.1332995038708","-38.078143404484784","-461.3536932630914","2041",,"GW1",,"failed","high","medium","medium",,,,,,"high",,"high","true","C1","C1: Below 1.5°C with no or limited overshoot","GCAM 5.3","R_MAC_45_n8","18.24558891407912","0","32.574306729444444","3.9703138466365004","1506.1332995038708","1.324306292913456","1.568023461834693",
"1158","Deep-Mitigation-MAC_45_n8","GCAM 5.3","Final Energy|Residential and Commercial","EJ/yr","[object Object]",2080,21.2834774303453,"1.568023461834693","1.324306292913456","2047","1506.1332995038708","-38.078143404484784","-461.3536932630914","2041",,"GW1",,"failed","high","medium","medium",,,,,,"high",,"high","true","C1","C1: Below 1.5°C with no or limited overshoot","GCAM 5.3","R_MAC_45_n8","18.24558891407912","0","32.574306729444444","3.9703138466365004","1506.1332995038708","1.324306292913456","1.568023461834693",
"1158","Deep-Mitigation-MAC_45_n8","GCAM 5.3","Final Energy|Residential and Commercial","EJ/yr","[object Object]",2085,21.36042178541845,"1.568023461834693","1.324306292913456","2047","1506.1332995038708","-38.078143404484784","-461.3536932630914","2041",,"GW1",,"failed","high","medium","medium",,,,,,"high",,"high","true","C1","C1: Below 1.5°C with no or limited overshoot","GCAM 5.3","R_MAC_45_n8","18.24558891407912","0","32.574306729444444","3.9703138466365004","1506.1332995038708","1.324306292913456","1.568023461834693",
"1158","Deep-Mitigation-MAC_45_n8","GCAM 5.3","Final Energy|Residential and Commercial","EJ/yr","[object Object]",2090,21.34586326838529,"1.568023461834693","1.324306292913456","2047","1506.1332995038708","-38.078143404484784","-461.3536932630914","2041",,"GW1",,"failed","high","medium","medium",,,,,,"high",,"high","true","C1","C1: Below 1.5°C with no or limited overshoot","GCAM 5.3","R_MAC_45_n8","18.24558891407912","0","32.574306729444444","3.9703138466365004","1506.1332995038708","1.324306292913456","1.568023461834693",
"1158","Deep-Mitigation-MAC_45_n8","GCAM 5.3","Final Energy|Residential and Commercial","EJ/yr","[object Object]",2095,21.22757527167148,"1.568023461834693","1.324306292913456","2047","1506.1332995038708","-38.078143404484784","-461.3536932630914","2041",,"GW1",,"failed","high","medium","medium",,,,,,"high",,"high","true","C1","C1: Below 1.5°C with no or limited overshoot","GCAM 5.3","R_MAC_45_n8","18.24558891407912","0","32.574306729444444","3.9703138466365004","1506.1332995038708","1.324306292913456","1.568023461834693",
"1158","Deep-Mitigation-MAC_45_n8","GCAM 5.3","Final Energy|Residential and Commercial","EJ/yr","[object Object]",2100,21.06631820615567,"1.568023461834693","1.324306292913456","2047","1506.1332995038708","-38.078143404484784","-461.3536932630914","2041",,"GW1",,"failed","high","medium","medium",,,,,,"high",,"high","true","C1","C1: Below 1.5°C with no or limited overshoot","GCAM 5.3","R_MAC_45_n8","18.24558891407912","0","32.574306729444444","3.9703138466365004","1506.1332995038708","1.324306292913456","1.568023461834693",
"1160","Deep-Mitigation-MAC_50_n8","GCAM 5.3","Final Energy|Residential and Commercial","EJ/yr","[object Object]",2010,21.56139982,"1.613340383177248","1.379826601613297","2048","1465.446438905663","78.45029446001868","-424.69420470147094","2045",,"GW1",,"failed","high","medium","medium",,,,,,"high",,"high","true","C1","C1: Below 1.5°C with no or limited overshoot","GCAM 5.3","R_MAC_50_n8","17.712938752101508","0","33.13742422744905","3.9909906328743148","1465.446438905663","1.379826601613297","1.613340383177248",
"1160","Deep-Mitigation-MAC_50_n8","GCAM 5.3","Final Energy|Residential and Commercial","EJ/yr","[object Object]",2015,19.42017079,"1.613340383177248","1.379826601613297","2048","1465.446438905663","78.45029446001868","-424.69420470147094","2045",,"GW1",,"failed","high","medium","medium",,,,,,"high",,"high","true","C1","C1: Below 1.5°C with no or limited overshoot","GCAM 5.3","R_MAC_50_n8","17.712938752101508","0","33.13742422744905","3.9909906328743148","1465.446438905663","1.379826601613297","1.613340383177248",
"1160","Deep-Mitigation-MAC_50_n8","GCAM 5.3","Final Energy|Residential and Commercial","EJ/yr","[object Object]",2020,20.706450289623,"1.613340383177248","1.379826601613297","2048","1465.446438905663","78.45029446001868","-424.69420470147094","2045",,"GW1",,"failed","high","medium","medium",,,,,,"high",,"high","true","C1","C1: Below 1.5°C with no or limited overshoot","GCAM 5.3","R_MAC_50_n8","17.712938752101508","0","33.13742422744905","3.9909906328743148","1465.446438905663","1.379826601613297","1.613340383177248",
"1160","Deep-Mitigation-MAC_50_n8","GCAM 5.3","Final Energy|Residential and Commercial","EJ/yr","[object Object]",2025,19.489907501425,"1.613340383177248","1.379826601613297","2048","1465.446438905663","78.45029446001868","-424.69420470147094","2045",,"GW1",,"failed","high","medium","medium",,,,,,"high",,"high","true","C1","C1: Below 1.5°C with no or limited overshoot","GCAM 5.3","R_MAC_50_n8","17.712938752101508","0","33.13742422744905","3.9909906328743148","1465.446438905663","1.379826601613297","1.613340383177248",
"1160","Deep-Mitigation-MAC_50_n8","GCAM 5.3","Final Energy|Residential and Commercial","EJ/yr","[object Object]",2030,19.5856936660042,"1.613340383177248","1.379826601613297","2048","1465.446438905663","78.45029446001868","-424.69420470147094","2045",,"GW1",,"failed","high","medium","medium",,,,,,"high",,"high","true","C1","C1: Below 1.5°C with no or limited overshoot","GCAM 5.3","R_MAC_50_n8","17.712938752101508","0","33.13742422744905","3.9909906328743148","1465.446438905663","1.379826601613297","1.613340383177248",
"1160","Deep-Mitigation-MAC_50_n8","GCAM 5.3","Final Energy|Residential and Commercial","EJ/yr","[object Object]",2035,19.5699664230137,"1.613340383177248","1.379826601613297","2048","1465.446438905663","78.45029446001868","-424.69420470147094","2045",,"GW1",,"failed","high","medium","medium",,,,,,"high",,"high","true","C1","C1: Below 1.5°C with no or limited overshoot","GCAM 5.3","R_MAC_50_n8","17.712938752101508","0","33.13742422744905","3.9909906328743148","1465.446438905663","1.379826601613297","1.613340383177248",
"1160","Deep-Mitigation-MAC_50_n8","GCAM 5.3","Final Energy|Residential and Commercial","EJ/yr","[object Object]",2040,19.19010556982554,"1.613340383177248","1.379826601613297","2048","1465.446438905663","78.45029446001868","-424.69420470147094","2045",,"GW1",,"failed","high","medium","medium",,,,,,"high",,"high","true","C1","C1: Below 1.5°C with no or limited overshoot","GCAM 5.3","R_MAC_50_n8","17.712938752101508","0","33.13742422744905","3.9909906328743148","1465.446438905663","1.379826601613297","1.613340383177248",
"1160","Deep-Mitigation-MAC_50_n8","GCAM 5.3","Final Energy|Residential and Commercial","EJ/yr","[object Object]",2045,18.76333143951431,"1.613340383177248","1.379826601613297","2048","1465.446438905663","78.45029446001868","-424.69420470147094","2045",,"GW1",,"failed","high","medium","medium",,,,,,"high",,"high","true","C1","C1: Below 1.5°C with no or limited overshoot","GCAM 5.3","R_MAC_50_n8","17.712938752101508","0","33.13742422744905","3.9909906328743148","1465.446438905663","1.379826601613297","1.613340383177248",
"1160","Deep-Mitigation-MAC_50_n8","GCAM 5.3","Final Energy|Residential and Commercial","EJ/yr","[object Object]",2050,18.7344054125504,"1.613340383177248","1.379826601613297","2048","1465.446438905663","78.45029446001868","-424.69420470147094","2045",,"GW1",,"failed","high","medium","medium",,,,,,"high",,"high","true","C1","C1: Below 1.5°C with no or limited overshoot","GCAM 5.3","R_MAC_50_n8","17.712938752101508","0","33.13742422744905","3.9909906328743148","1465.446438905663","1.379826601613297","1.613340383177248",
"1160","Deep-Mitigation-MAC_50_n8","GCAM 5.3","Final Energy|Residential and Commercial","EJ/yr","[object Object]",2055,19.32893490348276,"1.613340383177248","1.379826601613297","2048","1465.446438905663","78.45029446001868","-424.69420470147094","2045",,"GW1",,"failed","high","medium","medium",,,,,,"high",,"high","true","C1","C1: Below 1.5°C with no or limited overshoot","GCAM 5.3","R_MAC_50_n8","17.712938752101508","0","33.13742422744905","3.9909906328743148","1465.446438905663","1.379826601613297","1.613340383177248",
"1160","Deep-Mitigation-MAC_50_n8","GCAM 5.3","Final Energy|Residential and Commercial","EJ/yr","[object Object]",2060,19.91093948988114,"1.613340383177248","1.379826601613297","2048","1465.446438905663","78.45029446001868","-424.69420470147094","2045",,"GW1",,"failed","high","medium","medium",,,,,,"high",,"high","true","C1","C1: Below 1.5°C with no or limited overshoot","GCAM 5.3","R_MAC_50_n8","17.712938752101508","0","33.13742422744905","3.9909906328743148","1465.446438905663","1.379826601613297","1.613340383177248",
"1160","Deep-Mitigation-MAC_50_n8","GCAM 5.3","Final Energy|Residential and Commercial","EJ/yr","[object Object]",2065,20.41673686294669,"1.613340383177248","1.379826601613297","2048","1465.446438905663","78.45029446001868","-424.69420470147094","2045",,"GW1",,"failed","high","medium","medium",,,,,,"high",,"high","true","C1","C1: Below 1.5°C with no or limited overshoot","GCAM 5.3","R_MAC_50_n8","17.712938752101508","0","33.13742422744905","3.9909906328743148","1465.446438905663","1.379826601613297","1.613340383177248",
"1160","Deep-Mitigation-MAC_50_n8","GCAM 5.3","Final Energy|Residential and Commercial","EJ/yr","[object Object]",2070,20.81763946021053,"1.613340383177248","1.379826601613297","2048","1465.446438905663","78.45029446001868","-424.69420470147094","2045",,"GW1",,"failed","high","medium","medium",,,,,,"high",,"high","true","C1","C1: Below 1.5°C with no or limited overshoot","GCAM 5.3","R_MAC_50_n8","17.712938752101508","0","33.13742422744905","3.9909906328743148","1465.446438905663","1.379826601613297","1.613340383177248",
"1160","Deep-Mitigation-MAC_50_n8","GCAM 5.3","Final Energy|Residential and Commercial","EJ/yr","[object Object]",2075,21.10443966867922,"1.613340383177248","1.379826601613297","2048","1465.446438905663","78.45029446001868","-424.69420470147094","2045",,"GW1",,"failed","high","medium","medium",,,,,,"high",,"high","true","C1","C1: Below 1.5°C with no or limited overshoot","GCAM 5.3","R_MAC_50_n8","17.712938752101508","0","33.13742422744905","3.9909906328743148","1465.446438905663","1.379826601613297","1.613340383177248",
"1160","Deep-Mitigation-MAC_50_n8","GCAM 5.3","Final Energy|Residential and Commercial","EJ/yr","[object Object]",2080,21.28872036409258,"1.613340383177248","1.379826601613297","2048","1465.446438905663","78.45029446001868","-424.69420470147094","2045",,"GW1",,"failed","high","medium","medium",,,,,,"high",,"high","true","C1","C1: Below 1.5°C with no or limited overshoot","GCAM 5.3","R_MAC_50_n8","17.712938752101508","0","33.13742422744905","3.9909906328743148","1465.446438905663","1.379826601613297","1.613340383177248",
"1160","Deep-Mitigation-MAC_50_n8","GCAM 5.3","Final Energy|Residential and Commercial","EJ/yr","[object Object]",2085,21.36577254674285,"1.613340383177248","1.379826601613297","2048","1465.446438905663","78.45029446001868","-424.69420470147094","2045",,"GW1",,"failed","high","medium","medium",,,,,,"high",,"high","true","C1","C1: Below 1.5°C with no or limited overshoot","GCAM 5.3","R_MAC_50_n8","17.712938752101508","0","33.13742422744905","3.9909906328743148","1465.446438905663","1.379826601613297","1.613340383177248",
"1160","Deep-Mitigation-MAC_50_n8","GCAM 5.3","Final Energy|Residential and Commercial","EJ/yr","[object Object]",2090,21.34972196943424,"1.613340383177248","1.379826601613297","2048","1465.446438905663","78.45029446001868","-424.69420470147094","2045",,"GW1",,"failed","high","medium","medium",,,,,,"high",,"high","true","C1","C1: Below 1.5°C with no or limited overshoot","GCAM 5.3","R_MAC_50_n8","17.712938752101508","0","33.13742422744905","3.9909906328743148","1465.446438905663","1.379826601613297","1.613340383177248",
"1160","Deep-Mitigation-MAC_50_n8","GCAM 5.3","Final Energy|Residential and Commercial","EJ/yr","[object Object]",2095,21.23129770633743,"1.613340383177248","1.379826601613297","2048","1465.446438905663","78.45029446001868","-424.69420470147094","2045",,"GW1",,"failed","high","medium","medium",,,,,,"high",,"high","true","C1","C1: Below 1.5°C with no or limited overshoot","GCAM 5.3","R_MAC_50_n8","17.712938752101508","0","33.13742422744905","3.9909906328743148","1465.446438905663","1.379826601613297","1.613340383177248",
"1160","Deep-Mitigation-MAC_50_n8","GCAM 5.3","Final Energy|Residential and Commercial","EJ/yr","[object Object]",2100,21.06906951654016,"1.613340383177248","1.379826601613297","2048","1465.446438905663","78.45029446001868","-424.69420470147094","2045",,"GW1",,"failed","high","medium","medium",,,,,,"high",,"high","true","C1","C1: Below 1.5°C with no or limited overshoot","GCAM 5.3","R_MAC_50_n8","17.712938752101508","0","33.13742422744905","3.9909906328743148","1465.446438905663","1.379826601613297","1.613340383177248",
"1212","R2p1-SSP1-900","REMIND 2.1","Final Energy|Residential and Commercial","EJ/yr","[object Object]",2010,20.4634,"1.575991285692252","1.15767844632315","2048","455.78754480000003","287.9409064","-266.3803103","2054","2073","GW1","Rapid Fossil-Fuel Phase-Out","failed","high","medium","ok","medium","medium",,"ok","ok","ok",,"medium","true","C1","C1: Below 1.5°C with no or limited overshoot","REMIND 2.1","R2p1_SSP1-PkBudg900","56.25442251749351","12.168623891243593","31.474744298079464",,"455.78754480000003","1.15767844632315","1.575991285692252",
"1212","R2p1-SSP1-900","REMIND 2.1","Final Energy|Residential and Commercial","EJ/yr","[object Object]",2015,17.7367,"1.575991285692252","1.15767844632315","2048","455.78754480000003","287.9409064","-266.3803103","2054","2073","GW1","Rapid Fossil-Fuel Phase-Out","failed","high","medium","ok","medium","medium",,"ok","ok","ok",,"medium","true","C1","C1: Below 1.5°C with no or limited overshoot","REMIND 2.1","R2p1_SSP1-PkBudg900","56.25442251749351","12.168623891243593","31.474744298079464",,"455.78754480000003","1.15767844632315","1.575991285692252",
"1212","R2p1-SSP1-900","REMIND 2.1","Final Energy|Residential and Commercial","EJ/yr","[object Object]",2020,18.2589,"1.575991285692252","1.15767844632315","2048","455.78754480000003","287.9409064","-266.3803103","2054","2073","GW1","Rapid Fossil-Fuel Phase-Out","failed","high","medium","ok","medium","medium",,"ok","ok","ok",,"medium","true","C1","C1: Below 1.5°C with no or limited overshoot","REMIND 2.1","R2p1_SSP1-PkBudg900","56.25442251749351","12.168623891243593","31.474744298079464",,"455.78754480000003","1.15767844632315","1.575991285692252",
"1212","R2p1-SSP1-900","REMIND 2.1","Final Energy|Residential and Commercial","EJ/yr","[object Object]",2025,17.255,"1.575991285692252","1.15767844632315","2048","455.78754480000003","287.9409064","-266.3803103","2054","2073","GW1","Rapid Fossil-Fuel Phase-Out","failed","high","medium","ok","medium","medium",,"ok","ok","ok",,"medium","true","C1","C1: Below 1.5°C with no or limited overshoot","REMIND 2.1","R2p1_SSP1-PkBudg900","56.25442251749351","12.168623891243593","31.474744298079464",,"455.78754480000003","1.15767844632315","1.575991285692252",
"1212","R2p1-SSP1-900","REMIND 2.1","Final Energy|Residential and Commercial","EJ/yr","[object Object]",2030,16.8346,"1.575991285692252","1.15767844632315","2048","455.78754480000003","287.9409064","-266.3803103","2054","2073","GW1","Rapid Fossil-Fuel Phase-Out","failed","high","medium","ok","medium","medium",,"ok","ok","ok",,"medium","true","C1","C1: Below 1.5°C with no or limited overshoot","REMIND 2.1","R2p1_SSP1-PkBudg900","56.25442251749351","12.168623891243593","31.474744298079464",,"455.78754480000003","1.15767844632315","1.575991285692252",
"1212","R2p1-SSP1-900","REMIND 2.1","Final Energy|Residential and Commercial","EJ/yr","[object Object]",2035,15.6203,"1.575991285692252","1.15767844632315","2048","455.78754480000003","287.9409064","-266.3803103","2054","2073","GW1","Rapid Fossil-Fuel Phase-Out","failed","high","medium","ok","medium","medium",,"ok","ok","ok",,"medium","true","C1","C1: Below 1.5°C with no or limited overshoot","REMIND 2.1","R2p1_SSP1-PkBudg900","56.25442251749351","12.168623891243593","31.474744298079464",,"455.78754480000003","1.15767844632315","1.575991285692252",
"1212","R2p1-SSP1-900","REMIND 2.1","Final Energy|Residential and Commercial","EJ/yr","[object Object]",2040,13.6683,"1.575991285692252","1.15767844632315","2048","455.78754480000003","287.9409064","-266.3803103","2054","2073","GW1","Rapid Fossil-Fuel Phase-Out","failed","high","medium","ok","medium","medium",,"ok","ok","ok",,"medium","true","C1","C1: Below 1.5°C with no or limited overshoot","REMIND 2.1","R2p1_SSP1-PkBudg900","56.25442251749351","12.168623891243593","31.474744298079464",,"455.78754480000003","1.15767844632315","1.575991285692252",
"1212","R2p1-SSP1-900","REMIND 2.1","Final Energy|Residential and Commercial","EJ/yr","[object Object]",2045,12.3131,"1.575991285692252","1.15767844632315","2048","455.78754480000003","287.9409064","-266.3803103","2054","2073","GW1","Rapid Fossil-Fuel Phase-Out","failed","high","medium","ok","medium","medium",,"ok","ok","ok",,"medium","true","C1","C1: Below 1.5°C with no or limited overshoot","REMIND 2.1","R2p1_SSP1-PkBudg900","56.25442251749351","12.168623891243593","31.474744298079464",,"455.78754480000003","1.15767844632315","1.575991285692252",
"1212","R2p1-SSP1-900","REMIND 2.1","Final Energy|Residential and Commercial","EJ/yr","[object Object]",2050,11.2417,"1.575991285692252","1.15767844632315","2048","455.78754480000003","287.9409064","-266.3803103","2054","2073","GW1","Rapid Fossil-Fuel Phase-Out","failed","high","medium","ok","medium","medium",,"ok","ok","ok",,"medium","true","C1","C1: Below 1.5°C with no or limited overshoot","REMIND 2.1","R2p1_SSP1-PkBudg900","56.25442251749351","12.168623891243593","31.474744298079464",,"455.78754480000003","1.15767844632315","1.575991285692252",
"1212","R2p1-SSP1-900","REMIND 2.1","Final Energy|Residential and Commercial","EJ/yr","[object Object]",2055,10.2461,"1.575991285692252","1.15767844632315","2048","455.78754480000003","287.9409064","-266.3803103","2054","2073","GW1","Rapid Fossil-Fuel Phase-Out","failed","high","medium","ok","medium","medium",,"ok","ok","ok",,"medium","true","C1","C1: Below 1.5°C with no or limited overshoot","REMIND 2.1","R2p1_SSP1-PkBudg900","56.25442251749351","12.168623891243593","31.474744298079464",,"455.78754480000003","1.15767844632315","1.575991285692252",
"1212","R2p1-SSP1-900","REMIND 2.1","Final Energy|Residential and Commercial","EJ/yr","[object Object]",2060,9.3812,"1.575991285692252","1.15767844632315","2048","455.78754480000003","287.9409064","-266.3803103","2054","2073","GW1","Rapid Fossil-Fuel Phase-Out","failed","high","medium","ok","medium","medium",,"ok","ok","ok",,"medium","true","C1","C1: Below 1.5°C with no or limited overshoot","REMIND 2.1","R2p1_SSP1-PkBudg900","56.25442251749351","12.168623891243593","31.474744298079464",,"455.78754480000003","1.15767844632315","1.575991285692252",
"1212","R2p1-SSP1-900","REMIND 2.1","Final Energy|Residential and Commercial","EJ/yr","[object Object]",2070,8.5931,"1.575991285692252","1.15767844632315","2048","455.78754480000003","287.9409064","-266.3803103","2054","2073","GW1","Rapid Fossil-Fuel Phase-Out","failed","high","medium","ok","medium","medium",,"ok","ok","ok",,"medium","true","C1","C1: Below 1.5°C with no or limited overshoot","REMIND 2.1","R2p1_SSP1-PkBudg900","56.25442251749351","12.168623891243593","31.474744298079464",,"455.78754480000003","1.15767844632315","1.575991285692252",
"1212","R2p1-SSP1-900","REMIND 2.1","Final Energy|Residential and Commercial","EJ/yr","[object Object]",2080,8.6335,"1.575991285692252","1.15767844632315","2048","455.78754480000003","287.9409064","-266.3803103","2054","2073","GW1","Rapid Fossil-Fuel Phase-Out","failed","high","medium","ok","medium","medium",,"ok","ok","ok",,"medium","true","C1","C1: Below 1.5°C with no or limited overshoot","REMIND 2.1","R2p1_SSP1-PkBudg900","56.25442251749351","12.168623891243593","31.474744298079464",,"455.78754480000003","1.15767844632315","1.575991285692252",
"1212","R2p1-SSP1-900","REMIND 2.1","Final Energy|Residential and Commercial","EJ/yr","[object Object]",2090,8.1099,"1.575991285692252","1.15767844632315","2048","455.78754480000003","287.9409064","-266.3803103","2054","2073","GW1","Rapid Fossil-Fuel Phase-Out","failed","high","medium","ok","medium","medium",,"ok","ok","ok",,"medium","true","C1","C1: Below 1.5°C with no or limited overshoot","REMIND 2.1","R2p1_SSP1-PkBudg900","56.25442251749351","12.168623891243593","31.474744298079464",,"455.78754480000003","1.15767844632315","1.575991285692252",
"1212","R2p1-SSP1-900","REMIND 2.1","Final Energy|Residential and Commercial","EJ/yr","[object Object]",2100,7.9934,"1.575991285692252","1.15767844632315","2048","455.78754480000003","287.9409064","-266.3803103","2054","2073","GW1","Rapid Fossil-Fuel Phase-Out","failed","high","medium","ok","medium","medium",,"ok","ok","ok",,"medium","true","C1","C1: Below 1.5°C with no or limited overshoot","REMIND 2.1","R2p1_SSP1-PkBudg900","56.25442251749351","12.168623891243593","31.474744298079464",,"455.78754480000003","1.15767844632315","1.575991285692252",
"1218","R2p1-SSP2-900","REMIND 2.1","Final Energy|Residential and Commercial","EJ/yr","[object Object]",2010,20.4634,"1.601533377331519","1.360627563151096","2048","661.2559983000001","345.28061225000016","-208.96417975","2053","2100","GW1","Rapid Fossil-Fuel Phase-Out","failed","high","medium","medium","medium","ok",,"ok","ok","ok",,"medium","true","C1","C1: Below 1.5°C with no or limited overshoot","REMIND 2.1","R2p1_SSP2-PkBudg900","54.592171967759896","13.804166241153338","31.453174586352873",,"661.2559983000001","1.360627563151096","1.601533377331519",
"1218","R2p1-SSP2-900","REMIND 2.1","Final Energy|Residential and Commercial","EJ/yr","[object Object]",2015,17.7367,"1.601533377331519","1.360627563151096","2048","661.2559983000001","345.28061225000016","-208.96417975","2053","2100","GW1","Rapid Fossil-Fuel Phase-Out","failed","high","medium","medium","medium","ok",,"ok","ok","ok",,"medium","true","C1","C1: Below 1.5°C with no or limited overshoot","REMIND 2.1","R2p1_SSP2-PkBudg900","54.592171967759896","13.804166241153338","31.453174586352873",,"661.2559983000001","1.360627563151096","1.601533377331519",
"1218","R2p1-SSP2-900","REMIND 2.1","Final Energy|Residential and Commercial","EJ/yr","[object Object]",2020,18.2589,"1.601533377331519","1.360627563151096","2048","661.2559983000001","345.28061225000016","-208.96417975","2053","2100","GW1","Rapid Fossil-Fuel Phase-Out","failed","high","medium","medium","medium","ok",,"ok","ok","ok",,"medium","true","C1","C1: Below 1.5°C with no or limited overshoot","REMIND 2.1","R2p1_SSP2-PkBudg900","54.592171967759896","13.804166241153338","31.453174586352873",,"661.2559983000001","1.360627563151096","1.601533377331519",
"1218","R2p1-SSP2-900","REMIND 2.1","Final Energy|Residential and Commercial","EJ/yr","[object Object]",2025,17.5543,"1.601533377331519","1.360627563151096","2048","661.2559983000001","345.28061225000016","-208.96417975","2053","2100","GW1","Rapid Fossil-Fuel Phase-Out","failed","high","medium","medium","medium","ok",,"ok","ok","ok",,"medium","true","C1","C1: Below 1.5°C with no or limited overshoot","REMIND 2.1","R2p1_SSP2-PkBudg900","54.592171967759896","13.804166241153338","31.453174586352873",,"661.2559983000001","1.360627563151096","1.601533377331519",
"1218","R2p1-SSP2-900","REMIND 2.1","Final Energy|Residential and Commercial","EJ/yr","[object Object]",2030,17.1865,"1.601533377331519","1.360627563151096","2048","661.2559983000001","345.28061225000016","-208.96417975","2053","2100","GW1","Rapid Fossil-Fuel Phase-Out","failed","high","medium","medium","medium","ok",,"ok","ok","ok",,"medium","true","C1","C1: Below 1.5°C with no or limited overshoot","REMIND 2.1","R2p1_SSP2-PkBudg900","54.592171967759896","13.804166241153338","31.453174586352873",,"661.2559983000001","1.360627563151096","1.601533377331519",
"1218","R2p1-SSP2-900","REMIND 2.1","Final Energy|Residential and Commercial","EJ/yr","[object Object]",2035,16.3683,"1.601533377331519","1.360627563151096","2048","661.2559983000001","345.28061225000016","-208.96417975","2053","2100","GW1","Rapid Fossil-Fuel Phase-Out","failed","high","medium","medium","medium","ok",,"ok","ok","ok",,"medium","true","C1","C1: Below 1.5°C with no or limited overshoot","REMIND 2.1","R2p1_SSP2-PkBudg900","54.592171967759896","13.804166241153338","31.453174586352873",,"661.2559983000001","1.360627563151096","1.601533377331519",
"1218","R2p1-SSP2-900","REMIND 2.1","Final Energy|Residential and Commercial","EJ/yr","[object Object]",2040,15.1327,"1.601533377331519","1.360627563151096","2048","661.2559983000001","345.28061225000016","-208.96417975","2053","2100","GW1","Rapid Fossil-Fuel Phase-Out","failed","high","medium","medium","medium","ok",,"ok","ok","ok",,"medium","true","C1","C1: Below 1.5°C with no or limited overshoot","REMIND 2.1","R2p1_SSP2-PkBudg900","54.592171967759896","13.804166241153338","31.453174586352873",,"661.2559983000001","1.360627563151096","1.601533377331519",
"1218","R2p1-SSP2-900","REMIND 2.1","Final Energy|Residential and Commercial","EJ/yr","[object Object]",2045,14.8934,"1.601533377331519","1.360627563151096","2048","661.2559983000001","345.28061225000016","-208.96417975","2053","2100","GW1","Rapid Fossil-Fuel Phase-Out","failed","high","medium","medium","medium","ok",,"ok","ok","ok",,"medium","true","C1","C1: Below 1.5°C with no or limited overshoot","REMIND 2.1","R2p1_SSP2-PkBudg900","54.592171967759896","13.804166241153338","31.453174586352873",,"661.2559983000001","1.360627563151096","1.601533377331519",
"1218","R2p1-SSP2-900","REMIND 2.1","Final Energy|Residential and Commercial","EJ/yr","[object Object]",2050,14.289,"1.601533377331519","1.360627563151096","2048","661.2559983000001","345.28061225000016","-208.96417975","2053","2100","GW1","Rapid Fossil-Fuel Phase-Out","failed","high","medium","medium","medium","ok",,"ok","ok","ok",,"medium","true","C1","C1: Below 1.5°C with no or limited overshoot","REMIND 2.1","R2p1_SSP2-PkBudg900","54.592171967759896","13.804166241153338","31.453174586352873",,"661.2559983000001","1.360627563151096","1.601533377331519",
"1218","R2p1-SSP2-900","REMIND 2.1","Final Energy|Residential and Commercial","EJ/yr","[object Object]",2055,13.8437,"1.601533377331519","1.360627563151096","2048","661.2559983000001","345.28061225000016","-208.96417975","2053","2100","GW1","Rapid Fossil-Fuel Phase-Out","failed","high","medium","medium","medium","ok",,"ok","ok","ok",,"medium","true","C1","C1: Below 1.5°C with no or limited overshoot","REMIND 2.1","R2p1_SSP2-PkBudg900","54.592171967759896","13.804166241153338","31.453174586352873",,"661.2559983000001","1.360627563151096","1.601533377331519",
"1218","R2p1-SSP2-900","REMIND 2.1","Final Energy|Residential and Commercial","EJ/yr","[object Object]",2060,13.6554,"1.601533377331519","1.360627563151096","2048","661.2559983000001","345.28061225000016","-208.96417975","2053","2100","GW1","Rapid Fossil-Fuel Phase-Out","failed","high","medium","medium","medium","ok",,"ok","ok","ok",,"medium","true","C1","C1: Below 1.5°C with no or limited overshoot","REMIND 2.1","R2p1_SSP2-PkBudg900","54.592171967759896","13.804166241153338","31.453174586352873",,"661.2559983000001","1.360627563151096","1.601533377331519",
"1218","R2p1-SSP2-900","REMIND 2.1","Final Energy|Residential and Commercial","EJ/yr","[object Object]",2070,13.9951,"1.601533377331519","1.360627563151096","2048","661.2559983000001","345.28061225000016","-208.96417975","2053","2100","GW1","Rapid Fossil-Fuel Phase-Out","failed","high","medium","medium","medium","ok",,"ok","ok","ok",,"medium","true","C1","C1: Below 1.5°C with no or limited overshoot","REMIND 2.1","R2p1_SSP2-PkBudg900","54.592171967759896","13.804166241153338","31.453174586352873",,"661.2559983000001","1.360627563151096","1.601533377331519",
"1218","R2p1-SSP2-900","REMIND 2.1","Final Energy|Residential and Commercial","EJ/yr","[object Object]",2080,14.5118,"1.601533377331519","1.360627563151096","2048","661.2559983000001","345.28061225000016","-208.96417975","2053","2100","GW1","Rapid Fossil-Fuel Phase-Out","failed","high","medium","medium","medium","ok",,"ok","ok","ok",,"medium","true","C1","C1: Below 1.5°C with no or limited overshoot","REMIND 2.1","R2p1_SSP2-PkBudg900","54.592171967759896","13.804166241153338","31.453174586352873",,"661.2559983000001","1.360627563151096","1.601533377331519",
"1218","R2p1-SSP2-900","REMIND 2.1","Final Energy|Residential and Commercial","EJ/yr","[object Object]",2090,15.0091,"1.601533377331519","1.360627563151096","2048","661.2559983000001","345.28061225000016","-208.96417975","2053","2100","GW1","Rapid Fossil-Fuel Phase-Out","failed","high","medium","medium","medium","ok",,"ok","ok","ok",,"medium","true","C1","C1: Below 1.5°C with no or limited overshoot","REMIND 2.1","R2p1_SSP2-PkBudg900","54.592171967759896","13.804166241153338","31.453174586352873",,"661.2559983000001","1.360627563151096","1.601533377331519",
"1218","R2p1-SSP2-900","REMIND 2.1","Final Energy|Residential and Commercial","EJ/yr","[object Object]",2100,15.0156,"1.601533377331519","1.360627563151096","2048","661.2559983000001","345.28061225000016","-208.96417975","2053","2100","GW1","Rapid Fossil-Fuel Phase-Out","failed","high","medium","medium","medium","ok",,"ok","ok","ok",,"medium","true","C1","C1: Below 1.5°C with no or limited overshoot","REMIND 2.1","R2p1_SSP2-PkBudg900","54.592171967759896","13.804166241153338","31.453174586352873",,"661.2559983000001","1.360627563151096","1.601533377331519",
"1224","R2p1-SSP5-900","REMIND 2.1","Final Energy|Residential and Commercial","EJ/yr","[object Object]",2010,20.4634,"1.582010237046837","1.190492359730164","2048","1517.2792913999997","122.5506607","-433.89028854","2049","2070","GW1","Carbon Dioxide Removal","failed","high","medium","medium","high","ok",,"ok","ok","high",,"high","true","C1","C1: Below 1.5°C with no or limited overshoot","REMIND 2.1","R2p1_SSP5-PkBudg900","47.042032315001805","28.014377821420787","24.730379289619805",,"1517.2792913999997","1.190492359730164","1.582010237046837",
"1224","R2p1-SSP5-900","REMIND 2.1","Final Energy|Residential and Commercial","EJ/yr","[object Object]",2015,17.7367,"1.582010237046837","1.190492359730164","2048","1517.2792913999997","122.5506607","-433.89028854","2049","2070","GW1","Carbon Dioxide Removal","failed","high","medium","medium","high","ok",,"ok","ok","high",,"high","true","C1","C1: Below 1.5°C with no or limited overshoot","REMIND 2.1","R2p1_SSP5-PkBudg900","47.042032315001805","28.014377821420787","24.730379289619805",,"1517.2792913999997","1.190492359730164","1.582010237046837",
"1224","R2p1-SSP5-900","REMIND 2.1","Final Energy|Residential and Commercial","EJ/yr","[object Object]",2020,18.2589,"1.582010237046837","1.190492359730164","2048","1517.2792913999997","122.5506607","-433.89028854","2049","2070","GW1","Carbon Dioxide Removal","failed","high","medium","medium","high","ok",,"ok","ok","high",,"high","true","C1","C1: Below 1.5°C with no or limited overshoot","REMIND 2.1","R2p1_SSP5-PkBudg900","47.042032315001805","28.014377821420787","24.730379289619805",,"1517.2792913999997","1.190492359730164","1.582010237046837",
"1224","R2p1-SSP5-900","REMIND 2.1","Final Energy|Residential and Commercial","EJ/yr","[object Object]",2025,18.1087,"1.582010237046837","1.190492359730164","2048","1517.2792913999997","122.5506607","-433.89028854","2049","2070","GW1","Carbon Dioxide Removal","failed","high","medium","medium","high","ok",,"ok","ok","high",,"high","true","C1","C1: Below 1.5°C with no or limited overshoot","REMIND 2.1","R2p1_SSP5-PkBudg900","47.042032315001805","28.014377821420787","24.730379289619805",,"1517.2792913999997","1.190492359730164","1.582010237046837",
"1224","R2p1-SSP5-900","REMIND 2.1","Final Energy|Residential and Commercial","EJ/yr","[object Object]",2030,18.2634,"1.582010237046837","1.190492359730164","2048","1517.2792913999997","122.5506607","-433.89028854","2049","2070","GW1","Carbon Dioxide Removal","failed","high","medium","medium","high","ok",,"ok","ok","high",,"high","true","C1","C1: Below 1.5°C with no or limited overshoot","REMIND 2.1","R2p1_SSP5-PkBudg900","47.042032315001805","28.014377821420787","24.730379289619805",,"1517.2792913999997","1.190492359730164","1.582010237046837",
"1224","R2p1-SSP5-900","REMIND 2.1","Final Energy|Residential and Commercial","EJ/yr","[object Object]",2035,18.3871,"1.582010237046837","1.190492359730164","2048","1517.2792913999997","122.5506607","-433.89028854","2049","2070","GW1","Carbon Dioxide Removal","failed","high","medium","medium","high","ok",,"ok","ok","high",,"high","true","C1","C1: Below 1.5°C with no or limited overshoot","REMIND 2.1","R2p1_SSP5-PkBudg900","47.042032315001805","28.014377821420787","24.730379289619805",,"1517.2792913999997","1.190492359730164","1.582010237046837",
"1224","R2p1-SSP5-900","REMIND 2.1","Final Energy|Residential and Commercial","EJ/yr","[object Object]",2040,17.561,"1.582010237046837","1.190492359730164","2048","1517.2792913999997","122.5506607","-433.89028854","2049","2070","GW1","Carbon Dioxide Removal","failed","high","medium","medium","high","ok",,"ok","ok","high",,"high","true","C1","C1: Below 1.5°C with no or limited overshoot","REMIND 2.1","R2p1_SSP5-PkBudg900","47.042032315001805","28.014377821420787","24.730379289619805",,"1517.2792913999997","1.190492359730164","1.582010237046837",
"1224","R2p1-SSP5-900","REMIND 2.1","Final Energy|Residential and Commercial","EJ/yr","[object Object]",2045,18.4908,"1.582010237046837","1.190492359730164","2048","1517.2792913999997","122.5506607","-433.89028854","2049","2070","GW1","Carbon Dioxide Removal","failed","high","medium","medium","high","ok",,"ok","ok","high",,"high","true","C1","C1: Below 1.5°C with no or limited overshoot","REMIND 2.1","R2p1_SSP5-PkBudg900","47.042032315001805","28.014377821420787","24.730379289619805",,"1517.2792913999997","1.190492359730164","1.582010237046837",
"1224","R2p1-SSP5-900","REMIND 2.1","Final Energy|Residential and Commercial","EJ/yr","[object Object]",2050,18.5131,"1.582010237046837","1.190492359730164","2048","1517.2792913999997","122.5506607","-433.89028854","2049","2070","GW1","Carbon Dioxide Removal","failed","high","medium","medium","high","ok",,"ok","ok","high",,"high","true","C1","C1: Below 1.5°C with no or limited overshoot","REMIND 2.1","R2p1_SSP5-PkBudg900","47.042032315001805","28.014377821420787","24.730379289619805",,"1517.2792913999997","1.190492359730164","1.582010237046837",
"1224","R2p1-SSP5-900","REMIND 2.1","Final Energy|Residential and Commercial","EJ/yr","[object Object]",2055,19.2125,"1.582010237046837","1.190492359730164","2048","1517.2792913999997","122.5506607","-433.89028854","2049","2070","GW1","Carbon Dioxide Removal","failed","high","medium","medium","high","ok",,"ok","ok","high",,"high","true","C1","C1: Below 1.5°C with no or limited overshoot","REMIND 2.1","R2p1_SSP5-PkBudg900","47.042032315001805","28.014377821420787","24.730379289619805",,"1517.2792913999997","1.190492359730164","1.582010237046837",
"1224","R2p1-SSP5-900","REMIND 2.1","Final Energy|Residential and Commercial","EJ/yr","[object Object]",2060,20.2202,"1.582010237046837","1.190492359730164","2048","1517.2792913999997","122.5506607","-433.89028854","2049","2070","GW1","Carbon Dioxide Removal","failed","high","medium","medium","high","ok",,"ok","ok","high",,"high","true","C1","C1: Below 1.5°C with no or limited overshoot","REMIND 2.1","R2p1_SSP5-PkBudg900","47.042032315001805","28.014377821420787","24.730379289619805",,"1517.2792913999997","1.190492359730164","1.582010237046837",
"1224","R2p1-SSP5-900","REMIND 2.1","Final Energy|Residential and Commercial","EJ/yr","[object Object]",2070,23.264,"1.582010237046837","1.190492359730164","2048","1517.2792913999997","122.5506607","-433.89028854","2049","2070","GW1","Carbon Dioxide Removal","failed","high","medium","medium","high","ok",,"ok","ok","high",,"high","true","C1","C1: Below 1.5°C with no or limited overshoot","REMIND 2.1","R2p1_SSP5-PkBudg900","47.042032315001805","28.014377821420787","24.730379289619805",,"1517.2792913999997","1.190492359730164","1.582010237046837",
"1224","R2p1-SSP5-900","REMIND 2.1","Final Energy|Residential and Commercial","EJ/yr","[object Object]",2080,26.181,"1.582010237046837","1.190492359730164","2048","1517.2792913999997","122.5506607","-433.89028854","2049","2070","GW1","Carbon Dioxide Removal","failed","high","medium","medium","high","ok",,"ok","ok","high",,"high","true","C1","C1: Below 1.5°C with no or limited overshoot","REMIND 2.1","R2p1_SSP5-PkBudg900","47.042032315001805","28.014377821420787","24.730379289619805",,"1517.2792913999997","1.190492359730164","1.582010237046837",
"1224","R2p1-SSP5-900","REMIND 2.1","Final Energy|Residential and Commercial","EJ/yr","[object Object]",2090,29.5674,"1.582010237046837","1.190492359730164","2048","1517.2792913999997","122.5506607","-433.89028854","2049","2070","GW1","Carbon Dioxide Removal","failed","high","medium","medium","high","ok",,"ok","ok","high",,"high","true","C1","C1: Below 1.5°C with no or limited overshoot","REMIND 2.1","R2p1_SSP5-PkBudg900","47.042032315001805","28.014377821420787","24.730379289619805",,"1517.2792913999997","1.190492359730164","1.582010237046837",
"1224","R2p1-SSP5-900","REMIND 2.1","Final Energy|Residential and Commercial","EJ/yr","[object Object]",2100,31.7318,"1.582010237046837","1.190492359730164","2048","1517.2792913999997","122.5506607","-433.89028854","2049","2070","GW1","Carbon Dioxide Removal","failed","high","medium","medium","high","ok",,"ok","ok","high",,"high","true","C1","C1: Below 1.5°C with no or limited overshoot","REMIND 2.1","R2p1_SSP5-PkBudg900","47.042032315001805","28.014377821420787","24.730379289619805",,"1517.2792913999997","1.190492359730164","1.582010237046837",
"1237","PEP-1.5°C-Full-CDR-Cost-Effective","REMIND-MAgPIE 1.7-3.0","Final Energy|Residential and Commercial","EJ/yr","[object Object]",2010,20.1017,"1.593348452083682","1.147690125358138","2040","833.909371","59.09521724999994","-564.27786555","2050","2062","GW1","Carbon Dioxide Removal","failed","high","medium","medium","medium","medium",,"ok","ok","ok",,"high","true","C1","C1: Below 1.5°C with no or limited overshoot","REMIND-MAgPIE 1.7-3.0","PEP_1p5C_full_eff","52.35429198973165","30.42130083226564","15.221032587713971","9.157420518559078","833.909371","1.147690125358138","1.593348452083682",
"1237","PEP-1.5°C-Full-CDR-Cost-Effective","REMIND-MAgPIE 1.7-3.0","Final Energy|Residential and Commercial","EJ/yr","[object Object]",2015,21.142,"1.593348452083682","1.147690125358138","2040","833.909371","59.09521724999994","-564.27786555","2050","2062","GW1","Carbon Dioxide Removal","failed","high","medium","medium","medium","medium",,"ok","ok","ok",,"high","true","C1","C1: Below 1.5°C with no or limited overshoot","REMIND-MAgPIE 1.7-3.0","PEP_1p5C_full_eff","52.35429198973165","30.42130083226564","15.221032587713971","9.157420518559078","833.909371","1.147690125358138","1.593348452083682",
"1237","PEP-1.5°C-Full-CDR-Cost-Effective","REMIND-MAgPIE 1.7-3.0","Final Energy|Residential and Commercial","EJ/yr","[object Object]",2020,21.399,"1.593348452083682","1.147690125358138","2040","833.909371","59.09521724999994","-564.27786555","2050","2062","GW1","Carbon Dioxide Removal","failed","high","medium","medium","medium","medium",,"ok","ok","ok",,"high","true","C1","C1: Below 1.5°C with no or limited overshoot","REMIND-MAgPIE 1.7-3.0","PEP_1p5C_full_eff","52.35429198973165","30.42130083226564","15.221032587713971","9.157420518559078","833.909371","1.147690125358138","1.593348452083682",
"1237","PEP-1.5°C-Full-CDR-Cost-Effective","REMIND-MAgPIE 1.7-3.0","Final Energy|Residential and Commercial","EJ/yr","[object Object]",2025,21.1181,"1.593348452083682","1.147690125358138","2040","833.909371","59.09521724999994","-564.27786555","2050","2062","GW1","Carbon Dioxide Removal","failed","high","medium","medium","medium","medium",,"ok","ok","ok",,"high","true","C1","C1: Below 1.5°C with no or limited overshoot","REMIND-MAgPIE 1.7-3.0","PEP_1p5C_full_eff","52.35429198973165","30.42130083226564","15.221032587713971","9.157420518559078","833.909371","1.147690125358138","1.593348452083682",
"1237","PEP-1.5°C-Full-CDR-Cost-Effective","REMIND-MAgPIE 1.7-3.0","Final Energy|Residential and Commercial","EJ/yr","[object Object]",2030,20.9754,"1.593348452083682","1.147690125358138","2040","833.909371","59.09521724999994","-564.27786555","2050","2062","GW1","Carbon Dioxide Removal","failed","high","medium","medium","medium","medium",,"ok","ok","ok",,"high","true","C1","C1: Below 1.5°C with no or limited overshoot","REMIND-MAgPIE 1.7-3.0","PEP_1p5C_full_eff","52.35429198973165","30.42130083226564","15.221032587713971","9.157420518559078","833.909371","1.147690125358138","1.593348452083682",
"1237","PEP-1.5°C-Full-CDR-Cost-Effective","REMIND-MAgPIE 1.7-3.0","Final Energy|Residential and Commercial","EJ/yr","[object Object]",2035,20.5813,"1.593348452083682","1.147690125358138","2040","833.909371","59.09521724999994","-564.27786555","2050","2062","GW1","Carbon Dioxide Removal","failed","high","medium","medium","medium","medium",,"ok","ok","ok",,"high","true","C1","C1: Below 1.5°C with no or limited overshoot","REMIND-MAgPIE 1.7-3.0","PEP_1p5C_full_eff","52.35429198973165","30.42130083226564","15.221032587713971","9.157420518559078","833.909371","1.147690125358138","1.593348452083682",
"1237","PEP-1.5°C-Full-CDR-Cost-Effective","REMIND-MAgPIE 1.7-3.0","Final Energy|Residential and Commercial","EJ/yr","[object Object]",2040,20.4667,"1.593348452083682","1.147690125358138","2040","833.909371","59.09521724999994","-564.27786555","2050","2062","GW1","Carbon Dioxide Removal","failed","high","medium","medium","medium","medium",,"ok","ok","ok",,"high","true","C1","C1: Below 1.5°C with no or limited overshoot","REMIND-MAgPIE 1.7-3.0","PEP_1p5C_full_eff","52.35429198973165","30.42130083226564","15.221032587713971","9.157420518559078","833.909371","1.147690125358138","1.593348452083682",
"1237","PEP-1.5°C-Full-CDR-Cost-Effective","REMIND-MAgPIE 1.7-3.0","Final Energy|Residential and Commercial","EJ/yr","[object Object]",2045,21.3782,"1.593348452083682","1.147690125358138","2040","833.909371","59.09521724999994","-564.27786555","2050","2062","GW1","Carbon Dioxide Removal","failed","high","medium","medium","medium","medium",,"ok","ok","ok",,"high","true","C1","C1: Below 1.5°C with no or limited overshoot","REMIND-MAgPIE 1.7-3.0","PEP_1p5C_full_eff","52.35429198973165","30.42130083226564","15.221032587713971","9.157420518559078","833.909371","1.147690125358138","1.593348452083682",
"1237","PEP-1.5°C-Full-CDR-Cost-Effective","REMIND-MAgPIE 1.7-3.0","Final Energy|Residential and Commercial","EJ/yr","[object Object]",2050,22.2582,"1.593348452083682","1.147690125358138","2040","833.909371","59.09521724999994","-564.27786555","2050","2062","GW1","Carbon Dioxide Removal","failed","high","medium","medium","medium","medium",,"ok","ok","ok",,"high","true","C1","C1: Below 1.5°C with no or limited overshoot","REMIND-MAgPIE 1.7-3.0","PEP_1p5C_full_eff","52.35429198973165","30.42130083226564","15.221032587713971","9.157420518559078","833.909371","1.147690125358138","1.593348452083682",
"1237","PEP-1.5°C-Full-CDR-Cost-Effective","REMIND-MAgPIE 1.7-3.0","Final Energy|Residential and Commercial","EJ/yr","[object Object]",2055,23.3436,"1.593348452083682","1.147690125358138","2040","833.909371","59.09521724999994","-564.27786555","2050","2062","GW1","Carbon Dioxide Removal","failed","high","medium","medium","medium","medium",,"ok","ok","ok",,"high","true","C1","C1: Below 1.5°C with no or limited overshoot","REMIND-MAgPIE 1.7-3.0","PEP_1p5C_full_eff","52.35429198973165","30.42130083226564","15.221032587713971","9.157420518559078","833.909371","1.147690125358138","1.593348452083682",
"1237","PEP-1.5°C-Full-CDR-Cost-Effective","REMIND-MAgPIE 1.7-3.0","Final Energy|Residential and Commercial","EJ/yr","[object Object]",2060,24.1899,"1.593348452083682","1.147690125358138","2040","833.909371","59.09521724999994","-564.27786555","2050","2062","GW1","Carbon Dioxide Removal","failed","high","medium","medium","medium","medium",,"ok","ok","ok",,"high","true","C1","C1: Below 1.5°C with no or limited overshoot","REMIND-MAgPIE 1.7-3.0","PEP_1p5C_full_eff","52.35429198973165","30.42130083226564","15.221032587713971","9.157420518559078","833.909371","1.147690125358138","1.593348452083682",
"1237","PEP-1.5°C-Full-CDR-Cost-Effective","REMIND-MAgPIE 1.7-3.0","Final Energy|Residential and Commercial","EJ/yr","[object Object]",2070,24.692,"1.593348452083682","1.147690125358138","2040","833.909371","59.09521724999994","-564.27786555","2050","2062","GW1","Carbon Dioxide Removal","failed","high","medium","medium","medium","medium",,"ok","ok","ok",,"high","true","C1","C1: Below 1.5°C with no or limited overshoot","REMIND-MAgPIE 1.7-3.0","PEP_1p5C_full_eff","52.35429198973165","30.42130083226564","15.221032587713971","9.157420518559078","833.909371","1.147690125358138","1.593348452083682",
"1237","PEP-1.5°C-Full-CDR-Cost-Effective","REMIND-MAgPIE 1.7-3.0","Final Energy|Residential and Commercial","EJ/yr","[object Object]",2080,25.5678,"1.593348452083682","1.147690125358138","2040","833.909371","59.09521724999994","-564.27786555","2050","2062","GW1","Carbon Dioxide Removal","failed","high","medium","medium","medium","medium",,"ok","ok","ok",,"high","true","C1","C1: Below 1.5°C with no or limited overshoot","REMIND-MAgPIE 1.7-3.0","PEP_1p5C_full_eff","52.35429198973165","30.42130083226564","15.221032587713971","9.157420518559078","833.909371","1.147690125358138","1.593348452083682",
"1237","PEP-1.5°C-Full-CDR-Cost-Effective","REMIND-MAgPIE 1.7-3.0","Final Energy|Residential and Commercial","EJ/yr","[object Object]",2090,26.6615,"1.593348452083682","1.147690125358138","2040","833.909371","59.09521724999994","-564.27786555","2050","2062","GW1","Carbon Dioxide Removal","failed","high","medium","medium","medium","medium",,"ok","ok","ok",,"high","true","C1","C1: Below 1.5°C with no or limited overshoot","REMIND-MAgPIE 1.7-3.0","PEP_1p5C_full_eff","52.35429198973165","30.42130083226564","15.221032587713971","9.157420518559078","833.909371","1.147690125358138","1.593348452083682",
"1237","PEP-1.5°C-Full-CDR-Cost-Effective","REMIND-MAgPIE 1.7-3.0","Final Energy|Residential and Commercial","EJ/yr","[object Object]",2100,27.6756,"1.593348452083682","1.147690125358138","2040","833.909371","59.09521724999994","-564.27786555","2050","2062","GW1","Carbon Dioxide Removal","failed","high","medium","medium","medium","medium",,"ok","ok","ok",,"high","true","C1","C1: Below 1.5°C with no or limited overshoot","REMIND-MAgPIE 1.7-3.0","PEP_1p5C_full_eff","52.35429198973165","30.42130083226564","15.221032587713971","9.157420518559078","833.909371","1.147690125358138","1.593348452083682",
"1241","PEP-1.5°C-Reduced-CDR-Cost-Effective","REMIND-MAgPIE 1.7-3.0","Final Energy|Residential and Commercial","EJ/yr","[object Object]",2010,20.1017,"1.499776580238358","1.126001764567997","2036","546.653238","47.46844209999996","-343.0653110999999","2039",,"GW0","Rapid Fossil-Fuel Phase-Out","failed","high","medium","medium","high","high",,"ok","ok","ok",,"medium","true","C1","C1: Below 1.5°C with no or limited overshoot","REMIND-MAgPIE 1.7-3.0","PEP_1p5C_red_eff","74.67091139137179","13.491530957920084","9.843679849802049","7.771942064834079","546.653238","1.126001764567997","1.499776580238358",
"1241","PEP-1.5°C-Reduced-CDR-Cost-Effective","REMIND-MAgPIE 1.7-3.0","Final Energy|Residential and Commercial","EJ/yr","[object Object]",2015,21.142,"1.499776580238358","1.126001764567997","2036","546.653238","47.46844209999996","-343.0653110999999","2039",,"GW0","Rapid Fossil-Fuel Phase-Out","failed","high","medium","medium","high","high",,"ok","ok","ok",,"medium","true","C1","C1: Below 1.5°C with no or limited overshoot","REMIND-MAgPIE 1.7-3.0","PEP_1p5C_red_eff","74.67091139137179","13.491530957920084","9.843679849802049","7.771942064834079","546.653238","1.126001764567997","1.499776580238358",
"1241","PEP-1.5°C-Reduced-CDR-Cost-Effective","REMIND-MAgPIE 1.7-3.0","Final Energy|Residential and Commercial","EJ/yr","[object Object]",2020,21.399,"1.499776580238358","1.126001764567997","2036","546.653238","47.46844209999996","-343.0653110999999","2039",,"GW0","Rapid Fossil-Fuel Phase-Out","failed","high","medium","medium","high","high",,"ok","ok","ok",,"medium","true","C1","C1: Below 1.5°C with no or limited overshoot","REMIND-MAgPIE 1.7-3.0","PEP_1p5C_red_eff","74.67091139137179","13.491530957920084","9.843679849802049","7.771942064834079","546.653238","1.126001764567997","1.499776580238358",
"1241","PEP-1.5°C-Reduced-CDR-Cost-Effective","REMIND-MAgPIE 1.7-3.0","Final Energy|Residential and Commercial","EJ/yr","[object Object]",2025,18.6028,"1.499776580238358","1.126001764567997","2036","546.653238","47.46844209999996","-343.0653110999999","2039",,"GW0","Rapid Fossil-Fuel Phase-Out","failed","high","medium","medium","high","high",,"ok","ok","ok",,"medium","true","C1","C1: Below 1.5°C with no or limited overshoot","REMIND-MAgPIE 1.7-3.0","PEP_1p5C_red_eff","74.67091139137179","13.491530957920084","9.843679849802049","7.771942064834079","546.653238","1.126001764567997","1.499776580238358",
"1241","PEP-1.5°C-Reduced-CDR-Cost-Effective","REMIND-MAgPIE 1.7-3.0","Final Energy|Residential and Commercial","EJ/yr","[object Object]",2030,17.1733,"1.499776580238358","1.126001764567997","2036","546.653238","47.46844209999996","-343.0653110999999","2039",,"GW0","Rapid Fossil-Fuel Phase-Out","failed","high","medium","medium","high","high",,"ok","ok","ok",,"medium","true","C1","C1: Below 1.5°C with no or limited overshoot","REMIND-MAgPIE 1.7-3.0","PEP_1p5C_red_eff","74.67091139137179","13.491530957920084","9.843679849802049","7.771942064834079","546.653238","1.126001764567997","1.499776580238358",
"1241","PEP-1.5°C-Reduced-CDR-Cost-Effective","REMIND-MAgPIE 1.7-3.0","Final Energy|Residential and Commercial","EJ/yr","[object Object]",2035,17.6948,"1.499776580238358","1.126001764567997","2036","546.653238","47.46844209999996","-343.0653110999999","2039",,"GW0","Rapid Fossil-Fuel Phase-Out","failed","high","medium","medium","high","high",,"ok","ok","ok",,"medium","true","C1","C1: Below 1.5°C with no or limited overshoot","REMIND-MAgPIE 1.7-3.0","PEP_1p5C_red_eff","74.67091139137179","13.491530957920084","9.843679849802049","7.771942064834079","546.653238","1.126001764567997","1.499776580238358",
"1241","PEP-1.5°C-Reduced-CDR-Cost-Effective","REMIND-MAgPIE 1.7-3.0","Final Energy|Residential and Commercial","EJ/yr","[object Object]",2040,18.9043,"1.499776580238358","1.126001764567997","2036","546.653238","47.46844209999996","-343.0653110999999","2039",,"GW0","Rapid Fossil-Fuel Phase-Out","failed","high","medium","medium","high","high",,"ok","ok","ok",,"medium","true","C1","C1: Below 1.5°C with no or limited overshoot","REMIND-MAgPIE 1.7-3.0","PEP_1p5C_red_eff","74.67091139137179","13.491530957920084","9.843679849802049","7.771942064834079","546.653238","1.126001764567997","1.499776580238358",
"1241","PEP-1.5°C-Reduced-CDR-Cost-Effective","REMIND-MAgPIE 1.7-3.0","Final Energy|Residential and Commercial","EJ/yr","[object Object]",2045,20.4476,"1.499776580238358","1.126001764567997","2036","546.653238","47.46844209999996","-343.0653110999999","2039",,"GW0","Rapid Fossil-Fuel Phase-Out","failed","high","medium","medium","high","high",,"ok","ok","ok",,"medium","true","C1","C1: Below 1.5°C with no or limited overshoot","REMIND-MAgPIE 1.7-3.0","PEP_1p5C_red_eff","74.67091139137179","13.491530957920084","9.843679849802049","7.771942064834079","546.653238","1.126001764567997","1.499776580238358",
"1241","PEP-1.5°C-Reduced-CDR-Cost-Effective","REMIND-MAgPIE 1.7-3.0","Final Energy|Residential and Commercial","EJ/yr","[object Object]",2050,20.6449,"1.499776580238358","1.126001764567997","2036","546.653238","47.46844209999996","-343.0653110999999","2039",,"GW0","Rapid Fossil-Fuel Phase-Out","failed","high","medium","medium","high","high",,"ok","ok","ok",,"medium","true","C1","C1: Below 1.5°C with no or limited overshoot","REMIND-MAgPIE 1.7-3.0","PEP_1p5C_red_eff","74.67091139137179","13.491530957920084","9.843679849802049","7.771942064834079","546.653238","1.126001764567997","1.499776580238358",
"1241","PEP-1.5°C-Reduced-CDR-Cost-Effective","REMIND-MAgPIE 1.7-3.0","Final Energy|Residential and Commercial","EJ/yr","[object Object]",2055,21.4514,"1.499776580238358","1.126001764567997","2036","546.653238","47.46844209999996","-343.0653110999999","2039",,"GW0","Rapid Fossil-Fuel Phase-Out","failed","high","medium","medium","high","high",,"ok","ok","ok",,"medium","true","C1","C1: Below 1.5°C with no or limited overshoot","REMIND-MAgPIE 1.7-3.0","PEP_1p5C_red_eff","74.67091139137179","13.491530957920084","9.843679849802049","7.771942064834079","546.653238","1.126001764567997","1.499776580238358",
"1241","PEP-1.5°C-Reduced-CDR-Cost-Effective","REMIND-MAgPIE 1.7-3.0","Final Energy|Residential and Commercial","EJ/yr","[object Object]",2060,22.0562,"1.499776580238358","1.126001764567997","2036","546.653238","47.46844209999996","-343.0653110999999","2039",,"GW0","Rapid Fossil-Fuel Phase-Out","failed","high","medium","medium","high","high",,"ok","ok","ok",,"medium","true","C1","C1: Below 1.5°C with no or limited overshoot","REMIND-MAgPIE 1.7-3.0","PEP_1p5C_red_eff","74.67091139137179","13.491530957920084","9.843679849802049","7.771942064834079","546.653238","1.126001764567997","1.499776580238358",
"1241","PEP-1.5°C-Reduced-CDR-Cost-Effective","REMIND-MAgPIE 1.7-3.0","Final Energy|Residential and Commercial","EJ/yr","[object Object]",2070,22.98,"1.499776580238358","1.126001764567997","2036","546.653238","47.46844209999996","-343.0653110999999","2039",,"GW0","Rapid Fossil-Fuel Phase-Out","failed","high","medium","medium","high","high",,"ok","ok","ok",,"medium","true","C1","C1: Below 1.5°C with no or limited overshoot","REMIND-MAgPIE 1.7-3.0","PEP_1p5C_red_eff","74.67091139137179","13.491530957920084","9.843679849802049","7.771942064834079","546.653238","1.126001764567997","1.499776580238358",
"1241","PEP-1.5°C-Reduced-CDR-Cost-Effective","REMIND-MAgPIE 1.7-3.0","Final Energy|Residential and Commercial","EJ/yr","[object Object]",2080,24.4671,"1.499776580238358","1.126001764567997","2036","546.653238","47.46844209999996","-343.0653110999999","2039",,"GW0","Rapid Fossil-Fuel Phase-Out","failed","high","medium","medium","high","high",,"ok","ok","ok",,"medium","true","C1","C1: Below 1.5°C with no or limited overshoot","REMIND-MAgPIE 1.7-3.0","PEP_1p5C_red_eff","74.67091139137179","13.491530957920084","9.843679849802049","7.771942064834079","546.653238","1.126001764567997","1.499776580238358",
"1241","PEP-1.5°C-Reduced-CDR-Cost-Effective","REMIND-MAgPIE 1.7-3.0","Final Energy|Residential and Commercial","EJ/yr","[object Object]",2090,25.9678,"1.499776580238358","1.126001764567997","2036","546.653238","47.46844209999996","-343.0653110999999","2039",,"GW0","Rapid Fossil-Fuel Phase-Out","failed","high","medium","medium","high","high",,"ok","ok","ok",,"medium","true","C1","C1: Below 1.5°C with no or limited overshoot","REMIND-MAgPIE 1.7-3.0","PEP_1p5C_red_eff","74.67091139137179","13.491530957920084","9.843679849802049","7.771942064834079","546.653238","1.126001764567997","1.499776580238358",
"1241","PEP-1.5°C-Reduced-CDR-Cost-Effective","REMIND-MAgPIE 1.7-3.0","Final Energy|Residential and Commercial","EJ/yr","[object Object]",2100,27.047,"1.499776580238358","1.126001764567997","2036","546.653238","47.46844209999996","-343.0653110999999","2039",,"GW0","Rapid Fossil-Fuel Phase-Out","failed","high","medium","medium","high","high",,"ok","ok","ok",,"medium","true","C1","C1: Below 1.5°C with no or limited overshoot","REMIND-MAgPIE 1.7-3.0","PEP_1p5C_red_eff","74.67091139137179","13.491530957920084","9.843679849802049","7.771942064834079","546.653238","1.126001764567997","1.499776580238358",
"1246","PEP-2°C-Reduced-CDR-Cost-Effective","REMIND-MAgPIE 1.7-3.0","Final Energy|Residential and Commercial","EJ/yr","[object Object]",2010,20.1017,"1.598335163160355","1.404962673466711","2048","457.73960300000005","656.9008508","-19.161028","2063",,"GW1","Rapid Fossil-Fuel Phase-Out","failed","high","medium","medium","medium","medium",,"ok","ok","ok",,"medium","true","C1","C1: Below 1.5°C with no or limited overshoot","REMIND-MAgPIE 1.7-3.0","PEP_2C_red_eff","55.04137394652625","33.53010926801902","9.618805064324057","7.764901554399799","457.73960300000005","1.404962673466711","1.598335163160355",
"1246","PEP-2°C-Reduced-CDR-Cost-Effective","REMIND-MAgPIE 1.7-3.0","Final Energy|Residential and Commercial","EJ/yr","[object Object]",2015,21.142,"1.598335163160355","1.404962673466711","2048","457.73960300000005","656.9008508","-19.161028","2063",,"GW1","Rapid Fossil-Fuel Phase-Out","failed","high","medium","medium","medium","medium",,"ok","ok","ok",,"medium","true","C1","C1: Below 1.5°C with no or limited overshoot","REMIND-MAgPIE 1.7-3.0","PEP_2C_red_eff","55.04137394652625","33.53010926801902","9.618805064324057","7.764901554399799","457.73960300000005","1.404962673466711","1.598335163160355",
"1246","PEP-2°C-Reduced-CDR-Cost-Effective","REMIND-MAgPIE 1.7-3.0","Final Energy|Residential and Commercial","EJ/yr","[object Object]",2020,21.399,"1.598335163160355","1.404962673466711","2048","457.73960300000005","656.9008508","-19.161028","2063",,"GW1","Rapid Fossil-Fuel Phase-Out","failed","high","medium","medium","medium","medium",,"ok","ok","ok",,"medium","true","C1","C1: Below 1.5°C with no or limited overshoot","REMIND-MAgPIE 1.7-3.0","PEP_2C_red_eff","55.04137394652625","33.53010926801902","9.618805064324057","7.764901554399799","457.73960300000005","1.404962673466711","1.598335163160355",
"1246","PEP-2°C-Reduced-CDR-Cost-Effective","REMIND-MAgPIE 1.7-3.0","Final Energy|Residential and Commercial","EJ/yr","[object Object]",2025,21.1038,"1.598335163160355","1.404962673466711","2048","457.73960300000005","656.9008508","-19.161028","2063",,"GW1","Rapid Fossil-Fuel Phase-Out","failed","high","medium","medium","medium","medium",,"ok","ok","ok",,"medium","true","C1","C1: Below 1.5°C with no or limited overshoot","REMIND-MAgPIE 1.7-3.0","PEP_2C_red_eff","55.04137394652625","33.53010926801902","9.618805064324057","7.764901554399799","457.73960300000005","1.404962673466711","1.598335163160355",
"1246","PEP-2°C-Reduced-CDR-Cost-Effective","REMIND-MAgPIE 1.7-3.0","Final Energy|Residential and Commercial","EJ/yr","[object Object]",2030,20.9948,"1.598335163160355","1.404962673466711","2048","457.73960300000005","656.9008508","-19.161028","2063",,"GW1","Rapid Fossil-Fuel Phase-Out","failed","high","medium","medium","medium","medium",,"ok","ok","ok",,"medium","true","C1","C1: Below 1.5°C with no or limited overshoot","REMIND-MAgPIE 1.7-3.0","PEP_2C_red_eff","55.04137394652625","33.53010926801902","9.618805064324057","7.764901554399799","457.73960300000005","1.404962673466711","1.598335163160355",
"1246","PEP-2°C-Reduced-CDR-Cost-Effective","REMIND-MAgPIE 1.7-3.0","Final Energy|Residential and Commercial","EJ/yr","[object Object]",2035,20.5825,"1.598335163160355","1.404962673466711","2048","457.73960300000005","656.9008508","-19.161028","2063",,"GW1","Rapid Fossil-Fuel Phase-Out","failed","high","medium","medium","medium","medium",,"ok","ok","ok",,"medium","true","C1","C1: Below 1.5°C with no or limited overshoot","REMIND-MAgPIE 1.7-3.0","PEP_2C_red_eff","55.04137394652625","33.53010926801902","9.618805064324057","7.764901554399799","457.73960300000005","1.404962673466711","1.598335163160355",
"1246","PEP-2°C-Reduced-CDR-Cost-Effective","REMIND-MAgPIE 1.7-3.0","Final Energy|Residential and Commercial","EJ/yr","[object Object]",2040,20.4202,"1.598335163160355","1.404962673466711","2048","457.73960300000005","656.9008508","-19.161028","2063",,"GW1","Rapid Fossil-Fuel Phase-Out","failed","high","medium","medium","medium","medium",,"ok","ok","ok",,"medium","true","C1","C1: Below 1.5°C with no or limited overshoot","REMIND-MAgPIE 1.7-3.0","PEP_2C_red_eff","55.04137394652625","33.53010926801902","9.618805064324057","7.764901554399799","457.73960300000005","1.404962673466711","1.598335163160355",
"1246","PEP-2°C-Reduced-CDR-Cost-Effective","REMIND-MAgPIE 1.7-3.0","Final Energy|Residential and Commercial","EJ/yr","[object Object]",2045,21.2408,"1.598335163160355","1.404962673466711","2048","457.73960300000005","656.9008508","-19.161028","2063",,"GW1","Rapid Fossil-Fuel Phase-Out","failed","high","medium","medium","medium","medium",,"ok","ok","ok",,"medium","true","C1","C1: Below 1.5°C with no or limited overshoot","REMIND-MAgPIE 1.7-3.0","PEP_2C_red_eff","55.04137394652625","33.53010926801902","9.618805064324057","7.764901554399799","457.73960300000005","1.404962673466711","1.598335163160355",
"1246","PEP-2°C-Reduced-CDR-Cost-Effective","REMIND-MAgPIE 1.7-3.0","Final Energy|Residential and Commercial","EJ/yr","[object Object]",2050,22.0932,"1.598335163160355","1.404962673466711","2048","457.73960300000005","656.9008508","-19.161028","2063",,"GW1","Rapid Fossil-Fuel Phase-Out","failed","high","medium","medium","medium","medium",,"ok","ok","ok",,"medium","true","C1","C1: Below 1.5°C with no or limited overshoot","REMIND-MAgPIE 1.7-3.0","PEP_2C_red_eff","55.04137394652625","33.53010926801902","9.618805064324057","7.764901554399799","457.73960300000005","1.404962673466711","1.598335163160355",
"1246","PEP-2°C-Reduced-CDR-Cost-Effective","REMIND-MAgPIE 1.7-3.0","Final Energy|Residential and Commercial","EJ/yr","[object Object]",2055,23.0232,"1.598335163160355","1.404962673466711","2048","457.73960300000005","656.9008508","-19.161028","2063",,"GW1","Rapid Fossil-Fuel Phase-Out","failed","high","medium","medium","medium","medium",,"ok","ok","ok",,"medium","true","C1","C1: Below 1.5°C with no or limited overshoot","REMIND-MAgPIE 1.7-3.0","PEP_2C_red_eff","55.04137394652625","33.53010926801902","9.618805064324057","7.764901554399799","457.73960300000005","1.404962673466711","1.598335163160355",
"1246","PEP-2°C-Reduced-CDR-Cost-Effective","REMIND-MAgPIE 1.7-3.0","Final Energy|Residential and Commercial","EJ/yr","[object Object]",2060,23.6766,"1.598335163160355","1.404962673466711","2048","457.73960300000005","656.9008508","-19.161028","2063",,"GW1","Rapid Fossil-Fuel Phase-Out","failed","high","medium","medium","medium","medium",,"ok","ok","ok",,"medium","true","C1","C1: Below 1.5°C with no or limited overshoot","REMIND-MAgPIE 1.7-3.0","PEP_2C_red_eff","55.04137394652625","33.53010926801902","9.618805064324057","7.764901554399799","457.73960300000005","1.404962673466711","1.598335163160355",
"1246","PEP-2°C-Reduced-CDR-Cost-Effective","REMIND-MAgPIE 1.7-3.0","Final Energy|Residential and Commercial","EJ/yr","[object Object]",2070,24.4868,"1.598335163160355","1.404962673466711","2048","457.73960300000005","656.9008508","-19.161028","2063",,"GW1","Rapid Fossil-Fuel Phase-Out","failed","high","medium","medium","medium","medium",,"ok","ok","ok",,"medium","true","C1","C1: Below 1.5°C with no or limited overshoot","REMIND-MAgPIE 1.7-3.0","PEP_2C_red_eff","55.04137394652625","33.53010926801902","9.618805064324057","7.764901554399799","457.73960300000005","1.404962673466711","1.598335163160355",
"1246","PEP-2°C-Reduced-CDR-Cost-Effective","REMIND-MAgPIE 1.7-3.0","Final Energy|Residential and Commercial","EJ/yr","[object Object]",2080,25.5158,"1.598335163160355","1.404962673466711","2048","457.73960300000005","656.9008508","-19.161028","2063",,"GW1","Rapid Fossil-Fuel Phase-Out","failed","high","medium","medium","medium","medium",,"ok","ok","ok",,"medium","true","C1","C1: Below 1.5°C with no or limited overshoot","REMIND-MAgPIE 1.7-3.0","PEP_2C_red_eff","55.04137394652625","33.53010926801902","9.618805064324057","7.764901554399799","457.73960300000005","1.404962673466711","1.598335163160355",
"1246","PEP-2°C-Reduced-CDR-Cost-Effective","REMIND-MAgPIE 1.7-3.0","Final Energy|Residential and Commercial","EJ/yr","[object Object]",2090,26.644,"1.598335163160355","1.404962673466711","2048","457.73960300000005","656.9008508","-19.161028","2063",,"GW1","Rapid Fossil-Fuel Phase-Out","failed","high","medium","medium","medium","medium",,"ok","ok","ok",,"medium","true","C1","C1: Below 1.5°C with no or limited overshoot","REMIND-MAgPIE 1.7-3.0","PEP_2C_red_eff","55.04137394652625","33.53010926801902","9.618805064324057","7.764901554399799","457.73960300000005","1.404962673466711","1.598335163160355",
"1246","PEP-2°C-Reduced-CDR-Cost-Effective","REMIND-MAgPIE 1.7-3.0","Final Energy|Residential and Commercial","EJ/yr","[object Object]",2100,27.5555,"1.598335163160355","1.404962673466711","2048","457.73960300000005","656.9008508","-19.161028","2063",,"GW1","Rapid Fossil-Fuel Phase-Out","failed","high","medium","medium","medium","medium",,"ok","ok","ok",,"medium","true","C1","C1: Below 1.5°C with no or limited overshoot","REMIND-MAgPIE 1.7-3.0","PEP_2C_red_eff","55.04137394652625","33.53010926801902","9.618805064324057","7.764901554399799","457.73960300000005","1.404962673466711","1.598335163160355",
"1255","SusDev-SDP-1000","REMIND-MAgPIE 2.1-4.2","Final Energy|Residential and Commercial","EJ/yr","[object Object]",2010,20.4678,"1.55388288492077","1.168625722853322","2038","181.08875815000002","585.1398322000002","-72.12874246","2069","2091","GW1","Low Demand and Decarbonization","failed","medium","ok","ok","medium","medium",,"ok","ok","ok",,"medium","true","C1","C1: Below 1.5°C with no or limited overshoot","REMIND-MAgPIE 2.1-4.2","SusDev_SDP-PkBudg1000","49.898283626109595","7.504280144445882","42.44637230782511","9.138677184340082","181.08875815000002","1.168625722853322","1.55388288492077",
"1255","SusDev-SDP-1000","REMIND-MAgPIE 2.1-4.2","Final Energy|Residential and Commercial","EJ/yr","[object Object]",2015,17.7441,"1.55388288492077","1.168625722853322","2038","181.08875815000002","585.1398322000002","-72.12874246","2069","2091","GW1","Low Demand and Decarbonization","failed","medium","ok","ok","medium","medium",,"ok","ok","ok",,"medium","true","C1","C1: Below 1.5°C with no or limited overshoot","REMIND-MAgPIE 2.1-4.2","SusDev_SDP-PkBudg1000","49.898283626109595","7.504280144445882","42.44637230782511","9.138677184340082","181.08875815000002","1.168625722853322","1.55388288492077",
"1255","SusDev-SDP-1000","REMIND-MAgPIE 2.1-4.2","Final Energy|Residential and Commercial","EJ/yr","[object Object]",2020,18.2269,"1.55388288492077","1.168625722853322","2038","181.08875815000002","585.1398322000002","-72.12874246","2069","2091","GW1","Low Demand and Decarbonization","failed","medium","ok","ok","medium","medium",,"ok","ok","ok",,"medium","true","C1","C1: Below 1.5°C with no or limited overshoot","REMIND-MAgPIE 2.1-4.2","SusDev_SDP-PkBudg1000","49.898283626109595","7.504280144445882","42.44637230782511","9.138677184340082","181.08875815000002","1.168625722853322","1.55388288492077",
"1255","SusDev-SDP-1000","REMIND-MAgPIE 2.1-4.2","Final Energy|Residential and Commercial","EJ/yr","[object Object]",2025,17.663,"1.55388288492077","1.168625722853322","2038","181.08875815000002","585.1398322000002","-72.12874246","2069","2091","GW1","Low Demand and Decarbonization","failed","medium","ok","ok","medium","medium",,"ok","ok","ok",,"medium","true","C1","C1: Below 1.5°C with no or limited overshoot","REMIND-MAgPIE 2.1-4.2","SusDev_SDP-PkBudg1000","49.898283626109595","7.504280144445882","42.44637230782511","9.138677184340082","181.08875815000002","1.168625722853322","1.55388288492077",
"1255","SusDev-SDP-1000","REMIND-MAgPIE 2.1-4.2","Final Energy|Residential and Commercial","EJ/yr","[object Object]",2030,17.3877,"1.55388288492077","1.168625722853322","2038","181.08875815000002","585.1398322000002","-72.12874246","2069","2091","GW1","Low Demand and Decarbonization","failed","medium","ok","ok","medium","medium",,"ok","ok","ok",,"medium","true","C1","C1: Below 1.5°C with no or limited overshoot","REMIND-MAgPIE 2.1-4.2","SusDev_SDP-PkBudg1000","49.898283626109595","7.504280144445882","42.44637230782511","9.138677184340082","181.08875815000002","1.168625722853322","1.55388288492077",
"1255","SusDev-SDP-1000","REMIND-MAgPIE 2.1-4.2","Final Energy|Residential and Commercial","EJ/yr","[object Object]",2035,16.149,"1.55388288492077","1.168625722853322","2038","181.08875815000002","585.1398322000002","-72.12874246","2069","2091","GW1","Low Demand and Decarbonization","failed","medium","ok","ok","medium","medium",,"ok","ok","ok",,"medium","true","C1","C1: Below 1.5°C with no or limited overshoot","REMIND-MAgPIE 2.1-4.2","SusDev_SDP-PkBudg1000","49.898283626109595","7.504280144445882","42.44637230782511","9.138677184340082","181.08875815000002","1.168625722853322","1.55388288492077",
"1255","SusDev-SDP-1000","REMIND-MAgPIE 2.1-4.2","Final Energy|Residential and Commercial","EJ/yr","[object Object]",2040,14.0204,"1.55388288492077","1.168625722853322","2038","181.08875815000002","585.1398322000002","-72.12874246","2069","2091","GW1","Low Demand and Decarbonization","failed","medium","ok","ok","medium","medium",,"ok","ok","ok",,"medium","true","C1","C1: Below 1.5°C with no or limited overshoot","REMIND-MAgPIE 2.1-4.2","SusDev_SDP-PkBudg1000","49.898283626109595","7.504280144445882","42.44637230782511","9.138677184340082","181.08875815000002","1.168625722853322","1.55388288492077",
"1255","SusDev-SDP-1000","REMIND-MAgPIE 2.1-4.2","Final Energy|Residential and Commercial","EJ/yr","[object Object]",2045,12.2749,"1.55388288492077","1.168625722853322","2038","181.08875815000002","585.1398322000002","-72.12874246","2069","2091","GW1","Low Demand and Decarbonization","failed","medium","ok","ok","medium","medium",,"ok","ok","ok",,"medium","true","C1","C1: Below 1.5°C with no or limited overshoot","REMIND-MAgPIE 2.1-4.2","SusDev_SDP-PkBudg1000","49.898283626109595","7.504280144445882","42.44637230782511","9.138677184340082","181.08875815000002","1.168625722853322","1.55388288492077",
"1255","SusDev-SDP-1000","REMIND-MAgPIE 2.1-4.2","Final Energy|Residential and Commercial","EJ/yr","[object Object]",2050,10.8509,"1.55388288492077","1.168625722853322","2038","181.08875815000002","585.1398322000002","-72.12874246","2069","2091","GW1","Low Demand and Decarbonization","failed","medium","ok","ok","medium","medium",,"ok","ok","ok",,"medium","true","C1","C1: Below 1.5°C with no or limited overshoot","REMIND-MAgPIE 2.1-4.2","SusDev_SDP-PkBudg1000","49.898283626109595","7.504280144445882","42.44637230782511","9.138677184340082","181.08875815000002","1.168625722853322","1.55388288492077",
"1255","SusDev-SDP-1000","REMIND-MAgPIE 2.1-4.2","Final Energy|Residential and Commercial","EJ/yr","[object Object]",2055,9.8557,"1.55388288492077","1.168625722853322","2038","181.08875815000002","585.1398322000002","-72.12874246","2069","2091","GW1","Low Demand and Decarbonization","failed","medium","ok","ok","medium","medium",,"ok","ok","ok",,"medium","true","C1","C1: Below 1.5°C with no or limited overshoot","REMIND-MAgPIE 2.1-4.2","SusDev_SDP-PkBudg1000","49.898283626109595","7.504280144445882","42.44637230782511","9.138677184340082","181.08875815000002","1.168625722853322","1.55388288492077",
"1255","SusDev-SDP-1000","REMIND-MAgPIE 2.1-4.2","Final Energy|Residential and Commercial","EJ/yr","[object Object]",2060,9.0386,"1.55388288492077","1.168625722853322","2038","181.08875815000002","585.1398322000002","-72.12874246","2069","2091","GW1","Low Demand and Decarbonization","failed","medium","ok","ok","medium","medium",,"ok","ok","ok",,"medium","true","C1","C1: Below 1.5°C with no or limited overshoot","REMIND-MAgPIE 2.1-4.2","SusDev_SDP-PkBudg1000","49.898283626109595","7.504280144445882","42.44637230782511","9.138677184340082","181.08875815000002","1.168625722853322","1.55388288492077",
"1255","SusDev-SDP-1000","REMIND-MAgPIE 2.1-4.2","Final Energy|Residential and Commercial","EJ/yr","[object Object]",2070,8.0881,"1.55388288492077","1.168625722853322","2038","181.08875815000002","585.1398322000002","-72.12874246","2069","2091","GW1","Low Demand and Decarbonization","failed","medium","ok","ok","medium","medium",,"ok","ok","ok",,"medium","true","C1","C1: Below 1.5°C with no or limited overshoot","REMIND-MAgPIE 2.1-4.2","SusDev_SDP-PkBudg1000","49.898283626109595","7.504280144445882","42.44637230782511","9.138677184340082","181.08875815000002","1.168625722853322","1.55388288492077",
"1255","SusDev-SDP-1000","REMIND-MAgPIE 2.1-4.2","Final Energy|Residential and Commercial","EJ/yr","[object Object]",2080,7.9014,"1.55388288492077","1.168625722853322","2038","181.08875815000002","585.1398322000002","-72.12874246","2069","2091","GW1","Low Demand and Decarbonization","failed","medium","ok","ok","medium","medium",,"ok","ok","ok",,"medium","true","C1","C1: Below 1.5°C with no or limited overshoot","REMIND-MAgPIE 2.1-4.2","SusDev_SDP-PkBudg1000","49.898283626109595","7.504280144445882","42.44637230782511","9.138677184340082","181.08875815000002","1.168625722853322","1.55388288492077",
"1255","SusDev-SDP-1000","REMIND-MAgPIE 2.1-4.2","Final Energy|Residential and Commercial","EJ/yr","[object Object]",2090,7.2986,"1.55388288492077","1.168625722853322","2038","181.08875815000002","585.1398322000002","-72.12874246","2069","2091","GW1","Low Demand and Decarbonization","failed","medium","ok","ok","medium","medium",,"ok","ok","ok",,"medium","true","C1","C1: Below 1.5°C with no or limited overshoot","REMIND-MAgPIE 2.1-4.2","SusDev_SDP-PkBudg1000","49.898283626109595","7.504280144445882","42.44637230782511","9.138677184340082","181.08875815000002","1.168625722853322","1.55388288492077",
"1255","SusDev-SDP-1000","REMIND-MAgPIE 2.1-4.2","Final Energy|Residential and Commercial","EJ/yr","[object Object]",2100,7.2501,"1.55388288492077","1.168625722853322","2038","181.08875815000002","585.1398322000002","-72.12874246","2069","2091","GW1","Low Demand and Decarbonization","failed","medium","ok","ok","medium","medium",,"ok","ok","ok",,"medium","true","C1","C1: Below 1.5°C with no or limited overshoot","REMIND-MAgPIE 2.1-4.2","SusDev_SDP-PkBudg1000","49.898283626109595","7.504280144445882","42.44637230782511","9.138677184340082","181.08875815000002","1.168625722853322","1.55388288492077",
"1257","SusDev-SSP1-900","REMIND-MAgPIE 2.1-4.2","Final Energy|Residential and Commercial","EJ/yr","[object Object]",2010,20.4678,"1.580870829502971","1.175782916250483","2048","446.17200714999996","308.7478273000001","-248.2596597","2055","2075","GW1","Rapid Fossil-Fuel Phase-Out","failed","high","medium","ok","medium","medium",,"ok","ok","ok",,"medium","true","C1","C1: Below 1.5°C with no or limited overshoot","REMIND-MAgPIE 2.1-4.2","SusDev_SSP1-PkBudg900","55.43304462081725","13.877040350512775","30.580017486993444","6.096887501579971","446.17200714999996","1.175782916250483","1.580870829502971",
"1257","SusDev-SSP1-900","REMIND-MAgPIE 2.1-4.2","Final Energy|Residential and Commercial","EJ/yr","[object Object]",2015,17.7441,"1.580870829502971","1.175782916250483","2048","446.17200714999996","308.7478273000001","-248.2596597","2055","2075","GW1","Rapid Fossil-Fuel Phase-Out","failed","high","medium","ok","medium","medium",,"ok","ok","ok",,"medium","true","C1","C1: Below 1.5°C with no or limited overshoot","REMIND-MAgPIE 2.1-4.2","SusDev_SSP1-PkBudg900","55.43304462081725","13.877040350512775","30.580017486993444","6.096887501579971","446.17200714999996","1.175782916250483","1.580870829502971",
"1257","SusDev-SSP1-900","REMIND-MAgPIE 2.1-4.2","Final Energy|Residential and Commercial","EJ/yr","[object Object]",2020,18.2269,"1.580870829502971","1.175782916250483","2048","446.17200714999996","308.7478273000001","-248.2596597","2055","2075","GW1","Rapid Fossil-Fuel Phase-Out","failed","high","medium","ok","medium","medium",,"ok","ok","ok",,"medium","true","C1","C1: Below 1.5°C with no or limited overshoot","REMIND-MAgPIE 2.1-4.2","SusDev_SSP1-PkBudg900","55.43304462081725","13.877040350512775","30.580017486993444","6.096887501579971","446.17200714999996","1.175782916250483","1.580870829502971",
"1257","SusDev-SSP1-900","REMIND-MAgPIE 2.1-4.2","Final Energy|Residential and Commercial","EJ/yr","[object Object]",2025,17.2631,"1.580870829502971","1.175782916250483","2048","446.17200714999996","308.7478273000001","-248.2596597","2055","2075","GW1","Rapid Fossil-Fuel Phase-Out","failed","high","medium","ok","medium","medium",,"ok","ok","ok",,"medium","true","C1","C1: Below 1.5°C with no or limited overshoot","REMIND-MAgPIE 2.1-4.2","SusDev_SSP1-PkBudg900","55.43304462081725","13.877040350512775","30.580017486993444","6.096887501579971","446.17200714999996","1.175782916250483","1.580870829502971",
"1257","SusDev-SSP1-900","REMIND-MAgPIE 2.1-4.2","Final Energy|Residential and Commercial","EJ/yr","[object Object]",2030,16.9665,"1.580870829502971","1.175782916250483","2048","446.17200714999996","308.7478273000001","-248.2596597","2055","2075","GW1","Rapid Fossil-Fuel Phase-Out","failed","high","medium","ok","medium","medium",,"ok","ok","ok",,"medium","true","C1","C1: Below 1.5°C with no or limited overshoot","REMIND-MAgPIE 2.1-4.2","SusDev_SSP1-PkBudg900","55.43304462081725","13.877040350512775","30.580017486993444","6.096887501579971","446.17200714999996","1.175782916250483","1.580870829502971",
"1257","SusDev-SSP1-900","REMIND-MAgPIE 2.1-4.2","Final Energy|Residential and Commercial","EJ/yr","[object Object]",2035,15.7246,"1.580870829502971","1.175782916250483","2048","446.17200714999996","308.7478273000001","-248.2596597","2055","2075","GW1","Rapid Fossil-Fuel Phase-Out","failed","high","medium","ok","medium","medium",,"ok","ok","ok",,"medium","true","C1","C1: Below 1.5°C with no or limited overshoot","REMIND-MAgPIE 2.1-4.2","SusDev_SSP1-PkBudg900","55.43304462081725","13.877040350512775","30.580017486993444","6.096887501579971","446.17200714999996","1.175782916250483","1.580870829502971",
"1257","SusDev-SSP1-900","REMIND-MAgPIE 2.1-4.2","Final Energy|Residential and Commercial","EJ/yr","[object Object]",2040,13.6755,"1.580870829502971","1.175782916250483","2048","446.17200714999996","308.7478273000001","-248.2596597","2055","2075","GW1","Rapid Fossil-Fuel Phase-Out","failed","high","medium","ok","medium","medium",,"ok","ok","ok",,"medium","true","C1","C1: Below 1.5°C with no or limited overshoot","REMIND-MAgPIE 2.1-4.2","SusDev_SSP1-PkBudg900","55.43304462081725","13.877040350512775","30.580017486993444","6.096887501579971","446.17200714999996","1.175782916250483","1.580870829502971",
"1257","SusDev-SSP1-900","REMIND-MAgPIE 2.1-4.2","Final Energy|Residential and Commercial","EJ/yr","[object Object]",2045,12.3416,"1.580870829502971","1.175782916250483","2048","446.17200714999996","308.7478273000001","-248.2596597","2055","2075","GW1","Rapid Fossil-Fuel Phase-Out","failed","high","medium","ok","medium","medium",,"ok","ok","ok",,"medium","true","C1","C1: Below 1.5°C with no or limited overshoot","REMIND-MAgPIE 2.1-4.2","SusDev_SSP1-PkBudg900","55.43304462081725","13.877040350512775","30.580017486993444","6.096887501579971","446.17200714999996","1.175782916250483","1.580870829502971",
"1257","SusDev-SSP1-900","REMIND-MAgPIE 2.1-4.2","Final Energy|Residential and Commercial","EJ/yr","[object Object]",2050,11.2017,"1.580870829502971","1.175782916250483","2048","446.17200714999996","308.7478273000001","-248.2596597","2055","2075","GW1","Rapid Fossil-Fuel Phase-Out","failed","high","medium","ok","medium","medium",,"ok","ok","ok",,"medium","true","C1","C1: Below 1.5°C with no or limited overshoot","REMIND-MAgPIE 2.1-4.2","SusDev_SSP1-PkBudg900","55.43304462081725","13.877040350512775","30.580017486993444","6.096887501579971","446.17200714999996","1.175782916250483","1.580870829502971",
"1257","SusDev-SSP1-900","REMIND-MAgPIE 2.1-4.2","Final Energy|Residential and Commercial","EJ/yr","[object Object]",2055,10.1697,"1.580870829502971","1.175782916250483","2048","446.17200714999996","308.7478273000001","-248.2596597","2055","2075","GW1","Rapid Fossil-Fuel Phase-Out","failed","high","medium","ok","medium","medium",,"ok","ok","ok",,"medium","true","C1","C1: Below 1.5°C with no or limited overshoot","REMIND-MAgPIE 2.1-4.2","SusDev_SSP1-PkBudg900","55.43304462081725","13.877040350512775","30.580017486993444","6.096887501579971","446.17200714999996","1.175782916250483","1.580870829502971",
"1257","SusDev-SSP1-900","REMIND-MAgPIE 2.1-4.2","Final Energy|Residential and Commercial","EJ/yr","[object Object]",2060,9.2545,"1.580870829502971","1.175782916250483","2048","446.17200714999996","308.7478273000001","-248.2596597","2055","2075","GW1","Rapid Fossil-Fuel Phase-Out","failed","high","medium","ok","medium","medium",,"ok","ok","ok",,"medium","true","C1","C1: Below 1.5°C with no or limited overshoot","REMIND-MAgPIE 2.1-4.2","SusDev_SSP1-PkBudg900","55.43304462081725","13.877040350512775","30.580017486993444","6.096887501579971","446.17200714999996","1.175782916250483","1.580870829502971",
"1257","SusDev-SSP1-900","REMIND-MAgPIE 2.1-4.2","Final Energy|Residential and Commercial","EJ/yr","[object Object]",2070,8.5754,"1.580870829502971","1.175782916250483","2048","446.17200714999996","308.7478273000001","-248.2596597","2055","2075","GW1","Rapid Fossil-Fuel Phase-Out","failed","high","medium","ok","medium","medium",,"ok","ok","ok",,"medium","true","C1","C1: Below 1.5°C with no or limited overshoot","REMIND-MAgPIE 2.1-4.2","SusDev_SSP1-PkBudg900","55.43304462081725","13.877040350512775","30.580017486993444","6.096887501579971","446.17200714999996","1.175782916250483","1.580870829502971",
"1257","SusDev-SSP1-900","REMIND-MAgPIE 2.1-4.2","Final Energy|Residential and Commercial","EJ/yr","[object Object]",2080,8.7035,"1.580870829502971","1.175782916250483","2048","446.17200714999996","308.7478273000001","-248.2596597","2055","2075","GW1","Rapid Fossil-Fuel Phase-Out","failed","high","medium","ok","medium","medium",,"ok","ok","ok",,"medium","true","C1","C1: Below 1.5°C with no or limited overshoot","REMIND-MAgPIE 2.1-4.2","SusDev_SSP1-PkBudg900","55.43304462081725","13.877040350512775","30.580017486993444","6.096887501579971","446.17200714999996","1.175782916250483","1.580870829502971",
"1257","SusDev-SSP1-900","REMIND-MAgPIE 2.1-4.2","Final Energy|Residential and Commercial","EJ/yr","[object Object]",2090,8.1248,"1.580870829502971","1.175782916250483","2048","446.17200714999996","308.7478273000001","-248.2596597","2055","2075","GW1","Rapid Fossil-Fuel Phase-Out","failed","high","medium","ok","medium","medium",,"ok","ok","ok",,"medium","true","C1","C1: Below 1.5°C with no or limited overshoot","REMIND-MAgPIE 2.1-4.2","SusDev_SSP1-PkBudg900","55.43304462081725","13.877040350512775","30.580017486993444","6.096887501579971","446.17200714999996","1.175782916250483","1.580870829502971",
"1257","SusDev-SSP1-900","REMIND-MAgPIE 2.1-4.2","Final Energy|Residential and Commercial","EJ/yr","[object Object]",2100,8.0534,"1.580870829502971","1.175782916250483","2048","446.17200714999996","308.7478273000001","-248.2596597","2055","2075","GW1","Rapid Fossil-Fuel Phase-Out","failed","high","medium","ok","medium","medium",,"ok","ok","ok",,"medium","true","C1","C1: Below 1.5°C with no or limited overshoot","REMIND-MAgPIE 2.1-4.2","SusDev_SSP1-PkBudg900","55.43304462081725","13.877040350512775","30.580017486993444","6.096887501579971","446.17200714999996","1.175782916250483","1.580870829502971",
"1260","SusDev-SSP2-900","REMIND-MAgPIE 2.1-4.2","Final Energy|Residential and Commercial","EJ/yr","[object Object]",2010,20.4678,"1.606162265471533","1.373141106937133","2049","649.7537029","359.50044160000016","-195.47246538000002","2054",,"GW1","Rapid Fossil-Fuel Phase-Out","failed","high","medium","medium","medium","medium",,"ok","ok","ok",,"medium","true","C1","C1: Below 1.5°C with no or limited overshoot","REMIND-MAgPIE 2.1-4.2","SusDev_SSP2-PkBudg900","53.261848134263175","14.061123300450909","32.527301241776996","4.235512151820558","649.7537029","1.373141106937133","1.606162265471533",
"1260","SusDev-SSP2-900","REMIND-MAgPIE 2.1-4.2","Final Energy|Residential and Commercial","EJ/yr","[object Object]",2015,17.7441,"1.606162265471533","1.373141106937133","2049","649.7537029","359.50044160000016","-195.47246538000002","2054",,"GW1","Rapid Fossil-Fuel Phase-Out","failed","high","medium","medium","medium","medium",,"ok","ok","ok",,"medium","true","C1","C1: Below 1.5°C with no or limited overshoot","REMIND-MAgPIE 2.1-4.2","SusDev_SSP2-PkBudg900","53.261848134263175","14.061123300450909","32.527301241776996","4.235512151820558","649.7537029","1.373141106937133","1.606162265471533",
"1260","SusDev-SSP2-900","REMIND-MAgPIE 2.1-4.2","Final Energy|Residential and Commercial","EJ/yr","[object Object]",2020,18.2269,"1.606162265471533","1.373141106937133","2049","649.7537029","359.50044160000016","-195.47246538000002","2054",,"GW1","Rapid Fossil-Fuel Phase-Out","failed","high","medium","medium","medium","medium",,"ok","ok","ok",,"medium","true","C1","C1: Below 1.5°C with no or limited overshoot","REMIND-MAgPIE 2.1-4.2","SusDev_SSP2-PkBudg900","53.261848134263175","14.061123300450909","32.527301241776996","4.235512151820558","649.7537029","1.373141106937133","1.606162265471533",
"1260","SusDev-SSP2-900","REMIND-MAgPIE 2.1-4.2","Final Energy|Residential and Commercial","EJ/yr","[object Object]",2025,17.5488,"1.606162265471533","1.373141106937133","2049","649.7537029","359.50044160000016","-195.47246538000002","2054",,"GW1","Rapid Fossil-Fuel Phase-Out","failed","high","medium","medium","medium","medium",,"ok","ok","ok",,"medium","true","C1","C1: Below 1.5°C with no or limited overshoot","REMIND-MAgPIE 2.1-4.2","SusDev_SSP2-PkBudg900","53.261848134263175","14.061123300450909","32.527301241776996","4.235512151820558","649.7537029","1.373141106937133","1.606162265471533",
"1260","SusDev-SSP2-900","REMIND-MAgPIE 2.1-4.2","Final Energy|Residential and Commercial","EJ/yr","[object Object]",2030,17.2765,"1.606162265471533","1.373141106937133","2049","649.7537029","359.50044160000016","-195.47246538000002","2054",,"GW1","Rapid Fossil-Fuel Phase-Out","failed","high","medium","medium","medium","medium",,"ok","ok","ok",,"medium","true","C1","C1: Below 1.5°C with no or limited overshoot","REMIND-MAgPIE 2.1-4.2","SusDev_SSP2-PkBudg900","53.261848134263175","14.061123300450909","32.527301241776996","4.235512151820558","649.7537029","1.373141106937133","1.606162265471533",
"1260","SusDev-SSP2-900","REMIND-MAgPIE 2.1-4.2","Final Energy|Residential and Commercial","EJ/yr","[object Object]",2035,16.4904,"1.606162265471533","1.373141106937133","2049","649.7537029","359.50044160000016","-195.47246538000002","2054",,"GW1","Rapid Fossil-Fuel Phase-Out","failed","high","medium","medium","medium","medium",,"ok","ok","ok",,"medium","true","C1","C1: Below 1.5°C with no or limited overshoot","REMIND-MAgPIE 2.1-4.2","SusDev_SSP2-PkBudg900","53.261848134263175","14.061123300450909","32.527301241776996","4.235512151820558","649.7537029","1.373141106937133","1.606162265471533",
"1260","SusDev-SSP2-900","REMIND-MAgPIE 2.1-4.2","Final Energy|Residential and Commercial","EJ/yr","[object Object]",2040,15.0412,"1.606162265471533","1.373141106937133","2049","649.7537029","359.50044160000016","-195.47246538000002","2054",,"GW1","Rapid Fossil-Fuel Phase-Out","failed","high","medium","medium","medium","medium",,"ok","ok","ok",,"medium","true","C1","C1: Below 1.5°C with no or limited overshoot","REMIND-MAgPIE 2.1-4.2","SusDev_SSP2-PkBudg900","53.261848134263175","14.061123300450909","32.527301241776996","4.235512151820558","649.7537029","1.373141106937133","1.606162265471533",
"1260","SusDev-SSP2-900","REMIND-MAgPIE 2.1-4.2","Final Energy|Residential and Commercial","EJ/yr","[object Object]",2045,14.9322,"1.606162265471533","1.373141106937133","2049","649.7537029","359.50044160000016","-195.47246538000002","2054",,"GW1","Rapid Fossil-Fuel Phase-Out","failed","high","medium","medium","medium","medium",,"ok","ok","ok",,"medium","true","C1","C1: Below 1.5°C with no or limited overshoot","REMIND-MAgPIE 2.1-4.2","SusDev_SSP2-PkBudg900","53.261848134263175","14.061123300450909","32.527301241776996","4.235512151820558","649.7537029","1.373141106937133","1.606162265471533",
"1260","SusDev-SSP2-900","REMIND-MAgPIE 2.1-4.2","Final Energy|Residential and Commercial","EJ/yr","[object Object]",2050,14.2971,"1.606162265471533","1.373141106937133","2049","649.7537029","359.50044160000016","-195.47246538000002","2054",,"GW1","Rapid Fossil-Fuel Phase-Out","failed","high","medium","medium","medium","medium",,"ok","ok","ok",,"medium","true","C1","C1: Below 1.5°C with no or limited overshoot","REMIND-MAgPIE 2.1-4.2","SusDev_SSP2-PkBudg900","53.261848134263175","14.061123300450909","32.527301241776996","4.235512151820558","649.7537029","1.373141106937133","1.606162265471533",
"1260","SusDev-SSP2-900","REMIND-MAgPIE 2.1-4.2","Final Energy|Residential and Commercial","EJ/yr","[object Object]",2055,13.7373,"1.606162265471533","1.373141106937133","2049","649.7537029","359.50044160000016","-195.47246538000002","2054",,"GW1","Rapid Fossil-Fuel Phase-Out","failed","high","medium","medium","medium","medium",,"ok","ok","ok",,"medium","true","C1","C1: Below 1.5°C with no or limited overshoot","REMIND-MAgPIE 2.1-4.2","SusDev_SSP2-PkBudg900","53.261848134263175","14.061123300450909","32.527301241776996","4.235512151820558","649.7537029","1.373141106937133","1.606162265471533",
"1260","SusDev-SSP2-900","REMIND-MAgPIE 2.1-4.2","Final Energy|Residential and Commercial","EJ/yr","[object Object]",2060,13.5122,"1.606162265471533","1.373141106937133","2049","649.7537029","359.50044160000016","-195.47246538000002","2054",,"GW1","Rapid Fossil-Fuel Phase-Out","failed","high","medium","medium","medium","medium",,"ok","ok","ok",,"medium","true","C1","C1: Below 1.5°C with no or limited overshoot","REMIND-MAgPIE 2.1-4.2","SusDev_SSP2-PkBudg900","53.261848134263175","14.061123300450909","32.527301241776996","4.235512151820558","649.7537029","1.373141106937133","1.606162265471533",
"1260","SusDev-SSP2-900","REMIND-MAgPIE 2.1-4.2","Final Energy|Residential and Commercial","EJ/yr","[object Object]",2070,13.94,"1.606162265471533","1.373141106937133","2049","649.7537029","359.50044160000016","-195.47246538000002","2054",,"GW1","Rapid Fossil-Fuel Phase-Out","failed","high","medium","medium","medium","medium",,"ok","ok","ok",,"medium","true","C1","C1: Below 1.5°C with no or limited overshoot","REMIND-MAgPIE 2.1-4.2","SusDev_SSP2-PkBudg900","53.261848134263175","14.061123300450909","32.527301241776996","4.235512151820558","649.7537029","1.373141106937133","1.606162265471533",
"1260","SusDev-SSP2-900","REMIND-MAgPIE 2.1-4.2","Final Energy|Residential and Commercial","EJ/yr","[object Object]",2080,14.5913,"1.606162265471533","1.373141106937133","2049","649.7537029","359.50044160000016","-195.47246538000002","2054",,"GW1","Rapid Fossil-Fuel Phase-Out","failed","high","medium","medium","medium","medium",,"ok","ok","ok",,"medium","true","C1","C1: Below 1.5°C with no or limited overshoot","REMIND-MAgPIE 2.1-4.2","SusDev_SSP2-PkBudg900","53.261848134263175","14.061123300450909","32.527301241776996","4.235512151820558","649.7537029","1.373141106937133","1.606162265471533",
"1260","SusDev-SSP2-900","REMIND-MAgPIE 2.1-4.2","Final Energy|Residential and Commercial","EJ/yr","[object Object]",2090,15.0822,"1.606162265471533","1.373141106937133","2049","649.7537029","359.50044160000016","-195.47246538000002","2054",,"GW1","Rapid Fossil-Fuel Phase-Out","failed","high","medium","medium","medium","medium",,"ok","ok","ok",,"medium","true","C1","C1: Below 1.5°C with no or limited overshoot","REMIND-MAgPIE 2.1-4.2","SusDev_SSP2-PkBudg900","53.261848134263175","14.061123300450909","32.527301241776996","4.235512151820558","649.7537029","1.373141106937133","1.606162265471533",
"1260","SusDev-SSP2-900","REMIND-MAgPIE 2.1-4.2","Final Energy|Residential and Commercial","EJ/yr","[object Object]",2100,15.0101,"1.606162265471533","1.373141106937133","2049","649.7537029","359.50044160000016","-195.47246538000002","2054",,"GW1","Rapid Fossil-Fuel Phase-Out","failed","high","medium","medium","medium","medium",,"ok","ok","ok",,"medium","true","C1","C1: Below 1.5°C with no or limited overshoot","REMIND-MAgPIE 2.1-4.2","SusDev_SSP2-PkBudg900","53.261848134263175","14.061123300450909","32.527301241776996","4.235512151820558","649.7537029","1.373141106937133","1.606162265471533",
"1266","DeepElectrification-SSP2-Default-900","REMIND-MAgPIE 2.1-4.3","Final Energy|Residential and Commercial","EJ/yr","[object Object]",2010,20.3268,"1.579728795988346","1.231707062737356","2040","838.2449272999999","112.71860115000003","-427.77605321000004","2048","2073","GW1","Rapid Fossil-Fuel Phase-Out","failed","high","medium","medium","medium","medium",,"ok","ok","ok",,"high","true","C1","C1: Below 1.5°C with no or limited overshoot","REMIND-MAgPIE 2.1-4.3","DeepElec_SSP2_def_Budg900","47.06252132837617","15.69868267966226","37.088125357967485","0.24949387353065333","838.2449272999999","1.231707062737356","1.579728795988346",
"1266","DeepElectrification-SSP2-Default-900","REMIND-MAgPIE 2.1-4.3","Final Energy|Residential and Commercial","EJ/yr","[object Object]",2015,17.7701,"1.579728795988346","1.231707062737356","2040","838.2449272999999","112.71860115000003","-427.77605321000004","2048","2073","GW1","Rapid Fossil-Fuel Phase-Out","failed","high","medium","medium","medium","medium",,"ok","ok","ok",,"high","true","C1","C1: Below 1.5°C with no or limited overshoot","REMIND-MAgPIE 2.1-4.3","DeepElec_SSP2_def_Budg900","47.06252132837617","15.69868267966226","37.088125357967485","0.24949387353065333","838.2449272999999","1.231707062737356","1.579728795988346",
"1266","DeepElectrification-SSP2-Default-900","REMIND-MAgPIE 2.1-4.3","Final Energy|Residential and Commercial","EJ/yr","[object Object]",2020,18.4451,"1.579728795988346","1.231707062737356","2040","838.2449272999999","112.71860115000003","-427.77605321000004","2048","2073","GW1","Rapid Fossil-Fuel Phase-Out","failed","high","medium","medium","medium","medium",,"ok","ok","ok",,"high","true","C1","C1: Below 1.5°C with no or limited overshoot","REMIND-MAgPIE 2.1-4.3","DeepElec_SSP2_def_Budg900","47.06252132837617","15.69868267966226","37.088125357967485","0.24949387353065333","838.2449272999999","1.231707062737356","1.579728795988346",
"1266","DeepElectrification-SSP2-Default-900","REMIND-MAgPIE 2.1-4.3","Final Energy|Residential and Commercial","EJ/yr","[object Object]",2025,18.1189,"1.579728795988346","1.231707062737356","2040","838.2449272999999","112.71860115000003","-427.77605321000004","2048","2073","GW1","Rapid Fossil-Fuel Phase-Out","failed","high","medium","medium","medium","medium",,"ok","ok","ok",,"high","true","C1","C1: Below 1.5°C with no or limited overshoot","REMIND-MAgPIE 2.1-4.3","DeepElec_SSP2_def_Budg900","47.06252132837617","15.69868267966226","37.088125357967485","0.24949387353065333","838.2449272999999","1.231707062737356","1.579728795988346",
"1266","DeepElectrification-SSP2-Default-900","REMIND-MAgPIE 2.1-4.3","Final Energy|Residential and Commercial","EJ/yr","[object Object]",2030,17.6003,"1.579728795988346","1.231707062737356","2040","838.2449272999999","112.71860115000003","-427.77605321000004","2048","2073","GW1","Rapid Fossil-Fuel Phase-Out","failed","high","medium","medium","medium","medium",,"ok","ok","ok",,"high","true","C1","C1: Below 1.5°C with no or limited overshoot","REMIND-MAgPIE 2.1-4.3","DeepElec_SSP2_def_Budg900","47.06252132837617","15.69868267966226","37.088125357967485","0.24949387353065333","838.2449272999999","1.231707062737356","1.579728795988346",
"1266","DeepElectrification-SSP2-Default-900","REMIND-MAgPIE 2.1-4.3","Final Energy|Residential and Commercial","EJ/yr","[object Object]",2035,16.6653,"1.579728795988346","1.231707062737356","2040","838.2449272999999","112.71860115000003","-427.77605321000004","2048","2073","GW1","Rapid Fossil-Fuel Phase-Out","failed","high","medium","medium","medium","medium",,"ok","ok","ok",,"high","true","C1","C1: Below 1.5°C with no or limited overshoot","REMIND-MAgPIE 2.1-4.3","DeepElec_SSP2_def_Budg900","47.06252132837617","15.69868267966226","37.088125357967485","0.24949387353065333","838.2449272999999","1.231707062737356","1.579728795988346",
"1266","DeepElectrification-SSP2-Default-900","REMIND-MAgPIE 2.1-4.3","Final Energy|Residential and Commercial","EJ/yr","[object Object]",2040,15.2144,"1.579728795988346","1.231707062737356","2040","838.2449272999999","112.71860115000003","-427.77605321000004","2048","2073","GW1","Rapid Fossil-Fuel Phase-Out","failed","high","medium","medium","medium","medium",,"ok","ok","ok",,"high","true","C1","C1: Below 1.5°C with no or limited overshoot","REMIND-MAgPIE 2.1-4.3","DeepElec_SSP2_def_Budg900","47.06252132837617","15.69868267966226","37.088125357967485","0.24949387353065333","838.2449272999999","1.231707062737356","1.579728795988346",
"1266","DeepElectrification-SSP2-Default-900","REMIND-MAgPIE 2.1-4.3","Final Energy|Residential and Commercial","EJ/yr","[object Object]",2045,14.8999,"1.579728795988346","1.231707062737356","2040","838.2449272999999","112.71860115000003","-427.77605321000004","2048","2073","GW1","Rapid Fossil-Fuel Phase-Out","failed","high","medium","medium","medium","medium",,"ok","ok","ok",,"high","true","C1","C1: Below 1.5°C with no or limited overshoot","REMIND-MAgPIE 2.1-4.3","DeepElec_SSP2_def_Budg900","47.06252132837617","15.69868267966226","37.088125357967485","0.24949387353065333","838.2449272999999","1.231707062737356","1.579728795988346",
"1266","DeepElectrification-SSP2-Default-900","REMIND-MAgPIE 2.1-4.3","Final Energy|Residential and Commercial","EJ/yr","[object Object]",2050,14.0921,"1.579728795988346","1.231707062737356","2040","838.2449272999999","112.71860115000003","-427.77605321000004","2048","2073","GW1","Rapid Fossil-Fuel Phase-Out","failed","high","medium","medium","medium","medium",,"ok","ok","ok",,"high","true","C1","C1: Below 1.5°C with no or limited overshoot","REMIND-MAgPIE 2.1-4.3","DeepElec_SSP2_def_Budg900","47.06252132837617","15.69868267966226","37.088125357967485","0.24949387353065333","838.2449272999999","1.231707062737356","1.579728795988346",
"1266","DeepElectrification-SSP2-Default-900","REMIND-MAgPIE 2.1-4.3","Final Energy|Residential and Commercial","EJ/yr","[object Object]",2055,13.5821,"1.579728795988346","1.231707062737356","2040","838.2449272999999","112.71860115000003","-427.77605321000004","2048","2073","GW1","Rapid Fossil-Fuel Phase-Out","failed","high","medium","medium","medium","medium",,"ok","ok","ok",,"high","true","C1","C1: Below 1.5°C with no or limited overshoot","REMIND-MAgPIE 2.1-4.3","DeepElec_SSP2_def_Budg900","47.06252132837617","15.69868267966226","37.088125357967485","0.24949387353065333","838.2449272999999","1.231707062737356","1.579728795988346",
"1266","DeepElectrification-SSP2-Default-900","REMIND-MAgPIE 2.1-4.3","Final Energy|Residential and Commercial","EJ/yr","[object Object]",2060,13.2187,"1.579728795988346","1.231707062737356","2040","838.2449272999999","112.71860115000003","-427.77605321000004","2048","2073","GW1","Rapid Fossil-Fuel Phase-Out","failed","high","medium","medium","medium","medium",,"ok","ok","ok",,"high","true","C1","C1: Below 1.5°C with no or limited overshoot","REMIND-MAgPIE 2.1-4.3","DeepElec_SSP2_def_Budg900","47.06252132837617","15.69868267966226","37.088125357967485","0.24949387353065333","838.2449272999999","1.231707062737356","1.579728795988346",
"1266","DeepElectrification-SSP2-Default-900","REMIND-MAgPIE 2.1-4.3","Final Energy|Residential and Commercial","EJ/yr","[object Object]",2070,13.5356,"1.579728795988346","1.231707062737356","2040","838.2449272999999","112.71860115000003","-427.77605321000004","2048","2073","GW1","Rapid Fossil-Fuel Phase-Out","failed","high","medium","medium","medium","medium",,"ok","ok","ok",,"high","true","C1","C1: Below 1.5°C with no or limited overshoot","REMIND-MAgPIE 2.1-4.3","DeepElec_SSP2_def_Budg900","47.06252132837617","15.69868267966226","37.088125357967485","0.24949387353065333","838.2449272999999","1.231707062737356","1.579728795988346",
"1266","DeepElectrification-SSP2-Default-900","REMIND-MAgPIE 2.1-4.3","Final Energy|Residential and Commercial","EJ/yr","[object Object]",2080,13.8361,"1.579728795988346","1.231707062737356","2040","838.2449272999999","112.71860115000003","-427.77605321000004","2048","2073","GW1","Rapid Fossil-Fuel Phase-Out","failed","high","medium","medium","medium","medium",,"ok","ok","ok",,"high","true","C1","C1: Below 1.5°C with no or limited overshoot","REMIND-MAgPIE 2.1-4.3","DeepElec_SSP2_def_Budg900","47.06252132837617","15.69868267966226","37.088125357967485","0.24949387353065333","838.2449272999999","1.231707062737356","1.579728795988346",
"1266","DeepElectrification-SSP2-Default-900","REMIND-MAgPIE 2.1-4.3","Final Energy|Residential and Commercial","EJ/yr","[object Object]",2090,13.9599,"1.579728795988346","1.231707062737356","2040","838.2449272999999","112.71860115000003","-427.77605321000004","2048","2073","GW1","Rapid Fossil-Fuel Phase-Out","failed","high","medium","medium","medium","medium",,"ok","ok","ok",,"high","true","C1","C1: Below 1.5°C with no or limited overshoot","REMIND-MAgPIE 2.1-4.3","DeepElec_SSP2_def_Budg900","47.06252132837617","15.69868267966226","37.088125357967485","0.24949387353065333","838.2449272999999","1.231707062737356","1.579728795988346",
"1266","DeepElectrification-SSP2-Default-900","REMIND-MAgPIE 2.1-4.3","Final Energy|Residential and Commercial","EJ/yr","[object Object]",2100,14.3227,"1.579728795988346","1.231707062737356","2040","838.2449272999999","112.71860115000003","-427.77605321000004","2048","2073","GW1","Rapid Fossil-Fuel Phase-Out","failed","high","medium","medium","medium","medium",,"ok","ok","ok",,"high","true","C1","C1: Below 1.5°C with no or limited overshoot","REMIND-MAgPIE 2.1-4.3","DeepElec_SSP2_def_Budg900","47.06252132837617","15.69868267966226","37.088125357967485","0.24949387353065333","838.2449272999999","1.231707062737356","1.579728795988346",
"1269","DeepElectrification-SSP2-HighRenewables-900","REMIND-MAgPIE 2.1-4.3","Final Energy|Residential and Commercial","EJ/yr","[object Object]",2010,20.3268,"1.570226117013843","1.404114405882136","2040","251.10563449999998","489.77934519999997","-47.638579899999996","2060",,"GW1","Rapid Fossil-Fuel Phase-Out","failed","high","medium","ok","medium","medium",,"medium","ok","ok",,"medium","true","C1","C1: Below 1.5°C with no or limited overshoot","REMIND-MAgPIE 2.1-4.3","DeepElec_SSP2_ HighRE_Budg900","72.35467602989628","3.6383806385950157","23.880398200894554","1.161248109069703","251.10563449999998","1.404114405882136","1.570226117013843",
"1269","DeepElectrification-SSP2-HighRenewables-900","REMIND-MAgPIE 2.1-4.3","Final Energy|Residential and Commercial","EJ/yr","[object Object]",2015,17.7701,"1.570226117013843","1.404114405882136","2040","251.10563449999998","489.77934519999997","-47.638579899999996","2060",,"GW1","Rapid Fossil-Fuel Phase-Out","failed","high","medium","ok","medium","medium",,"medium","ok","ok",,"medium","true","C1","C1: Below 1.5°C with no or limited overshoot","REMIND-MAgPIE 2.1-4.3","DeepElec_SSP2_ HighRE_Budg900","72.35467602989628","3.6383806385950157","23.880398200894554","1.161248109069703","251.10563449999998","1.404114405882136","1.570226117013843",
"1269","DeepElectrification-SSP2-HighRenewables-900","REMIND-MAgPIE 2.1-4.3","Final Energy|Residential and Commercial","EJ/yr","[object Object]",2020,18.4451,"1.570226117013843","1.404114405882136","2040","251.10563449999998","489.77934519999997","-47.638579899999996","2060",,"GW1","Rapid Fossil-Fuel Phase-Out","failed","high","medium","ok","medium","medium",,"medium","ok","ok",,"medium","true","C1","C1: Below 1.5°C with no or limited overshoot","REMIND-MAgPIE 2.1-4.3","DeepElec_SSP2_ HighRE_Budg900","72.35467602989628","3.6383806385950157","23.880398200894554","1.161248109069703","251.10563449999998","1.404114405882136","1.570226117013843",
"1269","DeepElectrification-SSP2-HighRenewables-900","REMIND-MAgPIE 2.1-4.3","Final Energy|Residential and Commercial","EJ/yr","[object Object]",2025,17.949,"1.570226117013843","1.404114405882136","2040","251.10563449999998","489.77934519999997","-47.638579899999996","2060",,"GW1","Rapid Fossil-Fuel Phase-Out","failed","high","medium","ok","medium","medium",,"medium","ok","ok",,"medium","true","C1","C1: Below 1.5°C with no or limited overshoot","REMIND-MAgPIE 2.1-4.3","DeepElec_SSP2_ HighRE_Budg900","72.35467602989628","3.6383806385950157","23.880398200894554","1.161248109069703","251.10563449999998","1.404114405882136","1.570226117013843",
"1269","DeepElectrification-SSP2-HighRenewables-900","REMIND-MAgPIE 2.1-4.3","Final Energy|Residential and Commercial","EJ/yr","[object Object]",2030,17.4724,"1.570226117013843","1.404114405882136","2040","251.10563449999998","489.77934519999997","-47.638579899999996","2060",,"GW1","Rapid Fossil-Fuel Phase-Out","failed","high","medium","ok","medium","medium",,"medium","ok","ok",,"medium","true","C1","C1: Below 1.5°C with no or limited overshoot","REMIND-MAgPIE 2.1-4.3","DeepElec_SSP2_ HighRE_Budg900","72.35467602989628","3.6383806385950157","23.880398200894554","1.161248109069703","251.10563449999998","1.404114405882136","1.570226117013843",
"1269","DeepElectrification-SSP2-HighRenewables-900","REMIND-MAgPIE 2.1-4.3","Final Energy|Residential and Commercial","EJ/yr","[object Object]",2035,16.82,"1.570226117013843","1.404114405882136","2040","251.10563449999998","489.77934519999997","-47.638579899999996","2060",,"GW1","Rapid Fossil-Fuel Phase-Out","failed","high","medium","ok","medium","medium",,"medium","ok","ok",,"medium","true","C1","C1: Below 1.5°C with no or limited overshoot","REMIND-MAgPIE 2.1-4.3","DeepElec_SSP2_ HighRE_Budg900","72.35467602989628","3.6383806385950157","23.880398200894554","1.161248109069703","251.10563449999998","1.404114405882136","1.570226117013843",
"1269","DeepElectrification-SSP2-HighRenewables-900","REMIND-MAgPIE 2.1-4.3","Final Energy|Residential and Commercial","EJ/yr","[object Object]",2040,15.5182,"1.570226117013843","1.404114405882136","2040","251.10563449999998","489.77934519999997","-47.638579899999996","2060",,"GW1","Rapid Fossil-Fuel Phase-Out","failed","high","medium","ok","medium","medium",,"medium","ok","ok",,"medium","true","C1","C1: Below 1.5°C with no or limited overshoot","REMIND-MAgPIE 2.1-4.3","DeepElec_SSP2_ HighRE_Budg900","72.35467602989628","3.6383806385950157","23.880398200894554","1.161248109069703","251.10563449999998","1.404114405882136","1.570226117013843",
"1269","DeepElectrification-SSP2-HighRenewables-900","REMIND-MAgPIE 2.1-4.3","Final Energy|Residential and Commercial","EJ/yr","[object Object]",2045,14.9428,"1.570226117013843","1.404114405882136","2040","251.10563449999998","489.77934519999997","-47.638579899999996","2060",,"GW1","Rapid Fossil-Fuel Phase-Out","failed","high","medium","ok","medium","medium",,"medium","ok","ok",,"medium","true","C1","C1: Below 1.5°C with no or limited overshoot","REMIND-MAgPIE 2.1-4.3","DeepElec_SSP2_ HighRE_Budg900","72.35467602989628","3.6383806385950157","23.880398200894554","1.161248109069703","251.10563449999998","1.404114405882136","1.570226117013843",
"1269","DeepElectrification-SSP2-HighRenewables-900","REMIND-MAgPIE 2.1-4.3","Final Energy|Residential and Commercial","EJ/yr","[object Object]",2050,14.4918,"1.570226117013843","1.404114405882136","2040","251.10563449999998","489.77934519999997","-47.638579899999996","2060",,"GW1","Rapid Fossil-Fuel Phase-Out","failed","high","medium","ok","medium","medium",,"medium","ok","ok",,"medium","true","C1","C1: Below 1.5°C with no or limited overshoot","REMIND-MAgPIE 2.1-4.3","DeepElec_SSP2_ HighRE_Budg900","72.35467602989628","3.6383806385950157","23.880398200894554","1.161248109069703","251.10563449999998","1.404114405882136","1.570226117013843",
"1269","DeepElectrification-SSP2-HighRenewables-900","REMIND-MAgPIE 2.1-4.3","Final Energy|Residential and Commercial","EJ/yr","[object Object]",2055,14.1348,"1.570226117013843","1.404114405882136","2040","251.10563449999998","489.77934519999997","-47.638579899999996","2060",,"GW1","Rapid Fossil-Fuel Phase-Out","failed","high","medium","ok","medium","medium",,"medium","ok","ok",,"medium","true","C1","C1: Below 1.5°C with no or limited overshoot","REMIND-MAgPIE 2.1-4.3","DeepElec_SSP2_ HighRE_Budg900","72.35467602989628","3.6383806385950157","23.880398200894554","1.161248109069703","251.10563449999998","1.404114405882136","1.570226117013843",
"1269","DeepElectrification-SSP2-HighRenewables-900","REMIND-MAgPIE 2.1-4.3","Final Energy|Residential and Commercial","EJ/yr","[object Object]",2060,13.7835,"1.570226117013843","1.404114405882136","2040","251.10563449999998","489.77934519999997","-47.638579899999996","2060",,"GW1","Rapid Fossil-Fuel Phase-Out","failed","high","medium","ok","medium","medium",,"medium","ok","ok",,"medium","true","C1","C1: Below 1.5°C with no or limited overshoot","REMIND-MAgPIE 2.1-4.3","DeepElec_SSP2_ HighRE_Budg900","72.35467602989628","3.6383806385950157","23.880398200894554","1.161248109069703","251.10563449999998","1.404114405882136","1.570226117013843",
"1269","DeepElectrification-SSP2-HighRenewables-900","REMIND-MAgPIE 2.1-4.3","Final Energy|Residential and Commercial","EJ/yr","[object Object]",2070,13.794,"1.570226117013843","1.404114405882136","2040","251.10563449999998","489.77934519999997","-47.638579899999996","2060",,"GW1","Rapid Fossil-Fuel Phase-Out","failed","high","medium","ok","medium","medium",,"medium","ok","ok",,"medium","true","C1","C1: Below 1.5°C with no or limited overshoot","REMIND-MAgPIE 2.1-4.3","DeepElec_SSP2_ HighRE_Budg900","72.35467602989628","3.6383806385950157","23.880398200894554","1.161248109069703","251.10563449999998","1.404114405882136","1.570226117013843",
"1269","DeepElectrification-SSP2-HighRenewables-900","REMIND-MAgPIE 2.1-4.3","Final Energy|Residential and Commercial","EJ/yr","[object Object]",2080,14.0465,"1.570226117013843","1.404114405882136","2040","251.10563449999998","489.77934519999997","-47.638579899999996","2060",,"GW1","Rapid Fossil-Fuel Phase-Out","failed","high","medium","ok","medium","medium",,"medium","ok","ok",,"medium","true","C1","C1: Below 1.5°C with no or limited overshoot","REMIND-MAgPIE 2.1-4.3","DeepElec_SSP2_ HighRE_Budg900","72.35467602989628","3.6383806385950157","23.880398200894554","1.161248109069703","251.10563449999998","1.404114405882136","1.570226117013843",
"1269","DeepElectrification-SSP2-HighRenewables-900","REMIND-MAgPIE 2.1-4.3","Final Energy|Residential and Commercial","EJ/yr","[object Object]",2090,14.0355,"1.570226117013843","1.404114405882136","2040","251.10563449999998","489.77934519999997","-47.638579899999996","2060",,"GW1","Rapid Fossil-Fuel Phase-Out","failed","high","medium","ok","medium","medium",,"medium","ok","ok",,"medium","true","C1","C1: Below 1.5°C with no or limited overshoot","REMIND-MAgPIE 2.1-4.3","DeepElec_SSP2_ HighRE_Budg900","72.35467602989628","3.6383806385950157","23.880398200894554","1.161248109069703","251.10563449999998","1.404114405882136","1.570226117013843",
"1269","DeepElectrification-SSP2-HighRenewables-900","REMIND-MAgPIE 2.1-4.3","Final Energy|Residential and Commercial","EJ/yr","[object Object]",2100,14.6531,"1.570226117013843","1.404114405882136","2040","251.10563449999998","489.77934519999997","-47.638579899999996","2060",,"GW1","Rapid Fossil-Fuel Phase-Out","failed","high","medium","ok","medium","medium",,"medium","ok","ok",,"medium","true","C1","C1: Below 1.5°C with no or limited overshoot","REMIND-MAgPIE 2.1-4.3","DeepElec_SSP2_ HighRE_Budg900","72.35467602989628","3.6383806385950157","23.880398200894554","1.161248109069703","251.10563449999998","1.404114405882136","1.570226117013843",
"1391","NGFS Phase 2-Divergent Net Zero Policies","MESSAGEix-GLOBIOM 1.1","Final Energy|Residential and Commercial","EJ/yr","[object Object]",2010,23.613260371,"1.60202204946028","1.390928255930505","2048","414.5752160515","512.4013258474998","-7.3838e-14","2075",,"GW1",,"failed","high","medium","ok","medium","high","ok","medium","ok","ok",,"medium","true","C1","C1: Below 1.5°C with no or limited overshoot","MESSAGEix-GLOBIOM_1.1","NGFS2_Divergent Net Zero Policies","48.801518922213624","27.633876718448896","12.228115851051854","8.176228972662102","414.5752160515","1.390928255930505","1.60202204946028",
"1391","NGFS Phase 2-Divergent Net Zero Policies","MESSAGEix-GLOBIOM 1.1","Final Energy|Residential and Commercial","EJ/yr","[object Object]",2015,21.011389791,"1.60202204946028","1.390928255930505","2048","414.5752160515","512.4013258474998","-7.3838e-14","2075",,"GW1",,"failed","high","medium","ok","medium","high","ok","medium","ok","ok",,"medium","true","C1","C1: Below 1.5°C with no or limited overshoot","MESSAGEix-GLOBIOM_1.1","NGFS2_Divergent Net Zero Policies","48.801518922213624","27.633876718448896","12.228115851051854","8.176228972662102","414.5752160515","1.390928255930505","1.60202204946028",
"1391","NGFS Phase 2-Divergent Net Zero Policies","MESSAGEix-GLOBIOM 1.1","Final Energy|Residential and Commercial","EJ/yr","[object Object]",2020,24.179542814,"1.60202204946028","1.390928255930505","2048","414.5752160515","512.4013258474998","-7.3838e-14","2075",,"GW1",,"failed","high","medium","ok","medium","high","ok","medium","ok","ok",,"medium","true","C1","C1: Below 1.5°C with no or limited overshoot","MESSAGEix-GLOBIOM_1.1","NGFS2_Divergent Net Zero Policies","48.801518922213624","27.633876718448896","12.228115851051854","8.176228972662102","414.5752160515","1.390928255930505","1.60202204946028",
"1391","NGFS Phase 2-Divergent Net Zero Policies","MESSAGEix-GLOBIOM 1.1","Final Energy|Residential and Commercial","EJ/yr","[object Object]",2025,22.614784159,"1.60202204946028","1.390928255930505","2048","414.5752160515","512.4013258474998","-7.3838e-14","2075",,"GW1",,"failed","high","medium","ok","medium","high","ok","medium","ok","ok",,"medium","true","C1","C1: Below 1.5°C with no or limited overshoot","MESSAGEix-GLOBIOM_1.1","NGFS2_Divergent Net Zero Policies","48.801518922213624","27.633876718448896","12.228115851051854","8.176228972662102","414.5752160515","1.390928255930505","1.60202204946028",
"1391","NGFS Phase 2-Divergent Net Zero Policies","MESSAGEix-GLOBIOM 1.1","Final Energy|Residential and Commercial","EJ/yr","[object Object]",2030,21.729993253,"1.60202204946028","1.390928255930505","2048","414.5752160515","512.4013258474998","-7.3838e-14","2075",,"GW1",,"failed","high","medium","ok","medium","high","ok","medium","ok","ok",,"medium","true","C1","C1: Below 1.5°C with no or limited overshoot","MESSAGEix-GLOBIOM_1.1","NGFS2_Divergent Net Zero Policies","48.801518922213624","27.633876718448896","12.228115851051854","8.176228972662102","414.5752160515","1.390928255930505","1.60202204946028",
"1391","NGFS Phase 2-Divergent Net Zero Policies","MESSAGEix-GLOBIOM 1.1","Final Energy|Residential and Commercial","EJ/yr","[object Object]",2035,20.304154373,"1.60202204946028","1.390928255930505","2048","414.5752160515","512.4013258474998","-7.3838e-14","2075",,"GW1",,"failed","high","medium","ok","medium","high","ok","medium","ok","ok",,"medium","true","C1","C1: Below 1.5°C with no or limited overshoot","MESSAGEix-GLOBIOM_1.1","NGFS2_Divergent Net Zero Policies","48.801518922213624","27.633876718448896","12.228115851051854","8.176228972662102","414.5752160515","1.390928255930505","1.60202204946028",
"1391","NGFS Phase 2-Divergent Net Zero Policies","MESSAGEix-GLOBIOM 1.1","Final Energy|Residential and Commercial","EJ/yr","[object Object]",2040,19.969021162,"1.60202204946028","1.390928255930505","2048","414.5752160515","512.4013258474998","-7.3838e-14","2075",,"GW1",,"failed","high","medium","ok","medium","high","ok","medium","ok","ok",,"medium","true","C1","C1: Below 1.5°C with no or limited overshoot","MESSAGEix-GLOBIOM_1.1","NGFS2_Divergent Net Zero Policies","48.801518922213624","27.633876718448896","12.228115851051854","8.176228972662102","414.5752160515","1.390928255930505","1.60202204946028",
"1391","NGFS Phase 2-Divergent Net Zero Policies","MESSAGEix-GLOBIOM 1.1","Final Energy|Residential and Commercial","EJ/yr","[object Object]",2045,20.036348273,"1.60202204946028","1.390928255930505","2048","414.5752160515","512.4013258474998","-7.3838e-14","2075",,"GW1",,"failed","high","medium","ok","medium","high","ok","medium","ok","ok",,"medium","true","C1","C1: Below 1.5°C with no or limited overshoot","MESSAGEix-GLOBIOM_1.1","NGFS2_Divergent Net Zero Policies","48.801518922213624","27.633876718448896","12.228115851051854","8.176228972662102","414.5752160515","1.390928255930505","1.60202204946028",
"1391","NGFS Phase 2-Divergent Net Zero Policies","MESSAGEix-GLOBIOM 1.1","Final Energy|Residential and Commercial","EJ/yr","[object Object]",2050,20.014784,"1.60202204946028","1.390928255930505","2048","414.5752160515","512.4013258474998","-7.3838e-14","2075",,"GW1",,"failed","high","medium","ok","medium","high","ok","medium","ok","ok",,"medium","true","C1","C1: Below 1.5°C with no or limited overshoot","MESSAGEix-GLOBIOM_1.1","NGFS2_Divergent Net Zero Policies","48.801518922213624","27.633876718448896","12.228115851051854","8.176228972662102","414.5752160515","1.390928255930505","1.60202204946028",
"1391","NGFS Phase 2-Divergent Net Zero Policies","MESSAGEix-GLOBIOM 1.1","Final Energy|Residential and Commercial","EJ/yr","[object Object]",2055,19.900244987,"1.60202204946028","1.390928255930505","2048","414.5752160515","512.4013258474998","-7.3838e-14","2075",,"GW1",,"failed","high","medium","ok","medium","high","ok","medium","ok","ok",,"medium","true","C1","C1: Below 1.5°C with no or limited overshoot","MESSAGEix-GLOBIOM_1.1","NGFS2_Divergent Net Zero Policies","48.801518922213624","27.633876718448896","12.228115851051854","8.176228972662102","414.5752160515","1.390928255930505","1.60202204946028",
"1391","NGFS Phase 2-Divergent Net Zero Policies","MESSAGEix-GLOBIOM 1.1","Final Energy|Residential and Commercial","EJ/yr","[object Object]",2060,20.529529337,"1.60202204946028","1.390928255930505","2048","414.5752160515","512.4013258474998","-7.3838e-14","2075",,"GW1",,"failed","high","medium","ok","medium","high","ok","medium","ok","ok",,"medium","true","C1","C1: Below 1.5°C with no or limited overshoot","MESSAGEix-GLOBIOM_1.1","NGFS2_Divergent Net Zero Policies","48.801518922213624","27.633876718448896","12.228115851051854","8.176228972662102","414.5752160515","1.390928255930505","1.60202204946028",
"1391","NGFS Phase 2-Divergent Net Zero Policies","MESSAGEix-GLOBIOM 1.1","Final Energy|Residential and Commercial","EJ/yr","[object Object]",2070,24.225801889,"1.60202204946028","1.390928255930505","2048","414.5752160515","512.4013258474998","-7.3838e-14","2075",,"GW1",,"failed","high","medium","ok","medium","high","ok","medium","ok","ok",,"medium","true","C1","C1: Below 1.5°C with no or limited overshoot","MESSAGEix-GLOBIOM_1.1","NGFS2_Divergent Net Zero Policies","48.801518922213624","27.633876718448896","12.228115851051854","8.176228972662102","414.5752160515","1.390928255930505","1.60202204946028",
"1391","NGFS Phase 2-Divergent Net Zero Policies","MESSAGEix-GLOBIOM 1.1","Final Energy|Residential and Commercial","EJ/yr","[object Object]",2080,27.357817931,"1.60202204946028","1.390928255930505","2048","414.5752160515","512.4013258474998","-7.3838e-14","2075",,"GW1",,"failed","high","medium","ok","medium","high","ok","medium","ok","ok",,"medium","true","C1","C1: Below 1.5°C with no or limited overshoot","MESSAGEix-GLOBIOM_1.1","NGFS2_Divergent Net Zero Policies","48.801518922213624","27.633876718448896","12.228115851051854","8.176228972662102","414.5752160515","1.390928255930505","1.60202204946028",
"1391","NGFS Phase 2-Divergent Net Zero Policies","MESSAGEix-GLOBIOM 1.1","Final Energy|Residential and Commercial","EJ/yr","[object Object]",2090,29.862544994,"1.60202204946028","1.390928255930505","2048","414.5752160515","512.4013258474998","-7.3838e-14","2075",,"GW1",,"failed","high","medium","ok","medium","high","ok","medium","ok","ok",,"medium","true","C1","C1: Below 1.5°C with no or limited overshoot","MESSAGEix-GLOBIOM_1.1","NGFS2_Divergent Net Zero Policies","48.801518922213624","27.633876718448896","12.228115851051854","8.176228972662102","414.5752160515","1.390928255930505","1.60202204946028",
"1391","NGFS Phase 2-Divergent Net Zero Policies","MESSAGEix-GLOBIOM 1.1","Final Energy|Residential and Commercial","EJ/yr","[object Object]",2100,31.264781602,"1.60202204946028","1.390928255930505","2048","414.5752160515","512.4013258474998","-7.3838e-14","2075",,"GW1",,"failed","high","medium","ok","medium","high","ok","medium","ok","ok",,"medium","true","C1","C1: Below 1.5°C with no or limited overshoot","MESSAGEix-GLOBIOM_1.1","NGFS2_Divergent Net Zero Policies","48.801518922213624","27.633876718448896","12.228115851051854","8.176228972662102","414.5752160515","1.390928255930505","1.60202204946028",
"1393","NGFS Phase 2-Net-Zero 2050","MESSAGEix-GLOBIOM 1.1","Final Energy|Residential and Commercial","EJ/yr","[object Object]",2010,23.613260371,"1.608051804541376","1.414655632744642","2048","560.4126322490001","544.1818208549305","-0.026171707883000002","2060",,"GW1","Carbon Dioxide Removal","failed","high","medium","ok","medium","high","ok","ok","ok","ok",,"medium","true","C1","C1: Below 1.5°C with no or limited overshoot","MESSAGEix-GLOBIOM_1.1","NGFS2_Net-Zero 2050","46.723057958684514","13.873930564313348","15.312832179653594","8.538269509683929","560.4126322490001","1.414655632744642","1.608051804541376",
"1393","NGFS Phase 2-Net-Zero 2050","MESSAGEix-GLOBIOM 1.1","Final Energy|Residential and Commercial","EJ/yr","[object Object]",2015,21.011389791,"1.608051804541376","1.414655632744642","2048","560.4126322490001","544.1818208549305","-0.026171707883000002","2060",,"GW1","Carbon Dioxide Removal","failed","high","medium","ok","medium","high","ok","ok","ok","ok",,"medium","true","C1","C1: Below 1.5°C with no or limited overshoot","MESSAGEix-GLOBIOM_1.1","NGFS2_Net-Zero 2050","46.723057958684514","13.873930564313348","15.312832179653594","8.538269509683929","560.4126322490001","1.414655632744642","1.608051804541376",
"1393","NGFS Phase 2-Net-Zero 2050","MESSAGEix-GLOBIOM 1.1","Final Energy|Residential and Commercial","EJ/yr","[object Object]",2020,24.179542814,"1.608051804541376","1.414655632744642","2048","560.4126322490001","544.1818208549305","-0.026171707883000002","2060",,"GW1","Carbon Dioxide Removal","failed","high","medium","ok","medium","high","ok","ok","ok","ok",,"medium","true","C1","C1: Below 1.5°C with no or limited overshoot","MESSAGEix-GLOBIOM_1.1","NGFS2_Net-Zero 2050","46.723057958684514","13.873930564313348","15.312832179653594","8.538269509683929","560.4126322490001","1.414655632744642","1.608051804541376",
"1393","NGFS Phase 2-Net-Zero 2050","MESSAGEix-GLOBIOM 1.1","Final Energy|Residential and Commercial","EJ/yr","[object Object]",2025,21.810960596,"1.608051804541376","1.414655632744642","2048","560.4126322490001","544.1818208549305","-0.026171707883000002","2060",,"GW1","Carbon Dioxide Removal","failed","high","medium","ok","medium","high","ok","ok","ok","ok",,"medium","true","C1","C1: Below 1.5°C with no or limited overshoot","MESSAGEix-GLOBIOM_1.1","NGFS2_Net-Zero 2050","46.723057958684514","13.873930564313348","15.312832179653594","8.538269509683929","560.4126322490001","1.414655632744642","1.608051804541376",
"1393","NGFS Phase 2-Net-Zero 2050","MESSAGEix-GLOBIOM 1.1","Final Energy|Residential and Commercial","EJ/yr","[object Object]",2030,21.008727356,"1.608051804541376","1.414655632744642","2048","560.4126322490001","544.1818208549305","-0.026171707883000002","2060",,"GW1","Carbon Dioxide Removal","failed","high","medium","ok","medium","high","ok","ok","ok","ok",,"medium","true","C1","C1: Below 1.5°C with no or limited overshoot","MESSAGEix-GLOBIOM_1.1","NGFS2_Net-Zero 2050","46.723057958684514","13.873930564313348","15.312832179653594","8.538269509683929","560.4126322490001","1.414655632744642","1.608051804541376",
"1393","NGFS Phase 2-Net-Zero 2050","MESSAGEix-GLOBIOM 1.1","Final Energy|Residential and Commercial","EJ/yr","[object Object]",2035,19.893145357,"1.608051804541376","1.414655632744642","2048","560.4126322490001","544.1818208549305","-0.026171707883000002","2060",,"GW1","Carbon Dioxide Removal","failed","high","medium","ok","medium","high","ok","ok","ok","ok",,"medium","true","C1","C1: Below 1.5°C with no or limited overshoot","MESSAGEix-GLOBIOM_1.1","NGFS2_Net-Zero 2050","46.723057958684514","13.873930564313348","15.312832179653594","8.538269509683929","560.4126322490001","1.414655632744642","1.608051804541376",
"1393","NGFS Phase 2-Net-Zero 2050","MESSAGEix-GLOBIOM 1.1","Final Energy|Residential and Commercial","EJ/yr","[object Object]",2040,19.331120345,"1.608051804541376","1.414655632744642","2048","560.4126322490001","544.1818208549305","-0.026171707883000002","2060",,"GW1","Carbon Dioxide Removal","failed","high","medium","ok","medium","high","ok","ok","ok","ok",,"medium","true","C1","C1: Below 1.5°C with no or limited overshoot","MESSAGEix-GLOBIOM_1.1","NGFS2_Net-Zero 2050","46.723057958684514","13.873930564313348","15.312832179653594","8.538269509683929","560.4126322490001","1.414655632744642","1.608051804541376",
"1393","NGFS Phase 2-Net-Zero 2050","MESSAGEix-GLOBIOM 1.1","Final Energy|Residential and Commercial","EJ/yr","[object Object]",2045,19.265768683,"1.608051804541376","1.414655632744642","2048","560.4126322490001","544.1818208549305","-0.026171707883000002","2060",,"GW1","Carbon Dioxide Removal","failed","high","medium","ok","medium","high","ok","ok","ok","ok",,"medium","true","C1","C1: Below 1.5°C with no or limited overshoot","MESSAGEix-GLOBIOM_1.1","NGFS2_Net-Zero 2050","46.723057958684514","13.873930564313348","15.312832179653594","8.538269509683929","560.4126322490001","1.414655632744642","1.608051804541376",
"1393","NGFS Phase 2-Net-Zero 2050","MESSAGEix-GLOBIOM 1.1","Final Energy|Residential and Commercial","EJ/yr","[object Object]",2050,19.074656561,"1.608051804541376","1.414655632744642","2048","560.4126322490001","544.1818208549305","-0.026171707883000002","2060",,"GW1","Carbon Dioxide Removal","failed","high","medium","ok","medium","high","ok","ok","ok","ok",,"medium","true","C1","C1: Below 1.5°C with no or limited overshoot","MESSAGEix-GLOBIOM_1.1","NGFS2_Net-Zero 2050","46.723057958684514","13.873930564313348","15.312832179653594","8.538269509683929","560.4126322490001","1.414655632744642","1.608051804541376",
"1393","NGFS Phase 2-Net-Zero 2050","MESSAGEix-GLOBIOM 1.1","Final Energy|Residential and Commercial","EJ/yr","[object Object]",2055,19.055400271,"1.608051804541376","1.414655632744642","2048","560.4126322490001","544.1818208549305","-0.026171707883000002","2060",,"GW1","Carbon Dioxide Removal","failed","high","medium","ok","medium","high","ok","ok","ok","ok",,"medium","true","C1","C1: Below 1.5°C with no or limited overshoot","MESSAGEix-GLOBIOM_1.1","NGFS2_Net-Zero 2050","46.723057958684514","13.873930564313348","15.312832179653594","8.538269509683929","560.4126322490001","1.414655632744642","1.608051804541376",
"1393","NGFS Phase 2-Net-Zero 2050","MESSAGEix-GLOBIOM 1.1","Final Energy|Residential and Commercial","EJ/yr","[object Object]",2060,19.97886514,"1.608051804541376","1.414655632744642","2048","560.4126322490001","544.1818208549305","-0.026171707883000002","2060",,"GW1","Carbon Dioxide Removal","failed","high","medium","ok","medium","high","ok","ok","ok","ok",,"medium","true","C1","C1: Below 1.5°C with no or limited overshoot","MESSAGEix-GLOBIOM_1.1","NGFS2_Net-Zero 2050","46.723057958684514","13.873930564313348","15.312832179653594","8.538269509683929","560.4126322490001","1.414655632744642","1.608051804541376",
"1393","NGFS Phase 2-Net-Zero 2050","MESSAGEix-GLOBIOM 1.1","Final Energy|Residential and Commercial","EJ/yr","[object Object]",2070,24.218043003,"1.608051804541376","1.414655632744642","2048","560.4126322490001","544.1818208549305","-0.026171707883000002","2060",,"GW1","Carbon Dioxide Removal","failed","high","medium","ok","medium","high","ok","ok","ok","ok",,"medium","true","C1","C1: Below 1.5°C with no or limited overshoot","MESSAGEix-GLOBIOM_1.1","NGFS2_Net-Zero 2050","46.723057958684514","13.873930564313348","15.312832179653594","8.538269509683929","560.4126322490001","1.414655632744642","1.608051804541376",
"1393","NGFS Phase 2-Net-Zero 2050","MESSAGEix-GLOBIOM 1.1","Final Energy|Residential and Commercial","EJ/yr","[object Object]",2080,27.586008007,"1.608051804541376","1.414655632744642","2048","560.4126322490001","544.1818208549305","-0.026171707883000002","2060",,"GW1","Carbon Dioxide Removal","failed","high","medium","ok","medium","high","ok","ok","ok","ok",,"medium","true","C1","C1: Below 1.5°C with no or limited overshoot","MESSAGEix-GLOBIOM_1.1","NGFS2_Net-Zero 2050","46.723057958684514","13.873930564313348","15.312832179653594","8.538269509683929","560.4126322490001","1.414655632744642","1.608051804541376",
"1393","NGFS Phase 2-Net-Zero 2050","MESSAGEix-GLOBIOM 1.1","Final Energy|Residential and Commercial","EJ/yr","[object Object]",2090,30.067399839,"1.608051804541376","1.414655632744642","2048","560.4126322490001","544.1818208549305","-0.026171707883000002","2060",,"GW1","Carbon Dioxide Removal","failed","high","medium","ok","medium","high","ok","ok","ok","ok",,"medium","true","C1","C1: Below 1.5°C with no or limited overshoot","MESSAGEix-GLOBIOM_1.1","NGFS2_Net-Zero 2050","46.723057958684514","13.873930564313348","15.312832179653594","8.538269509683929","560.4126322490001","1.414655632744642","1.608051804541376",
"1393","NGFS Phase 2-Net-Zero 2050","MESSAGEix-GLOBIOM 1.1","Final Energy|Residential and Commercial","EJ/yr","[object Object]",2100,31.528998187,"1.608051804541376","1.414655632744642","2048","560.4126322490001","544.1818208549305","-0.026171707883000002","2060",,"GW1","Carbon Dioxide Removal","failed","high","medium","ok","medium","high","ok","ok","ok","ok",,"medium","true","C1","C1: Below 1.5°C with no or limited overshoot","MESSAGEix-GLOBIOM_1.1","NGFS2_Net-Zero 2050","46.723057958684514","13.873930564313348","15.312832179653594","8.538269509683929","560.4126322490001","1.414655632744642","1.608051804541376",
"1398","NGFS Phase 2-Divergent Net Zero Policies","REMIND-MAgPIE 2.1-4.2","Final Energy|Residential and Commercial","EJ/yr","[object Object]",2010,20.3299,"1.547165840712686","1.349064597899478","2048","432.70433500000007","376.32689815000003","-106.76155295","2055",,"GW1","Rapid Fossil-Fuel Phase-Out","failed","high","medium","ok","medium","medium",,"ok","ok","ok",,"medium","true","C1","C1: Below 1.5°C with no or limited overshoot","REMIND-MAgPIE 2.1-4.2","NGFS2_Divergent Net Zero Policies","61.89123483551094","12.641285733104993","25.277781104417908","4.0590386103195755","432.70433500000007","1.349064597899478","1.547165840712686",
"1398","NGFS Phase 2-Divergent Net Zero Policies","REMIND-MAgPIE 2.1-4.2","Final Energy|Residential and Commercial","EJ/yr","[object Object]",2015,17.7416,"1.547165840712686","1.349064597899478","2048","432.70433500000007","376.32689815000003","-106.76155295","2055",,"GW1","Rapid Fossil-Fuel Phase-Out","failed","high","medium","ok","medium","medium",,"ok","ok","ok",,"medium","true","C1","C1: Below 1.5°C with no or limited overshoot","REMIND-MAgPIE 2.1-4.2","NGFS2_Divergent Net Zero Policies","61.89123483551094","12.641285733104993","25.277781104417908","4.0590386103195755","432.70433500000007","1.349064597899478","1.547165840712686",
"1398","NGFS Phase 2-Divergent Net Zero Policies","REMIND-MAgPIE 2.1-4.2","Final Energy|Residential and Commercial","EJ/yr","[object Object]",2020,17.9172,"1.547165840712686","1.349064597899478","2048","432.70433500000007","376.32689815000003","-106.76155295","2055",,"GW1","Rapid Fossil-Fuel Phase-Out","failed","high","medium","ok","medium","medium",,"ok","ok","ok",,"medium","true","C1","C1: Below 1.5°C with no or limited overshoot","REMIND-MAgPIE 2.1-4.2","NGFS2_Divergent Net Zero Policies","61.89123483551094","12.641285733104993","25.277781104417908","4.0590386103195755","432.70433500000007","1.349064597899478","1.547165840712686",
"1398","NGFS Phase 2-Divergent Net Zero Policies","REMIND-MAgPIE 2.1-4.2","Final Energy|Residential and Commercial","EJ/yr","[object Object]",2025,17.7995,"1.547165840712686","1.349064597899478","2048","432.70433500000007","376.32689815000003","-106.76155295","2055",,"GW1","Rapid Fossil-Fuel Phase-Out","failed","high","medium","ok","medium","medium",,"ok","ok","ok",,"medium","true","C1","C1: Below 1.5°C with no or limited overshoot","REMIND-MAgPIE 2.1-4.2","NGFS2_Divergent Net Zero Policies","61.89123483551094","12.641285733104993","25.277781104417908","4.0590386103195755","432.70433500000007","1.349064597899478","1.547165840712686",
"1398","NGFS Phase 2-Divergent Net Zero Policies","REMIND-MAgPIE 2.1-4.2","Final Energy|Residential and Commercial","EJ/yr","[object Object]",2030,17.219,"1.547165840712686","1.349064597899478","2048","432.70433500000007","376.32689815000003","-106.76155295","2055",,"GW1","Rapid Fossil-Fuel Phase-Out","failed","high","medium","ok","medium","medium",,"ok","ok","ok",,"medium","true","C1","C1: Below 1.5°C with no or limited overshoot","REMIND-MAgPIE 2.1-4.2","NGFS2_Divergent Net Zero Policies","61.89123483551094","12.641285733104993","25.277781104417908","4.0590386103195755","432.70433500000007","1.349064597899478","1.547165840712686",
"1398","NGFS Phase 2-Divergent Net Zero Policies","REMIND-MAgPIE 2.1-4.2","Final Energy|Residential and Commercial","EJ/yr","[object Object]",2035,16.1469,"1.547165840712686","1.349064597899478","2048","432.70433500000007","376.32689815000003","-106.76155295","2055",,"GW1","Rapid Fossil-Fuel Phase-Out","failed","high","medium","ok","medium","medium",,"ok","ok","ok",,"medium","true","C1","C1: Below 1.5°C with no or limited overshoot","REMIND-MAgPIE 2.1-4.2","NGFS2_Divergent Net Zero Policies","61.89123483551094","12.641285733104993","25.277781104417908","4.0590386103195755","432.70433500000007","1.349064597899478","1.547165840712686",
"1398","NGFS Phase 2-Divergent Net Zero Policies","REMIND-MAgPIE 2.1-4.2","Final Energy|Residential and Commercial","EJ/yr","[object Object]",2040,14.623,"1.547165840712686","1.349064597899478","2048","432.70433500000007","376.32689815000003","-106.76155295","2055",,"GW1","Rapid Fossil-Fuel Phase-Out","failed","high","medium","ok","medium","medium",,"ok","ok","ok",,"medium","true","C1","C1: Below 1.5°C with no or limited overshoot","REMIND-MAgPIE 2.1-4.2","NGFS2_Divergent Net Zero Policies","61.89123483551094","12.641285733104993","25.277781104417908","4.0590386103195755","432.70433500000007","1.349064597899478","1.547165840712686",
"1398","NGFS Phase 2-Divergent Net Zero Policies","REMIND-MAgPIE 2.1-4.2","Final Energy|Residential and Commercial","EJ/yr","[object Object]",2045,13.79,"1.547165840712686","1.349064597899478","2048","432.70433500000007","376.32689815000003","-106.76155295","2055",,"GW1","Rapid Fossil-Fuel Phase-Out","failed","high","medium","ok","medium","medium",,"ok","ok","ok",,"medium","true","C1","C1: Below 1.5°C with no or limited overshoot","REMIND-MAgPIE 2.1-4.2","NGFS2_Divergent Net Zero Policies","61.89123483551094","12.641285733104993","25.277781104417908","4.0590386103195755","432.70433500000007","1.349064597899478","1.547165840712686",
"1398","NGFS Phase 2-Divergent Net Zero Policies","REMIND-MAgPIE 2.1-4.2","Final Energy|Residential and Commercial","EJ/yr","[object Object]",2050,13.0161,"1.547165840712686","1.349064597899478","2048","432.70433500000007","376.32689815000003","-106.76155295","2055",,"GW1","Rapid Fossil-Fuel Phase-Out","failed","high","medium","ok","medium","medium",,"ok","ok","ok",,"medium","true","C1","C1: Below 1.5°C with no or limited overshoot","REMIND-MAgPIE 2.1-4.2","NGFS2_Divergent Net Zero Policies","61.89123483551094","12.641285733104993","25.277781104417908","4.0590386103195755","432.70433500000007","1.349064597899478","1.547165840712686",
"1398","NGFS Phase 2-Divergent Net Zero Policies","REMIND-MAgPIE 2.1-4.2","Final Energy|Residential and Commercial","EJ/yr","[object Object]",2055,12.7756,"1.547165840712686","1.349064597899478","2048","432.70433500000007","376.32689815000003","-106.76155295","2055",,"GW1","Rapid Fossil-Fuel Phase-Out","failed","high","medium","ok","medium","medium",,"ok","ok","ok",,"medium","true","C1","C1: Below 1.5°C with no or limited overshoot","REMIND-MAgPIE 2.1-4.2","NGFS2_Divergent Net Zero Policies","61.89123483551094","12.641285733104993","25.277781104417908","4.0590386103195755","432.70433500000007","1.349064597899478","1.547165840712686",
"1398","NGFS Phase 2-Divergent Net Zero Policies","REMIND-MAgPIE 2.1-4.2","Final Energy|Residential and Commercial","EJ/yr","[object Object]",2060,12.6996,"1.547165840712686","1.349064597899478","2048","432.70433500000007","376.32689815000003","-106.76155295","2055",,"GW1","Rapid Fossil-Fuel Phase-Out","failed","high","medium","ok","medium","medium",,"ok","ok","ok",,"medium","true","C1","C1: Below 1.5°C with no or limited overshoot","REMIND-MAgPIE 2.1-4.2","NGFS2_Divergent Net Zero Policies","61.89123483551094","12.641285733104993","25.277781104417908","4.0590386103195755","432.70433500000007","1.349064597899478","1.547165840712686",
"1398","NGFS Phase 2-Divergent Net Zero Policies","REMIND-MAgPIE 2.1-4.2","Final Energy|Residential and Commercial","EJ/yr","[object Object]",2070,13.2159,"1.547165840712686","1.349064597899478","2048","432.70433500000007","376.32689815000003","-106.76155295","2055",,"GW1","Rapid Fossil-Fuel Phase-Out","failed","high","medium","ok","medium","medium",,"ok","ok","ok",,"medium","true","C1","C1: Below 1.5°C with no or limited overshoot","REMIND-MAgPIE 2.1-4.2","NGFS2_Divergent Net Zero Policies","61.89123483551094","12.641285733104993","25.277781104417908","4.0590386103195755","432.70433500000007","1.349064597899478","1.547165840712686",
"1398","NGFS Phase 2-Divergent Net Zero Policies","REMIND-MAgPIE 2.1-4.2","Final Energy|Residential and Commercial","EJ/yr","[object Object]",2080,13.8761,"1.547165840712686","1.349064597899478","2048","432.70433500000007","376.32689815000003","-106.76155295","2055",,"GW1","Rapid Fossil-Fuel Phase-Out","failed","high","medium","ok","medium","medium",,"ok","ok","ok",,"medium","true","C1","C1: Below 1.5°C with no or limited overshoot","REMIND-MAgPIE 2.1-4.2","NGFS2_Divergent Net Zero Policies","61.89123483551094","12.641285733104993","25.277781104417908","4.0590386103195755","432.70433500000007","1.349064597899478","1.547165840712686",
"1398","NGFS Phase 2-Divergent Net Zero Policies","REMIND-MAgPIE 2.1-4.2","Final Energy|Residential and Commercial","EJ/yr","[object Object]",2090,14.0734,"1.547165840712686","1.349064597899478","2048","432.70433500000007","376.32689815000003","-106.76155295","2055",,"GW1","Rapid Fossil-Fuel Phase-Out","failed","high","medium","ok","medium","medium",,"ok","ok","ok",,"medium","true","C1","C1: Below 1.5°C with no or limited overshoot","REMIND-MAgPIE 2.1-4.2","NGFS2_Divergent Net Zero Policies","61.89123483551094","12.641285733104993","25.277781104417908","4.0590386103195755","432.70433500000007","1.349064597899478","1.547165840712686",
"1398","NGFS Phase 2-Divergent Net Zero Policies","REMIND-MAgPIE 2.1-4.2","Final Energy|Residential and Commercial","EJ/yr","[object Object]",2100,14.219,"1.547165840712686","1.349064597899478","2048","432.70433500000007","376.32689815000003","-106.76155295","2055",,"GW1","Rapid Fossil-Fuel Phase-Out","failed","high","medium","ok","medium","medium",,"ok","ok","ok",,"medium","true","C1","C1: Below 1.5°C with no or limited overshoot","REMIND-MAgPIE 2.1-4.2","NGFS2_Divergent Net Zero Policies","61.89123483551094","12.641285733104993","25.277781104417908","4.0590386103195755","432.70433500000007","1.349064597899478","1.547165840712686",
"1400","NGFS Phase 2-Net-Zero 2050","REMIND-MAgPIE 2.1-4.2","Final Energy|Residential and Commercial","EJ/yr","[object Object]",2010,20.3299,"1.539804303410346","1.367795987495133","2048","519.6519132","437.7183242","-46.487698939999994","2054",,"GW1","Rapid Fossil-Fuel Phase-Out","failed","high","medium","medium","medium","medium",,"ok","ok","ok",,"medium","true","C1","C1: Below 1.5°C with no or limited overshoot","REMIND-MAgPIE 2.1-4.2","NGFS2_Net-Zero 2050","59.374548846713395","7.513187557608804","32.93657756504936","4.1165253836726805","519.6519132","1.367795987495133","1.539804303410346",
"1400","NGFS Phase 2-Net-Zero 2050","REMIND-MAgPIE 2.1-4.2","Final Energy|Residential and Commercial","EJ/yr","[object Object]",2015,17.7416,"1.539804303410346","1.367795987495133","2048","519.6519132","437.7183242","-46.487698939999994","2054",,"GW1","Rapid Fossil-Fuel Phase-Out","failed","high","medium","medium","medium","medium",,"ok","ok","ok",,"medium","true","C1","C1: Below 1.5°C with no or limited overshoot","REMIND-MAgPIE 2.1-4.2","NGFS2_Net-Zero 2050","59.374548846713395","7.513187557608804","32.93657756504936","4.1165253836726805","519.6519132","1.367795987495133","1.539804303410346",
"1400","NGFS Phase 2-Net-Zero 2050","REMIND-MAgPIE 2.1-4.2","Final Energy|Residential and Commercial","EJ/yr","[object Object]",2020,17.9172,"1.539804303410346","1.367795987495133","2048","519.6519132","437.7183242","-46.487698939999994","2054",,"GW1","Rapid Fossil-Fuel Phase-Out","failed","high","medium","medium","medium","medium",,"ok","ok","ok",,"medium","true","C1","C1: Below 1.5°C with no or limited overshoot","REMIND-MAgPIE 2.1-4.2","NGFS2_Net-Zero 2050","59.374548846713395","7.513187557608804","32.93657756504936","4.1165253836726805","519.6519132","1.367795987495133","1.539804303410346",
"1400","NGFS Phase 2-Net-Zero 2050","REMIND-MAgPIE 2.1-4.2","Final Energy|Residential and Commercial","EJ/yr","[object Object]",2025,17.7273,"1.539804303410346","1.367795987495133","2048","519.6519132","437.7183242","-46.487698939999994","2054",,"GW1","Rapid Fossil-Fuel Phase-Out","failed","high","medium","medium","medium","medium",,"ok","ok","ok",,"medium","true","C1","C1: Below 1.5°C with no or limited overshoot","REMIND-MAgPIE 2.1-4.2","NGFS2_Net-Zero 2050","59.374548846713395","7.513187557608804","32.93657756504936","4.1165253836726805","519.6519132","1.367795987495133","1.539804303410346",
"1400","NGFS Phase 2-Net-Zero 2050","REMIND-MAgPIE 2.1-4.2","Final Energy|Residential and Commercial","EJ/yr","[object Object]",2030,17.1744,"1.539804303410346","1.367795987495133","2048","519.6519132","437.7183242","-46.487698939999994","2054",,"GW1","Rapid Fossil-Fuel Phase-Out","failed","high","medium","medium","medium","medium",,"ok","ok","ok",,"medium","true","C1","C1: Below 1.5°C with no or limited overshoot","REMIND-MAgPIE 2.1-4.2","NGFS2_Net-Zero 2050","59.374548846713395","7.513187557608804","32.93657756504936","4.1165253836726805","519.6519132","1.367795987495133","1.539804303410346",
"1400","NGFS Phase 2-Net-Zero 2050","REMIND-MAgPIE 2.1-4.2","Final Energy|Residential and Commercial","EJ/yr","[object Object]",2035,16.0024,"1.539804303410346","1.367795987495133","2048","519.6519132","437.7183242","-46.487698939999994","2054",,"GW1","Rapid Fossil-Fuel Phase-Out","failed","high","medium","medium","medium","medium",,"ok","ok","ok",,"medium","true","C1","C1: Below 1.5°C with no or limited overshoot","REMIND-MAgPIE 2.1-4.2","NGFS2_Net-Zero 2050","59.374548846713395","7.513187557608804","32.93657756504936","4.1165253836726805","519.6519132","1.367795987495133","1.539804303410346",
"1400","NGFS Phase 2-Net-Zero 2050","REMIND-MAgPIE 2.1-4.2","Final Energy|Residential and Commercial","EJ/yr","[object Object]",2040,14.0403,"1.539804303410346","1.367795987495133","2048","519.6519132","437.7183242","-46.487698939999994","2054",,"GW1","Rapid Fossil-Fuel Phase-Out","failed","high","medium","medium","medium","medium",,"ok","ok","ok",,"medium","true","C1","C1: Below 1.5°C with no or limited overshoot","REMIND-MAgPIE 2.1-4.2","NGFS2_Net-Zero 2050","59.374548846713395","7.513187557608804","32.93657756504936","4.1165253836726805","519.6519132","1.367795987495133","1.539804303410346",
"1400","NGFS Phase 2-Net-Zero 2050","REMIND-MAgPIE 2.1-4.2","Final Energy|Residential and Commercial","EJ/yr","[object Object]",2045,13.6728,"1.539804303410346","1.367795987495133","2048","519.6519132","437.7183242","-46.487698939999994","2054",,"GW1","Rapid Fossil-Fuel Phase-Out","failed","high","medium","medium","medium","medium",,"ok","ok","ok",,"medium","true","C1","C1: Below 1.5°C with no or limited overshoot","REMIND-MAgPIE 2.1-4.2","NGFS2_Net-Zero 2050","59.374548846713395","7.513187557608804","32.93657756504936","4.1165253836726805","519.6519132","1.367795987495133","1.539804303410346",
"1400","NGFS Phase 2-Net-Zero 2050","REMIND-MAgPIE 2.1-4.2","Final Energy|Residential and Commercial","EJ/yr","[object Object]",2050,12.849,"1.539804303410346","1.367795987495133","2048","519.6519132","437.7183242","-46.487698939999994","2054",,"GW1","Rapid Fossil-Fuel Phase-Out","failed","high","medium","medium","medium","medium",,"ok","ok","ok",,"medium","true","C1","C1: Below 1.5°C with no or limited overshoot","REMIND-MAgPIE 2.1-4.2","NGFS2_Net-Zero 2050","59.374548846713395","7.513187557608804","32.93657756504936","4.1165253836726805","519.6519132","1.367795987495133","1.539804303410346",
"1400","NGFS Phase 2-Net-Zero 2050","REMIND-MAgPIE 2.1-4.2","Final Energy|Residential and Commercial","EJ/yr","[object Object]",2055,12.5247,"1.539804303410346","1.367795987495133","2048","519.6519132","437.7183242","-46.487698939999994","2054",,"GW1","Rapid Fossil-Fuel Phase-Out","failed","high","medium","medium","medium","medium",,"ok","ok","ok",,"medium","true","C1","C1: Below 1.5°C with no or limited overshoot","REMIND-MAgPIE 2.1-4.2","NGFS2_Net-Zero 2050","59.374548846713395","7.513187557608804","32.93657756504936","4.1165253836726805","519.6519132","1.367795987495133","1.539804303410346",
"1400","NGFS Phase 2-Net-Zero 2050","REMIND-MAgPIE 2.1-4.2","Final Energy|Residential and Commercial","EJ/yr","[object Object]",2060,12.5288,"1.539804303410346","1.367795987495133","2048","519.6519132","437.7183242","-46.487698939999994","2054",,"GW1","Rapid Fossil-Fuel Phase-Out","failed","high","medium","medium","medium","medium",,"ok","ok","ok",,"medium","true","C1","C1: Below 1.5°C with no or limited overshoot","REMIND-MAgPIE 2.1-4.2","NGFS2_Net-Zero 2050","59.374548846713395","7.513187557608804","32.93657756504936","4.1165253836726805","519.6519132","1.367795987495133","1.539804303410346",
"1400","NGFS Phase 2-Net-Zero 2050","REMIND-MAgPIE 2.1-4.2","Final Energy|Residential and Commercial","EJ/yr","[object Object]",2070,12.9923,"1.539804303410346","1.367795987495133","2048","519.6519132","437.7183242","-46.487698939999994","2054",,"GW1","Rapid Fossil-Fuel Phase-Out","failed","high","medium","medium","medium","medium",,"ok","ok","ok",,"medium","true","C1","C1: Below 1.5°C with no or limited overshoot","REMIND-MAgPIE 2.1-4.2","NGFS2_Net-Zero 2050","59.374548846713395","7.513187557608804","32.93657756504936","4.1165253836726805","519.6519132","1.367795987495133","1.539804303410346",
"1400","NGFS Phase 2-Net-Zero 2050","REMIND-MAgPIE 2.1-4.2","Final Energy|Residential and Commercial","EJ/yr","[object Object]",2080,13.7127,"1.539804303410346","1.367795987495133","2048","519.6519132","437.7183242","-46.487698939999994","2054",,"GW1","Rapid Fossil-Fuel Phase-Out","failed","high","medium","medium","medium","medium",,"ok","ok","ok",,"medium","true","C1","C1: Below 1.5°C with no or limited overshoot","REMIND-MAgPIE 2.1-4.2","NGFS2_Net-Zero 2050","59.374548846713395","7.513187557608804","32.93657756504936","4.1165253836726805","519.6519132","1.367795987495133","1.539804303410346",
"1400","NGFS Phase 2-Net-Zero 2050","REMIND-MAgPIE 2.1-4.2","Final Energy|Residential and Commercial","EJ/yr","[object Object]",2090,14.0259,"1.539804303410346","1.367795987495133","2048","519.6519132","437.7183242","-46.487698939999994","2054",,"GW1","Rapid Fossil-Fuel Phase-Out","failed","high","medium","medium","medium","medium",,"ok","ok","ok",,"medium","true","C1","C1: Below 1.5°C with no or limited overshoot","REMIND-MAgPIE 2.1-4.2","NGFS2_Net-Zero 2050","59.374548846713395","7.513187557608804","32.93657756504936","4.1165253836726805","519.6519132","1.367795987495133","1.539804303410346",
"1400","NGFS Phase 2-Net-Zero 2050","REMIND-MAgPIE 2.1-4.2","Final Energy|Residential and Commercial","EJ/yr","[object Object]",2100,14.3578,"1.539804303410346","1.367795987495133","2048","519.6519132","437.7183242","-46.487698939999994","2054",,"GW1","Rapid Fossil-Fuel Phase-Out","failed","high","medium","medium","medium","medium",,"ok","ok","ok",,"medium","true","C1","C1: Below 1.5°C with no or limited overshoot","REMIND-MAgPIE 2.1-4.2","NGFS2_Net-Zero 2050","59.374548846713395","7.513187557608804","32.93657756504936","4.1165253836726805","519.6519132","1.367795987495133","1.539804303410346",
"1401","NGFS Phase 2-Net-Zero 2050 [IPD 95th]","REMIND-MAgPIE 2.1-4.2","Final Energy|Residential and Commercial","EJ/yr","[object Object]",2010,20.3299,"1.523687858339483","1.342545096777081","2048","525.81221435","387.5223346","-76.13888073999999","2053",,"GW1",,"failed","high","medium","medium","medium","medium",,"ok","ok","ok",,"medium","true","C1","C1: Below 1.5°C with no or limited overshoot","REMIND-MAgPIE 2.1-4.2","NGFS2_Net-Zero 2050 - IPD-95th","59.1998727823705","7.623650832401972","32.999536372371374",,"525.81221435","1.342545096777081","1.523687858339483",
"1401","NGFS Phase 2-Net-Zero 2050 [IPD 95th]","REMIND-MAgPIE 2.1-4.2","Final Energy|Residential and Commercial","EJ/yr","[object Object]",2015,17.747,"1.523687858339483","1.342545096777081","2048","525.81221435","387.5223346","-76.13888073999999","2053",,"GW1",,"failed","high","medium","medium","medium","medium",,"ok","ok","ok",,"medium","true","C1","C1: Below 1.5°C with no or limited overshoot","REMIND-MAgPIE 2.1-4.2","NGFS2_Net-Zero 2050 - IPD-95th","59.1998727823705","7.623650832401972","32.999536372371374",,"525.81221435","1.342545096777081","1.523687858339483",
"1401","NGFS Phase 2-Net-Zero 2050 [IPD 95th]","REMIND-MAgPIE 2.1-4.2","Final Energy|Residential and Commercial","EJ/yr","[object Object]",2020,17.9237,"1.523687858339483","1.342545096777081","2048","525.81221435","387.5223346","-76.13888073999999","2053",,"GW1",,"failed","high","medium","medium","medium","medium",,"ok","ok","ok",,"medium","true","C1","C1: Below 1.5°C with no or limited overshoot","REMIND-MAgPIE 2.1-4.2","NGFS2_Net-Zero 2050 - IPD-95th","59.1998727823705","7.623650832401972","32.999536372371374",,"525.81221435","1.342545096777081","1.523687858339483",
"1401","NGFS Phase 2-Net-Zero 2050 [IPD 95th]","REMIND-MAgPIE 2.1-4.2","Final Energy|Residential and Commercial","EJ/yr","[object Object]",2025,17.6888,"1.523687858339483","1.342545096777081","2048","525.81221435","387.5223346","-76.13888073999999","2053",,"GW1",,"failed","high","medium","medium","medium","medium",,"ok","ok","ok",,"medium","true","C1","C1: Below 1.5°C with no or limited overshoot","REMIND-MAgPIE 2.1-4.2","NGFS2_Net-Zero 2050 - IPD-95th","59.1998727823705","7.623650832401972","32.999536372371374",,"525.81221435","1.342545096777081","1.523687858339483",
"1401","NGFS Phase 2-Net-Zero 2050 [IPD 95th]","REMIND-MAgPIE 2.1-4.2","Final Energy|Residential and Commercial","EJ/yr","[object Object]",2030,17.1492,"1.523687858339483","1.342545096777081","2048","525.81221435","387.5223346","-76.13888073999999","2053",,"GW1",,"failed","high","medium","medium","medium","medium",,"ok","ok","ok",,"medium","true","C1","C1: Below 1.5°C with no or limited overshoot","REMIND-MAgPIE 2.1-4.2","NGFS2_Net-Zero 2050 - IPD-95th","59.1998727823705","7.623650832401972","32.999536372371374",,"525.81221435","1.342545096777081","1.523687858339483",
"1401","NGFS Phase 2-Net-Zero 2050 [IPD 95th]","REMIND-MAgPIE 2.1-4.2","Final Energy|Residential and Commercial","EJ/yr","[object Object]",2035,16.0055,"1.523687858339483","1.342545096777081","2048","525.81221435","387.5223346","-76.13888073999999","2053",,"GW1",,"failed","high","medium","medium","medium","medium",,"ok","ok","ok",,"medium","true","C1","C1: Below 1.5°C with no or limited overshoot","REMIND-MAgPIE 2.1-4.2","NGFS2_Net-Zero 2050 - IPD-95th","59.1998727823705","7.623650832401972","32.999536372371374",,"525.81221435","1.342545096777081","1.523687858339483",
"1401","NGFS Phase 2-Net-Zero 2050 [IPD 95th]","REMIND-MAgPIE 2.1-4.2","Final Energy|Residential and Commercial","EJ/yr","[object Object]",2040,14.0194,"1.523687858339483","1.342545096777081","2048","525.81221435","387.5223346","-76.13888073999999","2053",,"GW1",,"failed","high","medium","medium","medium","medium",,"ok","ok","ok",,"medium","true","C1","C1: Below 1.5°C with no or limited overshoot","REMIND-MAgPIE 2.1-4.2","NGFS2_Net-Zero 2050 - IPD-95th","59.1998727823705","7.623650832401972","32.999536372371374",,"525.81221435","1.342545096777081","1.523687858339483",
"1401","NGFS Phase 2-Net-Zero 2050 [IPD 95th]","REMIND-MAgPIE 2.1-4.2","Final Energy|Residential and Commercial","EJ/yr","[object Object]",2045,13.5913,"1.523687858339483","1.342545096777081","2048","525.81221435","387.5223346","-76.13888073999999","2053",,"GW1",,"failed","high","medium","medium","medium","medium",,"ok","ok","ok",,"medium","true","C1","C1: Below 1.5°C with no or limited overshoot","REMIND-MAgPIE 2.1-4.2","NGFS2_Net-Zero 2050 - IPD-95th","59.1998727823705","7.623650832401972","32.999536372371374",,"525.81221435","1.342545096777081","1.523687858339483",
"1401","NGFS Phase 2-Net-Zero 2050 [IPD 95th]","REMIND-MAgPIE 2.1-4.2","Final Energy|Residential and Commercial","EJ/yr","[object Object]",2050,12.7524,"1.523687858339483","1.342545096777081","2048","525.81221435","387.5223346","-76.13888073999999","2053",,"GW1",,"failed","high","medium","medium","medium","medium",,"ok","ok","ok",,"medium","true","C1","C1: Below 1.5°C with no or limited overshoot","REMIND-MAgPIE 2.1-4.2","NGFS2_Net-Zero 2050 - IPD-95th","59.1998727823705","7.623650832401972","32.999536372371374",,"525.81221435","1.342545096777081","1.523687858339483",
"1401","NGFS Phase 2-Net-Zero 2050 [IPD 95th]","REMIND-MAgPIE 2.1-4.2","Final Energy|Residential and Commercial","EJ/yr","[object Object]",2055,12.4415,"1.523687858339483","1.342545096777081","2048","525.81221435","387.5223346","-76.13888073999999","2053",,"GW1",,"failed","high","medium","medium","medium","medium",,"ok","ok","ok",,"medium","true","C1","C1: Below 1.5°C with no or limited overshoot","REMIND-MAgPIE 2.1-4.2","NGFS2_Net-Zero 2050 - IPD-95th","59.1998727823705","7.623650832401972","32.999536372371374",,"525.81221435","1.342545096777081","1.523687858339483",
"1401","NGFS Phase 2-Net-Zero 2050 [IPD 95th]","REMIND-MAgPIE 2.1-4.2","Final Energy|Residential and Commercial","EJ/yr","[object Object]",2060,12.4384,"1.523687858339483","1.342545096777081","2048","525.81221435","387.5223346","-76.13888073999999","2053",,"GW1",,"failed","high","medium","medium","medium","medium",,"ok","ok","ok",,"medium","true","C1","C1: Below 1.5°C with no or limited overshoot","REMIND-MAgPIE 2.1-4.2","NGFS2_Net-Zero 2050 - IPD-95th","59.1998727823705","7.623650832401972","32.999536372371374",,"525.81221435","1.342545096777081","1.523687858339483",
"1401","NGFS Phase 2-Net-Zero 2050 [IPD 95th]","REMIND-MAgPIE 2.1-4.2","Final Energy|Residential and Commercial","EJ/yr","[object Object]",2070,12.7656,"1.523687858339483","1.342545096777081","2048","525.81221435","387.5223346","-76.13888073999999","2053",,"GW1",,"failed","high","medium","medium","medium","medium",,"ok","ok","ok",,"medium","true","C1","C1: Below 1.5°C with no or limited overshoot","REMIND-MAgPIE 2.1-4.2","NGFS2_Net-Zero 2050 - IPD-95th","59.1998727823705","7.623650832401972","32.999536372371374",,"525.81221435","1.342545096777081","1.523687858339483",
"1401","NGFS Phase 2-Net-Zero 2050 [IPD 95th]","REMIND-MAgPIE 2.1-4.2","Final Energy|Residential and Commercial","EJ/yr","[object Object]",2080,13.3425,"1.523687858339483","1.342545096777081","2048","525.81221435","387.5223346","-76.13888073999999","2053",,"GW1",,"failed","high","medium","medium","medium","medium",,"ok","ok","ok",,"medium","true","C1","C1: Below 1.5°C with no or limited overshoot","REMIND-MAgPIE 2.1-4.2","NGFS2_Net-Zero 2050 - IPD-95th","59.1998727823705","7.623650832401972","32.999536372371374",,"525.81221435","1.342545096777081","1.523687858339483",
"1401","NGFS Phase 2-Net-Zero 2050 [IPD 95th]","REMIND-MAgPIE 2.1-4.2","Final Energy|Residential and Commercial","EJ/yr","[object Object]",2090,13.6654,"1.523687858339483","1.342545096777081","2048","525.81221435","387.5223346","-76.13888073999999","2053",,"GW1",,"failed","high","medium","medium","medium","medium",,"ok","ok","ok",,"medium","true","C1","C1: Below 1.5°C with no or limited overshoot","REMIND-MAgPIE 2.1-4.2","NGFS2_Net-Zero 2050 - IPD-95th","59.1998727823705","7.623650832401972","32.999536372371374",,"525.81221435","1.342545096777081","1.523687858339483",
"1401","NGFS Phase 2-Net-Zero 2050 [IPD 95th]","REMIND-MAgPIE 2.1-4.2","Final Energy|Residential and Commercial","EJ/yr","[object Object]",2100,13.9603,"1.523687858339483","1.342545096777081","2048","525.81221435","387.5223346","-76.13888073999999","2053",,"GW1",,"failed","high","medium","medium","medium","medium",,"ok","ok","ok",,"medium","true","C1","C1: Below 1.5°C with no or limited overshoot","REMIND-MAgPIE 2.1-4.2","NGFS2_Net-Zero 2050 - IPD-95th","59.1998727823705","7.623650832401972","32.999536372371374",,"525.81221435","1.342545096777081","1.523687858339483",
"1402","NGFS Phase 2-Net-Zero 2050 [IPD Median]","REMIND-MAgPIE 2.1-4.2","Final Energy|Residential and Commercial","EJ/yr","[object Object]",2010,20.3299,"1.525026779352425","1.3453728358315","2048","527.7825564999999","393.62708069999996","-70.12606822000001","2053",,"GW1",,"failed","high","medium","medium","medium","medium",,"ok","ok","ok",,"medium","true","C1","C1: Below 1.5°C with no or limited overshoot","REMIND-MAgPIE 2.1-4.2","NGFS2_Net-Zero 2050 - IPD-median","59.437969987820814","7.566287138116362","32.81920064359699",,"527.7825564999999","1.3453728358315","1.525026779352425",
"1402","NGFS Phase 2-Net-Zero 2050 [IPD Median]","REMIND-MAgPIE 2.1-4.2","Final Energy|Residential and Commercial","EJ/yr","[object Object]",2015,17.7439,"1.525026779352425","1.3453728358315","2048","527.7825564999999","393.62708069999996","-70.12606822000001","2053",,"GW1",,"failed","high","medium","medium","medium","medium",,"ok","ok","ok",,"medium","true","C1","C1: Below 1.5°C with no or limited overshoot","REMIND-MAgPIE 2.1-4.2","NGFS2_Net-Zero 2050 - IPD-median","59.437969987820814","7.566287138116362","32.81920064359699",,"527.7825564999999","1.3453728358315","1.525026779352425",
"1402","NGFS Phase 2-Net-Zero 2050 [IPD Median]","REMIND-MAgPIE 2.1-4.2","Final Energy|Residential and Commercial","EJ/yr","[object Object]",2020,17.9216,"1.525026779352425","1.3453728358315","2048","527.7825564999999","393.62708069999996","-70.12606822000001","2053",,"GW1",,"failed","high","medium","medium","medium","medium",,"ok","ok","ok",,"medium","true","C1","C1: Below 1.5°C with no or limited overshoot","REMIND-MAgPIE 2.1-4.2","NGFS2_Net-Zero 2050 - IPD-median","59.437969987820814","7.566287138116362","32.81920064359699",,"527.7825564999999","1.3453728358315","1.525026779352425",
"1402","NGFS Phase 2-Net-Zero 2050 [IPD Median]","REMIND-MAgPIE 2.1-4.2","Final Energy|Residential and Commercial","EJ/yr","[object Object]",2025,17.6679,"1.525026779352425","1.3453728358315","2048","527.7825564999999","393.62708069999996","-70.12606822000001","2053",,"GW1",,"failed","high","medium","medium","medium","medium",,"ok","ok","ok",,"medium","true","C1","C1: Below 1.5°C with no or limited overshoot","REMIND-MAgPIE 2.1-4.2","NGFS2_Net-Zero 2050 - IPD-median","59.437969987820814","7.566287138116362","32.81920064359699",,"527.7825564999999","1.3453728358315","1.525026779352425",
"1402","NGFS Phase 2-Net-Zero 2050 [IPD Median]","REMIND-MAgPIE 2.1-4.2","Final Energy|Residential and Commercial","EJ/yr","[object Object]",2030,17.1311,"1.525026779352425","1.3453728358315","2048","527.7825564999999","393.62708069999996","-70.12606822000001","2053",,"GW1",,"failed","high","medium","medium","medium","medium",,"ok","ok","ok",,"medium","true","C1","C1: Below 1.5°C with no or limited overshoot","REMIND-MAgPIE 2.1-4.2","NGFS2_Net-Zero 2050 - IPD-median","59.437969987820814","7.566287138116362","32.81920064359699",,"527.7825564999999","1.3453728358315","1.525026779352425",
"1402","NGFS Phase 2-Net-Zero 2050 [IPD Median]","REMIND-MAgPIE 2.1-4.2","Final Energy|Residential and Commercial","EJ/yr","[object Object]",2035,15.9726,"1.525026779352425","1.3453728358315","2048","527.7825564999999","393.62708069999996","-70.12606822000001","2053",,"GW1",,"failed","high","medium","medium","medium","medium",,"ok","ok","ok",,"medium","true","C1","C1: Below 1.5°C with no or limited overshoot","REMIND-MAgPIE 2.1-4.2","NGFS2_Net-Zero 2050 - IPD-median","59.437969987820814","7.566287138116362","32.81920064359699",,"527.7825564999999","1.3453728358315","1.525026779352425",
"1402","NGFS Phase 2-Net-Zero 2050 [IPD Median]","REMIND-MAgPIE 2.1-4.2","Final Energy|Residential and Commercial","EJ/yr","[object Object]",2040,14.0087,"1.525026779352425","1.3453728358315","2048","527.7825564999999","393.62708069999996","-70.12606822000001","2053",,"GW1",,"failed","high","medium","medium","medium","medium",,"ok","ok","ok",,"medium","true","C1","C1: Below 1.5°C with no or limited overshoot","REMIND-MAgPIE 2.1-4.2","NGFS2_Net-Zero 2050 - IPD-median","59.437969987820814","7.566287138116362","32.81920064359699",,"527.7825564999999","1.3453728358315","1.525026779352425",
"1402","NGFS Phase 2-Net-Zero 2050 [IPD Median]","REMIND-MAgPIE 2.1-4.2","Final Energy|Residential and Commercial","EJ/yr","[object Object]",2045,13.6092,"1.525026779352425","1.3453728358315","2048","527.7825564999999","393.62708069999996","-70.12606822000001","2053",,"GW1",,"failed","high","medium","medium","medium","medium",,"ok","ok","ok",,"medium","true","C1","C1: Below 1.5°C with no or limited overshoot","REMIND-MAgPIE 2.1-4.2","NGFS2_Net-Zero 2050 - IPD-median","59.437969987820814","7.566287138116362","32.81920064359699",,"527.7825564999999","1.3453728358315","1.525026779352425",
"1402","NGFS Phase 2-Net-Zero 2050 [IPD Median]","REMIND-MAgPIE 2.1-4.2","Final Energy|Residential and Commercial","EJ/yr","[object Object]",2050,12.7844,"1.525026779352425","1.3453728358315","2048","527.7825564999999","393.62708069999996","-70.12606822000001","2053",,"GW1",,"failed","high","medium","medium","medium","medium",,"ok","ok","ok",,"medium","true","C1","C1: Below 1.5°C with no or limited overshoot","REMIND-MAgPIE 2.1-4.2","NGFS2_Net-Zero 2050 - IPD-median","59.437969987820814","7.566287138116362","32.81920064359699",,"527.7825564999999","1.3453728358315","1.525026779352425",
"1402","NGFS Phase 2-Net-Zero 2050 [IPD Median]","REMIND-MAgPIE 2.1-4.2","Final Energy|Residential and Commercial","EJ/yr","[object Object]",2055,12.466,"1.525026779352425","1.3453728358315","2048","527.7825564999999","393.62708069999996","-70.12606822000001","2053",,"GW1",,"failed","high","medium","medium","medium","medium",,"ok","ok","ok",,"medium","true","C1","C1: Below 1.5°C with no or limited overshoot","REMIND-MAgPIE 2.1-4.2","NGFS2_Net-Zero 2050 - IPD-median","59.437969987820814","7.566287138116362","32.81920064359699",,"527.7825564999999","1.3453728358315","1.525026779352425",
"1402","NGFS Phase 2-Net-Zero 2050 [IPD Median]","REMIND-MAgPIE 2.1-4.2","Final Energy|Residential and Commercial","EJ/yr","[object Object]",2060,12.4747,"1.525026779352425","1.3453728358315","2048","527.7825564999999","393.62708069999996","-70.12606822000001","2053",,"GW1",,"failed","high","medium","medium","medium","medium",,"ok","ok","ok",,"medium","true","C1","C1: Below 1.5°C with no or limited overshoot","REMIND-MAgPIE 2.1-4.2","NGFS2_Net-Zero 2050 - IPD-median","59.437969987820814","7.566287138116362","32.81920064359699",,"527.7825564999999","1.3453728358315","1.525026779352425",
"1402","NGFS Phase 2-Net-Zero 2050 [IPD Median]","REMIND-MAgPIE 2.1-4.2","Final Energy|Residential and Commercial","EJ/yr","[object Object]",2070,12.8533,"1.525026779352425","1.3453728358315","2048","527.7825564999999","393.62708069999996","-70.12606822000001","2053",,"GW1",,"failed","high","medium","medium","medium","medium",,"ok","ok","ok",,"medium","true","C1","C1: Below 1.5°C with no or limited overshoot","REMIND-MAgPIE 2.1-4.2","NGFS2_Net-Zero 2050 - IPD-median","59.437969987820814","7.566287138116362","32.81920064359699",,"527.7825564999999","1.3453728358315","1.525026779352425",
"1402","NGFS Phase 2-Net-Zero 2050 [IPD Median]","REMIND-MAgPIE 2.1-4.2","Final Energy|Residential and Commercial","EJ/yr","[object Object]",2080,13.5015,"1.525026779352425","1.3453728358315","2048","527.7825564999999","393.62708069999996","-70.12606822000001","2053",,"GW1",,"failed","high","medium","medium","medium","medium",,"ok","ok","ok",,"medium","true","C1","C1: Below 1.5°C with no or limited overshoot","REMIND-MAgPIE 2.1-4.2","NGFS2_Net-Zero 2050 - IPD-median","59.437969987820814","7.566287138116362","32.81920064359699",,"527.7825564999999","1.3453728358315","1.525026779352425",
"1402","NGFS Phase 2-Net-Zero 2050 [IPD Median]","REMIND-MAgPIE 2.1-4.2","Final Energy|Residential and Commercial","EJ/yr","[object Object]",2090,13.8486,"1.525026779352425","1.3453728358315","2048","527.7825564999999","393.62708069999996","-70.12606822000001","2053",,"GW1",,"failed","high","medium","medium","medium","medium",,"ok","ok","ok",,"medium","true","C1","C1: Below 1.5°C with no or limited overshoot","REMIND-MAgPIE 2.1-4.2","NGFS2_Net-Zero 2050 - IPD-median","59.437969987820814","7.566287138116362","32.81920064359699",,"527.7825564999999","1.3453728358315","1.525026779352425",
"1402","NGFS Phase 2-Net-Zero 2050 [IPD Median]","REMIND-MAgPIE 2.1-4.2","Final Energy|Residential and Commercial","EJ/yr","[object Object]",2100,14.1181,"1.525026779352425","1.3453728358315","2048","527.7825564999999","393.62708069999996","-70.12606822000001","2053",,"GW1",,"failed","high","medium","medium","medium","medium",,"ok","ok","ok",,"medium","true","C1","C1: Below 1.5°C with no or limited overshoot","REMIND-MAgPIE 2.1-4.2","NGFS2_Net-Zero 2050 - IPD-median","59.437969987820814","7.566287138116362","32.81920064359699",,"527.7825564999999","1.3453728358315","1.525026779352425",
"1421","SHAPE-SDP-RC-1.5°C [with Climate Change Impacts]","IMAGE 3.3","Final Energy|Residential and Commercial","EJ/yr","[object Object]",2010,20.9453209381103,"1.600418972144021","1.249865832667621","2039","651.9122705586296","266.05812459694124","-203.6418315818266","2048","2088","GW1","Carbon Capture and Storage","failed","high","medium","medium","medium","high","medium","medium","ok","ok","ok","medium",,"C1","C1: Below 1.5°C with no or limited overshoot",,,"19.942563731459252","50.56473111959162","29.336467830912138","9.642897233453567","651.9122705586296","1.249865832667621","1.600418972144021",
"1421","SHAPE-SDP-RC-1.5°C [with Climate Change Impacts]","IMAGE 3.3","Final Energy|Residential and Commercial","EJ/yr","[object Object]",2015,20.5403551940918,"1.600418972144021","1.249865832667621","2039","651.9122705586296","266.05812459694124","-203.6418315818266","2048","2088","GW1","Carbon Capture and Storage","failed","high","medium","medium","medium","high","medium","medium","ok","ok","ok","medium",,"C1","C1: Below 1.5°C with no or limited overshoot",,,"19.942563731459252","50.56473111959162","29.336467830912138","9.642897233453567","651.9122705586296","1.249865832667621","1.600418972144021",
"1421","SHAPE-SDP-RC-1.5°C [with Climate Change Impacts]","IMAGE 3.3","Final Energy|Residential and Commercial","EJ/yr","[object Object]",2020,19.5411072998047,"1.600418972144021","1.249865832667621","2039","651.9122705586296","266.05812459694124","-203.6418315818266","2048","2088","GW1","Carbon Capture and Storage","failed","high","medium","medium","medium","high","medium","medium","ok","ok","ok","medium",,"C1","C1: Below 1.5°C with no or limited overshoot",,,"19.942563731459252","50.56473111959162","29.336467830912138","9.642897233453567","651.9122705586296","1.249865832667621","1.600418972144021",
"1421","SHAPE-SDP-RC-1.5°C [with Climate Change Impacts]","IMAGE 3.3","Final Energy|Residential and Commercial","EJ/yr","[object Object]",2025,17.8005848083496,"1.600418972144021","1.249865832667621","2039","651.9122705586296","266.05812459694124","-203.6418315818266","2048","2088","GW1","Carbon Capture and Storage","failed","high","medium","medium","medium","high","medium","medium","ok","ok","ok","medium",,"C1","C1: Below 1.5°C with no or limited overshoot",,,"19.942563731459252","50.56473111959162","29.336467830912138","9.642897233453567","651.9122705586296","1.249865832667621","1.600418972144021",
"1421","SHAPE-SDP-RC-1.5°C [with Climate Change Impacts]","IMAGE 3.3","Final Energy|Residential and Commercial","EJ/yr","[object Object]",2030,15.8508905944824,"1.600418972144021","1.249865832667621","2039","651.9122705586296","266.05812459694124","-203.6418315818266","2048","2088","GW1","Carbon Capture and Storage","failed","high","medium","medium","medium","high","medium","medium","ok","ok","ok","medium",,"C1","C1: Below 1.5°C with no or limited overshoot",,,"19.942563731459252","50.56473111959162","29.336467830912138","9.642897233453567","651.9122705586296","1.249865832667621","1.600418972144021",
"1421","SHAPE-SDP-RC-1.5°C [with Climate Change Impacts]","IMAGE 3.3","Final Energy|Residential and Commercial","EJ/yr","[object Object]",2035,13.3753580932617,"1.600418972144021","1.249865832667621","2039","651.9122705586296","266.05812459694124","-203.6418315818266","2048","2088","GW1","Carbon Capture and Storage","failed","high","medium","medium","medium","high","medium","medium","ok","ok","ok","medium",,"C1","C1: Below 1.5°C with no or limited overshoot",,,"19.942563731459252","50.56473111959162","29.336467830912138","9.642897233453567","651.9122705586296","1.249865832667621","1.600418972144021",
"1421","SHAPE-SDP-RC-1.5°C [with Climate Change Impacts]","IMAGE 3.3","Final Energy|Residential and Commercial","EJ/yr","[object Object]",2040,11.7996244812012,"1.600418972144021","1.249865832667621","2039","651.9122705586296","266.05812459694124","-203.6418315818266","2048","2088","GW1","Carbon Capture and Storage","failed","high","medium","medium","medium","high","medium","medium","ok","ok","ok","medium",,"C1","C1: Below 1.5°C with no or limited overshoot",,,"19.942563731459252","50.56473111959162","29.336467830912138","9.642897233453567","651.9122705586296","1.249865832667621","1.600418972144021",
"1421","SHAPE-SDP-RC-1.5°C [with Climate Change Impacts]","IMAGE 3.3","Final Energy|Residential and Commercial","EJ/yr","[object Object]",2045,10.493063873291,"1.600418972144021","1.249865832667621","2039","651.9122705586296","266.05812459694124","-203.6418315818266","2048","2088","GW1","Carbon Capture and Storage","failed","high","medium","medium","medium","high","medium","medium","ok","ok","ok","medium",,"C1","C1: Below 1.5°C with no or limited overshoot",,,"19.942563731459252","50.56473111959162","29.336467830912138","9.642897233453567","651.9122705586296","1.249865832667621","1.600418972144021",
"1421","SHAPE-SDP-RC-1.5°C [with Climate Change Impacts]","IMAGE 3.3","Final Energy|Residential and Commercial","EJ/yr","[object Object]",2050,9.83769500732422,"1.600418972144021","1.249865832667621","2039","651.9122705586296","266.05812459694124","-203.6418315818266","2048","2088","GW1","Carbon Capture and Storage","failed","high","medium","medium","medium","high","medium","medium","ok","ok","ok","medium",,"C1","C1: Below 1.5°C with no or limited overshoot",,,"19.942563731459252","50.56473111959162","29.336467830912138","9.642897233453567","651.9122705586296","1.249865832667621","1.600418972144021",
"1421","SHAPE-SDP-RC-1.5°C [with Climate Change Impacts]","IMAGE 3.3","Final Energy|Residential and Commercial","EJ/yr","[object Object]",2060,9.2232958984375,"1.600418972144021","1.249865832667621","2039","651.9122705586296","266.05812459694124","-203.6418315818266","2048","2088","GW1","Carbon Capture and Storage","failed","high","medium","medium","medium","high","medium","medium","ok","ok","ok","medium",,"C1","C1: Below 1.5°C with no or limited overshoot",,,"19.942563731459252","50.56473111959162","29.336467830912138","9.642897233453567","651.9122705586296","1.249865832667621","1.600418972144021",
"1421","SHAPE-SDP-RC-1.5°C [with Climate Change Impacts]","IMAGE 3.3","Final Energy|Residential and Commercial","EJ/yr","[object Object]",2070,8.64679833984375,"1.600418972144021","1.249865832667621","2039","651.9122705586296","266.05812459694124","-203.6418315818266","2048","2088","GW1","Carbon Capture and Storage","failed","high","medium","medium","medium","high","medium","medium","ok","ok","ok","medium",,"C1","C1: Below 1.5°C with no or limited overshoot",,,"19.942563731459252","50.56473111959162","29.336467830912138","9.642897233453567","651.9122705586296","1.249865832667621","1.600418972144021",
"1421","SHAPE-SDP-RC-1.5°C [with Climate Change Impacts]","IMAGE 3.3","Final Energy|Residential and Commercial","EJ/yr","[object Object]",2080,8.13643862915039,"1.600418972144021","1.249865832667621","2039","651.9122705586296","266.05812459694124","-203.6418315818266","2048","2088","GW1","Carbon Capture and Storage","failed","high","medium","medium","medium","high","medium","medium","ok","ok","ok","medium",,"C1","C1: Below 1.5°C with no or limited overshoot",,,"19.942563731459252","50.56473111959162","29.336467830912138","9.642897233453567","651.9122705586296","1.249865832667621","1.600418972144021",
"1421","SHAPE-SDP-RC-1.5°C [with Climate Change Impacts]","IMAGE 3.3","Final Energy|Residential and Commercial","EJ/yr","[object Object]",2090,7.7231217956543,"1.600418972144021","1.249865832667621","2039","651.9122705586296","266.05812459694124","-203.6418315818266","2048","2088","GW1","Carbon Capture and Storage","failed","high","medium","medium","medium","high","medium","medium","ok","ok","ok","medium",,"C1","C1: Below 1.5°C with no or limited overshoot",,,"19.942563731459252","50.56473111959162","29.336467830912138","9.642897233453567","651.9122705586296","1.249865832667621","1.600418972144021",
"1421","SHAPE-SDP-RC-1.5°C [with Climate Change Impacts]","IMAGE 3.3","Final Energy|Residential and Commercial","EJ/yr","[object Object]",2100,7.33856924438477,"1.600418972144021","1.249865832667621","2039","651.9122705586296","266.05812459694124","-203.6418315818266","2048","2088","GW1","Carbon Capture and Storage","failed","high","medium","medium","medium","high","medium","medium","ok","ok","ok","medium",,"C1","C1: Below 1.5°C with no or limited overshoot",,,"19.942563731459252","50.56473111959162","29.336467830912138","9.642897233453567","651.9122705586296","1.249865832667621","1.600418972144021",
"1422","SHAPE-SSP1-1.5°C","IMAGE 3.3","Final Energy|Residential and Commercial","EJ/yr","[object Object]",2010,20.9435719909668,"1.589088975294962","1.305956979068437","2040","874.7510133302159","307.76767057037756","-294.33865102570024","2053","2075","GW1","Low Demand","failed","high","medium","medium","medium","high","ok","medium","ok","ok","ok","medium",,"C1","C1: Below 1.5°C with no or limited overshoot",,,"22.703071287512973","53.106407442237035","23.739778460341814","7.333101524219842","874.7510133302159","1.305956979068437","1.589088975294962",
"1422","SHAPE-SSP1-1.5°C","IMAGE 3.3","Final Energy|Residential and Commercial","EJ/yr","[object Object]",2015,20.5446688537598,"1.589088975294962","1.305956979068437","2040","874.7510133302159","307.76767057037756","-294.33865102570024","2053","2075","GW1","Low Demand","failed","high","medium","medium","medium","high","ok","medium","ok","ok","ok","medium",,"C1","C1: Below 1.5°C with no or limited overshoot",,,"22.703071287512973","53.106407442237035","23.739778460341814","7.333101524219842","874.7510133302159","1.305956979068437","1.589088975294962",
"1422","SHAPE-SSP1-1.5°C","IMAGE 3.3","Final Energy|Residential and Commercial","EJ/yr","[object Object]",2020,19.5895928955078,"1.589088975294962","1.305956979068437","2040","874.7510133302159","307.76767057037756","-294.33865102570024","2053","2075","GW1","Low Demand","failed","high","medium","medium","medium","high","ok","medium","ok","ok","ok","medium",,"C1","C1: Below 1.5°C with no or limited overshoot",,,"22.703071287512973","53.106407442237035","23.739778460341814","7.333101524219842","874.7510133302159","1.305956979068437","1.589088975294962",
"1422","SHAPE-SSP1-1.5°C","IMAGE 3.3","Final Energy|Residential and Commercial","EJ/yr","[object Object]",2025,18.0295386352539,"1.589088975294962","1.305956979068437","2040","874.7510133302159","307.76767057037756","-294.33865102570024","2053","2075","GW1","Low Demand","failed","high","medium","medium","medium","high","ok","medium","ok","ok","ok","medium",,"C1","C1: Below 1.5°C with no or limited overshoot",,,"22.703071287512973","53.106407442237035","23.739778460341814","7.333101524219842","874.7510133302159","1.305956979068437","1.589088975294962",
"1422","SHAPE-SSP1-1.5°C","IMAGE 3.3","Final Energy|Residential and Commercial","EJ/yr","[object Object]",2030,16.7617384033203,"1.589088975294962","1.305956979068437","2040","874.7510133302159","307.76767057037756","-294.33865102570024","2053","2075","GW1","Low Demand","failed","high","medium","medium","medium","high","ok","medium","ok","ok","ok","medium",,"C1","C1: Below 1.5°C with no or limited overshoot",,,"22.703071287512973","53.106407442237035","23.739778460341814","7.333101524219842","874.7510133302159","1.305956979068437","1.589088975294962",
"1422","SHAPE-SSP1-1.5°C","IMAGE 3.3","Final Energy|Residential and Commercial","EJ/yr","[object Object]",2035,15.6032412719727,"1.589088975294962","1.305956979068437","2040","874.7510133302159","307.76767057037756","-294.33865102570024","2053","2075","GW1","Low Demand","failed","high","medium","medium","medium","high","ok","medium","ok","ok","ok","medium",,"C1","C1: Below 1.5°C with no or limited overshoot",,,"22.703071287512973","53.106407442237035","23.739778460341814","7.333101524219842","874.7510133302159","1.305956979068437","1.589088975294962",
"1422","SHAPE-SSP1-1.5°C","IMAGE 3.3","Final Energy|Residential and Commercial","EJ/yr","[object Object]",2040,15.0605454101563,"1.589088975294962","1.305956979068437","2040","874.7510133302159","307.76767057037756","-294.33865102570024","2053","2075","GW1","Low Demand","failed","high","medium","medium","medium","high","ok","medium","ok","ok","ok","medium",,"C1","C1: Below 1.5°C with no or limited overshoot",,,"22.703071287512973","53.106407442237035","23.739778460341814","7.333101524219842","874.7510133302159","1.305956979068437","1.589088975294962",
"1422","SHAPE-SSP1-1.5°C","IMAGE 3.3","Final Energy|Residential and Commercial","EJ/yr","[object Object]",2045,14.5662680664063,"1.589088975294962","1.305956979068437","2040","874.7510133302159","307.76767057037756","-294.33865102570024","2053","2075","GW1","Low Demand","failed","high","medium","medium","medium","high","ok","medium","ok","ok","ok","medium",,"C1","C1: Below 1.5°C with no or limited overshoot",,,"22.703071287512973","53.106407442237035","23.739778460341814","7.333101524219842","874.7510133302159","1.305956979068437","1.589088975294962",
"1422","SHAPE-SSP1-1.5°C","IMAGE 3.3","Final Energy|Residential and Commercial","EJ/yr","[object Object]",2050,14.1305914916992,"1.589088975294962","1.305956979068437","2040","874.7510133302159","307.76767057037756","-294.33865102570024","2053","2075","GW1","Low Demand","failed","high","medium","medium","medium","high","ok","medium","ok","ok","ok","medium",,"C1","C1: Below 1.5°C with no or limited overshoot",,,"22.703071287512973","53.106407442237035","23.739778460341814","7.333101524219842","874.7510133302159","1.305956979068437","1.589088975294962",
"1422","SHAPE-SSP1-1.5°C","IMAGE 3.3","Final Energy|Residential and Commercial","EJ/yr","[object Object]",2060,13.6857632446289,"1.589088975294962","1.305956979068437","2040","874.7510133302159","307.76767057037756","-294.33865102570024","2053","2075","GW1","Low Demand","failed","high","medium","medium","medium","high","ok","medium","ok","ok","ok","medium",,"C1","C1: Below 1.5°C with no or limited overshoot",,,"22.703071287512973","53.106407442237035","23.739778460341814","7.333101524219842","874.7510133302159","1.305956979068437","1.589088975294962",
"1422","SHAPE-SSP1-1.5°C","IMAGE 3.3","Final Energy|Residential and Commercial","EJ/yr","[object Object]",2070,12.8904795532227,"1.589088975294962","1.305956979068437","2040","874.7510133302159","307.76767057037756","-294.33865102570024","2053","2075","GW1","Low Demand","failed","high","medium","medium","medium","high","ok","medium","ok","ok","ok","medium",,"C1","C1: Below 1.5°C with no or limited overshoot",,,"22.703071287512973","53.106407442237035","23.739778460341814","7.333101524219842","874.7510133302159","1.305956979068437","1.589088975294962",
"1422","SHAPE-SSP1-1.5°C","IMAGE 3.3","Final Energy|Residential and Commercial","EJ/yr","[object Object]",2080,12.3375405273437,"1.589088975294962","1.305956979068437","2040","874.7510133302159","307.76767057037756","-294.33865102570024","2053","2075","GW1","Low Demand","failed","high","medium","medium","medium","high","ok","medium","ok","ok","ok","medium",,"C1","C1: Below 1.5°C with no or limited overshoot",,,"22.703071287512973","53.106407442237035","23.739778460341814","7.333101524219842","874.7510133302159","1.305956979068437","1.589088975294962",
"1422","SHAPE-SSP1-1.5°C","IMAGE 3.3","Final Energy|Residential and Commercial","EJ/yr","[object Object]",2090,11.6265365600586,"1.589088975294962","1.305956979068437","2040","874.7510133302159","307.76767057037756","-294.33865102570024","2053","2075","GW1","Low Demand","failed","high","medium","medium","medium","high","ok","medium","ok","ok","ok","medium",,"C1","C1: Below 1.5°C with no or limited overshoot",,,"22.703071287512973","53.106407442237035","23.739778460341814","7.333101524219842","874.7510133302159","1.305956979068437","1.589088975294962",
"1422","SHAPE-SSP1-1.5°C","IMAGE 3.3","Final Energy|Residential and Commercial","EJ/yr","[object Object]",2100,11.0138860473633,"1.589088975294962","1.305956979068437","2040","874.7510133302159","307.76767057037756","-294.33865102570024","2053","2075","GW1","Low Demand","failed","high","medium","medium","medium","high","ok","medium","ok","ok","ok","medium",,"C1","C1: Below 1.5°C with no or limited overshoot",,,"22.703071287512973","53.106407442237035","23.739778460341814","7.333101524219842","874.7510133302159","1.305956979068437","1.589088975294962",
"1424","SHAPE-SSP2-1.5°C [with Climate Change Impacts]","IMAGE 3.3","Final Energy|Residential and Commercial","EJ/yr","[object Object]",2010,20.9442076873779,"1.550453822248813","1.288192281065207","2039","1250.5738578295197","339.92702875938784","-266.96024098470815","2050","2079","GW1","Carbon Capture and Storage","failed","high","medium","medium","medium","high","medium","medium","medium","ok","ok","medium",,"C1","C1: Below 1.5°C with no or limited overshoot",,,"17.208041030027633","54.82794698342468","26.28939400785393","5.62797051715458","1250.5738578295197","1.288192281065207","1.550453822248813",
"1424","SHAPE-SSP2-1.5°C [with Climate Change Impacts]","IMAGE 3.3","Final Energy|Residential and Commercial","EJ/yr","[object Object]",2015,20.538635925293,"1.550453822248813","1.288192281065207","2039","1250.5738578295197","339.92702875938784","-266.96024098470815","2050","2079","GW1","Carbon Capture and Storage","failed","high","medium","medium","medium","high","medium","medium","medium","ok","ok","medium",,"C1","C1: Below 1.5°C with no or limited overshoot",,,"17.208041030027633","54.82794698342468","26.28939400785393","5.62797051715458","1250.5738578295197","1.288192281065207","1.550453822248813",
"1424","SHAPE-SSP2-1.5°C [with Climate Change Impacts]","IMAGE 3.3","Final Energy|Residential and Commercial","EJ/yr","[object Object]",2020,19.6657000732422,"1.550453822248813","1.288192281065207","2039","1250.5738578295197","339.92702875938784","-266.96024098470815","2050","2079","GW1","Carbon Capture and Storage","failed","high","medium","medium","medium","high","medium","medium","medium","ok","ok","medium",,"C1","C1: Below 1.5°C with no or limited overshoot",,,"17.208041030027633","54.82794698342468","26.28939400785393","5.62797051715458","1250.5738578295197","1.288192281065207","1.550453822248813",
"1424","SHAPE-SSP2-1.5°C [with Climate Change Impacts]","IMAGE 3.3","Final Energy|Residential and Commercial","EJ/yr","[object Object]",2025,20.0201307373047,"1.550453822248813","1.288192281065207","2039","1250.5738578295197","339.92702875938784","-266.96024098470815","2050","2079","GW1","Carbon Capture and Storage","failed","high","medium","medium","medium","high","medium","medium","medium","ok","ok","medium",,"C1","C1: Below 1.5°C with no or limited overshoot",,,"17.208041030027633","54.82794698342468","26.28939400785393","5.62797051715458","1250.5738578295197","1.288192281065207","1.550453822248813",
"1424","SHAPE-SSP2-1.5°C [with Climate Change Impacts]","IMAGE 3.3","Final Energy|Residential and Commercial","EJ/yr","[object Object]",2030,19.4741785888672,"1.550453822248813","1.288192281065207","2039","1250.5738578295197","339.92702875938784","-266.96024098470815","2050","2079","GW1","Carbon Capture and Storage","failed","high","medium","medium","medium","high","medium","medium","medium","ok","ok","medium",,"C1","C1: Below 1.5°C with no or limited overshoot",,,"17.208041030027633","54.82794698342468","26.28939400785393","5.62797051715458","1250.5738578295197","1.288192281065207","1.550453822248813",
"1424","SHAPE-SSP2-1.5°C [with Climate Change Impacts]","IMAGE 3.3","Final Energy|Residential and Commercial","EJ/yr","[object Object]",2035,18.4897939453125,"1.550453822248813","1.288192281065207","2039","1250.5738578295197","339.92702875938784","-266.96024098470815","2050","2079","GW1","Carbon Capture and Storage","failed","high","medium","medium","medium","high","medium","medium","medium","ok","ok","medium",,"C1","C1: Below 1.5°C with no or limited overshoot",,,"17.208041030027633","54.82794698342468","26.28939400785393","5.62797051715458","1250.5738578295197","1.288192281065207","1.550453822248813",
"1424","SHAPE-SSP2-1.5°C [with Climate Change Impacts]","IMAGE 3.3","Final Energy|Residential and Commercial","EJ/yr","[object Object]",2040,18.0118259277344,"1.550453822248813","1.288192281065207","2039","1250.5738578295197","339.92702875938784","-266.96024098470815","2050","2079","GW1","Carbon Capture and Storage","failed","high","medium","medium","medium","high","medium","medium","medium","ok","ok","medium",,"C1","C1: Below 1.5°C with no or limited overshoot",,,"17.208041030027633","54.82794698342468","26.28939400785393","5.62797051715458","1250.5738578295197","1.288192281065207","1.550453822248813",
"1424","SHAPE-SSP2-1.5°C [with Climate Change Impacts]","IMAGE 3.3","Final Energy|Residential and Commercial","EJ/yr","[object Object]",2045,17.4638543701172,"1.550453822248813","1.288192281065207","2039","1250.5738578295197","339.92702875938784","-266.96024098470815","2050","2079","GW1","Carbon Capture and Storage","failed","high","medium","medium","medium","high","medium","medium","medium","ok","ok","medium",,"C1","C1: Below 1.5°C with no or limited overshoot",,,"17.208041030027633","54.82794698342468","26.28939400785393","5.62797051715458","1250.5738578295197","1.288192281065207","1.550453822248813",
"1424","SHAPE-SSP2-1.5°C [with Climate Change Impacts]","IMAGE 3.3","Final Energy|Residential and Commercial","EJ/yr","[object Object]",2050,17.0906978149414,"1.550453822248813","1.288192281065207","2039","1250.5738578295197","339.92702875938784","-266.96024098470815","2050","2079","GW1","Carbon Capture and Storage","failed","high","medium","medium","medium","high","medium","medium","medium","ok","ok","medium",,"C1","C1: Below 1.5°C with no or limited overshoot",,,"17.208041030027633","54.82794698342468","26.28939400785393","5.62797051715458","1250.5738578295197","1.288192281065207","1.550453822248813",
"1424","SHAPE-SSP2-1.5°C [with Climate Change Impacts]","IMAGE 3.3","Final Energy|Residential and Commercial","EJ/yr","[object Object]",2060,16.7020485229492,"1.550453822248813","1.288192281065207","2039","1250.5738578295197","339.92702875938784","-266.96024098470815","2050","2079","GW1","Carbon Capture and Storage","failed","high","medium","medium","medium","high","medium","medium","medium","ok","ok","medium",,"C1","C1: Below 1.5°C with no or limited overshoot",,,"17.208041030027633","54.82794698342468","26.28939400785393","5.62797051715458","1250.5738578295197","1.288192281065207","1.550453822248813",
"1424","SHAPE-SSP2-1.5°C [with Climate Change Impacts]","IMAGE 3.3","Final Energy|Residential and Commercial","EJ/yr","[object Object]",2070,16.5462314453125,"1.550453822248813","1.288192281065207","2039","1250.5738578295197","339.92702875938784","-266.96024098470815","2050","2079","GW1","Carbon Capture and Storage","failed","high","medium","medium","medium","high","medium","medium","medium","ok","ok","medium",,"C1","C1: Below 1.5°C with no or limited overshoot",,,"17.208041030027633","54.82794698342468","26.28939400785393","5.62797051715458","1250.5738578295197","1.288192281065207","1.550453822248813",
"1424","SHAPE-SSP2-1.5°C [with Climate Change Impacts]","IMAGE 3.3","Final Energy|Residential and Commercial","EJ/yr","[object Object]",2080,16.2700822143555,"1.550453822248813","1.288192281065207","2039","1250.5738578295197","339.92702875938784","-266.96024098470815","2050","2079","GW1","Carbon Capture and Storage","failed","high","medium","medium","medium","high","medium","medium","medium","ok","ok","medium",,"C1","C1: Below 1.5°C with no or limited overshoot",,,"17.208041030027633","54.82794698342468","26.28939400785393","5.62797051715458","1250.5738578295197","1.288192281065207","1.550453822248813",
"1424","SHAPE-SSP2-1.5°C [with Climate Change Impacts]","IMAGE 3.3","Final Energy|Residential and Commercial","EJ/yr","[object Object]",2090,15.8655607299805,"1.550453822248813","1.288192281065207","2039","1250.5738578295197","339.92702875938784","-266.96024098470815","2050","2079","GW1","Carbon Capture and Storage","failed","high","medium","medium","medium","high","medium","medium","medium","ok","ok","medium",,"C1","C1: Below 1.5°C with no or limited overshoot",,,"17.208041030027633","54.82794698342468","26.28939400785393","5.62797051715458","1250.5738578295197","1.288192281065207","1.550453822248813",
"1424","SHAPE-SSP2-1.5°C [with Climate Change Impacts]","IMAGE 3.3","Final Energy|Residential and Commercial","EJ/yr","[object Object]",2100,15.3156309204102,"1.550453822248813","1.288192281065207","2039","1250.5738578295197","339.92702875938784","-266.96024098470815","2050","2079","GW1","Carbon Capture and Storage","failed","high","medium","medium","medium","high","medium","medium","medium","ok","ok","medium",,"C1","C1: Below 1.5°C with no or limited overshoot",,,"17.208041030027633","54.82794698342468","26.28939400785393","5.62797051715458","1250.5738578295197","1.288192281065207","1.550453822248813",
"1426","SHAPE-SDP-EI-1.5°C [with Climate Change Impacts]","REMIND-MAgPIE 3.2-4.6","Final Energy|Residential and Commercial","EJ/yr","[object Object]",2010,20.084,"1.593216553618873","1.203216572827528","2047","322.88668055","517.0151977999999","-133.5892337","2056","2096","GW1","Rapid Fossil-Fuel Phase-Out","failed","medium","medium","ok","medium","ok","ok","medium","ok","ok","ok","medium",,"C1","C1: Below 1.5°C with no or limited overshoot",,,"51.48799201698824","14.480161120542261","33.070478068013806","6.275088012895637","322.88668055","1.203216572827528","1.593216553618873",
"1426","SHAPE-SDP-EI-1.5°C [with Climate Change Impacts]","REMIND-MAgPIE 3.2-4.6","Final Energy|Residential and Commercial","EJ/yr","[object Object]",2015,17.8593,"1.593216553618873","1.203216572827528","2047","322.88668055","517.0151977999999","-133.5892337","2056","2096","GW1","Rapid Fossil-Fuel Phase-Out","failed","medium","medium","ok","medium","ok","ok","medium","ok","ok","ok","medium",,"C1","C1: Below 1.5°C with no or limited overshoot",,,"51.48799201698824","14.480161120542261","33.070478068013806","6.275088012895637","322.88668055","1.203216572827528","1.593216553618873",
"1426","SHAPE-SDP-EI-1.5°C [with Climate Change Impacts]","REMIND-MAgPIE 3.2-4.6","Final Energy|Residential and Commercial","EJ/yr","[object Object]",2020,18.4104,"1.593216553618873","1.203216572827528","2047","322.88668055","517.0151977999999","-133.5892337","2056","2096","GW1","Rapid Fossil-Fuel Phase-Out","failed","medium","medium","ok","medium","ok","ok","medium","ok","ok","ok","medium",,"C1","C1: Below 1.5°C with no or limited overshoot",,,"51.48799201698824","14.480161120542261","33.070478068013806","6.275088012895637","322.88668055","1.203216572827528","1.593216553618873",
"1426","SHAPE-SDP-EI-1.5°C [with Climate Change Impacts]","REMIND-MAgPIE 3.2-4.6","Final Energy|Residential and Commercial","EJ/yr","[object Object]",2025,18.6859,"1.593216553618873","1.203216572827528","2047","322.88668055","517.0151977999999","-133.5892337","2056","2096","GW1","Rapid Fossil-Fuel Phase-Out","failed","medium","medium","ok","medium","ok","ok","medium","ok","ok","ok","medium",,"C1","C1: Below 1.5°C with no or limited overshoot",,,"51.48799201698824","14.480161120542261","33.070478068013806","6.275088012895637","322.88668055","1.203216572827528","1.593216553618873",
"1426","SHAPE-SDP-EI-1.5°C [with Climate Change Impacts]","REMIND-MAgPIE 3.2-4.6","Final Energy|Residential and Commercial","EJ/yr","[object Object]",2030,17.2482,"1.593216553618873","1.203216572827528","2047","322.88668055","517.0151977999999","-133.5892337","2056","2096","GW1","Rapid Fossil-Fuel Phase-Out","failed","medium","medium","ok","medium","ok","ok","medium","ok","ok","ok","medium",,"C1","C1: Below 1.5°C with no or limited overshoot",,,"51.48799201698824","14.480161120542261","33.070478068013806","6.275088012895637","322.88668055","1.203216572827528","1.593216553618873",
"1426","SHAPE-SDP-EI-1.5°C [with Climate Change Impacts]","REMIND-MAgPIE 3.2-4.6","Final Energy|Residential and Commercial","EJ/yr","[object Object]",2035,15.5402,"1.593216553618873","1.203216572827528","2047","322.88668055","517.0151977999999","-133.5892337","2056","2096","GW1","Rapid Fossil-Fuel Phase-Out","failed","medium","medium","ok","medium","ok","ok","medium","ok","ok","ok","medium",,"C1","C1: Below 1.5°C with no or limited overshoot",,,"51.48799201698824","14.480161120542261","33.070478068013806","6.275088012895637","322.88668055","1.203216572827528","1.593216553618873",
"1426","SHAPE-SDP-EI-1.5°C [with Climate Change Impacts]","REMIND-MAgPIE 3.2-4.6","Final Energy|Residential and Commercial","EJ/yr","[object Object]",2040,13.0737,"1.593216553618873","1.203216572827528","2047","322.88668055","517.0151977999999","-133.5892337","2056","2096","GW1","Rapid Fossil-Fuel Phase-Out","failed","medium","medium","ok","medium","ok","ok","medium","ok","ok","ok","medium",,"C1","C1: Below 1.5°C with no or limited overshoot",,,"51.48799201698824","14.480161120542261","33.070478068013806","6.275088012895637","322.88668055","1.203216572827528","1.593216553618873",
"1426","SHAPE-SDP-EI-1.5°C [with Climate Change Impacts]","REMIND-MAgPIE 3.2-4.6","Final Energy|Residential and Commercial","EJ/yr","[object Object]",2045,11.0018,"1.593216553618873","1.203216572827528","2047","322.88668055","517.0151977999999","-133.5892337","2056","2096","GW1","Rapid Fossil-Fuel Phase-Out","failed","medium","medium","ok","medium","ok","ok","medium","ok","ok","ok","medium",,"C1","C1: Below 1.5°C with no or limited overshoot",,,"51.48799201698824","14.480161120542261","33.070478068013806","6.275088012895637","322.88668055","1.203216572827528","1.593216553618873",
"1426","SHAPE-SDP-EI-1.5°C [with Climate Change Impacts]","REMIND-MAgPIE 3.2-4.6","Final Energy|Residential and Commercial","EJ/yr","[object Object]",2050,9.1706,"1.593216553618873","1.203216572827528","2047","322.88668055","517.0151977999999","-133.5892337","2056","2096","GW1","Rapid Fossil-Fuel Phase-Out","failed","medium","medium","ok","medium","ok","ok","medium","ok","ok","ok","medium",,"C1","C1: Below 1.5°C with no or limited overshoot",,,"51.48799201698824","14.480161120542261","33.070478068013806","6.275088012895637","322.88668055","1.203216572827528","1.593216553618873",
"1426","SHAPE-SDP-EI-1.5°C [with Climate Change Impacts]","REMIND-MAgPIE 3.2-4.6","Final Energy|Residential and Commercial","EJ/yr","[object Object]",2055,8.0723,"1.593216553618873","1.203216572827528","2047","322.88668055","517.0151977999999","-133.5892337","2056","2096","GW1","Rapid Fossil-Fuel Phase-Out","failed","medium","medium","ok","medium","ok","ok","medium","ok","ok","ok","medium",,"C1","C1: Below 1.5°C with no or limited overshoot",,,"51.48799201698824","14.480161120542261","33.070478068013806","6.275088012895637","322.88668055","1.203216572827528","1.593216553618873",
"1426","SHAPE-SDP-EI-1.5°C [with Climate Change Impacts]","REMIND-MAgPIE 3.2-4.6","Final Energy|Residential and Commercial","EJ/yr","[object Object]",2060,7.3856,"1.593216553618873","1.203216572827528","2047","322.88668055","517.0151977999999","-133.5892337","2056","2096","GW1","Rapid Fossil-Fuel Phase-Out","failed","medium","medium","ok","medium","ok","ok","medium","ok","ok","ok","medium",,"C1","C1: Below 1.5°C with no or limited overshoot",,,"51.48799201698824","14.480161120542261","33.070478068013806","6.275088012895637","322.88668055","1.203216572827528","1.593216553618873",
"1426","SHAPE-SDP-EI-1.5°C [with Climate Change Impacts]","REMIND-MAgPIE 3.2-4.6","Final Energy|Residential and Commercial","EJ/yr","[object Object]",2070,6.641,"1.593216553618873","1.203216572827528","2047","322.88668055","517.0151977999999","-133.5892337","2056","2096","GW1","Rapid Fossil-Fuel Phase-Out","failed","medium","medium","ok","medium","ok","ok","medium","ok","ok","ok","medium",,"C1","C1: Below 1.5°C with no or limited overshoot",,,"51.48799201698824","14.480161120542261","33.070478068013806","6.275088012895637","322.88668055","1.203216572827528","1.593216553618873",
"1426","SHAPE-SDP-EI-1.5°C [with Climate Change Impacts]","REMIND-MAgPIE 3.2-4.6","Final Energy|Residential and Commercial","EJ/yr","[object Object]",2080,6.6062,"1.593216553618873","1.203216572827528","2047","322.88668055","517.0151977999999","-133.5892337","2056","2096","GW1","Rapid Fossil-Fuel Phase-Out","failed","medium","medium","ok","medium","ok","ok","medium","ok","ok","ok","medium",,"C1","C1: Below 1.5°C with no or limited overshoot",,,"51.48799201698824","14.480161120542261","33.070478068013806","6.275088012895637","322.88668055","1.203216572827528","1.593216553618873",
"1426","SHAPE-SDP-EI-1.5°C [with Climate Change Impacts]","REMIND-MAgPIE 3.2-4.6","Final Energy|Residential and Commercial","EJ/yr","[object Object]",2090,6.5255,"1.593216553618873","1.203216572827528","2047","322.88668055","517.0151977999999","-133.5892337","2056","2096","GW1","Rapid Fossil-Fuel Phase-Out","failed","medium","medium","ok","medium","ok","ok","medium","ok","ok","ok","medium",,"C1","C1: Below 1.5°C with no or limited overshoot",,,"51.48799201698824","14.480161120542261","33.070478068013806","6.275088012895637","322.88668055","1.203216572827528","1.593216553618873",
"1426","SHAPE-SDP-EI-1.5°C [with Climate Change Impacts]","REMIND-MAgPIE 3.2-4.6","Final Energy|Residential and Commercial","EJ/yr","[object Object]",2100,6.2734,"1.593216553618873","1.203216572827528","2047","322.88668055","517.0151977999999","-133.5892337","2056","2096","GW1","Rapid Fossil-Fuel Phase-Out","failed","medium","medium","ok","medium","ok","ok","medium","ok","ok","ok","medium",,"C1","C1: Below 1.5°C with no or limited overshoot",,,"51.48799201698824","14.480161120542261","33.070478068013806","6.275088012895637","322.88668055","1.203216572827528","1.593216553618873",
"1427","SHAPE-SDP-MC-1.5°C [with Climate Change Impacts]","REMIND-MAgPIE 3.2-4.6","Final Energy|Residential and Commercial","EJ/yr","[object Object]",2010,20.084,"1.607334112509135","1.130003924596352","2038","214.3115224","588.5670461999998","-63.076081900000005","2066","2095","GW1","Low Demand and Decarbonization","failed","medium","ok","ok","ok","ok","ok","ok","ok","ok","ok","ok",,"C1","C1: Below 1.5°C with no or limited overshoot",,,"48.346833550415795","14.447672850305587","35.98739123397893","5.646577433695626","214.3115224","1.130003924596352","1.607334112509135",
"1427","SHAPE-SDP-MC-1.5°C [with Climate Change Impacts]","REMIND-MAgPIE 3.2-4.6","Final Energy|Residential and Commercial","EJ/yr","[object Object]",2015,17.8593,"1.607334112509135","1.130003924596352","2038","214.3115224","588.5670461999998","-63.076081900000005","2066","2095","GW1","Low Demand and Decarbonization","failed","medium","ok","ok","ok","ok","ok","ok","ok","ok","ok","ok",,"C1","C1: Below 1.5°C with no or limited overshoot",,,"48.346833550415795","14.447672850305587","35.98739123397893","5.646577433695626","214.3115224","1.130003924596352","1.607334112509135",
"1427","SHAPE-SDP-MC-1.5°C [with Climate Change Impacts]","REMIND-MAgPIE 3.2-4.6","Final Energy|Residential and Commercial","EJ/yr","[object Object]",2020,18.4104,"1.607334112509135","1.130003924596352","2038","214.3115224","588.5670461999998","-63.076081900000005","2066","2095","GW1","Low Demand and Decarbonization","failed","medium","ok","ok","ok","ok","ok","ok","ok","ok","ok","ok",,"C1","C1: Below 1.5°C with no or limited overshoot",,,"48.346833550415795","14.447672850305587","35.98739123397893","5.646577433695626","214.3115224","1.130003924596352","1.607334112509135",
"1427","SHAPE-SDP-MC-1.5°C [with Climate Change Impacts]","REMIND-MAgPIE 3.2-4.6","Final Energy|Residential and Commercial","EJ/yr","[object Object]",2025,18.7998,"1.607334112509135","1.130003924596352","2038","214.3115224","588.5670461999998","-63.076081900000005","2066","2095","GW1","Low Demand and Decarbonization","failed","medium","ok","ok","ok","ok","ok","ok","ok","ok","ok","ok",,"C1","C1: Below 1.5°C with no or limited overshoot",,,"48.346833550415795","14.447672850305587","35.98739123397893","5.646577433695626","214.3115224","1.130003924596352","1.607334112509135",
"1427","SHAPE-SDP-MC-1.5°C [with Climate Change Impacts]","REMIND-MAgPIE 3.2-4.6","Final Energy|Residential and Commercial","EJ/yr","[object Object]",2030,16.3953,"1.607334112509135","1.130003924596352","2038","214.3115224","588.5670461999998","-63.076081900000005","2066","2095","GW1","Low Demand and Decarbonization","failed","medium","ok","ok","ok","ok","ok","ok","ok","ok","ok","ok",,"C1","C1: Below 1.5°C with no or limited overshoot",,,"48.346833550415795","14.447672850305587","35.98739123397893","5.646577433695626","214.3115224","1.130003924596352","1.607334112509135",
"1427","SHAPE-SDP-MC-1.5°C [with Climate Change Impacts]","REMIND-MAgPIE 3.2-4.6","Final Energy|Residential and Commercial","EJ/yr","[object Object]",2035,13.944,"1.607334112509135","1.130003924596352","2038","214.3115224","588.5670461999998","-63.076081900000005","2066","2095","GW1","Low Demand and Decarbonization","failed","medium","ok","ok","ok","ok","ok","ok","ok","ok","ok","ok",,"C1","C1: Below 1.5°C with no or limited overshoot",,,"48.346833550415795","14.447672850305587","35.98739123397893","5.646577433695626","214.3115224","1.130003924596352","1.607334112509135",
"1427","SHAPE-SDP-MC-1.5°C [with Climate Change Impacts]","REMIND-MAgPIE 3.2-4.6","Final Energy|Residential and Commercial","EJ/yr","[object Object]",2040,11.21,"1.607334112509135","1.130003924596352","2038","214.3115224","588.5670461999998","-63.076081900000005","2066","2095","GW1","Low Demand and Decarbonization","failed","medium","ok","ok","ok","ok","ok","ok","ok","ok","ok","ok",,"C1","C1: Below 1.5°C with no or limited overshoot",,,"48.346833550415795","14.447672850305587","35.98739123397893","5.646577433695626","214.3115224","1.130003924596352","1.607334112509135",
"1427","SHAPE-SDP-MC-1.5°C [with Climate Change Impacts]","REMIND-MAgPIE 3.2-4.6","Final Energy|Residential and Commercial","EJ/yr","[object Object]",2045,9.0108,"1.607334112509135","1.130003924596352","2038","214.3115224","588.5670461999998","-63.076081900000005","2066","2095","GW1","Low Demand and Decarbonization","failed","medium","ok","ok","ok","ok","ok","ok","ok","ok","ok","ok",,"C1","C1: Below 1.5°C with no or limited overshoot",,,"48.346833550415795","14.447672850305587","35.98739123397893","5.646577433695626","214.3115224","1.130003924596352","1.607334112509135",
"1427","SHAPE-SDP-MC-1.5°C [with Climate Change Impacts]","REMIND-MAgPIE 3.2-4.6","Final Energy|Residential and Commercial","EJ/yr","[object Object]",2050,7.4478,"1.607334112509135","1.130003924596352","2038","214.3115224","588.5670461999998","-63.076081900000005","2066","2095","GW1","Low Demand and Decarbonization","failed","medium","ok","ok","ok","ok","ok","ok","ok","ok","ok","ok",,"C1","C1: Below 1.5°C with no or limited overshoot",,,"48.346833550415795","14.447672850305587","35.98739123397893","5.646577433695626","214.3115224","1.130003924596352","1.607334112509135",
"1427","SHAPE-SDP-MC-1.5°C [with Climate Change Impacts]","REMIND-MAgPIE 3.2-4.6","Final Energy|Residential and Commercial","EJ/yr","[object Object]",2055,6.3564,"1.607334112509135","1.130003924596352","2038","214.3115224","588.5670461999998","-63.076081900000005","2066","2095","GW1","Low Demand and Decarbonization","failed","medium","ok","ok","ok","ok","ok","ok","ok","ok","ok","ok",,"C1","C1: Below 1.5°C with no or limited overshoot",,,"48.346833550415795","14.447672850305587","35.98739123397893","5.646577433695626","214.3115224","1.130003924596352","1.607334112509135",
"1427","SHAPE-SDP-MC-1.5°C [with Climate Change Impacts]","REMIND-MAgPIE 3.2-4.6","Final Energy|Residential and Commercial","EJ/yr","[object Object]",2060,5.6366,"1.607334112509135","1.130003924596352","2038","214.3115224","588.5670461999998","-63.076081900000005","2066","2095","GW1","Low Demand and Decarbonization","failed","medium","ok","ok","ok","ok","ok","ok","ok","ok","ok","ok",,"C1","C1: Below 1.5°C with no or limited overshoot",,,"48.346833550415795","14.447672850305587","35.98739123397893","5.646577433695626","214.3115224","1.130003924596352","1.607334112509135",
"1427","SHAPE-SDP-MC-1.5°C [with Climate Change Impacts]","REMIND-MAgPIE 3.2-4.6","Final Energy|Residential and Commercial","EJ/yr","[object Object]",2070,4.9545,"1.607334112509135","1.130003924596352","2038","214.3115224","588.5670461999998","-63.076081900000005","2066","2095","GW1","Low Demand and Decarbonization","failed","medium","ok","ok","ok","ok","ok","ok","ok","ok","ok","ok",,"C1","C1: Below 1.5°C with no or limited overshoot",,,"48.346833550415795","14.447672850305587","35.98739123397893","5.646577433695626","214.3115224","1.130003924596352","1.607334112509135",
"1427","SHAPE-SDP-MC-1.5°C [with Climate Change Impacts]","REMIND-MAgPIE 3.2-4.6","Final Energy|Residential and Commercial","EJ/yr","[object Object]",2080,4.7751,"1.607334112509135","1.130003924596352","2038","214.3115224","588.5670461999998","-63.076081900000005","2066","2095","GW1","Low Demand and Decarbonization","failed","medium","ok","ok","ok","ok","ok","ok","ok","ok","ok","ok",,"C1","C1: Below 1.5°C with no or limited overshoot",,,"48.346833550415795","14.447672850305587","35.98739123397893","5.646577433695626","214.3115224","1.130003924596352","1.607334112509135",
"1427","SHAPE-SDP-MC-1.5°C [with Climate Change Impacts]","REMIND-MAgPIE 3.2-4.6","Final Energy|Residential and Commercial","EJ/yr","[object Object]",2090,4.5519,"1.607334112509135","1.130003924596352","2038","214.3115224","588.5670461999998","-63.076081900000005","2066","2095","GW1","Low Demand and Decarbonization","failed","medium","ok","ok","ok","ok","ok","ok","ok","ok","ok","ok",,"C1","C1: Below 1.5°C with no or limited overshoot",,,"48.346833550415795","14.447672850305587","35.98739123397893","5.646577433695626","214.3115224","1.130003924596352","1.607334112509135",
"1427","SHAPE-SDP-MC-1.5°C [with Climate Change Impacts]","REMIND-MAgPIE 3.2-4.6","Final Energy|Residential and Commercial","EJ/yr","[object Object]",2100,4.302,"1.607334112509135","1.130003924596352","2038","214.3115224","588.5670461999998","-63.076081900000005","2066","2095","GW1","Low Demand and Decarbonization","failed","medium","ok","ok","ok","ok","ok","ok","ok","ok","ok","ok",,"C1","C1: Below 1.5°C with no or limited overshoot",,,"48.346833550415795","14.447672850305587","35.98739123397893","5.646577433695626","214.3115224","1.130003924596352","1.607334112509135",
"1428","SHAPE-SDP-RC-1.5°C [with Climate Change Impacts]","REMIND-MAgPIE 3.2-4.6","Final Energy|Residential and Commercial","EJ/yr","[object Object]",2010,20.084,"1.555070603245613","1.137121351226279","2039","135.2320228","611.0752984000001","-42.064174879999996","2068",,"GW1","Low Demand and Decarbonization","failed","medium","ok","ok","ok","ok","ok","ok","ok","ok","ok","ok",,"C1","C1: Below 1.5°C with no or limited overshoot",,,"50.133563796354494","10.914126335637965","37.71095223130107","4.172202426980007","135.2320228","1.137121351226279","1.555070603245613",
"1428","SHAPE-SDP-RC-1.5°C [with Climate Change Impacts]","REMIND-MAgPIE 3.2-4.6","Final Energy|Residential and Commercial","EJ/yr","[object Object]",2015,17.8593,"1.555070603245613","1.137121351226279","2039","135.2320228","611.0752984000001","-42.064174879999996","2068",,"GW1","Low Demand and Decarbonization","failed","medium","ok","ok","ok","ok","ok","ok","ok","ok","ok","ok",,"C1","C1: Below 1.5°C with no or limited overshoot",,,"50.133563796354494","10.914126335637965","37.71095223130107","4.172202426980007","135.2320228","1.137121351226279","1.555070603245613",
"1428","SHAPE-SDP-RC-1.5°C [with Climate Change Impacts]","REMIND-MAgPIE 3.2-4.6","Final Energy|Residential and Commercial","EJ/yr","[object Object]",2020,18.4104,"1.555070603245613","1.137121351226279","2039","135.2320228","611.0752984000001","-42.064174879999996","2068",,"GW1","Low Demand and Decarbonization","failed","medium","ok","ok","ok","ok","ok","ok","ok","ok","ok","ok",,"C1","C1: Below 1.5°C with no or limited overshoot",,,"50.133563796354494","10.914126335637965","37.71095223130107","4.172202426980007","135.2320228","1.137121351226279","1.555070603245613",
"1428","SHAPE-SDP-RC-1.5°C [with Climate Change Impacts]","REMIND-MAgPIE 3.2-4.6","Final Energy|Residential and Commercial","EJ/yr","[object Object]",2025,18.6068,"1.555070603245613","1.137121351226279","2039","135.2320228","611.0752984000001","-42.064174879999996","2068",,"GW1","Low Demand and Decarbonization","failed","medium","ok","ok","ok","ok","ok","ok","ok","ok","ok","ok",,"C1","C1: Below 1.5°C with no or limited overshoot",,,"50.133563796354494","10.914126335637965","37.71095223130107","4.172202426980007","135.2320228","1.137121351226279","1.555070603245613",
"1428","SHAPE-SDP-RC-1.5°C [with Climate Change Impacts]","REMIND-MAgPIE 3.2-4.6","Final Energy|Residential and Commercial","EJ/yr","[object Object]",2030,16.0887,"1.555070603245613","1.137121351226279","2039","135.2320228","611.0752984000001","-42.064174879999996","2068",,"GW1","Low Demand and Decarbonization","failed","medium","ok","ok","ok","ok","ok","ok","ok","ok","ok","ok",,"C1","C1: Below 1.5°C with no or limited overshoot",,,"50.133563796354494","10.914126335637965","37.71095223130107","4.172202426980007","135.2320228","1.137121351226279","1.555070603245613",
"1428","SHAPE-SDP-RC-1.5°C [with Climate Change Impacts]","REMIND-MAgPIE 3.2-4.6","Final Energy|Residential and Commercial","EJ/yr","[object Object]",2035,13.8053,"1.555070603245613","1.137121351226279","2039","135.2320228","611.0752984000001","-42.064174879999996","2068",,"GW1","Low Demand and Decarbonization","failed","medium","ok","ok","ok","ok","ok","ok","ok","ok","ok","ok",,"C1","C1: Below 1.5°C with no or limited overshoot",,,"50.133563796354494","10.914126335637965","37.71095223130107","4.172202426980007","135.2320228","1.137121351226279","1.555070603245613",
"1428","SHAPE-SDP-RC-1.5°C [with Climate Change Impacts]","REMIND-MAgPIE 3.2-4.6","Final Energy|Residential and Commercial","EJ/yr","[object Object]",2040,11.0958,"1.555070603245613","1.137121351226279","2039","135.2320228","611.0752984000001","-42.064174879999996","2068",,"GW1","Low Demand and Decarbonization","failed","medium","ok","ok","ok","ok","ok","ok","ok","ok","ok","ok",,"C1","C1: Below 1.5°C with no or limited overshoot",,,"50.133563796354494","10.914126335637965","37.71095223130107","4.172202426980007","135.2320228","1.137121351226279","1.555070603245613",
"1428","SHAPE-SDP-RC-1.5°C [with Climate Change Impacts]","REMIND-MAgPIE 3.2-4.6","Final Energy|Residential and Commercial","EJ/yr","[object Object]",2045,8.7848,"1.555070603245613","1.137121351226279","2039","135.2320228","611.0752984000001","-42.064174879999996","2068",,"GW1","Low Demand and Decarbonization","failed","medium","ok","ok","ok","ok","ok","ok","ok","ok","ok","ok",,"C1","C1: Below 1.5°C with no or limited overshoot",,,"50.133563796354494","10.914126335637965","37.71095223130107","4.172202426980007","135.2320228","1.137121351226279","1.555070603245613",
"1428","SHAPE-SDP-RC-1.5°C [with Climate Change Impacts]","REMIND-MAgPIE 3.2-4.6","Final Energy|Residential and Commercial","EJ/yr","[object Object]",2050,6.9625,"1.555070603245613","1.137121351226279","2039","135.2320228","611.0752984000001","-42.064174879999996","2068",,"GW1","Low Demand and Decarbonization","failed","medium","ok","ok","ok","ok","ok","ok","ok","ok","ok","ok",,"C1","C1: Below 1.5°C with no or limited overshoot",,,"50.133563796354494","10.914126335637965","37.71095223130107","4.172202426980007","135.2320228","1.137121351226279","1.555070603245613",
"1428","SHAPE-SDP-RC-1.5°C [with Climate Change Impacts]","REMIND-MAgPIE 3.2-4.6","Final Energy|Residential and Commercial","EJ/yr","[object Object]",2055,5.8507,"1.555070603245613","1.137121351226279","2039","135.2320228","611.0752984000001","-42.064174879999996","2068",,"GW1","Low Demand and Decarbonization","failed","medium","ok","ok","ok","ok","ok","ok","ok","ok","ok","ok",,"C1","C1: Below 1.5°C with no or limited overshoot",,,"50.133563796354494","10.914126335637965","37.71095223130107","4.172202426980007","135.2320228","1.137121351226279","1.555070603245613",
"1428","SHAPE-SDP-RC-1.5°C [with Climate Change Impacts]","REMIND-MAgPIE 3.2-4.6","Final Energy|Residential and Commercial","EJ/yr","[object Object]",2060,5.1119,"1.555070603245613","1.137121351226279","2039","135.2320228","611.0752984000001","-42.064174879999996","2068",,"GW1","Low Demand and Decarbonization","failed","medium","ok","ok","ok","ok","ok","ok","ok","ok","ok","ok",,"C1","C1: Below 1.5°C with no or limited overshoot",,,"50.133563796354494","10.914126335637965","37.71095223130107","4.172202426980007","135.2320228","1.137121351226279","1.555070603245613",
"1428","SHAPE-SDP-RC-1.5°C [with Climate Change Impacts]","REMIND-MAgPIE 3.2-4.6","Final Energy|Residential and Commercial","EJ/yr","[object Object]",2070,4.2547,"1.555070603245613","1.137121351226279","2039","135.2320228","611.0752984000001","-42.064174879999996","2068",,"GW1","Low Demand and Decarbonization","failed","medium","ok","ok","ok","ok","ok","ok","ok","ok","ok","ok",,"C1","C1: Below 1.5°C with no or limited overshoot",,,"50.133563796354494","10.914126335637965","37.71095223130107","4.172202426980007","135.2320228","1.137121351226279","1.555070603245613",
"1428","SHAPE-SDP-RC-1.5°C [with Climate Change Impacts]","REMIND-MAgPIE 3.2-4.6","Final Energy|Residential and Commercial","EJ/yr","[object Object]",2080,3.947,"1.555070603245613","1.137121351226279","2039","135.2320228","611.0752984000001","-42.064174879999996","2068",,"GW1","Low Demand and Decarbonization","failed","medium","ok","ok","ok","ok","ok","ok","ok","ok","ok","ok",,"C1","C1: Below 1.5°C with no or limited overshoot",,,"50.133563796354494","10.914126335637965","37.71095223130107","4.172202426980007","135.2320228","1.137121351226279","1.555070603245613",
"1428","SHAPE-SDP-RC-1.5°C [with Climate Change Impacts]","REMIND-MAgPIE 3.2-4.6","Final Energy|Residential and Commercial","EJ/yr","[object Object]",2090,3.7059,"1.555070603245613","1.137121351226279","2039","135.2320228","611.0752984000001","-42.064174879999996","2068",,"GW1","Low Demand and Decarbonization","failed","medium","ok","ok","ok","ok","ok","ok","ok","ok","ok","ok",,"C1","C1: Below 1.5°C with no or limited overshoot",,,"50.133563796354494","10.914126335637965","37.71095223130107","4.172202426980007","135.2320228","1.137121351226279","1.555070603245613",
"1428","SHAPE-SDP-RC-1.5°C [with Climate Change Impacts]","REMIND-MAgPIE 3.2-4.6","Final Energy|Residential and Commercial","EJ/yr","[object Object]",2100,3.3696,"1.555070603245613","1.137121351226279","2039","135.2320228","611.0752984000001","-42.064174879999996","2068",,"GW1","Low Demand and Decarbonization","failed","medium","ok","ok","ok","ok","ok","ok","ok","ok","ok","ok",,"C1","C1: Below 1.5°C with no or limited overshoot",,,"50.133563796354494","10.914126335637965","37.71095223130107","4.172202426980007","135.2320228","1.137121351226279","1.555070603245613",
"1429","SHAPE-SSP1-1.5°C","REMIND-MAgPIE 3.2-4.6","Final Energy|Residential and Commercial","EJ/yr","[object Object]",2010,20.084,"1.617028551323297","1.213009039580329","2048","258.11476065","549.0517687000001","-100.12409904","2062","2092","GW1","Rapid Fossil-Fuel Phase-Out","failed","medium","ok","ok","ok","ok","ok","ok","ok","ok","ok","medium",,"C1","C1: Below 1.5°C with no or limited overshoot",,,"46.667537614039674","18.200933780004917","34.14829123235943","6.0290271000175295","258.11476065","1.213009039580329","1.617028551323297",
"1429","SHAPE-SSP1-1.5°C","REMIND-MAgPIE 3.2-4.6","Final Energy|Residential and Commercial","EJ/yr","[object Object]",2015,17.8593,"1.617028551323297","1.213009039580329","2048","258.11476065","549.0517687000001","-100.12409904","2062","2092","GW1","Rapid Fossil-Fuel Phase-Out","failed","medium","ok","ok","ok","ok","ok","ok","ok","ok","ok","medium",,"C1","C1: Below 1.5°C with no or limited overshoot",,,"46.667537614039674","18.200933780004917","34.14829123235943","6.0290271000175295","258.11476065","1.213009039580329","1.617028551323297",
"1429","SHAPE-SSP1-1.5°C","REMIND-MAgPIE 3.2-4.6","Final Energy|Residential and Commercial","EJ/yr","[object Object]",2020,18.4104,"1.617028551323297","1.213009039580329","2048","258.11476065","549.0517687000001","-100.12409904","2062","2092","GW1","Rapid Fossil-Fuel Phase-Out","failed","medium","ok","ok","ok","ok","ok","ok","ok","ok","ok","medium",,"C1","C1: Below 1.5°C with no or limited overshoot",,,"46.667537614039674","18.200933780004917","34.14829123235943","6.0290271000175295","258.11476065","1.213009039580329","1.617028551323297",
"1429","SHAPE-SSP1-1.5°C","REMIND-MAgPIE 3.2-4.6","Final Energy|Residential and Commercial","EJ/yr","[object Object]",2025,19.0893,"1.617028551323297","1.213009039580329","2048","258.11476065","549.0517687000001","-100.12409904","2062","2092","GW1","Rapid Fossil-Fuel Phase-Out","failed","medium","ok","ok","ok","ok","ok","ok","ok","ok","ok","medium",,"C1","C1: Below 1.5°C with no or limited overshoot",,,"46.667537614039674","18.200933780004917","34.14829123235943","6.0290271000175295","258.11476065","1.213009039580329","1.617028551323297",
"1429","SHAPE-SSP1-1.5°C","REMIND-MAgPIE 3.2-4.6","Final Energy|Residential and Commercial","EJ/yr","[object Object]",2030,17.1945,"1.617028551323297","1.213009039580329","2048","258.11476065","549.0517687000001","-100.12409904","2062","2092","GW1","Rapid Fossil-Fuel Phase-Out","failed","medium","ok","ok","ok","ok","ok","ok","ok","ok","ok","medium",,"C1","C1: Below 1.5°C with no or limited overshoot",,,"46.667537614039674","18.200933780004917","34.14829123235943","6.0290271000175295","258.11476065","1.213009039580329","1.617028551323297",
"1429","SHAPE-SSP1-1.5°C","REMIND-MAgPIE 3.2-4.6","Final Energy|Residential and Commercial","EJ/yr","[object Object]",2035,15.7415,"1.617028551323297","1.213009039580329","2048","258.11476065","549.0517687000001","-100.12409904","2062","2092","GW1","Rapid Fossil-Fuel Phase-Out","failed","medium","ok","ok","ok","ok","ok","ok","ok","ok","ok","medium",,"C1","C1: Below 1.5°C with no or limited overshoot",,,"46.667537614039674","18.200933780004917","34.14829123235943","6.0290271000175295","258.11476065","1.213009039580329","1.617028551323297",
"1429","SHAPE-SSP1-1.5°C","REMIND-MAgPIE 3.2-4.6","Final Energy|Residential and Commercial","EJ/yr","[object Object]",2040,13.6605,"1.617028551323297","1.213009039580329","2048","258.11476065","549.0517687000001","-100.12409904","2062","2092","GW1","Rapid Fossil-Fuel Phase-Out","failed","medium","ok","ok","ok","ok","ok","ok","ok","ok","ok","medium",,"C1","C1: Below 1.5°C with no or limited overshoot",,,"46.667537614039674","18.200933780004917","34.14829123235943","6.0290271000175295","258.11476065","1.213009039580329","1.617028551323297",
"1429","SHAPE-SSP1-1.5°C","REMIND-MAgPIE 3.2-4.6","Final Energy|Residential and Commercial","EJ/yr","[object Object]",2045,11.6012,"1.617028551323297","1.213009039580329","2048","258.11476065","549.0517687000001","-100.12409904","2062","2092","GW1","Rapid Fossil-Fuel Phase-Out","failed","medium","ok","ok","ok","ok","ok","ok","ok","ok","ok","medium",,"C1","C1: Below 1.5°C with no or limited overshoot",,,"46.667537614039674","18.200933780004917","34.14829123235943","6.0290271000175295","258.11476065","1.213009039580329","1.617028551323297",
"1429","SHAPE-SSP1-1.5°C","REMIND-MAgPIE 3.2-4.6","Final Energy|Residential and Commercial","EJ/yr","[object Object]",2050,9.8714,"1.617028551323297","1.213009039580329","2048","258.11476065","549.0517687000001","-100.12409904","2062","2092","GW1","Rapid Fossil-Fuel Phase-Out","failed","medium","ok","ok","ok","ok","ok","ok","ok","ok","ok","medium",,"C1","C1: Below 1.5°C with no or limited overshoot",,,"46.667537614039674","18.200933780004917","34.14829123235943","6.0290271000175295","258.11476065","1.213009039580329","1.617028551323297",
"1429","SHAPE-SSP1-1.5°C","REMIND-MAgPIE 3.2-4.6","Final Energy|Residential and Commercial","EJ/yr","[object Object]",2055,8.662,"1.617028551323297","1.213009039580329","2048","258.11476065","549.0517687000001","-100.12409904","2062","2092","GW1","Rapid Fossil-Fuel Phase-Out","failed","medium","ok","ok","ok","ok","ok","ok","ok","ok","ok","medium",,"C1","C1: Below 1.5°C with no or limited overshoot",,,"46.667537614039674","18.200933780004917","34.14829123235943","6.0290271000175295","258.11476065","1.213009039580329","1.617028551323297",
"1429","SHAPE-SSP1-1.5°C","REMIND-MAgPIE 3.2-4.6","Final Energy|Residential and Commercial","EJ/yr","[object Object]",2060,8.2061,"1.617028551323297","1.213009039580329","2048","258.11476065","549.0517687000001","-100.12409904","2062","2092","GW1","Rapid Fossil-Fuel Phase-Out","failed","medium","ok","ok","ok","ok","ok","ok","ok","ok","ok","medium",,"C1","C1: Below 1.5°C with no or limited overshoot",,,"46.667537614039674","18.200933780004917","34.14829123235943","6.0290271000175295","258.11476065","1.213009039580329","1.617028551323297",
"1429","SHAPE-SSP1-1.5°C","REMIND-MAgPIE 3.2-4.6","Final Energy|Residential and Commercial","EJ/yr","[object Object]",2070,7.5654,"1.617028551323297","1.213009039580329","2048","258.11476065","549.0517687000001","-100.12409904","2062","2092","GW1","Rapid Fossil-Fuel Phase-Out","failed","medium","ok","ok","ok","ok","ok","ok","ok","ok","ok","medium",,"C1","C1: Below 1.5°C with no or limited overshoot",,,"46.667537614039674","18.200933780004917","34.14829123235943","6.0290271000175295","258.11476065","1.213009039580329","1.617028551323297",
"1429","SHAPE-SSP1-1.5°C","REMIND-MAgPIE 3.2-4.6","Final Energy|Residential and Commercial","EJ/yr","[object Object]",2080,7.5759,"1.617028551323297","1.213009039580329","2048","258.11476065","549.0517687000001","-100.12409904","2062","2092","GW1","Rapid Fossil-Fuel Phase-Out","failed","medium","ok","ok","ok","ok","ok","ok","ok","ok","ok","medium",,"C1","C1: Below 1.5°C with no or limited overshoot",,,"46.667537614039674","18.200933780004917","34.14829123235943","6.0290271000175295","258.11476065","1.213009039580329","1.617028551323297",
"1429","SHAPE-SSP1-1.5°C","REMIND-MAgPIE 3.2-4.6","Final Energy|Residential and Commercial","EJ/yr","[object Object]",2090,7.4817,"1.617028551323297","1.213009039580329","2048","258.11476065","549.0517687000001","-100.12409904","2062","2092","GW1","Rapid Fossil-Fuel Phase-Out","failed","medium","ok","ok","ok","ok","ok","ok","ok","ok","ok","medium",,"C1","C1: Below 1.5°C with no or limited overshoot",,,"46.667537614039674","18.200933780004917","34.14829123235943","6.0290271000175295","258.11476065","1.213009039580329","1.617028551323297",
"1429","SHAPE-SSP1-1.5°C","REMIND-MAgPIE 3.2-4.6","Final Energy|Residential and Commercial","EJ/yr","[object Object]",2100,7.1709,"1.617028551323297","1.213009039580329","2048","258.11476065","549.0517687000001","-100.12409904","2062","2092","GW1","Rapid Fossil-Fuel Phase-Out","failed","medium","ok","ok","ok","ok","ok","ok","ok","ok","ok","medium",,"C1","C1: Below 1.5°C with no or limited overshoot",,,"46.667537614039674","18.200933780004917","34.14829123235943","6.0290271000175295","258.11476065","1.213009039580329","1.617028551323297",
"1441","RESCUE-Peak-Budget-500","REMIND-MAgPIE 3.2.0-4.8.0","Final Energy|Residential and Commercial","EJ/yr","[object Object]",2010,22.3211237,"1.612406407669368","1.473631153376386","2039","383.34425546675","506.02387894074997","-51.79567441789","2042",,"GW1",,"failed","high","medium","medium","medium","ok","ok","medium","ok","ok","ok","medium",,"C2","C2: Below 1.5°C with high OS",,,"54.85389375105421","7.239517952969586","37.31405832338265","2.4594971830153867","383.34425546675","1.473631153376386","1.612406407669368",
"1441","RESCUE-Peak-Budget-500","REMIND-MAgPIE 3.2.0-4.8.0","Final Energy|Residential and Commercial","EJ/yr","[object Object]",2015,20.046375,"1.612406407669368","1.473631153376386","2039","383.34425546675","506.02387894074997","-51.79567441789","2042",,"GW1",,"failed","high","medium","medium","medium","ok","ok","medium","ok","ok","ok","medium",,"C2","C2: Below 1.5°C with high OS",,,"54.85389375105421","7.239517952969586","37.31405832338265","2.4594971830153867","383.34425546675","1.473631153376386","1.612406407669368",
"1441","RESCUE-Peak-Budget-500","REMIND-MAgPIE 3.2.0-4.8.0","Final Energy|Residential and Commercial","EJ/yr","[object Object]",2020,21.1640977,"1.612406407669368","1.473631153376386","2039","383.34425546675","506.02387894074997","-51.79567441789","2042",,"GW1",,"failed","high","medium","medium","medium","ok","ok","medium","ok","ok","ok","medium",,"C2","C2: Below 1.5°C with high OS",,,"54.85389375105421","7.239517952969586","37.31405832338265","2.4594971830153867","383.34425546675","1.473631153376386","1.612406407669368",
"1441","RESCUE-Peak-Budget-500","REMIND-MAgPIE 3.2.0-4.8.0","Final Energy|Residential and Commercial","EJ/yr","[object Object]",2025,20.043888,"1.612406407669368","1.473631153376386","2039","383.34425546675","506.02387894074997","-51.79567441789","2042",,"GW1",,"failed","high","medium","medium","medium","ok","ok","medium","ok","ok","ok","medium",,"C2","C2: Below 1.5°C with high OS",,,"54.85389375105421","7.239517952969586","37.31405832338265","2.4594971830153867","383.34425546675","1.473631153376386","1.612406407669368",
"1441","RESCUE-Peak-Budget-500","REMIND-MAgPIE 3.2.0-4.8.0","Final Energy|Residential and Commercial","EJ/yr","[object Object]",2030,18.3500109,"1.612406407669368","1.473631153376386","2039","383.34425546675","506.02387894074997","-51.79567441789","2042",,"GW1",,"failed","high","medium","medium","medium","ok","ok","medium","ok","ok","ok","medium",,"C2","C2: Below 1.5°C with high OS",,,"54.85389375105421","7.239517952969586","37.31405832338265","2.4594971830153867","383.34425546675","1.473631153376386","1.612406407669368",
"1441","RESCUE-Peak-Budget-500","REMIND-MAgPIE 3.2.0-4.8.0","Final Energy|Residential and Commercial","EJ/yr","[object Object]",2035,16.7645588,"1.612406407669368","1.473631153376386","2039","383.34425546675","506.02387894074997","-51.79567441789","2042",,"GW1",,"failed","high","medium","medium","medium","ok","ok","medium","ok","ok","ok","medium",,"C2","C2: Below 1.5°C with high OS",,,"54.85389375105421","7.239517952969586","37.31405832338265","2.4594971830153867","383.34425546675","1.473631153376386","1.612406407669368",
"1441","RESCUE-Peak-Budget-500","REMIND-MAgPIE 3.2.0-4.8.0","Final Energy|Residential and Commercial","EJ/yr","[object Object]",2040,15.1655562,"1.612406407669368","1.473631153376386","2039","383.34425546675","506.02387894074997","-51.79567441789","2042",,"GW1",,"failed","high","medium","medium","medium","ok","ok","medium","ok","ok","ok","medium",,"C2","C2: Below 1.5°C with high OS",,,"54.85389375105421","7.239517952969586","37.31405832338265","2.4594971830153867","383.34425546675","1.473631153376386","1.612406407669368",
"1441","RESCUE-Peak-Budget-500","REMIND-MAgPIE 3.2.0-4.8.0","Final Energy|Residential and Commercial","EJ/yr","[object Object]",2045,14.0968871,"1.612406407669368","1.473631153376386","2039","383.34425546675","506.02387894074997","-51.79567441789","2042",,"GW1",,"failed","high","medium","medium","medium","ok","ok","medium","ok","ok","ok","medium",,"C2","C2: Below 1.5°C with high OS",,,"54.85389375105421","7.239517952969586","37.31405832338265","2.4594971830153867","383.34425546675","1.473631153376386","1.612406407669368",
"1441","RESCUE-Peak-Budget-500","REMIND-MAgPIE 3.2.0-4.8.0","Final Energy|Residential and Commercial","EJ/yr","[object Object]",2050,13.7696095,"1.612406407669368","1.473631153376386","2039","383.34425546675","506.02387894074997","-51.79567441789","2042",,"GW1",,"failed","high","medium","medium","medium","ok","ok","medium","ok","ok","ok","medium",,"C2","C2: Below 1.5°C with high OS",,,"54.85389375105421","7.239517952969586","37.31405832338265","2.4594971830153867","383.34425546675","1.473631153376386","1.612406407669368",
"1441","RESCUE-Peak-Budget-500","REMIND-MAgPIE 3.2.0-4.8.0","Final Energy|Residential and Commercial","EJ/yr","[object Object]",2055,13.5836048,"1.612406407669368","1.473631153376386","2039","383.34425546675","506.02387894074997","-51.79567441789","2042",,"GW1",,"failed","high","medium","medium","medium","ok","ok","medium","ok","ok","ok","medium",,"C2","C2: Below 1.5°C with high OS",,,"54.85389375105421","7.239517952969586","37.31405832338265","2.4594971830153867","383.34425546675","1.473631153376386","1.612406407669368",
"1441","RESCUE-Peak-Budget-500","REMIND-MAgPIE 3.2.0-4.8.0","Final Energy|Residential and Commercial","EJ/yr","[object Object]",2060,13.9254243,"1.612406407669368","1.473631153376386","2039","383.34425546675","506.02387894074997","-51.79567441789","2042",,"GW1",,"failed","high","medium","medium","medium","ok","ok","medium","ok","ok","ok","medium",,"C2","C2: Below 1.5°C with high OS",,,"54.85389375105421","7.239517952969586","37.31405832338265","2.4594971830153867","383.34425546675","1.473631153376386","1.612406407669368",
"1441","RESCUE-Peak-Budget-500","REMIND-MAgPIE 3.2.0-4.8.0","Final Energy|Residential and Commercial","EJ/yr","[object Object]",2070,14.0312722,"1.612406407669368","1.473631153376386","2039","383.34425546675","506.02387894074997","-51.79567441789","2042",,"GW1",,"failed","high","medium","medium","medium","ok","ok","medium","ok","ok","ok","medium",,"C2","C2: Below 1.5°C with high OS",,,"54.85389375105421","7.239517952969586","37.31405832338265","2.4594971830153867","383.34425546675","1.473631153376386","1.612406407669368",
"1441","RESCUE-Peak-Budget-500","REMIND-MAgPIE 3.2.0-4.8.0","Final Energy|Residential and Commercial","EJ/yr","[object Object]",2080,14.8791225,"1.612406407669368","1.473631153376386","2039","383.34425546675","506.02387894074997","-51.79567441789","2042",,"GW1",,"failed","high","medium","medium","medium","ok","ok","medium","ok","ok","ok","medium",,"C2","C2: Below 1.5°C with high OS",,,"54.85389375105421","7.239517952969586","37.31405832338265","2.4594971830153867","383.34425546675","1.473631153376386","1.612406407669368",
"1441","RESCUE-Peak-Budget-500","REMIND-MAgPIE 3.2.0-4.8.0","Final Energy|Residential and Commercial","EJ/yr","[object Object]",2090,15.7718548,"1.612406407669368","1.473631153376386","2039","383.34425546675","506.02387894074997","-51.79567441789","2042",,"GW1",,"failed","high","medium","medium","medium","ok","ok","medium","ok","ok","ok","medium",,"C2","C2: Below 1.5°C with high OS",,,"54.85389375105421","7.239517952969586","37.31405832338265","2.4594971830153867","383.34425546675","1.473631153376386","1.612406407669368",
"1441","RESCUE-Peak-Budget-500","REMIND-MAgPIE 3.2.0-4.8.0","Final Energy|Residential and Commercial","EJ/yr","[object Object]",2100,16.114643100000002,"1.612406407669368","1.473631153376386","2039","383.34425546675","506.02387894074997","-51.79567441789","2042",,"GW1",,"failed","high","medium","medium","medium","ok","ok","medium","ok","ok","ok","medium",,"C2","C2: Below 1.5°C with high OS",,,"54.85389375105421","7.239517952969586","37.31405832338265","2.4594971830153867","383.34425546675","1.473631153376386","1.612406407669368",
"1557","ENGAGE-NPi2020-400f","WITCH 5.0","Final Energy|Residential and Commercial","EJ/yr","[object Object]",2010,18.2157151982767,"1.576037611334012","1.420457998145938","2059","603.1063658274636","218.2543893868954","-304.363765502984","2061","2073","GW1","Low Demand","failed","high","medium","ok","medium","high","ok","medium","ok","ok",,"medium","true","C1","C1: Below 1.5°C with no or limited overshoot","WITCH 5.0","EN_NPi2020_400f","52.89858525464777","26.36660516480166","17.5951544362574","14.309081611809788","603.1063658274636","1.420457998145938","1.576037611334012",
"1557","ENGAGE-NPi2020-400f","WITCH 5.0","Final Energy|Residential and Commercial","EJ/yr","[object Object]",2015,17.317157964335,"1.576037611334012","1.420457998145938","2059","603.1063658274636","218.2543893868954","-304.363765502984","2061","2073","GW1","Low Demand","failed","high","medium","ok","medium","high","ok","medium","ok","ok",,"medium","true","C1","C1: Below 1.5°C with no or limited overshoot","WITCH 5.0","EN_NPi2020_400f","52.89858525464777","26.36660516480166","17.5951544362574","14.309081611809788","603.1063658274636","1.420457998145938","1.576037611334012",
"1557","ENGAGE-NPi2020-400f","WITCH 5.0","Final Energy|Residential and Commercial","EJ/yr","[object Object]",2020,14.4899960452284,"1.576037611334012","1.420457998145938","2059","603.1063658274636","218.2543893868954","-304.363765502984","2061","2073","GW1","Low Demand","failed","high","medium","ok","medium","high","ok","medium","ok","ok",,"medium","true","C1","C1: Below 1.5°C with no or limited overshoot","WITCH 5.0","EN_NPi2020_400f","52.89858525464777","26.36660516480166","17.5951544362574","14.309081611809788","603.1063658274636","1.420457998145938","1.576037611334012",
"1557","ENGAGE-NPi2020-400f","WITCH 5.0","Final Energy|Residential and Commercial","EJ/yr","[object Object]",2025,14.5573360693807,"1.576037611334012","1.420457998145938","2059","603.1063658274636","218.2543893868954","-304.363765502984","2061","2073","GW1","Low Demand","failed","high","medium","ok","medium","high","ok","medium","ok","ok",,"medium","true","C1","C1: Below 1.5°C with no or limited overshoot","WITCH 5.0","EN_NPi2020_400f","52.89858525464777","26.36660516480166","17.5951544362574","14.309081611809788","603.1063658274636","1.420457998145938","1.576037611334012",
"1557","ENGAGE-NPi2020-400f","WITCH 5.0","Final Energy|Residential and Commercial","EJ/yr","[object Object]",2030,15.243654755028,"1.576037611334012","1.420457998145938","2059","603.1063658274636","218.2543893868954","-304.363765502984","2061","2073","GW1","Low Demand","failed","high","medium","ok","medium","high","ok","medium","ok","ok",,"medium","true","C1","C1: Below 1.5°C with no or limited overshoot","WITCH 5.0","EN_NPi2020_400f","52.89858525464777","26.36660516480166","17.5951544362574","14.309081611809788","603.1063658274636","1.420457998145938","1.576037611334012",
"1557","ENGAGE-NPi2020-400f","WITCH 5.0","Final Energy|Residential and Commercial","EJ/yr","[object Object]",2035,17.8463335026237,"1.576037611334012","1.420457998145938","2059","603.1063658274636","218.2543893868954","-304.363765502984","2061","2073","GW1","Low Demand","failed","high","medium","ok","medium","high","ok","medium","ok","ok",,"medium","true","C1","C1: Below 1.5°C with no or limited overshoot","WITCH 5.0","EN_NPi2020_400f","52.89858525464777","26.36660516480166","17.5951544362574","14.309081611809788","603.1063658274636","1.420457998145938","1.576037611334012",
"1557","ENGAGE-NPi2020-400f","WITCH 5.0","Final Energy|Residential and Commercial","EJ/yr","[object Object]",2040,19.4794064644489,"1.576037611334012","1.420457998145938","2059","603.1063658274636","218.2543893868954","-304.363765502984","2061","2073","GW1","Low Demand","failed","high","medium","ok","medium","high","ok","medium","ok","ok",,"medium","true","C1","C1: Below 1.5°C with no or limited overshoot","WITCH 5.0","EN_NPi2020_400f","52.89858525464777","26.36660516480166","17.5951544362574","14.309081611809788","603.1063658274636","1.420457998145938","1.576037611334012",
"1557","ENGAGE-NPi2020-400f","WITCH 5.0","Final Energy|Residential and Commercial","EJ/yr","[object Object]",2045,21.8041772167906,"1.576037611334012","1.420457998145938","2059","603.1063658274636","218.2543893868954","-304.363765502984","2061","2073","GW1","Low Demand","failed","high","medium","ok","medium","high","ok","medium","ok","ok",,"medium","true","C1","C1: Below 1.5°C with no or limited overshoot","WITCH 5.0","EN_NPi2020_400f","52.89858525464777","26.36660516480166","17.5951544362574","14.309081611809788","603.1063658274636","1.420457998145938","1.576037611334012",
"1557","ENGAGE-NPi2020-400f","WITCH 5.0","Final Energy|Residential and Commercial","EJ/yr","[object Object]",2050,23.4858536604612,"1.576037611334012","1.420457998145938","2059","603.1063658274636","218.2543893868954","-304.363765502984","2061","2073","GW1","Low Demand","failed","high","medium","ok","medium","high","ok","medium","ok","ok",,"medium","true","C1","C1: Below 1.5°C with no or limited overshoot","WITCH 5.0","EN_NPi2020_400f","52.89858525464777","26.36660516480166","17.5951544362574","14.309081611809788","603.1063658274636","1.420457998145938","1.576037611334012",
"1557","ENGAGE-NPi2020-400f","WITCH 5.0","Final Energy|Residential and Commercial","EJ/yr","[object Object]",2055,25.6595703796519,"1.576037611334012","1.420457998145938","2059","603.1063658274636","218.2543893868954","-304.363765502984","2061","2073","GW1","Low Demand","failed","high","medium","ok","medium","high","ok","medium","ok","ok",,"medium","true","C1","C1: Below 1.5°C with no or limited overshoot","WITCH 5.0","EN_NPi2020_400f","52.89858525464777","26.36660516480166","17.5951544362574","14.309081611809788","603.1063658274636","1.420457998145938","1.576037611334012",
"1557","ENGAGE-NPi2020-400f","WITCH 5.0","Final Energy|Residential and Commercial","EJ/yr","[object Object]",2060,27.1610280526595,"1.576037611334012","1.420457998145938","2059","603.1063658274636","218.2543893868954","-304.363765502984","2061","2073","GW1","Low Demand","failed","high","medium","ok","medium","high","ok","medium","ok","ok",,"medium","true","C1","C1: Below 1.5°C with no or limited overshoot","WITCH 5.0","EN_NPi2020_400f","52.89858525464777","26.36660516480166","17.5951544362574","14.309081611809788","603.1063658274636","1.420457998145938","1.576037611334012",
"1557","ENGAGE-NPi2020-400f","WITCH 5.0","Final Energy|Residential and Commercial","EJ/yr","[object Object]",2065,27.7053738677834,"1.576037611334012","1.420457998145938","2059","603.1063658274636","218.2543893868954","-304.363765502984","2061","2073","GW1","Low Demand","failed","high","medium","ok","medium","high","ok","medium","ok","ok",,"medium","true","C1","C1: Below 1.5°C with no or limited overshoot","WITCH 5.0","EN_NPi2020_400f","52.89858525464777","26.36660516480166","17.5951544362574","14.309081611809788","603.1063658274636","1.420457998145938","1.576037611334012",
"1557","ENGAGE-NPi2020-400f","WITCH 5.0","Final Energy|Residential and Commercial","EJ/yr","[object Object]",2070,28.3104377855967,"1.576037611334012","1.420457998145938","2059","603.1063658274636","218.2543893868954","-304.363765502984","2061","2073","GW1","Low Demand","failed","high","medium","ok","medium","high","ok","medium","ok","ok",,"medium","true","C1","C1: Below 1.5°C with no or limited overshoot","WITCH 5.0","EN_NPi2020_400f","52.89858525464777","26.36660516480166","17.5951544362574","14.309081611809788","603.1063658274636","1.420457998145938","1.576037611334012",
"1557","ENGAGE-NPi2020-400f","WITCH 5.0","Final Energy|Residential and Commercial","EJ/yr","[object Object]",2075,29.37673702278551,"1.576037611334012","1.420457998145938","2059","603.1063658274636","218.2543893868954","-304.363765502984","2061","2073","GW1","Low Demand","failed","high","medium","ok","medium","high","ok","medium","ok","ok",,"medium","true","C1","C1: Below 1.5°C with no or limited overshoot","WITCH 5.0","EN_NPi2020_400f","52.89858525464777","26.36660516480166","17.5951544362574","14.309081611809788","603.1063658274636","1.420457998145938","1.576037611334012",
"1557","ENGAGE-NPi2020-400f","WITCH 5.0","Final Energy|Residential and Commercial","EJ/yr","[object Object]",2080,29.8175636564428,"1.576037611334012","1.420457998145938","2059","603.1063658274636","218.2543893868954","-304.363765502984","2061","2073","GW1","Low Demand","failed","high","medium","ok","medium","high","ok","medium","ok","ok",,"medium","true","C1","C1: Below 1.5°C with no or limited overshoot","WITCH 5.0","EN_NPi2020_400f","52.89858525464777","26.36660516480166","17.5951544362574","14.309081611809788","603.1063658274636","1.420457998145938","1.576037611334012",
"1557","ENGAGE-NPi2020-400f","WITCH 5.0","Final Energy|Residential and Commercial","EJ/yr","[object Object]",2085,29.820782628418,"1.576037611334012","1.420457998145938","2059","603.1063658274636","218.2543893868954","-304.363765502984","2061","2073","GW1","Low Demand","failed","high","medium","ok","medium","high","ok","medium","ok","ok",,"medium","true","C1","C1: Below 1.5°C with no or limited overshoot","WITCH 5.0","EN_NPi2020_400f","52.89858525464777","26.36660516480166","17.5951544362574","14.309081611809788","603.1063658274636","1.420457998145938","1.576037611334012",
"1557","ENGAGE-NPi2020-400f","WITCH 5.0","Final Energy|Residential and Commercial","EJ/yr","[object Object]",2090,29.6771798350248,"1.576037611334012","1.420457998145938","2059","603.1063658274636","218.2543893868954","-304.363765502984","2061","2073","GW1","Low Demand","failed","high","medium","ok","medium","high","ok","medium","ok","ok",,"medium","true","C1","C1: Below 1.5°C with no or limited overshoot","WITCH 5.0","EN_NPi2020_400f","52.89858525464777","26.36660516480166","17.5951544362574","14.309081611809788","603.1063658274636","1.420457998145938","1.576037611334012",
"1557","ENGAGE-NPi2020-400f","WITCH 5.0","Final Energy|Residential and Commercial","EJ/yr","[object Object]",2095,29.4750321143506,"1.576037611334012","1.420457998145938","2059","603.1063658274636","218.2543893868954","-304.363765502984","2061","2073","GW1","Low Demand","failed","high","medium","ok","medium","high","ok","medium","ok","ok",,"medium","true","C1","C1: Below 1.5°C with no or limited overshoot","WITCH 5.0","EN_NPi2020_400f","52.89858525464777","26.36660516480166","17.5951544362574","14.309081611809788","603.1063658274636","1.420457998145938","1.576037611334012",
"1557","ENGAGE-NPi2020-400f","WITCH 5.0","Final Energy|Residential and Commercial","EJ/yr","[object Object]",2100,29.2047300315581,"1.576037611334012","1.420457998145938","2059","603.1063658274636","218.2543893868954","-304.363765502984","2061","2073","GW1","Low Demand","failed","high","medium","ok","medium","high","ok","medium","ok","ok",,"medium","true","C1","C1: Below 1.5°C with no or limited overshoot","WITCH 5.0","EN_NPi2020_400f","52.89858525464777","26.36660516480166","17.5951544362574","14.309081611809788","603.1063658274636","1.420457998145938","1.576037611334012",
"1558","ENGAGE-NPi2020-450","WITCH 5.0","Final Energy|Residential and Commercial","EJ/yr","[object Object]",2010,18.2157151982767,"1.522155879604476","1.444854954709502","2049","552.7326834353955","266.7842957655337","-85.30141612669443","2049",,"GW0","Low Demand","failed","high","medium","ok","medium","high","ok","medium","ok","ok",,"medium","true","C1","C1: Below 1.5°C with no or limited overshoot","WITCH 5.0","EN_NPi2020_450","56.3518181050183","17.280314194014203","23.102056674513754","15.376113444541119","552.7326834353955","1.444854954709502","1.522155879604476",
"1558","ENGAGE-NPi2020-450","WITCH 5.0","Final Energy|Residential and Commercial","EJ/yr","[object Object]",2015,17.317157964335,"1.522155879604476","1.444854954709502","2049","552.7326834353955","266.7842957655337","-85.30141612669443","2049",,"GW0","Low Demand","failed","high","medium","ok","medium","high","ok","medium","ok","ok",,"medium","true","C1","C1: Below 1.5°C with no or limited overshoot","WITCH 5.0","EN_NPi2020_450","56.3518181050183","17.280314194014203","23.102056674513754","15.376113444541119","552.7326834353955","1.444854954709502","1.522155879604476",
"1558","ENGAGE-NPi2020-450","WITCH 5.0","Final Energy|Residential and Commercial","EJ/yr","[object Object]",2020,14.4899960452284,"1.522155879604476","1.444854954709502","2049","552.7326834353955","266.7842957655337","-85.30141612669443","2049",,"GW0","Low Demand","failed","high","medium","ok","medium","high","ok","medium","ok","ok",,"medium","true","C1","C1: Below 1.5°C with no or limited overshoot","WITCH 5.0","EN_NPi2020_450","56.3518181050183","17.280314194014203","23.102056674513754","15.376113444541119","552.7326834353955","1.444854954709502","1.522155879604476",
"1558","ENGAGE-NPi2020-450","WITCH 5.0","Final Energy|Residential and Commercial","EJ/yr","[object Object]",2025,13.5604190833498,"1.522155879604476","1.444854954709502","2049","552.7326834353955","266.7842957655337","-85.30141612669443","2049",,"GW0","Low Demand","failed","high","medium","ok","medium","high","ok","medium","ok","ok",,"medium","true","C1","C1: Below 1.5°C with no or limited overshoot","WITCH 5.0","EN_NPi2020_450","56.3518181050183","17.280314194014203","23.102056674513754","15.376113444541119","552.7326834353955","1.444854954709502","1.522155879604476",
"1558","ENGAGE-NPi2020-450","WITCH 5.0","Final Energy|Residential and Commercial","EJ/yr","[object Object]",2030,13.5723276126489,"1.522155879604476","1.444854954709502","2049","552.7326834353955","266.7842957655337","-85.30141612669443","2049",,"GW0","Low Demand","failed","high","medium","ok","medium","high","ok","medium","ok","ok",,"medium","true","C1","C1: Below 1.5°C with no or limited overshoot","WITCH 5.0","EN_NPi2020_450","56.3518181050183","17.280314194014203","23.102056674513754","15.376113444541119","552.7326834353955","1.444854954709502","1.522155879604476",
"1558","ENGAGE-NPi2020-450","WITCH 5.0","Final Energy|Residential and Commercial","EJ/yr","[object Object]",2035,17.2896267294332,"1.522155879604476","1.444854954709502","2049","552.7326834353955","266.7842957655337","-85.30141612669443","2049",,"GW0","Low Demand","failed","high","medium","ok","medium","high","ok","medium","ok","ok",,"medium","true","C1","C1: Below 1.5°C with no or limited overshoot","WITCH 5.0","EN_NPi2020_450","56.3518181050183","17.280314194014203","23.102056674513754","15.376113444541119","552.7326834353955","1.444854954709502","1.522155879604476",
"1558","ENGAGE-NPi2020-450","WITCH 5.0","Final Energy|Residential and Commercial","EJ/yr","[object Object]",2040,20.0705332050338,"1.522155879604476","1.444854954709502","2049","552.7326834353955","266.7842957655337","-85.30141612669443","2049",,"GW0","Low Demand","failed","high","medium","ok","medium","high","ok","medium","ok","ok",,"medium","true","C1","C1: Below 1.5°C with no or limited overshoot","WITCH 5.0","EN_NPi2020_450","56.3518181050183","17.280314194014203","23.102056674513754","15.376113444541119","552.7326834353955","1.444854954709502","1.522155879604476",
"1558","ENGAGE-NPi2020-450","WITCH 5.0","Final Energy|Residential and Commercial","EJ/yr","[object Object]",2045,22.6948987731089,"1.522155879604476","1.444854954709502","2049","552.7326834353955","266.7842957655337","-85.30141612669443","2049",,"GW0","Low Demand","failed","high","medium","ok","medium","high","ok","medium","ok","ok",,"medium","true","C1","C1: Below 1.5°C with no or limited overshoot","WITCH 5.0","EN_NPi2020_450","56.3518181050183","17.280314194014203","23.102056674513754","15.376113444541119","552.7326834353955","1.444854954709502","1.522155879604476",
"1558","ENGAGE-NPi2020-450","WITCH 5.0","Final Energy|Residential and Commercial","EJ/yr","[object Object]",2050,23.37465878264,"1.522155879604476","1.444854954709502","2049","552.7326834353955","266.7842957655337","-85.30141612669443","2049",,"GW0","Low Demand","failed","high","medium","ok","medium","high","ok","medium","ok","ok",,"medium","true","C1","C1: Below 1.5°C with no or limited overshoot","WITCH 5.0","EN_NPi2020_450","56.3518181050183","17.280314194014203","23.102056674513754","15.376113444541119","552.7326834353955","1.444854954709502","1.522155879604476",
"1558","ENGAGE-NPi2020-450","WITCH 5.0","Final Energy|Residential and Commercial","EJ/yr","[object Object]",2055,25.0839608817773,"1.522155879604476","1.444854954709502","2049","552.7326834353955","266.7842957655337","-85.30141612669443","2049",,"GW0","Low Demand","failed","high","medium","ok","medium","high","ok","medium","ok","ok",,"medium","true","C1","C1: Below 1.5°C with no or limited overshoot","WITCH 5.0","EN_NPi2020_450","56.3518181050183","17.280314194014203","23.102056674513754","15.376113444541119","552.7326834353955","1.444854954709502","1.522155879604476",
"1558","ENGAGE-NPi2020-450","WITCH 5.0","Final Energy|Residential and Commercial","EJ/yr","[object Object]",2060,26.6162792543389,"1.522155879604476","1.444854954709502","2049","552.7326834353955","266.7842957655337","-85.30141612669443","2049",,"GW0","Low Demand","failed","high","medium","ok","medium","high","ok","medium","ok","ok",,"medium","true","C1","C1: Below 1.5°C with no or limited overshoot","WITCH 5.0","EN_NPi2020_450","56.3518181050183","17.280314194014203","23.102056674513754","15.376113444541119","552.7326834353955","1.444854954709502","1.522155879604476",
"1558","ENGAGE-NPi2020-450","WITCH 5.0","Final Energy|Residential and Commercial","EJ/yr","[object Object]",2065,27.60744706226989,"1.522155879604476","1.444854954709502","2049","552.7326834353955","266.7842957655337","-85.30141612669443","2049",,"GW0","Low Demand","failed","high","medium","ok","medium","high","ok","medium","ok","ok",,"medium","true","C1","C1: Below 1.5°C with no or limited overshoot","WITCH 5.0","EN_NPi2020_450","56.3518181050183","17.280314194014203","23.102056674513754","15.376113444541119","552.7326834353955","1.444854954709502","1.522155879604476",
"1558","ENGAGE-NPi2020-450","WITCH 5.0","Final Energy|Residential and Commercial","EJ/yr","[object Object]",2070,28.6929121805772,"1.522155879604476","1.444854954709502","2049","552.7326834353955","266.7842957655337","-85.30141612669443","2049",,"GW0","Low Demand","failed","high","medium","ok","medium","high","ok","medium","ok","ok",,"medium","true","C1","C1: Below 1.5°C with no or limited overshoot","WITCH 5.0","EN_NPi2020_450","56.3518181050183","17.280314194014203","23.102056674513754","15.376113444541119","552.7326834353955","1.444854954709502","1.522155879604476",
"1558","ENGAGE-NPi2020-450","WITCH 5.0","Final Energy|Residential and Commercial","EJ/yr","[object Object]",2075,29.8706575533699,"1.522155879604476","1.444854954709502","2049","552.7326834353955","266.7842957655337","-85.30141612669443","2049",,"GW0","Low Demand","failed","high","medium","ok","medium","high","ok","medium","ok","ok",,"medium","true","C1","C1: Below 1.5°C with no or limited overshoot","WITCH 5.0","EN_NPi2020_450","56.3518181050183","17.280314194014203","23.102056674513754","15.376113444541119","552.7326834353955","1.444854954709502","1.522155879604476",
"1558","ENGAGE-NPi2020-450","WITCH 5.0","Final Energy|Residential and Commercial","EJ/yr","[object Object]",2080,30.9153038787429,"1.522155879604476","1.444854954709502","2049","552.7326834353955","266.7842957655337","-85.30141612669443","2049",,"GW0","Low Demand","failed","high","medium","ok","medium","high","ok","medium","ok","ok",,"medium","true","C1","C1: Below 1.5°C with no or limited overshoot","WITCH 5.0","EN_NPi2020_450","56.3518181050183","17.280314194014203","23.102056674513754","15.376113444541119","552.7326834353955","1.444854954709502","1.522155879604476",
"1558","ENGAGE-NPi2020-450","WITCH 5.0","Final Energy|Residential and Commercial","EJ/yr","[object Object]",2085,31.6570245745245,"1.522155879604476","1.444854954709502","2049","552.7326834353955","266.7842957655337","-85.30141612669443","2049",,"GW0","Low Demand","failed","high","medium","ok","medium","high","ok","medium","ok","ok",,"medium","true","C1","C1: Below 1.5°C with no or limited overshoot","WITCH 5.0","EN_NPi2020_450","56.3518181050183","17.280314194014203","23.102056674513754","15.376113444541119","552.7326834353955","1.444854954709502","1.522155879604476",
"1558","ENGAGE-NPi2020-450","WITCH 5.0","Final Energy|Residential and Commercial","EJ/yr","[object Object]",2090,31.7576121907269,"1.522155879604476","1.444854954709502","2049","552.7326834353955","266.7842957655337","-85.30141612669443","2049",,"GW0","Low Demand","failed","high","medium","ok","medium","high","ok","medium","ok","ok",,"medium","true","C1","C1: Below 1.5°C with no or limited overshoot","WITCH 5.0","EN_NPi2020_450","56.3518181050183","17.280314194014203","23.102056674513754","15.376113444541119","552.7326834353955","1.444854954709502","1.522155879604476",
"1558","ENGAGE-NPi2020-450","WITCH 5.0","Final Energy|Residential and Commercial","EJ/yr","[object Object]",2095,31.6435715927147,"1.522155879604476","1.444854954709502","2049","552.7326834353955","266.7842957655337","-85.30141612669443","2049",,"GW0","Low Demand","failed","high","medium","ok","medium","high","ok","medium","ok","ok",,"medium","true","C1","C1: Below 1.5°C with no or limited overshoot","WITCH 5.0","EN_NPi2020_450","56.3518181050183","17.280314194014203","23.102056674513754","15.376113444541119","552.7326834353955","1.444854954709502","1.522155879604476",
"1558","ENGAGE-NPi2020-450","WITCH 5.0","Final Energy|Residential and Commercial","EJ/yr","[object Object]",2100,31.4380099585127,"1.522155879604476","1.444854954709502","2049","552.7326834353955","266.7842957655337","-85.30141612669443","2049",,"GW0","Low Demand","failed","high","medium","ok","medium","high","ok","medium","ok","ok",,"medium","true","C1","C1: Below 1.5°C with no or limited overshoot","WITCH 5.0","EN_NPi2020_450","56.3518181050183","17.280314194014203","23.102056674513754","15.376113444541119","552.7326834353955","1.444854954709502","1.522155879604476",
"1559","ENGAGE-NPi2020-450f","WITCH 5.0","Final Energy|Residential and Commercial","EJ/yr","[object Object]",2010,18.2157151982767,"1.586206566893698","1.444803252101438","2069","600.5350648576747","268.237944810142","-279.0220500798154","2063","2075","GW1","Low Demand","failed","high","medium","ok","medium","high","ok","medium","ok","ok",,"medium","true","C1","C1: Below 1.5°C with no or limited overshoot","WITCH 5.0","EN_NPi2020_450f","50.781231873944186","28.992705101752264","17.163442045009923","14.232825277603212","600.5350648576747","1.444803252101438","1.586206566893698",
"1559","ENGAGE-NPi2020-450f","WITCH 5.0","Final Energy|Residential and Commercial","EJ/yr","[object Object]",2015,17.317157964335,"1.586206566893698","1.444803252101438","2069","600.5350648576747","268.237944810142","-279.0220500798154","2063","2075","GW1","Low Demand","failed","high","medium","ok","medium","high","ok","medium","ok","ok",,"medium","true","C1","C1: Below 1.5°C with no or limited overshoot","WITCH 5.0","EN_NPi2020_450f","50.781231873944186","28.992705101752264","17.163442045009923","14.232825277603212","600.5350648576747","1.444803252101438","1.586206566893698",
"1559","ENGAGE-NPi2020-450f","WITCH 5.0","Final Energy|Residential and Commercial","EJ/yr","[object Object]",2020,14.4899960452284,"1.586206566893698","1.444803252101438","2069","600.5350648576747","268.237944810142","-279.0220500798154","2063","2075","GW1","Low Demand","failed","high","medium","ok","medium","high","ok","medium","ok","ok",,"medium","true","C1","C1: Below 1.5°C with no or limited overshoot","WITCH 5.0","EN_NPi2020_450f","50.781231873944186","28.992705101752264","17.163442045009923","14.232825277603212","600.5350648576747","1.444803252101438","1.586206566893698",
"1559","ENGAGE-NPi2020-450f","WITCH 5.0","Final Energy|Residential and Commercial","EJ/yr","[object Object]",2025,14.8980586810064,"1.586206566893698","1.444803252101438","2069","600.5350648576747","268.237944810142","-279.0220500798154","2063","2075","GW1","Low Demand","failed","high","medium","ok","medium","high","ok","medium","ok","ok",,"medium","true","C1","C1: Below 1.5°C with no or limited overshoot","WITCH 5.0","EN_NPi2020_450f","50.781231873944186","28.992705101752264","17.163442045009923","14.232825277603212","600.5350648576747","1.444803252101438","1.586206566893698",
"1559","ENGAGE-NPi2020-450f","WITCH 5.0","Final Energy|Residential and Commercial","EJ/yr","[object Object]",2030,15.5155480990734,"1.586206566893698","1.444803252101438","2069","600.5350648576747","268.237944810142","-279.0220500798154","2063","2075","GW1","Low Demand","failed","high","medium","ok","medium","high","ok","medium","ok","ok",,"medium","true","C1","C1: Below 1.5°C with no or limited overshoot","WITCH 5.0","EN_NPi2020_450f","50.781231873944186","28.992705101752264","17.163442045009923","14.232825277603212","600.5350648576747","1.444803252101438","1.586206566893698",
"1559","ENGAGE-NPi2020-450f","WITCH 5.0","Final Energy|Residential and Commercial","EJ/yr","[object Object]",2035,17.8212155508356,"1.586206566893698","1.444803252101438","2069","600.5350648576747","268.237944810142","-279.0220500798154","2063","2075","GW1","Low Demand","failed","high","medium","ok","medium","high","ok","medium","ok","ok",,"medium","true","C1","C1: Below 1.5°C with no or limited overshoot","WITCH 5.0","EN_NPi2020_450f","50.781231873944186","28.992705101752264","17.163442045009923","14.232825277603212","600.5350648576747","1.444803252101438","1.586206566893698",
"1559","ENGAGE-NPi2020-450f","WITCH 5.0","Final Energy|Residential and Commercial","EJ/yr","[object Object]",2040,19.401279167514,"1.586206566893698","1.444803252101438","2069","600.5350648576747","268.237944810142","-279.0220500798154","2063","2075","GW1","Low Demand","failed","high","medium","ok","medium","high","ok","medium","ok","ok",,"medium","true","C1","C1: Below 1.5°C with no or limited overshoot","WITCH 5.0","EN_NPi2020_450f","50.781231873944186","28.992705101752264","17.163442045009923","14.232825277603212","600.5350648576747","1.444803252101438","1.586206566893698",
"1559","ENGAGE-NPi2020-450f","WITCH 5.0","Final Energy|Residential and Commercial","EJ/yr","[object Object]",2045,21.7549847963712,"1.586206566893698","1.444803252101438","2069","600.5350648576747","268.237944810142","-279.0220500798154","2063","2075","GW1","Low Demand","failed","high","medium","ok","medium","high","ok","medium","ok","ok",,"medium","true","C1","C1: Below 1.5°C with no or limited overshoot","WITCH 5.0","EN_NPi2020_450f","50.781231873944186","28.992705101752264","17.163442045009923","14.232825277603212","600.5350648576747","1.444803252101438","1.586206566893698",
"1559","ENGAGE-NPi2020-450f","WITCH 5.0","Final Energy|Residential and Commercial","EJ/yr","[object Object]",2050,23.23333457962569,"1.586206566893698","1.444803252101438","2069","600.5350648576747","268.237944810142","-279.0220500798154","2063","2075","GW1","Low Demand","failed","high","medium","ok","medium","high","ok","medium","ok","ok",,"medium","true","C1","C1: Below 1.5°C with no or limited overshoot","WITCH 5.0","EN_NPi2020_450f","50.781231873944186","28.992705101752264","17.163442045009923","14.232825277603212","600.5350648576747","1.444803252101438","1.586206566893698",
"1559","ENGAGE-NPi2020-450f","WITCH 5.0","Final Energy|Residential and Commercial","EJ/yr","[object Object]",2055,25.3321283720877,"1.586206566893698","1.444803252101438","2069","600.5350648576747","268.237944810142","-279.0220500798154","2063","2075","GW1","Low Demand","failed","high","medium","ok","medium","high","ok","medium","ok","ok",,"medium","true","C1","C1: Below 1.5°C with no or limited overshoot","WITCH 5.0","EN_NPi2020_450f","50.781231873944186","28.992705101752264","17.163442045009923","14.232825277603212","600.5350648576747","1.444803252101438","1.586206566893698",
"1559","ENGAGE-NPi2020-450f","WITCH 5.0","Final Energy|Residential and Commercial","EJ/yr","[object Object]",2060,27.1684198476616,"1.586206566893698","1.444803252101438","2069","600.5350648576747","268.237944810142","-279.0220500798154","2063","2075","GW1","Low Demand","failed","high","medium","ok","medium","high","ok","medium","ok","ok",,"medium","true","C1","C1: Below 1.5°C with no or limited overshoot","WITCH 5.0","EN_NPi2020_450f","50.781231873944186","28.992705101752264","17.163442045009923","14.232825277603212","600.5350648576747","1.444803252101438","1.586206566893698",
"1559","ENGAGE-NPi2020-450f","WITCH 5.0","Final Energy|Residential and Commercial","EJ/yr","[object Object]",2065,27.92241548958,"1.586206566893698","1.444803252101438","2069","600.5350648576747","268.237944810142","-279.0220500798154","2063","2075","GW1","Low Demand","failed","high","medium","ok","medium","high","ok","medium","ok","ok",,"medium","true","C1","C1: Below 1.5°C with no or limited overshoot","WITCH 5.0","EN_NPi2020_450f","50.781231873944186","28.992705101752264","17.163442045009923","14.232825277603212","600.5350648576747","1.444803252101438","1.586206566893698",
"1559","ENGAGE-NPi2020-450f","WITCH 5.0","Final Energy|Residential and Commercial","EJ/yr","[object Object]",2070,28.3887961219814,"1.586206566893698","1.444803252101438","2069","600.5350648576747","268.237944810142","-279.0220500798154","2063","2075","GW1","Low Demand","failed","high","medium","ok","medium","high","ok","medium","ok","ok",,"medium","true","C1","C1: Below 1.5°C with no or limited overshoot","WITCH 5.0","EN_NPi2020_450f","50.781231873944186","28.992705101752264","17.163442045009923","14.232825277603212","600.5350648576747","1.444803252101438","1.586206566893698",
"1559","ENGAGE-NPi2020-450f","WITCH 5.0","Final Energy|Residential and Commercial","EJ/yr","[object Object]",2075,29.3299579297024,"1.586206566893698","1.444803252101438","2069","600.5350648576747","268.237944810142","-279.0220500798154","2063","2075","GW1","Low Demand","failed","high","medium","ok","medium","high","ok","medium","ok","ok",,"medium","true","C1","C1: Below 1.5°C with no or limited overshoot","WITCH 5.0","EN_NPi2020_450f","50.781231873944186","28.992705101752264","17.163442045009923","14.232825277603212","600.5350648576747","1.444803252101438","1.586206566893698",
"1559","ENGAGE-NPi2020-450f","WITCH 5.0","Final Energy|Residential and Commercial","EJ/yr","[object Object]",2080,30.063945127449,"1.586206566893698","1.444803252101438","2069","600.5350648576747","268.237944810142","-279.0220500798154","2063","2075","GW1","Low Demand","failed","high","medium","ok","medium","high","ok","medium","ok","ok",,"medium","true","C1","C1: Below 1.5°C with no or limited overshoot","WITCH 5.0","EN_NPi2020_450f","50.781231873944186","28.992705101752264","17.163442045009923","14.232825277603212","600.5350648576747","1.444803252101438","1.586206566893698",
"1559","ENGAGE-NPi2020-450f","WITCH 5.0","Final Energy|Residential and Commercial","EJ/yr","[object Object]",2085,29.9285973805533,"1.586206566893698","1.444803252101438","2069","600.5350648576747","268.237944810142","-279.0220500798154","2063","2075","GW1","Low Demand","failed","high","medium","ok","medium","high","ok","medium","ok","ok",,"medium","true","C1","C1: Below 1.5°C with no or limited overshoot","WITCH 5.0","EN_NPi2020_450f","50.781231873944186","28.992705101752264","17.163442045009923","14.232825277603212","600.5350648576747","1.444803252101438","1.586206566893698",
"1559","ENGAGE-NPi2020-450f","WITCH 5.0","Final Energy|Residential and Commercial","EJ/yr","[object Object]",2090,29.7968056613243,"1.586206566893698","1.444803252101438","2069","600.5350648576747","268.237944810142","-279.0220500798154","2063","2075","GW1","Low Demand","failed","high","medium","ok","medium","high","ok","medium","ok","ok",,"medium","true","C1","C1: Below 1.5°C with no or limited overshoot","WITCH 5.0","EN_NPi2020_450f","50.781231873944186","28.992705101752264","17.163442045009923","14.232825277603212","600.5350648576747","1.444803252101438","1.586206566893698",
"1559","ENGAGE-NPi2020-450f","WITCH 5.0","Final Energy|Residential and Commercial","EJ/yr","[object Object]",2095,29.54855991172471,"1.586206566893698","1.444803252101438","2069","600.5350648576747","268.237944810142","-279.0220500798154","2063","2075","GW1","Low Demand","failed","high","medium","ok","medium","high","ok","medium","ok","ok",,"medium","true","C1","C1: Below 1.5°C with no or limited overshoot","WITCH 5.0","EN_NPi2020_450f","50.781231873944186","28.992705101752264","17.163442045009923","14.232825277603212","600.5350648576747","1.444803252101438","1.586206566893698",
"1559","ENGAGE-NPi2020-450f","WITCH 5.0","Final Energy|Residential and Commercial","EJ/yr","[object Object]",2100,29.279864326849,"1.586206566893698","1.444803252101438","2069","600.5350648576747","268.237944810142","-279.0220500798154","2063","2075","GW1","Low Demand","failed","high","medium","ok","medium","high","ok","medium","ok","ok",,"medium","true","C1","C1: Below 1.5°C with no or limited overshoot","WITCH 5.0","EN_NPi2020_450f","50.781231873944186","28.992705101752264","17.163442045009923","14.232825277603212","600.5350648576747","1.444803252101438","1.586206566893698",
"1560","ENGAGE-NPi2020-500","WITCH 5.0","Final Energy|Residential and Commercial","EJ/yr","[object Object]",2010,18.2157151982767,"1.536443440018267","1.468868481930608","2049","569.4927598062526","324.88157908878463","-74.70185579908349","2053",,"GW1","Low Demand","failed","high","medium","ok","medium","high","ok","medium","ok","ok",,"medium","true","C1","C1: Below 1.5°C with no or limited overshoot","WITCH 5.0","EN_NPi2020_500","56.6490069439893","18.51730140776001","21.57559755170116","14.435030775332095","569.4927598062526","1.468868481930608","1.536443440018267",
"1560","ENGAGE-NPi2020-500","WITCH 5.0","Final Energy|Residential and Commercial","EJ/yr","[object Object]",2015,17.317157964335,"1.536443440018267","1.468868481930608","2049","569.4927598062526","324.88157908878463","-74.70185579908349","2053",,"GW1","Low Demand","failed","high","medium","ok","medium","high","ok","medium","ok","ok",,"medium","true","C1","C1: Below 1.5°C with no or limited overshoot","WITCH 5.0","EN_NPi2020_500","56.6490069439893","18.51730140776001","21.57559755170116","14.435030775332095","569.4927598062526","1.468868481930608","1.536443440018267",
"1560","ENGAGE-NPi2020-500","WITCH 5.0","Final Energy|Residential and Commercial","EJ/yr","[object Object]",2020,14.4899960452284,"1.536443440018267","1.468868481930608","2049","569.4927598062526","324.88157908878463","-74.70185579908349","2053",,"GW1","Low Demand","failed","high","medium","ok","medium","high","ok","medium","ok","ok",,"medium","true","C1","C1: Below 1.5°C with no or limited overshoot","WITCH 5.0","EN_NPi2020_500","56.6490069439893","18.51730140776001","21.57559755170116","14.435030775332095","569.4927598062526","1.468868481930608","1.536443440018267",
"1560","ENGAGE-NPi2020-500","WITCH 5.0","Final Energy|Residential and Commercial","EJ/yr","[object Object]",2025,13.6578554843898,"1.536443440018267","1.468868481930608","2049","569.4927598062526","324.88157908878463","-74.70185579908349","2053",,"GW1","Low Demand","failed","high","medium","ok","medium","high","ok","medium","ok","ok",,"medium","true","C1","C1: Below 1.5°C with no or limited overshoot","WITCH 5.0","EN_NPi2020_500","56.6490069439893","18.51730140776001","21.57559755170116","14.435030775332095","569.4927598062526","1.468868481930608","1.536443440018267",
"1560","ENGAGE-NPi2020-500","WITCH 5.0","Final Energy|Residential and Commercial","EJ/yr","[object Object]",2030,14.1342316735879,"1.536443440018267","1.468868481930608","2049","569.4927598062526","324.88157908878463","-74.70185579908349","2053",,"GW1","Low Demand","failed","high","medium","ok","medium","high","ok","medium","ok","ok",,"medium","true","C1","C1: Below 1.5°C with no or limited overshoot","WITCH 5.0","EN_NPi2020_500","56.6490069439893","18.51730140776001","21.57559755170116","14.435030775332095","569.4927598062526","1.468868481930608","1.536443440018267",
"1560","ENGAGE-NPi2020-500","WITCH 5.0","Final Energy|Residential and Commercial","EJ/yr","[object Object]",2035,17.9512482273617,"1.536443440018267","1.468868481930608","2049","569.4927598062526","324.88157908878463","-74.70185579908349","2053",,"GW1","Low Demand","failed","high","medium","ok","medium","high","ok","medium","ok","ok",,"medium","true","C1","C1: Below 1.5°C with no or limited overshoot","WITCH 5.0","EN_NPi2020_500","56.6490069439893","18.51730140776001","21.57559755170116","14.435030775332095","569.4927598062526","1.468868481930608","1.536443440018267",
"1560","ENGAGE-NPi2020-500","WITCH 5.0","Final Energy|Residential and Commercial","EJ/yr","[object Object]",2040,20.4653696403826,"1.536443440018267","1.468868481930608","2049","569.4927598062526","324.88157908878463","-74.70185579908349","2053",,"GW1","Low Demand","failed","high","medium","ok","medium","high","ok","medium","ok","ok",,"medium","true","C1","C1: Below 1.5°C with no or limited overshoot","WITCH 5.0","EN_NPi2020_500","56.6490069439893","18.51730140776001","21.57559755170116","14.435030775332095","569.4927598062526","1.468868481930608","1.536443440018267",
"1560","ENGAGE-NPi2020-500","WITCH 5.0","Final Energy|Residential and Commercial","EJ/yr","[object Object]",2045,22.4984444701146,"1.536443440018267","1.468868481930608","2049","569.4927598062526","324.88157908878463","-74.70185579908349","2053",,"GW1","Low Demand","failed","high","medium","ok","medium","high","ok","medium","ok","ok",,"medium","true","C1","C1: Below 1.5°C with no or limited overshoot","WITCH 5.0","EN_NPi2020_500","56.6490069439893","18.51730140776001","21.57559755170116","14.435030775332095","569.4927598062526","1.468868481930608","1.536443440018267",
"1560","ENGAGE-NPi2020-500","WITCH 5.0","Final Energy|Residential and Commercial","EJ/yr","[object Object]",2050,23.6648915737997,"1.536443440018267","1.468868481930608","2049","569.4927598062526","324.88157908878463","-74.70185579908349","2053",,"GW1","Low Demand","failed","high","medium","ok","medium","high","ok","medium","ok","ok",,"medium","true","C1","C1: Below 1.5°C with no or limited overshoot","WITCH 5.0","EN_NPi2020_500","56.6490069439893","18.51730140776001","21.57559755170116","14.435030775332095","569.4927598062526","1.468868481930608","1.536443440018267",
"1560","ENGAGE-NPi2020-500","WITCH 5.0","Final Energy|Residential and Commercial","EJ/yr","[object Object]",2055,25.3127587683699,"1.536443440018267","1.468868481930608","2049","569.4927598062526","324.88157908878463","-74.70185579908349","2053",,"GW1","Low Demand","failed","high","medium","ok","medium","high","ok","medium","ok","ok",,"medium","true","C1","C1: Below 1.5°C with no or limited overshoot","WITCH 5.0","EN_NPi2020_500","56.6490069439893","18.51730140776001","21.57559755170116","14.435030775332095","569.4927598062526","1.468868481930608","1.536443440018267",
"1560","ENGAGE-NPi2020-500","WITCH 5.0","Final Energy|Residential and Commercial","EJ/yr","[object Object]",2060,26.58268410569971,"1.536443440018267","1.468868481930608","2049","569.4927598062526","324.88157908878463","-74.70185579908349","2053",,"GW1","Low Demand","failed","high","medium","ok","medium","high","ok","medium","ok","ok",,"medium","true","C1","C1: Below 1.5°C with no or limited overshoot","WITCH 5.0","EN_NPi2020_500","56.6490069439893","18.51730140776001","21.57559755170116","14.435030775332095","569.4927598062526","1.468868481930608","1.536443440018267",
"1560","ENGAGE-NPi2020-500","WITCH 5.0","Final Energy|Residential and Commercial","EJ/yr","[object Object]",2065,27.4789863858735,"1.536443440018267","1.468868481930608","2049","569.4927598062526","324.88157908878463","-74.70185579908349","2053",,"GW1","Low Demand","failed","high","medium","ok","medium","high","ok","medium","ok","ok",,"medium","true","C1","C1: Below 1.5°C with no or limited overshoot","WITCH 5.0","EN_NPi2020_500","56.6490069439893","18.51730140776001","21.57559755170116","14.435030775332095","569.4927598062526","1.468868481930608","1.536443440018267",
"1560","ENGAGE-NPi2020-500","WITCH 5.0","Final Energy|Residential and Commercial","EJ/yr","[object Object]",2070,28.6257816933927,"1.536443440018267","1.468868481930608","2049","569.4927598062526","324.88157908878463","-74.70185579908349","2053",,"GW1","Low Demand","failed","high","medium","ok","medium","high","ok","medium","ok","ok",,"medium","true","C1","C1: Below 1.5°C with no or limited overshoot","WITCH 5.0","EN_NPi2020_500","56.6490069439893","18.51730140776001","21.57559755170116","14.435030775332095","569.4927598062526","1.468868481930608","1.536443440018267",
"1560","ENGAGE-NPi2020-500","WITCH 5.0","Final Energy|Residential and Commercial","EJ/yr","[object Object]",2075,29.9365935963189,"1.536443440018267","1.468868481930608","2049","569.4927598062526","324.88157908878463","-74.70185579908349","2053",,"GW1","Low Demand","failed","high","medium","ok","medium","high","ok","medium","ok","ok",,"medium","true","C1","C1: Below 1.5°C with no or limited overshoot","WITCH 5.0","EN_NPi2020_500","56.6490069439893","18.51730140776001","21.57559755170116","14.435030775332095","569.4927598062526","1.468868481930608","1.536443440018267",
"1560","ENGAGE-NPi2020-500","WITCH 5.0","Final Energy|Residential and Commercial","EJ/yr","[object Object]",2080,30.9492308961152,"1.536443440018267","1.468868481930608","2049","569.4927598062526","324.88157908878463","-74.70185579908349","2053",,"GW1","Low Demand","failed","high","medium","ok","medium","high","ok","medium","ok","ok",,"medium","true","C1","C1: Below 1.5°C with no or limited overshoot","WITCH 5.0","EN_NPi2020_500","56.6490069439893","18.51730140776001","21.57559755170116","14.435030775332095","569.4927598062526","1.468868481930608","1.536443440018267",
"1560","ENGAGE-NPi2020-500","WITCH 5.0","Final Energy|Residential and Commercial","EJ/yr","[object Object]",2085,31.5766664346889,"1.536443440018267","1.468868481930608","2049","569.4927598062526","324.88157908878463","-74.70185579908349","2053",,"GW1","Low Demand","failed","high","medium","ok","medium","high","ok","medium","ok","ok",,"medium","true","C1","C1: Below 1.5°C with no or limited overshoot","WITCH 5.0","EN_NPi2020_500","56.6490069439893","18.51730140776001","21.57559755170116","14.435030775332095","569.4927598062526","1.468868481930608","1.536443440018267",
"1560","ENGAGE-NPi2020-500","WITCH 5.0","Final Energy|Residential and Commercial","EJ/yr","[object Object]",2090,31.7088202040719,"1.536443440018267","1.468868481930608","2049","569.4927598062526","324.88157908878463","-74.70185579908349","2053",,"GW1","Low Demand","failed","high","medium","ok","medium","high","ok","medium","ok","ok",,"medium","true","C1","C1: Below 1.5°C with no or limited overshoot","WITCH 5.0","EN_NPi2020_500","56.6490069439893","18.51730140776001","21.57559755170116","14.435030775332095","569.4927598062526","1.468868481930608","1.536443440018267",
"1560","ENGAGE-NPi2020-500","WITCH 5.0","Final Energy|Residential and Commercial","EJ/yr","[object Object]",2095,31.594283709699,"1.536443440018267","1.468868481930608","2049","569.4927598062526","324.88157908878463","-74.70185579908349","2053",,"GW1","Low Demand","failed","high","medium","ok","medium","high","ok","medium","ok","ok",,"medium","true","C1","C1: Below 1.5°C with no or limited overshoot","WITCH 5.0","EN_NPi2020_500","56.6490069439893","18.51730140776001","21.57559755170116","14.435030775332095","569.4927598062526","1.468868481930608","1.536443440018267",
"1560","ENGAGE-NPi2020-500","WITCH 5.0","Final Energy|Residential and Commercial","EJ/yr","[object Object]",2100,31.3959635893927,"1.536443440018267","1.468868481930608","2049","569.4927598062526","324.88157908878463","-74.70185579908349","2053",,"GW1","Low Demand","failed","high","medium","ok","medium","high","ok","medium","ok","ok",,"medium","true","C1","C1: Below 1.5°C with no or limited overshoot","WITCH 5.0","EN_NPi2020_500","56.6490069439893","18.51730140776001","21.57559755170116","14.435030775332095","569.4927598062526","1.468868481930608","1.536443440018267",
"1561","ENGAGE-NPi2020-500f","WITCH 5.0","Final Energy|Residential and Commercial","EJ/yr","[object Object]",2010,18.2157151982767,"1.595772553781781","1.471612088527754","2069","597.7929330949445","318.3198985864646","-256.61499677435563","2065","2076","GW1","Low Demand","failed","high","medium","ok","medium","high","ok","medium","ok","ok",,"medium","true","C1","C1: Below 1.5°C with no or limited overshoot","WITCH 5.0","EN_NPi2020_500f","48.87339983930073","31.400223706876247","16.73941778073233","14.044103005311143","597.7929330949445","1.471612088527754","1.595772553781781",
"1561","ENGAGE-NPi2020-500f","WITCH 5.0","Final Energy|Residential and Commercial","EJ/yr","[object Object]",2015,17.317157964335,"1.595772553781781","1.471612088527754","2069","597.7929330949445","318.3198985864646","-256.61499677435563","2065","2076","GW1","Low Demand","failed","high","medium","ok","medium","high","ok","medium","ok","ok",,"medium","true","C1","C1: Below 1.5°C with no or limited overshoot","WITCH 5.0","EN_NPi2020_500f","48.87339983930073","31.400223706876247","16.73941778073233","14.044103005311143","597.7929330949445","1.471612088527754","1.595772553781781",
"1561","ENGAGE-NPi2020-500f","WITCH 5.0","Final Energy|Residential and Commercial","EJ/yr","[object Object]",2020,14.4899960452284,"1.595772553781781","1.471612088527754","2069","597.7929330949445","318.3198985864646","-256.61499677435563","2065","2076","GW1","Low Demand","failed","high","medium","ok","medium","high","ok","medium","ok","ok",,"medium","true","C1","C1: Below 1.5°C with no or limited overshoot","WITCH 5.0","EN_NPi2020_500f","48.87339983930073","31.400223706876247","16.73941778073233","14.044103005311143","597.7929330949445","1.471612088527754","1.595772553781781",
"1561","ENGAGE-NPi2020-500f","WITCH 5.0","Final Energy|Residential and Commercial","EJ/yr","[object Object]",2025,15.1498901636656,"1.595772553781781","1.471612088527754","2069","597.7929330949445","318.3198985864646","-256.61499677435563","2065","2076","GW1","Low Demand","failed","high","medium","ok","medium","high","ok","medium","ok","ok",,"medium","true","C1","C1: Below 1.5°C with no or limited overshoot","WITCH 5.0","EN_NPi2020_500f","48.87339983930073","31.400223706876247","16.73941778073233","14.044103005311143","597.7929330949445","1.471612088527754","1.595772553781781",
"1561","ENGAGE-NPi2020-500f","WITCH 5.0","Final Energy|Residential and Commercial","EJ/yr","[object Object]",2030,15.7375244914374,"1.595772553781781","1.471612088527754","2069","597.7929330949445","318.3198985864646","-256.61499677435563","2065","2076","GW1","Low Demand","failed","high","medium","ok","medium","high","ok","medium","ok","ok",,"medium","true","C1","C1: Below 1.5°C with no or limited overshoot","WITCH 5.0","EN_NPi2020_500f","48.87339983930073","31.400223706876247","16.73941778073233","14.044103005311143","597.7929330949445","1.471612088527754","1.595772553781781",
"1561","ENGAGE-NPi2020-500f","WITCH 5.0","Final Energy|Residential and Commercial","EJ/yr","[object Object]",2035,17.9610210224714,"1.595772553781781","1.471612088527754","2069","597.7929330949445","318.3198985864646","-256.61499677435563","2065","2076","GW1","Low Demand","failed","high","medium","ok","medium","high","ok","medium","ok","ok",,"medium","true","C1","C1: Below 1.5°C with no or limited overshoot","WITCH 5.0","EN_NPi2020_500f","48.87339983930073","31.400223706876247","16.73941778073233","14.044103005311143","597.7929330949445","1.471612088527754","1.595772553781781",
"1561","ENGAGE-NPi2020-500f","WITCH 5.0","Final Energy|Residential and Commercial","EJ/yr","[object Object]",2040,19.4894212042886,"1.595772553781781","1.471612088527754","2069","597.7929330949445","318.3198985864646","-256.61499677435563","2065","2076","GW1","Low Demand","failed","high","medium","ok","medium","high","ok","medium","ok","ok",,"medium","true","C1","C1: Below 1.5°C with no or limited overshoot","WITCH 5.0","EN_NPi2020_500f","48.87339983930073","31.400223706876247","16.73941778073233","14.044103005311143","597.7929330949445","1.471612088527754","1.595772553781781",
"1561","ENGAGE-NPi2020-500f","WITCH 5.0","Final Energy|Residential and Commercial","EJ/yr","[object Object]",2045,21.6815050641817,"1.595772553781781","1.471612088527754","2069","597.7929330949445","318.3198985864646","-256.61499677435563","2065","2076","GW1","Low Demand","failed","high","medium","ok","medium","high","ok","medium","ok","ok",,"medium","true","C1","C1: Below 1.5°C with no or limited overshoot","WITCH 5.0","EN_NPi2020_500f","48.87339983930073","31.400223706876247","16.73941778073233","14.044103005311143","597.7929330949445","1.471612088527754","1.595772553781781",
"1561","ENGAGE-NPi2020-500f","WITCH 5.0","Final Energy|Residential and Commercial","EJ/yr","[object Object]",2050,23.1371944163863,"1.595772553781781","1.471612088527754","2069","597.7929330949445","318.3198985864646","-256.61499677435563","2065","2076","GW1","Low Demand","failed","high","medium","ok","medium","high","ok","medium","ok","ok",,"medium","true","C1","C1: Below 1.5°C with no or limited overshoot","WITCH 5.0","EN_NPi2020_500f","48.87339983930073","31.400223706876247","16.73941778073233","14.044103005311143","597.7929330949445","1.471612088527754","1.595772553781781",
"1561","ENGAGE-NPi2020-500f","WITCH 5.0","Final Energy|Residential and Commercial","EJ/yr","[object Object]",2055,25.086489871155,"1.595772553781781","1.471612088527754","2069","597.7929330949445","318.3198985864646","-256.61499677435563","2065","2076","GW1","Low Demand","failed","high","medium","ok","medium","high","ok","medium","ok","ok",,"medium","true","C1","C1: Below 1.5°C with no or limited overshoot","WITCH 5.0","EN_NPi2020_500f","48.87339983930073","31.400223706876247","16.73941778073233","14.044103005311143","597.7929330949445","1.471612088527754","1.595772553781781",
"1561","ENGAGE-NPi2020-500f","WITCH 5.0","Final Energy|Residential and Commercial","EJ/yr","[object Object]",2060,26.8051876523365,"1.595772553781781","1.471612088527754","2069","597.7929330949445","318.3198985864646","-256.61499677435563","2065","2076","GW1","Low Demand","failed","high","medium","ok","medium","high","ok","medium","ok","ok",,"medium","true","C1","C1: Below 1.5°C with no or limited overshoot","WITCH 5.0","EN_NPi2020_500f","48.87339983930073","31.400223706876247","16.73941778073233","14.044103005311143","597.7929330949445","1.471612088527754","1.595772553781781",
"1561","ENGAGE-NPi2020-500f","WITCH 5.0","Final Energy|Residential and Commercial","EJ/yr","[object Object]",2065,28.1385792686673,"1.595772553781781","1.471612088527754","2069","597.7929330949445","318.3198985864646","-256.61499677435563","2065","2076","GW1","Low Demand","failed","high","medium","ok","medium","high","ok","medium","ok","ok",,"medium","true","C1","C1: Below 1.5°C with no or limited overshoot","WITCH 5.0","EN_NPi2020_500f","48.87339983930073","31.400223706876247","16.73941778073233","14.044103005311143","597.7929330949445","1.471612088527754","1.595772553781781",
"1561","ENGAGE-NPi2020-500f","WITCH 5.0","Final Energy|Residential and Commercial","EJ/yr","[object Object]",2070,28.6199740152291,"1.595772553781781","1.471612088527754","2069","597.7929330949445","318.3198985864646","-256.61499677435563","2065","2076","GW1","Low Demand","failed","high","medium","ok","medium","high","ok","medium","ok","ok",,"medium","true","C1","C1: Below 1.5°C with no or limited overshoot","WITCH 5.0","EN_NPi2020_500f","48.87339983930073","31.400223706876247","16.73941778073233","14.044103005311143","597.7929330949445","1.471612088527754","1.595772553781781",
"1561","ENGAGE-NPi2020-500f","WITCH 5.0","Final Energy|Residential and Commercial","EJ/yr","[object Object]",2075,29.3847544990337,"1.595772553781781","1.471612088527754","2069","597.7929330949445","318.3198985864646","-256.61499677435563","2065","2076","GW1","Low Demand","failed","high","medium","ok","medium","high","ok","medium","ok","ok",,"medium","true","C1","C1: Below 1.5°C with no or limited overshoot","WITCH 5.0","EN_NPi2020_500f","48.87339983930073","31.400223706876247","16.73941778073233","14.044103005311143","597.7929330949445","1.471612088527754","1.595772553781781",
"1561","ENGAGE-NPi2020-500f","WITCH 5.0","Final Energy|Residential and Commercial","EJ/yr","[object Object]",2080,30.1338281580456,"1.595772553781781","1.471612088527754","2069","597.7929330949445","318.3198985864646","-256.61499677435563","2065","2076","GW1","Low Demand","failed","high","medium","ok","medium","high","ok","medium","ok","ok",,"medium","true","C1","C1: Below 1.5°C with no or limited overshoot","WITCH 5.0","EN_NPi2020_500f","48.87339983930073","31.400223706876247","16.73941778073233","14.044103005311143","597.7929330949445","1.471612088527754","1.595772553781781",
"1561","ENGAGE-NPi2020-500f","WITCH 5.0","Final Energy|Residential and Commercial","EJ/yr","[object Object]",2085,30.0673701924355,"1.595772553781781","1.471612088527754","2069","597.7929330949445","318.3198985864646","-256.61499677435563","2065","2076","GW1","Low Demand","failed","high","medium","ok","medium","high","ok","medium","ok","ok",,"medium","true","C1","C1: Below 1.5°C with no or limited overshoot","WITCH 5.0","EN_NPi2020_500f","48.87339983930073","31.400223706876247","16.73941778073233","14.044103005311143","597.7929330949445","1.471612088527754","1.595772553781781",
"1561","ENGAGE-NPi2020-500f","WITCH 5.0","Final Energy|Residential and Commercial","EJ/yr","[object Object]",2090,29.8849929989271,"1.595772553781781","1.471612088527754","2069","597.7929330949445","318.3198985864646","-256.61499677435563","2065","2076","GW1","Low Demand","failed","high","medium","ok","medium","high","ok","medium","ok","ok",,"medium","true","C1","C1: Below 1.5°C with no or limited overshoot","WITCH 5.0","EN_NPi2020_500f","48.87339983930073","31.400223706876247","16.73941778073233","14.044103005311143","597.7929330949445","1.471612088527754","1.595772553781781",
"1561","ENGAGE-NPi2020-500f","WITCH 5.0","Final Energy|Residential and Commercial","EJ/yr","[object Object]",2095,29.6212640502285,"1.595772553781781","1.471612088527754","2069","597.7929330949445","318.3198985864646","-256.61499677435563","2065","2076","GW1","Low Demand","failed","high","medium","ok","medium","high","ok","medium","ok","ok",,"medium","true","C1","C1: Below 1.5°C with no or limited overshoot","WITCH 5.0","EN_NPi2020_500f","48.87339983930073","31.400223706876247","16.73941778073233","14.044103005311143","597.7929330949445","1.471612088527754","1.595772553781781",
"1561","ENGAGE-NPi2020-500f","WITCH 5.0","Final Energy|Residential and Commercial","EJ/yr","[object Object]",2100,29.3519701979624,"1.595772553781781","1.471612088527754","2069","597.7929330949445","318.3198985864646","-256.61499677435563","2065","2076","GW1","Low Demand","failed","high","medium","ok","medium","high","ok","medium","ok","ok",,"medium","true","C1","C1: Below 1.5°C with no or limited overshoot","WITCH 5.0","EN_NPi2020_500f","48.87339983930073","31.400223706876247","16.73941778073233","14.044103005311143","597.7929330949445","1.471612088527754","1.595772553781781",