country_code,scenario,year,value,unit,source
ALB,SSP1,2023,2.824311,million,IIASA POPULATION 2023 Scenario Explorer
ALB,SSP1,2024,2.808372,million,IIASA POPULATION 2023 Scenario Explorer
ALB,SSP1,2025,2.792432,million,IIASA POPULATION 2023 Scenario Explorer
ALB,SSP1,2026,2.776861,million,IIASA POPULATION 2023 Scenario Explorer
ALB,SSP1,2027,2.76129,million,IIASA POPULATION 2023 Scenario Explorer
ALB,SSP1,2028,2.745719,million,IIASA POPULATION 2023 Scenario Explorer
ALB,SSP1,2029,2.730148,million,IIASA POPULATION 2023 Scenario Explorer
ALB,SSP1,2030,2.714577,million,IIASA POPULATION 2023 Scenario Explorer
ALB,SSP1,2031,2.694852,million,IIASA POPULATION 2023 Scenario Explorer
ALB,SSP1,2032,2.675126,million,IIASA POPULATION 2023 Scenario Explorer
ALB,SSP1,2033,2.655401,million,IIASA POPULATION 2023 Scenario Explorer
ALB,SSP1,2034,2.635675,million,IIASA POPULATION 2023 Scenario Explorer
ALB,SSP1,2035,2.61595,million,IIASA POPULATION 2023 Scenario Explorer
ALB,SSP1,2036,2.593827,million,IIASA POPULATION 2023 Scenario Explorer
ALB,SSP1,2037,2.571704,million,IIASA POPULATION 2023 Scenario Explorer
ALB,SSP1,2038,2.549581,million,IIASA POPULATION 2023 Scenario Explorer
ALB,SSP1,2039,2.527458,million,IIASA POPULATION 2023 Scenario Explorer
ALB,SSP1,2040,2.505335,million,IIASA POPULATION 2023 Scenario Explorer
ALB,SSP1,2041,2.482379,million,IIASA POPULATION 2023 Scenario Explorer
ALB,SSP1,2042,2.459423,million,IIASA POPULATION 2023 Scenario Explorer
ALB,SSP1,2043,2.436468,million,IIASA POPULATION 2023 Scenario Explorer
ALB,SSP1,2044,2.413512,million,IIASA POPULATION 2023 Scenario Explorer
ALB,SSP1,2045,2.390556,million,IIASA POPULATION 2023 Scenario Explorer
ALB,SSP1,2046,2.36732,million,IIASA POPULATION 2023 Scenario Explorer
ALB,SSP1,2047,2.344084,million,IIASA POPULATION 2023 Scenario Explorer
ALB,SSP1,2048,2.320849,million,IIASA POPULATION 2023 Scenario Explorer
ALB,SSP1,2049,2.297613,million,IIASA POPULATION 2023 Scenario Explorer
ALB,SSP1,2050,2.274377,million,IIASA POPULATION 2023 Scenario Explorer
ALB,SSP1,2051,2.25107,million,IIASA POPULATION 2023 Scenario Explorer
ALB,SSP1,2052,2.227763,million,IIASA POPULATION 2023 Scenario Explorer
ALB,SSP1,2053,2.204456,million,IIASA POPULATION 2023 Scenario Explorer
ALB,SSP1,2054,2.181149,million,IIASA POPULATION 2023 Scenario Explorer
ALB,SSP1,2055,2.157842,million,IIASA POPULATION 2023 Scenario Explorer
ALB,SSP1,2056,2.134492,million,IIASA POPULATION 2023 Scenario Explorer
ALB,SSP1,2057,2.111142,million,IIASA POPULATION 2023 Scenario Explorer
ALB,SSP1,2058,2.087792,million,IIASA POPULATION 2023 Scenario Explorer
ALB,SSP1,2059,2.064442,million,IIASA POPULATION 2023 Scenario Explorer
ALB,SSP1,2060,2.041092,million,IIASA POPULATION 2023 Scenario Explorer
ALB,SSP1,2061,2.019551,million,IIASA POPULATION 2023 Scenario Explorer
ALB,SSP1,2062,1.99801,million,IIASA POPULATION 2023 Scenario Explorer
ALB,SSP1,2063,1.97647,million,IIASA POPULATION 2023 Scenario Explorer
ALB,SSP1,2064,1.954929,million,IIASA POPULATION 2023 Scenario Explorer
ALB,SSP1,2065,1.933388,million,IIASA POPULATION 2023 Scenario Explorer
ALB,SSP1,2066,1.913797,million,IIASA POPULATION 2023 Scenario Explorer
ALB,SSP1,2067,1.894206,million,IIASA POPULATION 2023 Scenario Explorer
ALB,SSP1,2068,1.874615,million,IIASA POPULATION 2023 Scenario Explorer
ALB,SSP1,2069,1.855024,million,IIASA POPULATION 2023 Scenario Explorer
ALB,SSP1,2070,1.835433,million,IIASA POPULATION 2023 Scenario Explorer
ALB,SSP1,2071,1.817718,million,IIASA POPULATION 2023 Scenario Explorer
ALB,SSP1,2072,1.800003,million,IIASA POPULATION 2023 Scenario Explorer
ALB,SSP1,2073,1.782288,million,IIASA POPULATION 2023 Scenario Explorer
ALB,SSP1,2074,1.764573,million,IIASA POPULATION 2023 Scenario Explorer
ALB,SSP1,2075,1.746858,million,IIASA POPULATION 2023 Scenario Explorer
ALB,SSP1,2076,1.730472,million,IIASA POPULATION 2023 Scenario Explorer
ALB,SSP1,2077,1.714086,million,IIASA POPULATION 2023 Scenario Explorer
ALB,SSP1,2078,1.6977,million,IIASA POPULATION 2023 Scenario Explorer
ALB,SSP1,2079,1.681314,million,IIASA POPULATION 2023 Scenario Explorer
ALB,SSP1,2080,1.664928,million,IIASA POPULATION 2023 Scenario Explorer
ALB,SSP1,2081,1.649137,million,IIASA POPULATION 2023 Scenario Explorer
ALB,SSP1,2082,1.633346,million,IIASA POPULATION 2023 Scenario Explorer
ALB,SSP1,2083,1.617554,million,IIASA POPULATION 2023 Scenario Explorer
ALB,SSP1,2084,1.601763,million,IIASA POPULATION 2023 Scenario Explorer
ALB,SSP1,2085,1.585972,million,IIASA POPULATION 2023 Scenario Explorer
ALB,SSP1,2086,1.570229,million,IIASA POPULATION 2023 Scenario Explorer
ALB,SSP1,2087,1.554486,million,IIASA POPULATION 2023 Scenario Explorer
ALB,SSP1,2088,1.538744,million,IIASA POPULATION 2023 Scenario Explorer
ALB,SSP1,2089,1.523001,million,IIASA POPULATION 2023 Scenario Explorer
ALB,SSP1,2090,1.507258,million,IIASA POPULATION 2023 Scenario Explorer
ALB,SSP1,2091,1.491476,million,IIASA POPULATION 2023 Scenario Explorer
ALB,SSP1,2092,1.475693,million,IIASA POPULATION 2023 Scenario Explorer
ALB,SSP1,2093,1.459911,million,IIASA POPULATION 2023 Scenario Explorer
ALB,SSP1,2094,1.444128,million,IIASA POPULATION 2023 Scenario Explorer
ALB,SSP1,2095,1.428346,million,IIASA POPULATION 2023 Scenario Explorer
ALB,SSP1,2096,1.41302,million,IIASA POPULATION 2023 Scenario Explorer
ALB,SSP1,2097,1.397693,million,IIASA POPULATION 2023 Scenario Explorer
ALB,SSP1,2098,1.382367,million,IIASA POPULATION 2023 Scenario Explorer
ALB,SSP1,2099,1.36704,million,IIASA POPULATION 2023 Scenario Explorer
ALB,SSP1,2100,1.351714,million,IIASA POPULATION 2023 Scenario Explorer
BIH,SSP1,2023,3.246203,million,IIASA POPULATION 2023 Scenario Explorer
BIH,SSP1,2024,3.214612,million,IIASA POPULATION 2023 Scenario Explorer
BIH,SSP1,2025,3.183021,million,IIASA POPULATION 2023 Scenario Explorer
BIH,SSP1,2026,3.160637,million,IIASA POPULATION 2023 Scenario Explorer
BIH,SSP1,2027,3.138253,million,IIASA POPULATION 2023 Scenario Explorer
BIH,SSP1,2028,3.11587,million,IIASA POPULATION 2023 Scenario Explorer
BIH,SSP1,2029,3.093486,million,IIASA POPULATION 2023 Scenario Explorer
BIH,SSP1,2030,3.071102,million,IIASA POPULATION 2023 Scenario Explorer
BIH,SSP1,2031,3.04722,million,IIASA POPULATION 2023 Scenario Explorer
BIH,SSP1,2032,3.023337,million,IIASA POPULATION 2023 Scenario Explorer
BIH,SSP1,2033,2.999455,million,IIASA POPULATION 2023 Scenario Explorer
BIH,SSP1,2034,2.975572,million,IIASA POPULATION 2023 Scenario Explorer
BIH,SSP1,2035,2.95169,million,IIASA POPULATION 2023 Scenario Explorer
BIH,SSP1,2036,2.926817,million,IIASA POPULATION 2023 Scenario Explorer
BIH,SSP1,2037,2.901944,million,IIASA POPULATION 2023 Scenario Explorer
BIH,SSP1,2038,2.877071,million,IIASA POPULATION 2023 Scenario Explorer
BIH,SSP1,2039,2.852198,million,IIASA POPULATION 2023 Scenario Explorer
BIH,SSP1,2040,2.827325,million,IIASA POPULATION 2023 Scenario Explorer
BIH,SSP1,2041,2.802534,million,IIASA POPULATION 2023 Scenario Explorer
BIH,SSP1,2042,2.777743,million,IIASA POPULATION 2023 Scenario Explorer
BIH,SSP1,2043,2.752951,million,IIASA POPULATION 2023 Scenario Explorer
BIH,SSP1,2044,2.72816,million,IIASA POPULATION 2023 Scenario Explorer
BIH,SSP1,2045,2.703369,million,IIASA POPULATION 2023 Scenario Explorer
BIH,SSP1,2046,2.679056,million,IIASA POPULATION 2023 Scenario Explorer
BIH,SSP1,2047,2.654743,million,IIASA POPULATION 2023 Scenario Explorer
BIH,SSP1,2048,2.630431,million,IIASA POPULATION 2023 Scenario Explorer
BIH,SSP1,2049,2.606118,million,IIASA POPULATION 2023 Scenario Explorer
BIH,SSP1,2050,2.581805,million,IIASA POPULATION 2023 Scenario Explorer
BIH,SSP1,2051,2.55811,million,IIASA POPULATION 2023 Scenario Explorer
BIH,SSP1,2052,2.534415,million,IIASA POPULATION 2023 Scenario Explorer
BIH,SSP1,2053,2.51072,million,IIASA POPULATION 2023 Scenario Explorer
BIH,SSP1,2054,2.487025,million,IIASA POPULATION 2023 Scenario Explorer
BIH,SSP1,2055,2.46333,million,IIASA POPULATION 2023 Scenario Explorer
BIH,SSP1,2056,2.440048,million,IIASA POPULATION 2023 Scenario Explorer
BIH,SSP1,2057,2.416767,million,IIASA POPULATION 2023 Scenario Explorer
BIH,SSP1,2058,2.393485,million,IIASA POPULATION 2023 Scenario Explorer
BIH,SSP1,2059,2.370204,million,IIASA POPULATION 2023 Scenario Explorer
BIH,SSP1,2060,2.346922,million,IIASA POPULATION 2023 Scenario Explorer
BIH,SSP1,2061,2.32493,million,IIASA POPULATION 2023 Scenario Explorer
BIH,SSP1,2062,2.302938,million,IIASA POPULATION 2023 Scenario Explorer
BIH,SSP1,2063,2.280946,million,IIASA POPULATION 2023 Scenario Explorer
BIH,SSP1,2064,2.258954,million,IIASA POPULATION 2023 Scenario Explorer
BIH,SSP1,2065,2.236962,million,IIASA POPULATION 2023 Scenario Explorer
BIH,SSP1,2066,2.216319,million,IIASA POPULATION 2023 Scenario Explorer
BIH,SSP1,2067,2.195677,million,IIASA POPULATION 2023 Scenario Explorer
BIH,SSP1,2068,2.175034,million,IIASA POPULATION 2023 Scenario Explorer
BIH,SSP1,2069,2.154392,million,IIASA POPULATION 2023 Scenario Explorer
BIH,SSP1,2070,2.133749,million,IIASA POPULATION 2023 Scenario Explorer
BIH,SSP1,2071,2.114414,million,IIASA POPULATION 2023 Scenario Explorer
BIH,SSP1,2072,2.095079,million,IIASA POPULATION 2023 Scenario Explorer
BIH,SSP1,2073,2.075745,million,IIASA POPULATION 2023 Scenario Explorer
BIH,SSP1,2074,2.05641,million,IIASA POPULATION 2023 Scenario Explorer
BIH,SSP1,2075,2.037075,million,IIASA POPULATION 2023 Scenario Explorer
BIH,SSP1,2076,2.018886,million,IIASA POPULATION 2023 Scenario Explorer
BIH,SSP1,2077,2.000696,million,IIASA POPULATION 2023 Scenario Explorer
BIH,SSP1,2078,1.982507,million,IIASA POPULATION 2023 Scenario Explorer
BIH,SSP1,2079,1.964317,million,IIASA POPULATION 2023 Scenario Explorer
BIH,SSP1,2080,1.946128,million,IIASA POPULATION 2023 Scenario Explorer
BIH,SSP1,2081,1.92887,million,IIASA POPULATION 2023 Scenario Explorer
BIH,SSP1,2082,1.911612,million,IIASA POPULATION 2023 Scenario Explorer
BIH,SSP1,2083,1.894353,million,IIASA POPULATION 2023 Scenario Explorer
BIH,SSP1,2084,1.877095,million,IIASA POPULATION 2023 Scenario Explorer
BIH,SSP1,2085,1.859837,million,IIASA POPULATION 2023 Scenario Explorer
BIH,SSP1,2086,1.843388,million,IIASA POPULATION 2023 Scenario Explorer
BIH,SSP1,2087,1.82694,million,IIASA POPULATION 2023 Scenario Explorer
BIH,SSP1,2088,1.810491,million,IIASA POPULATION 2023 Scenario Explorer
BIH,SSP1,2089,1.794043,million,IIASA POPULATION 2023 Scenario Explorer
BIH,SSP1,2090,1.777594,million,IIASA POPULATION 2023 Scenario Explorer
BIH,SSP1,2091,1.761851,million,IIASA POPULATION 2023 Scenario Explorer
BIH,SSP1,2092,1.746108,million,IIASA POPULATION 2023 Scenario Explorer
BIH,SSP1,2093,1.730366,million,IIASA POPULATION 2023 Scenario Explorer
BIH,SSP1,2094,1.714623,million,IIASA POPULATION 2023 Scenario Explorer
BIH,SSP1,2095,1.69888,million,IIASA POPULATION 2023 Scenario Explorer
BIH,SSP1,2096,1.683589,million,IIASA POPULATION 2023 Scenario Explorer
BIH,SSP1,2097,1.668298,million,IIASA POPULATION 2023 Scenario Explorer
BIH,SSP1,2098,1.653008,million,IIASA POPULATION 2023 Scenario Explorer
BIH,SSP1,2099,1.637717,million,IIASA POPULATION 2023 Scenario Explorer
BIH,SSP1,2100,1.622426,million,IIASA POPULATION 2023 Scenario Explorer
MKD,SSP1,2023,2.103558,million,IIASA POPULATION 2023 Scenario Explorer
MKD,SSP1,2024,2.100069,million,IIASA POPULATION 2023 Scenario Explorer
MKD,SSP1,2025,2.09658,million,IIASA POPULATION 2023 Scenario Explorer
MKD,SSP1,2026,2.098227,million,IIASA POPULATION 2023 Scenario Explorer
MKD,SSP1,2027,2.099873,million,IIASA POPULATION 2023 Scenario Explorer
MKD,SSP1,2028,2.10152,million,IIASA POPULATION 2023 Scenario Explorer
MKD,SSP1,2029,2.103166,million,IIASA POPULATION 2023 Scenario Explorer
MKD,SSP1,2030,2.104813,million,IIASA POPULATION 2023 Scenario Explorer
MKD,SSP1,2031,2.104502,million,IIASA POPULATION 2023 Scenario Explorer
MKD,SSP1,2032,2.104192,million,IIASA POPULATION 2023 Scenario Explorer
MKD,SSP1,2033,2.103881,million,IIASA POPULATION 2023 Scenario Explorer
MKD,SSP1,2034,2.103571,million,IIASA POPULATION 2023 Scenario Explorer
MKD,SSP1,2035,2.10326,million,IIASA POPULATION 2023 Scenario Explorer
MKD,SSP1,2036,2.100859,million,IIASA POPULATION 2023 Scenario Explorer
MKD,SSP1,2037,2.098458,million,IIASA POPULATION 2023 Scenario Explorer
MKD,SSP1,2038,2.096057,million,IIASA POPULATION 2023 Scenario Explorer
MKD,SSP1,2039,2.093656,million,IIASA POPULATION 2023 Scenario Explorer
MKD,SSP1,2040,2.091255,million,IIASA POPULATION 2023 Scenario Explorer
MKD,SSP1,2041,2.087615,million,IIASA POPULATION 2023 Scenario Explorer
MKD,SSP1,2042,2.083975,million,IIASA POPULATION 2023 Scenario Explorer
MKD,SSP1,2043,2.080335,million,IIASA POPULATION 2023 Scenario Explorer
MKD,SSP1,2044,2.076695,million,IIASA POPULATION 2023 Scenario Explorer
MKD,SSP1,2045,2.073055,million,IIASA POPULATION 2023 Scenario Explorer
MKD,SSP1,2046,2.068656,million,IIASA POPULATION 2023 Scenario Explorer
MKD,SSP1,2047,2.064257,million,IIASA POPULATION 2023 Scenario Explorer
MKD,SSP1,2048,2.059859,million,IIASA POPULATION 2023 Scenario Explorer
MKD,SSP1,2049,2.05546,million,IIASA POPULATION 2023 Scenario Explorer
MKD,SSP1,2050,2.051061,million,IIASA POPULATION 2023 Scenario Explorer
MKD,SSP1,2051,2.04605,million,IIASA POPULATION 2023 Scenario Explorer
MKD,SSP1,2052,2.041039,million,IIASA POPULATION 2023 Scenario Explorer
MKD,SSP1,2053,2.036029,million,IIASA POPULATION 2023 Scenario Explorer
MKD,SSP1,2054,2.031018,million,IIASA POPULATION 2023 Scenario Explorer
MKD,SSP1,2055,2.026007,million,IIASA POPULATION 2023 Scenario Explorer
MKD,SSP1,2056,2.020147,million,IIASA POPULATION 2023 Scenario Explorer
MKD,SSP1,2057,2.014286,million,IIASA POPULATION 2023 Scenario Explorer
MKD,SSP1,2058,2.008426,million,IIASA POPULATION 2023 Scenario Explorer
MKD,SSP1,2059,2.002565,million,IIASA POPULATION 2023 Scenario Explorer
MKD,SSP1,2060,1.996705,million,IIASA POPULATION 2023 Scenario Explorer
MKD,SSP1,2061,1.989784,million,IIASA POPULATION 2023 Scenario Explorer
MKD,SSP1,2062,1.982863,million,IIASA POPULATION 2023 Scenario Explorer
MKD,SSP1,2063,1.975943,million,IIASA POPULATION 2023 Scenario Explorer
MKD,SSP1,2064,1.969022,million,IIASA POPULATION 2023 Scenario Explorer
MKD,SSP1,2065,1.962101,million,IIASA POPULATION 2023 Scenario Explorer
MKD,SSP1,2066,1.954044,million,IIASA POPULATION 2023 Scenario Explorer
MKD,SSP1,2067,1.945987,million,IIASA POPULATION 2023 Scenario Explorer
MKD,SSP1,2068,1.93793,million,IIASA POPULATION 2023 Scenario Explorer
MKD,SSP1,2069,1.929873,million,IIASA POPULATION 2023 Scenario Explorer
MKD,SSP1,2070,1.921816,million,IIASA POPULATION 2023 Scenario Explorer
MKD,SSP1,2071,1.912738,million,IIASA POPULATION 2023 Scenario Explorer
MKD,SSP1,2072,1.903661,million,IIASA POPULATION 2023 Scenario Explorer
MKD,SSP1,2073,1.894583,million,IIASA POPULATION 2023 Scenario Explorer
MKD,SSP1,2074,1.885506,million,IIASA POPULATION 2023 Scenario Explorer
MKD,SSP1,2075,1.876428,million,IIASA POPULATION 2023 Scenario Explorer
MKD,SSP1,2076,1.866553,million,IIASA POPULATION 2023 Scenario Explorer
MKD,SSP1,2077,1.856678,million,IIASA POPULATION 2023 Scenario Explorer
MKD,SSP1,2078,1.846804,million,IIASA POPULATION 2023 Scenario Explorer
MKD,SSP1,2079,1.836929,million,IIASA POPULATION 2023 Scenario Explorer
MKD,SSP1,2080,1.827054,million,IIASA POPULATION 2023 Scenario Explorer
MKD,SSP1,2081,1.816629,million,IIASA POPULATION 2023 Scenario Explorer
MKD,SSP1,2082,1.806204,million,IIASA POPULATION 2023 Scenario Explorer
MKD,SSP1,2083,1.795779,million,IIASA POPULATION 2023 Scenario Explorer
MKD,SSP1,2084,1.785354,million,IIASA POPULATION 2023 Scenario Explorer
MKD,SSP1,2085,1.774929,million,IIASA POPULATION 2023 Scenario Explorer
MKD,SSP1,2086,1.764132,million,IIASA POPULATION 2023 Scenario Explorer
MKD,SSP1,2087,1.753336,million,IIASA POPULATION 2023 Scenario Explorer
MKD,SSP1,2088,1.742539,million,IIASA POPULATION 2023 Scenario Explorer
MKD,SSP1,2089,1.731743,million,IIASA POPULATION 2023 Scenario Explorer
MKD,SSP1,2090,1.720946,million,IIASA POPULATION 2023 Scenario Explorer
MKD,SSP1,2091,1.709824,million,IIASA POPULATION 2023 Scenario Explorer
MKD,SSP1,2092,1.698702,million,IIASA POPULATION 2023 Scenario Explorer
MKD,SSP1,2093,1.687581,million,IIASA POPULATION 2023 Scenario Explorer
MKD,SSP1,2094,1.676459,million,IIASA POPULATION 2023 Scenario Explorer
MKD,SSP1,2095,1.665337,million,IIASA POPULATION 2023 Scenario Explorer
MKD,SSP1,2096,1.653714,million,IIASA POPULATION 2023 Scenario Explorer
MKD,SSP1,2097,1.642091,million,IIASA POPULATION 2023 Scenario Explorer
MKD,SSP1,2098,1.630469,million,IIASA POPULATION 2023 Scenario Explorer
MKD,SSP1,2099,1.618846,million,IIASA POPULATION 2023 Scenario Explorer
MKD,SSP1,2100,1.607223,million,IIASA POPULATION 2023 Scenario Explorer
MNE,SSP1,2023,0.641326,million,IIASA POPULATION 2023 Scenario Explorer
MNE,SSP1,2024,0.645138,million,IIASA POPULATION 2023 Scenario Explorer
MNE,SSP1,2025,0.648951,million,IIASA POPULATION 2023 Scenario Explorer
MNE,SSP1,2026,0.647602,million,IIASA POPULATION 2023 Scenario Explorer
MNE,SSP1,2027,0.646253,million,IIASA POPULATION 2023 Scenario Explorer
MNE,SSP1,2028,0.644905,million,IIASA POPULATION 2023 Scenario Explorer
MNE,SSP1,2029,0.643556,million,IIASA POPULATION 2023 Scenario Explorer
MNE,SSP1,2030,0.642207,million,IIASA POPULATION 2023 Scenario Explorer
MNE,SSP1,2031,0.640852,million,IIASA POPULATION 2023 Scenario Explorer
MNE,SSP1,2032,0.639497,million,IIASA POPULATION 2023 Scenario Explorer
MNE,SSP1,2033,0.638143,million,IIASA POPULATION 2023 Scenario Explorer
MNE,SSP1,2034,0.636788,million,IIASA POPULATION 2023 Scenario Explorer
MNE,SSP1,2035,0.635433,million,IIASA POPULATION 2023 Scenario Explorer
MNE,SSP1,2036,0.634225,million,IIASA POPULATION 2023 Scenario Explorer
MNE,SSP1,2037,0.633017,million,IIASA POPULATION 2023 Scenario Explorer
MNE,SSP1,2038,0.631808,million,IIASA POPULATION 2023 Scenario Explorer
MNE,SSP1,2039,0.6306,million,IIASA POPULATION 2023 Scenario Explorer
MNE,SSP1,2040,0.629392,million,IIASA POPULATION 2023 Scenario Explorer
MNE,SSP1,2041,0.628335,million,IIASA POPULATION 2023 Scenario Explorer
MNE,SSP1,2042,0.627279,million,IIASA POPULATION 2023 Scenario Explorer
MNE,SSP1,2043,0.626222,million,IIASA POPULATION 2023 Scenario Explorer
MNE,SSP1,2044,0.625166,million,IIASA POPULATION 2023 Scenario Explorer
MNE,SSP1,2045,0.624109,million,IIASA POPULATION 2023 Scenario Explorer
MNE,SSP1,2046,0.623074,million,IIASA POPULATION 2023 Scenario Explorer
MNE,SSP1,2047,0.622039,million,IIASA POPULATION 2023 Scenario Explorer
MNE,SSP1,2048,0.621003,million,IIASA POPULATION 2023 Scenario Explorer
MNE,SSP1,2049,0.619968,million,IIASA POPULATION 2023 Scenario Explorer
MNE,SSP1,2050,0.618933,million,IIASA POPULATION 2023 Scenario Explorer
MNE,SSP1,2051,0.617721,million,IIASA POPULATION 2023 Scenario Explorer
MNE,SSP1,2052,0.616508,million,IIASA POPULATION 2023 Scenario Explorer
MNE,SSP1,2053,0.615296,million,IIASA POPULATION 2023 Scenario Explorer
MNE,SSP1,2054,0.614083,million,IIASA POPULATION 2023 Scenario Explorer
MNE,SSP1,2055,0.612871,million,IIASA POPULATION 2023 Scenario Explorer
MNE,SSP1,2056,0.611383,million,IIASA POPULATION 2023 Scenario Explorer
MNE,SSP1,2057,0.609895,million,IIASA POPULATION 2023 Scenario Explorer
MNE,SSP1,2058,0.608408,million,IIASA POPULATION 2023 Scenario Explorer
MNE,SSP1,2059,0.60692,million,IIASA POPULATION 2023 Scenario Explorer
MNE,SSP1,2060,0.605432,million,IIASA POPULATION 2023 Scenario Explorer
MNE,SSP1,2061,0.603719,million,IIASA POPULATION 2023 Scenario Explorer
MNE,SSP1,2062,0.602006,million,IIASA POPULATION 2023 Scenario Explorer
MNE,SSP1,2063,0.600293,million,IIASA POPULATION 2023 Scenario Explorer
MNE,SSP1,2064,0.59858,million,IIASA POPULATION 2023 Scenario Explorer
MNE,SSP1,2065,0.596867,million,IIASA POPULATION 2023 Scenario Explorer
MNE,SSP1,2066,0.594976,million,IIASA POPULATION 2023 Scenario Explorer
MNE,SSP1,2067,0.593085,million,IIASA POPULATION 2023 Scenario Explorer
MNE,SSP1,2068,0.591194,million,IIASA POPULATION 2023 Scenario Explorer
MNE,SSP1,2069,0.589303,million,IIASA POPULATION 2023 Scenario Explorer
MNE,SSP1,2070,0.587412,million,IIASA POPULATION 2023 Scenario Explorer
MNE,SSP1,2071,0.585373,million,IIASA POPULATION 2023 Scenario Explorer
MNE,SSP1,2072,0.583335,million,IIASA POPULATION 2023 Scenario Explorer
MNE,SSP1,2073,0.581296,million,IIASA POPULATION 2023 Scenario Explorer
MNE,SSP1,2074,0.579258,million,IIASA POPULATION 2023 Scenario Explorer
MNE,SSP1,2075,0.577219,million,IIASA POPULATION 2023 Scenario Explorer
MNE,SSP1,2076,0.575033,million,IIASA POPULATION 2023 Scenario Explorer
MNE,SSP1,2077,0.572848,million,IIASA POPULATION 2023 Scenario Explorer
MNE,SSP1,2078,0.570662,million,IIASA POPULATION 2023 Scenario Explorer
MNE,SSP1,2079,0.568477,million,IIASA POPULATION 2023 Scenario Explorer
MNE,SSP1,2080,0.566291,million,IIASA POPULATION 2023 Scenario Explorer
MNE,SSP1,2081,0.56395,million,IIASA POPULATION 2023 Scenario Explorer
MNE,SSP1,2082,0.561608,million,IIASA POPULATION 2023 Scenario Explorer
MNE,SSP1,2083,0.559267,million,IIASA POPULATION 2023 Scenario Explorer
MNE,SSP1,2084,0.556925,million,IIASA POPULATION 2023 Scenario Explorer
MNE,SSP1,2085,0.554584,million,IIASA POPULATION 2023 Scenario Explorer
MNE,SSP1,2086,0.552078,million,IIASA POPULATION 2023 Scenario Explorer
MNE,SSP1,2087,0.549572,million,IIASA POPULATION 2023 Scenario Explorer
MNE,SSP1,2088,0.547067,million,IIASA POPULATION 2023 Scenario Explorer
MNE,SSP1,2089,0.544561,million,IIASA POPULATION 2023 Scenario Explorer
MNE,SSP1,2090,0.542055,million,IIASA POPULATION 2023 Scenario Explorer
MNE,SSP1,2091,0.539349,million,IIASA POPULATION 2023 Scenario Explorer
MNE,SSP1,2092,0.536643,million,IIASA POPULATION 2023 Scenario Explorer
MNE,SSP1,2093,0.533936,million,IIASA POPULATION 2023 Scenario Explorer
MNE,SSP1,2094,0.53123,million,IIASA POPULATION 2023 Scenario Explorer
MNE,SSP1,2095,0.528524,million,IIASA POPULATION 2023 Scenario Explorer
MNE,SSP1,2096,0.525553,million,IIASA POPULATION 2023 Scenario Explorer
MNE,SSP1,2097,0.522582,million,IIASA POPULATION 2023 Scenario Explorer
MNE,SSP1,2098,0.519611,million,IIASA POPULATION 2023 Scenario Explorer
MNE,SSP1,2099,0.51664,million,IIASA POPULATION 2023 Scenario Explorer
MNE,SSP1,2100,0.513669,million,IIASA POPULATION 2023 Scenario Explorer
SRB,SSP1,2023,7.251613,million,IIASA POPULATION 2023 Scenario Explorer
SRB,SSP1,2024,7.207463,million,IIASA POPULATION 2023 Scenario Explorer
SRB,SSP1,2025,7.163313,million,IIASA POPULATION 2023 Scenario Explorer
SRB,SSP1,2026,7.143921,million,IIASA POPULATION 2023 Scenario Explorer
SRB,SSP1,2027,7.124528,million,IIASA POPULATION 2023 Scenario Explorer
SRB,SSP1,2028,7.105136,million,IIASA POPULATION 2023 Scenario Explorer
SRB,SSP1,2029,7.085743,million,IIASA POPULATION 2023 Scenario Explorer
SRB,SSP1,2030,7.066351,million,IIASA POPULATION 2023 Scenario Explorer
SRB,SSP1,2031,7.046949,million,IIASA POPULATION 2023 Scenario Explorer
SRB,SSP1,2032,7.027546,million,IIASA POPULATION 2023 Scenario Explorer
SRB,SSP1,2033,7.008144,million,IIASA POPULATION 2023 Scenario Explorer
SRB,SSP1,2034,6.988741,million,IIASA POPULATION 2023 Scenario Explorer
SRB,SSP1,2035,6.969339,million,IIASA POPULATION 2023 Scenario Explorer
SRB,SSP1,2036,6.948897,million,IIASA POPULATION 2023 Scenario Explorer
SRB,SSP1,2037,6.928456,million,IIASA POPULATION 2023 Scenario Explorer
SRB,SSP1,2038,6.908014,million,IIASA POPULATION 2023 Scenario Explorer
SRB,SSP1,2039,6.887573,million,IIASA POPULATION 2023 Scenario Explorer
SRB,SSP1,2040,6.867131,million,IIASA POPULATION 2023 Scenario Explorer
SRB,SSP1,2041,6.848219,million,IIASA POPULATION 2023 Scenario Explorer
SRB,SSP1,2042,6.829307,million,IIASA POPULATION 2023 Scenario Explorer
SRB,SSP1,2043,6.810394,million,IIASA POPULATION 2023 Scenario Explorer
SRB,SSP1,2044,6.791482,million,IIASA POPULATION 2023 Scenario Explorer
SRB,SSP1,2045,6.77257,million,IIASA POPULATION 2023 Scenario Explorer
SRB,SSP1,2046,6.755463,million,IIASA POPULATION 2023 Scenario Explorer
SRB,SSP1,2047,6.738356,million,IIASA POPULATION 2023 Scenario Explorer
SRB,SSP1,2048,6.721249,million,IIASA POPULATION 2023 Scenario Explorer
SRB,SSP1,2049,6.704142,million,IIASA POPULATION 2023 Scenario Explorer
SRB,SSP1,2050,6.687035,million,IIASA POPULATION 2023 Scenario Explorer
SRB,SSP1,2051,6.670688,million,IIASA POPULATION 2023 Scenario Explorer
SRB,SSP1,2052,6.654341,million,IIASA POPULATION 2023 Scenario Explorer
SRB,SSP1,2053,6.637993,million,IIASA POPULATION 2023 Scenario Explorer
SRB,SSP1,2054,6.621646,million,IIASA POPULATION 2023 Scenario Explorer
SRB,SSP1,2055,6.605299,million,IIASA POPULATION 2023 Scenario Explorer
SRB,SSP1,2056,6.587758,million,IIASA POPULATION 2023 Scenario Explorer
SRB,SSP1,2057,6.570218,million,IIASA POPULATION 2023 Scenario Explorer
SRB,SSP1,2058,6.552677,million,IIASA POPULATION 2023 Scenario Explorer
SRB,SSP1,2059,6.535137,million,IIASA POPULATION 2023 Scenario Explorer
SRB,SSP1,2060,6.517596,million,IIASA POPULATION 2023 Scenario Explorer
SRB,SSP1,2061,6.496368,million,IIASA POPULATION 2023 Scenario Explorer
SRB,SSP1,2062,6.47514,million,IIASA POPULATION 2023 Scenario Explorer
SRB,SSP1,2063,6.453911,million,IIASA POPULATION 2023 Scenario Explorer
SRB,SSP1,2064,6.432683,million,IIASA POPULATION 2023 Scenario Explorer
SRB,SSP1,2065,6.411455,million,IIASA POPULATION 2023 Scenario Explorer
SRB,SSP1,2066,6.386654,million,IIASA POPULATION 2023 Scenario Explorer
SRB,SSP1,2067,6.361853,million,IIASA POPULATION 2023 Scenario Explorer
SRB,SSP1,2068,6.337051,million,IIASA POPULATION 2023 Scenario Explorer
SRB,SSP1,2069,6.31225,million,IIASA POPULATION 2023 Scenario Explorer
SRB,SSP1,2070,6.287449,million,IIASA POPULATION 2023 Scenario Explorer
SRB,SSP1,2071,6.260103,million,IIASA POPULATION 2023 Scenario Explorer
SRB,SSP1,2072,6.232758,million,IIASA POPULATION 2023 Scenario Explorer
SRB,SSP1,2073,6.205412,million,IIASA POPULATION 2023 Scenario Explorer
SRB,SSP1,2074,6.178067,million,IIASA POPULATION 2023 Scenario Explorer
SRB,SSP1,2075,6.150721,million,IIASA POPULATION 2023 Scenario Explorer
SRB,SSP1,2076,6.122031,million,IIASA POPULATION 2023 Scenario Explorer
SRB,SSP1,2077,6.093341,million,IIASA POPULATION 2023 Scenario Explorer
SRB,SSP1,2078,6.06465,million,IIASA POPULATION 2023 Scenario Explorer
SRB,SSP1,2079,6.03596,million,IIASA POPULATION 2023 Scenario Explorer
SRB,SSP1,2080,6.00727,million,IIASA POPULATION 2023 Scenario Explorer
SRB,SSP1,2081,5.977919,million,IIASA POPULATION 2023 Scenario Explorer
SRB,SSP1,2082,5.948567,million,IIASA POPULATION 2023 Scenario Explorer
SRB,SSP1,2083,5.919216,million,IIASA POPULATION 2023 Scenario Explorer
SRB,SSP1,2084,5.889864,million,IIASA POPULATION 2023 Scenario Explorer
SRB,SSP1,2085,5.860513,million,IIASA POPULATION 2023 Scenario Explorer
SRB,SSP1,2086,5.830332,million,IIASA POPULATION 2023 Scenario Explorer
SRB,SSP1,2087,5.800152,million,IIASA POPULATION 2023 Scenario Explorer
SRB,SSP1,2088,5.769971,million,IIASA POPULATION 2023 Scenario Explorer
SRB,SSP1,2089,5.739791,million,IIASA POPULATION 2023 Scenario Explorer
SRB,SSP1,2090,5.70961,million,IIASA POPULATION 2023 Scenario Explorer
SRB,SSP1,2091,5.678043,million,IIASA POPULATION 2023 Scenario Explorer
SRB,SSP1,2092,5.646476,million,IIASA POPULATION 2023 Scenario Explorer
SRB,SSP1,2093,5.614908,million,IIASA POPULATION 2023 Scenario Explorer
SRB,SSP1,2094,5.583341,million,IIASA POPULATION 2023 Scenario Explorer
SRB,SSP1,2095,5.551774,million,IIASA POPULATION 2023 Scenario Explorer
SRB,SSP1,2096,5.518017,million,IIASA POPULATION 2023 Scenario Explorer
SRB,SSP1,2097,5.484259,million,IIASA POPULATION 2023 Scenario Explorer
SRB,SSP1,2098,5.450502,million,IIASA POPULATION 2023 Scenario Explorer
SRB,SSP1,2099,5.416744,million,IIASA POPULATION 2023 Scenario Explorer
SRB,SSP1,2100,5.382987,million,IIASA POPULATION 2023 Scenario Explorer
KOS,SSP1,2023,1.76,million,Synthesized Kosovo: Serbia IIASA POPULATION SSP growth indexed to Kosovo 2023 base
KOS,SSP1,2024,1.749285,million,Synthesized Kosovo: Serbia IIASA POPULATION SSP growth indexed to Kosovo 2023 base
KOS,SSP1,2025,1.738569,million,Synthesized Kosovo: Serbia IIASA POPULATION SSP growth indexed to Kosovo 2023 base
KOS,SSP1,2026,1.733863,million,Synthesized Kosovo: Serbia IIASA POPULATION SSP growth indexed to Kosovo 2023 base
KOS,SSP1,2027,1.729156,million,Synthesized Kosovo: Serbia IIASA POPULATION SSP growth indexed to Kosovo 2023 base
KOS,SSP1,2028,1.724449,million,Synthesized Kosovo: Serbia IIASA POPULATION SSP growth indexed to Kosovo 2023 base
KOS,SSP1,2029,1.719743,million,Synthesized Kosovo: Serbia IIASA POPULATION SSP growth indexed to Kosovo 2023 base
KOS,SSP1,2030,1.715036,million,Synthesized Kosovo: Serbia IIASA POPULATION SSP growth indexed to Kosovo 2023 base
KOS,SSP1,2031,1.710327,million,Synthesized Kosovo: Serbia IIASA POPULATION SSP growth indexed to Kosovo 2023 base
KOS,SSP1,2032,1.705618,million,Synthesized Kosovo: Serbia IIASA POPULATION SSP growth indexed to Kosovo 2023 base
KOS,SSP1,2033,1.700909,million,Synthesized Kosovo: Serbia IIASA POPULATION SSP growth indexed to Kosovo 2023 base
KOS,SSP1,2034,1.6962,million,Synthesized Kosovo: Serbia IIASA POPULATION SSP growth indexed to Kosovo 2023 base
KOS,SSP1,2035,1.691491,million,Synthesized Kosovo: Serbia IIASA POPULATION SSP growth indexed to Kosovo 2023 base
KOS,SSP1,2036,1.68653,million,Synthesized Kosovo: Serbia IIASA POPULATION SSP growth indexed to Kosovo 2023 base
KOS,SSP1,2037,1.681568,million,Synthesized Kosovo: Serbia IIASA POPULATION SSP growth indexed to Kosovo 2023 base
KOS,SSP1,2038,1.676607,million,Synthesized Kosovo: Serbia IIASA POPULATION SSP growth indexed to Kosovo 2023 base
KOS,SSP1,2039,1.671646,million,Synthesized Kosovo: Serbia IIASA POPULATION SSP growth indexed to Kosovo 2023 base
KOS,SSP1,2040,1.666684,million,Synthesized Kosovo: Serbia IIASA POPULATION SSP growth indexed to Kosovo 2023 base
KOS,SSP1,2041,1.662094,million,Synthesized Kosovo: Serbia IIASA POPULATION SSP growth indexed to Kosovo 2023 base
KOS,SSP1,2042,1.657504,million,Synthesized Kosovo: Serbia IIASA POPULATION SSP growth indexed to Kosovo 2023 base
KOS,SSP1,2043,1.652914,million,Synthesized Kosovo: Serbia IIASA POPULATION SSP growth indexed to Kosovo 2023 base
KOS,SSP1,2044,1.648324,million,Synthesized Kosovo: Serbia IIASA POPULATION SSP growth indexed to Kosovo 2023 base
KOS,SSP1,2045,1.643734,million,Synthesized Kosovo: Serbia IIASA POPULATION SSP growth indexed to Kosovo 2023 base
KOS,SSP1,2046,1.639582,million,Synthesized Kosovo: Serbia IIASA POPULATION SSP growth indexed to Kosovo 2023 base
KOS,SSP1,2047,1.63543,million,Synthesized Kosovo: Serbia IIASA POPULATION SSP growth indexed to Kosovo 2023 base
KOS,SSP1,2048,1.631278,million,Synthesized Kosovo: Serbia IIASA POPULATION SSP growth indexed to Kosovo 2023 base
KOS,SSP1,2049,1.627126,million,Synthesized Kosovo: Serbia IIASA POPULATION SSP growth indexed to Kosovo 2023 base
KOS,SSP1,2050,1.622974,million,Synthesized Kosovo: Serbia IIASA POPULATION SSP growth indexed to Kosovo 2023 base
KOS,SSP1,2051,1.619007,million,Synthesized Kosovo: Serbia IIASA POPULATION SSP growth indexed to Kosovo 2023 base
KOS,SSP1,2052,1.615039,million,Synthesized Kosovo: Serbia IIASA POPULATION SSP growth indexed to Kosovo 2023 base
KOS,SSP1,2053,1.611072,million,Synthesized Kosovo: Serbia IIASA POPULATION SSP growth indexed to Kosovo 2023 base
KOS,SSP1,2054,1.607104,million,Synthesized Kosovo: Serbia IIASA POPULATION SSP growth indexed to Kosovo 2023 base
KOS,SSP1,2055,1.603137,million,Synthesized Kosovo: Serbia IIASA POPULATION SSP growth indexed to Kosovo 2023 base
KOS,SSP1,2056,1.598879,million,Synthesized Kosovo: Serbia IIASA POPULATION SSP growth indexed to Kosovo 2023 base
KOS,SSP1,2057,1.594622,million,Synthesized Kosovo: Serbia IIASA POPULATION SSP growth indexed to Kosovo 2023 base
KOS,SSP1,2058,1.590365,million,Synthesized Kosovo: Serbia IIASA POPULATION SSP growth indexed to Kosovo 2023 base
KOS,SSP1,2059,1.586108,million,Synthesized Kosovo: Serbia IIASA POPULATION SSP growth indexed to Kosovo 2023 base
KOS,SSP1,2060,1.581851,million,Synthesized Kosovo: Serbia IIASA POPULATION SSP growth indexed to Kosovo 2023 base
KOS,SSP1,2061,1.576698,million,Synthesized Kosovo: Serbia IIASA POPULATION SSP growth indexed to Kosovo 2023 base
KOS,SSP1,2062,1.571546,million,Synthesized Kosovo: Serbia IIASA POPULATION SSP growth indexed to Kosovo 2023 base
KOS,SSP1,2063,1.566394,million,Synthesized Kosovo: Serbia IIASA POPULATION SSP growth indexed to Kosovo 2023 base
KOS,SSP1,2064,1.561242,million,Synthesized Kosovo: Serbia IIASA POPULATION SSP growth indexed to Kosovo 2023 base
KOS,SSP1,2065,1.55609,million,Synthesized Kosovo: Serbia IIASA POPULATION SSP growth indexed to Kosovo 2023 base
KOS,SSP1,2066,1.55007,million,Synthesized Kosovo: Serbia IIASA POPULATION SSP growth indexed to Kosovo 2023 base
KOS,SSP1,2067,1.544051,million,Synthesized Kosovo: Serbia IIASA POPULATION SSP growth indexed to Kosovo 2023 base
KOS,SSP1,2068,1.538032,million,Synthesized Kosovo: Serbia IIASA POPULATION SSP growth indexed to Kosovo 2023 base
KOS,SSP1,2069,1.532012,million,Synthesized Kosovo: Serbia IIASA POPULATION SSP growth indexed to Kosovo 2023 base
KOS,SSP1,2070,1.525993,million,Synthesized Kosovo: Serbia IIASA POPULATION SSP growth indexed to Kosovo 2023 base
KOS,SSP1,2071,1.519356,million,Synthesized Kosovo: Serbia IIASA POPULATION SSP growth indexed to Kosovo 2023 base
KOS,SSP1,2072,1.512719,million,Synthesized Kosovo: Serbia IIASA POPULATION SSP growth indexed to Kosovo 2023 base
KOS,SSP1,2073,1.506082,million,Synthesized Kosovo: Serbia IIASA POPULATION SSP growth indexed to Kosovo 2023 base
KOS,SSP1,2074,1.499445,million,Synthesized Kosovo: Serbia IIASA POPULATION SSP growth indexed to Kosovo 2023 base
KOS,SSP1,2075,1.492808,million,Synthesized Kosovo: Serbia IIASA POPULATION SSP growth indexed to Kosovo 2023 base
KOS,SSP1,2076,1.485845,million,Synthesized Kosovo: Serbia IIASA POPULATION SSP growth indexed to Kosovo 2023 base
KOS,SSP1,2077,1.478882,million,Synthesized Kosovo: Serbia IIASA POPULATION SSP growth indexed to Kosovo 2023 base
KOS,SSP1,2078,1.471919,million,Synthesized Kosovo: Serbia IIASA POPULATION SSP growth indexed to Kosovo 2023 base
KOS,SSP1,2079,1.464955,million,Synthesized Kosovo: Serbia IIASA POPULATION SSP growth indexed to Kosovo 2023 base
KOS,SSP1,2080,1.457992,million,Synthesized Kosovo: Serbia IIASA POPULATION SSP growth indexed to Kosovo 2023 base
KOS,SSP1,2081,1.450868,million,Synthesized Kosovo: Serbia IIASA POPULATION SSP growth indexed to Kosovo 2023 base
KOS,SSP1,2082,1.443745,million,Synthesized Kosovo: Serbia IIASA POPULATION SSP growth indexed to Kosovo 2023 base
KOS,SSP1,2083,1.436621,million,Synthesized Kosovo: Serbia IIASA POPULATION SSP growth indexed to Kosovo 2023 base
KOS,SSP1,2084,1.429497,million,Synthesized Kosovo: Serbia IIASA POPULATION SSP growth indexed to Kosovo 2023 base
KOS,SSP1,2085,1.422374,million,Synthesized Kosovo: Serbia IIASA POPULATION SSP growth indexed to Kosovo 2023 base
KOS,SSP1,2086,1.415049,million,Synthesized Kosovo: Serbia IIASA POPULATION SSP growth indexed to Kosovo 2023 base
KOS,SSP1,2087,1.407724,million,Synthesized Kosovo: Serbia IIASA POPULATION SSP growth indexed to Kosovo 2023 base
KOS,SSP1,2088,1.400399,million,Synthesized Kosovo: Serbia IIASA POPULATION SSP growth indexed to Kosovo 2023 base
KOS,SSP1,2089,1.393074,million,Synthesized Kosovo: Serbia IIASA POPULATION SSP growth indexed to Kosovo 2023 base
KOS,SSP1,2090,1.385749,million,Synthesized Kosovo: Serbia IIASA POPULATION SSP growth indexed to Kosovo 2023 base
KOS,SSP1,2091,1.378087,million,Synthesized Kosovo: Serbia IIASA POPULATION SSP growth indexed to Kosovo 2023 base
KOS,SSP1,2092,1.370426,million,Synthesized Kosovo: Serbia IIASA POPULATION SSP growth indexed to Kosovo 2023 base
KOS,SSP1,2093,1.362764,million,Synthesized Kosovo: Serbia IIASA POPULATION SSP growth indexed to Kosovo 2023 base
KOS,SSP1,2094,1.355103,million,Synthesized Kosovo: Serbia IIASA POPULATION SSP growth indexed to Kosovo 2023 base
KOS,SSP1,2095,1.347441,million,Synthesized Kosovo: Serbia IIASA POPULATION SSP growth indexed to Kosovo 2023 base
KOS,SSP1,2096,1.339248,million,Synthesized Kosovo: Serbia IIASA POPULATION SSP growth indexed to Kosovo 2023 base
KOS,SSP1,2097,1.331055,million,Synthesized Kosovo: Serbia IIASA POPULATION SSP growth indexed to Kosovo 2023 base
KOS,SSP1,2098,1.322862,million,Synthesized Kosovo: Serbia IIASA POPULATION SSP growth indexed to Kosovo 2023 base
KOS,SSP1,2099,1.314669,million,Synthesized Kosovo: Serbia IIASA POPULATION SSP growth indexed to Kosovo 2023 base
KOS,SSP1,2100,1.306476,million,Synthesized Kosovo: Serbia IIASA POPULATION SSP growth indexed to Kosovo 2023 base
ALB,SSP2,2023,2.824587,million,IIASA POPULATION 2023 Scenario Explorer
ALB,SSP2,2024,2.80874,million,IIASA POPULATION 2023 Scenario Explorer
ALB,SSP2,2025,2.792892,million,IIASA POPULATION 2023 Scenario Explorer
ALB,SSP2,2026,2.777372,million,IIASA POPULATION 2023 Scenario Explorer
ALB,SSP2,2027,2.761851,million,IIASA POPULATION 2023 Scenario Explorer
ALB,SSP2,2028,2.746331,million,IIASA POPULATION 2023 Scenario Explorer
ALB,SSP2,2029,2.73081,million,IIASA POPULATION 2023 Scenario Explorer
ALB,SSP2,2030,2.71529,million,IIASA POPULATION 2023 Scenario Explorer
ALB,SSP2,2031,2.695325,million,IIASA POPULATION 2023 Scenario Explorer
ALB,SSP2,2032,2.675359,million,IIASA POPULATION 2023 Scenario Explorer
ALB,SSP2,2033,2.655394,million,IIASA POPULATION 2023 Scenario Explorer
ALB,SSP2,2034,2.635428,million,IIASA POPULATION 2023 Scenario Explorer
ALB,SSP2,2035,2.615463,million,IIASA POPULATION 2023 Scenario Explorer
ALB,SSP2,2036,2.592967,million,IIASA POPULATION 2023 Scenario Explorer
ALB,SSP2,2037,2.57047,million,IIASA POPULATION 2023 Scenario Explorer
ALB,SSP2,2038,2.547974,million,IIASA POPULATION 2023 Scenario Explorer
ALB,SSP2,2039,2.525477,million,IIASA POPULATION 2023 Scenario Explorer
ALB,SSP2,2040,2.502981,million,IIASA POPULATION 2023 Scenario Explorer
ALB,SSP2,2041,2.479476,million,IIASA POPULATION 2023 Scenario Explorer
ALB,SSP2,2042,2.455971,million,IIASA POPULATION 2023 Scenario Explorer
ALB,SSP2,2043,2.432467,million,IIASA POPULATION 2023 Scenario Explorer
ALB,SSP2,2044,2.408962,million,IIASA POPULATION 2023 Scenario Explorer
ALB,SSP2,2045,2.385457,million,IIASA POPULATION 2023 Scenario Explorer
ALB,SSP2,2046,2.361942,million,IIASA POPULATION 2023 Scenario Explorer
ALB,SSP2,2047,2.338427,million,IIASA POPULATION 2023 Scenario Explorer
ALB,SSP2,2048,2.314912,million,IIASA POPULATION 2023 Scenario Explorer
ALB,SSP2,2049,2.291397,million,IIASA POPULATION 2023 Scenario Explorer
ALB,SSP2,2050,2.267882,million,IIASA POPULATION 2023 Scenario Explorer
ALB,SSP2,2051,2.244895,million,IIASA POPULATION 2023 Scenario Explorer
ALB,SSP2,2052,2.221909,million,IIASA POPULATION 2023 Scenario Explorer
ALB,SSP2,2053,2.198922,million,IIASA POPULATION 2023 Scenario Explorer
ALB,SSP2,2054,2.175936,million,IIASA POPULATION 2023 Scenario Explorer
ALB,SSP2,2055,2.152949,million,IIASA POPULATION 2023 Scenario Explorer
ALB,SSP2,2056,2.130812,million,IIASA POPULATION 2023 Scenario Explorer
ALB,SSP2,2057,2.108675,million,IIASA POPULATION 2023 Scenario Explorer
ALB,SSP2,2058,2.086538,million,IIASA POPULATION 2023 Scenario Explorer
ALB,SSP2,2059,2.064401,million,IIASA POPULATION 2023 Scenario Explorer
ALB,SSP2,2060,2.042264,million,IIASA POPULATION 2023 Scenario Explorer
ALB,SSP2,2061,2.02243,million,IIASA POPULATION 2023 Scenario Explorer
ALB,SSP2,2062,2.002597,million,IIASA POPULATION 2023 Scenario Explorer
ALB,SSP2,2063,1.982763,million,IIASA POPULATION 2023 Scenario Explorer
ALB,SSP2,2064,1.96293,million,IIASA POPULATION 2023 Scenario Explorer
ALB,SSP2,2065,1.943096,million,IIASA POPULATION 2023 Scenario Explorer
ALB,SSP2,2066,1.925278,million,IIASA POPULATION 2023 Scenario Explorer
ALB,SSP2,2067,1.90746,million,IIASA POPULATION 2023 Scenario Explorer
ALB,SSP2,2068,1.889641,million,IIASA POPULATION 2023 Scenario Explorer
ALB,SSP2,2069,1.871823,million,IIASA POPULATION 2023 Scenario Explorer
ALB,SSP2,2070,1.854005,million,IIASA POPULATION 2023 Scenario Explorer
ALB,SSP2,2071,1.837672,million,IIASA POPULATION 2023 Scenario Explorer
ALB,SSP2,2072,1.821339,million,IIASA POPULATION 2023 Scenario Explorer
ALB,SSP2,2073,1.805005,million,IIASA POPULATION 2023 Scenario Explorer
ALB,SSP2,2074,1.788672,million,IIASA POPULATION 2023 Scenario Explorer
ALB,SSP2,2075,1.772339,million,IIASA POPULATION 2023 Scenario Explorer
ALB,SSP2,2076,1.757002,million,IIASA POPULATION 2023 Scenario Explorer
ALB,SSP2,2077,1.741665,million,IIASA POPULATION 2023 Scenario Explorer
ALB,SSP2,2078,1.726328,million,IIASA POPULATION 2023 Scenario Explorer
ALB,SSP2,2079,1.710991,million,IIASA POPULATION 2023 Scenario Explorer
ALB,SSP2,2080,1.695654,million,IIASA POPULATION 2023 Scenario Explorer
ALB,SSP2,2081,1.681054,million,IIASA POPULATION 2023 Scenario Explorer
ALB,SSP2,2082,1.666455,million,IIASA POPULATION 2023 Scenario Explorer
ALB,SSP2,2083,1.651855,million,IIASA POPULATION 2023 Scenario Explorer
ALB,SSP2,2084,1.637256,million,IIASA POPULATION 2023 Scenario Explorer
ALB,SSP2,2085,1.622656,million,IIASA POPULATION 2023 Scenario Explorer
ALB,SSP2,2086,1.608697,million,IIASA POPULATION 2023 Scenario Explorer
ALB,SSP2,2087,1.594738,million,IIASA POPULATION 2023 Scenario Explorer
ALB,SSP2,2088,1.58078,million,IIASA POPULATION 2023 Scenario Explorer
ALB,SSP2,2089,1.566821,million,IIASA POPULATION 2023 Scenario Explorer
ALB,SSP2,2090,1.552862,million,IIASA POPULATION 2023 Scenario Explorer
ALB,SSP2,2091,1.5401,million,IIASA POPULATION 2023 Scenario Explorer
ALB,SSP2,2092,1.527338,million,IIASA POPULATION 2023 Scenario Explorer
ALB,SSP2,2093,1.514577,million,IIASA POPULATION 2023 Scenario Explorer
ALB,SSP2,2094,1.501815,million,IIASA POPULATION 2023 Scenario Explorer
ALB,SSP2,2095,1.489053,million,IIASA POPULATION 2023 Scenario Explorer
ALB,SSP2,2096,1.478102,million,IIASA POPULATION 2023 Scenario Explorer
ALB,SSP2,2097,1.467151,million,IIASA POPULATION 2023 Scenario Explorer
ALB,SSP2,2098,1.456201,million,IIASA POPULATION 2023 Scenario Explorer
ALB,SSP2,2099,1.44525,million,IIASA POPULATION 2023 Scenario Explorer
ALB,SSP2,2100,1.434299,million,IIASA POPULATION 2023 Scenario Explorer
BIH,SSP2,2023,3.244866,million,IIASA POPULATION 2023 Scenario Explorer
BIH,SSP2,2024,3.212829,million,IIASA POPULATION 2023 Scenario Explorer
BIH,SSP2,2025,3.180792,million,IIASA POPULATION 2023 Scenario Explorer
BIH,SSP2,2026,3.157209,million,IIASA POPULATION 2023 Scenario Explorer
BIH,SSP2,2027,3.133626,million,IIASA POPULATION 2023 Scenario Explorer
BIH,SSP2,2028,3.110042,million,IIASA POPULATION 2023 Scenario Explorer
BIH,SSP2,2029,3.086459,million,IIASA POPULATION 2023 Scenario Explorer
BIH,SSP2,2030,3.062876,million,IIASA POPULATION 2023 Scenario Explorer
BIH,SSP2,2031,3.03769,million,IIASA POPULATION 2023 Scenario Explorer
BIH,SSP2,2032,3.012504,million,IIASA POPULATION 2023 Scenario Explorer
BIH,SSP2,2033,2.987317,million,IIASA POPULATION 2023 Scenario Explorer
BIH,SSP2,2034,2.962131,million,IIASA POPULATION 2023 Scenario Explorer
BIH,SSP2,2035,2.936945,million,IIASA POPULATION 2023 Scenario Explorer
BIH,SSP2,2036,2.910812,million,IIASA POPULATION 2023 Scenario Explorer
BIH,SSP2,2037,2.884679,million,IIASA POPULATION 2023 Scenario Explorer
BIH,SSP2,2038,2.858545,million,IIASA POPULATION 2023 Scenario Explorer
BIH,SSP2,2039,2.832412,million,IIASA POPULATION 2023 Scenario Explorer
BIH,SSP2,2040,2.806279,million,IIASA POPULATION 2023 Scenario Explorer
BIH,SSP2,2041,2.780272,million,IIASA POPULATION 2023 Scenario Explorer
BIH,SSP2,2042,2.754264,million,IIASA POPULATION 2023 Scenario Explorer
BIH,SSP2,2043,2.728257,million,IIASA POPULATION 2023 Scenario Explorer
BIH,SSP2,2044,2.702249,million,IIASA POPULATION 2023 Scenario Explorer
BIH,SSP2,2045,2.676242,million,IIASA POPULATION 2023 Scenario Explorer
BIH,SSP2,2046,2.651212,million,IIASA POPULATION 2023 Scenario Explorer
BIH,SSP2,2047,2.626182,million,IIASA POPULATION 2023 Scenario Explorer
BIH,SSP2,2048,2.601153,million,IIASA POPULATION 2023 Scenario Explorer
BIH,SSP2,2049,2.576123,million,IIASA POPULATION 2023 Scenario Explorer
BIH,SSP2,2050,2.551093,million,IIASA POPULATION 2023 Scenario Explorer
BIH,SSP2,2051,2.527581,million,IIASA POPULATION 2023 Scenario Explorer
BIH,SSP2,2052,2.504068,million,IIASA POPULATION 2023 Scenario Explorer
BIH,SSP2,2053,2.480556,million,IIASA POPULATION 2023 Scenario Explorer
BIH,SSP2,2054,2.457043,million,IIASA POPULATION 2023 Scenario Explorer
BIH,SSP2,2055,2.433531,million,IIASA POPULATION 2023 Scenario Explorer
BIH,SSP2,2056,2.411551,million,IIASA POPULATION 2023 Scenario Explorer
BIH,SSP2,2057,2.38957,million,IIASA POPULATION 2023 Scenario Explorer
BIH,SSP2,2058,2.36759,million,IIASA POPULATION 2023 Scenario Explorer
BIH,SSP2,2059,2.345609,million,IIASA POPULATION 2023 Scenario Explorer
BIH,SSP2,2060,2.323629,million,IIASA POPULATION 2023 Scenario Explorer
BIH,SSP2,2061,2.303651,million,IIASA POPULATION 2023 Scenario Explorer
BIH,SSP2,2062,2.283673,million,IIASA POPULATION 2023 Scenario Explorer
BIH,SSP2,2063,2.263695,million,IIASA POPULATION 2023 Scenario Explorer
BIH,SSP2,2064,2.243717,million,IIASA POPULATION 2023 Scenario Explorer
BIH,SSP2,2065,2.223739,million,IIASA POPULATION 2023 Scenario Explorer
BIH,SSP2,2066,2.20543,million,IIASA POPULATION 2023 Scenario Explorer
BIH,SSP2,2067,2.187121,million,IIASA POPULATION 2023 Scenario Explorer
BIH,SSP2,2068,2.168811,million,IIASA POPULATION 2023 Scenario Explorer
BIH,SSP2,2069,2.150502,million,IIASA POPULATION 2023 Scenario Explorer
BIH,SSP2,2070,2.132193,million,IIASA POPULATION 2023 Scenario Explorer
BIH,SSP2,2071,2.115262,million,IIASA POPULATION 2023 Scenario Explorer
BIH,SSP2,2072,2.098331,million,IIASA POPULATION 2023 Scenario Explorer
BIH,SSP2,2073,2.081401,million,IIASA POPULATION 2023 Scenario Explorer
BIH,SSP2,2074,2.06447,million,IIASA POPULATION 2023 Scenario Explorer
BIH,SSP2,2075,2.047539,million,IIASA POPULATION 2023 Scenario Explorer
BIH,SSP2,2076,2.032051,million,IIASA POPULATION 2023 Scenario Explorer
BIH,SSP2,2077,2.016563,million,IIASA POPULATION 2023 Scenario Explorer
BIH,SSP2,2078,2.001075,million,IIASA POPULATION 2023 Scenario Explorer
BIH,SSP2,2079,1.985587,million,IIASA POPULATION 2023 Scenario Explorer
BIH,SSP2,2080,1.970099,million,IIASA POPULATION 2023 Scenario Explorer
BIH,SSP2,2081,1.955991,million,IIASA POPULATION 2023 Scenario Explorer
BIH,SSP2,2082,1.941882,million,IIASA POPULATION 2023 Scenario Explorer
BIH,SSP2,2083,1.927774,million,IIASA POPULATION 2023 Scenario Explorer
BIH,SSP2,2084,1.913665,million,IIASA POPULATION 2023 Scenario Explorer
BIH,SSP2,2085,1.899557,million,IIASA POPULATION 2023 Scenario Explorer
BIH,SSP2,2086,1.886798,million,IIASA POPULATION 2023 Scenario Explorer
BIH,SSP2,2087,1.874039,million,IIASA POPULATION 2023 Scenario Explorer
BIH,SSP2,2088,1.861279,million,IIASA POPULATION 2023 Scenario Explorer
BIH,SSP2,2089,1.84852,million,IIASA POPULATION 2023 Scenario Explorer
BIH,SSP2,2090,1.835761,million,IIASA POPULATION 2023 Scenario Explorer
BIH,SSP2,2091,1.824082,million,IIASA POPULATION 2023 Scenario Explorer
BIH,SSP2,2092,1.812403,million,IIASA POPULATION 2023 Scenario Explorer
BIH,SSP2,2093,1.800724,million,IIASA POPULATION 2023 Scenario Explorer
BIH,SSP2,2094,1.789045,million,IIASA POPULATION 2023 Scenario Explorer
BIH,SSP2,2095,1.777366,million,IIASA POPULATION 2023 Scenario Explorer
BIH,SSP2,2096,1.7664,million,IIASA POPULATION 2023 Scenario Explorer
BIH,SSP2,2097,1.755434,million,IIASA POPULATION 2023 Scenario Explorer
BIH,SSP2,2098,1.744468,million,IIASA POPULATION 2023 Scenario Explorer
BIH,SSP2,2099,1.733502,million,IIASA POPULATION 2023 Scenario Explorer
BIH,SSP2,2100,1.722536,million,IIASA POPULATION 2023 Scenario Explorer
MKD,SSP2,2023,2.102831,million,IIASA POPULATION 2023 Scenario Explorer
MKD,SSP2,2024,2.0991,million,IIASA POPULATION 2023 Scenario Explorer
MKD,SSP2,2025,2.095368,million,IIASA POPULATION 2023 Scenario Explorer
MKD,SSP2,2026,2.096823,million,IIASA POPULATION 2023 Scenario Explorer
MKD,SSP2,2027,2.098277,million,IIASA POPULATION 2023 Scenario Explorer
MKD,SSP2,2028,2.099732,million,IIASA POPULATION 2023 Scenario Explorer
MKD,SSP2,2029,2.101186,million,IIASA POPULATION 2023 Scenario Explorer
MKD,SSP2,2030,2.102641,million,IIASA POPULATION 2023 Scenario Explorer
MKD,SSP2,2031,2.102076,million,IIASA POPULATION 2023 Scenario Explorer
MKD,SSP2,2032,2.10151,million,IIASA POPULATION 2023 Scenario Explorer
MKD,SSP2,2033,2.100945,million,IIASA POPULATION 2023 Scenario Explorer
MKD,SSP2,2034,2.100379,million,IIASA POPULATION 2023 Scenario Explorer
MKD,SSP2,2035,2.099814,million,IIASA POPULATION 2023 Scenario Explorer
MKD,SSP2,2036,2.097175,million,IIASA POPULATION 2023 Scenario Explorer
MKD,SSP2,2037,2.094537,million,IIASA POPULATION 2023 Scenario Explorer
MKD,SSP2,2038,2.091898,million,IIASA POPULATION 2023 Scenario Explorer
MKD,SSP2,2039,2.08926,million,IIASA POPULATION 2023 Scenario Explorer
MKD,SSP2,2040,2.086621,million,IIASA POPULATION 2023 Scenario Explorer
MKD,SSP2,2041,2.082615,million,IIASA POPULATION 2023 Scenario Explorer
MKD,SSP2,2042,2.078608,million,IIASA POPULATION 2023 Scenario Explorer
MKD,SSP2,2043,2.074602,million,IIASA POPULATION 2023 Scenario Explorer
MKD,SSP2,2044,2.070595,million,IIASA POPULATION 2023 Scenario Explorer
MKD,SSP2,2045,2.066589,million,IIASA POPULATION 2023 Scenario Explorer
MKD,SSP2,2046,2.061968,million,IIASA POPULATION 2023 Scenario Explorer
MKD,SSP2,2047,2.057347,million,IIASA POPULATION 2023 Scenario Explorer
MKD,SSP2,2048,2.052725,million,IIASA POPULATION 2023 Scenario Explorer
MKD,SSP2,2049,2.048104,million,IIASA POPULATION 2023 Scenario Explorer
MKD,SSP2,2050,2.043483,million,IIASA POPULATION 2023 Scenario Explorer
MKD,SSP2,2051,2.038626,million,IIASA POPULATION 2023 Scenario Explorer
MKD,SSP2,2052,2.033768,million,IIASA POPULATION 2023 Scenario Explorer
MKD,SSP2,2053,2.028911,million,IIASA POPULATION 2023 Scenario Explorer
MKD,SSP2,2054,2.024053,million,IIASA POPULATION 2023 Scenario Explorer
MKD,SSP2,2055,2.019196,million,IIASA POPULATION 2023 Scenario Explorer
MKD,SSP2,2056,2.014122,million,IIASA POPULATION 2023 Scenario Explorer
MKD,SSP2,2057,2.009048,million,IIASA POPULATION 2023 Scenario Explorer
MKD,SSP2,2058,2.003973,million,IIASA POPULATION 2023 Scenario Explorer
MKD,SSP2,2059,1.998899,million,IIASA POPULATION 2023 Scenario Explorer
MKD,SSP2,2060,1.993825,million,IIASA POPULATION 2023 Scenario Explorer
MKD,SSP2,2061,1.988167,million,IIASA POPULATION 2023 Scenario Explorer
MKD,SSP2,2062,1.982509,million,IIASA POPULATION 2023 Scenario Explorer
MKD,SSP2,2063,1.97685,million,IIASA POPULATION 2023 Scenario Explorer
MKD,SSP2,2064,1.971192,million,IIASA POPULATION 2023 Scenario Explorer
MKD,SSP2,2065,1.965534,million,IIASA POPULATION 2023 Scenario Explorer
MKD,SSP2,2066,1.959054,million,IIASA POPULATION 2023 Scenario Explorer
MKD,SSP2,2067,1.952574,million,IIASA POPULATION 2023 Scenario Explorer
MKD,SSP2,2068,1.946095,million,IIASA POPULATION 2023 Scenario Explorer
MKD,SSP2,2069,1.939615,million,IIASA POPULATION 2023 Scenario Explorer
MKD,SSP2,2070,1.933135,million,IIASA POPULATION 2023 Scenario Explorer
MKD,SSP2,2071,1.925828,million,IIASA POPULATION 2023 Scenario Explorer
MKD,SSP2,2072,1.918522,million,IIASA POPULATION 2023 Scenario Explorer
MKD,SSP2,2073,1.911215,million,IIASA POPULATION 2023 Scenario Explorer
MKD,SSP2,2074,1.903909,million,IIASA POPULATION 2023 Scenario Explorer
MKD,SSP2,2075,1.896602,million,IIASA POPULATION 2023 Scenario Explorer
MKD,SSP2,2076,1.888709,million,IIASA POPULATION 2023 Scenario Explorer
MKD,SSP2,2077,1.880816,million,IIASA POPULATION 2023 Scenario Explorer
MKD,SSP2,2078,1.872922,million,IIASA POPULATION 2023 Scenario Explorer
MKD,SSP2,2079,1.865029,million,IIASA POPULATION 2023 Scenario Explorer
MKD,SSP2,2080,1.857136,million,IIASA POPULATION 2023 Scenario Explorer
MKD,SSP2,2081,1.84906,million,IIASA POPULATION 2023 Scenario Explorer
MKD,SSP2,2082,1.840984,million,IIASA POPULATION 2023 Scenario Explorer
MKD,SSP2,2083,1.832908,million,IIASA POPULATION 2023 Scenario Explorer
MKD,SSP2,2084,1.824832,million,IIASA POPULATION 2023 Scenario Explorer
MKD,SSP2,2085,1.816756,million,IIASA POPULATION 2023 Scenario Explorer
MKD,SSP2,2086,1.808796,million,IIASA POPULATION 2023 Scenario Explorer
MKD,SSP2,2087,1.800836,million,IIASA POPULATION 2023 Scenario Explorer
MKD,SSP2,2088,1.792875,million,IIASA POPULATION 2023 Scenario Explorer
MKD,SSP2,2089,1.784915,million,IIASA POPULATION 2023 Scenario Explorer
MKD,SSP2,2090,1.776955,million,IIASA POPULATION 2023 Scenario Explorer
MKD,SSP2,2091,1.769236,million,IIASA POPULATION 2023 Scenario Explorer
MKD,SSP2,2092,1.761517,million,IIASA POPULATION 2023 Scenario Explorer
MKD,SSP2,2093,1.753797,million,IIASA POPULATION 2023 Scenario Explorer
MKD,SSP2,2094,1.746078,million,IIASA POPULATION 2023 Scenario Explorer
MKD,SSP2,2095,1.738359,million,IIASA POPULATION 2023 Scenario Explorer
MKD,SSP2,2096,1.730749,million,IIASA POPULATION 2023 Scenario Explorer
MKD,SSP2,2097,1.723139,million,IIASA POPULATION 2023 Scenario Explorer
MKD,SSP2,2098,1.715529,million,IIASA POPULATION 2023 Scenario Explorer
MKD,SSP2,2099,1.707919,million,IIASA POPULATION 2023 Scenario Explorer
MKD,SSP2,2100,1.700309,million,IIASA POPULATION 2023 Scenario Explorer
MNE,SSP2,2023,0.641119,million,IIASA POPULATION 2023 Scenario Explorer
MNE,SSP2,2024,0.644863,million,IIASA POPULATION 2023 Scenario Explorer
MNE,SSP2,2025,0.648607,million,IIASA POPULATION 2023 Scenario Explorer
MNE,SSP2,2026,0.647146,million,IIASA POPULATION 2023 Scenario Explorer
MNE,SSP2,2027,0.645685,million,IIASA POPULATION 2023 Scenario Explorer
MNE,SSP2,2028,0.644225,million,IIASA POPULATION 2023 Scenario Explorer
MNE,SSP2,2029,0.642764,million,IIASA POPULATION 2023 Scenario Explorer
MNE,SSP2,2030,0.641303,million,IIASA POPULATION 2023 Scenario Explorer
MNE,SSP2,2031,0.639832,million,IIASA POPULATION 2023 Scenario Explorer
MNE,SSP2,2032,0.638361,million,IIASA POPULATION 2023 Scenario Explorer
MNE,SSP2,2033,0.63689,million,IIASA POPULATION 2023 Scenario Explorer
MNE,SSP2,2034,0.635419,million,IIASA POPULATION 2023 Scenario Explorer
MNE,SSP2,2035,0.633948,million,IIASA POPULATION 2023 Scenario Explorer
MNE,SSP2,2036,0.63266,million,IIASA POPULATION 2023 Scenario Explorer
MNE,SSP2,2037,0.631372,million,IIASA POPULATION 2023 Scenario Explorer
MNE,SSP2,2038,0.630084,million,IIASA POPULATION 2023 Scenario Explorer
MNE,SSP2,2039,0.628796,million,IIASA POPULATION 2023 Scenario Explorer
MNE,SSP2,2040,0.627508,million,IIASA POPULATION 2023 Scenario Explorer
MNE,SSP2,2041,0.62636,million,IIASA POPULATION 2023 Scenario Explorer
MNE,SSP2,2042,0.625212,million,IIASA POPULATION 2023 Scenario Explorer
MNE,SSP2,2043,0.624064,million,IIASA POPULATION 2023 Scenario Explorer
MNE,SSP2,2044,0.622916,million,IIASA POPULATION 2023 Scenario Explorer
MNE,SSP2,2045,0.621768,million,IIASA POPULATION 2023 Scenario Explorer
MNE,SSP2,2046,0.620716,million,IIASA POPULATION 2023 Scenario Explorer
MNE,SSP2,2047,0.619664,million,IIASA POPULATION 2023 Scenario Explorer
MNE,SSP2,2048,0.618613,million,IIASA POPULATION 2023 Scenario Explorer
MNE,SSP2,2049,0.617561,million,IIASA POPULATION 2023 Scenario Explorer
MNE,SSP2,2050,0.616509,million,IIASA POPULATION 2023 Scenario Explorer
MNE,SSP2,2051,0.615424,million,IIASA POPULATION 2023 Scenario Explorer
MNE,SSP2,2052,0.614338,million,IIASA POPULATION 2023 Scenario Explorer
MNE,SSP2,2053,0.613253,million,IIASA POPULATION 2023 Scenario Explorer
MNE,SSP2,2054,0.612167,million,IIASA POPULATION 2023 Scenario Explorer
MNE,SSP2,2055,0.611082,million,IIASA POPULATION 2023 Scenario Explorer
MNE,SSP2,2056,0.609897,million,IIASA POPULATION 2023 Scenario Explorer
MNE,SSP2,2057,0.608712,million,IIASA POPULATION 2023 Scenario Explorer
MNE,SSP2,2058,0.607528,million,IIASA POPULATION 2023 Scenario Explorer
MNE,SSP2,2059,0.606343,million,IIASA POPULATION 2023 Scenario Explorer
MNE,SSP2,2060,0.605158,million,IIASA POPULATION 2023 Scenario Explorer
MNE,SSP2,2061,0.603846,million,IIASA POPULATION 2023 Scenario Explorer
MNE,SSP2,2062,0.602534,million,IIASA POPULATION 2023 Scenario Explorer
MNE,SSP2,2063,0.601221,million,IIASA POPULATION 2023 Scenario Explorer
MNE,SSP2,2064,0.599909,million,IIASA POPULATION 2023 Scenario Explorer
MNE,SSP2,2065,0.598597,million,IIASA POPULATION 2023 Scenario Explorer
MNE,SSP2,2066,0.597162,million,IIASA POPULATION 2023 Scenario Explorer
MNE,SSP2,2067,0.595727,million,IIASA POPULATION 2023 Scenario Explorer
MNE,SSP2,2068,0.594292,million,IIASA POPULATION 2023 Scenario Explorer
MNE,SSP2,2069,0.592857,million,IIASA POPULATION 2023 Scenario Explorer
MNE,SSP2,2070,0.591422,million,IIASA POPULATION 2023 Scenario Explorer
MNE,SSP2,2071,0.58987,million,IIASA POPULATION 2023 Scenario Explorer
MNE,SSP2,2072,0.588319,million,IIASA POPULATION 2023 Scenario Explorer
MNE,SSP2,2073,0.586767,million,IIASA POPULATION 2023 Scenario Explorer
MNE,SSP2,2074,0.585216,million,IIASA POPULATION 2023 Scenario Explorer
MNE,SSP2,2075,0.583664,million,IIASA POPULATION 2023 Scenario Explorer
MNE,SSP2,2076,0.582031,million,IIASA POPULATION 2023 Scenario Explorer
MNE,SSP2,2077,0.580399,million,IIASA POPULATION 2023 Scenario Explorer
MNE,SSP2,2078,0.578766,million,IIASA POPULATION 2023 Scenario Explorer
MNE,SSP2,2079,0.577134,million,IIASA POPULATION 2023 Scenario Explorer
MNE,SSP2,2080,0.575501,million,IIASA POPULATION 2023 Scenario Explorer
MNE,SSP2,2081,0.573842,million,IIASA POPULATION 2023 Scenario Explorer
MNE,SSP2,2082,0.572183,million,IIASA POPULATION 2023 Scenario Explorer
MNE,SSP2,2083,0.570523,million,IIASA POPULATION 2023 Scenario Explorer
MNE,SSP2,2084,0.568864,million,IIASA POPULATION 2023 Scenario Explorer
MNE,SSP2,2085,0.567205,million,IIASA POPULATION 2023 Scenario Explorer
MNE,SSP2,2086,0.56553,million,IIASA POPULATION 2023 Scenario Explorer
MNE,SSP2,2087,0.563855,million,IIASA POPULATION 2023 Scenario Explorer
MNE,SSP2,2088,0.56218,million,IIASA POPULATION 2023 Scenario Explorer
MNE,SSP2,2089,0.560505,million,IIASA POPULATION 2023 Scenario Explorer
MNE,SSP2,2090,0.55883,million,IIASA POPULATION 2023 Scenario Explorer
MNE,SSP2,2091,0.557108,million,IIASA POPULATION 2023 Scenario Explorer
MNE,SSP2,2092,0.555385,million,IIASA POPULATION 2023 Scenario Explorer
MNE,SSP2,2093,0.553663,million,IIASA POPULATION 2023 Scenario Explorer
MNE,SSP2,2094,0.55194,million,IIASA POPULATION 2023 Scenario Explorer
MNE,SSP2,2095,0.550218,million,IIASA POPULATION 2023 Scenario Explorer
MNE,SSP2,2096,0.548413,million,IIASA POPULATION 2023 Scenario Explorer
MNE,SSP2,2097,0.546607,million,IIASA POPULATION 2023 Scenario Explorer
MNE,SSP2,2098,0.544802,million,IIASA POPULATION 2023 Scenario Explorer
MNE,SSP2,2099,0.542996,million,IIASA POPULATION 2023 Scenario Explorer
MNE,SSP2,2100,0.541191,million,IIASA POPULATION 2023 Scenario Explorer
SRB,SSP2,2023,7.245727,million,IIASA POPULATION 2023 Scenario Explorer
SRB,SSP2,2024,7.199615,million,IIASA POPULATION 2023 Scenario Explorer
SRB,SSP2,2025,7.153503,million,IIASA POPULATION 2023 Scenario Explorer
SRB,SSP2,2026,7.131428,million,IIASA POPULATION 2023 Scenario Explorer
SRB,SSP2,2027,7.109354,million,IIASA POPULATION 2023 Scenario Explorer
SRB,SSP2,2028,7.087279,million,IIASA POPULATION 2023 Scenario Explorer
SRB,SSP2,2029,7.065205,million,IIASA POPULATION 2023 Scenario Explorer
SRB,SSP2,2030,7.04313,million,IIASA POPULATION 2023 Scenario Explorer
SRB,SSP2,2031,7.020853,million,IIASA POPULATION 2023 Scenario Explorer
SRB,SSP2,2032,6.998575,million,IIASA POPULATION 2023 Scenario Explorer
SRB,SSP2,2033,6.976298,million,IIASA POPULATION 2023 Scenario Explorer
SRB,SSP2,2034,6.95402,million,IIASA POPULATION 2023 Scenario Explorer
SRB,SSP2,2035,6.931743,million,IIASA POPULATION 2023 Scenario Explorer
SRB,SSP2,2036,6.908728,million,IIASA POPULATION 2023 Scenario Explorer
SRB,SSP2,2037,6.885714,million,IIASA POPULATION 2023 Scenario Explorer
SRB,SSP2,2038,6.862699,million,IIASA POPULATION 2023 Scenario Explorer
SRB,SSP2,2039,6.839685,million,IIASA POPULATION 2023 Scenario Explorer
SRB,SSP2,2040,6.81667,million,IIASA POPULATION 2023 Scenario Explorer
SRB,SSP2,2041,6.795116,million,IIASA POPULATION 2023 Scenario Explorer
SRB,SSP2,2042,6.773563,million,IIASA POPULATION 2023 Scenario Explorer
SRB,SSP2,2043,6.752009,million,IIASA POPULATION 2023 Scenario Explorer
SRB,SSP2,2044,6.730456,million,IIASA POPULATION 2023 Scenario Explorer
SRB,SSP2,2045,6.708902,million,IIASA POPULATION 2023 Scenario Explorer
SRB,SSP2,2046,6.689859,million,IIASA POPULATION 2023 Scenario Explorer
SRB,SSP2,2047,6.670817,million,IIASA POPULATION 2023 Scenario Explorer
SRB,SSP2,2048,6.651774,million,IIASA POPULATION 2023 Scenario Explorer
SRB,SSP2,2049,6.632732,million,IIASA POPULATION 2023 Scenario Explorer
SRB,SSP2,2050,6.613689,million,IIASA POPULATION 2023 Scenario Explorer
SRB,SSP2,2051,6.59668,million,IIASA POPULATION 2023 Scenario Explorer
SRB,SSP2,2052,6.579671,million,IIASA POPULATION 2023 Scenario Explorer
SRB,SSP2,2053,6.562662,million,IIASA POPULATION 2023 Scenario Explorer
SRB,SSP2,2054,6.545653,million,IIASA POPULATION 2023 Scenario Explorer
SRB,SSP2,2055,6.528644,million,IIASA POPULATION 2023 Scenario Explorer
SRB,SSP2,2056,6.512355,million,IIASA POPULATION 2023 Scenario Explorer
SRB,SSP2,2057,6.496066,million,IIASA POPULATION 2023 Scenario Explorer
SRB,SSP2,2058,6.479776,million,IIASA POPULATION 2023 Scenario Explorer
SRB,SSP2,2059,6.463487,million,IIASA POPULATION 2023 Scenario Explorer
SRB,SSP2,2060,6.447198,million,IIASA POPULATION 2023 Scenario Explorer
SRB,SSP2,2061,6.429114,million,IIASA POPULATION 2023 Scenario Explorer
SRB,SSP2,2062,6.411031,million,IIASA POPULATION 2023 Scenario Explorer
SRB,SSP2,2063,6.392947,million,IIASA POPULATION 2023 Scenario Explorer
SRB,SSP2,2064,6.374864,million,IIASA POPULATION 2023 Scenario Explorer
SRB,SSP2,2065,6.35678,million,IIASA POPULATION 2023 Scenario Explorer
SRB,SSP2,2066,6.336968,million,IIASA POPULATION 2023 Scenario Explorer
SRB,SSP2,2067,6.317156,million,IIASA POPULATION 2023 Scenario Explorer
SRB,SSP2,2068,6.297344,million,IIASA POPULATION 2023 Scenario Explorer
SRB,SSP2,2069,6.277532,million,IIASA POPULATION 2023 Scenario Explorer
SRB,SSP2,2070,6.25772,million,IIASA POPULATION 2023 Scenario Explorer
SRB,SSP2,2071,6.236896,million,IIASA POPULATION 2023 Scenario Explorer
SRB,SSP2,2072,6.216072,million,IIASA POPULATION 2023 Scenario Explorer
SRB,SSP2,2073,6.195249,million,IIASA POPULATION 2023 Scenario Explorer
SRB,SSP2,2074,6.174425,million,IIASA POPULATION 2023 Scenario Explorer
SRB,SSP2,2075,6.153601,million,IIASA POPULATION 2023 Scenario Explorer
SRB,SSP2,2076,6.132382,million,IIASA POPULATION 2023 Scenario Explorer
SRB,SSP2,2077,6.111163,million,IIASA POPULATION 2023 Scenario Explorer
SRB,SSP2,2078,6.089944,million,IIASA POPULATION 2023 Scenario Explorer
SRB,SSP2,2079,6.068725,million,IIASA POPULATION 2023 Scenario Explorer
SRB,SSP2,2080,6.047506,million,IIASA POPULATION 2023 Scenario Explorer
SRB,SSP2,2081,6.026221,million,IIASA POPULATION 2023 Scenario Explorer
SRB,SSP2,2082,6.004936,million,IIASA POPULATION 2023 Scenario Explorer
SRB,SSP2,2083,5.983651,million,IIASA POPULATION 2023 Scenario Explorer
SRB,SSP2,2084,5.962366,million,IIASA POPULATION 2023 Scenario Explorer
SRB,SSP2,2085,5.941081,million,IIASA POPULATION 2023 Scenario Explorer
SRB,SSP2,2086,5.919659,million,IIASA POPULATION 2023 Scenario Explorer
SRB,SSP2,2087,5.898237,million,IIASA POPULATION 2023 Scenario Explorer
SRB,SSP2,2088,5.876815,million,IIASA POPULATION 2023 Scenario Explorer
SRB,SSP2,2089,5.855393,million,IIASA POPULATION 2023 Scenario Explorer
SRB,SSP2,2090,5.833971,million,IIASA POPULATION 2023 Scenario Explorer
SRB,SSP2,2091,5.811839,million,IIASA POPULATION 2023 Scenario Explorer
SRB,SSP2,2092,5.789707,million,IIASA POPULATION 2023 Scenario Explorer
SRB,SSP2,2093,5.767576,million,IIASA POPULATION 2023 Scenario Explorer
SRB,SSP2,2094,5.745444,million,IIASA POPULATION 2023 Scenario Explorer
SRB,SSP2,2095,5.723312,million,IIASA POPULATION 2023 Scenario Explorer
SRB,SSP2,2096,5.699514,million,IIASA POPULATION 2023 Scenario Explorer
SRB,SSP2,2097,5.675716,million,IIASA POPULATION 2023 Scenario Explorer
SRB,SSP2,2098,5.651919,million,IIASA POPULATION 2023 Scenario Explorer
SRB,SSP2,2099,5.628121,million,IIASA POPULATION 2023 Scenario Explorer
SRB,SSP2,2100,5.604323,million,IIASA POPULATION 2023 Scenario Explorer
KOS,SSP2,2023,1.76,million,Synthesized Kosovo: Serbia IIASA POPULATION SSP growth indexed to Kosovo 2023 base
KOS,SSP2,2024,1.748799,million,Synthesized Kosovo: Serbia IIASA POPULATION SSP growth indexed to Kosovo 2023 base
KOS,SSP2,2025,1.737599,million,Synthesized Kosovo: Serbia IIASA POPULATION SSP growth indexed to Kosovo 2023 base
KOS,SSP2,2026,1.732237,million,Synthesized Kosovo: Serbia IIASA POPULATION SSP growth indexed to Kosovo 2023 base
KOS,SSP2,2027,1.726875,million,Synthesized Kosovo: Serbia IIASA POPULATION SSP growth indexed to Kosovo 2023 base
KOS,SSP2,2028,1.721513,million,Synthesized Kosovo: Serbia IIASA POPULATION SSP growth indexed to Kosovo 2023 base
KOS,SSP2,2029,1.716151,million,Synthesized Kosovo: Serbia IIASA POPULATION SSP growth indexed to Kosovo 2023 base
KOS,SSP2,2030,1.710789,million,Synthesized Kosovo: Serbia IIASA POPULATION SSP growth indexed to Kosovo 2023 base
KOS,SSP2,2031,1.705378,million,Synthesized Kosovo: Serbia IIASA POPULATION SSP growth indexed to Kosovo 2023 base
KOS,SSP2,2032,1.699966,million,Synthesized Kosovo: Serbia IIASA POPULATION SSP growth indexed to Kosovo 2023 base
KOS,SSP2,2033,1.694555,million,Synthesized Kosovo: Serbia IIASA POPULATION SSP growth indexed to Kosovo 2023 base
KOS,SSP2,2034,1.689144,million,Synthesized Kosovo: Serbia IIASA POPULATION SSP growth indexed to Kosovo 2023 base
KOS,SSP2,2035,1.683733,million,Synthesized Kosovo: Serbia IIASA POPULATION SSP growth indexed to Kosovo 2023 base
KOS,SSP2,2036,1.678142,million,Synthesized Kosovo: Serbia IIASA POPULATION SSP growth indexed to Kosovo 2023 base
KOS,SSP2,2037,1.672552,million,Synthesized Kosovo: Serbia IIASA POPULATION SSP growth indexed to Kosovo 2023 base
KOS,SSP2,2038,1.666962,million,Synthesized Kosovo: Serbia IIASA POPULATION SSP growth indexed to Kosovo 2023 base
KOS,SSP2,2039,1.661372,million,Synthesized Kosovo: Serbia IIASA POPULATION SSP growth indexed to Kosovo 2023 base
KOS,SSP2,2040,1.655781,million,Synthesized Kosovo: Serbia IIASA POPULATION SSP growth indexed to Kosovo 2023 base
KOS,SSP2,2041,1.650546,million,Synthesized Kosovo: Serbia IIASA POPULATION SSP growth indexed to Kosovo 2023 base
KOS,SSP2,2042,1.64531,million,Synthesized Kosovo: Serbia IIASA POPULATION SSP growth indexed to Kosovo 2023 base
KOS,SSP2,2043,1.640075,million,Synthesized Kosovo: Serbia IIASA POPULATION SSP growth indexed to Kosovo 2023 base
KOS,SSP2,2044,1.63484,million,Synthesized Kosovo: Serbia IIASA POPULATION SSP growth indexed to Kosovo 2023 base
KOS,SSP2,2045,1.629604,million,Synthesized Kosovo: Serbia IIASA POPULATION SSP growth indexed to Kosovo 2023 base
KOS,SSP2,2046,1.624979,million,Synthesized Kosovo: Serbia IIASA POPULATION SSP growth indexed to Kosovo 2023 base
KOS,SSP2,2047,1.620353,million,Synthesized Kosovo: Serbia IIASA POPULATION SSP growth indexed to Kosovo 2023 base
KOS,SSP2,2048,1.615728,million,Synthesized Kosovo: Serbia IIASA POPULATION SSP growth indexed to Kosovo 2023 base
KOS,SSP2,2049,1.611102,million,Synthesized Kosovo: Serbia IIASA POPULATION SSP growth indexed to Kosovo 2023 base
KOS,SSP2,2050,1.606477,million,Synthesized Kosovo: Serbia IIASA POPULATION SSP growth indexed to Kosovo 2023 base
KOS,SSP2,2051,1.602345,million,Synthesized Kosovo: Serbia IIASA POPULATION SSP growth indexed to Kosovo 2023 base
KOS,SSP2,2052,1.598214,million,Synthesized Kosovo: Serbia IIASA POPULATION SSP growth indexed to Kosovo 2023 base
KOS,SSP2,2053,1.594082,million,Synthesized Kosovo: Serbia IIASA POPULATION SSP growth indexed to Kosovo 2023 base
KOS,SSP2,2054,1.589951,million,Synthesized Kosovo: Serbia IIASA POPULATION SSP growth indexed to Kosovo 2023 base
KOS,SSP2,2055,1.585819,million,Synthesized Kosovo: Serbia IIASA POPULATION SSP growth indexed to Kosovo 2023 base
KOS,SSP2,2056,1.581863,million,Synthesized Kosovo: Serbia IIASA POPULATION SSP growth indexed to Kosovo 2023 base
KOS,SSP2,2057,1.577906,million,Synthesized Kosovo: Serbia IIASA POPULATION SSP growth indexed to Kosovo 2023 base
KOS,SSP2,2058,1.573949,million,Synthesized Kosovo: Serbia IIASA POPULATION SSP growth indexed to Kosovo 2023 base
KOS,SSP2,2059,1.569993,million,Synthesized Kosovo: Serbia IIASA POPULATION SSP growth indexed to Kosovo 2023 base
KOS,SSP2,2060,1.566036,million,Synthesized Kosovo: Serbia IIASA POPULATION SSP growth indexed to Kosovo 2023 base
KOS,SSP2,2061,1.561643,million,Synthesized Kosovo: Serbia IIASA POPULATION SSP growth indexed to Kosovo 2023 base
KOS,SSP2,2062,1.557251,million,Synthesized Kosovo: Serbia IIASA POPULATION SSP growth indexed to Kosovo 2023 base
KOS,SSP2,2063,1.552858,million,Synthesized Kosovo: Serbia IIASA POPULATION SSP growth indexed to Kosovo 2023 base
KOS,SSP2,2064,1.548466,million,Synthesized Kosovo: Serbia IIASA POPULATION SSP growth indexed to Kosovo 2023 base
KOS,SSP2,2065,1.544073,million,Synthesized Kosovo: Serbia IIASA POPULATION SSP growth indexed to Kosovo 2023 base
KOS,SSP2,2066,1.539261,million,Synthesized Kosovo: Serbia IIASA POPULATION SSP growth indexed to Kosovo 2023 base
KOS,SSP2,2067,1.534448,million,Synthesized Kosovo: Serbia IIASA POPULATION SSP growth indexed to Kosovo 2023 base
KOS,SSP2,2068,1.529636,million,Synthesized Kosovo: Serbia IIASA POPULATION SSP growth indexed to Kosovo 2023 base
KOS,SSP2,2069,1.524824,million,Synthesized Kosovo: Serbia IIASA POPULATION SSP growth indexed to Kosovo 2023 base
KOS,SSP2,2070,1.520011,million,Synthesized Kosovo: Serbia IIASA POPULATION SSP growth indexed to Kosovo 2023 base
KOS,SSP2,2071,1.514953,million,Synthesized Kosovo: Serbia IIASA POPULATION SSP growth indexed to Kosovo 2023 base
KOS,SSP2,2072,1.509895,million,Synthesized Kosovo: Serbia IIASA POPULATION SSP growth indexed to Kosovo 2023 base
KOS,SSP2,2073,1.504837,million,Synthesized Kosovo: Serbia IIASA POPULATION SSP growth indexed to Kosovo 2023 base
KOS,SSP2,2074,1.499779,million,Synthesized Kosovo: Serbia IIASA POPULATION SSP growth indexed to Kosovo 2023 base
KOS,SSP2,2075,1.494721,million,Synthesized Kosovo: Serbia IIASA POPULATION SSP growth indexed to Kosovo 2023 base
KOS,SSP2,2076,1.489567,million,Synthesized Kosovo: Serbia IIASA POPULATION SSP growth indexed to Kosovo 2023 base
KOS,SSP2,2077,1.484412,million,Synthesized Kosovo: Serbia IIASA POPULATION SSP growth indexed to Kosovo 2023 base
KOS,SSP2,2078,1.479258,million,Synthesized Kosovo: Serbia IIASA POPULATION SSP growth indexed to Kosovo 2023 base
KOS,SSP2,2079,1.474104,million,Synthesized Kosovo: Serbia IIASA POPULATION SSP growth indexed to Kosovo 2023 base
KOS,SSP2,2080,1.46895,million,Synthesized Kosovo: Serbia IIASA POPULATION SSP growth indexed to Kosovo 2023 base
KOS,SSP2,2081,1.46378,million,Synthesized Kosovo: Serbia IIASA POPULATION SSP growth indexed to Kosovo 2023 base
KOS,SSP2,2082,1.45861,million,Synthesized Kosovo: Serbia IIASA POPULATION SSP growth indexed to Kosovo 2023 base
KOS,SSP2,2083,1.453439,million,Synthesized Kosovo: Serbia IIASA POPULATION SSP growth indexed to Kosovo 2023 base
KOS,SSP2,2084,1.448269,million,Synthesized Kosovo: Serbia IIASA POPULATION SSP growth indexed to Kosovo 2023 base
KOS,SSP2,2085,1.443099,million,Synthesized Kosovo: Serbia IIASA POPULATION SSP growth indexed to Kosovo 2023 base
KOS,SSP2,2086,1.437896,million,Synthesized Kosovo: Serbia IIASA POPULATION SSP growth indexed to Kosovo 2023 base
KOS,SSP2,2087,1.432692,million,Synthesized Kosovo: Serbia IIASA POPULATION SSP growth indexed to Kosovo 2023 base
KOS,SSP2,2088,1.427489,million,Synthesized Kosovo: Serbia IIASA POPULATION SSP growth indexed to Kosovo 2023 base
KOS,SSP2,2089,1.422285,million,Synthesized Kosovo: Serbia IIASA POPULATION SSP growth indexed to Kosovo 2023 base
KOS,SSP2,2090,1.417082,million,Synthesized Kosovo: Serbia IIASA POPULATION SSP growth indexed to Kosovo 2023 base
KOS,SSP2,2091,1.411706,million,Synthesized Kosovo: Serbia IIASA POPULATION SSP growth indexed to Kosovo 2023 base
KOS,SSP2,2092,1.40633,million,Synthesized Kosovo: Serbia IIASA POPULATION SSP growth indexed to Kosovo 2023 base
KOS,SSP2,2093,1.400954,million,Synthesized Kosovo: Serbia IIASA POPULATION SSP growth indexed to Kosovo 2023 base
KOS,SSP2,2094,1.395579,million,Synthesized Kosovo: Serbia IIASA POPULATION SSP growth indexed to Kosovo 2023 base
KOS,SSP2,2095,1.390203,million,Synthesized Kosovo: Serbia IIASA POPULATION SSP growth indexed to Kosovo 2023 base
KOS,SSP2,2096,1.384422,million,Synthesized Kosovo: Serbia IIASA POPULATION SSP growth indexed to Kosovo 2023 base
KOS,SSP2,2097,1.378642,million,Synthesized Kosovo: Serbia IIASA POPULATION SSP growth indexed to Kosovo 2023 base
KOS,SSP2,2098,1.372861,million,Synthesized Kosovo: Serbia IIASA POPULATION SSP growth indexed to Kosovo 2023 base
KOS,SSP2,2099,1.367081,million,Synthesized Kosovo: Serbia IIASA POPULATION SSP growth indexed to Kosovo 2023 base
KOS,SSP2,2100,1.3613,million,Synthesized Kosovo: Serbia IIASA POPULATION SSP growth indexed to Kosovo 2023 base
ALB,SSP3,2023,2.85856,million,IIASA POPULATION 2023 Scenario Explorer
ALB,SSP3,2024,2.854037,million,IIASA POPULATION 2023 Scenario Explorer
ALB,SSP3,2025,2.849514,million,IIASA POPULATION 2023 Scenario Explorer
ALB,SSP3,2026,2.845892,million,IIASA POPULATION 2023 Scenario Explorer
ALB,SSP3,2027,2.842271,million,IIASA POPULATION 2023 Scenario Explorer
ALB,SSP3,2028,2.838649,million,IIASA POPULATION 2023 Scenario Explorer
ALB,SSP3,2029,2.835028,million,IIASA POPULATION 2023 Scenario Explorer
ALB,SSP3,2030,2.831406,million,IIASA POPULATION 2023 Scenario Explorer
ALB,SSP3,2031,2.823116,million,IIASA POPULATION 2023 Scenario Explorer
ALB,SSP3,2032,2.814826,million,IIASA POPULATION 2023 Scenario Explorer
ALB,SSP3,2033,2.806536,million,IIASA POPULATION 2023 Scenario Explorer
ALB,SSP3,2034,2.798246,million,IIASA POPULATION 2023 Scenario Explorer
ALB,SSP3,2035,2.789956,million,IIASA POPULATION 2023 Scenario Explorer
ALB,SSP3,2036,2.778505,million,IIASA POPULATION 2023 Scenario Explorer
ALB,SSP3,2037,2.767053,million,IIASA POPULATION 2023 Scenario Explorer
ALB,SSP3,2038,2.755602,million,IIASA POPULATION 2023 Scenario Explorer
ALB,SSP3,2039,2.74415,million,IIASA POPULATION 2023 Scenario Explorer
ALB,SSP3,2040,2.732699,million,IIASA POPULATION 2023 Scenario Explorer
ALB,SSP3,2041,2.719142,million,IIASA POPULATION 2023 Scenario Explorer
ALB,SSP3,2042,2.705585,million,IIASA POPULATION 2023 Scenario Explorer
ALB,SSP3,2043,2.692027,million,IIASA POPULATION 2023 Scenario Explorer
ALB,SSP3,2044,2.67847,million,IIASA POPULATION 2023 Scenario Explorer
ALB,SSP3,2045,2.664913,million,IIASA POPULATION 2023 Scenario Explorer
ALB,SSP3,2046,2.651134,million,IIASA POPULATION 2023 Scenario Explorer
ALB,SSP3,2047,2.637355,million,IIASA POPULATION 2023 Scenario Explorer
ALB,SSP3,2048,2.623576,million,IIASA POPULATION 2023 Scenario Explorer
ALB,SSP3,2049,2.609797,million,IIASA POPULATION 2023 Scenario Explorer
ALB,SSP3,2050,2.596018,million,IIASA POPULATION 2023 Scenario Explorer
ALB,SSP3,2051,2.583053,million,IIASA POPULATION 2023 Scenario Explorer
ALB,SSP3,2052,2.570087,million,IIASA POPULATION 2023 Scenario Explorer
ALB,SSP3,2053,2.557122,million,IIASA POPULATION 2023 Scenario Explorer
ALB,SSP3,2054,2.544156,million,IIASA POPULATION 2023 Scenario Explorer
ALB,SSP3,2055,2.531191,million,IIASA POPULATION 2023 Scenario Explorer
ALB,SSP3,2056,2.519329,million,IIASA POPULATION 2023 Scenario Explorer
ALB,SSP3,2057,2.507468,million,IIASA POPULATION 2023 Scenario Explorer
ALB,SSP3,2058,2.495606,million,IIASA POPULATION 2023 Scenario Explorer
ALB,SSP3,2059,2.483745,million,IIASA POPULATION 2023 Scenario Explorer
ALB,SSP3,2060,2.471883,million,IIASA POPULATION 2023 Scenario Explorer
ALB,SSP3,2061,2.461343,million,IIASA POPULATION 2023 Scenario Explorer
ALB,SSP3,2062,2.450803,million,IIASA POPULATION 2023 Scenario Explorer
ALB,SSP3,2063,2.440262,million,IIASA POPULATION 2023 Scenario Explorer
ALB,SSP3,2064,2.429722,million,IIASA POPULATION 2023 Scenario Explorer
ALB,SSP3,2065,2.419182,million,IIASA POPULATION 2023 Scenario Explorer
ALB,SSP3,2066,2.40949,million,IIASA POPULATION 2023 Scenario Explorer
ALB,SSP3,2067,2.399798,million,IIASA POPULATION 2023 Scenario Explorer
ALB,SSP3,2068,2.390105,million,IIASA POPULATION 2023 Scenario Explorer
ALB,SSP3,2069,2.380413,million,IIASA POPULATION 2023 Scenario Explorer
ALB,SSP3,2070,2.370721,million,IIASA POPULATION 2023 Scenario Explorer
ALB,SSP3,2071,2.361617,million,IIASA POPULATION 2023 Scenario Explorer
ALB,SSP3,2072,2.352513,million,IIASA POPULATION 2023 Scenario Explorer
ALB,SSP3,2073,2.343409,million,IIASA POPULATION 2023 Scenario Explorer
ALB,SSP3,2074,2.334305,million,IIASA POPULATION 2023 Scenario Explorer
ALB,SSP3,2075,2.325201,million,IIASA POPULATION 2023 Scenario Explorer
ALB,SSP3,2076,2.316717,million,IIASA POPULATION 2023 Scenario Explorer
ALB,SSP3,2077,2.308233,million,IIASA POPULATION 2023 Scenario Explorer
ALB,SSP3,2078,2.29975,million,IIASA POPULATION 2023 Scenario Explorer
ALB,SSP3,2079,2.291266,million,IIASA POPULATION 2023 Scenario Explorer
ALB,SSP3,2080,2.282782,million,IIASA POPULATION 2023 Scenario Explorer
ALB,SSP3,2081,2.275331,million,IIASA POPULATION 2023 Scenario Explorer
ALB,SSP3,2082,2.267881,million,IIASA POPULATION 2023 Scenario Explorer
ALB,SSP3,2083,2.26043,million,IIASA POPULATION 2023 Scenario Explorer
ALB,SSP3,2084,2.25298,million,IIASA POPULATION 2023 Scenario Explorer
ALB,SSP3,2085,2.245529,million,IIASA POPULATION 2023 Scenario Explorer
ALB,SSP3,2086,2.239789,million,IIASA POPULATION 2023 Scenario Explorer
ALB,SSP3,2087,2.234049,million,IIASA POPULATION 2023 Scenario Explorer
ALB,SSP3,2088,2.228308,million,IIASA POPULATION 2023 Scenario Explorer
ALB,SSP3,2089,2.222568,million,IIASA POPULATION 2023 Scenario Explorer
ALB,SSP3,2090,2.216828,million,IIASA POPULATION 2023 Scenario Explorer
ALB,SSP3,2091,2.213393,million,IIASA POPULATION 2023 Scenario Explorer
ALB,SSP3,2092,2.209959,million,IIASA POPULATION 2023 Scenario Explorer
ALB,SSP3,2093,2.206524,million,IIASA POPULATION 2023 Scenario Explorer
ALB,SSP3,2094,2.20309,million,IIASA POPULATION 2023 Scenario Explorer
ALB,SSP3,2095,2.199655,million,IIASA POPULATION 2023 Scenario Explorer
ALB,SSP3,2096,2.198718,million,IIASA POPULATION 2023 Scenario Explorer
ALB,SSP3,2097,2.19778,million,IIASA POPULATION 2023 Scenario Explorer
ALB,SSP3,2098,2.196843,million,IIASA POPULATION 2023 Scenario Explorer
ALB,SSP3,2099,2.195905,million,IIASA POPULATION 2023 Scenario Explorer
ALB,SSP3,2100,2.194968,million,IIASA POPULATION 2023 Scenario Explorer
BIH,SSP3,2023,3.271243,million,IIASA POPULATION 2023 Scenario Explorer
BIH,SSP3,2024,3.247999,million,IIASA POPULATION 2023 Scenario Explorer
BIH,SSP3,2025,3.224754,million,IIASA POPULATION 2023 Scenario Explorer
BIH,SSP3,2026,3.208851,million,IIASA POPULATION 2023 Scenario Explorer
BIH,SSP3,2027,3.192948,million,IIASA POPULATION 2023 Scenario Explorer
BIH,SSP3,2028,3.177044,million,IIASA POPULATION 2023 Scenario Explorer
BIH,SSP3,2029,3.161141,million,IIASA POPULATION 2023 Scenario Explorer
BIH,SSP3,2030,3.145238,million,IIASA POPULATION 2023 Scenario Explorer
BIH,SSP3,2031,3.127502,million,IIASA POPULATION 2023 Scenario Explorer
BIH,SSP3,2032,3.109765,million,IIASA POPULATION 2023 Scenario Explorer
BIH,SSP3,2033,3.092029,million,IIASA POPULATION 2023 Scenario Explorer
BIH,SSP3,2034,3.074292,million,IIASA POPULATION 2023 Scenario Explorer
BIH,SSP3,2035,3.056556,million,IIASA POPULATION 2023 Scenario Explorer
BIH,SSP3,2036,3.037481,million,IIASA POPULATION 2023 Scenario Explorer
BIH,SSP3,2037,3.018406,million,IIASA POPULATION 2023 Scenario Explorer
BIH,SSP3,2038,2.999332,million,IIASA POPULATION 2023 Scenario Explorer
BIH,SSP3,2039,2.980257,million,IIASA POPULATION 2023 Scenario Explorer
BIH,SSP3,2040,2.961182,million,IIASA POPULATION 2023 Scenario Explorer
BIH,SSP3,2041,2.941189,million,IIASA POPULATION 2023 Scenario Explorer
BIH,SSP3,2042,2.921196,million,IIASA POPULATION 2023 Scenario Explorer
BIH,SSP3,2043,2.901202,million,IIASA POPULATION 2023 Scenario Explorer
BIH,SSP3,2044,2.881209,million,IIASA POPULATION 2023 Scenario Explorer
BIH,SSP3,2045,2.861216,million,IIASA POPULATION 2023 Scenario Explorer
BIH,SSP3,2046,2.841727,million,IIASA POPULATION 2023 Scenario Explorer
BIH,SSP3,2047,2.822237,million,IIASA POPULATION 2023 Scenario Explorer
BIH,SSP3,2048,2.802748,million,IIASA POPULATION 2023 Scenario Explorer
BIH,SSP3,2049,2.783258,million,IIASA POPULATION 2023 Scenario Explorer
BIH,SSP3,2050,2.763769,million,IIASA POPULATION 2023 Scenario Explorer
BIH,SSP3,2051,2.745988,million,IIASA POPULATION 2023 Scenario Explorer
BIH,SSP3,2052,2.728207,million,IIASA POPULATION 2023 Scenario Explorer
BIH,SSP3,2053,2.710425,million,IIASA POPULATION 2023 Scenario Explorer
BIH,SSP3,2054,2.692644,million,IIASA POPULATION 2023 Scenario Explorer
BIH,SSP3,2055,2.674863,million,IIASA POPULATION 2023 Scenario Explorer
BIH,SSP3,2056,2.659175,million,IIASA POPULATION 2023 Scenario Explorer
BIH,SSP3,2057,2.643487,million,IIASA POPULATION 2023 Scenario Explorer
BIH,SSP3,2058,2.627798,million,IIASA POPULATION 2023 Scenario Explorer
BIH,SSP3,2059,2.61211,million,IIASA POPULATION 2023 Scenario Explorer
BIH,SSP3,2060,2.596422,million,IIASA POPULATION 2023 Scenario Explorer
BIH,SSP3,2061,2.582831,million,IIASA POPULATION 2023 Scenario Explorer
BIH,SSP3,2062,2.56924,million,IIASA POPULATION 2023 Scenario Explorer
BIH,SSP3,2063,2.555648,million,IIASA POPULATION 2023 Scenario Explorer
BIH,SSP3,2064,2.542057,million,IIASA POPULATION 2023 Scenario Explorer
BIH,SSP3,2065,2.528466,million,IIASA POPULATION 2023 Scenario Explorer
BIH,SSP3,2066,2.516741,million,IIASA POPULATION 2023 Scenario Explorer
BIH,SSP3,2067,2.505017,million,IIASA POPULATION 2023 Scenario Explorer
BIH,SSP3,2068,2.493292,million,IIASA POPULATION 2023 Scenario Explorer
BIH,SSP3,2069,2.481568,million,IIASA POPULATION 2023 Scenario Explorer
BIH,SSP3,2070,2.469843,million,IIASA POPULATION 2023 Scenario Explorer
BIH,SSP3,2071,2.459996,million,IIASA POPULATION 2023 Scenario Explorer
BIH,SSP3,2072,2.450148,million,IIASA POPULATION 2023 Scenario Explorer
BIH,SSP3,2073,2.440301,million,IIASA POPULATION 2023 Scenario Explorer
BIH,SSP3,2074,2.430453,million,IIASA POPULATION 2023 Scenario Explorer
BIH,SSP3,2075,2.420606,million,IIASA POPULATION 2023 Scenario Explorer
BIH,SSP3,2076,2.412859,million,IIASA POPULATION 2023 Scenario Explorer
BIH,SSP3,2077,2.405113,million,IIASA POPULATION 2023 Scenario Explorer
BIH,SSP3,2078,2.397366,million,IIASA POPULATION 2023 Scenario Explorer
BIH,SSP3,2079,2.38962,million,IIASA POPULATION 2023 Scenario Explorer
BIH,SSP3,2080,2.381873,million,IIASA POPULATION 2023 Scenario Explorer
BIH,SSP3,2081,2.376366,million,IIASA POPULATION 2023 Scenario Explorer
BIH,SSP3,2082,2.370859,million,IIASA POPULATION 2023 Scenario Explorer
BIH,SSP3,2083,2.365352,million,IIASA POPULATION 2023 Scenario Explorer
BIH,SSP3,2084,2.359845,million,IIASA POPULATION 2023 Scenario Explorer
BIH,SSP3,2085,2.354338,million,IIASA POPULATION 2023 Scenario Explorer
BIH,SSP3,2086,2.350962,million,IIASA POPULATION 2023 Scenario Explorer
BIH,SSP3,2087,2.347586,million,IIASA POPULATION 2023 Scenario Explorer
BIH,SSP3,2088,2.344209,million,IIASA POPULATION 2023 Scenario Explorer
BIH,SSP3,2089,2.340833,million,IIASA POPULATION 2023 Scenario Explorer
BIH,SSP3,2090,2.337457,million,IIASA POPULATION 2023 Scenario Explorer
BIH,SSP3,2091,2.335778,million,IIASA POPULATION 2023 Scenario Explorer
BIH,SSP3,2092,2.334099,million,IIASA POPULATION 2023 Scenario Explorer
BIH,SSP3,2093,2.332421,million,IIASA POPULATION 2023 Scenario Explorer
BIH,SSP3,2094,2.330742,million,IIASA POPULATION 2023 Scenario Explorer
BIH,SSP3,2095,2.329063,million,IIASA POPULATION 2023 Scenario Explorer
BIH,SSP3,2096,2.32855,million,IIASA POPULATION 2023 Scenario Explorer
BIH,SSP3,2097,2.328037,million,IIASA POPULATION 2023 Scenario Explorer
BIH,SSP3,2098,2.327524,million,IIASA POPULATION 2023 Scenario Explorer
BIH,SSP3,2099,2.327011,million,IIASA POPULATION 2023 Scenario Explorer
BIH,SSP3,2100,2.326498,million,IIASA POPULATION 2023 Scenario Explorer
MKD,SSP3,2023,2.105122,million,IIASA POPULATION 2023 Scenario Explorer
MKD,SSP3,2024,2.102154,million,IIASA POPULATION 2023 Scenario Explorer
MKD,SSP3,2025,2.099186,million,IIASA POPULATION 2023 Scenario Explorer
MKD,SSP3,2026,2.101593,million,IIASA POPULATION 2023 Scenario Explorer
MKD,SSP3,2027,2.104,million,IIASA POPULATION 2023 Scenario Explorer
MKD,SSP3,2028,2.106408,million,IIASA POPULATION 2023 Scenario Explorer
MKD,SSP3,2029,2.108815,million,IIASA POPULATION 2023 Scenario Explorer
MKD,SSP3,2030,2.111222,million,IIASA POPULATION 2023 Scenario Explorer
MKD,SSP3,2031,2.111877,million,IIASA POPULATION 2023 Scenario Explorer
MKD,SSP3,2032,2.112532,million,IIASA POPULATION 2023 Scenario Explorer
MKD,SSP3,2033,2.113187,million,IIASA POPULATION 2023 Scenario Explorer
MKD,SSP3,2034,2.113842,million,IIASA POPULATION 2023 Scenario Explorer
MKD,SSP3,2035,2.114497,million,IIASA POPULATION 2023 Scenario Explorer
MKD,SSP3,2036,2.113186,million,IIASA POPULATION 2023 Scenario Explorer
MKD,SSP3,2037,2.111876,million,IIASA POPULATION 2023 Scenario Explorer
MKD,SSP3,2038,2.110565,million,IIASA POPULATION 2023 Scenario Explorer
MKD,SSP3,2039,2.109255,million,IIASA POPULATION 2023 Scenario Explorer
MKD,SSP3,2040,2.107944,million,IIASA POPULATION 2023 Scenario Explorer
MKD,SSP3,2041,2.104882,million,IIASA POPULATION 2023 Scenario Explorer
MKD,SSP3,2042,2.10182,million,IIASA POPULATION 2023 Scenario Explorer
MKD,SSP3,2043,2.098758,million,IIASA POPULATION 2023 Scenario Explorer
MKD,SSP3,2044,2.095696,million,IIASA POPULATION 2023 Scenario Explorer
MKD,SSP3,2045,2.092634,million,IIASA POPULATION 2023 Scenario Explorer
MKD,SSP3,2046,2.088953,million,IIASA POPULATION 2023 Scenario Explorer
MKD,SSP3,2047,2.085273,million,IIASA POPULATION 2023 Scenario Explorer
MKD,SSP3,2048,2.081592,million,IIASA POPULATION 2023 Scenario Explorer
MKD,SSP3,2049,2.077912,million,IIASA POPULATION 2023 Scenario Explorer
MKD,SSP3,2050,2.074231,million,IIASA POPULATION 2023 Scenario Explorer
MKD,SSP3,2051,2.07077,million,IIASA POPULATION 2023 Scenario Explorer
MKD,SSP3,2052,2.067309,million,IIASA POPULATION 2023 Scenario Explorer
MKD,SSP3,2053,2.063849,million,IIASA POPULATION 2023 Scenario Explorer
MKD,SSP3,2054,2.060388,million,IIASA POPULATION 2023 Scenario Explorer
MKD,SSP3,2055,2.056927,million,IIASA POPULATION 2023 Scenario Explorer
MKD,SSP3,2056,2.054117,million,IIASA POPULATION 2023 Scenario Explorer
MKD,SSP3,2057,2.051306,million,IIASA POPULATION 2023 Scenario Explorer
MKD,SSP3,2058,2.048496,million,IIASA POPULATION 2023 Scenario Explorer
MKD,SSP3,2059,2.045685,million,IIASA POPULATION 2023 Scenario Explorer
MKD,SSP3,2060,2.042875,million,IIASA POPULATION 2023 Scenario Explorer
MKD,SSP3,2061,2.040342,million,IIASA POPULATION 2023 Scenario Explorer
MKD,SSP3,2062,2.037809,million,IIASA POPULATION 2023 Scenario Explorer
MKD,SSP3,2063,2.035275,million,IIASA POPULATION 2023 Scenario Explorer
MKD,SSP3,2064,2.032742,million,IIASA POPULATION 2023 Scenario Explorer
MKD,SSP3,2065,2.030209,million,IIASA POPULATION 2023 Scenario Explorer
MKD,SSP3,2066,2.027725,million,IIASA POPULATION 2023 Scenario Explorer
MKD,SSP3,2067,2.025241,million,IIASA POPULATION 2023 Scenario Explorer
MKD,SSP3,2068,2.022756,million,IIASA POPULATION 2023 Scenario Explorer
MKD,SSP3,2069,2.020272,million,IIASA POPULATION 2023 Scenario Explorer
MKD,SSP3,2070,2.017788,million,IIASA POPULATION 2023 Scenario Explorer
MKD,SSP3,2071,2.015423,million,IIASA POPULATION 2023 Scenario Explorer
MKD,SSP3,2072,2.013058,million,IIASA POPULATION 2023 Scenario Explorer
MKD,SSP3,2073,2.010694,million,IIASA POPULATION 2023 Scenario Explorer
MKD,SSP3,2074,2.008329,million,IIASA POPULATION 2023 Scenario Explorer
MKD,SSP3,2075,2.005964,million,IIASA POPULATION 2023 Scenario Explorer
MKD,SSP3,2076,2.004177,million,IIASA POPULATION 2023 Scenario Explorer
MKD,SSP3,2077,2.00239,million,IIASA POPULATION 2023 Scenario Explorer
MKD,SSP3,2078,2.000602,million,IIASA POPULATION 2023 Scenario Explorer
MKD,SSP3,2079,1.998815,million,IIASA POPULATION 2023 Scenario Explorer
MKD,SSP3,2080,1.997028,million,IIASA POPULATION 2023 Scenario Explorer
MKD,SSP3,2081,1.996395,million,IIASA POPULATION 2023 Scenario Explorer
MKD,SSP3,2082,1.995762,million,IIASA POPULATION 2023 Scenario Explorer
MKD,SSP3,2083,1.99513,million,IIASA POPULATION 2023 Scenario Explorer
MKD,SSP3,2084,1.994497,million,IIASA POPULATION 2023 Scenario Explorer
MKD,SSP3,2085,1.993864,million,IIASA POPULATION 2023 Scenario Explorer
MKD,SSP3,2086,1.994704,million,IIASA POPULATION 2023 Scenario Explorer
MKD,SSP3,2087,1.995543,million,IIASA POPULATION 2023 Scenario Explorer
MKD,SSP3,2088,1.996383,million,IIASA POPULATION 2023 Scenario Explorer
MKD,SSP3,2089,1.997222,million,IIASA POPULATION 2023 Scenario Explorer
MKD,SSP3,2090,1.998062,million,IIASA POPULATION 2023 Scenario Explorer
MKD,SSP3,2091,2.00024,million,IIASA POPULATION 2023 Scenario Explorer
MKD,SSP3,2092,2.002417,million,IIASA POPULATION 2023 Scenario Explorer
MKD,SSP3,2093,2.004595,million,IIASA POPULATION 2023 Scenario Explorer
MKD,SSP3,2094,2.006772,million,IIASA POPULATION 2023 Scenario Explorer
MKD,SSP3,2095,2.00895,million,IIASA POPULATION 2023 Scenario Explorer
MKD,SSP3,2096,2.011946,million,IIASA POPULATION 2023 Scenario Explorer
MKD,SSP3,2097,2.014941,million,IIASA POPULATION 2023 Scenario Explorer
MKD,SSP3,2098,2.017937,million,IIASA POPULATION 2023 Scenario Explorer
MKD,SSP3,2099,2.020932,million,IIASA POPULATION 2023 Scenario Explorer
MKD,SSP3,2100,2.023928,million,IIASA POPULATION 2023 Scenario Explorer
MNE,SSP3,2023,0.642494,million,IIASA POPULATION 2023 Scenario Explorer
MNE,SSP3,2024,0.646696,million,IIASA POPULATION 2023 Scenario Explorer
MNE,SSP3,2025,0.650898,million,IIASA POPULATION 2023 Scenario Explorer
MNE,SSP3,2026,0.65,million,IIASA POPULATION 2023 Scenario Explorer
MNE,SSP3,2027,0.649101,million,IIASA POPULATION 2023 Scenario Explorer
MNE,SSP3,2028,0.648203,million,IIASA POPULATION 2023 Scenario Explorer
MNE,SSP3,2029,0.647304,million,IIASA POPULATION 2023 Scenario Explorer
MNE,SSP3,2030,0.646406,million,IIASA POPULATION 2023 Scenario Explorer
MNE,SSP3,2031,0.645586,million,IIASA POPULATION 2023 Scenario Explorer
MNE,SSP3,2032,0.644766,million,IIASA POPULATION 2023 Scenario Explorer
MNE,SSP3,2033,0.643947,million,IIASA POPULATION 2023 Scenario Explorer
MNE,SSP3,2034,0.643127,million,IIASA POPULATION 2023 Scenario Explorer
MNE,SSP3,2035,0.642307,million,IIASA POPULATION 2023 Scenario Explorer
MNE,SSP3,2036,0.641797,million,IIASA POPULATION 2023 Scenario Explorer
MNE,SSP3,2037,0.641288,million,IIASA POPULATION 2023 Scenario Explorer
MNE,SSP3,2038,0.640778,million,IIASA POPULATION 2023 Scenario Explorer
MNE,SSP3,2039,0.640269,million,IIASA POPULATION 2023 Scenario Explorer
MNE,SSP3,2040,0.639759,million,IIASA POPULATION 2023 Scenario Explorer
MNE,SSP3,2041,0.63934,million,IIASA POPULATION 2023 Scenario Explorer
MNE,SSP3,2042,0.638921,million,IIASA POPULATION 2023 Scenario Explorer
MNE,SSP3,2043,0.638503,million,IIASA POPULATION 2023 Scenario Explorer
MNE,SSP3,2044,0.638084,million,IIASA POPULATION 2023 Scenario Explorer
MNE,SSP3,2045,0.637665,million,IIASA POPULATION 2023 Scenario Explorer
MNE,SSP3,2046,0.637404,million,IIASA POPULATION 2023 Scenario Explorer
MNE,SSP3,2047,0.637143,million,IIASA POPULATION 2023 Scenario Explorer
MNE,SSP3,2048,0.636881,million,IIASA POPULATION 2023 Scenario Explorer
MNE,SSP3,2049,0.63662,million,IIASA POPULATION 2023 Scenario Explorer
MNE,SSP3,2050,0.636359,million,IIASA POPULATION 2023 Scenario Explorer
MNE,SSP3,2051,0.636257,million,IIASA POPULATION 2023 Scenario Explorer
MNE,SSP3,2052,0.636155,million,IIASA POPULATION 2023 Scenario Explorer
MNE,SSP3,2053,0.636054,million,IIASA POPULATION 2023 Scenario Explorer
MNE,SSP3,2054,0.635952,million,IIASA POPULATION 2023 Scenario Explorer
MNE,SSP3,2055,0.63585,million,IIASA POPULATION 2023 Scenario Explorer
MNE,SSP3,2056,0.63588,million,IIASA POPULATION 2023 Scenario Explorer
MNE,SSP3,2057,0.635911,million,IIASA POPULATION 2023 Scenario Explorer
MNE,SSP3,2058,0.635941,million,IIASA POPULATION 2023 Scenario Explorer
MNE,SSP3,2059,0.635972,million,IIASA POPULATION 2023 Scenario Explorer
MNE,SSP3,2060,0.636002,million,IIASA POPULATION 2023 Scenario Explorer
MNE,SSP3,2061,0.636088,million,IIASA POPULATION 2023 Scenario Explorer
MNE,SSP3,2062,0.636173,million,IIASA POPULATION 2023 Scenario Explorer
MNE,SSP3,2063,0.636259,million,IIASA POPULATION 2023 Scenario Explorer
MNE,SSP3,2064,0.636344,million,IIASA POPULATION 2023 Scenario Explorer
MNE,SSP3,2065,0.63643,million,IIASA POPULATION 2023 Scenario Explorer
MNE,SSP3,2066,0.636631,million,IIASA POPULATION 2023 Scenario Explorer
MNE,SSP3,2067,0.636831,million,IIASA POPULATION 2023 Scenario Explorer
MNE,SSP3,2068,0.637032,million,IIASA POPULATION 2023 Scenario Explorer
MNE,SSP3,2069,0.637232,million,IIASA POPULATION 2023 Scenario Explorer
MNE,SSP3,2070,0.637433,million,IIASA POPULATION 2023 Scenario Explorer
MNE,SSP3,2071,0.6378,million,IIASA POPULATION 2023 Scenario Explorer
MNE,SSP3,2072,0.638167,million,IIASA POPULATION 2023 Scenario Explorer
MNE,SSP3,2073,0.638534,million,IIASA POPULATION 2023 Scenario Explorer
MNE,SSP3,2074,0.638901,million,IIASA POPULATION 2023 Scenario Explorer
MNE,SSP3,2075,0.639268,million,IIASA POPULATION 2023 Scenario Explorer
MNE,SSP3,2076,0.639846,million,IIASA POPULATION 2023 Scenario Explorer
MNE,SSP3,2077,0.640423,million,IIASA POPULATION 2023 Scenario Explorer
MNE,SSP3,2078,0.641001,million,IIASA POPULATION 2023 Scenario Explorer
MNE,SSP3,2079,0.641578,million,IIASA POPULATION 2023 Scenario Explorer
MNE,SSP3,2080,0.642156,million,IIASA POPULATION 2023 Scenario Explorer
MNE,SSP3,2081,0.642964,million,IIASA POPULATION 2023 Scenario Explorer
MNE,SSP3,2082,0.643772,million,IIASA POPULATION 2023 Scenario Explorer
MNE,SSP3,2083,0.644581,million,IIASA POPULATION 2023 Scenario Explorer
MNE,SSP3,2084,0.645389,million,IIASA POPULATION 2023 Scenario Explorer
MNE,SSP3,2085,0.646197,million,IIASA POPULATION 2023 Scenario Explorer
MNE,SSP3,2086,0.647208,million,IIASA POPULATION 2023 Scenario Explorer
MNE,SSP3,2087,0.648219,million,IIASA POPULATION 2023 Scenario Explorer
MNE,SSP3,2088,0.649231,million,IIASA POPULATION 2023 Scenario Explorer
MNE,SSP3,2089,0.650242,million,IIASA POPULATION 2023 Scenario Explorer
MNE,SSP3,2090,0.651253,million,IIASA POPULATION 2023 Scenario Explorer
MNE,SSP3,2091,0.652419,million,IIASA POPULATION 2023 Scenario Explorer
MNE,SSP3,2092,0.653584,million,IIASA POPULATION 2023 Scenario Explorer
MNE,SSP3,2093,0.65475,million,IIASA POPULATION 2023 Scenario Explorer
MNE,SSP3,2094,0.655915,million,IIASA POPULATION 2023 Scenario Explorer
MNE,SSP3,2095,0.657081,million,IIASA POPULATION 2023 Scenario Explorer
MNE,SSP3,2096,0.658368,million,IIASA POPULATION 2023 Scenario Explorer
MNE,SSP3,2097,0.659655,million,IIASA POPULATION 2023 Scenario Explorer
MNE,SSP3,2098,0.660942,million,IIASA POPULATION 2023 Scenario Explorer
MNE,SSP3,2099,0.662229,million,IIASA POPULATION 2023 Scenario Explorer
MNE,SSP3,2100,0.663516,million,IIASA POPULATION 2023 Scenario Explorer
SRB,SSP3,2023,7.236315,million,IIASA POPULATION 2023 Scenario Explorer
SRB,SSP3,2024,7.187065,million,IIASA POPULATION 2023 Scenario Explorer
SRB,SSP3,2025,7.137816,million,IIASA POPULATION 2023 Scenario Explorer
SRB,SSP3,2026,7.112907,million,IIASA POPULATION 2023 Scenario Explorer
SRB,SSP3,2027,7.087997,million,IIASA POPULATION 2023 Scenario Explorer
SRB,SSP3,2028,7.063088,million,IIASA POPULATION 2023 Scenario Explorer
SRB,SSP3,2029,7.038178,million,IIASA POPULATION 2023 Scenario Explorer
SRB,SSP3,2030,7.013269,million,IIASA POPULATION 2023 Scenario Explorer
SRB,SSP3,2031,6.988572,million,IIASA POPULATION 2023 Scenario Explorer
SRB,SSP3,2032,6.963874,million,IIASA POPULATION 2023 Scenario Explorer
SRB,SSP3,2033,6.939177,million,IIASA POPULATION 2023 Scenario Explorer
SRB,SSP3,2034,6.914479,million,IIASA POPULATION 2023 Scenario Explorer
SRB,SSP3,2035,6.889782,million,IIASA POPULATION 2023 Scenario Explorer
SRB,SSP3,2036,6.865026,million,IIASA POPULATION 2023 Scenario Explorer
SRB,SSP3,2037,6.84027,million,IIASA POPULATION 2023 Scenario Explorer
SRB,SSP3,2038,6.815514,million,IIASA POPULATION 2023 Scenario Explorer
SRB,SSP3,2039,6.790758,million,IIASA POPULATION 2023 Scenario Explorer
SRB,SSP3,2040,6.766002,million,IIASA POPULATION 2023 Scenario Explorer
SRB,SSP3,2041,6.742161,million,IIASA POPULATION 2023 Scenario Explorer
SRB,SSP3,2042,6.718319,million,IIASA POPULATION 2023 Scenario Explorer
SRB,SSP3,2043,6.694478,million,IIASA POPULATION 2023 Scenario Explorer
SRB,SSP3,2044,6.670636,million,IIASA POPULATION 2023 Scenario Explorer
SRB,SSP3,2045,6.646795,million,IIASA POPULATION 2023 Scenario Explorer
SRB,SSP3,2046,6.626032,million,IIASA POPULATION 2023 Scenario Explorer
SRB,SSP3,2047,6.605269,million,IIASA POPULATION 2023 Scenario Explorer
SRB,SSP3,2048,6.584506,million,IIASA POPULATION 2023 Scenario Explorer
SRB,SSP3,2049,6.563743,million,IIASA POPULATION 2023 Scenario Explorer
SRB,SSP3,2050,6.54298,million,IIASA POPULATION 2023 Scenario Explorer
SRB,SSP3,2051,6.526002,million,IIASA POPULATION 2023 Scenario Explorer
SRB,SSP3,2052,6.509024,million,IIASA POPULATION 2023 Scenario Explorer
SRB,SSP3,2053,6.492047,million,IIASA POPULATION 2023 Scenario Explorer
SRB,SSP3,2054,6.475069,million,IIASA POPULATION 2023 Scenario Explorer
SRB,SSP3,2055,6.458091,million,IIASA POPULATION 2023 Scenario Explorer
SRB,SSP3,2056,6.444825,million,IIASA POPULATION 2023 Scenario Explorer
SRB,SSP3,2057,6.431559,million,IIASA POPULATION 2023 Scenario Explorer
SRB,SSP3,2058,6.418293,million,IIASA POPULATION 2023 Scenario Explorer
SRB,SSP3,2059,6.405027,million,IIASA POPULATION 2023 Scenario Explorer
SRB,SSP3,2060,6.391761,million,IIASA POPULATION 2023 Scenario Explorer
SRB,SSP3,2061,6.380585,million,IIASA POPULATION 2023 Scenario Explorer
SRB,SSP3,2062,6.369409,million,IIASA POPULATION 2023 Scenario Explorer
SRB,SSP3,2063,6.358233,million,IIASA POPULATION 2023 Scenario Explorer
SRB,SSP3,2064,6.347057,million,IIASA POPULATION 2023 Scenario Explorer
SRB,SSP3,2065,6.335881,million,IIASA POPULATION 2023 Scenario Explorer
SRB,SSP3,2066,6.327185,million,IIASA POPULATION 2023 Scenario Explorer
SRB,SSP3,2067,6.318489,million,IIASA POPULATION 2023 Scenario Explorer
SRB,SSP3,2068,6.309792,million,IIASA POPULATION 2023 Scenario Explorer
SRB,SSP3,2069,6.301096,million,IIASA POPULATION 2023 Scenario Explorer
SRB,SSP3,2070,6.2924,million,IIASA POPULATION 2023 Scenario Explorer
SRB,SSP3,2071,6.286886,million,IIASA POPULATION 2023 Scenario Explorer
SRB,SSP3,2072,6.281371,million,IIASA POPULATION 2023 Scenario Explorer
SRB,SSP3,2073,6.275857,million,IIASA POPULATION 2023 Scenario Explorer
SRB,SSP3,2074,6.270342,million,IIASA POPULATION 2023 Scenario Explorer
SRB,SSP3,2075,6.264828,million,IIASA POPULATION 2023 Scenario Explorer
SRB,SSP3,2076,6.263248,million,IIASA POPULATION 2023 Scenario Explorer
SRB,SSP3,2077,6.261668,million,IIASA POPULATION 2023 Scenario Explorer
SRB,SSP3,2078,6.260088,million,IIASA POPULATION 2023 Scenario Explorer
SRB,SSP3,2079,6.258508,million,IIASA POPULATION 2023 Scenario Explorer
SRB,SSP3,2080,6.256928,million,IIASA POPULATION 2023 Scenario Explorer
SRB,SSP3,2081,6.259553,million,IIASA POPULATION 2023 Scenario Explorer
SRB,SSP3,2082,6.262177,million,IIASA POPULATION 2023 Scenario Explorer
SRB,SSP3,2083,6.264802,million,IIASA POPULATION 2023 Scenario Explorer
SRB,SSP3,2084,6.267426,million,IIASA POPULATION 2023 Scenario Explorer
SRB,SSP3,2085,6.270051,million,IIASA POPULATION 2023 Scenario Explorer
SRB,SSP3,2086,6.276236,million,IIASA POPULATION 2023 Scenario Explorer
SRB,SSP3,2087,6.282421,million,IIASA POPULATION 2023 Scenario Explorer
SRB,SSP3,2088,6.288605,million,IIASA POPULATION 2023 Scenario Explorer
SRB,SSP3,2089,6.29479,million,IIASA POPULATION 2023 Scenario Explorer
SRB,SSP3,2090,6.300975,million,IIASA POPULATION 2023 Scenario Explorer
SRB,SSP3,2091,6.309337,million,IIASA POPULATION 2023 Scenario Explorer
SRB,SSP3,2092,6.317699,million,IIASA POPULATION 2023 Scenario Explorer
SRB,SSP3,2093,6.32606,million,IIASA POPULATION 2023 Scenario Explorer
SRB,SSP3,2094,6.334422,million,IIASA POPULATION 2023 Scenario Explorer
SRB,SSP3,2095,6.342784,million,IIASA POPULATION 2023 Scenario Explorer
SRB,SSP3,2096,6.351787,million,IIASA POPULATION 2023 Scenario Explorer
SRB,SSP3,2097,6.36079,million,IIASA POPULATION 2023 Scenario Explorer
SRB,SSP3,2098,6.369792,million,IIASA POPULATION 2023 Scenario Explorer
SRB,SSP3,2099,6.378795,million,IIASA POPULATION 2023 Scenario Explorer
SRB,SSP3,2100,6.387798,million,IIASA POPULATION 2023 Scenario Explorer
KOS,SSP3,2023,1.76,million,Synthesized Kosovo: Serbia IIASA POPULATION SSP growth indexed to Kosovo 2023 base
KOS,SSP3,2024,1.748022,million,Synthesized Kosovo: Serbia IIASA POPULATION SSP growth indexed to Kosovo 2023 base
KOS,SSP3,2025,1.736043,million,Synthesized Kosovo: Serbia IIASA POPULATION SSP growth indexed to Kosovo 2023 base
KOS,SSP3,2026,1.729985,million,Synthesized Kosovo: Serbia IIASA POPULATION SSP growth indexed to Kosovo 2023 base
KOS,SSP3,2027,1.723927,million,Synthesized Kosovo: Serbia IIASA POPULATION SSP growth indexed to Kosovo 2023 base
KOS,SSP3,2028,1.717868,million,Synthesized Kosovo: Serbia IIASA POPULATION SSP growth indexed to Kosovo 2023 base
KOS,SSP3,2029,1.71181,million,Synthesized Kosovo: Serbia IIASA POPULATION SSP growth indexed to Kosovo 2023 base
KOS,SSP3,2030,1.705751,million,Synthesized Kosovo: Serbia IIASA POPULATION SSP growth indexed to Kosovo 2023 base
KOS,SSP3,2031,1.699744,million,Synthesized Kosovo: Serbia IIASA POPULATION SSP growth indexed to Kosovo 2023 base
KOS,SSP3,2032,1.693738,million,Synthesized Kosovo: Serbia IIASA POPULATION SSP growth indexed to Kosovo 2023 base
KOS,SSP3,2033,1.687731,million,Synthesized Kosovo: Serbia IIASA POPULATION SSP growth indexed to Kosovo 2023 base
KOS,SSP3,2034,1.681724,million,Synthesized Kosovo: Serbia IIASA POPULATION SSP growth indexed to Kosovo 2023 base
KOS,SSP3,2035,1.675717,million,Synthesized Kosovo: Serbia IIASA POPULATION SSP growth indexed to Kosovo 2023 base
KOS,SSP3,2036,1.669696,million,Synthesized Kosovo: Serbia IIASA POPULATION SSP growth indexed to Kosovo 2023 base
KOS,SSP3,2037,1.663675,million,Synthesized Kosovo: Serbia IIASA POPULATION SSP growth indexed to Kosovo 2023 base
KOS,SSP3,2038,1.657654,million,Synthesized Kosovo: Serbia IIASA POPULATION SSP growth indexed to Kosovo 2023 base
KOS,SSP3,2039,1.651633,million,Synthesized Kosovo: Serbia IIASA POPULATION SSP growth indexed to Kosovo 2023 base
KOS,SSP3,2040,1.645612,million,Synthesized Kosovo: Serbia IIASA POPULATION SSP growth indexed to Kosovo 2023 base
KOS,SSP3,2041,1.639813,million,Synthesized Kosovo: Serbia IIASA POPULATION SSP growth indexed to Kosovo 2023 base
KOS,SSP3,2042,1.634014,million,Synthesized Kosovo: Serbia IIASA POPULATION SSP growth indexed to Kosovo 2023 base
KOS,SSP3,2043,1.628216,million,Synthesized Kosovo: Serbia IIASA POPULATION SSP growth indexed to Kosovo 2023 base
KOS,SSP3,2044,1.622417,million,Synthesized Kosovo: Serbia IIASA POPULATION SSP growth indexed to Kosovo 2023 base
KOS,SSP3,2045,1.616618,million,Synthesized Kosovo: Serbia IIASA POPULATION SSP growth indexed to Kosovo 2023 base
KOS,SSP3,2046,1.611568,million,Synthesized Kosovo: Serbia IIASA POPULATION SSP growth indexed to Kosovo 2023 base
KOS,SSP3,2047,1.606518,million,Synthesized Kosovo: Serbia IIASA POPULATION SSP growth indexed to Kosovo 2023 base
KOS,SSP3,2048,1.601469,million,Synthesized Kosovo: Serbia IIASA POPULATION SSP growth indexed to Kosovo 2023 base
KOS,SSP3,2049,1.596419,million,Synthesized Kosovo: Serbia IIASA POPULATION SSP growth indexed to Kosovo 2023 base
KOS,SSP3,2050,1.591369,million,Synthesized Kosovo: Serbia IIASA POPULATION SSP growth indexed to Kosovo 2023 base
KOS,SSP3,2051,1.587239,million,Synthesized Kosovo: Serbia IIASA POPULATION SSP growth indexed to Kosovo 2023 base
KOS,SSP3,2052,1.58311,million,Synthesized Kosovo: Serbia IIASA POPULATION SSP growth indexed to Kosovo 2023 base
KOS,SSP3,2053,1.578981,million,Synthesized Kosovo: Serbia IIASA POPULATION SSP growth indexed to Kosovo 2023 base
KOS,SSP3,2054,1.574851,million,Synthesized Kosovo: Serbia IIASA POPULATION SSP growth indexed to Kosovo 2023 base
KOS,SSP3,2055,1.570722,million,Synthesized Kosovo: Serbia IIASA POPULATION SSP growth indexed to Kosovo 2023 base
KOS,SSP3,2056,1.567496,million,Synthesized Kosovo: Serbia IIASA POPULATION SSP growth indexed to Kosovo 2023 base
KOS,SSP3,2057,1.564269,million,Synthesized Kosovo: Serbia IIASA POPULATION SSP growth indexed to Kosovo 2023 base
KOS,SSP3,2058,1.561043,million,Synthesized Kosovo: Serbia IIASA POPULATION SSP growth indexed to Kosovo 2023 base
KOS,SSP3,2059,1.557816,million,Synthesized Kosovo: Serbia IIASA POPULATION SSP growth indexed to Kosovo 2023 base
KOS,SSP3,2060,1.55459,million,Synthesized Kosovo: Serbia IIASA POPULATION SSP growth indexed to Kosovo 2023 base
KOS,SSP3,2061,1.551871,million,Synthesized Kosovo: Serbia IIASA POPULATION SSP growth indexed to Kosovo 2023 base
KOS,SSP3,2062,1.549153,million,Synthesized Kosovo: Serbia IIASA POPULATION SSP growth indexed to Kosovo 2023 base
KOS,SSP3,2063,1.546435,million,Synthesized Kosovo: Serbia IIASA POPULATION SSP growth indexed to Kosovo 2023 base
KOS,SSP3,2064,1.543717,million,Synthesized Kosovo: Serbia IIASA POPULATION SSP growth indexed to Kosovo 2023 base
KOS,SSP3,2065,1.540999,million,Synthesized Kosovo: Serbia IIASA POPULATION SSP growth indexed to Kosovo 2023 base
KOS,SSP3,2066,1.538883,million,Synthesized Kosovo: Serbia IIASA POPULATION SSP growth indexed to Kosovo 2023 base
KOS,SSP3,2067,1.536768,million,Synthesized Kosovo: Serbia IIASA POPULATION SSP growth indexed to Kosovo 2023 base
KOS,SSP3,2068,1.534653,million,Synthesized Kosovo: Serbia IIASA POPULATION SSP growth indexed to Kosovo 2023 base
KOS,SSP3,2069,1.532538,million,Synthesized Kosovo: Serbia IIASA POPULATION SSP growth indexed to Kosovo 2023 base
KOS,SSP3,2070,1.530423,million,Synthesized Kosovo: Serbia IIASA POPULATION SSP growth indexed to Kosovo 2023 base
KOS,SSP3,2071,1.529082,million,Synthesized Kosovo: Serbia IIASA POPULATION SSP growth indexed to Kosovo 2023 base
KOS,SSP3,2072,1.527741,million,Synthesized Kosovo: Serbia IIASA POPULATION SSP growth indexed to Kosovo 2023 base
KOS,SSP3,2073,1.5264,million,Synthesized Kosovo: Serbia IIASA POPULATION SSP growth indexed to Kosovo 2023 base
KOS,SSP3,2074,1.525058,million,Synthesized Kosovo: Serbia IIASA POPULATION SSP growth indexed to Kosovo 2023 base
KOS,SSP3,2075,1.523717,million,Synthesized Kosovo: Serbia IIASA POPULATION SSP growth indexed to Kosovo 2023 base
KOS,SSP3,2076,1.523333,million,Synthesized Kosovo: Serbia IIASA POPULATION SSP growth indexed to Kosovo 2023 base
KOS,SSP3,2077,1.522949,million,Synthesized Kosovo: Serbia IIASA POPULATION SSP growth indexed to Kosovo 2023 base
KOS,SSP3,2078,1.522564,million,Synthesized Kosovo: Serbia IIASA POPULATION SSP growth indexed to Kosovo 2023 base
KOS,SSP3,2079,1.52218,million,Synthesized Kosovo: Serbia IIASA POPULATION SSP growth indexed to Kosovo 2023 base
KOS,SSP3,2080,1.521796,million,Synthesized Kosovo: Serbia IIASA POPULATION SSP growth indexed to Kosovo 2023 base
KOS,SSP3,2081,1.522434,million,Synthesized Kosovo: Serbia IIASA POPULATION SSP growth indexed to Kosovo 2023 base
KOS,SSP3,2082,1.523072,million,Synthesized Kosovo: Serbia IIASA POPULATION SSP growth indexed to Kosovo 2023 base
KOS,SSP3,2083,1.523711,million,Synthesized Kosovo: Serbia IIASA POPULATION SSP growth indexed to Kosovo 2023 base
KOS,SSP3,2084,1.524349,million,Synthesized Kosovo: Serbia IIASA POPULATION SSP growth indexed to Kosovo 2023 base
KOS,SSP3,2085,1.524988,million,Synthesized Kosovo: Serbia IIASA POPULATION SSP growth indexed to Kosovo 2023 base
KOS,SSP3,2086,1.526492,million,Synthesized Kosovo: Serbia IIASA POPULATION SSP growth indexed to Kosovo 2023 base
KOS,SSP3,2087,1.527996,million,Synthesized Kosovo: Serbia IIASA POPULATION SSP growth indexed to Kosovo 2023 base
KOS,SSP3,2088,1.5295,million,Synthesized Kosovo: Serbia IIASA POPULATION SSP growth indexed to Kosovo 2023 base
KOS,SSP3,2089,1.531005,million,Synthesized Kosovo: Serbia IIASA POPULATION SSP growth indexed to Kosovo 2023 base
KOS,SSP3,2090,1.532509,million,Synthesized Kosovo: Serbia IIASA POPULATION SSP growth indexed to Kosovo 2023 base
KOS,SSP3,2091,1.534543,million,Synthesized Kosovo: Serbia IIASA POPULATION SSP growth indexed to Kosovo 2023 base
KOS,SSP3,2092,1.536576,million,Synthesized Kosovo: Serbia IIASA POPULATION SSP growth indexed to Kosovo 2023 base
KOS,SSP3,2093,1.53861,million,Synthesized Kosovo: Serbia IIASA POPULATION SSP growth indexed to Kosovo 2023 base
KOS,SSP3,2094,1.540644,million,Synthesized Kosovo: Serbia IIASA POPULATION SSP growth indexed to Kosovo 2023 base
KOS,SSP3,2095,1.542677,million,Synthesized Kosovo: Serbia IIASA POPULATION SSP growth indexed to Kosovo 2023 base
KOS,SSP3,2096,1.544867,million,Synthesized Kosovo: Serbia IIASA POPULATION SSP growth indexed to Kosovo 2023 base
KOS,SSP3,2097,1.547057,million,Synthesized Kosovo: Serbia IIASA POPULATION SSP growth indexed to Kosovo 2023 base
KOS,SSP3,2098,1.549246,million,Synthesized Kosovo: Serbia IIASA POPULATION SSP growth indexed to Kosovo 2023 base
KOS,SSP3,2099,1.551436,million,Synthesized Kosovo: Serbia IIASA POPULATION SSP growth indexed to Kosovo 2023 base
KOS,SSP3,2100,1.553626,million,Synthesized Kosovo: Serbia IIASA POPULATION SSP growth indexed to Kosovo 2023 base
ALB,SSP4,2023,2.820323,million,IIASA POPULATION 2023 Scenario Explorer
ALB,SSP4,2024,2.803054,million,IIASA POPULATION 2023 Scenario Explorer
ALB,SSP4,2025,2.785785,million,IIASA POPULATION 2023 Scenario Explorer
ALB,SSP4,2026,2.768012,million,IIASA POPULATION 2023 Scenario Explorer
ALB,SSP4,2027,2.750239,million,IIASA POPULATION 2023 Scenario Explorer
ALB,SSP4,2028,2.732465,million,IIASA POPULATION 2023 Scenario Explorer
ALB,SSP4,2029,2.714692,million,IIASA POPULATION 2023 Scenario Explorer
ALB,SSP4,2030,2.696919,million,IIASA POPULATION 2023 Scenario Explorer
ALB,SSP4,2031,2.674111,million,IIASA POPULATION 2023 Scenario Explorer
ALB,SSP4,2032,2.651303,million,IIASA POPULATION 2023 Scenario Explorer
ALB,SSP4,2033,2.628495,million,IIASA POPULATION 2023 Scenario Explorer
ALB,SSP4,2034,2.605687,million,IIASA POPULATION 2023 Scenario Explorer
ALB,SSP4,2035,2.582879,million,IIASA POPULATION 2023 Scenario Explorer
ALB,SSP4,2036,2.557004,million,IIASA POPULATION 2023 Scenario Explorer
ALB,SSP4,2037,2.531129,million,IIASA POPULATION 2023 Scenario Explorer
ALB,SSP4,2038,2.505254,million,IIASA POPULATION 2023 Scenario Explorer
ALB,SSP4,2039,2.479379,million,IIASA POPULATION 2023 Scenario Explorer
ALB,SSP4,2040,2.453504,million,IIASA POPULATION 2023 Scenario Explorer
ALB,SSP4,2041,2.42671,million,IIASA POPULATION 2023 Scenario Explorer
ALB,SSP4,2042,2.399917,million,IIASA POPULATION 2023 Scenario Explorer
ALB,SSP4,2043,2.373123,million,IIASA POPULATION 2023 Scenario Explorer
ALB,SSP4,2044,2.34633,million,IIASA POPULATION 2023 Scenario Explorer
ALB,SSP4,2045,2.319536,million,IIASA POPULATION 2023 Scenario Explorer
ALB,SSP4,2046,2.292666,million,IIASA POPULATION 2023 Scenario Explorer
ALB,SSP4,2047,2.265796,million,IIASA POPULATION 2023 Scenario Explorer
ALB,SSP4,2048,2.238927,million,IIASA POPULATION 2023 Scenario Explorer
ALB,SSP4,2049,2.212057,million,IIASA POPULATION 2023 Scenario Explorer
ALB,SSP4,2050,2.185187,million,IIASA POPULATION 2023 Scenario Explorer
ALB,SSP4,2051,2.158776,million,IIASA POPULATION 2023 Scenario Explorer
ALB,SSP4,2052,2.132366,million,IIASA POPULATION 2023 Scenario Explorer
ALB,SSP4,2053,2.105955,million,IIASA POPULATION 2023 Scenario Explorer
ALB,SSP4,2054,2.079545,million,IIASA POPULATION 2023 Scenario Explorer
ALB,SSP4,2055,2.053134,million,IIASA POPULATION 2023 Scenario Explorer
ALB,SSP4,2056,2.027624,million,IIASA POPULATION 2023 Scenario Explorer
ALB,SSP4,2057,2.002114,million,IIASA POPULATION 2023 Scenario Explorer
ALB,SSP4,2058,1.976605,million,IIASA POPULATION 2023 Scenario Explorer
ALB,SSP4,2059,1.951095,million,IIASA POPULATION 2023 Scenario Explorer
ALB,SSP4,2060,1.925585,million,IIASA POPULATION 2023 Scenario Explorer
ALB,SSP4,2061,1.90255,million,IIASA POPULATION 2023 Scenario Explorer
ALB,SSP4,2062,1.879515,million,IIASA POPULATION 2023 Scenario Explorer
ALB,SSP4,2063,1.856481,million,IIASA POPULATION 2023 Scenario Explorer
ALB,SSP4,2064,1.833446,million,IIASA POPULATION 2023 Scenario Explorer
ALB,SSP4,2065,1.810411,million,IIASA POPULATION 2023 Scenario Explorer
ALB,SSP4,2066,1.789501,million,IIASA POPULATION 2023 Scenario Explorer
ALB,SSP4,2067,1.768591,million,IIASA POPULATION 2023 Scenario Explorer
ALB,SSP4,2068,1.74768,million,IIASA POPULATION 2023 Scenario Explorer
ALB,SSP4,2069,1.72677,million,IIASA POPULATION 2023 Scenario Explorer
ALB,SSP4,2070,1.70586,million,IIASA POPULATION 2023 Scenario Explorer
ALB,SSP4,2071,1.686437,million,IIASA POPULATION 2023 Scenario Explorer
ALB,SSP4,2072,1.667013,million,IIASA POPULATION 2023 Scenario Explorer
ALB,SSP4,2073,1.64759,million,IIASA POPULATION 2023 Scenario Explorer
ALB,SSP4,2074,1.628166,million,IIASA POPULATION 2023 Scenario Explorer
ALB,SSP4,2075,1.608743,million,IIASA POPULATION 2023 Scenario Explorer
ALB,SSP4,2076,1.590241,million,IIASA POPULATION 2023 Scenario Explorer
ALB,SSP4,2077,1.571738,million,IIASA POPULATION 2023 Scenario Explorer
ALB,SSP4,2078,1.553236,million,IIASA POPULATION 2023 Scenario Explorer
ALB,SSP4,2079,1.534733,million,IIASA POPULATION 2023 Scenario Explorer
ALB,SSP4,2080,1.516231,million,IIASA POPULATION 2023 Scenario Explorer
ALB,SSP4,2081,1.498353,million,IIASA POPULATION 2023 Scenario Explorer
ALB,SSP4,2082,1.480475,million,IIASA POPULATION 2023 Scenario Explorer
ALB,SSP4,2083,1.462597,million,IIASA POPULATION 2023 Scenario Explorer
ALB,SSP4,2084,1.444719,million,IIASA POPULATION 2023 Scenario Explorer
ALB,SSP4,2085,1.426841,million,IIASA POPULATION 2023 Scenario Explorer
ALB,SSP4,2086,1.40946,million,IIASA POPULATION 2023 Scenario Explorer
ALB,SSP4,2087,1.392079,million,IIASA POPULATION 2023 Scenario Explorer
ALB,SSP4,2088,1.374698,million,IIASA POPULATION 2023 Scenario Explorer
ALB,SSP4,2089,1.357317,million,IIASA POPULATION 2023 Scenario Explorer
ALB,SSP4,2090,1.339936,million,IIASA POPULATION 2023 Scenario Explorer
ALB,SSP4,2091,1.323587,million,IIASA POPULATION 2023 Scenario Explorer
ALB,SSP4,2092,1.307238,million,IIASA POPULATION 2023 Scenario Explorer
ALB,SSP4,2093,1.290889,million,IIASA POPULATION 2023 Scenario Explorer
ALB,SSP4,2094,1.27454,million,IIASA POPULATION 2023 Scenario Explorer
ALB,SSP4,2095,1.258191,million,IIASA POPULATION 2023 Scenario Explorer
ALB,SSP4,2096,1.243403,million,IIASA POPULATION 2023 Scenario Explorer
ALB,SSP4,2097,1.228614,million,IIASA POPULATION 2023 Scenario Explorer
ALB,SSP4,2098,1.213826,million,IIASA POPULATION 2023 Scenario Explorer
ALB,SSP4,2099,1.199037,million,IIASA POPULATION 2023 Scenario Explorer
ALB,SSP4,2100,1.184249,million,IIASA POPULATION 2023 Scenario Explorer
BIH,SSP4,2023,3.240926,million,IIASA POPULATION 2023 Scenario Explorer
BIH,SSP4,2024,3.207576,million,IIASA POPULATION 2023 Scenario Explorer
BIH,SSP4,2025,3.174226,million,IIASA POPULATION 2023 Scenario Explorer
BIH,SSP4,2026,3.148394,million,IIASA POPULATION 2023 Scenario Explorer
BIH,SSP4,2027,3.122562,million,IIASA POPULATION 2023 Scenario Explorer
BIH,SSP4,2028,3.096729,million,IIASA POPULATION 2023 Scenario Explorer
BIH,SSP4,2029,3.070897,million,IIASA POPULATION 2023 Scenario Explorer
BIH,SSP4,2030,3.045065,million,IIASA POPULATION 2023 Scenario Explorer
BIH,SSP4,2031,3.016822,million,IIASA POPULATION 2023 Scenario Explorer
BIH,SSP4,2032,2.988579,million,IIASA POPULATION 2023 Scenario Explorer
BIH,SSP4,2033,2.960335,million,IIASA POPULATION 2023 Scenario Explorer
BIH,SSP4,2034,2.932092,million,IIASA POPULATION 2023 Scenario Explorer
BIH,SSP4,2035,2.903849,million,IIASA POPULATION 2023 Scenario Explorer
BIH,SSP4,2036,2.873932,million,IIASA POPULATION 2023 Scenario Explorer
BIH,SSP4,2037,2.844015,million,IIASA POPULATION 2023 Scenario Explorer
BIH,SSP4,2038,2.814099,million,IIASA POPULATION 2023 Scenario Explorer
BIH,SSP4,2039,2.784182,million,IIASA POPULATION 2023 Scenario Explorer
BIH,SSP4,2040,2.754265,million,IIASA POPULATION 2023 Scenario Explorer
BIH,SSP4,2041,2.724589,million,IIASA POPULATION 2023 Scenario Explorer
BIH,SSP4,2042,2.694913,million,IIASA POPULATION 2023 Scenario Explorer
BIH,SSP4,2043,2.665236,million,IIASA POPULATION 2023 Scenario Explorer
BIH,SSP4,2044,2.63556,million,IIASA POPULATION 2023 Scenario Explorer
BIH,SSP4,2045,2.605884,million,IIASA POPULATION 2023 Scenario Explorer
BIH,SSP4,2046,2.57721,million,IIASA POPULATION 2023 Scenario Explorer
BIH,SSP4,2047,2.548536,million,IIASA POPULATION 2023 Scenario Explorer
BIH,SSP4,2048,2.519861,million,IIASA POPULATION 2023 Scenario Explorer
BIH,SSP4,2049,2.491187,million,IIASA POPULATION 2023 Scenario Explorer
BIH,SSP4,2050,2.462513,million,IIASA POPULATION 2023 Scenario Explorer
BIH,SSP4,2051,2.435313,million,IIASA POPULATION 2023 Scenario Explorer
BIH,SSP4,2052,2.408113,million,IIASA POPULATION 2023 Scenario Explorer
BIH,SSP4,2053,2.380913,million,IIASA POPULATION 2023 Scenario Explorer
BIH,SSP4,2054,2.353713,million,IIASA POPULATION 2023 Scenario Explorer
BIH,SSP4,2055,2.326513,million,IIASA POPULATION 2023 Scenario Explorer
BIH,SSP4,2056,2.300849,million,IIASA POPULATION 2023 Scenario Explorer
BIH,SSP4,2057,2.275185,million,IIASA POPULATION 2023 Scenario Explorer
BIH,SSP4,2058,2.24952,million,IIASA POPULATION 2023 Scenario Explorer
BIH,SSP4,2059,2.223856,million,IIASA POPULATION 2023 Scenario Explorer
BIH,SSP4,2060,2.198192,million,IIASA POPULATION 2023 Scenario Explorer
BIH,SSP4,2061,2.174618,million,IIASA POPULATION 2023 Scenario Explorer
BIH,SSP4,2062,2.151045,million,IIASA POPULATION 2023 Scenario Explorer
BIH,SSP4,2063,2.127471,million,IIASA POPULATION 2023 Scenario Explorer
BIH,SSP4,2064,2.103898,million,IIASA POPULATION 2023 Scenario Explorer
BIH,SSP4,2065,2.080324,million,IIASA POPULATION 2023 Scenario Explorer
BIH,SSP4,2066,2.058462,million,IIASA POPULATION 2023 Scenario Explorer
BIH,SSP4,2067,2.036601,million,IIASA POPULATION 2023 Scenario Explorer
BIH,SSP4,2068,2.014739,million,IIASA POPULATION 2023 Scenario Explorer
BIH,SSP4,2069,1.992878,million,IIASA POPULATION 2023 Scenario Explorer
BIH,SSP4,2070,1.971016,million,IIASA POPULATION 2023 Scenario Explorer
BIH,SSP4,2071,1.950533,million,IIASA POPULATION 2023 Scenario Explorer
BIH,SSP4,2072,1.93005,million,IIASA POPULATION 2023 Scenario Explorer
BIH,SSP4,2073,1.909567,million,IIASA POPULATION 2023 Scenario Explorer
BIH,SSP4,2074,1.889084,million,IIASA POPULATION 2023 Scenario Explorer
BIH,SSP4,2075,1.868601,million,IIASA POPULATION 2023 Scenario Explorer
BIH,SSP4,2076,1.849537,million,IIASA POPULATION 2023 Scenario Explorer
BIH,SSP4,2077,1.830473,million,IIASA POPULATION 2023 Scenario Explorer
BIH,SSP4,2078,1.81141,million,IIASA POPULATION 2023 Scenario Explorer
BIH,SSP4,2079,1.792346,million,IIASA POPULATION 2023 Scenario Explorer
BIH,SSP4,2080,1.773282,million,IIASA POPULATION 2023 Scenario Explorer
BIH,SSP4,2081,1.755526,million,IIASA POPULATION 2023 Scenario Explorer
BIH,SSP4,2082,1.73777,million,IIASA POPULATION 2023 Scenario Explorer
BIH,SSP4,2083,1.720014,million,IIASA POPULATION 2023 Scenario Explorer
BIH,SSP4,2084,1.702258,million,IIASA POPULATION 2023 Scenario Explorer
BIH,SSP4,2085,1.684502,million,IIASA POPULATION 2023 Scenario Explorer
BIH,SSP4,2086,1.667985,million,IIASA POPULATION 2023 Scenario Explorer
BIH,SSP4,2087,1.651468,million,IIASA POPULATION 2023 Scenario Explorer
BIH,SSP4,2088,1.634952,million,IIASA POPULATION 2023 Scenario Explorer
BIH,SSP4,2089,1.618435,million,IIASA POPULATION 2023 Scenario Explorer
BIH,SSP4,2090,1.601918,million,IIASA POPULATION 2023 Scenario Explorer
BIH,SSP4,2091,1.586334,million,IIASA POPULATION 2023 Scenario Explorer
BIH,SSP4,2092,1.570749,million,IIASA POPULATION 2023 Scenario Explorer
BIH,SSP4,2093,1.555165,million,IIASA POPULATION 2023 Scenario Explorer
BIH,SSP4,2094,1.53958,million,IIASA POPULATION 2023 Scenario Explorer
BIH,SSP4,2095,1.523996,million,IIASA POPULATION 2023 Scenario Explorer
BIH,SSP4,2096,1.508903,million,IIASA POPULATION 2023 Scenario Explorer
BIH,SSP4,2097,1.493811,million,IIASA POPULATION 2023 Scenario Explorer
BIH,SSP4,2098,1.478718,million,IIASA POPULATION 2023 Scenario Explorer
BIH,SSP4,2099,1.463626,million,IIASA POPULATION 2023 Scenario Explorer
BIH,SSP4,2100,1.448533,million,IIASA POPULATION 2023 Scenario Explorer
MKD,SSP4,2023,2.099959,million,IIASA POPULATION 2023 Scenario Explorer
MKD,SSP4,2024,2.09527,million,IIASA POPULATION 2023 Scenario Explorer
MKD,SSP4,2025,2.090581,million,IIASA POPULATION 2023 Scenario Explorer
MKD,SSP4,2026,2.090178,million,IIASA POPULATION 2023 Scenario Explorer
MKD,SSP4,2027,2.089775,million,IIASA POPULATION 2023 Scenario Explorer
MKD,SSP4,2028,2.089373,million,IIASA POPULATION 2023 Scenario Explorer
MKD,SSP4,2029,2.08897,million,IIASA POPULATION 2023 Scenario Explorer
MKD,SSP4,2030,2.088567,million,IIASA POPULATION 2023 Scenario Explorer
MKD,SSP4,2031,2.085239,million,IIASA POPULATION 2023 Scenario Explorer
MKD,SSP4,2032,2.081911,million,IIASA POPULATION 2023 Scenario Explorer
MKD,SSP4,2033,2.078584,million,IIASA POPULATION 2023 Scenario Explorer
MKD,SSP4,2034,2.075256,million,IIASA POPULATION 2023 Scenario Explorer
MKD,SSP4,2035,2.071928,million,IIASA POPULATION 2023 Scenario Explorer
MKD,SSP4,2036,2.065751,million,IIASA POPULATION 2023 Scenario Explorer
MKD,SSP4,2037,2.059574,million,IIASA POPULATION 2023 Scenario Explorer
MKD,SSP4,2038,2.053398,million,IIASA POPULATION 2023 Scenario Explorer
MKD,SSP4,2039,2.047221,million,IIASA POPULATION 2023 Scenario Explorer
MKD,SSP4,2040,2.041044,million,IIASA POPULATION 2023 Scenario Explorer
MKD,SSP4,2041,2.033458,million,IIASA POPULATION 2023 Scenario Explorer
MKD,SSP4,2042,2.025872,million,IIASA POPULATION 2023 Scenario Explorer
MKD,SSP4,2043,2.018286,million,IIASA POPULATION 2023 Scenario Explorer
MKD,SSP4,2044,2.0107,million,IIASA POPULATION 2023 Scenario Explorer
MKD,SSP4,2045,2.003114,million,IIASA POPULATION 2023 Scenario Explorer
MKD,SSP4,2046,1.994768,million,IIASA POPULATION 2023 Scenario Explorer
MKD,SSP4,2047,1.986422,million,IIASA POPULATION 2023 Scenario Explorer
MKD,SSP4,2048,1.978075,million,IIASA POPULATION 2023 Scenario Explorer
MKD,SSP4,2049,1.969729,million,IIASA POPULATION 2023 Scenario Explorer
MKD,SSP4,2050,1.961383,million,IIASA POPULATION 2023 Scenario Explorer
MKD,SSP4,2051,1.952552,million,IIASA POPULATION 2023 Scenario Explorer
MKD,SSP4,2052,1.943721,million,IIASA POPULATION 2023 Scenario Explorer
MKD,SSP4,2053,1.934891,million,IIASA POPULATION 2023 Scenario Explorer
MKD,SSP4,2054,1.92606,million,IIASA POPULATION 2023 Scenario Explorer
MKD,SSP4,2055,1.917229,million,IIASA POPULATION 2023 Scenario Explorer
MKD,SSP4,2056,1.907861,million,IIASA POPULATION 2023 Scenario Explorer
MKD,SSP4,2057,1.898492,million,IIASA POPULATION 2023 Scenario Explorer
MKD,SSP4,2058,1.889124,million,IIASA POPULATION 2023 Scenario Explorer
MKD,SSP4,2059,1.879755,million,IIASA POPULATION 2023 Scenario Explorer
MKD,SSP4,2060,1.870387,million,IIASA POPULATION 2023 Scenario Explorer
MKD,SSP4,2061,1.860245,million,IIASA POPULATION 2023 Scenario Explorer
MKD,SSP4,2062,1.850103,million,IIASA POPULATION 2023 Scenario Explorer
MKD,SSP4,2063,1.83996,million,IIASA POPULATION 2023 Scenario Explorer
MKD,SSP4,2064,1.829818,million,IIASA POPULATION 2023 Scenario Explorer
MKD,SSP4,2065,1.819676,million,IIASA POPULATION 2023 Scenario Explorer
MKD,SSP4,2066,1.808561,million,IIASA POPULATION 2023 Scenario Explorer
MKD,SSP4,2067,1.797445,million,IIASA POPULATION 2023 Scenario Explorer
MKD,SSP4,2068,1.78633,million,IIASA POPULATION 2023 Scenario Explorer
MKD,SSP4,2069,1.775214,million,IIASA POPULATION 2023 Scenario Explorer
MKD,SSP4,2070,1.764099,million,IIASA POPULATION 2023 Scenario Explorer
MKD,SSP4,2071,1.75206,million,IIASA POPULATION 2023 Scenario Explorer
MKD,SSP4,2072,1.740021,million,IIASA POPULATION 2023 Scenario Explorer
MKD,SSP4,2073,1.727982,million,IIASA POPULATION 2023 Scenario Explorer
MKD,SSP4,2074,1.715943,million,IIASA POPULATION 2023 Scenario Explorer
MKD,SSP4,2075,1.703904,million,IIASA POPULATION 2023 Scenario Explorer
MKD,SSP4,2076,1.691204,million,IIASA POPULATION 2023 Scenario Explorer
MKD,SSP4,2077,1.678504,million,IIASA POPULATION 2023 Scenario Explorer
MKD,SSP4,2078,1.665803,million,IIASA POPULATION 2023 Scenario Explorer
MKD,SSP4,2079,1.653103,million,IIASA POPULATION 2023 Scenario Explorer
MKD,SSP4,2080,1.640403,million,IIASA POPULATION 2023 Scenario Explorer
MKD,SSP4,2081,1.6274,million,IIASA POPULATION 2023 Scenario Explorer
MKD,SSP4,2082,1.614398,million,IIASA POPULATION 2023 Scenario Explorer
MKD,SSP4,2083,1.601395,million,IIASA POPULATION 2023 Scenario Explorer
MKD,SSP4,2084,1.588393,million,IIASA POPULATION 2023 Scenario Explorer
MKD,SSP4,2085,1.57539,million,IIASA POPULATION 2023 Scenario Explorer
MKD,SSP4,2086,1.562344,million,IIASA POPULATION 2023 Scenario Explorer
MKD,SSP4,2087,1.549297,million,IIASA POPULATION 2023 Scenario Explorer
MKD,SSP4,2088,1.536251,million,IIASA POPULATION 2023 Scenario Explorer
MKD,SSP4,2089,1.523204,million,IIASA POPULATION 2023 Scenario Explorer
MKD,SSP4,2090,1.510158,million,IIASA POPULATION 2023 Scenario Explorer
MKD,SSP4,2091,1.497195,million,IIASA POPULATION 2023 Scenario Explorer
MKD,SSP4,2092,1.484232,million,IIASA POPULATION 2023 Scenario Explorer
MKD,SSP4,2093,1.47127,million,IIASA POPULATION 2023 Scenario Explorer
MKD,SSP4,2094,1.458307,million,IIASA POPULATION 2023 Scenario Explorer
MKD,SSP4,2095,1.445344,million,IIASA POPULATION 2023 Scenario Explorer
MKD,SSP4,2096,1.432365,million,IIASA POPULATION 2023 Scenario Explorer
MKD,SSP4,2097,1.419386,million,IIASA POPULATION 2023 Scenario Explorer
MKD,SSP4,2098,1.406406,million,IIASA POPULATION 2023 Scenario Explorer
MKD,SSP4,2099,1.393427,million,IIASA POPULATION 2023 Scenario Explorer
MKD,SSP4,2100,1.380448,million,IIASA POPULATION 2023 Scenario Explorer
MNE,SSP4,2023,0.640097,million,IIASA POPULATION 2023 Scenario Explorer
MNE,SSP4,2024,0.6435,million,IIASA POPULATION 2023 Scenario Explorer
MNE,SSP4,2025,0.646903,million,IIASA POPULATION 2023 Scenario Explorer
MNE,SSP4,2026,0.644858,million,IIASA POPULATION 2023 Scenario Explorer
MNE,SSP4,2027,0.642813,million,IIASA POPULATION 2023 Scenario Explorer
MNE,SSP4,2028,0.640769,million,IIASA POPULATION 2023 Scenario Explorer
MNE,SSP4,2029,0.638724,million,IIASA POPULATION 2023 Scenario Explorer
MNE,SSP4,2030,0.636679,million,IIASA POPULATION 2023 Scenario Explorer
MNE,SSP4,2031,0.634382,million,IIASA POPULATION 2023 Scenario Explorer
MNE,SSP4,2032,0.632085,million,IIASA POPULATION 2023 Scenario Explorer
MNE,SSP4,2033,0.629788,million,IIASA POPULATION 2023 Scenario Explorer
MNE,SSP4,2034,0.627491,million,IIASA POPULATION 2023 Scenario Explorer
MNE,SSP4,2035,0.625194,million,IIASA POPULATION 2023 Scenario Explorer
MNE,SSP4,2036,0.622816,million,IIASA POPULATION 2023 Scenario Explorer
MNE,SSP4,2037,0.620438,million,IIASA POPULATION 2023 Scenario Explorer
MNE,SSP4,2038,0.618061,million,IIASA POPULATION 2023 Scenario Explorer
MNE,SSP4,2039,0.615683,million,IIASA POPULATION 2023 Scenario Explorer
MNE,SSP4,2040,0.613305,million,IIASA POPULATION 2023 Scenario Explorer
MNE,SSP4,2041,0.611025,million,IIASA POPULATION 2023 Scenario Explorer
MNE,SSP4,2042,0.608745,million,IIASA POPULATION 2023 Scenario Explorer
MNE,SSP4,2043,0.606464,million,IIASA POPULATION 2023 Scenario Explorer
MNE,SSP4,2044,0.604184,million,IIASA POPULATION 2023 Scenario Explorer
MNE,SSP4,2045,0.601904,million,IIASA POPULATION 2023 Scenario Explorer
MNE,SSP4,2046,0.599658,million,IIASA POPULATION 2023 Scenario Explorer
MNE,SSP4,2047,0.597412,million,IIASA POPULATION 2023 Scenario Explorer
MNE,SSP4,2048,0.595167,million,IIASA POPULATION 2023 Scenario Explorer
MNE,SSP4,2049,0.592921,million,IIASA POPULATION 2023 Scenario Explorer
MNE,SSP4,2050,0.590675,million,IIASA POPULATION 2023 Scenario Explorer
MNE,SSP4,2051,0.588328,million,IIASA POPULATION 2023 Scenario Explorer
MNE,SSP4,2052,0.58598,million,IIASA POPULATION 2023 Scenario Explorer
MNE,SSP4,2053,0.583633,million,IIASA POPULATION 2023 Scenario Explorer
MNE,SSP4,2054,0.581285,million,IIASA POPULATION 2023 Scenario Explorer
MNE,SSP4,2055,0.578938,million,IIASA POPULATION 2023 Scenario Explorer
MNE,SSP4,2056,0.57643,million,IIASA POPULATION 2023 Scenario Explorer
MNE,SSP4,2057,0.573922,million,IIASA POPULATION 2023 Scenario Explorer
MNE,SSP4,2058,0.571414,million,IIASA POPULATION 2023 Scenario Explorer
MNE,SSP4,2059,0.568906,million,IIASA POPULATION 2023 Scenario Explorer
MNE,SSP4,2060,0.566398,million,IIASA POPULATION 2023 Scenario Explorer
MNE,SSP4,2061,0.563734,million,IIASA POPULATION 2023 Scenario Explorer
MNE,SSP4,2062,0.561069,million,IIASA POPULATION 2023 Scenario Explorer
MNE,SSP4,2063,0.558405,million,IIASA POPULATION 2023 Scenario Explorer
MNE,SSP4,2064,0.55574,million,IIASA POPULATION 2023 Scenario Explorer
MNE,SSP4,2065,0.553076,million,IIASA POPULATION 2023 Scenario Explorer
MNE,SSP4,2066,0.550242,million,IIASA POPULATION 2023 Scenario Explorer
MNE,SSP4,2067,0.547408,million,IIASA POPULATION 2023 Scenario Explorer
MNE,SSP4,2068,0.544573,million,IIASA POPULATION 2023 Scenario Explorer
MNE,SSP4,2069,0.541739,million,IIASA POPULATION 2023 Scenario Explorer
MNE,SSP4,2070,0.538905,million,IIASA POPULATION 2023 Scenario Explorer
MNE,SSP4,2071,0.535908,million,IIASA POPULATION 2023 Scenario Explorer
MNE,SSP4,2072,0.532912,million,IIASA POPULATION 2023 Scenario Explorer
MNE,SSP4,2073,0.529915,million,IIASA POPULATION 2023 Scenario Explorer
MNE,SSP4,2074,0.526919,million,IIASA POPULATION 2023 Scenario Explorer
MNE,SSP4,2075,0.523922,million,IIASA POPULATION 2023 Scenario Explorer
MNE,SSP4,2076,0.520795,million,IIASA POPULATION 2023 Scenario Explorer
MNE,SSP4,2077,0.517667,million,IIASA POPULATION 2023 Scenario Explorer
MNE,SSP4,2078,0.51454,million,IIASA POPULATION 2023 Scenario Explorer
MNE,SSP4,2079,0.511412,million,IIASA POPULATION 2023 Scenario Explorer
MNE,SSP4,2080,0.508285,million,IIASA POPULATION 2023 Scenario Explorer
MNE,SSP4,2081,0.505088,million,IIASA POPULATION 2023 Scenario Explorer
MNE,SSP4,2082,0.50189,million,IIASA POPULATION 2023 Scenario Explorer
MNE,SSP4,2083,0.498693,million,IIASA POPULATION 2023 Scenario Explorer
MNE,SSP4,2084,0.495495,million,IIASA POPULATION 2023 Scenario Explorer
MNE,SSP4,2085,0.492298,million,IIASA POPULATION 2023 Scenario Explorer
MNE,SSP4,2086,0.489036,million,IIASA POPULATION 2023 Scenario Explorer
MNE,SSP4,2087,0.485774,million,IIASA POPULATION 2023 Scenario Explorer
MNE,SSP4,2088,0.482511,million,IIASA POPULATION 2023 Scenario Explorer
MNE,SSP4,2089,0.479249,million,IIASA POPULATION 2023 Scenario Explorer
MNE,SSP4,2090,0.475987,million,IIASA POPULATION 2023 Scenario Explorer
MNE,SSP4,2091,0.472624,million,IIASA POPULATION 2023 Scenario Explorer
MNE,SSP4,2092,0.469261,million,IIASA POPULATION 2023 Scenario Explorer
MNE,SSP4,2093,0.465897,million,IIASA POPULATION 2023 Scenario Explorer
MNE,SSP4,2094,0.462534,million,IIASA POPULATION 2023 Scenario Explorer
MNE,SSP4,2095,0.459171,million,IIASA POPULATION 2023 Scenario Explorer
MNE,SSP4,2096,0.455655,million,IIASA POPULATION 2023 Scenario Explorer
MNE,SSP4,2097,0.452139,million,IIASA POPULATION 2023 Scenario Explorer
MNE,SSP4,2098,0.448623,million,IIASA POPULATION 2023 Scenario Explorer
MNE,SSP4,2099,0.445107,million,IIASA POPULATION 2023 Scenario Explorer
MNE,SSP4,2100,0.441591,million,IIASA POPULATION 2023 Scenario Explorer
SRB,SSP4,2023,7.236952,million,IIASA POPULATION 2023 Scenario Explorer
SRB,SSP4,2024,7.187915,million,IIASA POPULATION 2023 Scenario Explorer
SRB,SSP4,2025,7.138878,million,IIASA POPULATION 2023 Scenario Explorer
SRB,SSP4,2026,7.111275,million,IIASA POPULATION 2023 Scenario Explorer
SRB,SSP4,2027,7.083672,million,IIASA POPULATION 2023 Scenario Explorer
SRB,SSP4,2028,7.056068,million,IIASA POPULATION 2023 Scenario Explorer
SRB,SSP4,2029,7.028465,million,IIASA POPULATION 2023 Scenario Explorer
SRB,SSP4,2030,7.000862,million,IIASA POPULATION 2023 Scenario Explorer
SRB,SSP4,2031,6.970255,million,IIASA POPULATION 2023 Scenario Explorer
SRB,SSP4,2032,6.939648,million,IIASA POPULATION 2023 Scenario Explorer
SRB,SSP4,2033,6.90904,million,IIASA POPULATION 2023 Scenario Explorer
SRB,SSP4,2034,6.878433,million,IIASA POPULATION 2023 Scenario Explorer
SRB,SSP4,2035,6.847826,million,IIASA POPULATION 2023 Scenario Explorer
SRB,SSP4,2036,6.813934,million,IIASA POPULATION 2023 Scenario Explorer
SRB,SSP4,2037,6.780043,million,IIASA POPULATION 2023 Scenario Explorer
SRB,SSP4,2038,6.746151,million,IIASA POPULATION 2023 Scenario Explorer
SRB,SSP4,2039,6.71226,million,IIASA POPULATION 2023 Scenario Explorer
SRB,SSP4,2040,6.678368,million,IIASA POPULATION 2023 Scenario Explorer
SRB,SSP4,2041,6.645345,million,IIASA POPULATION 2023 Scenario Explorer
SRB,SSP4,2042,6.612322,million,IIASA POPULATION 2023 Scenario Explorer
SRB,SSP4,2043,6.579299,million,IIASA POPULATION 2023 Scenario Explorer
SRB,SSP4,2044,6.546276,million,IIASA POPULATION 2023 Scenario Explorer
SRB,SSP4,2045,6.513253,million,IIASA POPULATION 2023 Scenario Explorer
SRB,SSP4,2046,6.481915,million,IIASA POPULATION 2023 Scenario Explorer
SRB,SSP4,2047,6.450578,million,IIASA POPULATION 2023 Scenario Explorer
SRB,SSP4,2048,6.41924,million,IIASA POPULATION 2023 Scenario Explorer
SRB,SSP4,2049,6.387903,million,IIASA POPULATION 2023 Scenario Explorer
SRB,SSP4,2050,6.356565,million,IIASA POPULATION 2023 Scenario Explorer
SRB,SSP4,2051,6.326271,million,IIASA POPULATION 2023 Scenario Explorer
SRB,SSP4,2052,6.295978,million,IIASA POPULATION 2023 Scenario Explorer
SRB,SSP4,2053,6.265684,million,IIASA POPULATION 2023 Scenario Explorer
SRB,SSP4,2054,6.235391,million,IIASA POPULATION 2023 Scenario Explorer
SRB,SSP4,2055,6.205097,million,IIASA POPULATION 2023 Scenario Explorer
SRB,SSP4,2056,6.174506,million,IIASA POPULATION 2023 Scenario Explorer
SRB,SSP4,2057,6.143916,million,IIASA POPULATION 2023 Scenario Explorer
SRB,SSP4,2058,6.113325,million,IIASA POPULATION 2023 Scenario Explorer
SRB,SSP4,2059,6.082735,million,IIASA POPULATION 2023 Scenario Explorer
SRB,SSP4,2060,6.052144,million,IIASA POPULATION 2023 Scenario Explorer
SRB,SSP4,2061,6.019199,million,IIASA POPULATION 2023 Scenario Explorer
SRB,SSP4,2062,5.986254,million,IIASA POPULATION 2023 Scenario Explorer
SRB,SSP4,2063,5.953308,million,IIASA POPULATION 2023 Scenario Explorer
SRB,SSP4,2064,5.920363,million,IIASA POPULATION 2023 Scenario Explorer
SRB,SSP4,2065,5.887418,million,IIASA POPULATION 2023 Scenario Explorer
SRB,SSP4,2066,5.85218,million,IIASA POPULATION 2023 Scenario Explorer
SRB,SSP4,2067,5.816943,million,IIASA POPULATION 2023 Scenario Explorer
SRB,SSP4,2068,5.781705,million,IIASA POPULATION 2023 Scenario Explorer
SRB,SSP4,2069,5.746468,million,IIASA POPULATION 2023 Scenario Explorer
SRB,SSP4,2070,5.71123,million,IIASA POPULATION 2023 Scenario Explorer
SRB,SSP4,2071,5.674516,million,IIASA POPULATION 2023 Scenario Explorer
SRB,SSP4,2072,5.637801,million,IIASA POPULATION 2023 Scenario Explorer
SRB,SSP4,2073,5.601087,million,IIASA POPULATION 2023 Scenario Explorer
SRB,SSP4,2074,5.564372,million,IIASA POPULATION 2023 Scenario Explorer
SRB,SSP4,2075,5.527658,million,IIASA POPULATION 2023 Scenario Explorer
SRB,SSP4,2076,5.490161,million,IIASA POPULATION 2023 Scenario Explorer
SRB,SSP4,2077,5.452665,million,IIASA POPULATION 2023 Scenario Explorer
SRB,SSP4,2078,5.415168,million,IIASA POPULATION 2023 Scenario Explorer
SRB,SSP4,2079,5.377672,million,IIASA POPULATION 2023 Scenario Explorer
SRB,SSP4,2080,5.340175,million,IIASA POPULATION 2023 Scenario Explorer
SRB,SSP4,2081,5.302206,million,IIASA POPULATION 2023 Scenario Explorer
SRB,SSP4,2082,5.264236,million,IIASA POPULATION 2023 Scenario Explorer
SRB,SSP4,2083,5.226267,million,IIASA POPULATION 2023 Scenario Explorer
SRB,SSP4,2084,5.188297,million,IIASA POPULATION 2023 Scenario Explorer
SRB,SSP4,2085,5.150328,million,IIASA POPULATION 2023 Scenario Explorer
SRB,SSP4,2086,5.111836,million,IIASA POPULATION 2023 Scenario Explorer
SRB,SSP4,2087,5.073344,million,IIASA POPULATION 2023 Scenario Explorer
SRB,SSP4,2088,5.034852,million,IIASA POPULATION 2023 Scenario Explorer
SRB,SSP4,2089,4.99636,million,IIASA POPULATION 2023 Scenario Explorer
SRB,SSP4,2090,4.957868,million,IIASA POPULATION 2023 Scenario Explorer
SRB,SSP4,2091,4.918354,million,IIASA POPULATION 2023 Scenario Explorer
SRB,SSP4,2092,4.87884,million,IIASA POPULATION 2023 Scenario Explorer
SRB,SSP4,2093,4.839327,million,IIASA POPULATION 2023 Scenario Explorer
SRB,SSP4,2094,4.799813,million,IIASA POPULATION 2023 Scenario Explorer
SRB,SSP4,2095,4.760299,million,IIASA POPULATION 2023 Scenario Explorer
SRB,SSP4,2096,4.718838,million,IIASA POPULATION 2023 Scenario Explorer
SRB,SSP4,2097,4.677376,million,IIASA POPULATION 2023 Scenario Explorer
SRB,SSP4,2098,4.635915,million,IIASA POPULATION 2023 Scenario Explorer
SRB,SSP4,2099,4.594453,million,IIASA POPULATION 2023 Scenario Explorer
SRB,SSP4,2100,4.552992,million,IIASA POPULATION 2023 Scenario Explorer
KOS,SSP4,2023,1.76,million,Synthesized Kosovo: Serbia IIASA POPULATION SSP growth indexed to Kosovo 2023 base
KOS,SSP4,2024,1.748074,million,Synthesized Kosovo: Serbia IIASA POPULATION SSP growth indexed to Kosovo 2023 base
KOS,SSP4,2025,1.736149,million,Synthesized Kosovo: Serbia IIASA POPULATION SSP growth indexed to Kosovo 2023 base
KOS,SSP4,2026,1.729436,million,Synthesized Kosovo: Serbia IIASA POPULATION SSP growth indexed to Kosovo 2023 base
KOS,SSP4,2027,1.722723,million,Synthesized Kosovo: Serbia IIASA POPULATION SSP growth indexed to Kosovo 2023 base
KOS,SSP4,2028,1.71601,million,Synthesized Kosovo: Serbia IIASA POPULATION SSP growth indexed to Kosovo 2023 base
KOS,SSP4,2029,1.709297,million,Synthesized Kosovo: Serbia IIASA POPULATION SSP growth indexed to Kosovo 2023 base
KOS,SSP4,2030,1.702584,million,Synthesized Kosovo: Serbia IIASA POPULATION SSP growth indexed to Kosovo 2023 base
KOS,SSP4,2031,1.69514,million,Synthesized Kosovo: Serbia IIASA POPULATION SSP growth indexed to Kosovo 2023 base
KOS,SSP4,2032,1.687697,million,Synthesized Kosovo: Serbia IIASA POPULATION SSP growth indexed to Kosovo 2023 base
KOS,SSP4,2033,1.680253,million,Synthesized Kosovo: Serbia IIASA POPULATION SSP growth indexed to Kosovo 2023 base
KOS,SSP4,2034,1.67281,million,Synthesized Kosovo: Serbia IIASA POPULATION SSP growth indexed to Kosovo 2023 base
KOS,SSP4,2035,1.665366,million,Synthesized Kosovo: Serbia IIASA POPULATION SSP growth indexed to Kosovo 2023 base
KOS,SSP4,2036,1.657124,million,Synthesized Kosovo: Serbia IIASA POPULATION SSP growth indexed to Kosovo 2023 base
KOS,SSP4,2037,1.648881,million,Synthesized Kosovo: Serbia IIASA POPULATION SSP growth indexed to Kosovo 2023 base
KOS,SSP4,2038,1.640639,million,Synthesized Kosovo: Serbia IIASA POPULATION SSP growth indexed to Kosovo 2023 base
KOS,SSP4,2039,1.632397,million,Synthesized Kosovo: Serbia IIASA POPULATION SSP growth indexed to Kosovo 2023 base
KOS,SSP4,2040,1.624154,million,Synthesized Kosovo: Serbia IIASA POPULATION SSP growth indexed to Kosovo 2023 base
KOS,SSP4,2041,1.616123,million,Synthesized Kosovo: Serbia IIASA POPULATION SSP growth indexed to Kosovo 2023 base
KOS,SSP4,2042,1.608092,million,Synthesized Kosovo: Serbia IIASA POPULATION SSP growth indexed to Kosovo 2023 base
KOS,SSP4,2043,1.600061,million,Synthesized Kosovo: Serbia IIASA POPULATION SSP growth indexed to Kosovo 2023 base
KOS,SSP4,2044,1.59203,million,Synthesized Kosovo: Serbia IIASA POPULATION SSP growth indexed to Kosovo 2023 base
KOS,SSP4,2045,1.583999,million,Synthesized Kosovo: Serbia IIASA POPULATION SSP growth indexed to Kosovo 2023 base
KOS,SSP4,2046,1.576378,million,Synthesized Kosovo: Serbia IIASA POPULATION SSP growth indexed to Kosovo 2023 base
KOS,SSP4,2047,1.568757,million,Synthesized Kosovo: Serbia IIASA POPULATION SSP growth indexed to Kosovo 2023 base
KOS,SSP4,2048,1.561136,million,Synthesized Kosovo: Serbia IIASA POPULATION SSP growth indexed to Kosovo 2023 base
KOS,SSP4,2049,1.553514,million,Synthesized Kosovo: Serbia IIASA POPULATION SSP growth indexed to Kosovo 2023 base
KOS,SSP4,2050,1.545893,million,Synthesized Kosovo: Serbia IIASA POPULATION SSP growth indexed to Kosovo 2023 base
KOS,SSP4,2051,1.538526,million,Synthesized Kosovo: Serbia IIASA POPULATION SSP growth indexed to Kosovo 2023 base
KOS,SSP4,2052,1.531159,million,Synthesized Kosovo: Serbia IIASA POPULATION SSP growth indexed to Kosovo 2023 base
KOS,SSP4,2053,1.523791,million,Synthesized Kosovo: Serbia IIASA POPULATION SSP growth indexed to Kosovo 2023 base
KOS,SSP4,2054,1.516424,million,Synthesized Kosovo: Serbia IIASA POPULATION SSP growth indexed to Kosovo 2023 base
KOS,SSP4,2055,1.509057,million,Synthesized Kosovo: Serbia IIASA POPULATION SSP growth indexed to Kosovo 2023 base
KOS,SSP4,2056,1.501617,million,Synthesized Kosovo: Serbia IIASA POPULATION SSP growth indexed to Kosovo 2023 base
KOS,SSP4,2057,1.494178,million,Synthesized Kosovo: Serbia IIASA POPULATION SSP growth indexed to Kosovo 2023 base
KOS,SSP4,2058,1.486738,million,Synthesized Kosovo: Serbia IIASA POPULATION SSP growth indexed to Kosovo 2023 base
KOS,SSP4,2059,1.479299,million,Synthesized Kosovo: Serbia IIASA POPULATION SSP growth indexed to Kosovo 2023 base
KOS,SSP4,2060,1.471859,million,Synthesized Kosovo: Serbia IIASA POPULATION SSP growth indexed to Kosovo 2023 base
KOS,SSP4,2061,1.463847,million,Synthesized Kosovo: Serbia IIASA POPULATION SSP growth indexed to Kosovo 2023 base
KOS,SSP4,2062,1.455835,million,Synthesized Kosovo: Serbia IIASA POPULATION SSP growth indexed to Kosovo 2023 base
KOS,SSP4,2063,1.447823,million,Synthesized Kosovo: Serbia IIASA POPULATION SSP growth indexed to Kosovo 2023 base
KOS,SSP4,2064,1.43981,million,Synthesized Kosovo: Serbia IIASA POPULATION SSP growth indexed to Kosovo 2023 base
KOS,SSP4,2065,1.431798,million,Synthesized Kosovo: Serbia IIASA POPULATION SSP growth indexed to Kosovo 2023 base
KOS,SSP4,2066,1.423229,million,Synthesized Kosovo: Serbia IIASA POPULATION SSP growth indexed to Kosovo 2023 base
KOS,SSP4,2067,1.414659,million,Synthesized Kosovo: Serbia IIASA POPULATION SSP growth indexed to Kosovo 2023 base
KOS,SSP4,2068,1.406089,million,Synthesized Kosovo: Serbia IIASA POPULATION SSP growth indexed to Kosovo 2023 base
KOS,SSP4,2069,1.39752,million,Synthesized Kosovo: Serbia IIASA POPULATION SSP growth indexed to Kosovo 2023 base
KOS,SSP4,2070,1.38895,million,Synthesized Kosovo: Serbia IIASA POPULATION SSP growth indexed to Kosovo 2023 base
KOS,SSP4,2071,1.380021,million,Synthesized Kosovo: Serbia IIASA POPULATION SSP growth indexed to Kosovo 2023 base
KOS,SSP4,2072,1.371092,million,Synthesized Kosovo: Serbia IIASA POPULATION SSP growth indexed to Kosovo 2023 base
KOS,SSP4,2073,1.362164,million,Synthesized Kosovo: Serbia IIASA POPULATION SSP growth indexed to Kosovo 2023 base
KOS,SSP4,2074,1.353235,million,Synthesized Kosovo: Serbia IIASA POPULATION SSP growth indexed to Kosovo 2023 base
KOS,SSP4,2075,1.344306,million,Synthesized Kosovo: Serbia IIASA POPULATION SSP growth indexed to Kosovo 2023 base
KOS,SSP4,2076,1.335187,million,Synthesized Kosovo: Serbia IIASA POPULATION SSP growth indexed to Kosovo 2023 base
KOS,SSP4,2077,1.326068,million,Synthesized Kosovo: Serbia IIASA POPULATION SSP growth indexed to Kosovo 2023 base
KOS,SSP4,2078,1.316949,million,Synthesized Kosovo: Serbia IIASA POPULATION SSP growth indexed to Kosovo 2023 base
KOS,SSP4,2079,1.30783,million,Synthesized Kosovo: Serbia IIASA POPULATION SSP growth indexed to Kosovo 2023 base
KOS,SSP4,2080,1.298711,million,Synthesized Kosovo: Serbia IIASA POPULATION SSP growth indexed to Kosovo 2023 base
KOS,SSP4,2081,1.289477,million,Synthesized Kosovo: Serbia IIASA POPULATION SSP growth indexed to Kosovo 2023 base
KOS,SSP4,2082,1.280243,million,Synthesized Kosovo: Serbia IIASA POPULATION SSP growth indexed to Kosovo 2023 base
KOS,SSP4,2083,1.271009,million,Synthesized Kosovo: Serbia IIASA POPULATION SSP growth indexed to Kosovo 2023 base
KOS,SSP4,2084,1.261775,million,Synthesized Kosovo: Serbia IIASA POPULATION SSP growth indexed to Kosovo 2023 base
KOS,SSP4,2085,1.252541,million,Synthesized Kosovo: Serbia IIASA POPULATION SSP growth indexed to Kosovo 2023 base
KOS,SSP4,2086,1.24318,million,Synthesized Kosovo: Serbia IIASA POPULATION SSP growth indexed to Kosovo 2023 base
KOS,SSP4,2087,1.233819,million,Synthesized Kosovo: Serbia IIASA POPULATION SSP growth indexed to Kosovo 2023 base
KOS,SSP4,2088,1.224457,million,Synthesized Kosovo: Serbia IIASA POPULATION SSP growth indexed to Kosovo 2023 base
KOS,SSP4,2089,1.215096,million,Synthesized Kosovo: Serbia IIASA POPULATION SSP growth indexed to Kosovo 2023 base
KOS,SSP4,2090,1.205735,million,Synthesized Kosovo: Serbia IIASA POPULATION SSP growth indexed to Kosovo 2023 base
KOS,SSP4,2091,1.196126,million,Synthesized Kosovo: Serbia IIASA POPULATION SSP growth indexed to Kosovo 2023 base
KOS,SSP4,2092,1.186516,million,Synthesized Kosovo: Serbia IIASA POPULATION SSP growth indexed to Kosovo 2023 base
KOS,SSP4,2093,1.176906,million,Synthesized Kosovo: Serbia IIASA POPULATION SSP growth indexed to Kosovo 2023 base
KOS,SSP4,2094,1.167297,million,Synthesized Kosovo: Serbia IIASA POPULATION SSP growth indexed to Kosovo 2023 base
KOS,SSP4,2095,1.157687,million,Synthesized Kosovo: Serbia IIASA POPULATION SSP growth indexed to Kosovo 2023 base
KOS,SSP4,2096,1.147604,million,Synthesized Kosovo: Serbia IIASA POPULATION SSP growth indexed to Kosovo 2023 base
KOS,SSP4,2097,1.137521,million,Synthesized Kosovo: Serbia IIASA POPULATION SSP growth indexed to Kosovo 2023 base
KOS,SSP4,2098,1.127437,million,Synthesized Kosovo: Serbia IIASA POPULATION SSP growth indexed to Kosovo 2023 base
KOS,SSP4,2099,1.117354,million,Synthesized Kosovo: Serbia IIASA POPULATION SSP growth indexed to Kosovo 2023 base
KOS,SSP4,2100,1.107271,million,Synthesized Kosovo: Serbia IIASA POPULATION SSP growth indexed to Kosovo 2023 base
ALB,SSP5,2023,2.761853,million,IIASA POPULATION 2023 Scenario Explorer
ALB,SSP5,2024,2.725094,million,IIASA POPULATION 2023 Scenario Explorer
ALB,SSP5,2025,2.688335,million,IIASA POPULATION 2023 Scenario Explorer
ALB,SSP5,2026,2.653717,million,IIASA POPULATION 2023 Scenario Explorer
ALB,SSP5,2027,2.619098,million,IIASA POPULATION 2023 Scenario Explorer
ALB,SSP5,2028,2.58448,million,IIASA POPULATION 2023 Scenario Explorer
ALB,SSP5,2029,2.549861,million,IIASA POPULATION 2023 Scenario Explorer
ALB,SSP5,2030,2.515243,million,IIASA POPULATION 2023 Scenario Explorer
ALB,SSP5,2031,2.47928,million,IIASA POPULATION 2023 Scenario Explorer
ALB,SSP5,2032,2.443316,million,IIASA POPULATION 2023 Scenario Explorer
ALB,SSP5,2033,2.407353,million,IIASA POPULATION 2023 Scenario Explorer
ALB,SSP5,2034,2.371389,million,IIASA POPULATION 2023 Scenario Explorer
ALB,SSP5,2035,2.335426,million,IIASA POPULATION 2023 Scenario Explorer
ALB,SSP5,2036,2.300295,million,IIASA POPULATION 2023 Scenario Explorer
ALB,SSP5,2037,2.265164,million,IIASA POPULATION 2023 Scenario Explorer
ALB,SSP5,2038,2.230034,million,IIASA POPULATION 2023 Scenario Explorer
ALB,SSP5,2039,2.194903,million,IIASA POPULATION 2023 Scenario Explorer
ALB,SSP5,2040,2.159772,million,IIASA POPULATION 2023 Scenario Explorer
ALB,SSP5,2041,2.126817,million,IIASA POPULATION 2023 Scenario Explorer
ALB,SSP5,2042,2.093861,million,IIASA POPULATION 2023 Scenario Explorer
ALB,SSP5,2043,2.060906,million,IIASA POPULATION 2023 Scenario Explorer
ALB,SSP5,2044,2.02795,million,IIASA POPULATION 2023 Scenario Explorer
ALB,SSP5,2045,1.994995,million,IIASA POPULATION 2023 Scenario Explorer
ALB,SSP5,2046,1.964374,million,IIASA POPULATION 2023 Scenario Explorer
ALB,SSP5,2047,1.933753,million,IIASA POPULATION 2023 Scenario Explorer
ALB,SSP5,2048,1.903133,million,IIASA POPULATION 2023 Scenario Explorer
ALB,SSP5,2049,1.872512,million,IIASA POPULATION 2023 Scenario Explorer
ALB,SSP5,2050,1.841891,million,IIASA POPULATION 2023 Scenario Explorer
ALB,SSP5,2051,1.81349,million,IIASA POPULATION 2023 Scenario Explorer
ALB,SSP5,2052,1.785089,million,IIASA POPULATION 2023 Scenario Explorer
ALB,SSP5,2053,1.756687,million,IIASA POPULATION 2023 Scenario Explorer
ALB,SSP5,2054,1.728286,million,IIASA POPULATION 2023 Scenario Explorer
ALB,SSP5,2055,1.699885,million,IIASA POPULATION 2023 Scenario Explorer
ALB,SSP5,2056,1.673578,million,IIASA POPULATION 2023 Scenario Explorer
ALB,SSP5,2057,1.64727,million,IIASA POPULATION 2023 Scenario Explorer
ALB,SSP5,2058,1.620963,million,IIASA POPULATION 2023 Scenario Explorer
ALB,SSP5,2059,1.594655,million,IIASA POPULATION 2023 Scenario Explorer
ALB,SSP5,2060,1.568348,million,IIASA POPULATION 2023 Scenario Explorer
ALB,SSP5,2061,1.545937,million,IIASA POPULATION 2023 Scenario Explorer
ALB,SSP5,2062,1.523525,million,IIASA POPULATION 2023 Scenario Explorer
ALB,SSP5,2063,1.501114,million,IIASA POPULATION 2023 Scenario Explorer
ALB,SSP5,2064,1.478702,million,IIASA POPULATION 2023 Scenario Explorer
ALB,SSP5,2065,1.456291,million,IIASA POPULATION 2023 Scenario Explorer
ALB,SSP5,2066,1.437291,million,IIASA POPULATION 2023 Scenario Explorer
ALB,SSP5,2067,1.41829,million,IIASA POPULATION 2023 Scenario Explorer
ALB,SSP5,2068,1.39929,million,IIASA POPULATION 2023 Scenario Explorer
ALB,SSP5,2069,1.380289,million,IIASA POPULATION 2023 Scenario Explorer
ALB,SSP5,2070,1.361289,million,IIASA POPULATION 2023 Scenario Explorer
ALB,SSP5,2071,1.345117,million,IIASA POPULATION 2023 Scenario Explorer
ALB,SSP5,2072,1.328946,million,IIASA POPULATION 2023 Scenario Explorer
ALB,SSP5,2073,1.312774,million,IIASA POPULATION 2023 Scenario Explorer
ALB,SSP5,2074,1.296603,million,IIASA POPULATION 2023 Scenario Explorer
ALB,SSP5,2075,1.280431,million,IIASA POPULATION 2023 Scenario Explorer
ALB,SSP5,2076,1.266241,million,IIASA POPULATION 2023 Scenario Explorer
ALB,SSP5,2077,1.252051,million,IIASA POPULATION 2023 Scenario Explorer
ALB,SSP5,2078,1.237861,million,IIASA POPULATION 2023 Scenario Explorer
ALB,SSP5,2079,1.223671,million,IIASA POPULATION 2023 Scenario Explorer
ALB,SSP5,2080,1.209481,million,IIASA POPULATION 2023 Scenario Explorer
ALB,SSP5,2081,1.196461,million,IIASA POPULATION 2023 Scenario Explorer
ALB,SSP5,2082,1.183442,million,IIASA POPULATION 2023 Scenario Explorer
ALB,SSP5,2083,1.170422,million,IIASA POPULATION 2023 Scenario Explorer
ALB,SSP5,2084,1.157403,million,IIASA POPULATION 2023 Scenario Explorer
ALB,SSP5,2085,1.144383,million,IIASA POPULATION 2023 Scenario Explorer
ALB,SSP5,2086,1.132004,million,IIASA POPULATION 2023 Scenario Explorer
ALB,SSP5,2087,1.119626,million,IIASA POPULATION 2023 Scenario Explorer
ALB,SSP5,2088,1.107247,million,IIASA POPULATION 2023 Scenario Explorer
ALB,SSP5,2089,1.094869,million,IIASA POPULATION 2023 Scenario Explorer
ALB,SSP5,2090,1.08249,million,IIASA POPULATION 2023 Scenario Explorer
ALB,SSP5,2091,1.070614,million,IIASA POPULATION 2023 Scenario Explorer
ALB,SSP5,2092,1.058739,million,IIASA POPULATION 2023 Scenario Explorer
ALB,SSP5,2093,1.046863,million,IIASA POPULATION 2023 Scenario Explorer
ALB,SSP5,2094,1.034988,million,IIASA POPULATION 2023 Scenario Explorer
ALB,SSP5,2095,1.023112,million,IIASA POPULATION 2023 Scenario Explorer
ALB,SSP5,2096,1.011954,million,IIASA POPULATION 2023 Scenario Explorer
ALB,SSP5,2097,1.000796,million,IIASA POPULATION 2023 Scenario Explorer
ALB,SSP5,2098,0.989637,million,IIASA POPULATION 2023 Scenario Explorer
ALB,SSP5,2099,0.978479,million,IIASA POPULATION 2023 Scenario Explorer
ALB,SSP5,2100,0.967321,million,IIASA POPULATION 2023 Scenario Explorer
BIH,SSP5,2023,3.196914,million,IIASA POPULATION 2023 Scenario Explorer
BIH,SSP5,2024,3.148893,million,IIASA POPULATION 2023 Scenario Explorer
BIH,SSP5,2025,3.100872,million,IIASA POPULATION 2023 Scenario Explorer
BIH,SSP5,2026,3.064127,million,IIASA POPULATION 2023 Scenario Explorer
BIH,SSP5,2027,3.027382,million,IIASA POPULATION 2023 Scenario Explorer
BIH,SSP5,2028,2.990636,million,IIASA POPULATION 2023 Scenario Explorer
BIH,SSP5,2029,2.953891,million,IIASA POPULATION 2023 Scenario Explorer
BIH,SSP5,2030,2.917146,million,IIASA POPULATION 2023 Scenario Explorer
BIH,SSP5,2031,2.881389,million,IIASA POPULATION 2023 Scenario Explorer
BIH,SSP5,2032,2.845632,million,IIASA POPULATION 2023 Scenario Explorer
BIH,SSP5,2033,2.809876,million,IIASA POPULATION 2023 Scenario Explorer
BIH,SSP5,2034,2.774119,million,IIASA POPULATION 2023 Scenario Explorer
BIH,SSP5,2035,2.738362,million,IIASA POPULATION 2023 Scenario Explorer
BIH,SSP5,2036,2.704334,million,IIASA POPULATION 2023 Scenario Explorer
BIH,SSP5,2037,2.670307,million,IIASA POPULATION 2023 Scenario Explorer
BIH,SSP5,2038,2.636279,million,IIASA POPULATION 2023 Scenario Explorer
BIH,SSP5,2039,2.602252,million,IIASA POPULATION 2023 Scenario Explorer
BIH,SSP5,2040,2.568224,million,IIASA POPULATION 2023 Scenario Explorer
BIH,SSP5,2041,2.536871,million,IIASA POPULATION 2023 Scenario Explorer
BIH,SSP5,2042,2.505517,million,IIASA POPULATION 2023 Scenario Explorer
BIH,SSP5,2043,2.474164,million,IIASA POPULATION 2023 Scenario Explorer
BIH,SSP5,2044,2.44281,million,IIASA POPULATION 2023 Scenario Explorer
BIH,SSP5,2045,2.411457,million,IIASA POPULATION 2023 Scenario Explorer
BIH,SSP5,2046,2.382899,million,IIASA POPULATION 2023 Scenario Explorer
BIH,SSP5,2047,2.354341,million,IIASA POPULATION 2023 Scenario Explorer
BIH,SSP5,2048,2.325783,million,IIASA POPULATION 2023 Scenario Explorer
BIH,SSP5,2049,2.297225,million,IIASA POPULATION 2023 Scenario Explorer
BIH,SSP5,2050,2.268667,million,IIASA POPULATION 2023 Scenario Explorer
BIH,SSP5,2051,2.242693,million,IIASA POPULATION 2023 Scenario Explorer
BIH,SSP5,2052,2.216718,million,IIASA POPULATION 2023 Scenario Explorer
BIH,SSP5,2053,2.190744,million,IIASA POPULATION 2023 Scenario Explorer
BIH,SSP5,2054,2.164769,million,IIASA POPULATION 2023 Scenario Explorer
BIH,SSP5,2055,2.138795,million,IIASA POPULATION 2023 Scenario Explorer
BIH,SSP5,2056,2.114884,million,IIASA POPULATION 2023 Scenario Explorer
BIH,SSP5,2057,2.090974,million,IIASA POPULATION 2023 Scenario Explorer
BIH,SSP5,2058,2.067063,million,IIASA POPULATION 2023 Scenario Explorer
BIH,SSP5,2059,2.043153,million,IIASA POPULATION 2023 Scenario Explorer
BIH,SSP5,2060,2.019242,million,IIASA POPULATION 2023 Scenario Explorer
BIH,SSP5,2061,1.998051,million,IIASA POPULATION 2023 Scenario Explorer
BIH,SSP5,2062,1.976861,million,IIASA POPULATION 2023 Scenario Explorer
BIH,SSP5,2063,1.95567,million,IIASA POPULATION 2023 Scenario Explorer
BIH,SSP5,2064,1.93448,million,IIASA POPULATION 2023 Scenario Explorer
BIH,SSP5,2065,1.913289,million,IIASA POPULATION 2023 Scenario Explorer
BIH,SSP5,2066,1.894449,million,IIASA POPULATION 2023 Scenario Explorer
BIH,SSP5,2067,1.87561,million,IIASA POPULATION 2023 Scenario Explorer
BIH,SSP5,2068,1.85677,million,IIASA POPULATION 2023 Scenario Explorer
BIH,SSP5,2069,1.837931,million,IIASA POPULATION 2023 Scenario Explorer
BIH,SSP5,2070,1.819091,million,IIASA POPULATION 2023 Scenario Explorer
BIH,SSP5,2071,1.802198,million,IIASA POPULATION 2023 Scenario Explorer
BIH,SSP5,2072,1.785305,million,IIASA POPULATION 2023 Scenario Explorer
BIH,SSP5,2073,1.768412,million,IIASA POPULATION 2023 Scenario Explorer
BIH,SSP5,2074,1.751519,million,IIASA POPULATION 2023 Scenario Explorer
BIH,SSP5,2075,1.734626,million,IIASA POPULATION 2023 Scenario Explorer
BIH,SSP5,2076,1.71921,million,IIASA POPULATION 2023 Scenario Explorer
BIH,SSP5,2077,1.703793,million,IIASA POPULATION 2023 Scenario Explorer
BIH,SSP5,2078,1.688377,million,IIASA POPULATION 2023 Scenario Explorer
BIH,SSP5,2079,1.67296,million,IIASA POPULATION 2023 Scenario Explorer
BIH,SSP5,2080,1.657544,million,IIASA POPULATION 2023 Scenario Explorer
BIH,SSP5,2081,1.643134,million,IIASA POPULATION 2023 Scenario Explorer
BIH,SSP5,2082,1.628724,million,IIASA POPULATION 2023 Scenario Explorer
BIH,SSP5,2083,1.614315,million,IIASA POPULATION 2023 Scenario Explorer
BIH,SSP5,2084,1.599905,million,IIASA POPULATION 2023 Scenario Explorer
BIH,SSP5,2085,1.585495,million,IIASA POPULATION 2023 Scenario Explorer
BIH,SSP5,2086,1.571752,million,IIASA POPULATION 2023 Scenario Explorer
BIH,SSP5,2087,1.558008,million,IIASA POPULATION 2023 Scenario Explorer
BIH,SSP5,2088,1.544265,million,IIASA POPULATION 2023 Scenario Explorer
BIH,SSP5,2089,1.530521,million,IIASA POPULATION 2023 Scenario Explorer
BIH,SSP5,2090,1.516778,million,IIASA POPULATION 2023 Scenario Explorer
BIH,SSP5,2091,1.503452,million,IIASA POPULATION 2023 Scenario Explorer
BIH,SSP5,2092,1.490126,million,IIASA POPULATION 2023 Scenario Explorer
BIH,SSP5,2093,1.476801,million,IIASA POPULATION 2023 Scenario Explorer
BIH,SSP5,2094,1.463475,million,IIASA POPULATION 2023 Scenario Explorer
BIH,SSP5,2095,1.450149,million,IIASA POPULATION 2023 Scenario Explorer
BIH,SSP5,2096,1.436907,million,IIASA POPULATION 2023 Scenario Explorer
BIH,SSP5,2097,1.423665,million,IIASA POPULATION 2023 Scenario Explorer
BIH,SSP5,2098,1.410422,million,IIASA POPULATION 2023 Scenario Explorer
BIH,SSP5,2099,1.39718,million,IIASA POPULATION 2023 Scenario Explorer
BIH,SSP5,2100,1.383938,million,IIASA POPULATION 2023 Scenario Explorer
MKD,SSP5,2023,2.101668,million,IIASA POPULATION 2023 Scenario Explorer
MKD,SSP5,2024,2.097548,million,IIASA POPULATION 2023 Scenario Explorer
MKD,SSP5,2025,2.093429,million,IIASA POPULATION 2023 Scenario Explorer
MKD,SSP5,2026,2.094729,million,IIASA POPULATION 2023 Scenario Explorer
MKD,SSP5,2027,2.096029,million,IIASA POPULATION 2023 Scenario Explorer
MKD,SSP5,2028,2.097328,million,IIASA POPULATION 2023 Scenario Explorer
MKD,SSP5,2029,2.098628,million,IIASA POPULATION 2023 Scenario Explorer
MKD,SSP5,2030,2.099928,million,IIASA POPULATION 2023 Scenario Explorer
MKD,SSP5,2031,2.099644,million,IIASA POPULATION 2023 Scenario Explorer
MKD,SSP5,2032,2.09936,million,IIASA POPULATION 2023 Scenario Explorer
MKD,SSP5,2033,2.099076,million,IIASA POPULATION 2023 Scenario Explorer
MKD,SSP5,2034,2.098792,million,IIASA POPULATION 2023 Scenario Explorer
MKD,SSP5,2035,2.098508,million,IIASA POPULATION 2023 Scenario Explorer
MKD,SSP5,2036,2.096565,million,IIASA POPULATION 2023 Scenario Explorer
MKD,SSP5,2037,2.094622,million,IIASA POPULATION 2023 Scenario Explorer
MKD,SSP5,2038,2.09268,million,IIASA POPULATION 2023 Scenario Explorer
MKD,SSP5,2039,2.090737,million,IIASA POPULATION 2023 Scenario Explorer
MKD,SSP5,2040,2.088794,million,IIASA POPULATION 2023 Scenario Explorer
MKD,SSP5,2041,2.086031,million,IIASA POPULATION 2023 Scenario Explorer
MKD,SSP5,2042,2.083268,million,IIASA POPULATION 2023 Scenario Explorer
MKD,SSP5,2043,2.080506,million,IIASA POPULATION 2023 Scenario Explorer
MKD,SSP5,2044,2.077743,million,IIASA POPULATION 2023 Scenario Explorer
MKD,SSP5,2045,2.07498,million,IIASA POPULATION 2023 Scenario Explorer
MKD,SSP5,2046,2.071789,million,IIASA POPULATION 2023 Scenario Explorer
MKD,SSP5,2047,2.068598,million,IIASA POPULATION 2023 Scenario Explorer
MKD,SSP5,2048,2.065408,million,IIASA POPULATION 2023 Scenario Explorer
MKD,SSP5,2049,2.062217,million,IIASA POPULATION 2023 Scenario Explorer
MKD,SSP5,2050,2.059026,million,IIASA POPULATION 2023 Scenario Explorer
MKD,SSP5,2051,2.055418,million,IIASA POPULATION 2023 Scenario Explorer
MKD,SSP5,2052,2.051811,million,IIASA POPULATION 2023 Scenario Explorer
MKD,SSP5,2053,2.048203,million,IIASA POPULATION 2023 Scenario Explorer
MKD,SSP5,2054,2.044596,million,IIASA POPULATION 2023 Scenario Explorer
MKD,SSP5,2055,2.040988,million,IIASA POPULATION 2023 Scenario Explorer
MKD,SSP5,2056,2.036615,million,IIASA POPULATION 2023 Scenario Explorer
MKD,SSP5,2057,2.032242,million,IIASA POPULATION 2023 Scenario Explorer
MKD,SSP5,2058,2.027869,million,IIASA POPULATION 2023 Scenario Explorer
MKD,SSP5,2059,2.023496,million,IIASA POPULATION 2023 Scenario Explorer
MKD,SSP5,2060,2.019123,million,IIASA POPULATION 2023 Scenario Explorer
MKD,SSP5,2061,2.013623,million,IIASA POPULATION 2023 Scenario Explorer
MKD,SSP5,2062,2.008123,million,IIASA POPULATION 2023 Scenario Explorer
MKD,SSP5,2063,2.002623,million,IIASA POPULATION 2023 Scenario Explorer
MKD,SSP5,2064,1.997123,million,IIASA POPULATION 2023 Scenario Explorer
MKD,SSP5,2065,1.991623,million,IIASA POPULATION 2023 Scenario Explorer
MKD,SSP5,2066,1.984945,million,IIASA POPULATION 2023 Scenario Explorer
MKD,SSP5,2067,1.978267,million,IIASA POPULATION 2023 Scenario Explorer
MKD,SSP5,2068,1.971588,million,IIASA POPULATION 2023 Scenario Explorer
MKD,SSP5,2069,1.96491,million,IIASA POPULATION 2023 Scenario Explorer
MKD,SSP5,2070,1.958232,million,IIASA POPULATION 2023 Scenario Explorer
MKD,SSP5,2071,1.950496,million,IIASA POPULATION 2023 Scenario Explorer
MKD,SSP5,2072,1.942761,million,IIASA POPULATION 2023 Scenario Explorer
MKD,SSP5,2073,1.935025,million,IIASA POPULATION 2023 Scenario Explorer
MKD,SSP5,2074,1.92729,million,IIASA POPULATION 2023 Scenario Explorer
MKD,SSP5,2075,1.919554,million,IIASA POPULATION 2023 Scenario Explorer
MKD,SSP5,2076,1.910922,million,IIASA POPULATION 2023 Scenario Explorer
MKD,SSP5,2077,1.902291,million,IIASA POPULATION 2023 Scenario Explorer
MKD,SSP5,2078,1.893659,million,IIASA POPULATION 2023 Scenario Explorer
MKD,SSP5,2079,1.885028,million,IIASA POPULATION 2023 Scenario Explorer
MKD,SSP5,2080,1.876396,million,IIASA POPULATION 2023 Scenario Explorer
MKD,SSP5,2081,1.867018,million,IIASA POPULATION 2023 Scenario Explorer
MKD,SSP5,2082,1.85764,million,IIASA POPULATION 2023 Scenario Explorer
MKD,SSP5,2083,1.848263,million,IIASA POPULATION 2023 Scenario Explorer
MKD,SSP5,2084,1.838885,million,IIASA POPULATION 2023 Scenario Explorer
MKD,SSP5,2085,1.829507,million,IIASA POPULATION 2023 Scenario Explorer
MKD,SSP5,2086,1.819461,million,IIASA POPULATION 2023 Scenario Explorer
MKD,SSP5,2087,1.809414,million,IIASA POPULATION 2023 Scenario Explorer
MKD,SSP5,2088,1.799368,million,IIASA POPULATION 2023 Scenario Explorer
MKD,SSP5,2089,1.789321,million,IIASA POPULATION 2023 Scenario Explorer
MKD,SSP5,2090,1.779275,million,IIASA POPULATION 2023 Scenario Explorer
MKD,SSP5,2091,1.76854,million,IIASA POPULATION 2023 Scenario Explorer
MKD,SSP5,2092,1.757806,million,IIASA POPULATION 2023 Scenario Explorer
MKD,SSP5,2093,1.747071,million,IIASA POPULATION 2023 Scenario Explorer
MKD,SSP5,2094,1.736337,million,IIASA POPULATION 2023 Scenario Explorer
MKD,SSP5,2095,1.725602,million,IIASA POPULATION 2023 Scenario Explorer
MKD,SSP5,2096,1.713941,million,IIASA POPULATION 2023 Scenario Explorer
MKD,SSP5,2097,1.702279,million,IIASA POPULATION 2023 Scenario Explorer
MKD,SSP5,2098,1.690618,million,IIASA POPULATION 2023 Scenario Explorer
MKD,SSP5,2099,1.678956,million,IIASA POPULATION 2023 Scenario Explorer
MKD,SSP5,2100,1.667295,million,IIASA POPULATION 2023 Scenario Explorer
MNE,SSP5,2023,0.63943,million,IIASA POPULATION 2023 Scenario Explorer
MNE,SSP5,2024,0.642611,million,IIASA POPULATION 2023 Scenario Explorer
MNE,SSP5,2025,0.645792,million,IIASA POPULATION 2023 Scenario Explorer
MNE,SSP5,2026,0.643912,million,IIASA POPULATION 2023 Scenario Explorer
MNE,SSP5,2027,0.642031,million,IIASA POPULATION 2023 Scenario Explorer
MNE,SSP5,2028,0.640151,million,IIASA POPULATION 2023 Scenario Explorer
MNE,SSP5,2029,0.63827,million,IIASA POPULATION 2023 Scenario Explorer
MNE,SSP5,2030,0.63639,million,IIASA POPULATION 2023 Scenario Explorer
MNE,SSP5,2031,0.63464,million,IIASA POPULATION 2023 Scenario Explorer
MNE,SSP5,2032,0.63289,million,IIASA POPULATION 2023 Scenario Explorer
MNE,SSP5,2033,0.631139,million,IIASA POPULATION 2023 Scenario Explorer
MNE,SSP5,2034,0.629389,million,IIASA POPULATION 2023 Scenario Explorer
MNE,SSP5,2035,0.627639,million,IIASA POPULATION 2023 Scenario Explorer
MNE,SSP5,2036,0.626179,million,IIASA POPULATION 2023 Scenario Explorer
MNE,SSP5,2037,0.624719,million,IIASA POPULATION 2023 Scenario Explorer
MNE,SSP5,2038,0.623259,million,IIASA POPULATION 2023 Scenario Explorer
MNE,SSP5,2039,0.621799,million,IIASA POPULATION 2023 Scenario Explorer
MNE,SSP5,2040,0.620339,million,IIASA POPULATION 2023 Scenario Explorer
MNE,SSP5,2041,0.619174,million,IIASA POPULATION 2023 Scenario Explorer
MNE,SSP5,2042,0.61801,million,IIASA POPULATION 2023 Scenario Explorer
MNE,SSP5,2043,0.616845,million,IIASA POPULATION 2023 Scenario Explorer
MNE,SSP5,2044,0.615681,million,IIASA POPULATION 2023 Scenario Explorer
MNE,SSP5,2045,0.614516,million,IIASA POPULATION 2023 Scenario Explorer
MNE,SSP5,2046,0.613477,million,IIASA POPULATION 2023 Scenario Explorer
MNE,SSP5,2047,0.612438,million,IIASA POPULATION 2023 Scenario Explorer
MNE,SSP5,2048,0.611398,million,IIASA POPULATION 2023 Scenario Explorer
MNE,SSP5,2049,0.610359,million,IIASA POPULATION 2023 Scenario Explorer
MNE,SSP5,2050,0.60932,million,IIASA POPULATION 2023 Scenario Explorer
MNE,SSP5,2051,0.608135,million,IIASA POPULATION 2023 Scenario Explorer
MNE,SSP5,2052,0.60695,million,IIASA POPULATION 2023 Scenario Explorer
MNE,SSP5,2053,0.605765,million,IIASA POPULATION 2023 Scenario Explorer
MNE,SSP5,2054,0.60458,million,IIASA POPULATION 2023 Scenario Explorer
MNE,SSP5,2055,0.603395,million,IIASA POPULATION 2023 Scenario Explorer
MNE,SSP5,2056,0.601992,million,IIASA POPULATION 2023 Scenario Explorer
MNE,SSP5,2057,0.600589,million,IIASA POPULATION 2023 Scenario Explorer
MNE,SSP5,2058,0.599187,million,IIASA POPULATION 2023 Scenario Explorer
MNE,SSP5,2059,0.597784,million,IIASA POPULATION 2023 Scenario Explorer
MNE,SSP5,2060,0.596381,million,IIASA POPULATION 2023 Scenario Explorer
MNE,SSP5,2061,0.594809,million,IIASA POPULATION 2023 Scenario Explorer
MNE,SSP5,2062,0.593236,million,IIASA POPULATION 2023 Scenario Explorer
MNE,SSP5,2063,0.591664,million,IIASA POPULATION 2023 Scenario Explorer
MNE,SSP5,2064,0.590091,million,IIASA POPULATION 2023 Scenario Explorer
MNE,SSP5,2065,0.588519,million,IIASA POPULATION 2023 Scenario Explorer
MNE,SSP5,2066,0.586808,million,IIASA POPULATION 2023 Scenario Explorer
MNE,SSP5,2067,0.585098,million,IIASA POPULATION 2023 Scenario Explorer
MNE,SSP5,2068,0.583387,million,IIASA POPULATION 2023 Scenario Explorer
MNE,SSP5,2069,0.581677,million,IIASA POPULATION 2023 Scenario Explorer
MNE,SSP5,2070,0.579966,million,IIASA POPULATION 2023 Scenario Explorer
MNE,SSP5,2071,0.578141,million,IIASA POPULATION 2023 Scenario Explorer
MNE,SSP5,2072,0.576316,million,IIASA POPULATION 2023 Scenario Explorer
MNE,SSP5,2073,0.574492,million,IIASA POPULATION 2023 Scenario Explorer
MNE,SSP5,2074,0.572667,million,IIASA POPULATION 2023 Scenario Explorer
MNE,SSP5,2075,0.570842,million,IIASA POPULATION 2023 Scenario Explorer
MNE,SSP5,2076,0.568875,million,IIASA POPULATION 2023 Scenario Explorer
MNE,SSP5,2077,0.566909,million,IIASA POPULATION 2023 Scenario Explorer
MNE,SSP5,2078,0.564942,million,IIASA POPULATION 2023 Scenario Explorer
MNE,SSP5,2079,0.562976,million,IIASA POPULATION 2023 Scenario Explorer
MNE,SSP5,2080,0.561009,million,IIASA POPULATION 2023 Scenario Explorer
MNE,SSP5,2081,0.55888,million,IIASA POPULATION 2023 Scenario Explorer
MNE,SSP5,2082,0.556751,million,IIASA POPULATION 2023 Scenario Explorer
MNE,SSP5,2083,0.554621,million,IIASA POPULATION 2023 Scenario Explorer
MNE,SSP5,2084,0.552492,million,IIASA POPULATION 2023 Scenario Explorer
MNE,SSP5,2085,0.550363,million,IIASA POPULATION 2023 Scenario Explorer
MNE,SSP5,2086,0.548042,million,IIASA POPULATION 2023 Scenario Explorer
MNE,SSP5,2087,0.545722,million,IIASA POPULATION 2023 Scenario Explorer
MNE,SSP5,2088,0.543401,million,IIASA POPULATION 2023 Scenario Explorer
MNE,SSP5,2089,0.541081,million,IIASA POPULATION 2023 Scenario Explorer
MNE,SSP5,2090,0.53876,million,IIASA POPULATION 2023 Scenario Explorer
MNE,SSP5,2091,0.53621,million,IIASA POPULATION 2023 Scenario Explorer
MNE,SSP5,2092,0.53366,million,IIASA POPULATION 2023 Scenario Explorer
MNE,SSP5,2093,0.531109,million,IIASA POPULATION 2023 Scenario Explorer
MNE,SSP5,2094,0.528559,million,IIASA POPULATION 2023 Scenario Explorer
MNE,SSP5,2095,0.526009,million,IIASA POPULATION 2023 Scenario Explorer
MNE,SSP5,2096,0.523156,million,IIASA POPULATION 2023 Scenario Explorer
MNE,SSP5,2097,0.520302,million,IIASA POPULATION 2023 Scenario Explorer
MNE,SSP5,2098,0.517449,million,IIASA POPULATION 2023 Scenario Explorer
MNE,SSP5,2099,0.514595,million,IIASA POPULATION 2023 Scenario Explorer
MNE,SSP5,2100,0.511742,million,IIASA POPULATION 2023 Scenario Explorer
SRB,SSP5,2023,7.269521,million,IIASA POPULATION 2023 Scenario Explorer
SRB,SSP5,2024,7.23134,million,IIASA POPULATION 2023 Scenario Explorer
SRB,SSP5,2025,7.193159,million,IIASA POPULATION 2023 Scenario Explorer
SRB,SSP5,2026,7.181391,million,IIASA POPULATION 2023 Scenario Explorer
SRB,SSP5,2027,7.169623,million,IIASA POPULATION 2023 Scenario Explorer
SRB,SSP5,2028,7.157856,million,IIASA POPULATION 2023 Scenario Explorer
SRB,SSP5,2029,7.146088,million,IIASA POPULATION 2023 Scenario Explorer
SRB,SSP5,2030,7.13432,million,IIASA POPULATION 2023 Scenario Explorer
SRB,SSP5,2031,7.124168,million,IIASA POPULATION 2023 Scenario Explorer
SRB,SSP5,2032,7.114017,million,IIASA POPULATION 2023 Scenario Explorer
SRB,SSP5,2033,7.103865,million,IIASA POPULATION 2023 Scenario Explorer
SRB,SSP5,2034,7.093714,million,IIASA POPULATION 2023 Scenario Explorer
SRB,SSP5,2035,7.083562,million,IIASA POPULATION 2023 Scenario Explorer
SRB,SSP5,2036,7.073813,million,IIASA POPULATION 2023 Scenario Explorer
SRB,SSP5,2037,7.064063,million,IIASA POPULATION 2023 Scenario Explorer
SRB,SSP5,2038,7.054314,million,IIASA POPULATION 2023 Scenario Explorer
SRB,SSP5,2039,7.044564,million,IIASA POPULATION 2023 Scenario Explorer
SRB,SSP5,2040,7.034815,million,IIASA POPULATION 2023 Scenario Explorer
SRB,SSP5,2041,7.027822,million,IIASA POPULATION 2023 Scenario Explorer
SRB,SSP5,2042,7.020828,million,IIASA POPULATION 2023 Scenario Explorer
SRB,SSP5,2043,7.013835,million,IIASA POPULATION 2023 Scenario Explorer
SRB,SSP5,2044,7.006841,million,IIASA POPULATION 2023 Scenario Explorer
SRB,SSP5,2045,6.999848,million,IIASA POPULATION 2023 Scenario Explorer
SRB,SSP5,2046,6.995441,million,IIASA POPULATION 2023 Scenario Explorer
SRB,SSP5,2047,6.991035,million,IIASA POPULATION 2023 Scenario Explorer
SRB,SSP5,2048,6.986628,million,IIASA POPULATION 2023 Scenario Explorer
SRB,SSP5,2049,6.982222,million,IIASA POPULATION 2023 Scenario Explorer
SRB,SSP5,2050,6.977815,million,IIASA POPULATION 2023 Scenario Explorer
SRB,SSP5,2051,6.97445,million,IIASA POPULATION 2023 Scenario Explorer
SRB,SSP5,2052,6.971085,million,IIASA POPULATION 2023 Scenario Explorer
SRB,SSP5,2053,6.967719,million,IIASA POPULATION 2023 Scenario Explorer
SRB,SSP5,2054,6.964354,million,IIASA POPULATION 2023 Scenario Explorer
SRB,SSP5,2055,6.960989,million,IIASA POPULATION 2023 Scenario Explorer
SRB,SSP5,2056,6.956339,million,IIASA POPULATION 2023 Scenario Explorer
SRB,SSP5,2057,6.95169,million,IIASA POPULATION 2023 Scenario Explorer
SRB,SSP5,2058,6.94704,million,IIASA POPULATION 2023 Scenario Explorer
SRB,SSP5,2059,6.942391,million,IIASA POPULATION 2023 Scenario Explorer
SRB,SSP5,2060,6.937741,million,IIASA POPULATION 2023 Scenario Explorer
SRB,SSP5,2061,6.927973,million,IIASA POPULATION 2023 Scenario Explorer
SRB,SSP5,2062,6.918204,million,IIASA POPULATION 2023 Scenario Explorer
SRB,SSP5,2063,6.908436,million,IIASA POPULATION 2023 Scenario Explorer
SRB,SSP5,2064,6.898667,million,IIASA POPULATION 2023 Scenario Explorer
SRB,SSP5,2065,6.888899,million,IIASA POPULATION 2023 Scenario Explorer
SRB,SSP5,2066,6.874138,million,IIASA POPULATION 2023 Scenario Explorer
SRB,SSP5,2067,6.859377,million,IIASA POPULATION 2023 Scenario Explorer
SRB,SSP5,2068,6.844615,million,IIASA POPULATION 2023 Scenario Explorer
SRB,SSP5,2069,6.829854,million,IIASA POPULATION 2023 Scenario Explorer
SRB,SSP5,2070,6.815093,million,IIASA POPULATION 2023 Scenario Explorer
SRB,SSP5,2071,6.796267,million,IIASA POPULATION 2023 Scenario Explorer
SRB,SSP5,2072,6.777441,million,IIASA POPULATION 2023 Scenario Explorer
SRB,SSP5,2073,6.758614,million,IIASA POPULATION 2023 Scenario Explorer
SRB,SSP5,2074,6.739788,million,IIASA POPULATION 2023 Scenario Explorer
SRB,SSP5,2075,6.720962,million,IIASA POPULATION 2023 Scenario Explorer
SRB,SSP5,2076,6.699017,million,IIASA POPULATION 2023 Scenario Explorer
SRB,SSP5,2077,6.677072,million,IIASA POPULATION 2023 Scenario Explorer
SRB,SSP5,2078,6.655128,million,IIASA POPULATION 2023 Scenario Explorer
SRB,SSP5,2079,6.633183,million,IIASA POPULATION 2023 Scenario Explorer
SRB,SSP5,2080,6.611238,million,IIASA POPULATION 2023 Scenario Explorer
SRB,SSP5,2081,6.58651,million,IIASA POPULATION 2023 Scenario Explorer
SRB,SSP5,2082,6.561783,million,IIASA POPULATION 2023 Scenario Explorer
SRB,SSP5,2083,6.537055,million,IIASA POPULATION 2023 Scenario Explorer
SRB,SSP5,2084,6.512328,million,IIASA POPULATION 2023 Scenario Explorer
SRB,SSP5,2085,6.4876,million,IIASA POPULATION 2023 Scenario Explorer
SRB,SSP5,2086,6.459672,million,IIASA POPULATION 2023 Scenario Explorer
SRB,SSP5,2087,6.431745,million,IIASA POPULATION 2023 Scenario Explorer
SRB,SSP5,2088,6.403817,million,IIASA POPULATION 2023 Scenario Explorer
SRB,SSP5,2089,6.37589,million,IIASA POPULATION 2023 Scenario Explorer
SRB,SSP5,2090,6.347962,million,IIASA POPULATION 2023 Scenario Explorer
SRB,SSP5,2091,6.31619,million,IIASA POPULATION 2023 Scenario Explorer
SRB,SSP5,2092,6.284418,million,IIASA POPULATION 2023 Scenario Explorer
SRB,SSP5,2093,6.252645,million,IIASA POPULATION 2023 Scenario Explorer
SRB,SSP5,2094,6.220873,million,IIASA POPULATION 2023 Scenario Explorer
SRB,SSP5,2095,6.189101,million,IIASA POPULATION 2023 Scenario Explorer
SRB,SSP5,2096,6.152653,million,IIASA POPULATION 2023 Scenario Explorer
SRB,SSP5,2097,6.116205,million,IIASA POPULATION 2023 Scenario Explorer
SRB,SSP5,2098,6.079757,million,IIASA POPULATION 2023 Scenario Explorer
SRB,SSP5,2099,6.043309,million,IIASA POPULATION 2023 Scenario Explorer
SRB,SSP5,2100,6.006861,million,IIASA POPULATION 2023 Scenario Explorer
KOS,SSP5,2023,1.76,million,Synthesized Kosovo: Serbia IIASA POPULATION SSP growth indexed to Kosovo 2023 base
KOS,SSP5,2024,1.750756,million,Synthesized Kosovo: Serbia IIASA POPULATION SSP growth indexed to Kosovo 2023 base
KOS,SSP5,2025,1.741512,million,Synthesized Kosovo: Serbia IIASA POPULATION SSP growth indexed to Kosovo 2023 base
KOS,SSP5,2026,1.738663,million,Synthesized Kosovo: Serbia IIASA POPULATION SSP growth indexed to Kosovo 2023 base
KOS,SSP5,2027,1.735814,million,Synthesized Kosovo: Serbia IIASA POPULATION SSP growth indexed to Kosovo 2023 base
KOS,SSP5,2028,1.732965,million,Synthesized Kosovo: Serbia IIASA POPULATION SSP growth indexed to Kosovo 2023 base
KOS,SSP5,2029,1.730116,million,Synthesized Kosovo: Serbia IIASA POPULATION SSP growth indexed to Kosovo 2023 base
KOS,SSP5,2030,1.727267,million,Synthesized Kosovo: Serbia IIASA POPULATION SSP growth indexed to Kosovo 2023 base
KOS,SSP5,2031,1.724809,million,Synthesized Kosovo: Serbia IIASA POPULATION SSP growth indexed to Kosovo 2023 base
KOS,SSP5,2032,1.722351,million,Synthesized Kosovo: Serbia IIASA POPULATION SSP growth indexed to Kosovo 2023 base
KOS,SSP5,2033,1.719894,million,Synthesized Kosovo: Serbia IIASA POPULATION SSP growth indexed to Kosovo 2023 base
KOS,SSP5,2034,1.717436,million,Synthesized Kosovo: Serbia IIASA POPULATION SSP growth indexed to Kosovo 2023 base
KOS,SSP5,2035,1.714978,million,Synthesized Kosovo: Serbia IIASA POPULATION SSP growth indexed to Kosovo 2023 base
KOS,SSP5,2036,1.712618,million,Synthesized Kosovo: Serbia IIASA POPULATION SSP growth indexed to Kosovo 2023 base
KOS,SSP5,2037,1.710257,million,Synthesized Kosovo: Serbia IIASA POPULATION SSP growth indexed to Kosovo 2023 base
KOS,SSP5,2038,1.707897,million,Synthesized Kosovo: Serbia IIASA POPULATION SSP growth indexed to Kosovo 2023 base
KOS,SSP5,2039,1.705537,million,Synthesized Kosovo: Serbia IIASA POPULATION SSP growth indexed to Kosovo 2023 base
KOS,SSP5,2040,1.703176,million,Synthesized Kosovo: Serbia IIASA POPULATION SSP growth indexed to Kosovo 2023 base
KOS,SSP5,2041,1.701483,million,Synthesized Kosovo: Serbia IIASA POPULATION SSP growth indexed to Kosovo 2023 base
KOS,SSP5,2042,1.69979,million,Synthesized Kosovo: Serbia IIASA POPULATION SSP growth indexed to Kosovo 2023 base
KOS,SSP5,2043,1.698097,million,Synthesized Kosovo: Serbia IIASA POPULATION SSP growth indexed to Kosovo 2023 base
KOS,SSP5,2044,1.696404,million,Synthesized Kosovo: Serbia IIASA POPULATION SSP growth indexed to Kosovo 2023 base
KOS,SSP5,2045,1.69471,million,Synthesized Kosovo: Serbia IIASA POPULATION SSP growth indexed to Kosovo 2023 base
KOS,SSP5,2046,1.693644,million,Synthesized Kosovo: Serbia IIASA POPULATION SSP growth indexed to Kosovo 2023 base
KOS,SSP5,2047,1.692577,million,Synthesized Kosovo: Serbia IIASA POPULATION SSP growth indexed to Kosovo 2023 base
KOS,SSP5,2048,1.69151,million,Synthesized Kosovo: Serbia IIASA POPULATION SSP growth indexed to Kosovo 2023 base
KOS,SSP5,2049,1.690443,million,Synthesized Kosovo: Serbia IIASA POPULATION SSP growth indexed to Kosovo 2023 base
KOS,SSP5,2050,1.689376,million,Synthesized Kosovo: Serbia IIASA POPULATION SSP growth indexed to Kosovo 2023 base
KOS,SSP5,2051,1.688561,million,Synthesized Kosovo: Serbia IIASA POPULATION SSP growth indexed to Kosovo 2023 base
KOS,SSP5,2052,1.687747,million,Synthesized Kosovo: Serbia IIASA POPULATION SSP growth indexed to Kosovo 2023 base
KOS,SSP5,2053,1.686932,million,Synthesized Kosovo: Serbia IIASA POPULATION SSP growth indexed to Kosovo 2023 base
KOS,SSP5,2054,1.686117,million,Synthesized Kosovo: Serbia IIASA POPULATION SSP growth indexed to Kosovo 2023 base
KOS,SSP5,2055,1.685302,million,Synthesized Kosovo: Serbia IIASA POPULATION SSP growth indexed to Kosovo 2023 base
KOS,SSP5,2056,1.684177,million,Synthesized Kosovo: Serbia IIASA POPULATION SSP growth indexed to Kosovo 2023 base
KOS,SSP5,2057,1.683051,million,Synthesized Kosovo: Serbia IIASA POPULATION SSP growth indexed to Kosovo 2023 base
KOS,SSP5,2058,1.681925,million,Synthesized Kosovo: Serbia IIASA POPULATION SSP growth indexed to Kosovo 2023 base
KOS,SSP5,2059,1.6808,million,Synthesized Kosovo: Serbia IIASA POPULATION SSP growth indexed to Kosovo 2023 base
KOS,SSP5,2060,1.679674,million,Synthesized Kosovo: Serbia IIASA POPULATION SSP growth indexed to Kosovo 2023 base
KOS,SSP5,2061,1.677309,million,Synthesized Kosovo: Serbia IIASA POPULATION SSP growth indexed to Kosovo 2023 base
KOS,SSP5,2062,1.674944,million,Synthesized Kosovo: Serbia IIASA POPULATION SSP growth indexed to Kosovo 2023 base
KOS,SSP5,2063,1.672579,million,Synthesized Kosovo: Serbia IIASA POPULATION SSP growth indexed to Kosovo 2023 base
KOS,SSP5,2064,1.670214,million,Synthesized Kosovo: Serbia IIASA POPULATION SSP growth indexed to Kosovo 2023 base
KOS,SSP5,2065,1.667849,million,Synthesized Kosovo: Serbia IIASA POPULATION SSP growth indexed to Kosovo 2023 base
KOS,SSP5,2066,1.664275,million,Synthesized Kosovo: Serbia IIASA POPULATION SSP growth indexed to Kosovo 2023 base
KOS,SSP5,2067,1.660701,million,Synthesized Kosovo: Serbia IIASA POPULATION SSP growth indexed to Kosovo 2023 base
KOS,SSP5,2068,1.657128,million,Synthesized Kosovo: Serbia IIASA POPULATION SSP growth indexed to Kosovo 2023 base
KOS,SSP5,2069,1.653554,million,Synthesized Kosovo: Serbia IIASA POPULATION SSP growth indexed to Kosovo 2023 base
KOS,SSP5,2070,1.64998,million,Synthesized Kosovo: Serbia IIASA POPULATION SSP growth indexed to Kosovo 2023 base
KOS,SSP5,2071,1.645422,million,Synthesized Kosovo: Serbia IIASA POPULATION SSP growth indexed to Kosovo 2023 base
KOS,SSP5,2072,1.640864,million,Synthesized Kosovo: Serbia IIASA POPULATION SSP growth indexed to Kosovo 2023 base
KOS,SSP5,2073,1.636306,million,Synthesized Kosovo: Serbia IIASA POPULATION SSP growth indexed to Kosovo 2023 base
KOS,SSP5,2074,1.631748,million,Synthesized Kosovo: Serbia IIASA POPULATION SSP growth indexed to Kosovo 2023 base
KOS,SSP5,2075,1.62719,million,Synthesized Kosovo: Serbia IIASA POPULATION SSP growth indexed to Kosovo 2023 base
KOS,SSP5,2076,1.621877,million,Synthesized Kosovo: Serbia IIASA POPULATION SSP growth indexed to Kosovo 2023 base
KOS,SSP5,2077,1.616564,million,Synthesized Kosovo: Serbia IIASA POPULATION SSP growth indexed to Kosovo 2023 base
KOS,SSP5,2078,1.611251,million,Synthesized Kosovo: Serbia IIASA POPULATION SSP growth indexed to Kosovo 2023 base
KOS,SSP5,2079,1.605938,million,Synthesized Kosovo: Serbia IIASA POPULATION SSP growth indexed to Kosovo 2023 base
KOS,SSP5,2080,1.600625,million,Synthesized Kosovo: Serbia IIASA POPULATION SSP growth indexed to Kosovo 2023 base
KOS,SSP5,2081,1.594639,million,Synthesized Kosovo: Serbia IIASA POPULATION SSP growth indexed to Kosovo 2023 base
KOS,SSP5,2082,1.588652,million,Synthesized Kosovo: Serbia IIASA POPULATION SSP growth indexed to Kosovo 2023 base
KOS,SSP5,2083,1.582665,million,Synthesized Kosovo: Serbia IIASA POPULATION SSP growth indexed to Kosovo 2023 base
KOS,SSP5,2084,1.576678,million,Synthesized Kosovo: Serbia IIASA POPULATION SSP growth indexed to Kosovo 2023 base
KOS,SSP5,2085,1.570692,million,Synthesized Kosovo: Serbia IIASA POPULATION SSP growth indexed to Kosovo 2023 base
KOS,SSP5,2086,1.56393,million,Synthesized Kosovo: Serbia IIASA POPULATION SSP growth indexed to Kosovo 2023 base
KOS,SSP5,2087,1.557169,million,Synthesized Kosovo: Serbia IIASA POPULATION SSP growth indexed to Kosovo 2023 base
KOS,SSP5,2088,1.550407,million,Synthesized Kosovo: Serbia IIASA POPULATION SSP growth indexed to Kosovo 2023 base
KOS,SSP5,2089,1.543646,million,Synthesized Kosovo: Serbia IIASA POPULATION SSP growth indexed to Kosovo 2023 base
KOS,SSP5,2090,1.536884,million,Synthesized Kosovo: Serbia IIASA POPULATION SSP growth indexed to Kosovo 2023 base
KOS,SSP5,2091,1.529192,million,Synthesized Kosovo: Serbia IIASA POPULATION SSP growth indexed to Kosovo 2023 base
KOS,SSP5,2092,1.5215,million,Synthesized Kosovo: Serbia IIASA POPULATION SSP growth indexed to Kosovo 2023 base
KOS,SSP5,2093,1.513808,million,Synthesized Kosovo: Serbia IIASA POPULATION SSP growth indexed to Kosovo 2023 base
KOS,SSP5,2094,1.506115,million,Synthesized Kosovo: Serbia IIASA POPULATION SSP growth indexed to Kosovo 2023 base
KOS,SSP5,2095,1.498423,million,Synthesized Kosovo: Serbia IIASA POPULATION SSP growth indexed to Kosovo 2023 base
KOS,SSP5,2096,1.489599,million,Synthesized Kosovo: Serbia IIASA POPULATION SSP growth indexed to Kosovo 2023 base
KOS,SSP5,2097,1.480775,million,Synthesized Kosovo: Serbia IIASA POPULATION SSP growth indexed to Kosovo 2023 base
KOS,SSP5,2098,1.47195,million,Synthesized Kosovo: Serbia IIASA POPULATION SSP growth indexed to Kosovo 2023 base
KOS,SSP5,2099,1.463126,million,Synthesized Kosovo: Serbia IIASA POPULATION SSP growth indexed to Kosovo 2023 base
KOS,SSP5,2100,1.454302,million,Synthesized Kosovo: Serbia IIASA POPULATION SSP growth indexed to Kosovo 2023 base
