"Run ID","Scenario name","Model name","Variable name","unit","Flag Category","year","value","meta_Climate Assessment|Peak Warming|Median [MAGICCv7.5.3]","meta_Climate Assessment|Warming in 2100|Median [MAGICCv7.5.3]","meta_Climate Assessment|Year of Peak Warming|Median [MAGICCv7.5.3]","meta_Emissions Diagnostics|Cumulative CCS [2020-2100, Gt CO2]","meta_Emissions Diagnostics|Cumulative CO2 [2020-2100, Gt CO2]","meta_Climate Category|SCI 2025 [Tier I]","meta_Vetting|SCI 2025","meta_Feasibility Concern|Carbon Capture|World|2030","meta_Feasibility Concern|Carbon Capture|World|2035","meta_Feasibility Concern|Carbon Capture|World|2040","meta_Feasibility Concern|Hydropower Capacity|World|2030","meta_Feasibility Concern|Nuclear Capacity|World|2030","meta_Feasibility Concern|Onshore Wind Capacity|World|2030","meta_Feasibility Concern|Solar PV Capacity|World|2030","meta_Feasibility Concern|Wind Capacity|World|2030","meta_Sustainability Concern|Exceeding Prudent Limit For Geological Carbon Storage|World","meta_Sustainability Concern|Unsustainable Bioenergy Use|World","meta_Scenario Ensemble|AR6","meta_Climate Category|AR6 [ID]","meta_Climate Category|AR6 [Name]","meta_Legacy Mapping|AR6|Model Name","meta_Legacy Mapping|AR6|Scenario Name","meta_renewablesShare","meta_fossilShare","meta_biomassShare","meta_carbonRemoval","meta_eocWarming","meta_peakWarming","meta_Ensemble Weight|SCI 2025 [beta]","meta_Sustainability Concern|Food Availability|World","meta_gfaIncrease"
"122","ENGAGE-INDCi2100","GEM-E3 V2021","Final Energy","EJ/yr","[object Object]",2015,66.40197706966543,"3.146488459643782","3.146488459643782","2100","176.5527859284754","3201.1340929502444","GW7","failed","medium","ok","ok","medium","ok","ok","high","ok","ok","high","true","C7","C7: Below 4.0°C","GEM-E3_V2021","EN_INDCi2100","20.182747653732285","55.51830730544523","20.018138174693227","176.5527859284754","3.146488459643782","3.146488459643782",,,
"122","ENGAGE-INDCi2100","GEM-E3 V2021","Final Energy","EJ/yr","[object Object]",2020,66.9040749936135,"3.146488459643782","3.146488459643782","2100","176.5527859284754","3201.1340929502444","GW7","failed","medium","ok","ok","medium","ok","ok","high","ok","ok","high","true","C7","C7: Below 4.0°C","GEM-E3_V2021","EN_INDCi2100","20.182747653732285","55.51830730544523","20.018138174693227","176.5527859284754","3.146488459643782","3.146488459643782",,,
"122","ENGAGE-INDCi2100","GEM-E3 V2021","Final Energy","EJ/yr","[object Object]",2025,64.9440839085204,"3.146488459643782","3.146488459643782","2100","176.5527859284754","3201.1340929502444","GW7","failed","medium","ok","ok","medium","ok","ok","high","ok","ok","high","true","C7","C7: Below 4.0°C","GEM-E3_V2021","EN_INDCi2100","20.182747653732285","55.51830730544523","20.018138174693227","176.5527859284754","3.146488459643782","3.146488459643782",,,
"122","ENGAGE-INDCi2100","GEM-E3 V2021","Final Energy","EJ/yr","[object Object]",2030,62.92828713342243,"3.146488459643782","3.146488459643782","2100","176.5527859284754","3201.1340929502444","GW7","failed","medium","ok","ok","medium","ok","ok","high","ok","ok","high","true","C7","C7: Below 4.0°C","GEM-E3_V2021","EN_INDCi2100","20.182747653732285","55.51830730544523","20.018138174693227","176.5527859284754","3.146488459643782","3.146488459643782",,,
"122","ENGAGE-INDCi2100","GEM-E3 V2021","Final Energy","EJ/yr","[object Object]",2035,62.44416347337543,"3.146488459643782","3.146488459643782","2100","176.5527859284754","3201.1340929502444","GW7","failed","medium","ok","ok","medium","ok","ok","high","ok","ok","high","true","C7","C7: Below 4.0°C","GEM-E3_V2021","EN_INDCi2100","20.182747653732285","55.51830730544523","20.018138174693227","176.5527859284754","3.146488459643782","3.146488459643782",,,
"122","ENGAGE-INDCi2100","GEM-E3 V2021","Final Energy","EJ/yr","[object Object]",2040,62.16998372035382,"3.146488459643782","3.146488459643782","2100","176.5527859284754","3201.1340929502444","GW7","failed","medium","ok","ok","medium","ok","ok","high","ok","ok","high","true","C7","C7: Below 4.0°C","GEM-E3_V2021","EN_INDCi2100","20.182747653732285","55.51830730544523","20.018138174693227","176.5527859284754","3.146488459643782","3.146488459643782",,,
"122","ENGAGE-INDCi2100","GEM-E3 V2021","Final Energy","EJ/yr","[object Object]",2045,62.197728114419945,"3.146488459643782","3.146488459643782","2100","176.5527859284754","3201.1340929502444","GW7","failed","medium","ok","ok","medium","ok","ok","high","ok","ok","high","true","C7","C7: Below 4.0°C","GEM-E3_V2021","EN_INDCi2100","20.182747653732285","55.51830730544523","20.018138174693227","176.5527859284754","3.146488459643782","3.146488459643782",,,
"122","ENGAGE-INDCi2100","GEM-E3 V2021","Final Energy","EJ/yr","[object Object]",2050,63.19821161563249,"3.146488459643782","3.146488459643782","2100","176.5527859284754","3201.1340929502444","GW7","failed","medium","ok","ok","medium","ok","ok","high","ok","ok","high","true","C7","C7: Below 4.0°C","GEM-E3_V2021","EN_INDCi2100","20.182747653732285","55.51830730544523","20.018138174693227","176.5527859284754","3.146488459643782","3.146488459643782",,,
"122","ENGAGE-INDCi2100","GEM-E3 V2021","Final Energy","EJ/yr","[object Object]",2055,64.1473445889936,"3.146488459643782","3.146488459643782","2100","176.5527859284754","3201.1340929502444","GW7","failed","medium","ok","ok","medium","ok","ok","high","ok","ok","high","true","C7","C7: Below 4.0°C","GEM-E3_V2021","EN_INDCi2100","20.182747653732285","55.51830730544523","20.018138174693227","176.5527859284754","3.146488459643782","3.146488459643782",,,
"122","ENGAGE-INDCi2100","GEM-E3 V2021","Final Energy","EJ/yr","[object Object]",2060,65.52607286769168,"3.146488459643782","3.146488459643782","2100","176.5527859284754","3201.1340929502444","GW7","failed","medium","ok","ok","medium","ok","ok","high","ok","ok","high","true","C7","C7: Below 4.0°C","GEM-E3_V2021","EN_INDCi2100","20.182747653732285","55.51830730544523","20.018138174693227","176.5527859284754","3.146488459643782","3.146488459643782",,,
"122","ENGAGE-INDCi2100","GEM-E3 V2021","Final Energy","EJ/yr","[object Object]",2065,67.23548084471015,"3.146488459643782","3.146488459643782","2100","176.5527859284754","3201.1340929502444","GW7","failed","medium","ok","ok","medium","ok","ok","high","ok","ok","high","true","C7","C7: Below 4.0°C","GEM-E3_V2021","EN_INDCi2100","20.182747653732285","55.51830730544523","20.018138174693227","176.5527859284754","3.146488459643782","3.146488459643782",,,
"122","ENGAGE-INDCi2100","GEM-E3 V2021","Final Energy","EJ/yr","[object Object]",2070,69.07580977824249,"3.146488459643782","3.146488459643782","2100","176.5527859284754","3201.1340929502444","GW7","failed","medium","ok","ok","medium","ok","ok","high","ok","ok","high","true","C7","C7: Below 4.0°C","GEM-E3_V2021","EN_INDCi2100","20.182747653732285","55.51830730544523","20.018138174693227","176.5527859284754","3.146488459643782","3.146488459643782",,,
"122","ENGAGE-INDCi2100","GEM-E3 V2021","Final Energy","EJ/yr","[object Object]",2075,70.70634348230303,"3.146488459643782","3.146488459643782","2100","176.5527859284754","3201.1340929502444","GW7","failed","medium","ok","ok","medium","ok","ok","high","ok","ok","high","true","C7","C7: Below 4.0°C","GEM-E3_V2021","EN_INDCi2100","20.182747653732285","55.51830730544523","20.018138174693227","176.5527859284754","3.146488459643782","3.146488459643782",,,
"122","ENGAGE-INDCi2100","GEM-E3 V2021","Final Energy","EJ/yr","[object Object]",2080,72.14438470707174,"3.146488459643782","3.146488459643782","2100","176.5527859284754","3201.1340929502444","GW7","failed","medium","ok","ok","medium","ok","ok","high","ok","ok","high","true","C7","C7: Below 4.0°C","GEM-E3_V2021","EN_INDCi2100","20.182747653732285","55.51830730544523","20.018138174693227","176.5527859284754","3.146488459643782","3.146488459643782",,,
"122","ENGAGE-INDCi2100","GEM-E3 V2021","Final Energy","EJ/yr","[object Object]",2085,73.6356262113529,"3.146488459643782","3.146488459643782","2100","176.5527859284754","3201.1340929502444","GW7","failed","medium","ok","ok","medium","ok","ok","high","ok","ok","high","true","C7","C7: Below 4.0°C","GEM-E3_V2021","EN_INDCi2100","20.182747653732285","55.51830730544523","20.018138174693227","176.5527859284754","3.146488459643782","3.146488459643782",,,
"122","ENGAGE-INDCi2100","GEM-E3 V2021","Final Energy","EJ/yr","[object Object]",2090,75.21622780344728,"3.146488459643782","3.146488459643782","2100","176.5527859284754","3201.1340929502444","GW7","failed","medium","ok","ok","medium","ok","ok","high","ok","ok","high","true","C7","C7: Below 4.0°C","GEM-E3_V2021","EN_INDCi2100","20.182747653732285","55.51830730544523","20.018138174693227","176.5527859284754","3.146488459643782","3.146488459643782",,,
"122","ENGAGE-INDCi2100","GEM-E3 V2021","Final Energy","EJ/yr","[object Object]",2095,76.97786768321325,"3.146488459643782","3.146488459643782","2100","176.5527859284754","3201.1340929502444","GW7","failed","medium","ok","ok","medium","ok","ok","high","ok","ok","high","true","C7","C7: Below 4.0°C","GEM-E3_V2021","EN_INDCi2100","20.182747653732285","55.51830730544523","20.018138174693227","176.5527859284754","3.146488459643782","3.146488459643782",,,
"122","ENGAGE-INDCi2100","GEM-E3 V2021","Final Energy","EJ/yr","[object Object]",2100,78.793609454087,"3.146488459643782","3.146488459643782","2100","176.5527859284754","3201.1340929502444","GW7","failed","medium","ok","ok","medium","ok","ok","high","ok","ok","high","true","C7","C7: Below 4.0°C","GEM-E3_V2021","EN_INDCi2100","20.182747653732285","55.51830730544523","20.018138174693227","176.5527859284754","3.146488459643782","3.146488459643782",,,
"143","ENGAGE-NPi2100","GEM-E3 V2021","Final Energy","EJ/yr","[object Object]",2015,66.40197706966543,"3.41451081391942","3.41451081391942","2100","36.5932129830107","4028.1176806545905","GW7","failed","medium","ok","ok","ok","ok","ok","high","ok","ok","medium","true","C7","C7: Below 4.0°C","GEM-E3_V2021","EN_NPi2100","20.066189018464023","55.446375041586585","20.210329128772614","36.5932129830107","3.41451081391942","3.41451081391942",,,
"143","ENGAGE-NPi2100","GEM-E3 V2021","Final Energy","EJ/yr","[object Object]",2020,66.9040749936135,"3.41451081391942","3.41451081391942","2100","36.5932129830107","4028.1176806545905","GW7","failed","medium","ok","ok","ok","ok","ok","high","ok","ok","medium","true","C7","C7: Below 4.0°C","GEM-E3_V2021","EN_NPi2100","20.066189018464023","55.446375041586585","20.210329128772614","36.5932129830107","3.41451081391942","3.41451081391942",,,
"143","ENGAGE-NPi2100","GEM-E3 V2021","Final Energy","EJ/yr","[object Object]",2025,64.8219067905132,"3.41451081391942","3.41451081391942","2100","36.5932129830107","4028.1176806545905","GW7","failed","medium","ok","ok","ok","ok","ok","high","ok","ok","medium","true","C7","C7: Below 4.0°C","GEM-E3_V2021","EN_NPi2100","20.066189018464023","55.446375041586585","20.210329128772614","36.5932129830107","3.41451081391942","3.41451081391942",,,
"143","ENGAGE-NPi2100","GEM-E3 V2021","Final Energy","EJ/yr","[object Object]",2030,62.73803930960176,"3.41451081391942","3.41451081391942","2100","36.5932129830107","4028.1176806545905","GW7","failed","medium","ok","ok","ok","ok","ok","high","ok","ok","medium","true","C7","C7: Below 4.0°C","GEM-E3_V2021","EN_NPi2100","20.066189018464023","55.446375041586585","20.210329128772614","36.5932129830107","3.41451081391942","3.41451081391942",,,
"143","ENGAGE-NPi2100","GEM-E3 V2021","Final Energy","EJ/yr","[object Object]",2035,62.254068176649824,"3.41451081391942","3.41451081391942","2100","36.5932129830107","4028.1176806545905","GW7","failed","medium","ok","ok","ok","ok","ok","high","ok","ok","medium","true","C7","C7: Below 4.0°C","GEM-E3_V2021","EN_NPi2100","20.066189018464023","55.446375041586585","20.210329128772614","36.5932129830107","3.41451081391942","3.41451081391942",,,
"143","ENGAGE-NPi2100","GEM-E3 V2021","Final Energy","EJ/yr","[object Object]",2040,61.97438644466402,"3.41451081391942","3.41451081391942","2100","36.5932129830107","4028.1176806545905","GW7","failed","medium","ok","ok","ok","ok","ok","high","ok","ok","medium","true","C7","C7: Below 4.0°C","GEM-E3_V2021","EN_NPi2100","20.066189018464023","55.446375041586585","20.210329128772614","36.5932129830107","3.41451081391942","3.41451081391942",,,
"143","ENGAGE-NPi2100","GEM-E3 V2021","Final Energy","EJ/yr","[object Object]",2045,62.01052779416743,"3.41451081391942","3.41451081391942","2100","36.5932129830107","4028.1176806545905","GW7","failed","medium","ok","ok","ok","ok","ok","high","ok","ok","medium","true","C7","C7: Below 4.0°C","GEM-E3_V2021","EN_NPi2100","20.066189018464023","55.446375041586585","20.210329128772614","36.5932129830107","3.41451081391942","3.41451081391942",,,
"143","ENGAGE-NPi2100","GEM-E3 V2021","Final Energy","EJ/yr","[object Object]",2050,63.00683642803776,"3.41451081391942","3.41451081391942","2100","36.5932129830107","4028.1176806545905","GW7","failed","medium","ok","ok","ok","ok","ok","high","ok","ok","medium","true","C7","C7: Below 4.0°C","GEM-E3_V2021","EN_NPi2100","20.066189018464023","55.446375041586585","20.210329128772614","36.5932129830107","3.41451081391942","3.41451081391942",,,
"143","ENGAGE-NPi2100","GEM-E3 V2021","Final Energy","EJ/yr","[object Object]",2055,63.95385291169332,"3.41451081391942","3.41451081391942","2100","36.5932129830107","4028.1176806545905","GW7","failed","medium","ok","ok","ok","ok","ok","high","ok","ok","medium","true","C7","C7: Below 4.0°C","GEM-E3_V2021","EN_NPi2100","20.066189018464023","55.446375041586585","20.210329128772614","36.5932129830107","3.41451081391942","3.41451081391942",,,
"143","ENGAGE-NPi2100","GEM-E3 V2021","Final Energy","EJ/yr","[object Object]",2060,65.36836754137386,"3.41451081391942","3.41451081391942","2100","36.5932129830107","4028.1176806545905","GW7","failed","medium","ok","ok","ok","ok","ok","high","ok","ok","medium","true","C7","C7: Below 4.0°C","GEM-E3_V2021","EN_NPi2100","20.066189018464023","55.446375041586585","20.210329128772614","36.5932129830107","3.41451081391942","3.41451081391942",,,
"143","ENGAGE-NPi2100","GEM-E3 V2021","Final Energy","EJ/yr","[object Object]",2065,67.08096024757833,"3.41451081391942","3.41451081391942","2100","36.5932129830107","4028.1176806545905","GW7","failed","medium","ok","ok","ok","ok","ok","high","ok","ok","medium","true","C7","C7: Below 4.0°C","GEM-E3_V2021","EN_NPi2100","20.066189018464023","55.446375041586585","20.210329128772614","36.5932129830107","3.41451081391942","3.41451081391942",,,
"143","ENGAGE-NPi2100","GEM-E3 V2021","Final Energy","EJ/yr","[object Object]",2070,68.93794293362356,"3.41451081391942","3.41451081391942","2100","36.5932129830107","4028.1176806545905","GW7","failed","medium","ok","ok","ok","ok","ok","high","ok","ok","medium","true","C7","C7: Below 4.0°C","GEM-E3_V2021","EN_NPi2100","20.066189018464023","55.446375041586585","20.210329128772614","36.5932129830107","3.41451081391942","3.41451081391942",,,
"143","ENGAGE-NPi2100","GEM-E3 V2021","Final Energy","EJ/yr","[object Object]",2075,70.59036845013398,"3.41451081391942","3.41451081391942","2100","36.5932129830107","4028.1176806545905","GW7","failed","medium","ok","ok","ok","ok","ok","high","ok","ok","medium","true","C7","C7: Below 4.0°C","GEM-E3_V2021","EN_NPi2100","20.066189018464023","55.446375041586585","20.210329128772614","36.5932129830107","3.41451081391942","3.41451081391942",,,
"143","ENGAGE-NPi2100","GEM-E3 V2021","Final Energy","EJ/yr","[object Object]",2080,72.04283935211231,"3.41451081391942","3.41451081391942","2100","36.5932129830107","4028.1176806545905","GW7","failed","medium","ok","ok","ok","ok","ok","high","ok","ok","medium","true","C7","C7: Below 4.0°C","GEM-E3_V2021","EN_NPi2100","20.066189018464023","55.446375041586585","20.210329128772614","36.5932129830107","3.41451081391942","3.41451081391942",,,
"143","ENGAGE-NPi2100","GEM-E3 V2021","Final Energy","EJ/yr","[object Object]",2085,73.56919713124549,"3.41451081391942","3.41451081391942","2100","36.5932129830107","4028.1176806545905","GW7","failed","medium","ok","ok","ok","ok","ok","high","ok","ok","medium","true","C7","C7: Below 4.0°C","GEM-E3_V2021","EN_NPi2100","20.066189018464023","55.446375041586585","20.210329128772614","36.5932129830107","3.41451081391942","3.41451081391942",,,
"143","ENGAGE-NPi2100","GEM-E3 V2021","Final Energy","EJ/yr","[object Object]",2090,75.22916079518507,"3.41451081391942","3.41451081391942","2100","36.5932129830107","4028.1176806545905","GW7","failed","medium","ok","ok","ok","ok","ok","high","ok","ok","medium","true","C7","C7: Below 4.0°C","GEM-E3_V2021","EN_NPi2100","20.066189018464023","55.446375041586585","20.210329128772614","36.5932129830107","3.41451081391942","3.41451081391942",,,
"143","ENGAGE-NPi2100","GEM-E3 V2021","Final Energy","EJ/yr","[object Object]",2095,76.98120183975587,"3.41451081391942","3.41451081391942","2100","36.5932129830107","4028.1176806545905","GW7","failed","medium","ok","ok","ok","ok","ok","high","ok","ok","medium","true","C7","C7: Below 4.0°C","GEM-E3_V2021","EN_NPi2100","20.066189018464023","55.446375041586585","20.210329128772614","36.5932129830107","3.41451081391942","3.41451081391942",,,
"143","ENGAGE-NPi2100","GEM-E3 V2021","Final Energy","EJ/yr","[object Object]",2100,78.76518217524307,"3.41451081391942","3.41451081391942","2100","36.5932129830107","4028.1176806545905","GW7","failed","medium","ok","ok","ok","ok","ok","high","ok","ok","medium","true","C7","C7: Below 4.0°C","GEM-E3_V2021","EN_NPi2100","20.066189018464023","55.446375041586585","20.210329128772614","36.5932129830107","3.41451081391942","3.41451081391942",,,
"144","ENGAGE-NPi2100-COV","GEM-E3 V2021","Final Energy","EJ/yr","[object Object]",2015,66.40197706966543,"3.190422094627559","3.190422094627559","2100","33.82296845691874","3781.221181053836","GW7","failed","medium","ok","ok","ok","ok","ok","high","ok","ok","medium","true","C7","C7: Below 4.0°C","GEM-E3_V2021","EN_NPi2100_COV","19.73701497883186","55.693799781876265","20.346343605079877","33.82296845691874","3.190422094627559","3.190422094627559",,,
"144","ENGAGE-NPi2100-COV","GEM-E3 V2021","Final Energy","EJ/yr","[object Object]",2020,61.28465551646771,"3.190422094627559","3.190422094627559","2100","33.82296845691874","3781.221181053836","GW7","failed","medium","ok","ok","ok","ok","ok","high","ok","ok","medium","true","C7","C7: Below 4.0°C","GEM-E3_V2021","EN_NPi2100_COV","19.73701497883186","55.693799781876265","20.346343605079877","33.82296845691874","3.190422094627559","3.190422094627559",,,
"144","ENGAGE-NPi2100-COV","GEM-E3 V2021","Final Energy","EJ/yr","[object Object]",2025,62.69646302344894,"3.190422094627559","3.190422094627559","2100","33.82296845691874","3781.221181053836","GW7","failed","medium","ok","ok","ok","ok","ok","high","ok","ok","medium","true","C7","C7: Below 4.0°C","GEM-E3_V2021","EN_NPi2100_COV","19.73701497883186","55.693799781876265","20.346343605079877","33.82296845691874","3.190422094627559","3.190422094627559",,,
"144","ENGAGE-NPi2100-COV","GEM-E3 V2021","Final Energy","EJ/yr","[object Object]",2030,61.26462053857021,"3.190422094627559","3.190422094627559","2100","33.82296845691874","3781.221181053836","GW7","failed","medium","ok","ok","ok","ok","ok","high","ok","ok","medium","true","C7","C7: Below 4.0°C","GEM-E3_V2021","EN_NPi2100_COV","19.73701497883186","55.693799781876265","20.346343605079877","33.82296845691874","3.190422094627559","3.190422094627559",,,
"144","ENGAGE-NPi2100-COV","GEM-E3 V2021","Final Energy","EJ/yr","[object Object]",2035,60.57873123322138,"3.190422094627559","3.190422094627559","2100","33.82296845691874","3781.221181053836","GW7","failed","medium","ok","ok","ok","ok","ok","high","ok","ok","medium","true","C7","C7: Below 4.0°C","GEM-E3_V2021","EN_NPi2100_COV","19.73701497883186","55.693799781876265","20.346343605079877","33.82296845691874","3.190422094627559","3.190422094627559",,,
"144","ENGAGE-NPi2100-COV","GEM-E3 V2021","Final Energy","EJ/yr","[object Object]",2040,60.139402559804665,"3.190422094627559","3.190422094627559","2100","33.82296845691874","3781.221181053836","GW7","failed","medium","ok","ok","ok","ok","ok","high","ok","ok","medium","true","C7","C7: Below 4.0°C","GEM-E3_V2021","EN_NPi2100_COV","19.73701497883186","55.693799781876265","20.346343605079877","33.82296845691874","3.190422094627559","3.190422094627559",,,
"144","ENGAGE-NPi2100-COV","GEM-E3 V2021","Final Energy","EJ/yr","[object Object]",2045,59.97644550488141,"3.190422094627559","3.190422094627559","2100","33.82296845691874","3781.221181053836","GW7","failed","medium","ok","ok","ok","ok","ok","high","ok","ok","medium","true","C7","C7: Below 4.0°C","GEM-E3_V2021","EN_NPi2100_COV","19.73701497883186","55.693799781876265","20.346343605079877","33.82296845691874","3.190422094627559","3.190422094627559",,,
"144","ENGAGE-NPi2100-COV","GEM-E3 V2021","Final Energy","EJ/yr","[object Object]",2050,60.75447153926452,"3.190422094627559","3.190422094627559","2100","33.82296845691874","3781.221181053836","GW7","failed","medium","ok","ok","ok","ok","ok","high","ok","ok","medium","true","C7","C7: Below 4.0°C","GEM-E3_V2021","EN_NPi2100_COV","19.73701497883186","55.693799781876265","20.346343605079877","33.82296845691874","3.190422094627559","3.190422094627559",,,
"144","ENGAGE-NPi2100-COV","GEM-E3 V2021","Final Energy","EJ/yr","[object Object]",2055,61.5077626939956,"3.190422094627559","3.190422094627559","2100","33.82296845691874","3781.221181053836","GW7","failed","medium","ok","ok","ok","ok","ok","high","ok","ok","medium","true","C7","C7: Below 4.0°C","GEM-E3_V2021","EN_NPi2100_COV","19.73701497883186","55.693799781876265","20.346343605079877","33.82296845691874","3.190422094627559","3.190422094627559",,,
"144","ENGAGE-NPi2100-COV","GEM-E3 V2021","Final Energy","EJ/yr","[object Object]",2060,62.74041167690749,"3.190422094627559","3.190422094627559","2100","33.82296845691874","3781.221181053836","GW7","failed","medium","ok","ok","ok","ok","ok","high","ok","ok","medium","true","C7","C7: Below 4.0°C","GEM-E3_V2021","EN_NPi2100_COV","19.73701497883186","55.693799781876265","20.346343605079877","33.82296845691874","3.190422094627559","3.190422094627559",,,
"144","ENGAGE-NPi2100-COV","GEM-E3 V2021","Final Energy","EJ/yr","[object Object]",2065,64.27609491841267,"3.190422094627559","3.190422094627559","2100","33.82296845691874","3781.221181053836","GW7","failed","medium","ok","ok","ok","ok","ok","high","ok","ok","medium","true","C7","C7: Below 4.0°C","GEM-E3_V2021","EN_NPi2100_COV","19.73701497883186","55.693799781876265","20.346343605079877","33.82296845691874","3.190422094627559","3.190422094627559",,,
"144","ENGAGE-NPi2100-COV","GEM-E3 V2021","Final Energy","EJ/yr","[object Object]",2070,65.95613954888066,"3.190422094627559","3.190422094627559","2100","33.82296845691874","3781.221181053836","GW7","failed","medium","ok","ok","ok","ok","ok","high","ok","ok","medium","true","C7","C7: Below 4.0°C","GEM-E3_V2021","EN_NPi2100_COV","19.73701497883186","55.693799781876265","20.346343605079877","33.82296845691874","3.190422094627559","3.190422094627559",,,
"144","ENGAGE-NPi2100-COV","GEM-E3 V2021","Final Energy","EJ/yr","[object Object]",2075,67.39851342423985,"3.190422094627559","3.190422094627559","2100","33.82296845691874","3781.221181053836","GW7","failed","medium","ok","ok","ok","ok","ok","high","ok","ok","medium","true","C7","C7: Below 4.0°C","GEM-E3_V2021","EN_NPi2100_COV","19.73701497883186","55.693799781876265","20.346343605079877","33.82296845691874","3.190422094627559","3.190422094627559",,,
"144","ENGAGE-NPi2100-COV","GEM-E3 V2021","Final Energy","EJ/yr","[object Object]",2080,68.66939640943444,"3.190422094627559","3.190422094627559","2100","33.82296845691874","3781.221181053836","GW7","failed","medium","ok","ok","ok","ok","ok","high","ok","ok","medium","true","C7","C7: Below 4.0°C","GEM-E3_V2021","EN_NPi2100_COV","19.73701497883186","55.693799781876265","20.346343605079877","33.82296845691874","3.190422094627559","3.190422094627559",,,
"144","ENGAGE-NPi2100-COV","GEM-E3 V2021","Final Energy","EJ/yr","[object Object]",2085,70.0100747058108,"3.190422094627559","3.190422094627559","2100","33.82296845691874","3781.221181053836","GW7","failed","medium","ok","ok","ok","ok","ok","high","ok","ok","medium","true","C7","C7: Below 4.0°C","GEM-E3_V2021","EN_NPi2100_COV","19.73701497883186","55.693799781876265","20.346343605079877","33.82296845691874","3.190422094627559","3.190422094627559",,,
"144","ENGAGE-NPi2100-COV","GEM-E3 V2021","Final Energy","EJ/yr","[object Object]",2090,71.48212612817805,"3.190422094627559","3.190422094627559","2100","33.82296845691874","3781.221181053836","GW7","failed","medium","ok","ok","ok","ok","ok","high","ok","ok","medium","true","C7","C7: Below 4.0°C","GEM-E3_V2021","EN_NPi2100_COV","19.73701497883186","55.693799781876265","20.346343605079877","33.82296845691874","3.190422094627559","3.190422094627559",,,
"144","ENGAGE-NPi2100-COV","GEM-E3 V2021","Final Energy","EJ/yr","[object Object]",2095,73.04647037193561,"3.190422094627559","3.190422094627559","2100","33.82296845691874","3781.221181053836","GW7","failed","medium","ok","ok","ok","ok","ok","high","ok","ok","medium","true","C7","C7: Below 4.0°C","GEM-E3_V2021","EN_NPi2100_COV","19.73701497883186","55.693799781876265","20.346343605079877","33.82296845691874","3.190422094627559","3.190422094627559",,,
"144","ENGAGE-NPi2100-COV","GEM-E3 V2021","Final Energy","EJ/yr","[object Object]",2100,74.64492564067945,"3.190422094627559","3.190422094627559","2100","33.82296845691874","3781.221181053836","GW7","failed","medium","ok","ok","ok","ok","ok","high","ok","ok","medium","true","C7","C7: Below 4.0°C","GEM-E3_V2021","EN_NPi2100_COV","19.73701497883186","55.693799781876265","20.346343605079877","33.82296845691874","3.190422094627559","3.190422094627559",,,
"154","ENGAGE-INDCi2100","IMAGE 3.0","Final Energy","EJ/yr","[object Object]",2010,60.740067382812505,"3.055369325059648","3.055369325059648","2100","398.6093577993532","3475.4584490464194","GW7","ok","high","ok","ok","ok","medium","high","high","high","ok","medium","true","C7","C7: Below 4.0°C","IMAGE 3.0","EN_INDCi2100","15.62830746252876","78.6153650798114","5.776479726690511","398.6093577993532","3.055369325059648","3.055369325059648","0.003397749","ok","1.5577861687720684"
"154","ENGAGE-INDCi2100","IMAGE 3.0","Final Energy","EJ/yr","[object Object]",2015,60.88629052734375,"3.055369325059648","3.055369325059648","2100","398.6093577993532","3475.4584490464194","GW7","ok","high","ok","ok","ok","medium","high","high","high","ok","medium","true","C7","C7: Below 4.0°C","IMAGE 3.0","EN_INDCi2100","15.62830746252876","78.6153650798114","5.776479726690511","398.6093577993532","3.055369325059648","3.055369325059648","0.003397749","ok","1.5577861687720684"
"154","ENGAGE-INDCi2100","IMAGE 3.0","Final Energy","EJ/yr","[object Object]",2020,60.95461572265626,"3.055369325059648","3.055369325059648","2100","398.6093577993532","3475.4584490464194","GW7","ok","high","ok","ok","ok","medium","high","high","high","ok","medium","true","C7","C7: Below 4.0°C","IMAGE 3.0","EN_INDCi2100","15.62830746252876","78.6153650798114","5.776479726690511","398.6093577993532","3.055369325059648","3.055369325059648","0.003397749","ok","1.5577861687720684"
"154","ENGAGE-INDCi2100","IMAGE 3.0","Final Energy","EJ/yr","[object Object]",2025,57.62343115234376,"3.055369325059648","3.055369325059648","2100","398.6093577993532","3475.4584490464194","GW7","ok","high","ok","ok","ok","medium","high","high","high","ok","medium","true","C7","C7: Below 4.0°C","IMAGE 3.0","EN_INDCi2100","15.62830746252876","78.6153650798114","5.776479726690511","398.6093577993532","3.055369325059648","3.055369325059648","0.003397749","ok","1.5577861687720684"
"154","ENGAGE-INDCi2100","IMAGE 3.0","Final Energy","EJ/yr","[object Object]",2030,55.92271289062501,"3.055369325059648","3.055369325059648","2100","398.6093577993532","3475.4584490464194","GW7","ok","high","ok","ok","ok","medium","high","high","high","ok","medium","true","C7","C7: Below 4.0°C","IMAGE 3.0","EN_INDCi2100","15.62830746252876","78.6153650798114","5.776479726690511","398.6093577993532","3.055369325059648","3.055369325059648","0.003397749","ok","1.5577861687720684"
"154","ENGAGE-INDCi2100","IMAGE 3.0","Final Energy","EJ/yr","[object Object]",2035,56.741909179687504,"3.055369325059648","3.055369325059648","2100","398.6093577993532","3475.4584490464194","GW7","ok","high","ok","ok","ok","medium","high","high","high","ok","medium","true","C7","C7: Below 4.0°C","IMAGE 3.0","EN_INDCi2100","15.62830746252876","78.6153650798114","5.776479726690511","398.6093577993532","3.055369325059648","3.055369325059648","0.003397749","ok","1.5577861687720684"
"154","ENGAGE-INDCi2100","IMAGE 3.0","Final Energy","EJ/yr","[object Object]",2040,57.81124853515625,"3.055369325059648","3.055369325059648","2100","398.6093577993532","3475.4584490464194","GW7","ok","high","ok","ok","ok","medium","high","high","high","ok","medium","true","C7","C7: Below 4.0°C","IMAGE 3.0","EN_INDCi2100","15.62830746252876","78.6153650798114","5.776479726690511","398.6093577993532","3.055369325059648","3.055369325059648","0.003397749","ok","1.5577861687720684"
"154","ENGAGE-INDCi2100","IMAGE 3.0","Final Energy","EJ/yr","[object Object]",2045,58.65927734375,"3.055369325059648","3.055369325059648","2100","398.6093577993532","3475.4584490464194","GW7","ok","high","ok","ok","ok","medium","high","high","high","ok","medium","true","C7","C7: Below 4.0°C","IMAGE 3.0","EN_INDCi2100","15.62830746252876","78.6153650798114","5.776479726690511","398.6093577993532","3.055369325059648","3.055369325059648","0.003397749","ok","1.5577861687720684"
"154","ENGAGE-INDCi2100","IMAGE 3.0","Final Energy","EJ/yr","[object Object]",2050,59.445603515625,"3.055369325059648","3.055369325059648","2100","398.6093577993532","3475.4584490464194","GW7","ok","high","ok","ok","ok","medium","high","high","high","ok","medium","true","C7","C7: Below 4.0°C","IMAGE 3.0","EN_INDCi2100","15.62830746252876","78.6153650798114","5.776479726690511","398.6093577993532","3.055369325059648","3.055369325059648","0.003397749","ok","1.5577861687720684"
"154","ENGAGE-INDCi2100","IMAGE 3.0","Final Energy","EJ/yr","[object Object]",2060,60.24787890625,"3.055369325059648","3.055369325059648","2100","398.6093577993532","3475.4584490464194","GW7","ok","high","ok","ok","ok","medium","high","high","high","ok","medium","true","C7","C7: Below 4.0°C","IMAGE 3.0","EN_INDCi2100","15.62830746252876","78.6153650798114","5.776479726690511","398.6093577993532","3.055369325059648","3.055369325059648","0.003397749","ok","1.5577861687720684"
"154","ENGAGE-INDCi2100","IMAGE 3.0","Final Energy","EJ/yr","[object Object]",2070,60.42943408203125,"3.055369325059648","3.055369325059648","2100","398.6093577993532","3475.4584490464194","GW7","ok","high","ok","ok","ok","medium","high","high","high","ok","medium","true","C7","C7: Below 4.0°C","IMAGE 3.0","EN_INDCi2100","15.62830746252876","78.6153650798114","5.776479726690511","398.6093577993532","3.055369325059648","3.055369325059648","0.003397749","ok","1.5577861687720684"
"154","ENGAGE-INDCi2100","IMAGE 3.0","Final Energy","EJ/yr","[object Object]",2080,60.47108544921875,"3.055369325059648","3.055369325059648","2100","398.6093577993532","3475.4584490464194","GW7","ok","high","ok","ok","ok","medium","high","high","high","ok","medium","true","C7","C7: Below 4.0°C","IMAGE 3.0","EN_INDCi2100","15.62830746252876","78.6153650798114","5.776479726690511","398.6093577993532","3.055369325059648","3.055369325059648","0.003397749","ok","1.5577861687720684"
"154","ENGAGE-INDCi2100","IMAGE 3.0","Final Energy","EJ/yr","[object Object]",2090,60.337060546875,"3.055369325059648","3.055369325059648","2100","398.6093577993532","3475.4584490464194","GW7","ok","high","ok","ok","ok","medium","high","high","high","ok","medium","true","C7","C7: Below 4.0°C","IMAGE 3.0","EN_INDCi2100","15.62830746252876","78.6153650798114","5.776479726690511","398.6093577993532","3.055369325059648","3.055369325059648","0.003397749","ok","1.5577861687720684"
"154","ENGAGE-INDCi2100","IMAGE 3.0","Final Energy","EJ/yr","[object Object]",2100,60.01308203125,"3.055369325059648","3.055369325059648","2100","398.6093577993532","3475.4584490464194","GW7","ok","high","ok","ok","ok","medium","high","high","high","ok","medium","true","C7","C7: Below 4.0°C","IMAGE 3.0","EN_INDCi2100","15.62830746252876","78.6153650798114","5.776479726690511","398.6093577993532","3.055369325059648","3.055369325059648","0.003397749","ok","1.5577861687720684"
"329","ENGAGE-NPi2100","MESSAGEix-GLOBIOM 1.1","Final Energy","EJ/yr","[object Object]",2010,55.954704593524994,"3.307584902480477","3.307584902480477","2100","2.292746037931618","4551.268074306322","GW7","ok","medium","ok","ok","ok","ok","high","medium","high","ok","ok","true","C7","C7: Below 4.0°C","MESSAGEix-GLOBIOM_1.1","EN_NPi2100","12.681578656731658","81.24541439983827","5.437144177645541","2.292746037931618","3.307584902480477","3.307584902480477","0.003443987","ok","0.5351989722892512"
"329","ENGAGE-NPi2100","MESSAGEix-GLOBIOM 1.1","Final Energy","EJ/yr","[object Object]",2015,52.86520350711708,"3.307584902480477","3.307584902480477","2100","2.292746037931618","4551.268074306322","GW7","ok","medium","ok","ok","ok","ok","high","medium","high","ok","ok","true","C7","C7: Below 4.0°C","MESSAGEix-GLOBIOM_1.1","EN_NPi2100","12.681578656731658","81.24541439983827","5.437144177645541","2.292746037931618","3.307584902480477","3.307584902480477","0.003443987","ok","0.5351989722892512"
"329","ENGAGE-NPi2100","MESSAGEix-GLOBIOM 1.1","Final Energy","EJ/yr","[object Object]",2020,54.8374406613799,"3.307584902480477","3.307584902480477","2100","2.292746037931618","4551.268074306322","GW7","ok","medium","ok","ok","ok","ok","high","medium","high","ok","ok","true","C7","C7: Below 4.0°C","MESSAGEix-GLOBIOM_1.1","EN_NPi2100","12.681578656731658","81.24541439983827","5.437144177645541","2.292746037931618","3.307584902480477","3.307584902480477","0.003443987","ok","0.5351989722892512"
"329","ENGAGE-NPi2100","MESSAGEix-GLOBIOM 1.1","Final Energy","EJ/yr","[object Object]",2025,59.43424330824014,"3.307584902480477","3.307584902480477","2100","2.292746037931618","4551.268074306322","GW7","ok","medium","ok","ok","ok","ok","high","medium","high","ok","ok","true","C7","C7: Below 4.0°C","MESSAGEix-GLOBIOM_1.1","EN_NPi2100","12.681578656731658","81.24541439983827","5.437144177645541","2.292746037931618","3.307584902480477","3.307584902480477","0.003443987","ok","0.5351989722892512"
"329","ENGAGE-NPi2100","MESSAGEix-GLOBIOM 1.1","Final Energy","EJ/yr","[object Object]",2030,62.4814124888412,"3.307584902480477","3.307584902480477","2100","2.292746037931618","4551.268074306322","GW7","ok","medium","ok","ok","ok","ok","high","medium","high","ok","ok","true","C7","C7: Below 4.0°C","MESSAGEix-GLOBIOM_1.1","EN_NPi2100","12.681578656731658","81.24541439983827","5.437144177645541","2.292746037931618","3.307584902480477","3.307584902480477","0.003443987","ok","0.5351989722892512"
"329","ENGAGE-NPi2100","MESSAGEix-GLOBIOM 1.1","Final Energy","EJ/yr","[object Object]",2035,64.19251565322736,"3.307584902480477","3.307584902480477","2100","2.292746037931618","4551.268074306322","GW7","ok","medium","ok","ok","ok","ok","high","medium","high","ok","ok","true","C7","C7: Below 4.0°C","MESSAGEix-GLOBIOM_1.1","EN_NPi2100","12.681578656731658","81.24541439983827","5.437144177645541","2.292746037931618","3.307584902480477","3.307584902480477","0.003443987","ok","0.5351989722892512"
"329","ENGAGE-NPi2100","MESSAGEix-GLOBIOM 1.1","Final Energy","EJ/yr","[object Object]",2040,65.92812911802199,"3.307584902480477","3.307584902480477","2100","2.292746037931618","4551.268074306322","GW7","ok","medium","ok","ok","ok","ok","high","medium","high","ok","ok","true","C7","C7: Below 4.0°C","MESSAGEix-GLOBIOM_1.1","EN_NPi2100","12.681578656731658","81.24541439983827","5.437144177645541","2.292746037931618","3.307584902480477","3.307584902480477","0.003443987","ok","0.5351989722892512"
"329","ENGAGE-NPi2100","MESSAGEix-GLOBIOM 1.1","Final Energy","EJ/yr","[object Object]",2045,68.46869487471712,"3.307584902480477","3.307584902480477","2100","2.292746037931618","4551.268074306322","GW7","ok","medium","ok","ok","ok","ok","high","medium","high","ok","ok","true","C7","C7: Below 4.0°C","MESSAGEix-GLOBIOM_1.1","EN_NPi2100","12.681578656731658","81.24541439983827","5.437144177645541","2.292746037931618","3.307584902480477","3.307584902480477","0.003443987","ok","0.5351989722892512"
"329","ENGAGE-NPi2100","MESSAGEix-GLOBIOM 1.1","Final Energy","EJ/yr","[object Object]",2050,70.36366905129066,"3.307584902480477","3.307584902480477","2100","2.292746037931618","4551.268074306322","GW7","ok","medium","ok","ok","ok","ok","high","medium","high","ok","ok","true","C7","C7: Below 4.0°C","MESSAGEix-GLOBIOM_1.1","EN_NPi2100","12.681578656731658","81.24541439983827","5.437144177645541","2.292746037931618","3.307584902480477","3.307584902480477","0.003443987","ok","0.5351989722892512"
"329","ENGAGE-NPi2100","MESSAGEix-GLOBIOM 1.1","Final Energy","EJ/yr","[object Object]",2055,71.97701447274035,"3.307584902480477","3.307584902480477","2100","2.292746037931618","4551.268074306322","GW7","ok","medium","ok","ok","ok","ok","high","medium","high","ok","ok","true","C7","C7: Below 4.0°C","MESSAGEix-GLOBIOM_1.1","EN_NPi2100","12.681578656731658","81.24541439983827","5.437144177645541","2.292746037931618","3.307584902480477","3.307584902480477","0.003443987","ok","0.5351989722892512"
"329","ENGAGE-NPi2100","MESSAGEix-GLOBIOM 1.1","Final Energy","EJ/yr","[object Object]",2060,72.36855350783375,"3.307584902480477","3.307584902480477","2100","2.292746037931618","4551.268074306322","GW7","ok","medium","ok","ok","ok","ok","high","medium","high","ok","ok","true","C7","C7: Below 4.0°C","MESSAGEix-GLOBIOM_1.1","EN_NPi2100","12.681578656731658","81.24541439983827","5.437144177645541","2.292746037931618","3.307584902480477","3.307584902480477","0.003443987","ok","0.5351989722892512"
"329","ENGAGE-NPi2100","MESSAGEix-GLOBIOM 1.1","Final Energy","EJ/yr","[object Object]",2070,72.05271463309288,"3.307584902480477","3.307584902480477","2100","2.292746037931618","4551.268074306322","GW7","ok","medium","ok","ok","ok","ok","high","medium","high","ok","ok","true","C7","C7: Below 4.0°C","MESSAGEix-GLOBIOM_1.1","EN_NPi2100","12.681578656731658","81.24541439983827","5.437144177645541","2.292746037931618","3.307584902480477","3.307584902480477","0.003443987","ok","0.5351989722892512"
"329","ENGAGE-NPi2100","MESSAGEix-GLOBIOM 1.1","Final Energy","EJ/yr","[object Object]",2080,76.54424283667556,"3.307584902480477","3.307584902480477","2100","2.292746037931618","4551.268074306322","GW7","ok","medium","ok","ok","ok","ok","high","medium","high","ok","ok","true","C7","C7: Below 4.0°C","MESSAGEix-GLOBIOM_1.1","EN_NPi2100","12.681578656731658","81.24541439983827","5.437144177645541","2.292746037931618","3.307584902480477","3.307584902480477","0.003443987","ok","0.5351989722892512"
"329","ENGAGE-NPi2100","MESSAGEix-GLOBIOM 1.1","Final Energy","EJ/yr","[object Object]",2090,81.45183400350655,"3.307584902480477","3.307584902480477","2100","2.292746037931618","4551.268074306322","GW7","ok","medium","ok","ok","ok","ok","high","medium","high","ok","ok","true","C7","C7: Below 4.0°C","MESSAGEix-GLOBIOM_1.1","EN_NPi2100","12.681578656731658","81.24541439983827","5.437144177645541","2.292746037931618","3.307584902480477","3.307584902480477","0.003443987","ok","0.5351989722892512"
"329","ENGAGE-NPi2100","MESSAGEix-GLOBIOM 1.1","Final Energy","EJ/yr","[object Object]",2100,86.92551757374918,"3.307584902480477","3.307584902480477","2100","2.292746037931618","4551.268074306322","GW7","ok","medium","ok","ok","ok","ok","high","medium","high","ok","ok","true","C7","C7: Below 4.0°C","MESSAGEix-GLOBIOM_1.1","EN_NPi2100","12.681578656731658","81.24541439983827","5.437144177645541","2.292746037931618","3.307584902480477","3.307584902480477","0.003443987","ok","0.5351989722892512"
"330","ENGAGE-NPi2100-COV","MESSAGEix-GLOBIOM 1.1","Final Energy","EJ/yr","[object Object]",2010,55.954704593524994,"3.232916064506024","3.232916064506024","2100","2.0778277551358255","4387.71383706758","GW7","failed","medium","ok","ok","ok","ok","high","medium","high","ok","ok","true","C7","C7: Below 4.0°C","MESSAGEix-GLOBIOM_1.1","EN_NPi2100_COV","12.395471234533465","81.74018425645876","5.25032935082571","2.0778277551358255","3.232916064506024","3.232916064506024",,"ok","0.5102694122975606"
"330","ENGAGE-NPi2100-COV","MESSAGEix-GLOBIOM 1.1","Final Energy","EJ/yr","[object Object]",2015,52.86520350711708,"3.232916064506024","3.232916064506024","2100","2.0778277551358255","4387.71383706758","GW7","failed","medium","ok","ok","ok","ok","high","medium","high","ok","ok","true","C7","C7: Below 4.0°C","MESSAGEix-GLOBIOM_1.1","EN_NPi2100_COV","12.395471234533465","81.74018425645876","5.25032935082571","2.0778277551358255","3.232916064506024","3.232916064506024",,"ok","0.5102694122975606"
"330","ENGAGE-NPi2100-COV","MESSAGEix-GLOBIOM 1.1","Final Energy","EJ/yr","[object Object]",2020,56.9940426928224,"3.232916064506024","3.232916064506024","2100","2.0778277551358255","4387.71383706758","GW7","failed","medium","ok","ok","ok","ok","high","medium","high","ok","ok","true","C7","C7: Below 4.0°C","MESSAGEix-GLOBIOM_1.1","EN_NPi2100_COV","12.395471234533465","81.74018425645876","5.25032935082571","2.0778277551358255","3.232916064506024","3.232916064506024",,"ok","0.5102694122975606"
"330","ENGAGE-NPi2100-COV","MESSAGEix-GLOBIOM 1.1","Final Energy","EJ/yr","[object Object]",2025,60.26848922994628,"3.232916064506024","3.232916064506024","2100","2.0778277551358255","4387.71383706758","GW7","failed","medium","ok","ok","ok","ok","high","medium","high","ok","ok","true","C7","C7: Below 4.0°C","MESSAGEix-GLOBIOM_1.1","EN_NPi2100_COV","12.395471234533465","81.74018425645876","5.25032935082571","2.0778277551358255","3.232916064506024","3.232916064506024",,"ok","0.5102694122975606"
"330","ENGAGE-NPi2100-COV","MESSAGEix-GLOBIOM 1.1","Final Energy","EJ/yr","[object Object]",2030,64.30027694587353,"3.232916064506024","3.232916064506024","2100","2.0778277551358255","4387.71383706758","GW7","failed","medium","ok","ok","ok","ok","high","medium","high","ok","ok","true","C7","C7: Below 4.0°C","MESSAGEix-GLOBIOM_1.1","EN_NPi2100_COV","12.395471234533465","81.74018425645876","5.25032935082571","2.0778277551358255","3.232916064506024","3.232916064506024",,"ok","0.5102694122975606"
"330","ENGAGE-NPi2100-COV","MESSAGEix-GLOBIOM 1.1","Final Energy","EJ/yr","[object Object]",2035,66.32585110440884,"3.232916064506024","3.232916064506024","2100","2.0778277551358255","4387.71383706758","GW7","failed","medium","ok","ok","ok","ok","high","medium","high","ok","ok","true","C7","C7: Below 4.0°C","MESSAGEix-GLOBIOM_1.1","EN_NPi2100_COV","12.395471234533465","81.74018425645876","5.25032935082571","2.0778277551358255","3.232916064506024","3.232916064506024",,"ok","0.5102694122975606"
"330","ENGAGE-NPi2100-COV","MESSAGEix-GLOBIOM 1.1","Final Energy","EJ/yr","[object Object]",2040,68.53621311536325,"3.232916064506024","3.232916064506024","2100","2.0778277551358255","4387.71383706758","GW7","failed","medium","ok","ok","ok","ok","high","medium","high","ok","ok","true","C7","C7: Below 4.0°C","MESSAGEix-GLOBIOM_1.1","EN_NPi2100_COV","12.395471234533465","81.74018425645876","5.25032935082571","2.0778277551358255","3.232916064506024","3.232916064506024",,"ok","0.5102694122975606"
"330","ENGAGE-NPi2100-COV","MESSAGEix-GLOBIOM 1.1","Final Energy","EJ/yr","[object Object]",2045,71.33022012283934,"3.232916064506024","3.232916064506024","2100","2.0778277551358255","4387.71383706758","GW7","failed","medium","ok","ok","ok","ok","high","medium","high","ok","ok","true","C7","C7: Below 4.0°C","MESSAGEix-GLOBIOM_1.1","EN_NPi2100_COV","12.395471234533465","81.74018425645876","5.25032935082571","2.0778277551358255","3.232916064506024","3.232916064506024",,"ok","0.5102694122975606"
"330","ENGAGE-NPi2100-COV","MESSAGEix-GLOBIOM 1.1","Final Energy","EJ/yr","[object Object]",2050,73.63535328984241,"3.232916064506024","3.232916064506024","2100","2.0778277551358255","4387.71383706758","GW7","failed","medium","ok","ok","ok","ok","high","medium","high","ok","ok","true","C7","C7: Below 4.0°C","MESSAGEix-GLOBIOM_1.1","EN_NPi2100_COV","12.395471234533465","81.74018425645876","5.25032935082571","2.0778277551358255","3.232916064506024","3.232916064506024",,"ok","0.5102694122975606"
"330","ENGAGE-NPi2100-COV","MESSAGEix-GLOBIOM 1.1","Final Energy","EJ/yr","[object Object]",2055,75.18510271389445,"3.232916064506024","3.232916064506024","2100","2.0778277551358255","4387.71383706758","GW7","failed","medium","ok","ok","ok","ok","high","medium","high","ok","ok","true","C7","C7: Below 4.0°C","MESSAGEix-GLOBIOM_1.1","EN_NPi2100_COV","12.395471234533465","81.74018425645876","5.25032935082571","2.0778277551358255","3.232916064506024","3.232916064506024",,"ok","0.5102694122975606"
"330","ENGAGE-NPi2100-COV","MESSAGEix-GLOBIOM 1.1","Final Energy","EJ/yr","[object Object]",2060,75.21324721889802,"3.232916064506024","3.232916064506024","2100","2.0778277551358255","4387.71383706758","GW7","failed","medium","ok","ok","ok","ok","high","medium","high","ok","ok","true","C7","C7: Below 4.0°C","MESSAGEix-GLOBIOM_1.1","EN_NPi2100_COV","12.395471234533465","81.74018425645876","5.25032935082571","2.0778277551358255","3.232916064506024","3.232916064506024",,"ok","0.5102694122975606"
"330","ENGAGE-NPi2100-COV","MESSAGEix-GLOBIOM 1.1","Final Energy","EJ/yr","[object Object]",2070,77.5130242557009,"3.232916064506024","3.232916064506024","2100","2.0778277551358255","4387.71383706758","GW7","failed","medium","ok","ok","ok","ok","high","medium","high","ok","ok","true","C7","C7: Below 4.0°C","MESSAGEix-GLOBIOM_1.1","EN_NPi2100_COV","12.395471234533465","81.74018425645876","5.25032935082571","2.0778277551358255","3.232916064506024","3.232916064506024",,"ok","0.5102694122975606"
"330","ENGAGE-NPi2100-COV","MESSAGEix-GLOBIOM 1.1","Final Energy","EJ/yr","[object Object]",2080,83.85816073510709,"3.232916064506024","3.232916064506024","2100","2.0778277551358255","4387.71383706758","GW7","failed","medium","ok","ok","ok","ok","high","medium","high","ok","ok","true","C7","C7: Below 4.0°C","MESSAGEix-GLOBIOM_1.1","EN_NPi2100_COV","12.395471234533465","81.74018425645876","5.25032935082571","2.0778277551358255","3.232916064506024","3.232916064506024",,"ok","0.5102694122975606"
"330","ENGAGE-NPi2100-COV","MESSAGEix-GLOBIOM 1.1","Final Energy","EJ/yr","[object Object]",2090,89.91891122908656,"3.232916064506024","3.232916064506024","2100","2.0778277551358255","4387.71383706758","GW7","failed","medium","ok","ok","ok","ok","high","medium","high","ok","ok","true","C7","C7: Below 4.0°C","MESSAGEix-GLOBIOM_1.1","EN_NPi2100_COV","12.395471234533465","81.74018425645876","5.25032935082571","2.0778277551358255","3.232916064506024","3.232916064506024",,"ok","0.5102694122975606"
"330","ENGAGE-NPi2100-COV","MESSAGEix-GLOBIOM 1.1","Final Energy","EJ/yr","[object Object]",2100,94.22886787167032,"3.232916064506024","3.232916064506024","2100","2.0778277551358255","4387.71383706758","GW7","failed","medium","ok","ok","ok","ok","high","medium","high","ok","ok","true","C7","C7: Below 4.0°C","MESSAGEix-GLOBIOM_1.1","EN_NPi2100_COV","12.395471234533465","81.74018425645876","5.25032935082571","2.0778277551358255","3.232916064506024","3.232916064506024",,"ok","0.5102694122975606"
"365","ENGAGE-INDCi2100","POLES-JRC ENGAGE","Final Energy","EJ/yr","[object Object]",2010,57.191402435302734,"3.098446777004462","3.098446777004462","2100","150.6355920222894","3291.299416015625","GW7","ok","medium","ok","ok","medium","ok","ok","medium","ok","ok","ok","true","C7","C7: Below 4.0°C","POLES ENGAGE","EN_INDCi2100","26.626412339828597","62.1027208142991","7.985557271338539","150.6355920222894","3.098446777004462","3.098446777004462","0.002129348","ok","2.8876249289326665"
"365","ENGAGE-INDCi2100","POLES-JRC ENGAGE","Final Energy","EJ/yr","[object Object]",2015,53.86071395874024,"3.098446777004462","3.098446777004462","2100","150.6355920222894","3291.299416015625","GW7","ok","medium","ok","ok","medium","ok","ok","medium","ok","ok","ok","true","C7","C7: Below 4.0°C","POLES ENGAGE","EN_INDCi2100","26.626412339828597","62.1027208142991","7.985557271338539","150.6355920222894","3.098446777004462","3.098446777004462","0.002129348","ok","2.8876249289326665"
"365","ENGAGE-INDCi2100","POLES-JRC ENGAGE","Final Energy","EJ/yr","[object Object]",2020,56.49890899658203,"3.098446777004462","3.098446777004462","2100","150.6355920222894","3291.299416015625","GW7","ok","medium","ok","ok","medium","ok","ok","medium","ok","ok","ok","true","C7","C7: Below 4.0°C","POLES ENGAGE","EN_INDCi2100","26.626412339828597","62.1027208142991","7.985557271338539","150.6355920222894","3.098446777004462","3.098446777004462","0.002129348","ok","2.8876249289326665"
"365","ENGAGE-INDCi2100","POLES-JRC ENGAGE","Final Energy","EJ/yr","[object Object]",2025,54.11690139770508,"3.098446777004462","3.098446777004462","2100","150.6355920222894","3291.299416015625","GW7","ok","medium","ok","ok","medium","ok","ok","medium","ok","ok","ok","true","C7","C7: Below 4.0°C","POLES ENGAGE","EN_INDCi2100","26.626412339828597","62.1027208142991","7.985557271338539","150.6355920222894","3.098446777004462","3.098446777004462","0.002129348","ok","2.8876249289326665"
"365","ENGAGE-INDCi2100","POLES-JRC ENGAGE","Final Energy","EJ/yr","[object Object]",2030,50.25806427001953,"3.098446777004462","3.098446777004462","2100","150.6355920222894","3291.299416015625","GW7","ok","medium","ok","ok","medium","ok","ok","medium","ok","ok","ok","true","C7","C7: Below 4.0°C","POLES ENGAGE","EN_INDCi2100","26.626412339828597","62.1027208142991","7.985557271338539","150.6355920222894","3.098446777004462","3.098446777004462","0.002129348","ok","2.8876249289326665"
"365","ENGAGE-INDCi2100","POLES-JRC ENGAGE","Final Energy","EJ/yr","[object Object]",2035,47.74565887451172,"3.098446777004462","3.098446777004462","2100","150.6355920222894","3291.299416015625","GW7","ok","medium","ok","ok","medium","ok","ok","medium","ok","ok","ok","true","C7","C7: Below 4.0°C","POLES ENGAGE","EN_INDCi2100","26.626412339828597","62.1027208142991","7.985557271338539","150.6355920222894","3.098446777004462","3.098446777004462","0.002129348","ok","2.8876249289326665"
"365","ENGAGE-INDCi2100","POLES-JRC ENGAGE","Final Energy","EJ/yr","[object Object]",2040,45.85507583618164,"3.098446777004462","3.098446777004462","2100","150.6355920222894","3291.299416015625","GW7","ok","medium","ok","ok","medium","ok","ok","medium","ok","ok","ok","true","C7","C7: Below 4.0°C","POLES ENGAGE","EN_INDCi2100","26.626412339828597","62.1027208142991","7.985557271338539","150.6355920222894","3.098446777004462","3.098446777004462","0.002129348","ok","2.8876249289326665"
"365","ENGAGE-INDCi2100","POLES-JRC ENGAGE","Final Energy","EJ/yr","[object Object]",2045,44.896820068359375,"3.098446777004462","3.098446777004462","2100","150.6355920222894","3291.299416015625","GW7","ok","medium","ok","ok","medium","ok","ok","medium","ok","ok","ok","true","C7","C7: Below 4.0°C","POLES ENGAGE","EN_INDCi2100","26.626412339828597","62.1027208142991","7.985557271338539","150.6355920222894","3.098446777004462","3.098446777004462","0.002129348","ok","2.8876249289326665"
"365","ENGAGE-INDCi2100","POLES-JRC ENGAGE","Final Energy","EJ/yr","[object Object]",2050,44.2760009765625,"3.098446777004462","3.098446777004462","2100","150.6355920222894","3291.299416015625","GW7","ok","medium","ok","ok","medium","ok","ok","medium","ok","ok","ok","true","C7","C7: Below 4.0°C","POLES ENGAGE","EN_INDCi2100","26.626412339828597","62.1027208142991","7.985557271338539","150.6355920222894","3.098446777004462","3.098446777004462","0.002129348","ok","2.8876249289326665"
"365","ENGAGE-INDCi2100","POLES-JRC ENGAGE","Final Energy","EJ/yr","[object Object]",2060,43.71035385131836,"3.098446777004462","3.098446777004462","2100","150.6355920222894","3291.299416015625","GW7","ok","medium","ok","ok","medium","ok","ok","medium","ok","ok","ok","true","C7","C7: Below 4.0°C","POLES ENGAGE","EN_INDCi2100","26.626412339828597","62.1027208142991","7.985557271338539","150.6355920222894","3.098446777004462","3.098446777004462","0.002129348","ok","2.8876249289326665"
"365","ENGAGE-INDCi2100","POLES-JRC ENGAGE","Final Energy","EJ/yr","[object Object]",2070,43.20235443115234,"3.098446777004462","3.098446777004462","2100","150.6355920222894","3291.299416015625","GW7","ok","medium","ok","ok","medium","ok","ok","medium","ok","ok","ok","true","C7","C7: Below 4.0°C","POLES ENGAGE","EN_INDCi2100","26.626412339828597","62.1027208142991","7.985557271338539","150.6355920222894","3.098446777004462","3.098446777004462","0.002129348","ok","2.8876249289326665"
"365","ENGAGE-INDCi2100","POLES-JRC ENGAGE","Final Energy","EJ/yr","[object Object]",2080,42.64613723754883,"3.098446777004462","3.098446777004462","2100","150.6355920222894","3291.299416015625","GW7","ok","medium","ok","ok","medium","ok","ok","medium","ok","ok","ok","true","C7","C7: Below 4.0°C","POLES ENGAGE","EN_INDCi2100","26.626412339828597","62.1027208142991","7.985557271338539","150.6355920222894","3.098446777004462","3.098446777004462","0.002129348","ok","2.8876249289326665"
"365","ENGAGE-INDCi2100","POLES-JRC ENGAGE","Final Energy","EJ/yr","[object Object]",2090,42.2690544128418,"3.098446777004462","3.098446777004462","2100","150.6355920222894","3291.299416015625","GW7","ok","medium","ok","ok","medium","ok","ok","medium","ok","ok","ok","true","C7","C7: Below 4.0°C","POLES ENGAGE","EN_INDCi2100","26.626412339828597","62.1027208142991","7.985557271338539","150.6355920222894","3.098446777004462","3.098446777004462","0.002129348","ok","2.8876249289326665"
"365","ENGAGE-INDCi2100","POLES-JRC ENGAGE","Final Energy","EJ/yr","[object Object]",2100,41.76701354980469,"3.098446777004462","3.098446777004462","2100","150.6355920222894","3291.299416015625","GW7","ok","medium","ok","ok","medium","ok","ok","medium","ok","ok","ok","true","C7","C7: Below 4.0°C","POLES ENGAGE","EN_INDCi2100","26.626412339828597","62.1027208142991","7.985557271338539","150.6355920222894","3.098446777004462","3.098446777004462","0.002129348","ok","2.8876249289326665"
"366","ENGAGE-INDCi2100-COV","POLES-JRC ENGAGE","Final Energy","EJ/yr","[object Object]",2010,57.18777084350586,"3.013726601348508","3.013726601348508","2100","146.1841678012453","3058.68590625","GW7","ok","medium","ok","ok","medium","ok","medium","medium","medium","ok","ok","true","C7","C7: Below 4.0°C","POLES ENGAGE","EN_INDCi2100_COV","26.609099937341625","62.37336245080044","7.839403364806073","146.1841678012453","3.013726601348508","3.013726601348508","0.003744869","ok","2.896532353899744"
"366","ENGAGE-INDCi2100-COV","POLES-JRC ENGAGE","Final Energy","EJ/yr","[object Object]",2015,53.86546325683594,"3.013726601348508","3.013726601348508","2100","146.1841678012453","3058.68590625","GW7","ok","medium","ok","ok","medium","ok","medium","medium","medium","ok","ok","true","C7","C7: Below 4.0°C","POLES ENGAGE","EN_INDCi2100_COV","26.609099937341625","62.37336245080044","7.839403364806073","146.1841678012453","3.013726601348508","3.013726601348508","0.003744869","ok","2.896532353899744"
"366","ENGAGE-INDCi2100-COV","POLES-JRC ENGAGE","Final Energy","EJ/yr","[object Object]",2020,53.18214797973633,"3.013726601348508","3.013726601348508","2100","146.1841678012453","3058.68590625","GW7","ok","medium","ok","ok","medium","ok","medium","medium","medium","ok","ok","true","C7","C7: Below 4.0°C","POLES ENGAGE","EN_INDCi2100_COV","26.609099937341625","62.37336245080044","7.839403364806073","146.1841678012453","3.013726601348508","3.013726601348508","0.003744869","ok","2.896532353899744"
"366","ENGAGE-INDCi2100-COV","POLES-JRC ENGAGE","Final Energy","EJ/yr","[object Object]",2025,53.508636474609375,"3.013726601348508","3.013726601348508","2100","146.1841678012453","3058.68590625","GW7","ok","medium","ok","ok","medium","ok","medium","medium","medium","ok","ok","true","C7","C7: Below 4.0°C","POLES ENGAGE","EN_INDCi2100_COV","26.609099937341625","62.37336245080044","7.839403364806073","146.1841678012453","3.013726601348508","3.013726601348508","0.003744869","ok","2.896532353899744"
"366","ENGAGE-INDCi2100-COV","POLES-JRC ENGAGE","Final Energy","EJ/yr","[object Object]",2030,49.48698425292969,"3.013726601348508","3.013726601348508","2100","146.1841678012453","3058.68590625","GW7","ok","medium","ok","ok","medium","ok","medium","medium","medium","ok","ok","true","C7","C7: Below 4.0°C","POLES ENGAGE","EN_INDCi2100_COV","26.609099937341625","62.37336245080044","7.839403364806073","146.1841678012453","3.013726601348508","3.013726601348508","0.003744869","ok","2.896532353899744"
"366","ENGAGE-INDCi2100-COV","POLES-JRC ENGAGE","Final Energy","EJ/yr","[object Object]",2035,46.86410140991211,"3.013726601348508","3.013726601348508","2100","146.1841678012453","3058.68590625","GW7","ok","medium","ok","ok","medium","ok","medium","medium","medium","ok","ok","true","C7","C7: Below 4.0°C","POLES ENGAGE","EN_INDCi2100_COV","26.609099937341625","62.37336245080044","7.839403364806073","146.1841678012453","3.013726601348508","3.013726601348508","0.003744869","ok","2.896532353899744"
"366","ENGAGE-INDCi2100-COV","POLES-JRC ENGAGE","Final Energy","EJ/yr","[object Object]",2040,45.09424209594727,"3.013726601348508","3.013726601348508","2100","146.1841678012453","3058.68590625","GW7","ok","medium","ok","ok","medium","ok","medium","medium","medium","ok","ok","true","C7","C7: Below 4.0°C","POLES ENGAGE","EN_INDCi2100_COV","26.609099937341625","62.37336245080044","7.839403364806073","146.1841678012453","3.013726601348508","3.013726601348508","0.003744869","ok","2.896532353899744"
"366","ENGAGE-INDCi2100-COV","POLES-JRC ENGAGE","Final Energy","EJ/yr","[object Object]",2045,44.256290435791016,"3.013726601348508","3.013726601348508","2100","146.1841678012453","3058.68590625","GW7","ok","medium","ok","ok","medium","ok","medium","medium","medium","ok","ok","true","C7","C7: Below 4.0°C","POLES ENGAGE","EN_INDCi2100_COV","26.609099937341625","62.37336245080044","7.839403364806073","146.1841678012453","3.013726601348508","3.013726601348508","0.003744869","ok","2.896532353899744"
"366","ENGAGE-INDCi2100-COV","POLES-JRC ENGAGE","Final Energy","EJ/yr","[object Object]",2050,43.741355895996094,"3.013726601348508","3.013726601348508","2100","146.1841678012453","3058.68590625","GW7","ok","medium","ok","ok","medium","ok","medium","medium","medium","ok","ok","true","C7","C7: Below 4.0°C","POLES ENGAGE","EN_INDCi2100_COV","26.609099937341625","62.37336245080044","7.839403364806073","146.1841678012453","3.013726601348508","3.013726601348508","0.003744869","ok","2.896532353899744"
"366","ENGAGE-INDCi2100-COV","POLES-JRC ENGAGE","Final Energy","EJ/yr","[object Object]",2060,43.34192657470703,"3.013726601348508","3.013726601348508","2100","146.1841678012453","3058.68590625","GW7","ok","medium","ok","ok","medium","ok","medium","medium","medium","ok","ok","true","C7","C7: Below 4.0°C","POLES ENGAGE","EN_INDCi2100_COV","26.609099937341625","62.37336245080044","7.839403364806073","146.1841678012453","3.013726601348508","3.013726601348508","0.003744869","ok","2.896532353899744"
"366","ENGAGE-INDCi2100-COV","POLES-JRC ENGAGE","Final Energy","EJ/yr","[object Object]",2070,42.85065460205078,"3.013726601348508","3.013726601348508","2100","146.1841678012453","3058.68590625","GW7","ok","medium","ok","ok","medium","ok","medium","medium","medium","ok","ok","true","C7","C7: Below 4.0°C","POLES ENGAGE","EN_INDCi2100_COV","26.609099937341625","62.37336245080044","7.839403364806073","146.1841678012453","3.013726601348508","3.013726601348508","0.003744869","ok","2.896532353899744"
"366","ENGAGE-INDCi2100-COV","POLES-JRC ENGAGE","Final Energy","EJ/yr","[object Object]",2080,42.49922561645508,"3.013726601348508","3.013726601348508","2100","146.1841678012453","3058.68590625","GW7","ok","medium","ok","ok","medium","ok","medium","medium","medium","ok","ok","true","C7","C7: Below 4.0°C","POLES ENGAGE","EN_INDCi2100_COV","26.609099937341625","62.37336245080044","7.839403364806073","146.1841678012453","3.013726601348508","3.013726601348508","0.003744869","ok","2.896532353899744"
"366","ENGAGE-INDCi2100-COV","POLES-JRC ENGAGE","Final Energy","EJ/yr","[object Object]",2090,42.563236236572266,"3.013726601348508","3.013726601348508","2100","146.1841678012453","3058.68590625","GW7","ok","medium","ok","ok","medium","ok","medium","medium","medium","ok","ok","true","C7","C7: Below 4.0°C","POLES ENGAGE","EN_INDCi2100_COV","26.609099937341625","62.37336245080044","7.839403364806073","146.1841678012453","3.013726601348508","3.013726601348508","0.003744869","ok","2.896532353899744"
"366","ENGAGE-INDCi2100-COV","POLES-JRC ENGAGE","Final Energy","EJ/yr","[object Object]",2100,42.51292037963867,"3.013726601348508","3.013726601348508","2100","146.1841678012453","3058.68590625","GW7","ok","medium","ok","ok","medium","ok","medium","medium","medium","ok","ok","true","C7","C7: Below 4.0°C","POLES ENGAGE","EN_INDCi2100_COV","26.609099937341625","62.37336245080044","7.839403364806073","146.1841678012453","3.013726601348508","3.013726601348508","0.003744869","ok","2.896532353899744"
"401","ENGAGE-NPi2100-COV","POLES-JRC ENGAGE","Final Energy","EJ/yr","[object Object]",2010,57.18777084350586,"3.412218436276257","3.412218436276257","2100","6.465989262840172","3767.427828125","GW7","ok","medium","ok","ok","medium","ok","medium","high","medium","ok","ok","true","C7","C7: Below 4.0°C","POLES ENGAGE","EN_NPi2100_COV","21.952755010326797","68.47749904943475","6.649798038354639","6.465989262840172","3.412218436276257","3.412218436276257","0.002492305","ok","2.4700361814882683"
"401","ENGAGE-NPi2100-COV","POLES-JRC ENGAGE","Final Energy","EJ/yr","[object Object]",2015,53.86546325683594,"3.412218436276257","3.412218436276257","2100","6.465989262840172","3767.427828125","GW7","ok","medium","ok","ok","medium","ok","medium","high","medium","ok","ok","true","C7","C7: Below 4.0°C","POLES ENGAGE","EN_NPi2100_COV","21.952755010326797","68.47749904943475","6.649798038354639","6.465989262840172","3.412218436276257","3.412218436276257","0.002492305","ok","2.4700361814882683"
"401","ENGAGE-NPi2100-COV","POLES-JRC ENGAGE","Final Energy","EJ/yr","[object Object]",2020,53.62747573852539,"3.412218436276257","3.412218436276257","2100","6.465989262840172","3767.427828125","GW7","ok","medium","ok","ok","medium","ok","medium","high","medium","ok","ok","true","C7","C7: Below 4.0°C","POLES ENGAGE","EN_NPi2100_COV","21.952755010326797","68.47749904943475","6.649798038354639","6.465989262840172","3.412218436276257","3.412218436276257","0.002492305","ok","2.4700361814882683"
"401","ENGAGE-NPi2100-COV","POLES-JRC ENGAGE","Final Energy","EJ/yr","[object Object]",2025,56.7877311706543,"3.412218436276257","3.412218436276257","2100","6.465989262840172","3767.427828125","GW7","ok","medium","ok","ok","medium","ok","medium","high","medium","ok","ok","true","C7","C7: Below 4.0°C","POLES ENGAGE","EN_NPi2100_COV","21.952755010326797","68.47749904943475","6.649798038354639","6.465989262840172","3.412218436276257","3.412218436276257","0.002492305","ok","2.4700361814882683"
"401","ENGAGE-NPi2100-COV","POLES-JRC ENGAGE","Final Energy","EJ/yr","[object Object]",2030,55.6864128112793,"3.412218436276257","3.412218436276257","2100","6.465989262840172","3767.427828125","GW7","ok","medium","ok","ok","medium","ok","medium","high","medium","ok","ok","true","C7","C7: Below 4.0°C","POLES ENGAGE","EN_NPi2100_COV","21.952755010326797","68.47749904943475","6.649798038354639","6.465989262840172","3.412218436276257","3.412218436276257","0.002492305","ok","2.4700361814882683"
"401","ENGAGE-NPi2100-COV","POLES-JRC ENGAGE","Final Energy","EJ/yr","[object Object]",2035,54.16095352172852,"3.412218436276257","3.412218436276257","2100","6.465989262840172","3767.427828125","GW7","ok","medium","ok","ok","medium","ok","medium","high","medium","ok","ok","true","C7","C7: Below 4.0°C","POLES ENGAGE","EN_NPi2100_COV","21.952755010326797","68.47749904943475","6.649798038354639","6.465989262840172","3.412218436276257","3.412218436276257","0.002492305","ok","2.4700361814882683"
"401","ENGAGE-NPi2100-COV","POLES-JRC ENGAGE","Final Energy","EJ/yr","[object Object]",2040,52.55424880981445,"3.412218436276257","3.412218436276257","2100","6.465989262840172","3767.427828125","GW7","ok","medium","ok","ok","medium","ok","medium","high","medium","ok","ok","true","C7","C7: Below 4.0°C","POLES ENGAGE","EN_NPi2100_COV","21.952755010326797","68.47749904943475","6.649798038354639","6.465989262840172","3.412218436276257","3.412218436276257","0.002492305","ok","2.4700361814882683"
"401","ENGAGE-NPi2100-COV","POLES-JRC ENGAGE","Final Energy","EJ/yr","[object Object]",2045,51.55328369140625,"3.412218436276257","3.412218436276257","2100","6.465989262840172","3767.427828125","GW7","ok","medium","ok","ok","medium","ok","medium","high","medium","ok","ok","true","C7","C7: Below 4.0°C","POLES ENGAGE","EN_NPi2100_COV","21.952755010326797","68.47749904943475","6.649798038354639","6.465989262840172","3.412218436276257","3.412218436276257","0.002492305","ok","2.4700361814882683"
"401","ENGAGE-NPi2100-COV","POLES-JRC ENGAGE","Final Energy","EJ/yr","[object Object]",2050,50.98626708984375,"3.412218436276257","3.412218436276257","2100","6.465989262840172","3767.427828125","GW7","ok","medium","ok","ok","medium","ok","medium","high","medium","ok","ok","true","C7","C7: Below 4.0°C","POLES ENGAGE","EN_NPi2100_COV","21.952755010326797","68.47749904943475","6.649798038354639","6.465989262840172","3.412218436276257","3.412218436276257","0.002492305","ok","2.4700361814882683"
"401","ENGAGE-NPi2100-COV","POLES-JRC ENGAGE","Final Energy","EJ/yr","[object Object]",2060,50.42844009399414,"3.412218436276257","3.412218436276257","2100","6.465989262840172","3767.427828125","GW7","ok","medium","ok","ok","medium","ok","medium","high","medium","ok","ok","true","C7","C7: Below 4.0°C","POLES ENGAGE","EN_NPi2100_COV","21.952755010326797","68.47749904943475","6.649798038354639","6.465989262840172","3.412218436276257","3.412218436276257","0.002492305","ok","2.4700361814882683"
"401","ENGAGE-NPi2100-COV","POLES-JRC ENGAGE","Final Energy","EJ/yr","[object Object]",2070,49.81324768066406,"3.412218436276257","3.412218436276257","2100","6.465989262840172","3767.427828125","GW7","ok","medium","ok","ok","medium","ok","medium","high","medium","ok","ok","true","C7","C7: Below 4.0°C","POLES ENGAGE","EN_NPi2100_COV","21.952755010326797","68.47749904943475","6.649798038354639","6.465989262840172","3.412218436276257","3.412218436276257","0.002492305","ok","2.4700361814882683"
"401","ENGAGE-NPi2100-COV","POLES-JRC ENGAGE","Final Energy","EJ/yr","[object Object]",2080,48.95320892333984,"3.412218436276257","3.412218436276257","2100","6.465989262840172","3767.427828125","GW7","ok","medium","ok","ok","medium","ok","medium","high","medium","ok","ok","true","C7","C7: Below 4.0°C","POLES ENGAGE","EN_NPi2100_COV","21.952755010326797","68.47749904943475","6.649798038354639","6.465989262840172","3.412218436276257","3.412218436276257","0.002492305","ok","2.4700361814882683"
"401","ENGAGE-NPi2100-COV","POLES-JRC ENGAGE","Final Energy","EJ/yr","[object Object]",2090,48.84209442138672,"3.412218436276257","3.412218436276257","2100","6.465989262840172","3767.427828125","GW7","ok","medium","ok","ok","medium","ok","medium","high","medium","ok","ok","true","C7","C7: Below 4.0°C","POLES ENGAGE","EN_NPi2100_COV","21.952755010326797","68.47749904943475","6.649798038354639","6.465989262840172","3.412218436276257","3.412218436276257","0.002492305","ok","2.4700361814882683"
"401","ENGAGE-NPi2100-COV","POLES-JRC ENGAGE","Final Energy","EJ/yr","[object Object]",2100,48.357025146484375,"3.412218436276257","3.412218436276257","2100","6.465989262840172","3767.427828125","GW7","ok","medium","ok","ok","medium","ok","medium","high","medium","ok","ok","true","C7","C7: Below 4.0°C","POLES ENGAGE","EN_NPi2100_COV","21.952755010326797","68.47749904943475","6.649798038354639","6.465989262840172","3.412218436276257","3.412218436276257","0.002492305","ok","2.4700361814882683"
"477","ENGAGE-NPi2100","REMIND-MAgPIE 2.1-4.2","Final Energy","EJ/yr","[object Object]",2010,55.5558,"3.20361072292057","3.20361072292057","2100","4.514043","3647.1626236","GW7","failed","medium","ok","ok","medium","medium",,"medium","medium","ok","ok","true","C7","C7: Below 4.0°C","REMIND-MAgPIE 2.1-4.2","EN_NPi2100","31.28686834761917","53.20743458827144","15.366352128225923","4.514043","3.20361072292057","3.20361072292057",,"ok","-2.697702504802294"
"477","ENGAGE-NPi2100","REMIND-MAgPIE 2.1-4.2","Final Energy","EJ/yr","[object Object]",2015,50.9736,"3.20361072292057","3.20361072292057","2100","4.514043","3647.1626236","GW7","failed","medium","ok","ok","medium","medium",,"medium","medium","ok","ok","true","C7","C7: Below 4.0°C","REMIND-MAgPIE 2.1-4.2","EN_NPi2100","31.28686834761917","53.20743458827144","15.366352128225923","4.514043","3.20361072292057","3.20361072292057",,"ok","-2.697702504802294"
"477","ENGAGE-NPi2100","REMIND-MAgPIE 2.1-4.2","Final Energy","EJ/yr","[object Object]",2020,50.5029,"3.20361072292057","3.20361072292057","2100","4.514043","3647.1626236","GW7","failed","medium","ok","ok","medium","medium",,"medium","medium","ok","ok","true","C7","C7: Below 4.0°C","REMIND-MAgPIE 2.1-4.2","EN_NPi2100","31.28686834761917","53.20743458827144","15.366352128225923","4.514043","3.20361072292057","3.20361072292057",,"ok","-2.697702504802294"
"477","ENGAGE-NPi2100","REMIND-MAgPIE 2.1-4.2","Final Energy","EJ/yr","[object Object]",2025,50.4358,"3.20361072292057","3.20361072292057","2100","4.514043","3647.1626236","GW7","failed","medium","ok","ok","medium","medium",,"medium","medium","ok","ok","true","C7","C7: Below 4.0°C","REMIND-MAgPIE 2.1-4.2","EN_NPi2100","31.28686834761917","53.20743458827144","15.366352128225923","4.514043","3.20361072292057","3.20361072292057",,"ok","-2.697702504802294"
"477","ENGAGE-NPi2100","REMIND-MAgPIE 2.1-4.2","Final Energy","EJ/yr","[object Object]",2030,49.4344,"3.20361072292057","3.20361072292057","2100","4.514043","3647.1626236","GW7","failed","medium","ok","ok","medium","medium",,"medium","medium","ok","ok","true","C7","C7: Below 4.0°C","REMIND-MAgPIE 2.1-4.2","EN_NPi2100","31.28686834761917","53.20743458827144","15.366352128225923","4.514043","3.20361072292057","3.20361072292057",,"ok","-2.697702504802294"
"477","ENGAGE-NPi2100","REMIND-MAgPIE 2.1-4.2","Final Energy","EJ/yr","[object Object]",2035,49.1483,"3.20361072292057","3.20361072292057","2100","4.514043","3647.1626236","GW7","failed","medium","ok","ok","medium","medium",,"medium","medium","ok","ok","true","C7","C7: Below 4.0°C","REMIND-MAgPIE 2.1-4.2","EN_NPi2100","31.28686834761917","53.20743458827144","15.366352128225923","4.514043","3.20361072292057","3.20361072292057",,"ok","-2.697702504802294"
"477","ENGAGE-NPi2100","REMIND-MAgPIE 2.1-4.2","Final Energy","EJ/yr","[object Object]",2040,47.9985,"3.20361072292057","3.20361072292057","2100","4.514043","3647.1626236","GW7","failed","medium","ok","ok","medium","medium",,"medium","medium","ok","ok","true","C7","C7: Below 4.0°C","REMIND-MAgPIE 2.1-4.2","EN_NPi2100","31.28686834761917","53.20743458827144","15.366352128225923","4.514043","3.20361072292057","3.20361072292057",,"ok","-2.697702504802294"
"477","ENGAGE-NPi2100","REMIND-MAgPIE 2.1-4.2","Final Energy","EJ/yr","[object Object]",2045,46.4464,"3.20361072292057","3.20361072292057","2100","4.514043","3647.1626236","GW7","failed","medium","ok","ok","medium","medium",,"medium","medium","ok","ok","true","C7","C7: Below 4.0°C","REMIND-MAgPIE 2.1-4.2","EN_NPi2100","31.28686834761917","53.20743458827144","15.366352128225923","4.514043","3.20361072292057","3.20361072292057",,"ok","-2.697702504802294"
"477","ENGAGE-NPi2100","REMIND-MAgPIE 2.1-4.2","Final Energy","EJ/yr","[object Object]",2050,45.5749,"3.20361072292057","3.20361072292057","2100","4.514043","3647.1626236","GW7","failed","medium","ok","ok","medium","medium",,"medium","medium","ok","ok","true","C7","C7: Below 4.0°C","REMIND-MAgPIE 2.1-4.2","EN_NPi2100","31.28686834761917","53.20743458827144","15.366352128225923","4.514043","3.20361072292057","3.20361072292057",,"ok","-2.697702504802294"
"477","ENGAGE-NPi2100","REMIND-MAgPIE 2.1-4.2","Final Energy","EJ/yr","[object Object]",2055,44.9238,"3.20361072292057","3.20361072292057","2100","4.514043","3647.1626236","GW7","failed","medium","ok","ok","medium","medium",,"medium","medium","ok","ok","true","C7","C7: Below 4.0°C","REMIND-MAgPIE 2.1-4.2","EN_NPi2100","31.28686834761917","53.20743458827144","15.366352128225923","4.514043","3.20361072292057","3.20361072292057",,"ok","-2.697702504802294"
"477","ENGAGE-NPi2100","REMIND-MAgPIE 2.1-4.2","Final Energy","EJ/yr","[object Object]",2060,44.1029,"3.20361072292057","3.20361072292057","2100","4.514043","3647.1626236","GW7","failed","medium","ok","ok","medium","medium",,"medium","medium","ok","ok","true","C7","C7: Below 4.0°C","REMIND-MAgPIE 2.1-4.2","EN_NPi2100","31.28686834761917","53.20743458827144","15.366352128225923","4.514043","3.20361072292057","3.20361072292057",,"ok","-2.697702504802294"
"477","ENGAGE-NPi2100","REMIND-MAgPIE 2.1-4.2","Final Energy","EJ/yr","[object Object]",2070,43.4622,"3.20361072292057","3.20361072292057","2100","4.514043","3647.1626236","GW7","failed","medium","ok","ok","medium","medium",,"medium","medium","ok","ok","true","C7","C7: Below 4.0°C","REMIND-MAgPIE 2.1-4.2","EN_NPi2100","31.28686834761917","53.20743458827144","15.366352128225923","4.514043","3.20361072292057","3.20361072292057",,"ok","-2.697702504802294"
"477","ENGAGE-NPi2100","REMIND-MAgPIE 2.1-4.2","Final Energy","EJ/yr","[object Object]",2080,43.8688,"3.20361072292057","3.20361072292057","2100","4.514043","3647.1626236","GW7","failed","medium","ok","ok","medium","medium",,"medium","medium","ok","ok","true","C7","C7: Below 4.0°C","REMIND-MAgPIE 2.1-4.2","EN_NPi2100","31.28686834761917","53.20743458827144","15.366352128225923","4.514043","3.20361072292057","3.20361072292057",,"ok","-2.697702504802294"
"477","ENGAGE-NPi2100","REMIND-MAgPIE 2.1-4.2","Final Energy","EJ/yr","[object Object]",2090,43.1721,"3.20361072292057","3.20361072292057","2100","4.514043","3647.1626236","GW7","failed","medium","ok","ok","medium","medium",,"medium","medium","ok","ok","true","C7","C7: Below 4.0°C","REMIND-MAgPIE 2.1-4.2","EN_NPi2100","31.28686834761917","53.20743458827144","15.366352128225923","4.514043","3.20361072292057","3.20361072292057",,"ok","-2.697702504802294"
"477","ENGAGE-NPi2100","REMIND-MAgPIE 2.1-4.2","Final Energy","EJ/yr","[object Object]",2100,43.3689,"3.20361072292057","3.20361072292057","2100","4.514043","3647.1626236","GW7","failed","medium","ok","ok","medium","medium",,"medium","medium","ok","ok","true","C7","C7: Below 4.0°C","REMIND-MAgPIE 2.1-4.2","EN_NPi2100","31.28686834761917","53.20743458827144","15.366352128225923","4.514043","3.20361072292057","3.20361072292057",,"ok","-2.697702504802294"
"478","ENGAGE-NPi2100-COV","REMIND-MAgPIE 2.1-4.2","Final Energy","EJ/yr","[object Object]",2010,55.4896,"3.07062113951041","3.07062113951041","2100","5.407999049999999","3360.5389583","GW7","failed","medium","ok","ok","medium","medium",,"medium","medium","ok","ok","true","C7","C7: Below 4.0°C","REMIND-MAgPIE 2.1-4.2","EN_NPi2100_COV","29.126296307709605","55.6098560171699","15.122275737180127","5.407999049999999","3.07062113951041","3.07062113951041",,"ok","-2.7696817843137183"
"478","ENGAGE-NPi2100-COV","REMIND-MAgPIE 2.1-4.2","Final Energy","EJ/yr","[object Object]",2015,50.7751,"3.07062113951041","3.07062113951041","2100","5.407999049999999","3360.5389583","GW7","failed","medium","ok","ok","medium","medium",,"medium","medium","ok","ok","true","C7","C7: Below 4.0°C","REMIND-MAgPIE 2.1-4.2","EN_NPi2100_COV","29.126296307709605","55.6098560171699","15.122275737180127","5.407999049999999","3.07062113951041","3.07062113951041",,"ok","-2.7696817843137183"
"478","ENGAGE-NPi2100-COV","REMIND-MAgPIE 2.1-4.2","Final Energy","EJ/yr","[object Object]",2020,49.4039,"3.07062113951041","3.07062113951041","2100","5.407999049999999","3360.5389583","GW7","failed","medium","ok","ok","medium","medium",,"medium","medium","ok","ok","true","C7","C7: Below 4.0°C","REMIND-MAgPIE 2.1-4.2","EN_NPi2100_COV","29.126296307709605","55.6098560171699","15.122275737180127","5.407999049999999","3.07062113951041","3.07062113951041",,"ok","-2.7696817843137183"
"478","ENGAGE-NPi2100-COV","REMIND-MAgPIE 2.1-4.2","Final Energy","EJ/yr","[object Object]",2025,49.0342,"3.07062113951041","3.07062113951041","2100","5.407999049999999","3360.5389583","GW7","failed","medium","ok","ok","medium","medium",,"medium","medium","ok","ok","true","C7","C7: Below 4.0°C","REMIND-MAgPIE 2.1-4.2","EN_NPi2100_COV","29.126296307709605","55.6098560171699","15.122275737180127","5.407999049999999","3.07062113951041","3.07062113951041",,"ok","-2.7696817843137183"
"478","ENGAGE-NPi2100-COV","REMIND-MAgPIE 2.1-4.2","Final Energy","EJ/yr","[object Object]",2030,48.3701,"3.07062113951041","3.07062113951041","2100","5.407999049999999","3360.5389583","GW7","failed","medium","ok","ok","medium","medium",,"medium","medium","ok","ok","true","C7","C7: Below 4.0°C","REMIND-MAgPIE 2.1-4.2","EN_NPi2100_COV","29.126296307709605","55.6098560171699","15.122275737180127","5.407999049999999","3.07062113951041","3.07062113951041",,"ok","-2.7696817843137183"
"478","ENGAGE-NPi2100-COV","REMIND-MAgPIE 2.1-4.2","Final Energy","EJ/yr","[object Object]",2035,48.4328,"3.07062113951041","3.07062113951041","2100","5.407999049999999","3360.5389583","GW7","failed","medium","ok","ok","medium","medium",,"medium","medium","ok","ok","true","C7","C7: Below 4.0°C","REMIND-MAgPIE 2.1-4.2","EN_NPi2100_COV","29.126296307709605","55.6098560171699","15.122275737180127","5.407999049999999","3.07062113951041","3.07062113951041",,"ok","-2.7696817843137183"
"478","ENGAGE-NPi2100-COV","REMIND-MAgPIE 2.1-4.2","Final Energy","EJ/yr","[object Object]",2040,47.5157,"3.07062113951041","3.07062113951041","2100","5.407999049999999","3360.5389583","GW7","failed","medium","ok","ok","medium","medium",,"medium","medium","ok","ok","true","C7","C7: Below 4.0°C","REMIND-MAgPIE 2.1-4.2","EN_NPi2100_COV","29.126296307709605","55.6098560171699","15.122275737180127","5.407999049999999","3.07062113951041","3.07062113951041",,"ok","-2.7696817843137183"
"478","ENGAGE-NPi2100-COV","REMIND-MAgPIE 2.1-4.2","Final Energy","EJ/yr","[object Object]",2045,45.8909,"3.07062113951041","3.07062113951041","2100","5.407999049999999","3360.5389583","GW7","failed","medium","ok","ok","medium","medium",,"medium","medium","ok","ok","true","C7","C7: Below 4.0°C","REMIND-MAgPIE 2.1-4.2","EN_NPi2100_COV","29.126296307709605","55.6098560171699","15.122275737180127","5.407999049999999","3.07062113951041","3.07062113951041",,"ok","-2.7696817843137183"
"478","ENGAGE-NPi2100-COV","REMIND-MAgPIE 2.1-4.2","Final Energy","EJ/yr","[object Object]",2050,44.9452,"3.07062113951041","3.07062113951041","2100","5.407999049999999","3360.5389583","GW7","failed","medium","ok","ok","medium","medium",,"medium","medium","ok","ok","true","C7","C7: Below 4.0°C","REMIND-MAgPIE 2.1-4.2","EN_NPi2100_COV","29.126296307709605","55.6098560171699","15.122275737180127","5.407999049999999","3.07062113951041","3.07062113951041",,"ok","-2.7696817843137183"
"478","ENGAGE-NPi2100-COV","REMIND-MAgPIE 2.1-4.2","Final Energy","EJ/yr","[object Object]",2055,44.3372,"3.07062113951041","3.07062113951041","2100","5.407999049999999","3360.5389583","GW7","failed","medium","ok","ok","medium","medium",,"medium","medium","ok","ok","true","C7","C7: Below 4.0°C","REMIND-MAgPIE 2.1-4.2","EN_NPi2100_COV","29.126296307709605","55.6098560171699","15.122275737180127","5.407999049999999","3.07062113951041","3.07062113951041",,"ok","-2.7696817843137183"
"478","ENGAGE-NPi2100-COV","REMIND-MAgPIE 2.1-4.2","Final Energy","EJ/yr","[object Object]",2060,43.7762,"3.07062113951041","3.07062113951041","2100","5.407999049999999","3360.5389583","GW7","failed","medium","ok","ok","medium","medium",,"medium","medium","ok","ok","true","C7","C7: Below 4.0°C","REMIND-MAgPIE 2.1-4.2","EN_NPi2100_COV","29.126296307709605","55.6098560171699","15.122275737180127","5.407999049999999","3.07062113951041","3.07062113951041",,"ok","-2.7696817843137183"
"478","ENGAGE-NPi2100-COV","REMIND-MAgPIE 2.1-4.2","Final Energy","EJ/yr","[object Object]",2070,43.0647,"3.07062113951041","3.07062113951041","2100","5.407999049999999","3360.5389583","GW7","failed","medium","ok","ok","medium","medium",,"medium","medium","ok","ok","true","C7","C7: Below 4.0°C","REMIND-MAgPIE 2.1-4.2","EN_NPi2100_COV","29.126296307709605","55.6098560171699","15.122275737180127","5.407999049999999","3.07062113951041","3.07062113951041",,"ok","-2.7696817843137183"
"478","ENGAGE-NPi2100-COV","REMIND-MAgPIE 2.1-4.2","Final Energy","EJ/yr","[object Object]",2080,43.2387,"3.07062113951041","3.07062113951041","2100","5.407999049999999","3360.5389583","GW7","failed","medium","ok","ok","medium","medium",,"medium","medium","ok","ok","true","C7","C7: Below 4.0°C","REMIND-MAgPIE 2.1-4.2","EN_NPi2100_COV","29.126296307709605","55.6098560171699","15.122275737180127","5.407999049999999","3.07062113951041","3.07062113951041",,"ok","-2.7696817843137183"
"478","ENGAGE-NPi2100-COV","REMIND-MAgPIE 2.1-4.2","Final Energy","EJ/yr","[object Object]",2090,42.614,"3.07062113951041","3.07062113951041","2100","5.407999049999999","3360.5389583","GW7","failed","medium","ok","ok","medium","medium",,"medium","medium","ok","ok","true","C7","C7: Below 4.0°C","REMIND-MAgPIE 2.1-4.2","EN_NPi2100_COV","29.126296307709605","55.6098560171699","15.122275737180127","5.407999049999999","3.07062113951041","3.07062113951041",,"ok","-2.7696817843137183"
"478","ENGAGE-NPi2100-COV","REMIND-MAgPIE 2.1-4.2","Final Energy","EJ/yr","[object Object]",2100,42.8406,"3.07062113951041","3.07062113951041","2100","5.407999049999999","3360.5389583","GW7","failed","medium","ok","ok","medium","medium",,"medium","medium","ok","ok","true","C7","C7: Below 4.0°C","REMIND-MAgPIE 2.1-4.2","EN_NPi2100_COV","29.126296307709605","55.6098560171699","15.122275737180127","5.407999049999999","3.07062113951041","3.07062113951041",,"ok","-2.7696817843137183"
"675","NGFS Phase 5-Current Policies","REMIND-MAgPIE 3.3-4.8","Final Energy","EJ/yr","[object Object]",2010,60.6644169,"3.022987280524644","3.022987280524644","2100","2.7986503265500002","3329.3887294700503","GW7","ok","ok","ok","ok","ok","ok","medium","ok","ok","ok","ok",,"C7","C7: Below 4.0°C",,,"32.633338837053984","49.687049557153","17.12475363249095","2.7986503265500002","3.022987280524644","3.022987280524644","0.00343844","ok","-1.893145097071951"
"675","NGFS Phase 5-Current Policies","REMIND-MAgPIE 3.3-4.8","Final Energy","EJ/yr","[object Object]",2015,59.8262224,"3.022987280524644","3.022987280524644","2100","2.7986503265500002","3329.3887294700503","GW7","ok","ok","ok","ok","ok","ok","medium","ok","ok","ok","ok",,"C7","C7: Below 4.0°C",,,"32.633338837053984","49.687049557153","17.12475363249095","2.7986503265500002","3.022987280524644","3.022987280524644","0.00343844","ok","-1.893145097071951"
"675","NGFS Phase 5-Current Policies","REMIND-MAgPIE 3.3-4.8","Final Energy","EJ/yr","[object Object]",2020,61.54455329999999,"3.022987280524644","3.022987280524644","2100","2.7986503265500002","3329.3887294700503","GW7","ok","ok","ok","ok","ok","ok","medium","ok","ok","ok","ok",,"C7","C7: Below 4.0°C",,,"32.633338837053984","49.687049557153","17.12475363249095","2.7986503265500002","3.022987280524644","3.022987280524644","0.00343844","ok","-1.893145097071951"
"675","NGFS Phase 5-Current Policies","REMIND-MAgPIE 3.3-4.8","Final Energy","EJ/yr","[object Object]",2025,61.494881100000015,"3.022987280524644","3.022987280524644","2100","2.7986503265500002","3329.3887294700503","GW7","ok","ok","ok","ok","ok","ok","medium","ok","ok","ok","ok",,"C7","C7: Below 4.0°C",,,"32.633338837053984","49.687049557153","17.12475363249095","2.7986503265500002","3.022987280524644","3.022987280524644","0.00343844","ok","-1.893145097071951"
"675","NGFS Phase 5-Current Policies","REMIND-MAgPIE 3.3-4.8","Final Energy","EJ/yr","[object Object]",2030,59.50057400000001,"3.022987280524644","3.022987280524644","2100","2.7986503265500002","3329.3887294700503","GW7","ok","ok","ok","ok","ok","ok","medium","ok","ok","ok","ok",,"C7","C7: Below 4.0°C",,,"32.633338837053984","49.687049557153","17.12475363249095","2.7986503265500002","3.022987280524644","3.022987280524644","0.00343844","ok","-1.893145097071951"
"675","NGFS Phase 5-Current Policies","REMIND-MAgPIE 3.3-4.8","Final Energy","EJ/yr","[object Object]",2035,57.0301165,"3.022987280524644","3.022987280524644","2100","2.7986503265500002","3329.3887294700503","GW7","ok","ok","ok","ok","ok","ok","medium","ok","ok","ok","ok",,"C7","C7: Below 4.0°C",,,"32.633338837053984","49.687049557153","17.12475363249095","2.7986503265500002","3.022987280524644","3.022987280524644","0.00343844","ok","-1.893145097071951"
"675","NGFS Phase 5-Current Policies","REMIND-MAgPIE 3.3-4.8","Final Energy","EJ/yr","[object Object]",2040,54.30723130000001,"3.022987280524644","3.022987280524644","2100","2.7986503265500002","3329.3887294700503","GW7","ok","ok","ok","ok","ok","ok","medium","ok","ok","ok","ok",,"C7","C7: Below 4.0°C",,,"32.633338837053984","49.687049557153","17.12475363249095","2.7986503265500002","3.022987280524644","3.022987280524644","0.00343844","ok","-1.893145097071951"
"675","NGFS Phase 5-Current Policies","REMIND-MAgPIE 3.3-4.8","Final Energy","EJ/yr","[object Object]",2045,52.0871466,"3.022987280524644","3.022987280524644","2100","2.7986503265500002","3329.3887294700503","GW7","ok","ok","ok","ok","ok","ok","medium","ok","ok","ok","ok",,"C7","C7: Below 4.0°C",,,"32.633338837053984","49.687049557153","17.12475363249095","2.7986503265500002","3.022987280524644","3.022987280524644","0.00343844","ok","-1.893145097071951"
"675","NGFS Phase 5-Current Policies","REMIND-MAgPIE 3.3-4.8","Final Energy","EJ/yr","[object Object]",2050,50.3843669,"3.022987280524644","3.022987280524644","2100","2.7986503265500002","3329.3887294700503","GW7","ok","ok","ok","ok","ok","ok","medium","ok","ok","ok","ok",,"C7","C7: Below 4.0°C",,,"32.633338837053984","49.687049557153","17.12475363249095","2.7986503265500002","3.022987280524644","3.022987280524644","0.00343844","ok","-1.893145097071951"
"675","NGFS Phase 5-Current Policies","REMIND-MAgPIE 3.3-4.8","Final Energy","EJ/yr","[object Object]",2055,48.854946799999986,"3.022987280524644","3.022987280524644","2100","2.7986503265500002","3329.3887294700503","GW7","ok","ok","ok","ok","ok","ok","medium","ok","ok","ok","ok",,"C7","C7: Below 4.0°C",,,"32.633338837053984","49.687049557153","17.12475363249095","2.7986503265500002","3.022987280524644","3.022987280524644","0.00343844","ok","-1.893145097071951"
"675","NGFS Phase 5-Current Policies","REMIND-MAgPIE 3.3-4.8","Final Energy","EJ/yr","[object Object]",2060,47.465997499999986,"3.022987280524644","3.022987280524644","2100","2.7986503265500002","3329.3887294700503","GW7","ok","ok","ok","ok","ok","ok","medium","ok","ok","ok","ok",,"C7","C7: Below 4.0°C",,,"32.633338837053984","49.687049557153","17.12475363249095","2.7986503265500002","3.022987280524644","3.022987280524644","0.00343844","ok","-1.893145097071951"
"675","NGFS Phase 5-Current Policies","REMIND-MAgPIE 3.3-4.8","Final Energy","EJ/yr","[object Object]",2070,44.6896636,"3.022987280524644","3.022987280524644","2100","2.7986503265500002","3329.3887294700503","GW7","ok","ok","ok","ok","ok","ok","medium","ok","ok","ok","ok",,"C7","C7: Below 4.0°C",,,"32.633338837053984","49.687049557153","17.12475363249095","2.7986503265500002","3.022987280524644","3.022987280524644","0.00343844","ok","-1.893145097071951"
"675","NGFS Phase 5-Current Policies","REMIND-MAgPIE 3.3-4.8","Final Energy","EJ/yr","[object Object]",2080,43.54481279999999,"3.022987280524644","3.022987280524644","2100","2.7986503265500002","3329.3887294700503","GW7","ok","ok","ok","ok","ok","ok","medium","ok","ok","ok","ok",,"C7","C7: Below 4.0°C",,,"32.633338837053984","49.687049557153","17.12475363249095","2.7986503265500002","3.022987280524644","3.022987280524644","0.00343844","ok","-1.893145097071951"
"675","NGFS Phase 5-Current Policies","REMIND-MAgPIE 3.3-4.8","Final Energy","EJ/yr","[object Object]",2090,42.5367012,"3.022987280524644","3.022987280524644","2100","2.7986503265500002","3329.3887294700503","GW7","ok","ok","ok","ok","ok","ok","medium","ok","ok","ok","ok",,"C7","C7: Below 4.0°C",,,"32.633338837053984","49.687049557153","17.12475363249095","2.7986503265500002","3.022987280524644","3.022987280524644","0.00343844","ok","-1.893145097071951"
"675","NGFS Phase 5-Current Policies","REMIND-MAgPIE 3.3-4.8","Final Energy","EJ/yr","[object Object]",2100,40.71358140000001,"3.022987280524644","3.022987280524644","2100","2.7986503265500002","3329.3887294700503","GW7","ok","ok","ok","ok","ok","ok","medium","ok","ok","ok","ok",,"C7","C7: Below 4.0°C",,,"32.633338837053984","49.687049557153","17.12475363249095","2.7986503265500002","3.022987280524644","3.022987280524644","0.00343844","ok","-1.893145097071951"
"703","SHAPE-SSP2-NPi","IMAGE 3.3","Final Energy","EJ/yr","[object Object]",2010,59.5072143554688,"3.434989248372518","3.434989248372518","2100","2.3599893927751228","3956.7158325537102","GW7","failed","ok","ok","ok","ok","high","high","high","high","ok","medium",,"C7","C7: Below 4.0°C",,,"13.737255336090604","73.77439467728466","11.76765499336237","2.3599893927751228","3.434989248372518","3.434989248372518",,"ok","-2.953624299152793"
"703","SHAPE-SSP2-NPi","IMAGE 3.3","Final Energy","EJ/yr","[object Object]",2015,58.1391157226563,"3.434989248372518","3.434989248372518","2100","2.3599893927751228","3956.7158325537102","GW7","failed","ok","ok","ok","ok","high","high","high","high","ok","medium",,"C7","C7: Below 4.0°C",,,"13.737255336090604","73.77439467728466","11.76765499336237","2.3599893927751228","3.434989248372518","3.434989248372518",,"ok","-2.953624299152793"
"703","SHAPE-SSP2-NPi","IMAGE 3.3","Final Energy","EJ/yr","[object Object]",2020,53.8890024414062,"3.434989248372518","3.434989248372518","2100","2.3599893927751228","3956.7158325537102","GW7","failed","ok","ok","ok","ok","high","high","high","high","ok","medium",,"C7","C7: Below 4.0°C",,,"13.737255336090604","73.77439467728466","11.76765499336237","2.3599893927751228","3.434989248372518","3.434989248372518",,"ok","-2.953624299152793"
"703","SHAPE-SSP2-NPi","IMAGE 3.3","Final Energy","EJ/yr","[object Object]",2025,54.4678881835938,"3.434989248372518","3.434989248372518","2100","2.3599893927751228","3956.7158325537102","GW7","failed","ok","ok","ok","ok","high","high","high","high","ok","medium",,"C7","C7: Below 4.0°C",,,"13.737255336090604","73.77439467728466","11.76765499336237","2.3599893927751228","3.434989248372518","3.434989248372518",,"ok","-2.953624299152793"
"703","SHAPE-SSP2-NPi","IMAGE 3.3","Final Energy","EJ/yr","[object Object]",2030,52.1593452148438,"3.434989248372518","3.434989248372518","2100","2.3599893927751228","3956.7158325537102","GW7","failed","ok","ok","ok","ok","high","high","high","high","ok","medium",,"C7","C7: Below 4.0°C",,,"13.737255336090604","73.77439467728466","11.76765499336237","2.3599893927751228","3.434989248372518","3.434989248372518",,"ok","-2.953624299152793"
"703","SHAPE-SSP2-NPi","IMAGE 3.3","Final Energy","EJ/yr","[object Object]",2035,50.7118466796875,"3.434989248372518","3.434989248372518","2100","2.3599893927751228","3956.7158325537102","GW7","failed","ok","ok","ok","ok","high","high","high","high","ok","medium",,"C7","C7: Below 4.0°C",,,"13.737255336090604","73.77439467728466","11.76765499336237","2.3599893927751228","3.434989248372518","3.434989248372518",,"ok","-2.953624299152793"
"703","SHAPE-SSP2-NPi","IMAGE 3.3","Final Energy","EJ/yr","[object Object]",2040,51.3445712890625,"3.434989248372518","3.434989248372518","2100","2.3599893927751228","3956.7158325537102","GW7","failed","ok","ok","ok","ok","high","high","high","high","ok","medium",,"C7","C7: Below 4.0°C",,,"13.737255336090604","73.77439467728466","11.76765499336237","2.3599893927751228","3.434989248372518","3.434989248372518",,"ok","-2.953624299152793"
"703","SHAPE-SSP2-NPi","IMAGE 3.3","Final Energy","EJ/yr","[object Object]",2045,52.0983911132813,"3.434989248372518","3.434989248372518","2100","2.3599893927751228","3956.7158325537102","GW7","failed","ok","ok","ok","ok","high","high","high","high","ok","medium",,"C7","C7: Below 4.0°C",,,"13.737255336090604","73.77439467728466","11.76765499336237","2.3599893927751228","3.434989248372518","3.434989248372518",,"ok","-2.953624299152793"
"703","SHAPE-SSP2-NPi","IMAGE 3.3","Final Energy","EJ/yr","[object Object]",2050,53.5158168945313,"3.434989248372518","3.434989248372518","2100","2.3599893927751228","3956.7158325537102","GW7","failed","ok","ok","ok","ok","high","high","high","high","ok","medium",,"C7","C7: Below 4.0°C",,,"13.737255336090604","73.77439467728466","11.76765499336237","2.3599893927751228","3.434989248372518","3.434989248372518",,"ok","-2.953624299152793"
"703","SHAPE-SSP2-NPi","IMAGE 3.3","Final Energy","EJ/yr","[object Object]",2060,55.0476411132813,"3.434989248372518","3.434989248372518","2100","2.3599893927751228","3956.7158325537102","GW7","failed","ok","ok","ok","ok","high","high","high","high","ok","medium",,"C7","C7: Below 4.0°C",,,"13.737255336090604","73.77439467728466","11.76765499336237","2.3599893927751228","3.434989248372518","3.434989248372518",,"ok","-2.953624299152793"
"703","SHAPE-SSP2-NPi","IMAGE 3.3","Final Energy","EJ/yr","[object Object]",2070,56.5175336914063,"3.434989248372518","3.434989248372518","2100","2.3599893927751228","3956.7158325537102","GW7","failed","ok","ok","ok","ok","high","high","high","high","ok","medium",,"C7","C7: Below 4.0°C",,,"13.737255336090604","73.77439467728466","11.76765499336237","2.3599893927751228","3.434989248372518","3.434989248372518",,"ok","-2.953624299152793"
"703","SHAPE-SSP2-NPi","IMAGE 3.3","Final Energy","EJ/yr","[object Object]",2080,57.5100419921875,"3.434989248372518","3.434989248372518","2100","2.3599893927751228","3956.7158325537102","GW7","failed","ok","ok","ok","ok","high","high","high","high","ok","medium",,"C7","C7: Below 4.0°C",,,"13.737255336090604","73.77439467728466","11.76765499336237","2.3599893927751228","3.434989248372518","3.434989248372518",,"ok","-2.953624299152793"
"703","SHAPE-SSP2-NPi","IMAGE 3.3","Final Energy","EJ/yr","[object Object]",2090,57.72091796875,"3.434989248372518","3.434989248372518","2100","2.3599893927751228","3956.7158325537102","GW7","failed","ok","ok","ok","ok","high","high","high","high","ok","medium",,"C7","C7: Below 4.0°C",,,"13.737255336090604","73.77439467728466","11.76765499336237","2.3599893927751228","3.434989248372518","3.434989248372518",,"ok","-2.953624299152793"
"703","SHAPE-SSP2-NPi","IMAGE 3.3","Final Energy","EJ/yr","[object Object]",2100,57.2953481445313,"3.434989248372518","3.434989248372518","2100","2.3599893927751228","3956.7158325537102","GW7","failed","ok","ok","ok","ok","high","high","high","high","ok","medium",,"C7","C7: Below 4.0°C",,,"13.737255336090604","73.77439467728466","11.76765499336237","2.3599893927751228","3.434989248372518","3.434989248372518",,"ok","-2.953624299152793"
"716","SHAPE-SSP2-NPi","REMIND-MAgPIE 3.2-4.6","Final Energy","EJ/yr","[object Object]",2010,54.9451,"3.078019164693558","3.078019164693558","2100","1.13833135","3556.3248737000004","GW7","ok","medium","ok","ok","ok","ok","medium","medium","medium","ok","ok",,"C7","C7: Below 4.0°C",,,"31.293530068154762","50.11926046069798","17.931588051553703","1.13833135","3.078019164693558","3.078019164693558","0.003056737","ok","-2.663242050756395"
"716","SHAPE-SSP2-NPi","REMIND-MAgPIE 3.2-4.6","Final Energy","EJ/yr","[object Object]",2015,53.1695,"3.078019164693558","3.078019164693558","2100","1.13833135","3556.3248737000004","GW7","ok","medium","ok","ok","ok","ok","medium","medium","medium","ok","ok",,"C7","C7: Below 4.0°C",,,"31.293530068154762","50.11926046069798","17.931588051553703","1.13833135","3.078019164693558","3.078019164693558","0.003056737","ok","-2.663242050756395"
"716","SHAPE-SSP2-NPi","REMIND-MAgPIE 3.2-4.6","Final Energy","EJ/yr","[object Object]",2020,52.8038,"3.078019164693558","3.078019164693558","2100","1.13833135","3556.3248737000004","GW7","ok","medium","ok","ok","ok","ok","medium","medium","medium","ok","ok",,"C7","C7: Below 4.0°C",,,"31.293530068154762","50.11926046069798","17.931588051553703","1.13833135","3.078019164693558","3.078019164693558","0.003056737","ok","-2.663242050756395"
"716","SHAPE-SSP2-NPi","REMIND-MAgPIE 3.2-4.6","Final Energy","EJ/yr","[object Object]",2025,51.923,"3.078019164693558","3.078019164693558","2100","1.13833135","3556.3248737000004","GW7","ok","medium","ok","ok","ok","ok","medium","medium","medium","ok","ok",,"C7","C7: Below 4.0°C",,,"31.293530068154762","50.11926046069798","17.931588051553703","1.13833135","3.078019164693558","3.078019164693558","0.003056737","ok","-2.663242050756395"
"716","SHAPE-SSP2-NPi","REMIND-MAgPIE 3.2-4.6","Final Energy","EJ/yr","[object Object]",2030,48.3255,"3.078019164693558","3.078019164693558","2100","1.13833135","3556.3248737000004","GW7","ok","medium","ok","ok","ok","ok","medium","medium","medium","ok","ok",,"C7","C7: Below 4.0°C",,,"31.293530068154762","50.11926046069798","17.931588051553703","1.13833135","3.078019164693558","3.078019164693558","0.003056737","ok","-2.663242050756395"
"716","SHAPE-SSP2-NPi","REMIND-MAgPIE 3.2-4.6","Final Energy","EJ/yr","[object Object]",2035,46.0437,"3.078019164693558","3.078019164693558","2100","1.13833135","3556.3248737000004","GW7","ok","medium","ok","ok","ok","ok","medium","medium","medium","ok","ok",,"C7","C7: Below 4.0°C",,,"31.293530068154762","50.11926046069798","17.931588051553703","1.13833135","3.078019164693558","3.078019164693558","0.003056737","ok","-2.663242050756395"
"716","SHAPE-SSP2-NPi","REMIND-MAgPIE 3.2-4.6","Final Energy","EJ/yr","[object Object]",2040,43.2947,"3.078019164693558","3.078019164693558","2100","1.13833135","3556.3248737000004","GW7","ok","medium","ok","ok","ok","ok","medium","medium","medium","ok","ok",,"C7","C7: Below 4.0°C",,,"31.293530068154762","50.11926046069798","17.931588051553703","1.13833135","3.078019164693558","3.078019164693558","0.003056737","ok","-2.663242050756395"
"716","SHAPE-SSP2-NPi","REMIND-MAgPIE 3.2-4.6","Final Energy","EJ/yr","[object Object]",2045,41.2039,"3.078019164693558","3.078019164693558","2100","1.13833135","3556.3248737000004","GW7","ok","medium","ok","ok","ok","ok","medium","medium","medium","ok","ok",,"C7","C7: Below 4.0°C",,,"31.293530068154762","50.11926046069798","17.931588051553703","1.13833135","3.078019164693558","3.078019164693558","0.003056737","ok","-2.663242050756395"
"716","SHAPE-SSP2-NPi","REMIND-MAgPIE 3.2-4.6","Final Energy","EJ/yr","[object Object]",2050,39.7598,"3.078019164693558","3.078019164693558","2100","1.13833135","3556.3248737000004","GW7","ok","medium","ok","ok","ok","ok","medium","medium","medium","ok","ok",,"C7","C7: Below 4.0°C",,,"31.293530068154762","50.11926046069798","17.931588051553703","1.13833135","3.078019164693558","3.078019164693558","0.003056737","ok","-2.663242050756395"
"716","SHAPE-SSP2-NPi","REMIND-MAgPIE 3.2-4.6","Final Energy","EJ/yr","[object Object]",2055,38.3433,"3.078019164693558","3.078019164693558","2100","1.13833135","3556.3248737000004","GW7","ok","medium","ok","ok","ok","ok","medium","medium","medium","ok","ok",,"C7","C7: Below 4.0°C",,,"31.293530068154762","50.11926046069798","17.931588051553703","1.13833135","3.078019164693558","3.078019164693558","0.003056737","ok","-2.663242050756395"
"716","SHAPE-SSP2-NPi","REMIND-MAgPIE 3.2-4.6","Final Energy","EJ/yr","[object Object]",2060,37.4195,"3.078019164693558","3.078019164693558","2100","1.13833135","3556.3248737000004","GW7","ok","medium","ok","ok","ok","ok","medium","medium","medium","ok","ok",,"C7","C7: Below 4.0°C",,,"31.293530068154762","50.11926046069798","17.931588051553703","1.13833135","3.078019164693558","3.078019164693558","0.003056737","ok","-2.663242050756395"
"716","SHAPE-SSP2-NPi","REMIND-MAgPIE 3.2-4.6","Final Energy","EJ/yr","[object Object]",2070,36.3161,"3.078019164693558","3.078019164693558","2100","1.13833135","3556.3248737000004","GW7","ok","medium","ok","ok","ok","ok","medium","medium","medium","ok","ok",,"C7","C7: Below 4.0°C",,,"31.293530068154762","50.11926046069798","17.931588051553703","1.13833135","3.078019164693558","3.078019164693558","0.003056737","ok","-2.663242050756395"
"716","SHAPE-SSP2-NPi","REMIND-MAgPIE 3.2-4.6","Final Energy","EJ/yr","[object Object]",2080,35.9385,"3.078019164693558","3.078019164693558","2100","1.13833135","3556.3248737000004","GW7","ok","medium","ok","ok","ok","ok","medium","medium","medium","ok","ok",,"C7","C7: Below 4.0°C",,,"31.293530068154762","50.11926046069798","17.931588051553703","1.13833135","3.078019164693558","3.078019164693558","0.003056737","ok","-2.663242050756395"
"716","SHAPE-SSP2-NPi","REMIND-MAgPIE 3.2-4.6","Final Energy","EJ/yr","[object Object]",2090,35.6032,"3.078019164693558","3.078019164693558","2100","1.13833135","3556.3248737000004","GW7","ok","medium","ok","ok","ok","ok","medium","medium","medium","ok","ok",,"C7","C7: Below 4.0°C",,,"31.293530068154762","50.11926046069798","17.931588051553703","1.13833135","3.078019164693558","3.078019164693558","0.003056737","ok","-2.663242050756395"
"716","SHAPE-SSP2-NPi","REMIND-MAgPIE 3.2-4.6","Final Energy","EJ/yr","[object Object]",2100,35.1594,"3.078019164693558","3.078019164693558","2100","1.13833135","3556.3248737000004","GW7","ok","medium","ok","ok","ok","ok","medium","medium","medium","ok","ok",,"C7","C7: Below 4.0°C",,,"31.293530068154762","50.11926046069798","17.931588051553703","1.13833135","3.078019164693558","3.078019164693558","0.003056737","ok","-2.663242050756395"
"760","NAVIGATE Demand-NPi-ref","IMAGE 3.3","Final Energy","EJ/yr","[object Object]",2010,59.38313037109375,"3.012874384765144","3.012874384765144","2100","39.11383026494805","3606.8686456729492","GW7","ok","medium","ok","ok","ok","ok","high","medium","high","ok","medium",,"C7","C7: Below 4.0°C",,,"14.744279312175482","72.32641992255414","12.24062520655093","39.11383026494805","3.012874384765144","3.012874384765144","0.002707468","ok","1.2918861218121265"
"760","NAVIGATE Demand-NPi-ref","IMAGE 3.3","Final Energy","EJ/yr","[object Object]",2015,58.02627001953125,"3.012874384765144","3.012874384765144","2100","39.11383026494805","3606.8686456729492","GW7","ok","medium","ok","ok","ok","ok","high","medium","high","ok","medium",,"C7","C7: Below 4.0°C",,,"14.744279312175482","72.32641992255414","12.24062520655093","39.11383026494805","3.012874384765144","3.012874384765144","0.002707468","ok","1.2918861218121265"
"760","NAVIGATE Demand-NPi-ref","IMAGE 3.3","Final Energy","EJ/yr","[object Object]",2020,53.967734375,"3.012874384765144","3.012874384765144","2100","39.11383026494805","3606.8686456729492","GW7","ok","medium","ok","ok","ok","ok","high","medium","high","ok","medium",,"C7","C7: Below 4.0°C",,,"14.744279312175482","72.32641992255414","12.24062520655093","39.11383026494805","3.012874384765144","3.012874384765144","0.002707468","ok","1.2918861218121265"
"760","NAVIGATE Demand-NPi-ref","IMAGE 3.3","Final Energy","EJ/yr","[object Object]",2025,55.40306396484375,"3.012874384765144","3.012874384765144","2100","39.11383026494805","3606.8686456729492","GW7","ok","medium","ok","ok","ok","ok","high","medium","high","ok","medium",,"C7","C7: Below 4.0°C",,,"14.744279312175482","72.32641992255414","12.24062520655093","39.11383026494805","3.012874384765144","3.012874384765144","0.002707468","ok","1.2918861218121265"
"760","NAVIGATE Demand-NPi-ref","IMAGE 3.3","Final Energy","EJ/yr","[object Object]",2030,52.641970703125,"3.012874384765144","3.012874384765144","2100","39.11383026494805","3606.8686456729492","GW7","ok","medium","ok","ok","ok","ok","high","medium","high","ok","medium",,"C7","C7: Below 4.0°C",,,"14.744279312175482","72.32641992255414","12.24062520655093","39.11383026494805","3.012874384765144","3.012874384765144","0.002707468","ok","1.2918861218121265"
"760","NAVIGATE Demand-NPi-ref","IMAGE 3.3","Final Energy","EJ/yr","[object Object]",2035,49.7600732421875,"3.012874384765144","3.012874384765144","2100","39.11383026494805","3606.8686456729492","GW7","ok","medium","ok","ok","ok","ok","high","medium","high","ok","medium",,"C7","C7: Below 4.0°C",,,"14.744279312175482","72.32641992255414","12.24062520655093","39.11383026494805","3.012874384765144","3.012874384765144","0.002707468","ok","1.2918861218121265"
"760","NAVIGATE Demand-NPi-ref","IMAGE 3.3","Final Energy","EJ/yr","[object Object]",2040,49.61808349609375,"3.012874384765144","3.012874384765144","2100","39.11383026494805","3606.8686456729492","GW7","ok","medium","ok","ok","ok","ok","high","medium","high","ok","medium",,"C7","C7: Below 4.0°C",,,"14.744279312175482","72.32641992255414","12.24062520655093","39.11383026494805","3.012874384765144","3.012874384765144","0.002707468","ok","1.2918861218121265"
"760","NAVIGATE Demand-NPi-ref","IMAGE 3.3","Final Energy","EJ/yr","[object Object]",2045,50.031798828125,"3.012874384765144","3.012874384765144","2100","39.11383026494805","3606.8686456729492","GW7","ok","medium","ok","ok","ok","ok","high","medium","high","ok","medium",,"C7","C7: Below 4.0°C",,,"14.744279312175482","72.32641992255414","12.24062520655093","39.11383026494805","3.012874384765144","3.012874384765144","0.002707468","ok","1.2918861218121265"
"760","NAVIGATE Demand-NPi-ref","IMAGE 3.3","Final Energy","EJ/yr","[object Object]",2050,51.28174169921875,"3.012874384765144","3.012874384765144","2100","39.11383026494805","3606.8686456729492","GW7","ok","medium","ok","ok","ok","ok","high","medium","high","ok","medium",,"C7","C7: Below 4.0°C",,,"14.744279312175482","72.32641992255414","12.24062520655093","39.11383026494805","3.012874384765144","3.012874384765144","0.002707468","ok","1.2918861218121265"
"760","NAVIGATE Demand-NPi-ref","IMAGE 3.3","Final Energy","EJ/yr","[object Object]",2060,53.409849609375,"3.012874384765144","3.012874384765144","2100","39.11383026494805","3606.8686456729492","GW7","ok","medium","ok","ok","ok","ok","high","medium","high","ok","medium",,"C7","C7: Below 4.0°C",,,"14.744279312175482","72.32641992255414","12.24062520655093","39.11383026494805","3.012874384765144","3.012874384765144","0.002707468","ok","1.2918861218121265"
"760","NAVIGATE Demand-NPi-ref","IMAGE 3.3","Final Energy","EJ/yr","[object Object]",2070,55.09012548828125,"3.012874384765144","3.012874384765144","2100","39.11383026494805","3606.8686456729492","GW7","ok","medium","ok","ok","ok","ok","high","medium","high","ok","medium",,"C7","C7: Below 4.0°C",,,"14.744279312175482","72.32641992255414","12.24062520655093","39.11383026494805","3.012874384765144","3.012874384765144","0.002707468","ok","1.2918861218121265"
"760","NAVIGATE Demand-NPi-ref","IMAGE 3.3","Final Energy","EJ/yr","[object Object]",2080,56.383416015625,"3.012874384765144","3.012874384765144","2100","39.11383026494805","3606.8686456729492","GW7","ok","medium","ok","ok","ok","ok","high","medium","high","ok","medium",,"C7","C7: Below 4.0°C",,,"14.744279312175482","72.32641992255414","12.24062520655093","39.11383026494805","3.012874384765144","3.012874384765144","0.002707468","ok","1.2918861218121265"
"760","NAVIGATE Demand-NPi-ref","IMAGE 3.3","Final Energy","EJ/yr","[object Object]",2090,57.00395166015625,"3.012874384765144","3.012874384765144","2100","39.11383026494805","3606.8686456729492","GW7","ok","medium","ok","ok","ok","ok","high","medium","high","ok","medium",,"C7","C7: Below 4.0°C",,,"14.744279312175482","72.32641992255414","12.24062520655093","39.11383026494805","3.012874384765144","3.012874384765144","0.002707468","ok","1.2918861218121265"
"760","NAVIGATE Demand-NPi-ref","IMAGE 3.3","Final Energy","EJ/yr","[object Object]",2100,57.1042548828125,"3.012874384765144","3.012874384765144","2100","39.11383026494805","3606.8686456729492","GW7","ok","medium","ok","ok","ok","ok","high","medium","high","ok","medium",,"C7","C7: Below 4.0°C",,,"14.744279312175482","72.32641992255414","12.24062520655093","39.11383026494805","3.012874384765144","3.012874384765144","0.002707468","ok","1.2918861218121265"
"793","NAVIGATE Demand-NPi-act","WITCH 5.0","Final Energy","EJ/yr","[object Object]",2010,54.1801059281292,"3.009481241743437","3.009481241743437","2100","13.177215658453763","2533.9271161220486","GW7","ok","medium","ok","ok","ok","ok","high","medium","medium","ok","ok",,"C7","C7: Below 4.0°C",,,"29.882484517297197","61.684551011664254","4.8975507742530695","13.177215658453763","3.009481241743437","3.009481241743437","0.003579724","ok","-0.23924073447709304"
"793","NAVIGATE Demand-NPi-act","WITCH 5.0","Final Energy","EJ/yr","[object Object]",2015,51.7453355655999,"3.009481241743437","3.009481241743437","2100","13.177215658453763","2533.9271161220486","GW7","ok","medium","ok","ok","ok","ok","high","medium","medium","ok","ok",,"C7","C7: Below 4.0°C",,,"29.882484517297197","61.684551011664254","4.8975507742530695","13.177215658453763","3.009481241743437","3.009481241743437","0.003579724","ok","-0.23924073447709304"
"793","NAVIGATE Demand-NPi-act","WITCH 5.0","Final Energy","EJ/yr","[object Object]",2020,44.3128211585548,"3.009481241743437","3.009481241743437","2100","13.177215658453763","2533.9271161220486","GW7","ok","medium","ok","ok","ok","ok","high","medium","medium","ok","ok",,"C7","C7: Below 4.0°C",,,"29.882484517297197","61.684551011664254","4.8975507742530695","13.177215658453763","3.009481241743437","3.009481241743437","0.003579724","ok","-0.23924073447709304"
"793","NAVIGATE Demand-NPi-act","WITCH 5.0","Final Energy","EJ/yr","[object Object]",2025,45.4588417363819,"3.009481241743437","3.009481241743437","2100","13.177215658453763","2533.9271161220486","GW7","ok","medium","ok","ok","ok","ok","high","medium","medium","ok","ok",,"C7","C7: Below 4.0°C",,,"29.882484517297197","61.684551011664254","4.8975507742530695","13.177215658453763","3.009481241743437","3.009481241743437","0.003579724","ok","-0.23924073447709304"
"793","NAVIGATE Demand-NPi-act","WITCH 5.0","Final Energy","EJ/yr","[object Object]",2030,38.9079774990903,"3.009481241743437","3.009481241743437","2100","13.177215658453763","2533.9271161220486","GW7","ok","medium","ok","ok","ok","ok","high","medium","medium","ok","ok",,"C7","C7: Below 4.0°C",,,"29.882484517297197","61.684551011664254","4.8975507742530695","13.177215658453763","3.009481241743437","3.009481241743437","0.003579724","ok","-0.23924073447709304"
"793","NAVIGATE Demand-NPi-act","WITCH 5.0","Final Energy","EJ/yr","[object Object]",2035,37.0036667022151,"3.009481241743437","3.009481241743437","2100","13.177215658453763","2533.9271161220486","GW7","ok","medium","ok","ok","ok","ok","high","medium","medium","ok","ok",,"C7","C7: Below 4.0°C",,,"29.882484517297197","61.684551011664254","4.8975507742530695","13.177215658453763","3.009481241743437","3.009481241743437","0.003579724","ok","-0.23924073447709304"
"793","NAVIGATE Demand-NPi-act","WITCH 5.0","Final Energy","EJ/yr","[object Object]",2040,35.3293577961118,"3.009481241743437","3.009481241743437","2100","13.177215658453763","2533.9271161220486","GW7","ok","medium","ok","ok","ok","ok","high","medium","medium","ok","ok",,"C7","C7: Below 4.0°C",,,"29.882484517297197","61.684551011664254","4.8975507742530695","13.177215658453763","3.009481241743437","3.009481241743437","0.003579724","ok","-0.23924073447709304"
"793","NAVIGATE Demand-NPi-act","WITCH 5.0","Final Energy","EJ/yr","[object Object]",2045,33.9007849080349,"3.009481241743437","3.009481241743437","2100","13.177215658453763","2533.9271161220486","GW7","ok","medium","ok","ok","ok","ok","high","medium","medium","ok","ok",,"C7","C7: Below 4.0°C",,,"29.882484517297197","61.684551011664254","4.8975507742530695","13.177215658453763","3.009481241743437","3.009481241743437","0.003579724","ok","-0.23924073447709304"
"793","NAVIGATE Demand-NPi-act","WITCH 5.0","Final Energy","EJ/yr","[object Object]",2050,32.5976440374481,"3.009481241743437","3.009481241743437","2100","13.177215658453763","2533.9271161220486","GW7","ok","medium","ok","ok","ok","ok","high","medium","medium","ok","ok",,"C7","C7: Below 4.0°C",,,"29.882484517297197","61.684551011664254","4.8975507742530695","13.177215658453763","3.009481241743437","3.009481241743437","0.003579724","ok","-0.23924073447709304"
"793","NAVIGATE Demand-NPi-act","WITCH 5.0","Final Energy","EJ/yr","[object Object]",2055,32.0117008114547,"3.009481241743437","3.009481241743437","2100","13.177215658453763","2533.9271161220486","GW7","ok","medium","ok","ok","ok","ok","high","medium","medium","ok","ok",,"C7","C7: Below 4.0°C",,,"29.882484517297197","61.684551011664254","4.8975507742530695","13.177215658453763","3.009481241743437","3.009481241743437","0.003579724","ok","-0.23924073447709304"
"793","NAVIGATE Demand-NPi-act","WITCH 5.0","Final Energy","EJ/yr","[object Object]",2060,31.1265012902911,"3.009481241743437","3.009481241743437","2100","13.177215658453763","2533.9271161220486","GW7","ok","medium","ok","ok","ok","ok","high","medium","medium","ok","ok",,"C7","C7: Below 4.0°C",,,"29.882484517297197","61.684551011664254","4.8975507742530695","13.177215658453763","3.009481241743437","3.009481241743437","0.003579724","ok","-0.23924073447709304"
"793","NAVIGATE Demand-NPi-act","WITCH 5.0","Final Energy","EJ/yr","[object Object]",2065,30.5539539599293,"3.009481241743437","3.009481241743437","2100","13.177215658453763","2533.9271161220486","GW7","ok","medium","ok","ok","ok","ok","high","medium","medium","ok","ok",,"C7","C7: Below 4.0°C",,,"29.882484517297197","61.684551011664254","4.8975507742530695","13.177215658453763","3.009481241743437","3.009481241743437","0.003579724","ok","-0.23924073447709304"
"793","NAVIGATE Demand-NPi-act","WITCH 5.0","Final Energy","EJ/yr","[object Object]",2070,30.319264806782,"3.009481241743437","3.009481241743437","2100","13.177215658453763","2533.9271161220486","GW7","ok","medium","ok","ok","ok","ok","high","medium","medium","ok","ok",,"C7","C7: Below 4.0°C",,,"29.882484517297197","61.684551011664254","4.8975507742530695","13.177215658453763","3.009481241743437","3.009481241743437","0.003579724","ok","-0.23924073447709304"
"793","NAVIGATE Demand-NPi-act","WITCH 5.0","Final Energy","EJ/yr","[object Object]",2075,30.3390891067924,"3.009481241743437","3.009481241743437","2100","13.177215658453763","2533.9271161220486","GW7","ok","medium","ok","ok","ok","ok","high","medium","medium","ok","ok",,"C7","C7: Below 4.0°C",,,"29.882484517297197","61.684551011664254","4.8975507742530695","13.177215658453763","3.009481241743437","3.009481241743437","0.003579724","ok","-0.23924073447709304"
"793","NAVIGATE Demand-NPi-act","WITCH 5.0","Final Energy","EJ/yr","[object Object]",2080,30.5302446702226,"3.009481241743437","3.009481241743437","2100","13.177215658453763","2533.9271161220486","GW7","ok","medium","ok","ok","ok","ok","high","medium","medium","ok","ok",,"C7","C7: Below 4.0°C",,,"29.882484517297197","61.684551011664254","4.8975507742530695","13.177215658453763","3.009481241743437","3.009481241743437","0.003579724","ok","-0.23924073447709304"
"793","NAVIGATE Demand-NPi-act","WITCH 5.0","Final Energy","EJ/yr","[object Object]",2085,30.7687233326502,"3.009481241743437","3.009481241743437","2100","13.177215658453763","2533.9271161220486","GW7","ok","medium","ok","ok","ok","ok","high","medium","medium","ok","ok",,"C7","C7: Below 4.0°C",,,"29.882484517297197","61.684551011664254","4.8975507742530695","13.177215658453763","3.009481241743437","3.009481241743437","0.003579724","ok","-0.23924073447709304"
"793","NAVIGATE Demand-NPi-act","WITCH 5.0","Final Energy","EJ/yr","[object Object]",2090,31.1203746749533,"3.009481241743437","3.009481241743437","2100","13.177215658453763","2533.9271161220486","GW7","ok","medium","ok","ok","ok","ok","high","medium","medium","ok","ok",,"C7","C7: Below 4.0°C",,,"29.882484517297197","61.684551011664254","4.8975507742530695","13.177215658453763","3.009481241743437","3.009481241743437","0.003579724","ok","-0.23924073447709304"
"793","NAVIGATE Demand-NPi-act","WITCH 5.0","Final Energy","EJ/yr","[object Object]",2095,31.4992386204626,"3.009481241743437","3.009481241743437","2100","13.177215658453763","2533.9271161220486","GW7","ok","medium","ok","ok","ok","ok","high","medium","medium","ok","ok",,"C7","C7: Below 4.0°C",,,"29.882484517297197","61.684551011664254","4.8975507742530695","13.177215658453763","3.009481241743437","3.009481241743437","0.003579724","ok","-0.23924073447709304"
"793","NAVIGATE Demand-NPi-act","WITCH 5.0","Final Energy","EJ/yr","[object Object]",2100,31.8552590103713,"3.009481241743437","3.009481241743437","2100","13.177215658453763","2533.9271161220486","GW7","ok","medium","ok","ok","ok","ok","high","medium","medium","ok","ok",,"C7","C7: Below 4.0°C",,,"29.882484517297197","61.684551011664254","4.8975507742530695","13.177215658453763","3.009481241743437","3.009481241743437","0.003579724","ok","-0.23924073447709304"
"796","NAVIGATE Demand-NPi-ref","WITCH 5.0","Final Energy","EJ/yr","[object Object]",2010,54.1801059281292,"3.097550762885774","3.097550762885774","2100","11.909154682382104","2704.2194854604536","GW7","ok","medium","ok","ok","ok","ok","high","medium","medium","ok","ok",,"C7","C7: Below 4.0°C",,,"29.621342817732216","63.237535893241606","4.147296507440166","11.909154682382104","3.097550762885774","3.097550762885774","0.003579977","ok","-0.18175189455027407"
"796","NAVIGATE Demand-NPi-ref","WITCH 5.0","Final Energy","EJ/yr","[object Object]",2015,51.7453355655999,"3.097550762885774","3.097550762885774","2100","11.909154682382104","2704.2194854604536","GW7","ok","medium","ok","ok","ok","ok","high","medium","medium","ok","ok",,"C7","C7: Below 4.0°C",,,"29.621342817732216","63.237535893241606","4.147296507440166","11.909154682382104","3.097550762885774","3.097550762885774","0.003579977","ok","-0.18175189455027407"
"796","NAVIGATE Demand-NPi-ref","WITCH 5.0","Final Energy","EJ/yr","[object Object]",2020,44.3480125958021,"3.097550762885774","3.097550762885774","2100","11.909154682382104","2704.2194854604536","GW7","ok","medium","ok","ok","ok","ok","high","medium","medium","ok","ok",,"C7","C7: Below 4.0°C",,,"29.621342817732216","63.237535893241606","4.147296507440166","11.909154682382104","3.097550762885774","3.097550762885774","0.003579977","ok","-0.18175189455027407"
"796","NAVIGATE Demand-NPi-ref","WITCH 5.0","Final Energy","EJ/yr","[object Object]",2025,46.7397269329945,"3.097550762885774","3.097550762885774","2100","11.909154682382104","2704.2194854604536","GW7","ok","medium","ok","ok","ok","ok","high","medium","medium","ok","ok",,"C7","C7: Below 4.0°C",,,"29.621342817732216","63.237535893241606","4.147296507440166","11.909154682382104","3.097550762885774","3.097550762885774","0.003579977","ok","-0.18175189455027407"
"796","NAVIGATE Demand-NPi-ref","WITCH 5.0","Final Energy","EJ/yr","[object Object]",2030,42.5317414596526,"3.097550762885774","3.097550762885774","2100","11.909154682382104","2704.2194854604536","GW7","ok","medium","ok","ok","ok","ok","high","medium","medium","ok","ok",,"C7","C7: Below 4.0°C",,,"29.621342817732216","63.237535893241606","4.147296507440166","11.909154682382104","3.097550762885774","3.097550762885774","0.003579977","ok","-0.18175189455027407"
"796","NAVIGATE Demand-NPi-ref","WITCH 5.0","Final Energy","EJ/yr","[object Object]",2035,41.7581943630954,"3.097550762885774","3.097550762885774","2100","11.909154682382104","2704.2194854604536","GW7","ok","medium","ok","ok","ok","ok","high","medium","medium","ok","ok",,"C7","C7: Below 4.0°C",,,"29.621342817732216","63.237535893241606","4.147296507440166","11.909154682382104","3.097550762885774","3.097550762885774","0.003579977","ok","-0.18175189455027407"
"796","NAVIGATE Demand-NPi-ref","WITCH 5.0","Final Energy","EJ/yr","[object Object]",2040,41.6042744320073,"3.097550762885774","3.097550762885774","2100","11.909154682382104","2704.2194854604536","GW7","ok","medium","ok","ok","ok","ok","high","medium","medium","ok","ok",,"C7","C7: Below 4.0°C",,,"29.621342817732216","63.237535893241606","4.147296507440166","11.909154682382104","3.097550762885774","3.097550762885774","0.003579977","ok","-0.18175189455027407"
"796","NAVIGATE Demand-NPi-ref","WITCH 5.0","Final Energy","EJ/yr","[object Object]",2045,40.4677779791615,"3.097550762885774","3.097550762885774","2100","11.909154682382104","2704.2194854604536","GW7","ok","medium","ok","ok","ok","ok","high","medium","medium","ok","ok",,"C7","C7: Below 4.0°C",,,"29.621342817732216","63.237535893241606","4.147296507440166","11.909154682382104","3.097550762885774","3.097550762885774","0.003579977","ok","-0.18175189455027407"
"796","NAVIGATE Demand-NPi-ref","WITCH 5.0","Final Energy","EJ/yr","[object Object]",2050,39.550272488628,"3.097550762885774","3.097550762885774","2100","11.909154682382104","2704.2194854604536","GW7","ok","medium","ok","ok","ok","ok","high","medium","medium","ok","ok",,"C7","C7: Below 4.0°C",,,"29.621342817732216","63.237535893241606","4.147296507440166","11.909154682382104","3.097550762885774","3.097550762885774","0.003579977","ok","-0.18175189455027407"
"796","NAVIGATE Demand-NPi-ref","WITCH 5.0","Final Energy","EJ/yr","[object Object]",2055,38.8983722923633,"3.097550762885774","3.097550762885774","2100","11.909154682382104","2704.2194854604536","GW7","ok","medium","ok","ok","ok","ok","high","medium","medium","ok","ok",,"C7","C7: Below 4.0°C",,,"29.621342817732216","63.237535893241606","4.147296507440166","11.909154682382104","3.097550762885774","3.097550762885774","0.003579977","ok","-0.18175189455027407"
"796","NAVIGATE Demand-NPi-ref","WITCH 5.0","Final Energy","EJ/yr","[object Object]",2060,38.519995670198,"3.097550762885774","3.097550762885774","2100","11.909154682382104","2704.2194854604536","GW7","ok","medium","ok","ok","ok","ok","high","medium","medium","ok","ok",,"C7","C7: Below 4.0°C",,,"29.621342817732216","63.237535893241606","4.147296507440166","11.909154682382104","3.097550762885774","3.097550762885774","0.003579977","ok","-0.18175189455027407"
"796","NAVIGATE Demand-NPi-ref","WITCH 5.0","Final Energy","EJ/yr","[object Object]",2065,38.368388364268,"3.097550762885774","3.097550762885774","2100","11.909154682382104","2704.2194854604536","GW7","ok","medium","ok","ok","ok","ok","high","medium","medium","ok","ok",,"C7","C7: Below 4.0°C",,,"29.621342817732216","63.237535893241606","4.147296507440166","11.909154682382104","3.097550762885774","3.097550762885774","0.003579977","ok","-0.18175189455027407"
"796","NAVIGATE Demand-NPi-ref","WITCH 5.0","Final Energy","EJ/yr","[object Object]",2070,38.4762326189464,"3.097550762885774","3.097550762885774","2100","11.909154682382104","2704.2194854604536","GW7","ok","medium","ok","ok","ok","ok","high","medium","medium","ok","ok",,"C7","C7: Below 4.0°C",,,"29.621342817732216","63.237535893241606","4.147296507440166","11.909154682382104","3.097550762885774","3.097550762885774","0.003579977","ok","-0.18175189455027407"
"796","NAVIGATE Demand-NPi-ref","WITCH 5.0","Final Energy","EJ/yr","[object Object]",2075,38.8927785031245,"3.097550762885774","3.097550762885774","2100","11.909154682382104","2704.2194854604536","GW7","ok","medium","ok","ok","ok","ok","high","medium","medium","ok","ok",,"C7","C7: Below 4.0°C",,,"29.621342817732216","63.237535893241606","4.147296507440166","11.909154682382104","3.097550762885774","3.097550762885774","0.003579977","ok","-0.18175189455027407"
"796","NAVIGATE Demand-NPi-ref","WITCH 5.0","Final Energy","EJ/yr","[object Object]",2080,39.3798990628549,"3.097550762885774","3.097550762885774","2100","11.909154682382104","2704.2194854604536","GW7","ok","medium","ok","ok","ok","ok","high","medium","medium","ok","ok",,"C7","C7: Below 4.0°C",,,"29.621342817732216","63.237535893241606","4.147296507440166","11.909154682382104","3.097550762885774","3.097550762885774","0.003579977","ok","-0.18175189455027407"
"796","NAVIGATE Demand-NPi-ref","WITCH 5.0","Final Energy","EJ/yr","[object Object]",2085,39.8600495717846,"3.097550762885774","3.097550762885774","2100","11.909154682382104","2704.2194854604536","GW7","ok","medium","ok","ok","ok","ok","high","medium","medium","ok","ok",,"C7","C7: Below 4.0°C",,,"29.621342817732216","63.237535893241606","4.147296507440166","11.909154682382104","3.097550762885774","3.097550762885774","0.003579977","ok","-0.18175189455027407"
"796","NAVIGATE Demand-NPi-ref","WITCH 5.0","Final Energy","EJ/yr","[object Object]",2090,40.3480735644495,"3.097550762885774","3.097550762885774","2100","11.909154682382104","2704.2194854604536","GW7","ok","medium","ok","ok","ok","ok","high","medium","medium","ok","ok",,"C7","C7: Below 4.0°C",,,"29.621342817732216","63.237535893241606","4.147296507440166","11.909154682382104","3.097550762885774","3.097550762885774","0.003579977","ok","-0.18175189455027407"
"796","NAVIGATE Demand-NPi-ref","WITCH 5.0","Final Energy","EJ/yr","[object Object]",2095,40.8095602334444,"3.097550762885774","3.097550762885774","2100","11.909154682382104","2704.2194854604536","GW7","ok","medium","ok","ok","ok","ok","high","medium","medium","ok","ok",,"C7","C7: Below 4.0°C",,,"29.621342817732216","63.237535893241606","4.147296507440166","11.909154682382104","3.097550762885774","3.097550762885774","0.003579977","ok","-0.18175189455027407"
"796","NAVIGATE Demand-NPi-ref","WITCH 5.0","Final Energy","EJ/yr","[object Object]",2100,41.2458525267464,"3.097550762885774","3.097550762885774","2100","11.909154682382104","2704.2194854604536","GW7","ok","medium","ok","ok","ok","ok","high","medium","medium","ok","ok",,"C7","C7: Below 4.0°C",,,"29.621342817732216","63.237535893241606","4.147296507440166","11.909154682382104","3.097550762885774","3.097550762885774","0.003579977","ok","-0.18175189455027407"
"797","NAVIGATE Demand-NPi-tec","WITCH 5.0","Final Energy","EJ/yr","[object Object]",2010,54.1801059281292,"3.031352315612578","3.031352315612578","2100","13.535900777178998","2584.6071051638064","GW7","failed","medium","ok","ok","ok","ok","high","medium","medium","ok","ok",,"C7","C7: Below 4.0°C",,,"30.092397110456414","61.12681172324851","5.172574835608593","13.535900777178998","3.031352315612578","3.031352315612578",,"ok","-0.21615588858797707"
"797","NAVIGATE Demand-NPi-tec","WITCH 5.0","Final Energy","EJ/yr","[object Object]",2015,51.7453355655999,"3.031352315612578","3.031352315612578","2100","13.535900777178998","2584.6071051638064","GW7","failed","medium","ok","ok","ok","ok","high","medium","medium","ok","ok",,"C7","C7: Below 4.0°C",,,"30.092397110456414","61.12681172324851","5.172574835608593","13.535900777178998","3.031352315612578","3.031352315612578",,"ok","-0.21615588858797707"
"797","NAVIGATE Demand-NPi-tec","WITCH 5.0","Final Energy","EJ/yr","[object Object]",2020,44.3350427536616,"3.031352315612578","3.031352315612578","2100","13.535900777178998","2584.6071051638064","GW7","failed","medium","ok","ok","ok","ok","high","medium","medium","ok","ok",,"C7","C7: Below 4.0°C",,,"30.092397110456414","61.12681172324851","5.172574835608593","13.535900777178998","3.031352315612578","3.031352315612578",,"ok","-0.21615588858797707"
"797","NAVIGATE Demand-NPi-tec","WITCH 5.0","Final Energy","EJ/yr","[object Object]",2025,46.2893888240112,"3.031352315612578","3.031352315612578","2100","13.535900777178998","2584.6071051638064","GW7","failed","medium","ok","ok","ok","ok","high","medium","medium","ok","ok",,"C7","C7: Below 4.0°C",,,"30.092397110456414","61.12681172324851","5.172574835608593","13.535900777178998","3.031352315612578","3.031352315612578",,"ok","-0.21615588858797707"
"797","NAVIGATE Demand-NPi-tec","WITCH 5.0","Final Energy","EJ/yr","[object Object]",2030,37.3424054354601,"3.031352315612578","3.031352315612578","2100","13.535900777178998","2584.6071051638064","GW7","failed","medium","ok","ok","ok","ok","high","medium","medium","ok","ok",,"C7","C7: Below 4.0°C",,,"30.092397110456414","61.12681172324851","5.172574835608593","13.535900777178998","3.031352315612578","3.031352315612578",,"ok","-0.21615588858797707"
"797","NAVIGATE Demand-NPi-tec","WITCH 5.0","Final Energy","EJ/yr","[object Object]",2035,38.2068559955242,"3.031352315612578","3.031352315612578","2100","13.535900777178998","2584.6071051638064","GW7","failed","medium","ok","ok","ok","ok","high","medium","medium","ok","ok",,"C7","C7: Below 4.0°C",,,"30.092397110456414","61.12681172324851","5.172574835608593","13.535900777178998","3.031352315612578","3.031352315612578",,"ok","-0.21615588858797707"
"797","NAVIGATE Demand-NPi-tec","WITCH 5.0","Final Energy","EJ/yr","[object Object]",2040,36.6142939674716,"3.031352315612578","3.031352315612578","2100","13.535900777178998","2584.6071051638064","GW7","failed","medium","ok","ok","ok","ok","high","medium","medium","ok","ok",,"C7","C7: Below 4.0°C",,,"30.092397110456414","61.12681172324851","5.172574835608593","13.535900777178998","3.031352315612578","3.031352315612578",,"ok","-0.21615588858797707"
"797","NAVIGATE Demand-NPi-tec","WITCH 5.0","Final Energy","EJ/yr","[object Object]",2045,35.0985508186084,"3.031352315612578","3.031352315612578","2100","13.535900777178998","2584.6071051638064","GW7","failed","medium","ok","ok","ok","ok","high","medium","medium","ok","ok",,"C7","C7: Below 4.0°C",,,"30.092397110456414","61.12681172324851","5.172574835608593","13.535900777178998","3.031352315612578","3.031352315612578",,"ok","-0.21615588858797707"
"797","NAVIGATE Demand-NPi-tec","WITCH 5.0","Final Energy","EJ/yr","[object Object]",2050,33.9393143576717,"3.031352315612578","3.031352315612578","2100","13.535900777178998","2584.6071051638064","GW7","failed","medium","ok","ok","ok","ok","high","medium","medium","ok","ok",,"C7","C7: Below 4.0°C",,,"30.092397110456414","61.12681172324851","5.172574835608593","13.535900777178998","3.031352315612578","3.031352315612578",,"ok","-0.21615588858797707"
"797","NAVIGATE Demand-NPi-tec","WITCH 5.0","Final Energy","EJ/yr","[object Object]",2055,33.1132843169194,"3.031352315612578","3.031352315612578","2100","13.535900777178998","2584.6071051638064","GW7","failed","medium","ok","ok","ok","ok","high","medium","medium","ok","ok",,"C7","C7: Below 4.0°C",,,"30.092397110456414","61.12681172324851","5.172574835608593","13.535900777178998","3.031352315612578","3.031352315612578",,"ok","-0.21615588858797707"
"797","NAVIGATE Demand-NPi-tec","WITCH 5.0","Final Energy","EJ/yr","[object Object]",2060,32.7021118829778,"3.031352315612578","3.031352315612578","2100","13.535900777178998","2584.6071051638064","GW7","failed","medium","ok","ok","ok","ok","high","medium","medium","ok","ok",,"C7","C7: Below 4.0°C",,,"30.092397110456414","61.12681172324851","5.172574835608593","13.535900777178998","3.031352315612578","3.031352315612578",,"ok","-0.21615588858797707"
"797","NAVIGATE Demand-NPi-tec","WITCH 5.0","Final Energy","EJ/yr","[object Object]",2065,31.9638863363652,"3.031352315612578","3.031352315612578","2100","13.535900777178998","2584.6071051638064","GW7","failed","medium","ok","ok","ok","ok","high","medium","medium","ok","ok",,"C7","C7: Below 4.0°C",,,"30.092397110456414","61.12681172324851","5.172574835608593","13.535900777178998","3.031352315612578","3.031352315612578",,"ok","-0.21615588858797707"
"797","NAVIGATE Demand-NPi-tec","WITCH 5.0","Final Energy","EJ/yr","[object Object]",2070,31.5876652140493,"3.031352315612578","3.031352315612578","2100","13.535900777178998","2584.6071051638064","GW7","failed","medium","ok","ok","ok","ok","high","medium","medium","ok","ok",,"C7","C7: Below 4.0°C",,,"30.092397110456414","61.12681172324851","5.172574835608593","13.535900777178998","3.031352315612578","3.031352315612578",,"ok","-0.21615588858797707"
"797","NAVIGATE Demand-NPi-tec","WITCH 5.0","Final Energy","EJ/yr","[object Object]",2075,31.5602944920994,"3.031352315612578","3.031352315612578","2100","13.535900777178998","2584.6071051638064","GW7","failed","medium","ok","ok","ok","ok","high","medium","medium","ok","ok",,"C7","C7: Below 4.0°C",,,"30.092397110456414","61.12681172324851","5.172574835608593","13.535900777178998","3.031352315612578","3.031352315612578",,"ok","-0.21615588858797707"
"797","NAVIGATE Demand-NPi-tec","WITCH 5.0","Final Energy","EJ/yr","[object Object]",2080,31.6626684698415,"3.031352315612578","3.031352315612578","2100","13.535900777178998","2584.6071051638064","GW7","failed","medium","ok","ok","ok","ok","high","medium","medium","ok","ok",,"C7","C7: Below 4.0°C",,,"30.092397110456414","61.12681172324851","5.172574835608593","13.535900777178998","3.031352315612578","3.031352315612578",,"ok","-0.21615588858797707"
"797","NAVIGATE Demand-NPi-tec","WITCH 5.0","Final Energy","EJ/yr","[object Object]",2085,31.8319536211103,"3.031352315612578","3.031352315612578","2100","13.535900777178998","2584.6071051638064","GW7","failed","medium","ok","ok","ok","ok","high","medium","medium","ok","ok",,"C7","C7: Below 4.0°C",,,"30.092397110456414","61.12681172324851","5.172574835608593","13.535900777178998","3.031352315612578","3.031352315612578",,"ok","-0.21615588858797707"
"797","NAVIGATE Demand-NPi-tec","WITCH 5.0","Final Energy","EJ/yr","[object Object]",2090,32.1190916613192,"3.031352315612578","3.031352315612578","2100","13.535900777178998","2584.6071051638064","GW7","failed","medium","ok","ok","ok","ok","high","medium","medium","ok","ok",,"C7","C7: Below 4.0°C",,,"30.092397110456414","61.12681172324851","5.172574835608593","13.535900777178998","3.031352315612578","3.031352315612578",,"ok","-0.21615588858797707"
"797","NAVIGATE Demand-NPi-tec","WITCH 5.0","Final Energy","EJ/yr","[object Object]",2095,32.4604407001841,"3.031352315612578","3.031352315612578","2100","13.535900777178998","2584.6071051638064","GW7","failed","medium","ok","ok","ok","ok","high","medium","medium","ok","ok",,"C7","C7: Below 4.0°C",,,"30.092397110456414","61.12681172324851","5.172574835608593","13.535900777178998","3.031352315612578","3.031352315612578",,"ok","-0.21615588858797707"
"797","NAVIGATE Demand-NPi-tec","WITCH 5.0","Final Energy","EJ/yr","[object Object]",2100,32.8330269910079,"3.031352315612578","3.031352315612578","2100","13.535900777178998","2584.6071051638064","GW7","failed","medium","ok","ok","ok","ok","high","medium","medium","ok","ok",,"C7","C7: Below 4.0°C",,,"30.092397110456414","61.12681172324851","5.172574835608593","13.535900777178998","3.031352315612578","3.031352315612578",,"ok","-0.21615588858797707"
"831","CD-LINKS-INDCi","REMIND-MAgPIE 1.7-3.0","Final Energy","EJ/yr","[object Object]",2010,55.4439,"3.086378782979385","3.086378782979385","2100","225.14197600000003","3646.8439691","GW7","failed","ok","ok","ok","medium","ok",,"medium","medium","ok","ok","true","C7","C7: Below 4.0°C","REMIND-MAgPIE 1.7-3.0","CD-LINKS_INDCi","33.51714738057543","54.007255347768634","8.006624447962668","225.14197600000003","3.086378782979385","3.086378782979385",,,"-1.0454081873806729"
"831","CD-LINKS-INDCi","REMIND-MAgPIE 1.7-3.0","Final Energy","EJ/yr","[object Object]",2015,54.3814,"3.086378782979385","3.086378782979385","2100","225.14197600000003","3646.8439691","GW7","failed","ok","ok","ok","medium","ok",,"medium","medium","ok","ok","true","C7","C7: Below 4.0°C","REMIND-MAgPIE 1.7-3.0","CD-LINKS_INDCi","33.51714738057543","54.007255347768634","8.006624447962668","225.14197600000003","3.086378782979385","3.086378782979385",,,"-1.0454081873806729"
"831","CD-LINKS-INDCi","REMIND-MAgPIE 1.7-3.0","Final Energy","EJ/yr","[object Object]",2020,54.1857,"3.086378782979385","3.086378782979385","2100","225.14197600000003","3646.8439691","GW7","failed","ok","ok","ok","medium","ok",,"medium","medium","ok","ok","true","C7","C7: Below 4.0°C","REMIND-MAgPIE 1.7-3.0","CD-LINKS_INDCi","33.51714738057543","54.007255347768634","8.006624447962668","225.14197600000003","3.086378782979385","3.086378782979385",,,"-1.0454081873806729"
"831","CD-LINKS-INDCi","REMIND-MAgPIE 1.7-3.0","Final Energy","EJ/yr","[object Object]",2025,52.6614,"3.086378782979385","3.086378782979385","2100","225.14197600000003","3646.8439691","GW7","failed","ok","ok","ok","medium","ok",,"medium","medium","ok","ok","true","C7","C7: Below 4.0°C","REMIND-MAgPIE 1.7-3.0","CD-LINKS_INDCi","33.51714738057543","54.007255347768634","8.006624447962668","225.14197600000003","3.086378782979385","3.086378782979385",,,"-1.0454081873806729"
"831","CD-LINKS-INDCi","REMIND-MAgPIE 1.7-3.0","Final Energy","EJ/yr","[object Object]",2030,52.5553,"3.086378782979385","3.086378782979385","2100","225.14197600000003","3646.8439691","GW7","failed","ok","ok","ok","medium","ok",,"medium","medium","ok","ok","true","C7","C7: Below 4.0°C","REMIND-MAgPIE 1.7-3.0","CD-LINKS_INDCi","33.51714738057543","54.007255347768634","8.006624447962668","225.14197600000003","3.086378782979385","3.086378782979385",,,"-1.0454081873806729"
"831","CD-LINKS-INDCi","REMIND-MAgPIE 1.7-3.0","Final Energy","EJ/yr","[object Object]",2035,53.5399,"3.086378782979385","3.086378782979385","2100","225.14197600000003","3646.8439691","GW7","failed","ok","ok","ok","medium","ok",,"medium","medium","ok","ok","true","C7","C7: Below 4.0°C","REMIND-MAgPIE 1.7-3.0","CD-LINKS_INDCi","33.51714738057543","54.007255347768634","8.006624447962668","225.14197600000003","3.086378782979385","3.086378782979385",,,"-1.0454081873806729"
"831","CD-LINKS-INDCi","REMIND-MAgPIE 1.7-3.0","Final Energy","EJ/yr","[object Object]",2040,54.5854,"3.086378782979385","3.086378782979385","2100","225.14197600000003","3646.8439691","GW7","failed","ok","ok","ok","medium","ok",,"medium","medium","ok","ok","true","C7","C7: Below 4.0°C","REMIND-MAgPIE 1.7-3.0","CD-LINKS_INDCi","33.51714738057543","54.007255347768634","8.006624447962668","225.14197600000003","3.086378782979385","3.086378782979385",,,"-1.0454081873806729"
"831","CD-LINKS-INDCi","REMIND-MAgPIE 1.7-3.0","Final Energy","EJ/yr","[object Object]",2045,55.9836,"3.086378782979385","3.086378782979385","2100","225.14197600000003","3646.8439691","GW7","failed","ok","ok","ok","medium","ok",,"medium","medium","ok","ok","true","C7","C7: Below 4.0°C","REMIND-MAgPIE 1.7-3.0","CD-LINKS_INDCi","33.51714738057543","54.007255347768634","8.006624447962668","225.14197600000003","3.086378782979385","3.086378782979385",,,"-1.0454081873806729"
"831","CD-LINKS-INDCi","REMIND-MAgPIE 1.7-3.0","Final Energy","EJ/yr","[object Object]",2050,57.3587,"3.086378782979385","3.086378782979385","2100","225.14197600000003","3646.8439691","GW7","failed","ok","ok","ok","medium","ok",,"medium","medium","ok","ok","true","C7","C7: Below 4.0°C","REMIND-MAgPIE 1.7-3.0","CD-LINKS_INDCi","33.51714738057543","54.007255347768634","8.006624447962668","225.14197600000003","3.086378782979385","3.086378782979385",,,"-1.0454081873806729"
"831","CD-LINKS-INDCi","REMIND-MAgPIE 1.7-3.0","Final Energy","EJ/yr","[object Object]",2055,59.1574,"3.086378782979385","3.086378782979385","2100","225.14197600000003","3646.8439691","GW7","failed","ok","ok","ok","medium","ok",,"medium","medium","ok","ok","true","C7","C7: Below 4.0°C","REMIND-MAgPIE 1.7-3.0","CD-LINKS_INDCi","33.51714738057543","54.007255347768634","8.006624447962668","225.14197600000003","3.086378782979385","3.086378782979385",,,"-1.0454081873806729"
"831","CD-LINKS-INDCi","REMIND-MAgPIE 1.7-3.0","Final Energy","EJ/yr","[object Object]",2060,60.5826,"3.086378782979385","3.086378782979385","2100","225.14197600000003","3646.8439691","GW7","failed","ok","ok","ok","medium","ok",,"medium","medium","ok","ok","true","C7","C7: Below 4.0°C","REMIND-MAgPIE 1.7-3.0","CD-LINKS_INDCi","33.51714738057543","54.007255347768634","8.006624447962668","225.14197600000003","3.086378782979385","3.086378782979385",,,"-1.0454081873806729"
"831","CD-LINKS-INDCi","REMIND-MAgPIE 1.7-3.0","Final Energy","EJ/yr","[object Object]",2070,63.0658,"3.086378782979385","3.086378782979385","2100","225.14197600000003","3646.8439691","GW7","failed","ok","ok","ok","medium","ok",,"medium","medium","ok","ok","true","C7","C7: Below 4.0°C","REMIND-MAgPIE 1.7-3.0","CD-LINKS_INDCi","33.51714738057543","54.007255347768634","8.006624447962668","225.14197600000003","3.086378782979385","3.086378782979385",,,"-1.0454081873806729"
"831","CD-LINKS-INDCi","REMIND-MAgPIE 1.7-3.0","Final Energy","EJ/yr","[object Object]",2080,65.5436,"3.086378782979385","3.086378782979385","2100","225.14197600000003","3646.8439691","GW7","failed","ok","ok","ok","medium","ok",,"medium","medium","ok","ok","true","C7","C7: Below 4.0°C","REMIND-MAgPIE 1.7-3.0","CD-LINKS_INDCi","33.51714738057543","54.007255347768634","8.006624447962668","225.14197600000003","3.086378782979385","3.086378782979385",,,"-1.0454081873806729"
"831","CD-LINKS-INDCi","REMIND-MAgPIE 1.7-3.0","Final Energy","EJ/yr","[object Object]",2090,66.5489,"3.086378782979385","3.086378782979385","2100","225.14197600000003","3646.8439691","GW7","failed","ok","ok","ok","medium","ok",,"medium","medium","ok","ok","true","C7","C7: Below 4.0°C","REMIND-MAgPIE 1.7-3.0","CD-LINKS_INDCi","33.51714738057543","54.007255347768634","8.006624447962668","225.14197600000003","3.086378782979385","3.086378782979385",,,"-1.0454081873806729"
"831","CD-LINKS-INDCi","REMIND-MAgPIE 1.7-3.0","Final Energy","EJ/yr","[object Object]",2100,69.4374,"3.086378782979385","3.086378782979385","2100","225.14197600000003","3646.8439691","GW7","failed","ok","ok","ok","medium","ok",,"medium","medium","ok","ok","true","C7","C7: Below 4.0°C","REMIND-MAgPIE 1.7-3.0","CD-LINKS_INDCi","33.51714738057543","54.007255347768634","8.006624447962668","225.14197600000003","3.086378782979385","3.086378782979385",,,"-1.0454081873806729"
"874","COMMIT-Baseline","COFFEE 1.1","Final Energy","EJ/yr","[object Object]",2010,57.94377020639999,"3.243941518506729","3.243941518506729","2100","0","4372.66338837775","GW7","failed","medium","ok","ok","medium","high","ok","high","ok","ok","medium","true","C7","C7: Below 4.0°C","COFFEE 1.1","CO_BAU","15.306725514245729","79.35619912487294","1.180977131216342","0","3.243941518506729","3.243941518506729",,,"-2.882698059344378"
"874","COMMIT-Baseline","COFFEE 1.1","Final Energy","EJ/yr","[object Object]",2015,55.10189158272,"3.243941518506729","3.243941518506729","2100","0","4372.66338837775","GW7","failed","medium","ok","ok","medium","high","ok","high","ok","ok","medium","true","C7","C7: Below 4.0°C","COFFEE 1.1","CO_BAU","15.306725514245729","79.35619912487294","1.180977131216342","0","3.243941518506729","3.243941518506729",,,"-2.882698059344378"
"874","COMMIT-Baseline","COFFEE 1.1","Final Energy","EJ/yr","[object Object]",2020,57.80847918959999,"3.243941518506729","3.243941518506729","2100","0","4372.66338837775","GW7","failed","medium","ok","ok","medium","high","ok","high","ok","ok","medium","true","C7","C7: Below 4.0°C","COFFEE 1.1","CO_BAU","15.306725514245729","79.35619912487294","1.180977131216342","0","3.243941518506729","3.243941518506729",,,"-2.882698059344378"
"874","COMMIT-Baseline","COFFEE 1.1","Final Energy","EJ/yr","[object Object]",2025,68.36328198273598,"3.243941518506729","3.243941518506729","2100","0","4372.66338837775","GW7","failed","medium","ok","ok","medium","high","ok","high","ok","ok","medium","true","C7","C7: Below 4.0°C","COFFEE 1.1","CO_BAU","15.306725514245729","79.35619912487294","1.180977131216342","0","3.243941518506729","3.243941518506729",,,"-2.882698059344378"
"874","COMMIT-Baseline","COFFEE 1.1","Final Energy","EJ/yr","[object Object]",2030,71.673212778048,"3.243941518506729","3.243941518506729","2100","0","4372.66338837775","GW7","failed","medium","ok","ok","medium","high","ok","high","ok","ok","medium","true","C7","C7: Below 4.0°C","COFFEE 1.1","CO_BAU","15.306725514245729","79.35619912487294","1.180977131216342","0","3.243941518506729","3.243941518506729",,,"-2.882698059344378"
"874","COMMIT-Baseline","COFFEE 1.1","Final Energy","EJ/yr","[object Object]",2035,78.906158396784,"3.243941518506729","3.243941518506729","2100","0","4372.66338837775","GW7","failed","medium","ok","ok","medium","high","ok","high","ok","ok","medium","true","C7","C7: Below 4.0°C","COFFEE 1.1","CO_BAU","15.306725514245729","79.35619912487294","1.180977131216342","0","3.243941518506729","3.243941518506729",,,"-2.882698059344378"
"874","COMMIT-Baseline","COFFEE 1.1","Final Energy","EJ/yr","[object Object]",2040,85.342262869008,"3.243941518506729","3.243941518506729","2100","0","4372.66338837775","GW7","failed","medium","ok","ok","medium","high","ok","high","ok","ok","medium","true","C7","C7: Below 4.0°C","COFFEE 1.1","CO_BAU","15.306725514245729","79.35619912487294","1.180977131216342","0","3.243941518506729","3.243941518506729",,,"-2.882698059344378"
"874","COMMIT-Baseline","COFFEE 1.1","Final Energy","EJ/yr","[object Object]",2045,89.23094829662399,"3.243941518506729","3.243941518506729","2100","0","4372.66338837775","GW7","failed","medium","ok","ok","medium","high","ok","high","ok","ok","medium","true","C7","C7: Below 4.0°C","COFFEE 1.1","CO_BAU","15.306725514245729","79.35619912487294","1.180977131216342","0","3.243941518506729","3.243941518506729",,,"-2.882698059344378"
"874","COMMIT-Baseline","COFFEE 1.1","Final Energy","EJ/yr","[object Object]",2050,94.475797114464,"3.243941518506729","3.243941518506729","2100","0","4372.66338837775","GW7","failed","medium","ok","ok","medium","high","ok","high","ok","ok","medium","true","C7","C7: Below 4.0°C","COFFEE 1.1","CO_BAU","15.306725514245729","79.35619912487294","1.180977131216342","0","3.243941518506729","3.243941518506729",,,"-2.882698059344378"
"874","COMMIT-Baseline","COFFEE 1.1","Final Energy","EJ/yr","[object Object]",2060,106.13639445264,"3.243941518506729","3.243941518506729","2100","0","4372.66338837775","GW7","failed","medium","ok","ok","medium","high","ok","high","ok","ok","medium","true","C7","C7: Below 4.0°C","COFFEE 1.1","CO_BAU","15.306725514245729","79.35619912487294","1.180977131216342","0","3.243941518506729","3.243941518506729",,,"-2.882698059344378"
"874","COMMIT-Baseline","COFFEE 1.1","Final Energy","EJ/yr","[object Object]",2070,116.791150692384,"3.243941518506729","3.243941518506729","2100","0","4372.66338837775","GW7","failed","medium","ok","ok","medium","high","ok","high","ok","ok","medium","true","C7","C7: Below 4.0°C","COFFEE 1.1","CO_BAU","15.306725514245729","79.35619912487294","1.180977131216342","0","3.243941518506729","3.243941518506729",,,"-2.882698059344378"
"874","COMMIT-Baseline","COFFEE 1.1","Final Energy","EJ/yr","[object Object]",2080,132.928049832624,"3.243941518506729","3.243941518506729","2100","0","4372.66338837775","GW7","failed","medium","ok","ok","medium","high","ok","high","ok","ok","medium","true","C7","C7: Below 4.0°C","COFFEE 1.1","CO_BAU","15.306725514245729","79.35619912487294","1.180977131216342","0","3.243941518506729","3.243941518506729",,,"-2.882698059344378"
"874","COMMIT-Baseline","COFFEE 1.1","Final Energy","EJ/yr","[object Object]",2090,196.956482912208,"3.243941518506729","3.243941518506729","2100","0","4372.66338837775","GW7","failed","medium","ok","ok","medium","high","ok","high","ok","ok","medium","true","C7","C7: Below 4.0°C","COFFEE 1.1","CO_BAU","15.306725514245729","79.35619912487294","1.180977131216342","0","3.243941518506729","3.243941518506729",,,"-2.882698059344378"
"874","COMMIT-Baseline","COFFEE 1.1","Final Energy","EJ/yr","[object Object]",2100,167.0404272192,"3.243941518506729","3.243941518506729","2100","0","4372.66338837775","GW7","failed","medium","ok","ok","medium","high","ok","high","ok","ok","medium","true","C7","C7: Below 4.0°C","COFFEE 1.1","CO_BAU","15.306725514245729","79.35619912487294","1.180977131216342","0","3.243941518506729","3.243941518506729",,,"-2.882698059344378"
"885","COMMIT-NDCplus","IMAGE 3.0","Final Energy","EJ/yr","[object Object]",2010,3.850007080078125,"3.108810792227348","3.108810792227348","2100","312.3822059172617","3606.10691536689","GW7","ok","medium","ok","ok","ok","medium","high","high","high","ok","medium","true","C7","C7: Below 4.0°C","IMAGE 3.0","CO_NDCplus","5.669787250830863","87.70385998512626","7.09783681623011","312.3822059172617","3.108810792227348","3.108810792227348","0.00234036",,"-1.0107798075423915"
"885","COMMIT-NDCplus","IMAGE 3.0","Final Energy","EJ/yr","[object Object]",2015,4.58518310546875,"3.108810792227348","3.108810792227348","2100","312.3822059172617","3606.10691536689","GW7","ok","medium","ok","ok","ok","medium","high","high","high","ok","medium","true","C7","C7: Below 4.0°C","IMAGE 3.0","CO_NDCplus","5.669787250830863","87.70385998512626","7.09783681623011","312.3822059172617","3.108810792227348","3.108810792227348","0.00234036",,"-1.0107798075423915"
"885","COMMIT-NDCplus","IMAGE 3.0","Final Energy","EJ/yr","[object Object]",2020,5.157369140625,"3.108810792227348","3.108810792227348","2100","312.3822059172617","3606.10691536689","GW7","ok","medium","ok","ok","ok","medium","high","high","high","ok","medium","true","C7","C7: Below 4.0°C","IMAGE 3.0","CO_NDCplus","5.669787250830863","87.70385998512626","7.09783681623011","312.3822059172617","3.108810792227348","3.108810792227348","0.00234036",,"-1.0107798075423915"
"885","COMMIT-NDCplus","IMAGE 3.0","Final Energy","EJ/yr","[object Object]",2025,5.64002880859375,"3.108810792227348","3.108810792227348","2100","312.3822059172617","3606.10691536689","GW7","ok","medium","ok","ok","ok","medium","high","high","high","ok","medium","true","C7","C7: Below 4.0°C","IMAGE 3.0","CO_NDCplus","5.669787250830863","87.70385998512626","7.09783681623011","312.3822059172617","3.108810792227348","3.108810792227348","0.00234036",,"-1.0107798075423915"
"885","COMMIT-NDCplus","IMAGE 3.0","Final Energy","EJ/yr","[object Object]",2030,6.10228515625,"3.108810792227348","3.108810792227348","2100","312.3822059172617","3606.10691536689","GW7","ok","medium","ok","ok","ok","medium","high","high","high","ok","medium","true","C7","C7: Below 4.0°C","IMAGE 3.0","CO_NDCplus","5.669787250830863","87.70385998512626","7.09783681623011","312.3822059172617","3.108810792227348","3.108810792227348","0.00234036",,"-1.0107798075423915"
"885","COMMIT-NDCplus","IMAGE 3.0","Final Energy","EJ/yr","[object Object]",2035,6.50264697265625,"3.108810792227348","3.108810792227348","2100","312.3822059172617","3606.10691536689","GW7","ok","medium","ok","ok","ok","medium","high","high","high","ok","medium","true","C7","C7: Below 4.0°C","IMAGE 3.0","CO_NDCplus","5.669787250830863","87.70385998512626","7.09783681623011","312.3822059172617","3.108810792227348","3.108810792227348","0.00234036",,"-1.0107798075423915"
"885","COMMIT-NDCplus","IMAGE 3.0","Final Energy","EJ/yr","[object Object]",2040,6.938609863281251,"3.108810792227348","3.108810792227348","2100","312.3822059172617","3606.10691536689","GW7","ok","medium","ok","ok","ok","medium","high","high","high","ok","medium","true","C7","C7: Below 4.0°C","IMAGE 3.0","CO_NDCplus","5.669787250830863","87.70385998512626","7.09783681623011","312.3822059172617","3.108810792227348","3.108810792227348","0.00234036",,"-1.0107798075423915"
"885","COMMIT-NDCplus","IMAGE 3.0","Final Energy","EJ/yr","[object Object]",2045,7.343119140625,"3.108810792227348","3.108810792227348","2100","312.3822059172617","3606.10691536689","GW7","ok","medium","ok","ok","ok","medium","high","high","high","ok","medium","true","C7","C7: Below 4.0°C","IMAGE 3.0","CO_NDCplus","5.669787250830863","87.70385998512626","7.09783681623011","312.3822059172617","3.108810792227348","3.108810792227348","0.00234036",,"-1.0107798075423915"
"885","COMMIT-NDCplus","IMAGE 3.0","Final Energy","EJ/yr","[object Object]",2050,7.78452294921875,"3.108810792227348","3.108810792227348","2100","312.3822059172617","3606.10691536689","GW7","ok","medium","ok","ok","ok","medium","high","high","high","ok","medium","true","C7","C7: Below 4.0°C","IMAGE 3.0","CO_NDCplus","5.669787250830863","87.70385998512626","7.09783681623011","312.3822059172617","3.108810792227348","3.108810792227348","0.00234036",,"-1.0107798075423915"
"885","COMMIT-NDCplus","IMAGE 3.0","Final Energy","EJ/yr","[object Object]",2060,8.41506640625,"3.108810792227348","3.108810792227348","2100","312.3822059172617","3606.10691536689","GW7","ok","medium","ok","ok","ok","medium","high","high","high","ok","medium","true","C7","C7: Below 4.0°C","IMAGE 3.0","CO_NDCplus","5.669787250830863","87.70385998512626","7.09783681623011","312.3822059172617","3.108810792227348","3.108810792227348","0.00234036",,"-1.0107798075423915"
"885","COMMIT-NDCplus","IMAGE 3.0","Final Energy","EJ/yr","[object Object]",2070,8.9009912109375,"3.108810792227348","3.108810792227348","2100","312.3822059172617","3606.10691536689","GW7","ok","medium","ok","ok","ok","medium","high","high","high","ok","medium","true","C7","C7: Below 4.0°C","IMAGE 3.0","CO_NDCplus","5.669787250830863","87.70385998512626","7.09783681623011","312.3822059172617","3.108810792227348","3.108810792227348","0.00234036",,"-1.0107798075423915"
"885","COMMIT-NDCplus","IMAGE 3.0","Final Energy","EJ/yr","[object Object]",2080,9.21124609375,"3.108810792227348","3.108810792227348","2100","312.3822059172617","3606.10691536689","GW7","ok","medium","ok","ok","ok","medium","high","high","high","ok","medium","true","C7","C7: Below 4.0°C","IMAGE 3.0","CO_NDCplus","5.669787250830863","87.70385998512626","7.09783681623011","312.3822059172617","3.108810792227348","3.108810792227348","0.00234036",,"-1.0107798075423915"
"885","COMMIT-NDCplus","IMAGE 3.0","Final Energy","EJ/yr","[object Object]",2090,9.147451171875,"3.108810792227348","3.108810792227348","2100","312.3822059172617","3606.10691536689","GW7","ok","medium","ok","ok","ok","medium","high","high","high","ok","medium","true","C7","C7: Below 4.0°C","IMAGE 3.0","CO_NDCplus","5.669787250830863","87.70385998512626","7.09783681623011","312.3822059172617","3.108810792227348","3.108810792227348","0.00234036",,"-1.0107798075423915"
"885","COMMIT-NDCplus","IMAGE 3.0","Final Energy","EJ/yr","[object Object]",2100,8.9207236328125,"3.108810792227348","3.108810792227348","2100","312.3822059172617","3606.10691536689","GW7","ok","medium","ok","ok","ok","medium","high","high","high","ok","medium","true","C7","C7: Below 4.0°C","IMAGE 3.0","CO_NDCplus","5.669787250830863","87.70385998512626","7.09783681623011","312.3822059172617","3.108810792227348","3.108810792227348","0.00234036",,"-1.0107798075423915"
"902","COMMIT-NDCplus","REMIND-MAgPIE 1.7-3.0","Final Energy","EJ/yr","[object Object]",2010,54.8037,"3.079219720968804","3.079219720968804","2100","233.78091549999996","3484.4564600999993","GW7","failed","ok","ok","ok","medium","ok",,"medium","medium","ok","ok","true","C7","C7: Below 4.0°C","REMIND-MAgPIE 1.7-3.0","CO_NDCplus","32.96957947428606","54.50976531439087","8.110928518958872","233.78091549999996","3.079219720968804","3.079219720968804",,,"-1.5441676098777464"
"902","COMMIT-NDCplus","REMIND-MAgPIE 1.7-3.0","Final Energy","EJ/yr","[object Object]",2015,53.7426,"3.079219720968804","3.079219720968804","2100","233.78091549999996","3484.4564600999993","GW7","failed","ok","ok","ok","medium","ok",,"medium","medium","ok","ok","true","C7","C7: Below 4.0°C","REMIND-MAgPIE 1.7-3.0","CO_NDCplus","32.96957947428606","54.50976531439087","8.110928518958872","233.78091549999996","3.079219720968804","3.079219720968804",,,"-1.5441676098777464"
"902","COMMIT-NDCplus","REMIND-MAgPIE 1.7-3.0","Final Energy","EJ/yr","[object Object]",2020,54.0291,"3.079219720968804","3.079219720968804","2100","233.78091549999996","3484.4564600999993","GW7","failed","ok","ok","ok","medium","ok",,"medium","medium","ok","ok","true","C7","C7: Below 4.0°C","REMIND-MAgPIE 1.7-3.0","CO_NDCplus","32.96957947428606","54.50976531439087","8.110928518958872","233.78091549999996","3.079219720968804","3.079219720968804",,,"-1.5441676098777464"
"902","COMMIT-NDCplus","REMIND-MAgPIE 1.7-3.0","Final Energy","EJ/yr","[object Object]",2025,52.6681,"3.079219720968804","3.079219720968804","2100","233.78091549999996","3484.4564600999993","GW7","failed","ok","ok","ok","medium","ok",,"medium","medium","ok","ok","true","C7","C7: Below 4.0°C","REMIND-MAgPIE 1.7-3.0","CO_NDCplus","32.96957947428606","54.50976531439087","8.110928518958872","233.78091549999996","3.079219720968804","3.079219720968804",,,"-1.5441676098777464"
"902","COMMIT-NDCplus","REMIND-MAgPIE 1.7-3.0","Final Energy","EJ/yr","[object Object]",2030,51.4607,"3.079219720968804","3.079219720968804","2100","233.78091549999996","3484.4564600999993","GW7","failed","ok","ok","ok","medium","ok",,"medium","medium","ok","ok","true","C7","C7: Below 4.0°C","REMIND-MAgPIE 1.7-3.0","CO_NDCplus","32.96957947428606","54.50976531439087","8.110928518958872","233.78091549999996","3.079219720968804","3.079219720968804",,,"-1.5441676098777464"
"902","COMMIT-NDCplus","REMIND-MAgPIE 1.7-3.0","Final Energy","EJ/yr","[object Object]",2035,51.8875,"3.079219720968804","3.079219720968804","2100","233.78091549999996","3484.4564600999993","GW7","failed","ok","ok","ok","medium","ok",,"medium","medium","ok","ok","true","C7","C7: Below 4.0°C","REMIND-MAgPIE 1.7-3.0","CO_NDCplus","32.96957947428606","54.50976531439087","8.110928518958872","233.78091549999996","3.079219720968804","3.079219720968804",,,"-1.5441676098777464"
"902","COMMIT-NDCplus","REMIND-MAgPIE 1.7-3.0","Final Energy","EJ/yr","[object Object]",2040,53.1704,"3.079219720968804","3.079219720968804","2100","233.78091549999996","3484.4564600999993","GW7","failed","ok","ok","ok","medium","ok",,"medium","medium","ok","ok","true","C7","C7: Below 4.0°C","REMIND-MAgPIE 1.7-3.0","CO_NDCplus","32.96957947428606","54.50976531439087","8.110928518958872","233.78091549999996","3.079219720968804","3.079219720968804",,,"-1.5441676098777464"
"902","COMMIT-NDCplus","REMIND-MAgPIE 1.7-3.0","Final Energy","EJ/yr","[object Object]",2045,54.7312,"3.079219720968804","3.079219720968804","2100","233.78091549999996","3484.4564600999993","GW7","failed","ok","ok","ok","medium","ok",,"medium","medium","ok","ok","true","C7","C7: Below 4.0°C","REMIND-MAgPIE 1.7-3.0","CO_NDCplus","32.96957947428606","54.50976531439087","8.110928518958872","233.78091549999996","3.079219720968804","3.079219720968804",,,"-1.5441676098777464"
"902","COMMIT-NDCplus","REMIND-MAgPIE 1.7-3.0","Final Energy","EJ/yr","[object Object]",2050,56.3266,"3.079219720968804","3.079219720968804","2100","233.78091549999996","3484.4564600999993","GW7","failed","ok","ok","ok","medium","ok",,"medium","medium","ok","ok","true","C7","C7: Below 4.0°C","REMIND-MAgPIE 1.7-3.0","CO_NDCplus","32.96957947428606","54.50976531439087","8.110928518958872","233.78091549999996","3.079219720968804","3.079219720968804",,,"-1.5441676098777464"
"902","COMMIT-NDCplus","REMIND-MAgPIE 1.7-3.0","Final Energy","EJ/yr","[object Object]",2055,57.9982,"3.079219720968804","3.079219720968804","2100","233.78091549999996","3484.4564600999993","GW7","failed","ok","ok","ok","medium","ok",,"medium","medium","ok","ok","true","C7","C7: Below 4.0°C","REMIND-MAgPIE 1.7-3.0","CO_NDCplus","32.96957947428606","54.50976531439087","8.110928518958872","233.78091549999996","3.079219720968804","3.079219720968804",,,"-1.5441676098777464"
"902","COMMIT-NDCplus","REMIND-MAgPIE 1.7-3.0","Final Energy","EJ/yr","[object Object]",2060,59.3605,"3.079219720968804","3.079219720968804","2100","233.78091549999996","3484.4564600999993","GW7","failed","ok","ok","ok","medium","ok",,"medium","medium","ok","ok","true","C7","C7: Below 4.0°C","REMIND-MAgPIE 1.7-3.0","CO_NDCplus","32.96957947428606","54.50976531439087","8.110928518958872","233.78091549999996","3.079219720968804","3.079219720968804",,,"-1.5441676098777464"
"902","COMMIT-NDCplus","REMIND-MAgPIE 1.7-3.0","Final Energy","EJ/yr","[object Object]",2070,61.7272,"3.079219720968804","3.079219720968804","2100","233.78091549999996","3484.4564600999993","GW7","failed","ok","ok","ok","medium","ok",,"medium","medium","ok","ok","true","C7","C7: Below 4.0°C","REMIND-MAgPIE 1.7-3.0","CO_NDCplus","32.96957947428606","54.50976531439087","8.110928518958872","233.78091549999996","3.079219720968804","3.079219720968804",,,"-1.5441676098777464"
"902","COMMIT-NDCplus","REMIND-MAgPIE 1.7-3.0","Final Energy","EJ/yr","[object Object]",2080,64.5465,"3.079219720968804","3.079219720968804","2100","233.78091549999996","3484.4564600999993","GW7","failed","ok","ok","ok","medium","ok",,"medium","medium","ok","ok","true","C7","C7: Below 4.0°C","REMIND-MAgPIE 1.7-3.0","CO_NDCplus","32.96957947428606","54.50976531439087","8.110928518958872","233.78091549999996","3.079219720968804","3.079219720968804",,,"-1.5441676098777464"
"902","COMMIT-NDCplus","REMIND-MAgPIE 1.7-3.0","Final Energy","EJ/yr","[object Object]",2090,65.3531,"3.079219720968804","3.079219720968804","2100","233.78091549999996","3484.4564600999993","GW7","failed","ok","ok","ok","medium","ok",,"medium","medium","ok","ok","true","C7","C7: Below 4.0°C","REMIND-MAgPIE 1.7-3.0","CO_NDCplus","32.96957947428606","54.50976531439087","8.110928518958872","233.78091549999996","3.079219720968804","3.079219720968804",,,"-1.5441676098777464"
"902","COMMIT-NDCplus","REMIND-MAgPIE 1.7-3.0","Final Energy","EJ/yr","[object Object]",2100,67.5641,"3.079219720968804","3.079219720968804","2100","233.78091549999996","3484.4564600999993","GW7","failed","ok","ok","ok","medium","ok",,"medium","medium","ok","ok","true","C7","C7: Below 4.0°C","REMIND-MAgPIE 1.7-3.0","CO_NDCplus","32.96957947428606","54.50976531439087","8.110928518958872","233.78091549999996","3.079219720968804","3.079219720968804",,,"-1.5441676098777464"
"907","COMMIT-Current-Policies","WITCH 5.0","Final Energy","EJ/yr","[object Object]",2010,49.1546371424839,"3.471573578790096","3.471573578790096","2100","0.07135909941844605","3651.5855090102195","GW7","failed","medium","ok","ok","medium","medium","medium","high","medium","ok","ok","true","C7","C7: Below 4.0°C","WITCH 5.0","CO_CurPol","28.410802530452262","59.93815971301929","1.3352516551277342","0.07135909941844605","3.471573578790096","3.471573578790096",,,"-0.8448910932680747"
"907","COMMIT-Current-Policies","WITCH 5.0","Final Energy","EJ/yr","[object Object]",2015,46.87642148861771,"3.471573578790096","3.471573578790096","2100","0.07135909941844605","3651.5855090102195","GW7","failed","medium","ok","ok","medium","medium","medium","high","medium","ok","ok","true","C7","C7: Below 4.0°C","WITCH 5.0","CO_CurPol","28.410802530452262","59.93815971301929","1.3352516551277342","0.07135909941844605","3.471573578790096","3.471573578790096",,,"-0.8448910932680747"
"907","COMMIT-Current-Policies","WITCH 5.0","Final Energy","EJ/yr","[object Object]",2020,42.6218751555148,"3.471573578790096","3.471573578790096","2100","0.07135909941844605","3651.5855090102195","GW7","failed","medium","ok","ok","medium","medium","medium","high","medium","ok","ok","true","C7","C7: Below 4.0°C","WITCH 5.0","CO_CurPol","28.410802530452262","59.93815971301929","1.3352516551277342","0.07135909941844605","3.471573578790096","3.471573578790096",,,"-0.8448910932680747"
"907","COMMIT-Current-Policies","WITCH 5.0","Final Energy","EJ/yr","[object Object]",2025,47.2269423608568,"3.471573578790096","3.471573578790096","2100","0.07135909941844605","3651.5855090102195","GW7","failed","medium","ok","ok","medium","medium","medium","high","medium","ok","ok","true","C7","C7: Below 4.0°C","WITCH 5.0","CO_CurPol","28.410802530452262","59.93815971301929","1.3352516551277342","0.07135909941844605","3.471573578790096","3.471573578790096",,,"-0.8448910932680747"
"907","COMMIT-Current-Policies","WITCH 5.0","Final Energy","EJ/yr","[object Object]",2030,48.6786184615447,"3.471573578790096","3.471573578790096","2100","0.07135909941844605","3651.5855090102195","GW7","failed","medium","ok","ok","medium","medium","medium","high","medium","ok","ok","true","C7","C7: Below 4.0°C","WITCH 5.0","CO_CurPol","28.410802530452262","59.93815971301929","1.3352516551277342","0.07135909941844605","3.471573578790096","3.471573578790096",,,"-0.8448910932680747"
"907","COMMIT-Current-Policies","WITCH 5.0","Final Energy","EJ/yr","[object Object]",2035,49.1211545509648,"3.471573578790096","3.471573578790096","2100","0.07135909941844605","3651.5855090102195","GW7","failed","medium","ok","ok","medium","medium","medium","high","medium","ok","ok","true","C7","C7: Below 4.0°C","WITCH 5.0","CO_CurPol","28.410802530452262","59.93815971301929","1.3352516551277342","0.07135909941844605","3.471573578790096","3.471573578790096",,,"-0.8448910932680747"
"907","COMMIT-Current-Policies","WITCH 5.0","Final Energy","EJ/yr","[object Object]",2040,49.281317923456,"3.471573578790096","3.471573578790096","2100","0.07135909941844605","3651.5855090102195","GW7","failed","medium","ok","ok","medium","medium","medium","high","medium","ok","ok","true","C7","C7: Below 4.0°C","WITCH 5.0","CO_CurPol","28.410802530452262","59.93815971301929","1.3352516551277342","0.07135909941844605","3.471573578790096","3.471573578790096",,,"-0.8448910932680747"
"907","COMMIT-Current-Policies","WITCH 5.0","Final Energy","EJ/yr","[object Object]",2045,49.5980977989264,"3.471573578790096","3.471573578790096","2100","0.07135909941844605","3651.5855090102195","GW7","failed","medium","ok","ok","medium","medium","medium","high","medium","ok","ok","true","C7","C7: Below 4.0°C","WITCH 5.0","CO_CurPol","28.410802530452262","59.93815971301929","1.3352516551277342","0.07135909941844605","3.471573578790096","3.471573578790096",,,"-0.8448910932680747"
"907","COMMIT-Current-Policies","WITCH 5.0","Final Energy","EJ/yr","[object Object]",2050,49.8182714722679,"3.471573578790096","3.471573578790096","2100","0.07135909941844605","3651.5855090102195","GW7","failed","medium","ok","ok","medium","medium","medium","high","medium","ok","ok","true","C7","C7: Below 4.0°C","WITCH 5.0","CO_CurPol","28.410802530452262","59.93815971301929","1.3352516551277342","0.07135909941844605","3.471573578790096","3.471573578790096",,,"-0.8448910932680747"
"907","COMMIT-Current-Policies","WITCH 5.0","Final Energy","EJ/yr","[object Object]",2055,50.1182862046033,"3.471573578790096","3.471573578790096","2100","0.07135909941844605","3651.5855090102195","GW7","failed","medium","ok","ok","medium","medium","medium","high","medium","ok","ok","true","C7","C7: Below 4.0°C","WITCH 5.0","CO_CurPol","28.410802530452262","59.93815971301929","1.3352516551277342","0.07135909941844605","3.471573578790096","3.471573578790096",,,"-0.8448910932680747"
"907","COMMIT-Current-Policies","WITCH 5.0","Final Energy","EJ/yr","[object Object]",2060,50.4568053336497,"3.471573578790096","3.471573578790096","2100","0.07135909941844605","3651.5855090102195","GW7","failed","medium","ok","ok","medium","medium","medium","high","medium","ok","ok","true","C7","C7: Below 4.0°C","WITCH 5.0","CO_CurPol","28.410802530452262","59.93815971301929","1.3352516551277342","0.07135909941844605","3.471573578790096","3.471573578790096",,,"-0.8448910932680747"
"907","COMMIT-Current-Policies","WITCH 5.0","Final Energy","EJ/yr","[object Object]",2065,50.6302420803387,"3.471573578790096","3.471573578790096","2100","0.07135909941844605","3651.5855090102195","GW7","failed","medium","ok","ok","medium","medium","medium","high","medium","ok","ok","true","C7","C7: Below 4.0°C","WITCH 5.0","CO_CurPol","28.410802530452262","59.93815971301929","1.3352516551277342","0.07135909941844605","3.471573578790096","3.471573578790096",,,"-0.8448910932680747"
"907","COMMIT-Current-Policies","WITCH 5.0","Final Energy","EJ/yr","[object Object]",2070,50.7876876836656,"3.471573578790096","3.471573578790096","2100","0.07135909941844605","3651.5855090102195","GW7","failed","medium","ok","ok","medium","medium","medium","high","medium","ok","ok","true","C7","C7: Below 4.0°C","WITCH 5.0","CO_CurPol","28.410802530452262","59.93815971301929","1.3352516551277342","0.07135909941844605","3.471573578790096","3.471573578790096",,,"-0.8448910932680747"
"907","COMMIT-Current-Policies","WITCH 5.0","Final Energy","EJ/yr","[object Object]",2075,51.1705744232709,"3.471573578790096","3.471573578790096","2100","0.07135909941844605","3651.5855090102195","GW7","failed","medium","ok","ok","medium","medium","medium","high","medium","ok","ok","true","C7","C7: Below 4.0°C","WITCH 5.0","CO_CurPol","28.410802530452262","59.93815971301929","1.3352516551277342","0.07135909941844605","3.471573578790096","3.471573578790096",,,"-0.8448910932680747"
"907","COMMIT-Current-Policies","WITCH 5.0","Final Energy","EJ/yr","[object Object]",2080,51.8282601662776,"3.471573578790096","3.471573578790096","2100","0.07135909941844605","3651.5855090102195","GW7","failed","medium","ok","ok","medium","medium","medium","high","medium","ok","ok","true","C7","C7: Below 4.0°C","WITCH 5.0","CO_CurPol","28.410802530452262","59.93815971301929","1.3352516551277342","0.07135909941844605","3.471573578790096","3.471573578790096",,,"-0.8448910932680747"
"907","COMMIT-Current-Policies","WITCH 5.0","Final Energy","EJ/yr","[object Object]",2085,52.13748087302559,"3.471573578790096","3.471573578790096","2100","0.07135909941844605","3651.5855090102195","GW7","failed","medium","ok","ok","medium","medium","medium","high","medium","ok","ok","true","C7","C7: Below 4.0°C","WITCH 5.0","CO_CurPol","28.410802530452262","59.93815971301929","1.3352516551277342","0.07135909941844605","3.471573578790096","3.471573578790096",,,"-0.8448910932680747"
"907","COMMIT-Current-Policies","WITCH 5.0","Final Energy","EJ/yr","[object Object]",2090,52.831116567984,"3.471573578790096","3.471573578790096","2100","0.07135909941844605","3651.5855090102195","GW7","failed","medium","ok","ok","medium","medium","medium","high","medium","ok","ok","true","C7","C7: Below 4.0°C","WITCH 5.0","CO_CurPol","28.410802530452262","59.93815971301929","1.3352516551277342","0.07135909941844605","3.471573578790096","3.471573578790096",,,"-0.8448910932680747"
"907","COMMIT-Current-Policies","WITCH 5.0","Final Energy","EJ/yr","[object Object]",2095,53.0028817938956,"3.471573578790096","3.471573578790096","2100","0.07135909941844605","3651.5855090102195","GW7","failed","medium","ok","ok","medium","medium","medium","high","medium","ok","ok","true","C7","C7: Below 4.0°C","WITCH 5.0","CO_CurPol","28.410802530452262","59.93815971301929","1.3352516551277342","0.07135909941844605","3.471573578790096","3.471573578790096",,,"-0.8448910932680747"
"907","COMMIT-Current-Policies","WITCH 5.0","Final Energy","EJ/yr","[object Object]",2100,52.8023676436045,"3.471573578790096","3.471573578790096","2100","0.07135909941844605","3651.5855090102195","GW7","failed","medium","ok","ok","medium","medium","medium","high","medium","ok","ok","true","C7","C7: Below 4.0°C","WITCH 5.0","CO_CurPol","28.410802530452262","59.93815971301929","1.3352516551277342","0.07135909941844605","3.471573578790096","3.471573578790096",,,"-0.8448910932680747"
"1054","SSP2021-SSP1-Baseline","IMAGE 3.2","Final Energy","EJ/yr","[object Object]",2010,55.17129760742188,"3.031631536098106","3.031631536098106","2100","0","2950.3597920976426","GW7","ok","medium","ok","ok","ok","high","high","high","high","ok","ok","true","C7","C7: Below 4.0°C","IMAGE 3.2","SSP1-baseline","14.057186998610879","71.18053092009986","14.093235474249937","0","3.031631536098106","3.031631536098106","0.002106757",,"2.4782266382036084"
"1054","SSP2021-SSP1-Baseline","IMAGE 3.2","Final Energy","EJ/yr","[object Object]",2015,53.82630810546876,"3.031631536098106","3.031631536098106","2100","0","2950.3597920976426","GW7","ok","medium","ok","ok","ok","high","high","high","high","ok","ok","true","C7","C7: Below 4.0°C","IMAGE 3.2","SSP1-baseline","14.057186998610879","71.18053092009986","14.093235474249937","0","3.031631536098106","3.031631536098106","0.002106757",,"2.4782266382036084"
"1054","SSP2021-SSP1-Baseline","IMAGE 3.2","Final Energy","EJ/yr","[object Object]",2020,51.66856640625001,"3.031631536098106","3.031631536098106","2100","0","2950.3597920976426","GW7","ok","medium","ok","ok","ok","high","high","high","high","ok","ok","true","C7","C7: Below 4.0°C","IMAGE 3.2","SSP1-baseline","14.057186998610879","71.18053092009986","14.093235474249937","0","3.031631536098106","3.031631536098106","0.002106757",,"2.4782266382036084"
"1054","SSP2021-SSP1-Baseline","IMAGE 3.2","Final Energy","EJ/yr","[object Object]",2025,52.4832255859375,"3.031631536098106","3.031631536098106","2100","0","2950.3597920976426","GW7","ok","medium","ok","ok","ok","high","high","high","high","ok","ok","true","C7","C7: Below 4.0°C","IMAGE 3.2","SSP1-baseline","14.057186998610879","71.18053092009986","14.093235474249937","0","3.031631536098106","3.031631536098106","0.002106757",,"2.4782266382036084"
"1054","SSP2021-SSP1-Baseline","IMAGE 3.2","Final Energy","EJ/yr","[object Object]",2030,50.96154150390625,"3.031631536098106","3.031631536098106","2100","0","2950.3597920976426","GW7","ok","medium","ok","ok","ok","high","high","high","high","ok","ok","true","C7","C7: Below 4.0°C","IMAGE 3.2","SSP1-baseline","14.057186998610879","71.18053092009986","14.093235474249937","0","3.031631536098106","3.031631536098106","0.002106757",,"2.4782266382036084"
"1054","SSP2021-SSP1-Baseline","IMAGE 3.2","Final Energy","EJ/yr","[object Object]",2035,49.6442734375,"3.031631536098106","3.031631536098106","2100","0","2950.3597920976426","GW7","ok","medium","ok","ok","ok","high","high","high","high","ok","ok","true","C7","C7: Below 4.0°C","IMAGE 3.2","SSP1-baseline","14.057186998610879","71.18053092009986","14.093235474249937","0","3.031631536098106","3.031631536098106","0.002106757",,"2.4782266382036084"
"1054","SSP2021-SSP1-Baseline","IMAGE 3.2","Final Energy","EJ/yr","[object Object]",2040,48.59773535156251,"3.031631536098106","3.031631536098106","2100","0","2950.3597920976426","GW7","ok","medium","ok","ok","ok","high","high","high","high","ok","ok","true","C7","C7: Below 4.0°C","IMAGE 3.2","SSP1-baseline","14.057186998610879","71.18053092009986","14.093235474249937","0","3.031631536098106","3.031631536098106","0.002106757",,"2.4782266382036084"
"1054","SSP2021-SSP1-Baseline","IMAGE 3.2","Final Energy","EJ/yr","[object Object]",2045,48.00091162109375,"3.031631536098106","3.031631536098106","2100","0","2950.3597920976426","GW7","ok","medium","ok","ok","ok","high","high","high","high","ok","ok","true","C7","C7: Below 4.0°C","IMAGE 3.2","SSP1-baseline","14.057186998610879","71.18053092009986","14.093235474249937","0","3.031631536098106","3.031631536098106","0.002106757",,"2.4782266382036084"
"1054","SSP2021-SSP1-Baseline","IMAGE 3.2","Final Energy","EJ/yr","[object Object]",2050,47.81748974609375,"3.031631536098106","3.031631536098106","2100","0","2950.3597920976426","GW7","ok","medium","ok","ok","ok","high","high","high","high","ok","ok","true","C7","C7: Below 4.0°C","IMAGE 3.2","SSP1-baseline","14.057186998610879","71.18053092009986","14.093235474249937","0","3.031631536098106","3.031631536098106","0.002106757",,"2.4782266382036084"
"1054","SSP2021-SSP1-Baseline","IMAGE 3.2","Final Energy","EJ/yr","[object Object]",2055,48.0461171875,"3.031631536098106","3.031631536098106","2100","0","2950.3597920976426","GW7","ok","medium","ok","ok","ok","high","high","high","high","ok","ok","true","C7","C7: Below 4.0°C","IMAGE 3.2","SSP1-baseline","14.057186998610879","71.18053092009986","14.093235474249937","0","3.031631536098106","3.031631536098106","0.002106757",,"2.4782266382036084"
"1054","SSP2021-SSP1-Baseline","IMAGE 3.2","Final Energy","EJ/yr","[object Object]",2060,47.79885498046875,"3.031631536098106","3.031631536098106","2100","0","2950.3597920976426","GW7","ok","medium","ok","ok","ok","high","high","high","high","ok","ok","true","C7","C7: Below 4.0°C","IMAGE 3.2","SSP1-baseline","14.057186998610879","71.18053092009986","14.093235474249937","0","3.031631536098106","3.031631536098106","0.002106757",,"2.4782266382036084"
"1054","SSP2021-SSP1-Baseline","IMAGE 3.2","Final Energy","EJ/yr","[object Object]",2065,47.172359375,"3.031631536098106","3.031631536098106","2100","0","2950.3597920976426","GW7","ok","medium","ok","ok","ok","high","high","high","high","ok","ok","true","C7","C7: Below 4.0°C","IMAGE 3.2","SSP1-baseline","14.057186998610879","71.18053092009986","14.093235474249937","0","3.031631536098106","3.031631536098106","0.002106757",,"2.4782266382036084"
"1054","SSP2021-SSP1-Baseline","IMAGE 3.2","Final Energy","EJ/yr","[object Object]",2070,46.30802294921875,"3.031631536098106","3.031631536098106","2100","0","2950.3597920976426","GW7","ok","medium","ok","ok","ok","high","high","high","high","ok","ok","true","C7","C7: Below 4.0°C","IMAGE 3.2","SSP1-baseline","14.057186998610879","71.18053092009986","14.093235474249937","0","3.031631536098106","3.031631536098106","0.002106757",,"2.4782266382036084"
"1054","SSP2021-SSP1-Baseline","IMAGE 3.2","Final Energy","EJ/yr","[object Object]",2075,45.53490771484376,"3.031631536098106","3.031631536098106","2100","0","2950.3597920976426","GW7","ok","medium","ok","ok","ok","high","high","high","high","ok","ok","true","C7","C7: Below 4.0°C","IMAGE 3.2","SSP1-baseline","14.057186998610879","71.18053092009986","14.093235474249937","0","3.031631536098106","3.031631536098106","0.002106757",,"2.4782266382036084"
"1054","SSP2021-SSP1-Baseline","IMAGE 3.2","Final Energy","EJ/yr","[object Object]",2080,44.6124375,"3.031631536098106","3.031631536098106","2100","0","2950.3597920976426","GW7","ok","medium","ok","ok","ok","high","high","high","high","ok","ok","true","C7","C7: Below 4.0°C","IMAGE 3.2","SSP1-baseline","14.057186998610879","71.18053092009986","14.093235474249937","0","3.031631536098106","3.031631536098106","0.002106757",,"2.4782266382036084"
"1054","SSP2021-SSP1-Baseline","IMAGE 3.2","Final Energy","EJ/yr","[object Object]",2085,43.54689501953125,"3.031631536098106","3.031631536098106","2100","0","2950.3597920976426","GW7","ok","medium","ok","ok","ok","high","high","high","high","ok","ok","true","C7","C7: Below 4.0°C","IMAGE 3.2","SSP1-baseline","14.057186998610879","71.18053092009986","14.093235474249937","0","3.031631536098106","3.031631536098106","0.002106757",,"2.4782266382036084"
"1054","SSP2021-SSP1-Baseline","IMAGE 3.2","Final Energy","EJ/yr","[object Object]",2090,42.4203056640625,"3.031631536098106","3.031631536098106","2100","0","2950.3597920976426","GW7","ok","medium","ok","ok","ok","high","high","high","high","ok","ok","true","C7","C7: Below 4.0°C","IMAGE 3.2","SSP1-baseline","14.057186998610879","71.18053092009986","14.093235474249937","0","3.031631536098106","3.031631536098106","0.002106757",,"2.4782266382036084"
"1054","SSP2021-SSP1-Baseline","IMAGE 3.2","Final Energy","EJ/yr","[object Object]",2095,41.19497412109375,"3.031631536098106","3.031631536098106","2100","0","2950.3597920976426","GW7","ok","medium","ok","ok","ok","high","high","high","high","ok","ok","true","C7","C7: Below 4.0°C","IMAGE 3.2","SSP1-baseline","14.057186998610879","71.18053092009986","14.093235474249937","0","3.031631536098106","3.031631536098106","0.002106757",,"2.4782266382036084"
"1054","SSP2021-SSP1-Baseline","IMAGE 3.2","Final Energy","EJ/yr","[object Object]",2100,39.8858837890625,"3.031631536098106","3.031631536098106","2100","0","2950.3597920976426","GW7","ok","medium","ok","ok","ok","high","high","high","high","ok","ok","true","C7","C7: Below 4.0°C","IMAGE 3.2","SSP1-baseline","14.057186998610879","71.18053092009986","14.093235474249937","0","3.031631536098106","3.031631536098106","0.002106757",,"2.4782266382036084"
"1092","SSP2021-SSP4-Baseline","IMAGE 3.2","Final Energy","EJ/yr","[object Object]",2010,55.17153076171876,"3.242753047876105","3.242753047876105","2100","0","3633.838234054307","GW7","ok","medium","ok","ok","ok","high","high","high","high","ok","medium","true","C7","C7: Below 4.0°C","IMAGE 3.2","SSP4-baseline","10.792368962647872","70.00871086292516","18.131972671432823","0","3.242753047876105","3.242753047876105","0.002682042",,"-3.574755200527619"
"1092","SSP2021-SSP4-Baseline","IMAGE 3.2","Final Energy","EJ/yr","[object Object]",2015,53.82673974609375,"3.242753047876105","3.242753047876105","2100","0","3633.838234054307","GW7","ok","medium","ok","ok","ok","high","high","high","high","ok","medium","true","C7","C7: Below 4.0°C","IMAGE 3.2","SSP4-baseline","10.792368962647872","70.00871086292516","18.131972671432823","0","3.242753047876105","3.242753047876105","0.002682042",,"-3.574755200527619"
"1092","SSP2021-SSP4-Baseline","IMAGE 3.2","Final Energy","EJ/yr","[object Object]",2020,51.652330078125,"3.242753047876105","3.242753047876105","2100","0","3633.838234054307","GW7","ok","medium","ok","ok","ok","high","high","high","high","ok","medium","true","C7","C7: Below 4.0°C","IMAGE 3.2","SSP4-baseline","10.792368962647872","70.00871086292516","18.131972671432823","0","3.242753047876105","3.242753047876105","0.002682042",,"-3.574755200527619"
"1092","SSP2021-SSP4-Baseline","IMAGE 3.2","Final Energy","EJ/yr","[object Object]",2025,54.2153525390625,"3.242753047876105","3.242753047876105","2100","0","3633.838234054307","GW7","ok","medium","ok","ok","ok","high","high","high","high","ok","medium","true","C7","C7: Below 4.0°C","IMAGE 3.2","SSP4-baseline","10.792368962647872","70.00871086292516","18.131972671432823","0","3.242753047876105","3.242753047876105","0.002682042",,"-3.574755200527619"
"1092","SSP2021-SSP4-Baseline","IMAGE 3.2","Final Energy","EJ/yr","[object Object]",2030,53.95256054687501,"3.242753047876105","3.242753047876105","2100","0","3633.838234054307","GW7","ok","medium","ok","ok","ok","high","high","high","high","ok","medium","true","C7","C7: Below 4.0°C","IMAGE 3.2","SSP4-baseline","10.792368962647872","70.00871086292516","18.131972671432823","0","3.242753047876105","3.242753047876105","0.002682042",,"-3.574755200527619"
"1092","SSP2021-SSP4-Baseline","IMAGE 3.2","Final Energy","EJ/yr","[object Object]",2035,53.87216650390625,"3.242753047876105","3.242753047876105","2100","0","3633.838234054307","GW7","ok","medium","ok","ok","ok","high","high","high","high","ok","medium","true","C7","C7: Below 4.0°C","IMAGE 3.2","SSP4-baseline","10.792368962647872","70.00871086292516","18.131972671432823","0","3.242753047876105","3.242753047876105","0.002682042",,"-3.574755200527619"
"1092","SSP2021-SSP4-Baseline","IMAGE 3.2","Final Energy","EJ/yr","[object Object]",2040,53.72444677734375,"3.242753047876105","3.242753047876105","2100","0","3633.838234054307","GW7","ok","medium","ok","ok","ok","high","high","high","high","ok","medium","true","C7","C7: Below 4.0°C","IMAGE 3.2","SSP4-baseline","10.792368962647872","70.00871086292516","18.131972671432823","0","3.242753047876105","3.242753047876105","0.002682042",,"-3.574755200527619"
"1092","SSP2021-SSP4-Baseline","IMAGE 3.2","Final Energy","EJ/yr","[object Object]",2045,53.4723828125,"3.242753047876105","3.242753047876105","2100","0","3633.838234054307","GW7","ok","medium","ok","ok","ok","high","high","high","high","ok","medium","true","C7","C7: Below 4.0°C","IMAGE 3.2","SSP4-baseline","10.792368962647872","70.00871086292516","18.131972671432823","0","3.242753047876105","3.242753047876105","0.002682042",,"-3.574755200527619"
"1092","SSP2021-SSP4-Baseline","IMAGE 3.2","Final Energy","EJ/yr","[object Object]",2050,53.070205078125,"3.242753047876105","3.242753047876105","2100","0","3633.838234054307","GW7","ok","medium","ok","ok","ok","high","high","high","high","ok","medium","true","C7","C7: Below 4.0°C","IMAGE 3.2","SSP4-baseline","10.792368962647872","70.00871086292516","18.131972671432823","0","3.242753047876105","3.242753047876105","0.002682042",,"-3.574755200527619"
"1092","SSP2021-SSP4-Baseline","IMAGE 3.2","Final Energy","EJ/yr","[object Object]",2055,52.238759765625,"3.242753047876105","3.242753047876105","2100","0","3633.838234054307","GW7","ok","medium","ok","ok","ok","high","high","high","high","ok","medium","true","C7","C7: Below 4.0°C","IMAGE 3.2","SSP4-baseline","10.792368962647872","70.00871086292516","18.131972671432823","0","3.242753047876105","3.242753047876105","0.002682042",,"-3.574755200527619"
"1092","SSP2021-SSP4-Baseline","IMAGE 3.2","Final Energy","EJ/yr","[object Object]",2060,51.27834765625,"3.242753047876105","3.242753047876105","2100","0","3633.838234054307","GW7","ok","medium","ok","ok","ok","high","high","high","high","ok","medium","true","C7","C7: Below 4.0°C","IMAGE 3.2","SSP4-baseline","10.792368962647872","70.00871086292516","18.131972671432823","0","3.242753047876105","3.242753047876105","0.002682042",,"-3.574755200527619"
"1092","SSP2021-SSP4-Baseline","IMAGE 3.2","Final Energy","EJ/yr","[object Object]",2065,50.21046337890625,"3.242753047876105","3.242753047876105","2100","0","3633.838234054307","GW7","ok","medium","ok","ok","ok","high","high","high","high","ok","medium","true","C7","C7: Below 4.0°C","IMAGE 3.2","SSP4-baseline","10.792368962647872","70.00871086292516","18.131972671432823","0","3.242753047876105","3.242753047876105","0.002682042",,"-3.574755200527619"
"1092","SSP2021-SSP4-Baseline","IMAGE 3.2","Final Energy","EJ/yr","[object Object]",2070,49.03827392578125,"3.242753047876105","3.242753047876105","2100","0","3633.838234054307","GW7","ok","medium","ok","ok","ok","high","high","high","high","ok","medium","true","C7","C7: Below 4.0°C","IMAGE 3.2","SSP4-baseline","10.792368962647872","70.00871086292516","18.131972671432823","0","3.242753047876105","3.242753047876105","0.002682042",,"-3.574755200527619"
"1092","SSP2021-SSP4-Baseline","IMAGE 3.2","Final Energy","EJ/yr","[object Object]",2075,47.83723486328125,"3.242753047876105","3.242753047876105","2100","0","3633.838234054307","GW7","ok","medium","ok","ok","ok","high","high","high","high","ok","medium","true","C7","C7: Below 4.0°C","IMAGE 3.2","SSP4-baseline","10.792368962647872","70.00871086292516","18.131972671432823","0","3.242753047876105","3.242753047876105","0.002682042",,"-3.574755200527619"
"1092","SSP2021-SSP4-Baseline","IMAGE 3.2","Final Energy","EJ/yr","[object Object]",2080,46.45651953125,"3.242753047876105","3.242753047876105","2100","0","3633.838234054307","GW7","ok","medium","ok","ok","ok","high","high","high","high","ok","medium","true","C7","C7: Below 4.0°C","IMAGE 3.2","SSP4-baseline","10.792368962647872","70.00871086292516","18.131972671432823","0","3.242753047876105","3.242753047876105","0.002682042",,"-3.574755200527619"
"1092","SSP2021-SSP4-Baseline","IMAGE 3.2","Final Energy","EJ/yr","[object Object]",2085,45.0579501953125,"3.242753047876105","3.242753047876105","2100","0","3633.838234054307","GW7","ok","medium","ok","ok","ok","high","high","high","high","ok","medium","true","C7","C7: Below 4.0°C","IMAGE 3.2","SSP4-baseline","10.792368962647872","70.00871086292516","18.131972671432823","0","3.242753047876105","3.242753047876105","0.002682042",,"-3.574755200527619"
"1092","SSP2021-SSP4-Baseline","IMAGE 3.2","Final Energy","EJ/yr","[object Object]",2090,43.51177880859375,"3.242753047876105","3.242753047876105","2100","0","3633.838234054307","GW7","ok","medium","ok","ok","ok","high","high","high","high","ok","medium","true","C7","C7: Below 4.0°C","IMAGE 3.2","SSP4-baseline","10.792368962647872","70.00871086292516","18.131972671432823","0","3.242753047876105","3.242753047876105","0.002682042",,"-3.574755200527619"
"1092","SSP2021-SSP4-Baseline","IMAGE 3.2","Final Energy","EJ/yr","[object Object]",2095,41.878240234375,"3.242753047876105","3.242753047876105","2100","0","3633.838234054307","GW7","ok","medium","ok","ok","ok","high","high","high","high","ok","medium","true","C7","C7: Below 4.0°C","IMAGE 3.2","SSP4-baseline","10.792368962647872","70.00871086292516","18.131972671432823","0","3.242753047876105","3.242753047876105","0.002682042",,"-3.574755200527619"
"1092","SSP2021-SSP4-Baseline","IMAGE 3.2","Final Energy","EJ/yr","[object Object]",2100,40.18247998046875,"3.242753047876105","3.242753047876105","2100","0","3633.838234054307","GW7","ok","medium","ok","ok","ok","high","high","high","high","ok","medium","true","C7","C7: Below 4.0°C","IMAGE 3.2","SSP4-baseline","10.792368962647872","70.00871086292516","18.131972671432823","0","3.242753047876105","3.242753047876105","0.002682042",,"-3.574755200527619"
"1132","COVID-Shift-GreenPush","MESSAGEix-GLOBIOM 1.2","Final Energy","EJ/yr","[object Object]",2010,55.95470459352499,"3.400224502042284","3.400224502042284","2100","0","4582.493212661412","GW7","failed","medium","ok","ok",,,,,,"ok","ok","true","C7","C7: Below 4.0°C","MESSAGEix-GLOBIOM_1.2","COV_GreenPush","0","0","5.964333701027176","0","3.400224502042284","3.400224502042284",,,"0.2845969128666468"
"1132","COVID-Shift-GreenPush","MESSAGEix-GLOBIOM 1.2","Final Energy","EJ/yr","[object Object]",2015,52.86520350711709,"3.400224502042284","3.400224502042284","2100","0","4582.493212661412","GW7","failed","medium","ok","ok",,,,,,"ok","ok","true","C7","C7: Below 4.0°C","MESSAGEix-GLOBIOM_1.2","COV_GreenPush","0","0","5.964333701027176","0","3.400224502042284","3.400224502042284",,,"0.2845969128666468"
"1132","COVID-Shift-GreenPush","MESSAGEix-GLOBIOM 1.2","Final Energy","EJ/yr","[object Object]",2020,52.78041610965517,"3.400224502042284","3.400224502042284","2100","0","4582.493212661412","GW7","failed","medium","ok","ok",,,,,,"ok","ok","true","C7","C7: Below 4.0°C","MESSAGEix-GLOBIOM_1.2","COV_GreenPush","0","0","5.964333701027176","0","3.400224502042284","3.400224502042284",,,"0.2845969128666468"
"1132","COVID-Shift-GreenPush","MESSAGEix-GLOBIOM 1.2","Final Energy","EJ/yr","[object Object]",2021,53.01714310422373,"3.400224502042284","3.400224502042284","2100","0","4582.493212661412","GW7","failed","medium","ok","ok",,,,,,"ok","ok","true","C7","C7: Below 4.0°C","MESSAGEix-GLOBIOM_1.2","COV_GreenPush","0","0","5.964333701027176","0","3.400224502042284","3.400224502042284",,,"0.2845969128666468"
"1132","COVID-Shift-GreenPush","MESSAGEix-GLOBIOM 1.2","Final Energy","EJ/yr","[object Object]",2022,53.25244962763761,"3.400224502042284","3.400224502042284","2100","0","4582.493212661412","GW7","failed","medium","ok","ok",,,,,,"ok","ok","true","C7","C7: Below 4.0°C","MESSAGEix-GLOBIOM_1.2","COV_GreenPush","0","0","5.964333701027176","0","3.400224502042284","3.400224502042284",,,"0.2845969128666468"
"1132","COVID-Shift-GreenPush","MESSAGEix-GLOBIOM 1.2","Final Energy","EJ/yr","[object Object]",2023,53.58096441037342,"3.400224502042284","3.400224502042284","2100","0","4582.493212661412","GW7","failed","medium","ok","ok",,,,,,"ok","ok","true","C7","C7: Below 4.0°C","MESSAGEix-GLOBIOM_1.2","COV_GreenPush","0","0","5.964333701027176","0","3.400224502042284","3.400224502042284",,,"0.2845969128666468"
"1132","COVID-Shift-GreenPush","MESSAGEix-GLOBIOM 1.2","Final Energy","EJ/yr","[object Object]",2024,53.75779674358232,"3.400224502042284","3.400224502042284","2100","0","4582.493212661412","GW7","failed","medium","ok","ok",,,,,,"ok","ok","true","C7","C7: Below 4.0°C","MESSAGEix-GLOBIOM_1.2","COV_GreenPush","0","0","5.964333701027176","0","3.400224502042284","3.400224502042284",,,"0.2845969128666468"
"1132","COVID-Shift-GreenPush","MESSAGEix-GLOBIOM 1.2","Final Energy","EJ/yr","[object Object]",2025,54.0207818747803,"3.400224502042284","3.400224502042284","2100","0","4582.493212661412","GW7","failed","medium","ok","ok",,,,,,"ok","ok","true","C7","C7: Below 4.0°C","MESSAGEix-GLOBIOM_1.2","COV_GreenPush","0","0","5.964333701027176","0","3.400224502042284","3.400224502042284",,,"0.2845969128666468"
"1132","COVID-Shift-GreenPush","MESSAGEix-GLOBIOM 1.2","Final Energy","EJ/yr","[object Object]",2030,55.45792119667681,"3.400224502042284","3.400224502042284","2100","0","4582.493212661412","GW7","failed","medium","ok","ok",,,,,,"ok","ok","true","C7","C7: Below 4.0°C","MESSAGEix-GLOBIOM_1.2","COV_GreenPush","0","0","5.964333701027176","0","3.400224502042284","3.400224502042284",,,"0.2845969128666468"
"1132","COVID-Shift-GreenPush","MESSAGEix-GLOBIOM 1.2","Final Energy","EJ/yr","[object Object]",2035,57.3220137098124,"3.400224502042284","3.400224502042284","2100","0","4582.493212661412","GW7","failed","medium","ok","ok",,,,,,"ok","ok","true","C7","C7: Below 4.0°C","MESSAGEix-GLOBIOM_1.2","COV_GreenPush","0","0","5.964333701027176","0","3.400224502042284","3.400224502042284",,,"0.2845969128666468"
"1132","COVID-Shift-GreenPush","MESSAGEix-GLOBIOM 1.2","Final Energy","EJ/yr","[object Object]",2040,59.58208650136251,"3.400224502042284","3.400224502042284","2100","0","4582.493212661412","GW7","failed","medium","ok","ok",,,,,,"ok","ok","true","C7","C7: Below 4.0°C","MESSAGEix-GLOBIOM_1.2","COV_GreenPush","0","0","5.964333701027176","0","3.400224502042284","3.400224502042284",,,"0.2845969128666468"
"1132","COVID-Shift-GreenPush","MESSAGEix-GLOBIOM 1.2","Final Energy","EJ/yr","[object Object]",2045,62.23542538204776,"3.400224502042284","3.400224502042284","2100","0","4582.493212661412","GW7","failed","medium","ok","ok",,,,,,"ok","ok","true","C7","C7: Below 4.0°C","MESSAGEix-GLOBIOM_1.2","COV_GreenPush","0","0","5.964333701027176","0","3.400224502042284","3.400224502042284",,,"0.2845969128666468"
"1132","COVID-Shift-GreenPush","MESSAGEix-GLOBIOM 1.2","Final Energy","EJ/yr","[object Object]",2050,64.8219641490058,"3.400224502042284","3.400224502042284","2100","0","4582.493212661412","GW7","failed","medium","ok","ok",,,,,,"ok","ok","true","C7","C7: Below 4.0°C","MESSAGEix-GLOBIOM_1.2","COV_GreenPush","0","0","5.964333701027176","0","3.400224502042284","3.400224502042284",,,"0.2845969128666468"
"1132","COVID-Shift-GreenPush","MESSAGEix-GLOBIOM 1.2","Final Energy","EJ/yr","[object Object]",2055,67.8067355325252,"3.400224502042284","3.400224502042284","2100","0","4582.493212661412","GW7","failed","medium","ok","ok",,,,,,"ok","ok","true","C7","C7: Below 4.0°C","MESSAGEix-GLOBIOM_1.2","COV_GreenPush","0","0","5.964333701027176","0","3.400224502042284","3.400224502042284",,,"0.2845969128666468"
"1132","COVID-Shift-GreenPush","MESSAGEix-GLOBIOM 1.2","Final Energy","EJ/yr","[object Object]",2060,69.678888542249,"3.400224502042284","3.400224502042284","2100","0","4582.493212661412","GW7","failed","medium","ok","ok",,,,,,"ok","ok","true","C7","C7: Below 4.0°C","MESSAGEix-GLOBIOM_1.2","COV_GreenPush","0","0","5.964333701027176","0","3.400224502042284","3.400224502042284",,,"0.2845969128666468"
"1132","COVID-Shift-GreenPush","MESSAGEix-GLOBIOM 1.2","Final Energy","EJ/yr","[object Object]",2070,72.4028854046485,"3.400224502042284","3.400224502042284","2100","0","4582.493212661412","GW7","failed","medium","ok","ok",,,,,,"ok","ok","true","C7","C7: Below 4.0°C","MESSAGEix-GLOBIOM_1.2","COV_GreenPush","0","0","5.964333701027176","0","3.400224502042284","3.400224502042284",,,"0.2845969128666468"
"1132","COVID-Shift-GreenPush","MESSAGEix-GLOBIOM 1.2","Final Energy","EJ/yr","[object Object]",2080,71.67194711907828,"3.400224502042284","3.400224502042284","2100","0","4582.493212661412","GW7","failed","medium","ok","ok",,,,,,"ok","ok","true","C7","C7: Below 4.0°C","MESSAGEix-GLOBIOM_1.2","COV_GreenPush","0","0","5.964333701027176","0","3.400224502042284","3.400224502042284",,,"0.2845969128666468"
"1132","COVID-Shift-GreenPush","MESSAGEix-GLOBIOM 1.2","Final Energy","EJ/yr","[object Object]",2090,76.47276574308009,"3.400224502042284","3.400224502042284","2100","0","4582.493212661412","GW7","failed","medium","ok","ok",,,,,,"ok","ok","true","C7","C7: Below 4.0°C","MESSAGEix-GLOBIOM_1.2","COV_GreenPush","0","0","5.964333701027176","0","3.400224502042284","3.400224502042284",,,"0.2845969128666468"
"1132","COVID-Shift-GreenPush","MESSAGEix-GLOBIOM 1.2","Final Energy","EJ/yr","[object Object]",2100,82.7202036643301,"3.400224502042284","3.400224502042284","2100","0","4582.493212661412","GW7","failed","medium","ok","ok",,,,,,"ok","ok","true","C7","C7: Below 4.0°C","MESSAGEix-GLOBIOM_1.2","COV_GreenPush","0","0","5.964333701027176","0","3.400224502042284","3.400224502042284",,,"0.2845969128666468"
"1136","COVID-Shift-GreenPush_min_GDP","MESSAGEix-GLOBIOM 1.2","Final Energy","EJ/yr","[object Object]",2010,55.95470459352499,"3.06419094591709","3.06419094591709","2100","0","3960.1755692011175","GW7","failed","medium","ok","ok",,,,,,"ok","ok","true","C7","C7: Below 4.0°C","MESSAGEix-GLOBIOM_1.2","COV_GreenPush_min_GDP","0","0","7.0657441572748265","0","3.06419094591709","3.06419094591709",,,"0.2845969128666468"
"1136","COVID-Shift-GreenPush_min_GDP","MESSAGEix-GLOBIOM 1.2","Final Energy","EJ/yr","[object Object]",2015,52.86520350711709,"3.06419094591709","3.06419094591709","2100","0","3960.1755692011175","GW7","failed","medium","ok","ok",,,,,,"ok","ok","true","C7","C7: Below 4.0°C","MESSAGEix-GLOBIOM_1.2","COV_GreenPush_min_GDP","0","0","7.0657441572748265","0","3.06419094591709","3.06419094591709",,,"0.2845969128666468"
"1136","COVID-Shift-GreenPush_min_GDP","MESSAGEix-GLOBIOM 1.2","Final Energy","EJ/yr","[object Object]",2020,54.66206786723431,"3.06419094591709","3.06419094591709","2100","0","3960.1755692011175","GW7","failed","medium","ok","ok",,,,,,"ok","ok","true","C7","C7: Below 4.0°C","MESSAGEix-GLOBIOM_1.2","COV_GreenPush_min_GDP","0","0","7.0657441572748265","0","3.06419094591709","3.06419094591709",,,"0.2845969128666468"
"1136","COVID-Shift-GreenPush_min_GDP","MESSAGEix-GLOBIOM 1.2","Final Energy","EJ/yr","[object Object]",2021,52.55788015488847,"3.06419094591709","3.06419094591709","2100","0","3960.1755692011175","GW7","failed","medium","ok","ok",,,,,,"ok","ok","true","C7","C7: Below 4.0°C","MESSAGEix-GLOBIOM_1.2","COV_GreenPush_min_GDP","0","0","7.0657441572748265","0","3.06419094591709","3.06419094591709",,,"0.2845969128666468"
"1136","COVID-Shift-GreenPush_min_GDP","MESSAGEix-GLOBIOM 1.2","Final Energy","EJ/yr","[object Object]",2022,50.82294491822272,"3.06419094591709","3.06419094591709","2100","0","3960.1755692011175","GW7","failed","medium","ok","ok",,,,,,"ok","ok","true","C7","C7: Below 4.0°C","MESSAGEix-GLOBIOM_1.2","COV_GreenPush_min_GDP","0","0","7.0657441572748265","0","3.06419094591709","3.06419094591709",,,"0.2845969128666468"
"1136","COVID-Shift-GreenPush_min_GDP","MESSAGEix-GLOBIOM 1.2","Final Energy","EJ/yr","[object Object]",2023,49.50464078188567,"3.06419094591709","3.06419094591709","2100","0","3960.1755692011175","GW7","failed","medium","ok","ok",,,,,,"ok","ok","true","C7","C7: Below 4.0°C","MESSAGEix-GLOBIOM_1.2","COV_GreenPush_min_GDP","0","0","7.0657441572748265","0","3.06419094591709","3.06419094591709",,,"0.2845969128666468"
"1136","COVID-Shift-GreenPush_min_GDP","MESSAGEix-GLOBIOM 1.2","Final Energy","EJ/yr","[object Object]",2024,48.60940305150125,"3.06419094591709","3.06419094591709","2100","0","3960.1755692011175","GW7","failed","medium","ok","ok",,,,,,"ok","ok","true","C7","C7: Below 4.0°C","MESSAGEix-GLOBIOM_1.2","COV_GreenPush_min_GDP","0","0","7.0657441572748265","0","3.06419094591709","3.06419094591709",,,"0.2845969128666468"
"1136","COVID-Shift-GreenPush_min_GDP","MESSAGEix-GLOBIOM 1.2","Final Energy","EJ/yr","[object Object]",2025,48.50745602356284,"3.06419094591709","3.06419094591709","2100","0","3960.1755692011175","GW7","failed","medium","ok","ok",,,,,,"ok","ok","true","C7","C7: Below 4.0°C","MESSAGEix-GLOBIOM_1.2","COV_GreenPush_min_GDP","0","0","7.0657441572748265","0","3.06419094591709","3.06419094591709",,,"0.2845969128666468"
"1136","COVID-Shift-GreenPush_min_GDP","MESSAGEix-GLOBIOM 1.2","Final Energy","EJ/yr","[object Object]",2030,49.41177458007279,"3.06419094591709","3.06419094591709","2100","0","3960.1755692011175","GW7","failed","medium","ok","ok",,,,,,"ok","ok","true","C7","C7: Below 4.0°C","MESSAGEix-GLOBIOM_1.2","COV_GreenPush_min_GDP","0","0","7.0657441572748265","0","3.06419094591709","3.06419094591709",,,"0.2845969128666468"
"1136","COVID-Shift-GreenPush_min_GDP","MESSAGEix-GLOBIOM 1.2","Final Energy","EJ/yr","[object Object]",2035,50.81985874184807,"3.06419094591709","3.06419094591709","2100","0","3960.1755692011175","GW7","failed","medium","ok","ok",,,,,,"ok","ok","true","C7","C7: Below 4.0°C","MESSAGEix-GLOBIOM_1.2","COV_GreenPush_min_GDP","0","0","7.0657441572748265","0","3.06419094591709","3.06419094591709",,,"0.2845969128666468"
"1136","COVID-Shift-GreenPush_min_GDP","MESSAGEix-GLOBIOM 1.2","Final Energy","EJ/yr","[object Object]",2040,52.42989595636453,"3.06419094591709","3.06419094591709","2100","0","3960.1755692011175","GW7","failed","medium","ok","ok",,,,,,"ok","ok","true","C7","C7: Below 4.0°C","MESSAGEix-GLOBIOM_1.2","COV_GreenPush_min_GDP","0","0","7.0657441572748265","0","3.06419094591709","3.06419094591709",,,"0.2845969128666468"
"1136","COVID-Shift-GreenPush_min_GDP","MESSAGEix-GLOBIOM 1.2","Final Energy","EJ/yr","[object Object]",2045,54.11134277415592,"3.06419094591709","3.06419094591709","2100","0","3960.1755692011175","GW7","failed","medium","ok","ok",,,,,,"ok","ok","true","C7","C7: Below 4.0°C","MESSAGEix-GLOBIOM_1.2","COV_GreenPush_min_GDP","0","0","7.0657441572748265","0","3.06419094591709","3.06419094591709",,,"0.2845969128666468"
"1136","COVID-Shift-GreenPush_min_GDP","MESSAGEix-GLOBIOM 1.2","Final Energy","EJ/yr","[object Object]",2050,55.80151571980302,"3.06419094591709","3.06419094591709","2100","0","3960.1755692011175","GW7","failed","medium","ok","ok",,,,,,"ok","ok","true","C7","C7: Below 4.0°C","MESSAGEix-GLOBIOM_1.2","COV_GreenPush_min_GDP","0","0","7.0657441572748265","0","3.06419094591709","3.06419094591709",,,"0.2845969128666468"
"1136","COVID-Shift-GreenPush_min_GDP","MESSAGEix-GLOBIOM 1.2","Final Energy","EJ/yr","[object Object]",2055,57.41125389409493,"3.06419094591709","3.06419094591709","2100","0","3960.1755692011175","GW7","failed","medium","ok","ok",,,,,,"ok","ok","true","C7","C7: Below 4.0°C","MESSAGEix-GLOBIOM_1.2","COV_GreenPush_min_GDP","0","0","7.0657441572748265","0","3.06419094591709","3.06419094591709",,,"0.2845969128666468"
"1136","COVID-Shift-GreenPush_min_GDP","MESSAGEix-GLOBIOM 1.2","Final Energy","EJ/yr","[object Object]",2060,58.7480071349127,"3.06419094591709","3.06419094591709","2100","0","3960.1755692011175","GW7","failed","medium","ok","ok",,,,,,"ok","ok","true","C7","C7: Below 4.0°C","MESSAGEix-GLOBIOM_1.2","COV_GreenPush_min_GDP","0","0","7.0657441572748265","0","3.06419094591709","3.06419094591709",,,"0.2845969128666468"
"1136","COVID-Shift-GreenPush_min_GDP","MESSAGEix-GLOBIOM 1.2","Final Energy","EJ/yr","[object Object]",2070,65.13724167331583,"3.06419094591709","3.06419094591709","2100","0","3960.1755692011175","GW7","failed","medium","ok","ok",,,,,,"ok","ok","true","C7","C7: Below 4.0°C","MESSAGEix-GLOBIOM_1.2","COV_GreenPush_min_GDP","0","0","7.0657441572748265","0","3.06419094591709","3.06419094591709",,,"0.2845969128666468"
"1136","COVID-Shift-GreenPush_min_GDP","MESSAGEix-GLOBIOM 1.2","Final Energy","EJ/yr","[object Object]",2080,63.84873835203014,"3.06419094591709","3.06419094591709","2100","0","3960.1755692011175","GW7","failed","medium","ok","ok",,,,,,"ok","ok","true","C7","C7: Below 4.0°C","MESSAGEix-GLOBIOM_1.2","COV_GreenPush_min_GDP","0","0","7.0657441572748265","0","3.06419094591709","3.06419094591709",,,"0.2845969128666468"
"1136","COVID-Shift-GreenPush_min_GDP","MESSAGEix-GLOBIOM 1.2","Final Energy","EJ/yr","[object Object]",2090,67.91987314401452,"3.06419094591709","3.06419094591709","2100","0","3960.1755692011175","GW7","failed","medium","ok","ok",,,,,,"ok","ok","true","C7","C7: Below 4.0°C","MESSAGEix-GLOBIOM_1.2","COV_GreenPush_min_GDP","0","0","7.0657441572748265","0","3.06419094591709","3.06419094591709",,,"0.2845969128666468"
"1136","COVID-Shift-GreenPush_min_GDP","MESSAGEix-GLOBIOM 1.2","Final Energy","EJ/yr","[object Object]",2100,74.93356650706323,"3.06419094591709","3.06419094591709","2100","0","3960.1755692011175","GW7","failed","medium","ok","ok",,,,,,"ok","ok","true","C7","C7: Below 4.0°C","MESSAGEix-GLOBIOM_1.2","COV_GreenPush_min_GDP","0","0","7.0657441572748265","0","3.06419094591709","3.06419094591709",,,"0.2845969128666468"
"1147","COVID-Shift-SelfReliance_min_GDP","MESSAGEix-GLOBIOM 1.2","Final Energy","EJ/yr","[object Object]",2010,55.95470459352499,"3.261775259361733","3.261775259361733","2100","0","4311.612758347975","GW7","failed","medium","ok","ok",,,,,,"ok","ok","true","C7","C7: Below 4.0°C","MESSAGEix-GLOBIOM_1.2","COV_SelfReliance_min_GDP","0","0","6.358053464851289","0","3.261775259361733","3.261775259361733",,,"0.2845969128666468"
"1147","COVID-Shift-SelfReliance_min_GDP","MESSAGEix-GLOBIOM 1.2","Final Energy","EJ/yr","[object Object]",2015,52.86520350711709,"3.261775259361733","3.261775259361733","2100","0","4311.612758347975","GW7","failed","medium","ok","ok",,,,,,"ok","ok","true","C7","C7: Below 4.0°C","MESSAGEix-GLOBIOM_1.2","COV_SelfReliance_min_GDP","0","0","6.358053464851289","0","3.261775259361733","3.261775259361733",,,"0.2845969128666468"
"1147","COVID-Shift-SelfReliance_min_GDP","MESSAGEix-GLOBIOM 1.2","Final Energy","EJ/yr","[object Object]",2020,54.66736602568101,"3.261775259361733","3.261775259361733","2100","0","4311.612758347975","GW7","failed","medium","ok","ok",,,,,,"ok","ok","true","C7","C7: Below 4.0°C","MESSAGEix-GLOBIOM_1.2","COV_SelfReliance_min_GDP","0","0","6.358053464851289","0","3.261775259361733","3.261775259361733",,,"0.2845969128666468"
"1147","COVID-Shift-SelfReliance_min_GDP","MESSAGEix-GLOBIOM 1.2","Final Energy","EJ/yr","[object Object]",2021,55.5318053698761,"3.261775259361733","3.261775259361733","2100","0","4311.612758347975","GW7","failed","medium","ok","ok",,,,,,"ok","ok","true","C7","C7: Below 4.0°C","MESSAGEix-GLOBIOM_1.2","COV_SelfReliance_min_GDP","0","0","6.358053464851289","0","3.261775259361733","3.261775259361733",,,"0.2845969128666468"
"1147","COVID-Shift-SelfReliance_min_GDP","MESSAGEix-GLOBIOM 1.2","Final Energy","EJ/yr","[object Object]",2022,54.61027788595634,"3.261775259361733","3.261775259361733","2100","0","4311.612758347975","GW7","failed","medium","ok","ok",,,,,,"ok","ok","true","C7","C7: Below 4.0°C","MESSAGEix-GLOBIOM_1.2","COV_SelfReliance_min_GDP","0","0","6.358053464851289","0","3.261775259361733","3.261775259361733",,,"0.2845969128666468"
"1147","COVID-Shift-SelfReliance_min_GDP","MESSAGEix-GLOBIOM 1.2","Final Energy","EJ/yr","[object Object]",2023,53.87444032879639,"3.261775259361733","3.261775259361733","2100","0","4311.612758347975","GW7","failed","medium","ok","ok",,,,,,"ok","ok","true","C7","C7: Below 4.0°C","MESSAGEix-GLOBIOM_1.2","COV_SelfReliance_min_GDP","0","0","6.358053464851289","0","3.261775259361733","3.261775259361733",,,"0.2845969128666468"
"1147","COVID-Shift-SelfReliance_min_GDP","MESSAGEix-GLOBIOM 1.2","Final Energy","EJ/yr","[object Object]",2024,53.47622761417231,"3.261775259361733","3.261775259361733","2100","0","4311.612758347975","GW7","failed","medium","ok","ok",,,,,,"ok","ok","true","C7","C7: Below 4.0°C","MESSAGEix-GLOBIOM_1.2","COV_SelfReliance_min_GDP","0","0","6.358053464851289","0","3.261775259361733","3.261775259361733",,,"0.2845969128666468"
"1147","COVID-Shift-SelfReliance_min_GDP","MESSAGEix-GLOBIOM 1.2","Final Energy","EJ/yr","[object Object]",2025,53.85341487282574,"3.261775259361733","3.261775259361733","2100","0","4311.612758347975","GW7","failed","medium","ok","ok",,,,,,"ok","ok","true","C7","C7: Below 4.0°C","MESSAGEix-GLOBIOM_1.2","COV_SelfReliance_min_GDP","0","0","6.358053464851289","0","3.261775259361733","3.261775259361733",,,"0.2845969128666468"
"1147","COVID-Shift-SelfReliance_min_GDP","MESSAGEix-GLOBIOM 1.2","Final Energy","EJ/yr","[object Object]",2030,54.5713639830427,"3.261775259361733","3.261775259361733","2100","0","4311.612758347975","GW7","failed","medium","ok","ok",,,,,,"ok","ok","true","C7","C7: Below 4.0°C","MESSAGEix-GLOBIOM_1.2","COV_SelfReliance_min_GDP","0","0","6.358053464851289","0","3.261775259361733","3.261775259361733",,,"0.2845969128666468"
"1147","COVID-Shift-SelfReliance_min_GDP","MESSAGEix-GLOBIOM 1.2","Final Energy","EJ/yr","[object Object]",2035,55.96126327034414,"3.261775259361733","3.261775259361733","2100","0","4311.612758347975","GW7","failed","medium","ok","ok",,,,,,"ok","ok","true","C7","C7: Below 4.0°C","MESSAGEix-GLOBIOM_1.2","COV_SelfReliance_min_GDP","0","0","6.358053464851289","0","3.261775259361733","3.261775259361733",,,"0.2845969128666468"
"1147","COVID-Shift-SelfReliance_min_GDP","MESSAGEix-GLOBIOM 1.2","Final Energy","EJ/yr","[object Object]",2040,57.61564010907189,"3.261775259361733","3.261775259361733","2100","0","4311.612758347975","GW7","failed","medium","ok","ok",,,,,,"ok","ok","true","C7","C7: Below 4.0°C","MESSAGEix-GLOBIOM_1.2","COV_SelfReliance_min_GDP","0","0","6.358053464851289","0","3.261775259361733","3.261775259361733",,,"0.2845969128666468"
"1147","COVID-Shift-SelfReliance_min_GDP","MESSAGEix-GLOBIOM 1.2","Final Energy","EJ/yr","[object Object]",2045,59.41488700718593,"3.261775259361733","3.261775259361733","2100","0","4311.612758347975","GW7","failed","medium","ok","ok",,,,,,"ok","ok","true","C7","C7: Below 4.0°C","MESSAGEix-GLOBIOM_1.2","COV_SelfReliance_min_GDP","0","0","6.358053464851289","0","3.261775259361733","3.261775259361733",,,"0.2845969128666468"
"1147","COVID-Shift-SelfReliance_min_GDP","MESSAGEix-GLOBIOM 1.2","Final Energy","EJ/yr","[object Object]",2050,61.26540044691978,"3.261775259361733","3.261775259361733","2100","0","4311.612758347975","GW7","failed","medium","ok","ok",,,,,,"ok","ok","true","C7","C7: Below 4.0°C","MESSAGEix-GLOBIOM_1.2","COV_SelfReliance_min_GDP","0","0","6.358053464851289","0","3.261775259361733","3.261775259361733",,,"0.2845969128666468"
"1147","COVID-Shift-SelfReliance_min_GDP","MESSAGEix-GLOBIOM 1.2","Final Energy","EJ/yr","[object Object]",2055,63.03776046233543,"3.261775259361733","3.261775259361733","2100","0","4311.612758347975","GW7","failed","medium","ok","ok",,,,,,"ok","ok","true","C7","C7: Below 4.0°C","MESSAGEix-GLOBIOM_1.2","COV_SelfReliance_min_GDP","0","0","6.358053464851289","0","3.261775259361733","3.261775259361733",,,"0.2845969128666468"
"1147","COVID-Shift-SelfReliance_min_GDP","MESSAGEix-GLOBIOM 1.2","Final Energy","EJ/yr","[object Object]",2060,64.14978277279909,"3.261775259361733","3.261775259361733","2100","0","4311.612758347975","GW7","failed","medium","ok","ok",,,,,,"ok","ok","true","C7","C7: Below 4.0°C","MESSAGEix-GLOBIOM_1.2","COV_SelfReliance_min_GDP","0","0","6.358053464851289","0","3.261775259361733","3.261775259361733",,,"0.2845969128666468"
"1147","COVID-Shift-SelfReliance_min_GDP","MESSAGEix-GLOBIOM 1.2","Final Energy","EJ/yr","[object Object]",2070,65.8610124446626,"3.261775259361733","3.261775259361733","2100","0","4311.612758347975","GW7","failed","medium","ok","ok",,,,,,"ok","ok","true","C7","C7: Below 4.0°C","MESSAGEix-GLOBIOM_1.2","COV_SelfReliance_min_GDP","0","0","6.358053464851289","0","3.261775259361733","3.261775259361733",,,"0.2845969128666468"
"1147","COVID-Shift-SelfReliance_min_GDP","MESSAGEix-GLOBIOM 1.2","Final Energy","EJ/yr","[object Object]",2080,68.70331785403809,"3.261775259361733","3.261775259361733","2100","0","4311.612758347975","GW7","failed","medium","ok","ok",,,,,,"ok","ok","true","C7","C7: Below 4.0°C","MESSAGEix-GLOBIOM_1.2","COV_SelfReliance_min_GDP","0","0","6.358053464851289","0","3.261775259361733","3.261775259361733",,,"0.2845969128666468"
"1147","COVID-Shift-SelfReliance_min_GDP","MESSAGEix-GLOBIOM 1.2","Final Energy","EJ/yr","[object Object]",2090,73.5289131770423,"3.261775259361733","3.261775259361733","2100","0","4311.612758347975","GW7","failed","medium","ok","ok",,,,,,"ok","ok","true","C7","C7: Below 4.0°C","MESSAGEix-GLOBIOM_1.2","COV_SelfReliance_min_GDP","0","0","6.358053464851289","0","3.261775259361733","3.261775259361733",,,"0.2845969128666468"
"1147","COVID-Shift-SelfReliance_min_GDP","MESSAGEix-GLOBIOM 1.2","Final Energy","EJ/yr","[object Object]",2100,79.4485424663505,"3.261775259361733","3.261775259361733","2100","0","4311.612758347975","GW7","failed","medium","ok","ok",,,,,,"ok","ok","true","C7","C7: Below 4.0°C","MESSAGEix-GLOBIOM_1.2","COV_SelfReliance_min_GDP","0","0","6.358053464851289","0","3.261775259361733","3.261775259361733",,,"0.2845969128666468"
"1205","LeastTotalCost-NPi-brkLR15-SSP2-P50","REMIND 2.1","Final Energy","EJ/yr","[object Object]",2010,55.9608,"3.317252179628885","3.317252179628885","2100","9.924136699999998","3706.311496","GW7","failed","medium","ok","ok","medium","medium",,"medium","medium","ok","ok","true","C7","C7: Below 4.0°C","REMIND 2.1","LeastTotalCost_NPi_brkLR15_SSP2_P50","24.855361568701888","59.5884785679609","15.214502900068988","9.924136699999998","3.317252179628885","3.317252179628885",,,
"1205","LeastTotalCost-NPi-brkLR15-SSP2-P50","REMIND 2.1","Final Energy","EJ/yr","[object Object]",2015,51.3125,"3.317252179628885","3.317252179628885","2100","9.924136699999998","3706.311496","GW7","failed","medium","ok","ok","medium","medium",,"medium","medium","ok","ok","true","C7","C7: Below 4.0°C","REMIND 2.1","LeastTotalCost_NPi_brkLR15_SSP2_P50","24.855361568701888","59.5884785679609","15.214502900068988","9.924136699999998","3.317252179628885","3.317252179628885",,,
"1205","LeastTotalCost-NPi-brkLR15-SSP2-P50","REMIND 2.1","Final Energy","EJ/yr","[object Object]",2020,50.5365,"3.317252179628885","3.317252179628885","2100","9.924136699999998","3706.311496","GW7","failed","medium","ok","ok","medium","medium",,"medium","medium","ok","ok","true","C7","C7: Below 4.0°C","REMIND 2.1","LeastTotalCost_NPi_brkLR15_SSP2_P50","24.855361568701888","59.5884785679609","15.214502900068988","9.924136699999998","3.317252179628885","3.317252179628885",,,
"1205","LeastTotalCost-NPi-brkLR15-SSP2-P50","REMIND 2.1","Final Energy","EJ/yr","[object Object]",2025,50.699,"3.317252179628885","3.317252179628885","2100","9.924136699999998","3706.311496","GW7","failed","medium","ok","ok","medium","medium",,"medium","medium","ok","ok","true","C7","C7: Below 4.0°C","REMIND 2.1","LeastTotalCost_NPi_brkLR15_SSP2_P50","24.855361568701888","59.5884785679609","15.214502900068988","9.924136699999998","3.317252179628885","3.317252179628885",,,
"1205","LeastTotalCost-NPi-brkLR15-SSP2-P50","REMIND 2.1","Final Energy","EJ/yr","[object Object]",2030,49.5907,"3.317252179628885","3.317252179628885","2100","9.924136699999998","3706.311496","GW7","failed","medium","ok","ok","medium","medium",,"medium","medium","ok","ok","true","C7","C7: Below 4.0°C","REMIND 2.1","LeastTotalCost_NPi_brkLR15_SSP2_P50","24.855361568701888","59.5884785679609","15.214502900068988","9.924136699999998","3.317252179628885","3.317252179628885",,,
"1205","LeastTotalCost-NPi-brkLR15-SSP2-P50","REMIND 2.1","Final Energy","EJ/yr","[object Object]",2035,49.2312,"3.317252179628885","3.317252179628885","2100","9.924136699999998","3706.311496","GW7","failed","medium","ok","ok","medium","medium",,"medium","medium","ok","ok","true","C7","C7: Below 4.0°C","REMIND 2.1","LeastTotalCost_NPi_brkLR15_SSP2_P50","24.855361568701888","59.5884785679609","15.214502900068988","9.924136699999998","3.317252179628885","3.317252179628885",,,
"1205","LeastTotalCost-NPi-brkLR15-SSP2-P50","REMIND 2.1","Final Energy","EJ/yr","[object Object]",2040,47.9086,"3.317252179628885","3.317252179628885","2100","9.924136699999998","3706.311496","GW7","failed","medium","ok","ok","medium","medium",,"medium","medium","ok","ok","true","C7","C7: Below 4.0°C","REMIND 2.1","LeastTotalCost_NPi_brkLR15_SSP2_P50","24.855361568701888","59.5884785679609","15.214502900068988","9.924136699999998","3.317252179628885","3.317252179628885",,,
"1205","LeastTotalCost-NPi-brkLR15-SSP2-P50","REMIND 2.1","Final Energy","EJ/yr","[object Object]",2045,45.4845,"3.317252179628885","3.317252179628885","2100","9.924136699999998","3706.311496","GW7","failed","medium","ok","ok","medium","medium",,"medium","medium","ok","ok","true","C7","C7: Below 4.0°C","REMIND 2.1","LeastTotalCost_NPi_brkLR15_SSP2_P50","24.855361568701888","59.5884785679609","15.214502900068988","9.924136699999998","3.317252179628885","3.317252179628885",,,
"1205","LeastTotalCost-NPi-brkLR15-SSP2-P50","REMIND 2.1","Final Energy","EJ/yr","[object Object]",2050,43.6359,"3.317252179628885","3.317252179628885","2100","9.924136699999998","3706.311496","GW7","failed","medium","ok","ok","medium","medium",,"medium","medium","ok","ok","true","C7","C7: Below 4.0°C","REMIND 2.1","LeastTotalCost_NPi_brkLR15_SSP2_P50","24.855361568701888","59.5884785679609","15.214502900068988","9.924136699999998","3.317252179628885","3.317252179628885",,,
"1205","LeastTotalCost-NPi-brkLR15-SSP2-P50","REMIND 2.1","Final Energy","EJ/yr","[object Object]",2055,42.5998,"3.317252179628885","3.317252179628885","2100","9.924136699999998","3706.311496","GW7","failed","medium","ok","ok","medium","medium",,"medium","medium","ok","ok","true","C7","C7: Below 4.0°C","REMIND 2.1","LeastTotalCost_NPi_brkLR15_SSP2_P50","24.855361568701888","59.5884785679609","15.214502900068988","9.924136699999998","3.317252179628885","3.317252179628885",,,
"1205","LeastTotalCost-NPi-brkLR15-SSP2-P50","REMIND 2.1","Final Energy","EJ/yr","[object Object]",2060,41.7632,"3.317252179628885","3.317252179628885","2100","9.924136699999998","3706.311496","GW7","failed","medium","ok","ok","medium","medium",,"medium","medium","ok","ok","true","C7","C7: Below 4.0°C","REMIND 2.1","LeastTotalCost_NPi_brkLR15_SSP2_P50","24.855361568701888","59.5884785679609","15.214502900068988","9.924136699999998","3.317252179628885","3.317252179628885",,,
"1205","LeastTotalCost-NPi-brkLR15-SSP2-P50","REMIND 2.1","Final Energy","EJ/yr","[object Object]",2070,39.3427,"3.317252179628885","3.317252179628885","2100","9.924136699999998","3706.311496","GW7","failed","medium","ok","ok","medium","medium",,"medium","medium","ok","ok","true","C7","C7: Below 4.0°C","REMIND 2.1","LeastTotalCost_NPi_brkLR15_SSP2_P50","24.855361568701888","59.5884785679609","15.214502900068988","9.924136699999998","3.317252179628885","3.317252179628885",,,
"1205","LeastTotalCost-NPi-brkLR15-SSP2-P50","REMIND 2.1","Final Energy","EJ/yr","[object Object]",2080,37.7511,"3.317252179628885","3.317252179628885","2100","9.924136699999998","3706.311496","GW7","failed","medium","ok","ok","medium","medium",,"medium","medium","ok","ok","true","C7","C7: Below 4.0°C","REMIND 2.1","LeastTotalCost_NPi_brkLR15_SSP2_P50","24.855361568701888","59.5884785679609","15.214502900068988","9.924136699999998","3.317252179628885","3.317252179628885",,,
"1205","LeastTotalCost-NPi-brkLR15-SSP2-P50","REMIND 2.1","Final Energy","EJ/yr","[object Object]",2090,36.5704,"3.317252179628885","3.317252179628885","2100","9.924136699999998","3706.311496","GW7","failed","medium","ok","ok","medium","medium",,"medium","medium","ok","ok","true","C7","C7: Below 4.0°C","REMIND 2.1","LeastTotalCost_NPi_brkLR15_SSP2_P50","24.855361568701888","59.5884785679609","15.214502900068988","9.924136699999998","3.317252179628885","3.317252179628885",,,
"1205","LeastTotalCost-NPi-brkLR15-SSP2-P50","REMIND 2.1","Final Energy","EJ/yr","[object Object]",2100,36.36,"3.317252179628885","3.317252179628885","2100","9.924136699999998","3706.311496","GW7","failed","medium","ok","ok","medium","medium",,"medium","medium","ok","ok","true","C7","C7: Below 4.0°C","REMIND 2.1","LeastTotalCost_NPi_brkLR15_SSP2_P50","24.855361568701888","59.5884785679609","15.214502900068988","9.924136699999998","3.317252179628885","3.317252179628885",,,
"1208","LeastTotalCost-NPi-brkSR15-SSP2-P50","REMIND 2.1","Final Energy","EJ/yr","[object Object]",2010,55.9362,"3.349155789767729","3.349155789767729","2100","10.566517","3774.8981258499994","GW7","failed","medium","ok","ok","medium","medium",,"medium","medium","ok","ok","true","C7","C7: Below 4.0°C","REMIND 2.1","LeastTotalCost_NPi_brkSR15_SSP2_P50","23.894796410756886","61.663684667100405","14.124342604641074","10.566517","3.349155789767729","3.349155789767729",,,
"1208","LeastTotalCost-NPi-brkSR15-SSP2-P50","REMIND 2.1","Final Energy","EJ/yr","[object Object]",2015,51.2779,"3.349155789767729","3.349155789767729","2100","10.566517","3774.8981258499994","GW7","failed","medium","ok","ok","medium","medium",,"medium","medium","ok","ok","true","C7","C7: Below 4.0°C","REMIND 2.1","LeastTotalCost_NPi_brkSR15_SSP2_P50","23.894796410756886","61.663684667100405","14.124342604641074","10.566517","3.349155789767729","3.349155789767729",,,
"1208","LeastTotalCost-NPi-brkSR15-SSP2-P50","REMIND 2.1","Final Energy","EJ/yr","[object Object]",2020,50.5518,"3.349155789767729","3.349155789767729","2100","10.566517","3774.8981258499994","GW7","failed","medium","ok","ok","medium","medium",,"medium","medium","ok","ok","true","C7","C7: Below 4.0°C","REMIND 2.1","LeastTotalCost_NPi_brkSR15_SSP2_P50","23.894796410756886","61.663684667100405","14.124342604641074","10.566517","3.349155789767729","3.349155789767729",,,
"1208","LeastTotalCost-NPi-brkSR15-SSP2-P50","REMIND 2.1","Final Energy","EJ/yr","[object Object]",2025,50.8675,"3.349155789767729","3.349155789767729","2100","10.566517","3774.8981258499994","GW7","failed","medium","ok","ok","medium","medium",,"medium","medium","ok","ok","true","C7","C7: Below 4.0°C","REMIND 2.1","LeastTotalCost_NPi_brkSR15_SSP2_P50","23.894796410756886","61.663684667100405","14.124342604641074","10.566517","3.349155789767729","3.349155789767729",,,
"1208","LeastTotalCost-NPi-brkSR15-SSP2-P50","REMIND 2.1","Final Energy","EJ/yr","[object Object]",2030,49.9239,"3.349155789767729","3.349155789767729","2100","10.566517","3774.8981258499994","GW7","failed","medium","ok","ok","medium","medium",,"medium","medium","ok","ok","true","C7","C7: Below 4.0°C","REMIND 2.1","LeastTotalCost_NPi_brkSR15_SSP2_P50","23.894796410756886","61.663684667100405","14.124342604641074","10.566517","3.349155789767729","3.349155789767729",,,
"1208","LeastTotalCost-NPi-brkSR15-SSP2-P50","REMIND 2.1","Final Energy","EJ/yr","[object Object]",2035,49.9372,"3.349155789767729","3.349155789767729","2100","10.566517","3774.8981258499994","GW7","failed","medium","ok","ok","medium","medium",,"medium","medium","ok","ok","true","C7","C7: Below 4.0°C","REMIND 2.1","LeastTotalCost_NPi_brkSR15_SSP2_P50","23.894796410756886","61.663684667100405","14.124342604641074","10.566517","3.349155789767729","3.349155789767729",,,
"1208","LeastTotalCost-NPi-brkSR15-SSP2-P50","REMIND 2.1","Final Energy","EJ/yr","[object Object]",2040,49.4417,"3.349155789767729","3.349155789767729","2100","10.566517","3774.8981258499994","GW7","failed","medium","ok","ok","medium","medium",,"medium","medium","ok","ok","true","C7","C7: Below 4.0°C","REMIND 2.1","LeastTotalCost_NPi_brkSR15_SSP2_P50","23.894796410756886","61.663684667100405","14.124342604641074","10.566517","3.349155789767729","3.349155789767729",,,
"1208","LeastTotalCost-NPi-brkSR15-SSP2-P50","REMIND 2.1","Final Energy","EJ/yr","[object Object]",2045,47.978,"3.349155789767729","3.349155789767729","2100","10.566517","3774.8981258499994","GW7","failed","medium","ok","ok","medium","medium",,"medium","medium","ok","ok","true","C7","C7: Below 4.0°C","REMIND 2.1","LeastTotalCost_NPi_brkSR15_SSP2_P50","23.894796410756886","61.663684667100405","14.124342604641074","10.566517","3.349155789767729","3.349155789767729",,,
"1208","LeastTotalCost-NPi-brkSR15-SSP2-P50","REMIND 2.1","Final Energy","EJ/yr","[object Object]",2050,47.0299,"3.349155789767729","3.349155789767729","2100","10.566517","3774.8981258499994","GW7","failed","medium","ok","ok","medium","medium",,"medium","medium","ok","ok","true","C7","C7: Below 4.0°C","REMIND 2.1","LeastTotalCost_NPi_brkSR15_SSP2_P50","23.894796410756886","61.663684667100405","14.124342604641074","10.566517","3.349155789767729","3.349155789767729",,,
"1208","LeastTotalCost-NPi-brkSR15-SSP2-P50","REMIND 2.1","Final Energy","EJ/yr","[object Object]",2055,46.854,"3.349155789767729","3.349155789767729","2100","10.566517","3774.8981258499994","GW7","failed","medium","ok","ok","medium","medium",,"medium","medium","ok","ok","true","C7","C7: Below 4.0°C","REMIND 2.1","LeastTotalCost_NPi_brkSR15_SSP2_P50","23.894796410756886","61.663684667100405","14.124342604641074","10.566517","3.349155789767729","3.349155789767729",,,
"1208","LeastTotalCost-NPi-brkSR15-SSP2-P50","REMIND 2.1","Final Energy","EJ/yr","[object Object]",2060,46.8599,"3.349155789767729","3.349155789767729","2100","10.566517","3774.8981258499994","GW7","failed","medium","ok","ok","medium","medium",,"medium","medium","ok","ok","true","C7","C7: Below 4.0°C","REMIND 2.1","LeastTotalCost_NPi_brkSR15_SSP2_P50","23.894796410756886","61.663684667100405","14.124342604641074","10.566517","3.349155789767729","3.349155789767729",,,
"1208","LeastTotalCost-NPi-brkSR15-SSP2-P50","REMIND 2.1","Final Energy","EJ/yr","[object Object]",2070,46.0697,"3.349155789767729","3.349155789767729","2100","10.566517","3774.8981258499994","GW7","failed","medium","ok","ok","medium","medium",,"medium","medium","ok","ok","true","C7","C7: Below 4.0°C","REMIND 2.1","LeastTotalCost_NPi_brkSR15_SSP2_P50","23.894796410756886","61.663684667100405","14.124342604641074","10.566517","3.349155789767729","3.349155789767729",,,
"1208","LeastTotalCost-NPi-brkSR15-SSP2-P50","REMIND 2.1","Final Energy","EJ/yr","[object Object]",2080,45.6404,"3.349155789767729","3.349155789767729","2100","10.566517","3774.8981258499994","GW7","failed","medium","ok","ok","medium","medium",,"medium","medium","ok","ok","true","C7","C7: Below 4.0°C","REMIND 2.1","LeastTotalCost_NPi_brkSR15_SSP2_P50","23.894796410756886","61.663684667100405","14.124342604641074","10.566517","3.349155789767729","3.349155789767729",,,
"1208","LeastTotalCost-NPi-brkSR15-SSP2-P50","REMIND 2.1","Final Energy","EJ/yr","[object Object]",2090,44.8476,"3.349155789767729","3.349155789767729","2100","10.566517","3774.8981258499994","GW7","failed","medium","ok","ok","medium","medium",,"medium","medium","ok","ok","true","C7","C7: Below 4.0°C","REMIND 2.1","LeastTotalCost_NPi_brkSR15_SSP2_P50","23.894796410756886","61.663684667100405","14.124342604641074","10.566517","3.349155789767729","3.349155789767729",,,
"1208","LeastTotalCost-NPi-brkSR15-SSP2-P50","REMIND 2.1","Final Energy","EJ/yr","[object Object]",2100,45.4038,"3.349155789767729","3.349155789767729","2100","10.566517","3774.8981258499994","GW7","failed","medium","ok","ok","medium","medium",,"medium","medium","ok","ok","true","C7","C7: Below 4.0°C","REMIND 2.1","LeastTotalCost_NPi_brkSR15_SSP2_P50","23.894796410756886","61.663684667100405","14.124342604641074","10.566517","3.349155789767729","3.349155789767729",,,
"1221","R2p1-SSP2-NPi","REMIND 2.1","Final Energy","EJ/yr","[object Object]",2010,55.5428,"3.342857665332547","3.342857665332547","2100","2.5857213999999997","3788.9195372","GW7","failed","medium","ok","ok","medium","medium",,"medium","medium","ok","medium","true","C7","C7: Below 4.0°C","REMIND 2.1","R2p1_SSP2-NPi","30.709544681993016","54.174792020753195","14.975758117899632","2.5857213999999997","3.342857665332547","3.342857665332547",,,
"1221","R2p1-SSP2-NPi","REMIND 2.1","Final Energy","EJ/yr","[object Object]",2015,50.9548,"3.342857665332547","3.342857665332547","2100","2.5857213999999997","3788.9195372","GW7","failed","medium","ok","ok","medium","medium",,"medium","medium","ok","medium","true","C7","C7: Below 4.0°C","REMIND 2.1","R2p1_SSP2-NPi","30.709544681993016","54.174792020753195","14.975758117899632","2.5857213999999997","3.342857665332547","3.342857665332547",,,
"1221","R2p1-SSP2-NPi","REMIND 2.1","Final Energy","EJ/yr","[object Object]",2020,50.5187,"3.342857665332547","3.342857665332547","2100","2.5857213999999997","3788.9195372","GW7","failed","medium","ok","ok","medium","medium",,"medium","medium","ok","medium","true","C7","C7: Below 4.0°C","REMIND 2.1","R2p1_SSP2-NPi","30.709544681993016","54.174792020753195","14.975758117899632","2.5857213999999997","3.342857665332547","3.342857665332547",,,
"1221","R2p1-SSP2-NPi","REMIND 2.1","Final Energy","EJ/yr","[object Object]",2025,50.4162,"3.342857665332547","3.342857665332547","2100","2.5857213999999997","3788.9195372","GW7","failed","medium","ok","ok","medium","medium",,"medium","medium","ok","medium","true","C7","C7: Below 4.0°C","REMIND 2.1","R2p1_SSP2-NPi","30.709544681993016","54.174792020753195","14.975758117899632","2.5857213999999997","3.342857665332547","3.342857665332547",,,
"1221","R2p1-SSP2-NPi","REMIND 2.1","Final Energy","EJ/yr","[object Object]",2030,49.4881,"3.342857665332547","3.342857665332547","2100","2.5857213999999997","3788.9195372","GW7","failed","medium","ok","ok","medium","medium",,"medium","medium","ok","medium","true","C7","C7: Below 4.0°C","REMIND 2.1","R2p1_SSP2-NPi","30.709544681993016","54.174792020753195","14.975758117899632","2.5857213999999997","3.342857665332547","3.342857665332547",,,
"1221","R2p1-SSP2-NPi","REMIND 2.1","Final Energy","EJ/yr","[object Object]",2035,48.9215,"3.342857665332547","3.342857665332547","2100","2.5857213999999997","3788.9195372","GW7","failed","medium","ok","ok","medium","medium",,"medium","medium","ok","medium","true","C7","C7: Below 4.0°C","REMIND 2.1","R2p1_SSP2-NPi","30.709544681993016","54.174792020753195","14.975758117899632","2.5857213999999997","3.342857665332547","3.342857665332547",,,
"1221","R2p1-SSP2-NPi","REMIND 2.1","Final Energy","EJ/yr","[object Object]",2040,47.5623,"3.342857665332547","3.342857665332547","2100","2.5857213999999997","3788.9195372","GW7","failed","medium","ok","ok","medium","medium",,"medium","medium","ok","medium","true","C7","C7: Below 4.0°C","REMIND 2.1","R2p1_SSP2-NPi","30.709544681993016","54.174792020753195","14.975758117899632","2.5857213999999997","3.342857665332547","3.342857665332547",,,
"1221","R2p1-SSP2-NPi","REMIND 2.1","Final Energy","EJ/yr","[object Object]",2045,45.9745,"3.342857665332547","3.342857665332547","2100","2.5857213999999997","3788.9195372","GW7","failed","medium","ok","ok","medium","medium",,"medium","medium","ok","medium","true","C7","C7: Below 4.0°C","REMIND 2.1","R2p1_SSP2-NPi","30.709544681993016","54.174792020753195","14.975758117899632","2.5857213999999997","3.342857665332547","3.342857665332547",,,
"1221","R2p1-SSP2-NPi","REMIND 2.1","Final Energy","EJ/yr","[object Object]",2050,45.4284,"3.342857665332547","3.342857665332547","2100","2.5857213999999997","3788.9195372","GW7","failed","medium","ok","ok","medium","medium",,"medium","medium","ok","medium","true","C7","C7: Below 4.0°C","REMIND 2.1","R2p1_SSP2-NPi","30.709544681993016","54.174792020753195","14.975758117899632","2.5857213999999997","3.342857665332547","3.342857665332547",,,
"1221","R2p1-SSP2-NPi","REMIND 2.1","Final Energy","EJ/yr","[object Object]",2055,45.0875,"3.342857665332547","3.342857665332547","2100","2.5857213999999997","3788.9195372","GW7","failed","medium","ok","ok","medium","medium",,"medium","medium","ok","medium","true","C7","C7: Below 4.0°C","REMIND 2.1","R2p1_SSP2-NPi","30.709544681993016","54.174792020753195","14.975758117899632","2.5857213999999997","3.342857665332547","3.342857665332547",,,
"1221","R2p1-SSP2-NPi","REMIND 2.1","Final Energy","EJ/yr","[object Object]",2060,44.2684,"3.342857665332547","3.342857665332547","2100","2.5857213999999997","3788.9195372","GW7","failed","medium","ok","ok","medium","medium",,"medium","medium","ok","medium","true","C7","C7: Below 4.0°C","REMIND 2.1","R2p1_SSP2-NPi","30.709544681993016","54.174792020753195","14.975758117899632","2.5857213999999997","3.342857665332547","3.342857665332547",,,
"1221","R2p1-SSP2-NPi","REMIND 2.1","Final Energy","EJ/yr","[object Object]",2070,43.5079,"3.342857665332547","3.342857665332547","2100","2.5857213999999997","3788.9195372","GW7","failed","medium","ok","ok","medium","medium",,"medium","medium","ok","medium","true","C7","C7: Below 4.0°C","REMIND 2.1","R2p1_SSP2-NPi","30.709544681993016","54.174792020753195","14.975758117899632","2.5857213999999997","3.342857665332547","3.342857665332547",,,
"1221","R2p1-SSP2-NPi","REMIND 2.1","Final Energy","EJ/yr","[object Object]",2080,43.8754,"3.342857665332547","3.342857665332547","2100","2.5857213999999997","3788.9195372","GW7","failed","medium","ok","ok","medium","medium",,"medium","medium","ok","medium","true","C7","C7: Below 4.0°C","REMIND 2.1","R2p1_SSP2-NPi","30.709544681993016","54.174792020753195","14.975758117899632","2.5857213999999997","3.342857665332547","3.342857665332547",,,
"1221","R2p1-SSP2-NPi","REMIND 2.1","Final Energy","EJ/yr","[object Object]",2090,43.1124,"3.342857665332547","3.342857665332547","2100","2.5857213999999997","3788.9195372","GW7","failed","medium","ok","ok","medium","medium",,"medium","medium","ok","medium","true","C7","C7: Below 4.0°C","REMIND 2.1","R2p1_SSP2-NPi","30.709544681993016","54.174792020753195","14.975758117899632","2.5857213999999997","3.342857665332547","3.342857665332547",,,
"1221","R2p1-SSP2-NPi","REMIND 2.1","Final Energy","EJ/yr","[object Object]",2100,43.2032,"3.342857665332547","3.342857665332547","2100","2.5857213999999997","3788.9195372","GW7","failed","medium","ok","ok","medium","medium",,"medium","medium","ok","medium","true","C7","C7: Below 4.0°C","REMIND 2.1","R2p1_SSP2-NPi","30.709544681993016","54.174792020753195","14.975758117899632","2.5857213999999997","3.342857665332547","3.342857665332547",,,
"1226","R2p1-SSP5-NDC","REMIND 2.1","Final Energy","EJ/yr","[object Object]",2010,55.5428,"3.205543022449252","3.205543022449252","2100","640.7784877999999","3486.3551967500007","GW7","failed","high","ok","ok","medium","medium",,"medium","ok","ok","medium","true","C7","C7: Below 4.0°C","REMIND 2.1","R2p1_SSP5-NDC","34.93111869906538","46.68193207086907","17.785298610292063","640.7784877999999","3.205543022449252","3.205543022449252",,,
"1226","R2p1-SSP5-NDC","REMIND 2.1","Final Energy","EJ/yr","[object Object]",2015,50.9548,"3.205543022449252","3.205543022449252","2100","640.7784877999999","3486.3551967500007","GW7","failed","high","ok","ok","medium","medium",,"medium","ok","ok","medium","true","C7","C7: Below 4.0°C","REMIND 2.1","R2p1_SSP5-NDC","34.93111869906538","46.68193207086907","17.785298610292063","640.7784877999999","3.205543022449252","3.205543022449252",,,
"1226","R2p1-SSP5-NDC","REMIND 2.1","Final Energy","EJ/yr","[object Object]",2020,50.5187,"3.205543022449252","3.205543022449252","2100","640.7784877999999","3486.3551967500007","GW7","failed","high","ok","ok","medium","medium",,"medium","ok","ok","medium","true","C7","C7: Below 4.0°C","REMIND 2.1","R2p1_SSP5-NDC","34.93111869906538","46.68193207086907","17.785298610292063","640.7784877999999","3.205543022449252","3.205543022449252",,,
"1226","R2p1-SSP5-NDC","REMIND 2.1","Final Energy","EJ/yr","[object Object]",2025,50.6442,"3.205543022449252","3.205543022449252","2100","640.7784877999999","3486.3551967500007","GW7","failed","high","ok","ok","medium","medium",,"medium","ok","ok","medium","true","C7","C7: Below 4.0°C","REMIND 2.1","R2p1_SSP5-NDC","34.93111869906538","46.68193207086907","17.785298610292063","640.7784877999999","3.205543022449252","3.205543022449252",,,
"1226","R2p1-SSP5-NDC","REMIND 2.1","Final Energy","EJ/yr","[object Object]",2030,53.0464,"3.205543022449252","3.205543022449252","2100","640.7784877999999","3486.3551967500007","GW7","failed","high","ok","ok","medium","medium",,"medium","ok","ok","medium","true","C7","C7: Below 4.0°C","REMIND 2.1","R2p1_SSP5-NDC","34.93111869906538","46.68193207086907","17.785298610292063","640.7784877999999","3.205543022449252","3.205543022449252",,,
"1226","R2p1-SSP5-NDC","REMIND 2.1","Final Energy","EJ/yr","[object Object]",2035,53.7865,"3.205543022449252","3.205543022449252","2100","640.7784877999999","3486.3551967500007","GW7","failed","high","ok","ok","medium","medium",,"medium","ok","ok","medium","true","C7","C7: Below 4.0°C","REMIND 2.1","R2p1_SSP5-NDC","34.93111869906538","46.68193207086907","17.785298610292063","640.7784877999999","3.205543022449252","3.205543022449252",,,
"1226","R2p1-SSP5-NDC","REMIND 2.1","Final Energy","EJ/yr","[object Object]",2040,52.8172,"3.205543022449252","3.205543022449252","2100","640.7784877999999","3486.3551967500007","GW7","failed","high","ok","ok","medium","medium",,"medium","ok","ok","medium","true","C7","C7: Below 4.0°C","REMIND 2.1","R2p1_SSP5-NDC","34.93111869906538","46.68193207086907","17.785298610292063","640.7784877999999","3.205543022449252","3.205543022449252",,,
"1226","R2p1-SSP5-NDC","REMIND 2.1","Final Energy","EJ/yr","[object Object]",2045,52.6284,"3.205543022449252","3.205543022449252","2100","640.7784877999999","3486.3551967500007","GW7","failed","high","ok","ok","medium","medium",,"medium","ok","ok","medium","true","C7","C7: Below 4.0°C","REMIND 2.1","R2p1_SSP5-NDC","34.93111869906538","46.68193207086907","17.785298610292063","640.7784877999999","3.205543022449252","3.205543022449252",,,
"1226","R2p1-SSP5-NDC","REMIND 2.1","Final Energy","EJ/yr","[object Object]",2050,53.7092,"3.205543022449252","3.205543022449252","2100","640.7784877999999","3486.3551967500007","GW7","failed","high","ok","ok","medium","medium",,"medium","ok","ok","medium","true","C7","C7: Below 4.0°C","REMIND 2.1","R2p1_SSP5-NDC","34.93111869906538","46.68193207086907","17.785298610292063","640.7784877999999","3.205543022449252","3.205543022449252",,,
"1226","R2p1-SSP5-NDC","REMIND 2.1","Final Energy","EJ/yr","[object Object]",2055,56.7591,"3.205543022449252","3.205543022449252","2100","640.7784877999999","3486.3551967500007","GW7","failed","high","ok","ok","medium","medium",,"medium","ok","ok","medium","true","C7","C7: Below 4.0°C","REMIND 2.1","R2p1_SSP5-NDC","34.93111869906538","46.68193207086907","17.785298610292063","640.7784877999999","3.205543022449252","3.205543022449252",,,
"1226","R2p1-SSP5-NDC","REMIND 2.1","Final Energy","EJ/yr","[object Object]",2060,60.3614,"3.205543022449252","3.205543022449252","2100","640.7784877999999","3486.3551967500007","GW7","failed","high","ok","ok","medium","medium",,"medium","ok","ok","medium","true","C7","C7: Below 4.0°C","REMIND 2.1","R2p1_SSP5-NDC","34.93111869906538","46.68193207086907","17.785298610292063","640.7784877999999","3.205543022449252","3.205543022449252",,,
"1226","R2p1-SSP5-NDC","REMIND 2.1","Final Energy","EJ/yr","[object Object]",2070,67.1346,"3.205543022449252","3.205543022449252","2100","640.7784877999999","3486.3551967500007","GW7","failed","high","ok","ok","medium","medium",,"medium","ok","ok","medium","true","C7","C7: Below 4.0°C","REMIND 2.1","R2p1_SSP5-NDC","34.93111869906538","46.68193207086907","17.785298610292063","640.7784877999999","3.205543022449252","3.205543022449252",,,
"1226","R2p1-SSP5-NDC","REMIND 2.1","Final Energy","EJ/yr","[object Object]",2080,76.1829,"3.205543022449252","3.205543022449252","2100","640.7784877999999","3486.3551967500007","GW7","failed","high","ok","ok","medium","medium",,"medium","ok","ok","medium","true","C7","C7: Below 4.0°C","REMIND 2.1","R2p1_SSP5-NDC","34.93111869906538","46.68193207086907","17.785298610292063","640.7784877999999","3.205543022449252","3.205543022449252",,,
"1226","R2p1-SSP5-NDC","REMIND 2.1","Final Energy","EJ/yr","[object Object]",2090,83.3064,"3.205543022449252","3.205543022449252","2100","640.7784877999999","3486.3551967500007","GW7","failed","high","ok","ok","medium","medium",,"medium","ok","ok","medium","true","C7","C7: Below 4.0°C","REMIND 2.1","R2p1_SSP5-NDC","34.93111869906538","46.68193207086907","17.785298610292063","640.7784877999999","3.205543022449252","3.205543022449252",,,
"1226","R2p1-SSP5-NDC","REMIND 2.1","Final Energy","EJ/yr","[object Object]",2100,88.2438,"3.205543022449252","3.205543022449252","2100","640.7784877999999","3486.3551967500007","GW7","failed","high","ok","ok","medium","medium",,"medium","ok","ok","medium","true","C7","C7: Below 4.0°C","REMIND 2.1","R2p1_SSP5-NDC","34.93111869906538","46.68193207086907","17.785298610292063","640.7784877999999","3.205543022449252","3.205543022449252",,,
"1251","PEP-NDC","REMIND-MAgPIE 1.7-3.0","Final Energy","EJ/yr","[object Object]",2010,54.8037,"3.079219720968804","3.079219720968804","2100","233.78091549999996","3591.0451859","GW7","failed","ok","ok","ok","medium","ok",,"high","medium","ok","ok","true","C7","C7: Below 4.0°C","REMIND-MAgPIE 1.7-3.0","PEP_NDC","32.96957947428606","54.50976531439087","8.110928518958872","233.78091549999996","3.079219720968804","3.079219720968804",,,"-1.5441676098777464"
"1251","PEP-NDC","REMIND-MAgPIE 1.7-3.0","Final Energy","EJ/yr","[object Object]",2015,53.7426,"3.079219720968804","3.079219720968804","2100","233.78091549999996","3591.0451859","GW7","failed","ok","ok","ok","medium","ok",,"high","medium","ok","ok","true","C7","C7: Below 4.0°C","REMIND-MAgPIE 1.7-3.0","PEP_NDC","32.96957947428606","54.50976531439087","8.110928518958872","233.78091549999996","3.079219720968804","3.079219720968804",,,"-1.5441676098777464"
"1251","PEP-NDC","REMIND-MAgPIE 1.7-3.0","Final Energy","EJ/yr","[object Object]",2020,54.0291,"3.079219720968804","3.079219720968804","2100","233.78091549999996","3591.0451859","GW7","failed","ok","ok","ok","medium","ok",,"high","medium","ok","ok","true","C7","C7: Below 4.0°C","REMIND-MAgPIE 1.7-3.0","PEP_NDC","32.96957947428606","54.50976531439087","8.110928518958872","233.78091549999996","3.079219720968804","3.079219720968804",,,"-1.5441676098777464"
"1251","PEP-NDC","REMIND-MAgPIE 1.7-3.0","Final Energy","EJ/yr","[object Object]",2025,52.6681,"3.079219720968804","3.079219720968804","2100","233.78091549999996","3591.0451859","GW7","failed","ok","ok","ok","medium","ok",,"high","medium","ok","ok","true","C7","C7: Below 4.0°C","REMIND-MAgPIE 1.7-3.0","PEP_NDC","32.96957947428606","54.50976531439087","8.110928518958872","233.78091549999996","3.079219720968804","3.079219720968804",,,"-1.5441676098777464"
"1251","PEP-NDC","REMIND-MAgPIE 1.7-3.0","Final Energy","EJ/yr","[object Object]",2030,51.4607,"3.079219720968804","3.079219720968804","2100","233.78091549999996","3591.0451859","GW7","failed","ok","ok","ok","medium","ok",,"high","medium","ok","ok","true","C7","C7: Below 4.0°C","REMIND-MAgPIE 1.7-3.0","PEP_NDC","32.96957947428606","54.50976531439087","8.110928518958872","233.78091549999996","3.079219720968804","3.079219720968804",,,"-1.5441676098777464"
"1251","PEP-NDC","REMIND-MAgPIE 1.7-3.0","Final Energy","EJ/yr","[object Object]",2035,51.8875,"3.079219720968804","3.079219720968804","2100","233.78091549999996","3591.0451859","GW7","failed","ok","ok","ok","medium","ok",,"high","medium","ok","ok","true","C7","C7: Below 4.0°C","REMIND-MAgPIE 1.7-3.0","PEP_NDC","32.96957947428606","54.50976531439087","8.110928518958872","233.78091549999996","3.079219720968804","3.079219720968804",,,"-1.5441676098777464"
"1251","PEP-NDC","REMIND-MAgPIE 1.7-3.0","Final Energy","EJ/yr","[object Object]",2040,53.1704,"3.079219720968804","3.079219720968804","2100","233.78091549999996","3591.0451859","GW7","failed","ok","ok","ok","medium","ok",,"high","medium","ok","ok","true","C7","C7: Below 4.0°C","REMIND-MAgPIE 1.7-3.0","PEP_NDC","32.96957947428606","54.50976531439087","8.110928518958872","233.78091549999996","3.079219720968804","3.079219720968804",,,"-1.5441676098777464"
"1251","PEP-NDC","REMIND-MAgPIE 1.7-3.0","Final Energy","EJ/yr","[object Object]",2045,54.7312,"3.079219720968804","3.079219720968804","2100","233.78091549999996","3591.0451859","GW7","failed","ok","ok","ok","medium","ok",,"high","medium","ok","ok","true","C7","C7: Below 4.0°C","REMIND-MAgPIE 1.7-3.0","PEP_NDC","32.96957947428606","54.50976531439087","8.110928518958872","233.78091549999996","3.079219720968804","3.079219720968804",,,"-1.5441676098777464"
"1251","PEP-NDC","REMIND-MAgPIE 1.7-3.0","Final Energy","EJ/yr","[object Object]",2050,56.3266,"3.079219720968804","3.079219720968804","2100","233.78091549999996","3591.0451859","GW7","failed","ok","ok","ok","medium","ok",,"high","medium","ok","ok","true","C7","C7: Below 4.0°C","REMIND-MAgPIE 1.7-3.0","PEP_NDC","32.96957947428606","54.50976531439087","8.110928518958872","233.78091549999996","3.079219720968804","3.079219720968804",,,"-1.5441676098777464"
"1251","PEP-NDC","REMIND-MAgPIE 1.7-3.0","Final Energy","EJ/yr","[object Object]",2055,57.9982,"3.079219720968804","3.079219720968804","2100","233.78091549999996","3591.0451859","GW7","failed","ok","ok","ok","medium","ok",,"high","medium","ok","ok","true","C7","C7: Below 4.0°C","REMIND-MAgPIE 1.7-3.0","PEP_NDC","32.96957947428606","54.50976531439087","8.110928518958872","233.78091549999996","3.079219720968804","3.079219720968804",,,"-1.5441676098777464"
"1251","PEP-NDC","REMIND-MAgPIE 1.7-3.0","Final Energy","EJ/yr","[object Object]",2060,59.3605,"3.079219720968804","3.079219720968804","2100","233.78091549999996","3591.0451859","GW7","failed","ok","ok","ok","medium","ok",,"high","medium","ok","ok","true","C7","C7: Below 4.0°C","REMIND-MAgPIE 1.7-3.0","PEP_NDC","32.96957947428606","54.50976531439087","8.110928518958872","233.78091549999996","3.079219720968804","3.079219720968804",,,"-1.5441676098777464"
"1251","PEP-NDC","REMIND-MAgPIE 1.7-3.0","Final Energy","EJ/yr","[object Object]",2070,61.7272,"3.079219720968804","3.079219720968804","2100","233.78091549999996","3591.0451859","GW7","failed","ok","ok","ok","medium","ok",,"high","medium","ok","ok","true","C7","C7: Below 4.0°C","REMIND-MAgPIE 1.7-3.0","PEP_NDC","32.96957947428606","54.50976531439087","8.110928518958872","233.78091549999996","3.079219720968804","3.079219720968804",,,"-1.5441676098777464"
"1251","PEP-NDC","REMIND-MAgPIE 1.7-3.0","Final Energy","EJ/yr","[object Object]",2080,64.5465,"3.079219720968804","3.079219720968804","2100","233.78091549999996","3591.0451859","GW7","failed","ok","ok","ok","medium","ok",,"high","medium","ok","ok","true","C7","C7: Below 4.0°C","REMIND-MAgPIE 1.7-3.0","PEP_NDC","32.96957947428606","54.50976531439087","8.110928518958872","233.78091549999996","3.079219720968804","3.079219720968804",,,"-1.5441676098777464"
"1251","PEP-NDC","REMIND-MAgPIE 1.7-3.0","Final Energy","EJ/yr","[object Object]",2090,65.3531,"3.079219720968804","3.079219720968804","2100","233.78091549999996","3591.0451859","GW7","failed","ok","ok","ok","medium","ok",,"high","medium","ok","ok","true","C7","C7: Below 4.0°C","REMIND-MAgPIE 1.7-3.0","PEP_NDC","32.96957947428606","54.50976531439087","8.110928518958872","233.78091549999996","3.079219720968804","3.079219720968804",,,"-1.5441676098777464"
"1251","PEP-NDC","REMIND-MAgPIE 1.7-3.0","Final Energy","EJ/yr","[object Object]",2100,67.5641,"3.079219720968804","3.079219720968804","2100","233.78091549999996","3591.0451859","GW7","failed","ok","ok","ok","medium","ok",,"high","medium","ok","ok","true","C7","C7: Below 4.0°C","REMIND-MAgPIE 1.7-3.0","PEP_NDC","32.96957947428606","54.50976531439087","8.110928518958872","233.78091549999996","3.079219720968804","3.079219720968804",,,"-1.5441676098777464"
"1262","SusDev-SSP2-NPi","REMIND-MAgPIE 2.1-4.2","Final Energy","EJ/yr","[object Object]",2010,55.5556,"3.337673230114698","3.337673230114698","2100","4.7827442499999995","3765.290254849999","GW7","failed","medium","ok","ok","medium","medium",,"medium","medium","ok","medium","true","C7","C7: Below 4.0°C","REMIND-MAgPIE 2.1-4.2","SusDev_SSP2-NPi","31.355479053963432","53.19175571153932","15.312916349979883","4.7827442499999995","3.337673230114698","3.337673230114698",,,"-4.138370546997066"
"1262","SusDev-SSP2-NPi","REMIND-MAgPIE 2.1-4.2","Final Energy","EJ/yr","[object Object]",2015,50.9682,"3.337673230114698","3.337673230114698","2100","4.7827442499999995","3765.290254849999","GW7","failed","medium","ok","ok","medium","medium",,"medium","medium","ok","medium","true","C7","C7: Below 4.0°C","REMIND-MAgPIE 2.1-4.2","SusDev_SSP2-NPi","31.355479053963432","53.19175571153932","15.312916349979883","4.7827442499999995","3.337673230114698","3.337673230114698",,,"-4.138370546997066"
"1262","SusDev-SSP2-NPi","REMIND-MAgPIE 2.1-4.2","Final Energy","EJ/yr","[object Object]",2020,50.5129,"3.337673230114698","3.337673230114698","2100","4.7827442499999995","3765.290254849999","GW7","failed","medium","ok","ok","medium","medium",,"medium","medium","ok","medium","true","C7","C7: Below 4.0°C","REMIND-MAgPIE 2.1-4.2","SusDev_SSP2-NPi","31.355479053963432","53.19175571153932","15.312916349979883","4.7827442499999995","3.337673230114698","3.337673230114698",,,"-4.138370546997066"
"1262","SusDev-SSP2-NPi","REMIND-MAgPIE 2.1-4.2","Final Energy","EJ/yr","[object Object]",2025,50.5179,"3.337673230114698","3.337673230114698","2100","4.7827442499999995","3765.290254849999","GW7","failed","medium","ok","ok","medium","medium",,"medium","medium","ok","medium","true","C7","C7: Below 4.0°C","REMIND-MAgPIE 2.1-4.2","SusDev_SSP2-NPi","31.355479053963432","53.19175571153932","15.312916349979883","4.7827442499999995","3.337673230114698","3.337673230114698",,,"-4.138370546997066"
"1262","SusDev-SSP2-NPi","REMIND-MAgPIE 2.1-4.2","Final Energy","EJ/yr","[object Object]",2030,49.5629,"3.337673230114698","3.337673230114698","2100","4.7827442499999995","3765.290254849999","GW7","failed","medium","ok","ok","medium","medium",,"medium","medium","ok","medium","true","C7","C7: Below 4.0°C","REMIND-MAgPIE 2.1-4.2","SusDev_SSP2-NPi","31.355479053963432","53.19175571153932","15.312916349979883","4.7827442499999995","3.337673230114698","3.337673230114698",,,"-4.138370546997066"
"1262","SusDev-SSP2-NPi","REMIND-MAgPIE 2.1-4.2","Final Energy","EJ/yr","[object Object]",2035,49.2336,"3.337673230114698","3.337673230114698","2100","4.7827442499999995","3765.290254849999","GW7","failed","medium","ok","ok","medium","medium",,"medium","medium","ok","medium","true","C7","C7: Below 4.0°C","REMIND-MAgPIE 2.1-4.2","SusDev_SSP2-NPi","31.355479053963432","53.19175571153932","15.312916349979883","4.7827442499999995","3.337673230114698","3.337673230114698",,,"-4.138370546997066"
"1262","SusDev-SSP2-NPi","REMIND-MAgPIE 2.1-4.2","Final Energy","EJ/yr","[object Object]",2040,48.0289,"3.337673230114698","3.337673230114698","2100","4.7827442499999995","3765.290254849999","GW7","failed","medium","ok","ok","medium","medium",,"medium","medium","ok","medium","true","C7","C7: Below 4.0°C","REMIND-MAgPIE 2.1-4.2","SusDev_SSP2-NPi","31.355479053963432","53.19175571153932","15.312916349979883","4.7827442499999995","3.337673230114698","3.337673230114698",,,"-4.138370546997066"
"1262","SusDev-SSP2-NPi","REMIND-MAgPIE 2.1-4.2","Final Energy","EJ/yr","[object Object]",2045,46.4493,"3.337673230114698","3.337673230114698","2100","4.7827442499999995","3765.290254849999","GW7","failed","medium","ok","ok","medium","medium",,"medium","medium","ok","medium","true","C7","C7: Below 4.0°C","REMIND-MAgPIE 2.1-4.2","SusDev_SSP2-NPi","31.355479053963432","53.19175571153932","15.312916349979883","4.7827442499999995","3.337673230114698","3.337673230114698",,,"-4.138370546997066"
"1262","SusDev-SSP2-NPi","REMIND-MAgPIE 2.1-4.2","Final Energy","EJ/yr","[object Object]",2050,45.5251,"3.337673230114698","3.337673230114698","2100","4.7827442499999995","3765.290254849999","GW7","failed","medium","ok","ok","medium","medium",,"medium","medium","ok","medium","true","C7","C7: Below 4.0°C","REMIND-MAgPIE 2.1-4.2","SusDev_SSP2-NPi","31.355479053963432","53.19175571153932","15.312916349979883","4.7827442499999995","3.337673230114698","3.337673230114698",,,"-4.138370546997066"
"1262","SusDev-SSP2-NPi","REMIND-MAgPIE 2.1-4.2","Final Energy","EJ/yr","[object Object]",2055,44.8538,"3.337673230114698","3.337673230114698","2100","4.7827442499999995","3765.290254849999","GW7","failed","medium","ok","ok","medium","medium",,"medium","medium","ok","medium","true","C7","C7: Below 4.0°C","REMIND-MAgPIE 2.1-4.2","SusDev_SSP2-NPi","31.355479053963432","53.19175571153932","15.312916349979883","4.7827442499999995","3.337673230114698","3.337673230114698",,,"-4.138370546997066"
"1262","SusDev-SSP2-NPi","REMIND-MAgPIE 2.1-4.2","Final Energy","EJ/yr","[object Object]",2060,44.0802,"3.337673230114698","3.337673230114698","2100","4.7827442499999995","3765.290254849999","GW7","failed","medium","ok","ok","medium","medium",,"medium","medium","ok","medium","true","C7","C7: Below 4.0°C","REMIND-MAgPIE 2.1-4.2","SusDev_SSP2-NPi","31.355479053963432","53.19175571153932","15.312916349979883","4.7827442499999995","3.337673230114698","3.337673230114698",,,"-4.138370546997066"
"1262","SusDev-SSP2-NPi","REMIND-MAgPIE 2.1-4.2","Final Energy","EJ/yr","[object Object]",2070,43.5061,"3.337673230114698","3.337673230114698","2100","4.7827442499999995","3765.290254849999","GW7","failed","medium","ok","ok","medium","medium",,"medium","medium","ok","medium","true","C7","C7: Below 4.0°C","REMIND-MAgPIE 2.1-4.2","SusDev_SSP2-NPi","31.355479053963432","53.19175571153932","15.312916349979883","4.7827442499999995","3.337673230114698","3.337673230114698",,,"-4.138370546997066"
"1262","SusDev-SSP2-NPi","REMIND-MAgPIE 2.1-4.2","Final Energy","EJ/yr","[object Object]",2080,43.8859,"3.337673230114698","3.337673230114698","2100","4.7827442499999995","3765.290254849999","GW7","failed","medium","ok","ok","medium","medium",,"medium","medium","ok","medium","true","C7","C7: Below 4.0°C","REMIND-MAgPIE 2.1-4.2","SusDev_SSP2-NPi","31.355479053963432","53.19175571153932","15.312916349979883","4.7827442499999995","3.337673230114698","3.337673230114698",,,"-4.138370546997066"
"1262","SusDev-SSP2-NPi","REMIND-MAgPIE 2.1-4.2","Final Energy","EJ/yr","[object Object]",2090,43.2065,"3.337673230114698","3.337673230114698","2100","4.7827442499999995","3765.290254849999","GW7","failed","medium","ok","ok","medium","medium",,"medium","medium","ok","medium","true","C7","C7: Below 4.0°C","REMIND-MAgPIE 2.1-4.2","SusDev_SSP2-NPi","31.355479053963432","53.19175571153932","15.312916349979883","4.7827442499999995","3.337673230114698","3.337673230114698",,,"-4.138370546997066"
"1262","SusDev-SSP2-NPi","REMIND-MAgPIE 2.1-4.2","Final Energy","EJ/yr","[object Object]",2100,43.4154,"3.337673230114698","3.337673230114698","2100","4.7827442499999995","3765.290254849999","GW7","failed","medium","ok","ok","medium","medium",,"medium","medium","ok","medium","true","C7","C7: Below 4.0°C","REMIND-MAgPIE 2.1-4.2","SusDev_SSP2-NPi","31.355479053963432","53.19175571153932","15.312916349979883","4.7827442499999995","3.337673230114698","3.337673230114698",,,"-4.138370546997066"
"1263","DeepElectrification-SSP2-Baseline","REMIND-MAgPIE 2.1-4.3","Final Energy","EJ/yr","[object Object]",2010,55.5665,"3.400756698236918","3.400756698236918","2100","0","3696.967192099999","GW7","ok","medium","ok","ok","medium","medium",,"medium","medium","ok","medium","true","C7","C7: Below 4.0°C","REMIND-MAgPIE 2.1-4.3","DeepElec_SSP2_Base","23.847672571007124","57.42410519548093","18.596307436806157","0","3.400756698236918","3.400756698236918","0.002883319",,"-5.699082657164183"
"1263","DeepElectrification-SSP2-Baseline","REMIND-MAgPIE 2.1-4.3","Final Energy","EJ/yr","[object Object]",2015,51.0908,"3.400756698236918","3.400756698236918","2100","0","3696.967192099999","GW7","ok","medium","ok","ok","medium","medium",,"medium","medium","ok","medium","true","C7","C7: Below 4.0°C","REMIND-MAgPIE 2.1-4.3","DeepElec_SSP2_Base","23.847672571007124","57.42410519548093","18.596307436806157","0","3.400756698236918","3.400756698236918","0.002883319",,"-5.699082657164183"
"1263","DeepElectrification-SSP2-Baseline","REMIND-MAgPIE 2.1-4.3","Final Energy","EJ/yr","[object Object]",2020,49.0426,"3.400756698236918","3.400756698236918","2100","0","3696.967192099999","GW7","ok","medium","ok","ok","medium","medium",,"medium","medium","ok","medium","true","C7","C7: Below 4.0°C","REMIND-MAgPIE 2.1-4.3","DeepElec_SSP2_Base","23.847672571007124","57.42410519548093","18.596307436806157","0","3.400756698236918","3.400756698236918","0.002883319",,"-5.699082657164183"
"1263","DeepElectrification-SSP2-Baseline","REMIND-MAgPIE 2.1-4.3","Final Energy","EJ/yr","[object Object]",2025,48.9362,"3.400756698236918","3.400756698236918","2100","0","3696.967192099999","GW7","ok","medium","ok","ok","medium","medium",,"medium","medium","ok","medium","true","C7","C7: Below 4.0°C","REMIND-MAgPIE 2.1-4.3","DeepElec_SSP2_Base","23.847672571007124","57.42410519548093","18.596307436806157","0","3.400756698236918","3.400756698236918","0.002883319",,"-5.699082657164183"
"1263","DeepElectrification-SSP2-Baseline","REMIND-MAgPIE 2.1-4.3","Final Energy","EJ/yr","[object Object]",2030,48.7368,"3.400756698236918","3.400756698236918","2100","0","3696.967192099999","GW7","ok","medium","ok","ok","medium","medium",,"medium","medium","ok","medium","true","C7","C7: Below 4.0°C","REMIND-MAgPIE 2.1-4.3","DeepElec_SSP2_Base","23.847672571007124","57.42410519548093","18.596307436806157","0","3.400756698236918","3.400756698236918","0.002883319",,"-5.699082657164183"
"1263","DeepElectrification-SSP2-Baseline","REMIND-MAgPIE 2.1-4.3","Final Energy","EJ/yr","[object Object]",2035,47.6087,"3.400756698236918","3.400756698236918","2100","0","3696.967192099999","GW7","ok","medium","ok","ok","medium","medium",,"medium","medium","ok","medium","true","C7","C7: Below 4.0°C","REMIND-MAgPIE 2.1-4.3","DeepElec_SSP2_Base","23.847672571007124","57.42410519548093","18.596307436806157","0","3.400756698236918","3.400756698236918","0.002883319",,"-5.699082657164183"
"1263","DeepElectrification-SSP2-Baseline","REMIND-MAgPIE 2.1-4.3","Final Energy","EJ/yr","[object Object]",2040,46.2166,"3.400756698236918","3.400756698236918","2100","0","3696.967192099999","GW7","ok","medium","ok","ok","medium","medium",,"medium","medium","ok","medium","true","C7","C7: Below 4.0°C","REMIND-MAgPIE 2.1-4.3","DeepElec_SSP2_Base","23.847672571007124","57.42410519548093","18.596307436806157","0","3.400756698236918","3.400756698236918","0.002883319",,"-5.699082657164183"
"1263","DeepElectrification-SSP2-Baseline","REMIND-MAgPIE 2.1-4.3","Final Energy","EJ/yr","[object Object]",2045,44.9199,"3.400756698236918","3.400756698236918","2100","0","3696.967192099999","GW7","ok","medium","ok","ok","medium","medium",,"medium","medium","ok","medium","true","C7","C7: Below 4.0°C","REMIND-MAgPIE 2.1-4.3","DeepElec_SSP2_Base","23.847672571007124","57.42410519548093","18.596307436806157","0","3.400756698236918","3.400756698236918","0.002883319",,"-5.699082657164183"
"1263","DeepElectrification-SSP2-Baseline","REMIND-MAgPIE 2.1-4.3","Final Energy","EJ/yr","[object Object]",2050,43.7327,"3.400756698236918","3.400756698236918","2100","0","3696.967192099999","GW7","ok","medium","ok","ok","medium","medium",,"medium","medium","ok","medium","true","C7","C7: Below 4.0°C","REMIND-MAgPIE 2.1-4.3","DeepElec_SSP2_Base","23.847672571007124","57.42410519548093","18.596307436806157","0","3.400756698236918","3.400756698236918","0.002883319",,"-5.699082657164183"
"1263","DeepElectrification-SSP2-Baseline","REMIND-MAgPIE 2.1-4.3","Final Energy","EJ/yr","[object Object]",2055,42.7815,"3.400756698236918","3.400756698236918","2100","0","3696.967192099999","GW7","ok","medium","ok","ok","medium","medium",,"medium","medium","ok","medium","true","C7","C7: Below 4.0°C","REMIND-MAgPIE 2.1-4.3","DeepElec_SSP2_Base","23.847672571007124","57.42410519548093","18.596307436806157","0","3.400756698236918","3.400756698236918","0.002883319",,"-5.699082657164183"
"1263","DeepElectrification-SSP2-Baseline","REMIND-MAgPIE 2.1-4.3","Final Energy","EJ/yr","[object Object]",2060,41.581,"3.400756698236918","3.400756698236918","2100","0","3696.967192099999","GW7","ok","medium","ok","ok","medium","medium",,"medium","medium","ok","medium","true","C7","C7: Below 4.0°C","REMIND-MAgPIE 2.1-4.3","DeepElec_SSP2_Base","23.847672571007124","57.42410519548093","18.596307436806157","0","3.400756698236918","3.400756698236918","0.002883319",,"-5.699082657164183"
"1263","DeepElectrification-SSP2-Baseline","REMIND-MAgPIE 2.1-4.3","Final Energy","EJ/yr","[object Object]",2070,40.1429,"3.400756698236918","3.400756698236918","2100","0","3696.967192099999","GW7","ok","medium","ok","ok","medium","medium",,"medium","medium","ok","medium","true","C7","C7: Below 4.0°C","REMIND-MAgPIE 2.1-4.3","DeepElec_SSP2_Base","23.847672571007124","57.42410519548093","18.596307436806157","0","3.400756698236918","3.400756698236918","0.002883319",,"-5.699082657164183"
"1263","DeepElectrification-SSP2-Baseline","REMIND-MAgPIE 2.1-4.3","Final Energy","EJ/yr","[object Object]",2080,38.8376,"3.400756698236918","3.400756698236918","2100","0","3696.967192099999","GW7","ok","medium","ok","ok","medium","medium",,"medium","medium","ok","medium","true","C7","C7: Below 4.0°C","REMIND-MAgPIE 2.1-4.3","DeepElec_SSP2_Base","23.847672571007124","57.42410519548093","18.596307436806157","0","3.400756698236918","3.400756698236918","0.002883319",,"-5.699082657164183"
"1263","DeepElectrification-SSP2-Baseline","REMIND-MAgPIE 2.1-4.3","Final Energy","EJ/yr","[object Object]",2090,37.0273,"3.400756698236918","3.400756698236918","2100","0","3696.967192099999","GW7","ok","medium","ok","ok","medium","medium",,"medium","medium","ok","medium","true","C7","C7: Below 4.0°C","REMIND-MAgPIE 2.1-4.3","DeepElec_SSP2_Base","23.847672571007124","57.42410519548093","18.596307436806157","0","3.400756698236918","3.400756698236918","0.002883319",,"-5.699082657164183"
"1263","DeepElectrification-SSP2-Baseline","REMIND-MAgPIE 2.1-4.3","Final Energy","EJ/yr","[object Object]",2100,36.3168,"3.400756698236918","3.400756698236918","2100","0","3696.967192099999","GW7","ok","medium","ok","ok","medium","medium",,"medium","medium","ok","medium","true","C7","C7: Below 4.0°C","REMIND-MAgPIE 2.1-4.3","DeepElec_SSP2_Base","23.847672571007124","57.42410519548093","18.596307436806157","0","3.400756698236918","3.400756698236918","0.002883319",,"-5.699082657164183"
"1270","DeepElectrification-SSP2-NPi","REMIND-MAgPIE 2.1-4.3","Final Energy","EJ/yr","[object Object]",2010,55.5665,"3.33940049802597","3.33940049802597","2100","0.04854165","3453.7089765000005","GW7","ok","medium","ok","ok","medium","medium",,"medium","medium","ok","medium","true","C7","C7: Below 4.0°C","REMIND-MAgPIE 2.1-4.3","DeepElec_SSP2_Npi","29.803285610801094","52.227779537189726","17.831700720388188","0.04854165","3.33940049802597","3.33940049802597","0.003339775",,"-6.023593168636921"
"1270","DeepElectrification-SSP2-NPi","REMIND-MAgPIE 2.1-4.3","Final Energy","EJ/yr","[object Object]",2015,51.0724,"3.33940049802597","3.33940049802597","2100","0.04854165","3453.7089765000005","GW7","ok","medium","ok","ok","medium","medium",,"medium","medium","ok","medium","true","C7","C7: Below 4.0°C","REMIND-MAgPIE 2.1-4.3","DeepElec_SSP2_Npi","29.803285610801094","52.227779537189726","17.831700720388188","0.04854165","3.33940049802597","3.33940049802597","0.003339775",,"-6.023593168636921"
"1270","DeepElectrification-SSP2-NPi","REMIND-MAgPIE 2.1-4.3","Final Energy","EJ/yr","[object Object]",2020,48.593,"3.33940049802597","3.33940049802597","2100","0.04854165","3453.7089765000005","GW7","ok","medium","ok","ok","medium","medium",,"medium","medium","ok","medium","true","C7","C7: Below 4.0°C","REMIND-MAgPIE 2.1-4.3","DeepElec_SSP2_Npi","29.803285610801094","52.227779537189726","17.831700720388188","0.04854165","3.33940049802597","3.33940049802597","0.003339775",,"-6.023593168636921"
"1270","DeepElectrification-SSP2-NPi","REMIND-MAgPIE 2.1-4.3","Final Energy","EJ/yr","[object Object]",2025,47.6781,"3.33940049802597","3.33940049802597","2100","0.04854165","3453.7089765000005","GW7","ok","medium","ok","ok","medium","medium",,"medium","medium","ok","medium","true","C7","C7: Below 4.0°C","REMIND-MAgPIE 2.1-4.3","DeepElec_SSP2_Npi","29.803285610801094","52.227779537189726","17.831700720388188","0.04854165","3.33940049802597","3.33940049802597","0.003339775",,"-6.023593168636921"
"1270","DeepElectrification-SSP2-NPi","REMIND-MAgPIE 2.1-4.3","Final Energy","EJ/yr","[object Object]",2030,46.3827,"3.33940049802597","3.33940049802597","2100","0.04854165","3453.7089765000005","GW7","ok","medium","ok","ok","medium","medium",,"medium","medium","ok","medium","true","C7","C7: Below 4.0°C","REMIND-MAgPIE 2.1-4.3","DeepElec_SSP2_Npi","29.803285610801094","52.227779537189726","17.831700720388188","0.04854165","3.33940049802597","3.33940049802597","0.003339775",,"-6.023593168636921"
"1270","DeepElectrification-SSP2-NPi","REMIND-MAgPIE 2.1-4.3","Final Energy","EJ/yr","[object Object]",2035,46.2048,"3.33940049802597","3.33940049802597","2100","0.04854165","3453.7089765000005","GW7","ok","medium","ok","ok","medium","medium",,"medium","medium","ok","medium","true","C7","C7: Below 4.0°C","REMIND-MAgPIE 2.1-4.3","DeepElec_SSP2_Npi","29.803285610801094","52.227779537189726","17.831700720388188","0.04854165","3.33940049802597","3.33940049802597","0.003339775",,"-6.023593168636921"
"1270","DeepElectrification-SSP2-NPi","REMIND-MAgPIE 2.1-4.3","Final Energy","EJ/yr","[object Object]",2040,45.839,"3.33940049802597","3.33940049802597","2100","0.04854165","3453.7089765000005","GW7","ok","medium","ok","ok","medium","medium",,"medium","medium","ok","medium","true","C7","C7: Below 4.0°C","REMIND-MAgPIE 2.1-4.3","DeepElec_SSP2_Npi","29.803285610801094","52.227779537189726","17.831700720388188","0.04854165","3.33940049802597","3.33940049802597","0.003339775",,"-6.023593168636921"
"1270","DeepElectrification-SSP2-NPi","REMIND-MAgPIE 2.1-4.3","Final Energy","EJ/yr","[object Object]",2045,44.2807,"3.33940049802597","3.33940049802597","2100","0.04854165","3453.7089765000005","GW7","ok","medium","ok","ok","medium","medium",,"medium","medium","ok","medium","true","C7","C7: Below 4.0°C","REMIND-MAgPIE 2.1-4.3","DeepElec_SSP2_Npi","29.803285610801094","52.227779537189726","17.831700720388188","0.04854165","3.33940049802597","3.33940049802597","0.003339775",,"-6.023593168636921"
"1270","DeepElectrification-SSP2-NPi","REMIND-MAgPIE 2.1-4.3","Final Energy","EJ/yr","[object Object]",2050,43.2323,"3.33940049802597","3.33940049802597","2100","0.04854165","3453.7089765000005","GW7","ok","medium","ok","ok","medium","medium",,"medium","medium","ok","medium","true","C7","C7: Below 4.0°C","REMIND-MAgPIE 2.1-4.3","DeepElec_SSP2_Npi","29.803285610801094","52.227779537189726","17.831700720388188","0.04854165","3.33940049802597","3.33940049802597","0.003339775",,"-6.023593168636921"
"1270","DeepElectrification-SSP2-NPi","REMIND-MAgPIE 2.1-4.3","Final Energy","EJ/yr","[object Object]",2055,42.1934,"3.33940049802597","3.33940049802597","2100","0.04854165","3453.7089765000005","GW7","ok","medium","ok","ok","medium","medium",,"medium","medium","ok","medium","true","C7","C7: Below 4.0°C","REMIND-MAgPIE 2.1-4.3","DeepElec_SSP2_Npi","29.803285610801094","52.227779537189726","17.831700720388188","0.04854165","3.33940049802597","3.33940049802597","0.003339775",,"-6.023593168636921"
"1270","DeepElectrification-SSP2-NPi","REMIND-MAgPIE 2.1-4.3","Final Energy","EJ/yr","[object Object]",2060,41.441,"3.33940049802597","3.33940049802597","2100","0.04854165","3453.7089765000005","GW7","ok","medium","ok","ok","medium","medium",,"medium","medium","ok","medium","true","C7","C7: Below 4.0°C","REMIND-MAgPIE 2.1-4.3","DeepElec_SSP2_Npi","29.803285610801094","52.227779537189726","17.831700720388188","0.04854165","3.33940049802597","3.33940049802597","0.003339775",,"-6.023593168636921"
"1270","DeepElectrification-SSP2-NPi","REMIND-MAgPIE 2.1-4.3","Final Energy","EJ/yr","[object Object]",2070,39.6462,"3.33940049802597","3.33940049802597","2100","0.04854165","3453.7089765000005","GW7","ok","medium","ok","ok","medium","medium",,"medium","medium","ok","medium","true","C7","C7: Below 4.0°C","REMIND-MAgPIE 2.1-4.3","DeepElec_SSP2_Npi","29.803285610801094","52.227779537189726","17.831700720388188","0.04854165","3.33940049802597","3.33940049802597","0.003339775",,"-6.023593168636921"
"1270","DeepElectrification-SSP2-NPi","REMIND-MAgPIE 2.1-4.3","Final Energy","EJ/yr","[object Object]",2080,37.7619,"3.33940049802597","3.33940049802597","2100","0.04854165","3453.7089765000005","GW7","ok","medium","ok","ok","medium","medium",,"medium","medium","ok","medium","true","C7","C7: Below 4.0°C","REMIND-MAgPIE 2.1-4.3","DeepElec_SSP2_Npi","29.803285610801094","52.227779537189726","17.831700720388188","0.04854165","3.33940049802597","3.33940049802597","0.003339775",,"-6.023593168636921"
"1270","DeepElectrification-SSP2-NPi","REMIND-MAgPIE 2.1-4.3","Final Energy","EJ/yr","[object Object]",2090,36.4865,"3.33940049802597","3.33940049802597","2100","0.04854165","3453.7089765000005","GW7","ok","medium","ok","ok","medium","medium",,"medium","medium","ok","medium","true","C7","C7: Below 4.0°C","REMIND-MAgPIE 2.1-4.3","DeepElec_SSP2_Npi","29.803285610801094","52.227779537189726","17.831700720388188","0.04854165","3.33940049802597","3.33940049802597","0.003339775",,"-6.023593168636921"
"1270","DeepElectrification-SSP2-NPi","REMIND-MAgPIE 2.1-4.3","Final Energy","EJ/yr","[object Object]",2100,35.7845,"3.33940049802597","3.33940049802597","2100","0.04854165","3453.7089765000005","GW7","ok","medium","ok","ok","medium","medium",,"medium","medium","ok","medium","true","C7","C7: Below 4.0°C","REMIND-MAgPIE 2.1-4.3","DeepElec_SSP2_Npi","29.803285610801094","52.227779537189726","17.831700720388188","0.04854165","3.33940049802597","3.33940049802597","0.003339775",,"-6.023593168636921"
"1384","NGFS Phase 2-Current Policies","GCAM 5.3","Final Energy","EJ/yr","[object Object]",2010,57.58237974,"3.045831548925096","3.045831548925096","2100","0.000041437928","3664.57988191","GW7","ok","medium","ok","ok","ok","ok","medium","high","medium","ok","medium","true","C7","C7: Below 4.0°C","GCAM 5.3","NGFS2_Current Policies","12.545590871997007","74.51828845211973","10.440722650275717","0.000041437928","3.045831548925096","3.045831548925096","0.002624392",,"0.3845145679332944"
"1384","NGFS Phase 2-Current Policies","GCAM 5.3","Final Energy","EJ/yr","[object Object]",2015,54.825186572,"3.045831548925096","3.045831548925096","2100","0.000041437928","3664.57988191","GW7","ok","medium","ok","ok","ok","ok","medium","high","medium","ok","medium","true","C7","C7: Below 4.0°C","GCAM 5.3","NGFS2_Current Policies","12.545590871997007","74.51828845211973","10.440722650275717","0.000041437928","3.045831548925096","3.045831548925096","0.002624392",,"0.3845145679332944"
"1384","NGFS Phase 2-Current Policies","GCAM 5.3","Final Energy","EJ/yr","[object Object]",2020,56.293284381,"3.045831548925096","3.045831548925096","2100","0.000041437928","3664.57988191","GW7","ok","medium","ok","ok","ok","ok","medium","high","medium","ok","medium","true","C7","C7: Below 4.0°C","GCAM 5.3","NGFS2_Current Policies","12.545590871997007","74.51828845211973","10.440722650275717","0.000041437928","3.045831548925096","3.045831548925096","0.002624392",,"0.3845145679332944"
"1384","NGFS Phase 2-Current Policies","GCAM 5.3","Final Energy","EJ/yr","[object Object]",2025,57.82754358,"3.045831548925096","3.045831548925096","2100","0.000041437928","3664.57988191","GW7","ok","medium","ok","ok","ok","ok","medium","high","medium","ok","medium","true","C7","C7: Below 4.0°C","GCAM 5.3","NGFS2_Current Policies","12.545590871997007","74.51828845211973","10.440722650275717","0.000041437928","3.045831548925096","3.045831548925096","0.002624392",,"0.3845145679332944"
"1384","NGFS Phase 2-Current Policies","GCAM 5.3","Final Energy","EJ/yr","[object Object]",2030,58.217900454,"3.045831548925096","3.045831548925096","2100","0.000041437928","3664.57988191","GW7","ok","medium","ok","ok","ok","ok","medium","high","medium","ok","medium","true","C7","C7: Below 4.0°C","GCAM 5.3","NGFS2_Current Policies","12.545590871997007","74.51828845211973","10.440722650275717","0.000041437928","3.045831548925096","3.045831548925096","0.002624392",,"0.3845145679332944"
"1384","NGFS Phase 2-Current Policies","GCAM 5.3","Final Energy","EJ/yr","[object Object]",2035,58.06072024800001,"3.045831548925096","3.045831548925096","2100","0.000041437928","3664.57988191","GW7","ok","medium","ok","ok","ok","ok","medium","high","medium","ok","medium","true","C7","C7: Below 4.0°C","GCAM 5.3","NGFS2_Current Policies","12.545590871997007","74.51828845211973","10.440722650275717","0.000041437928","3.045831548925096","3.045831548925096","0.002624392",,"0.3845145679332944"
"1384","NGFS Phase 2-Current Policies","GCAM 5.3","Final Energy","EJ/yr","[object Object]",2040,57.615320627,"3.045831548925096","3.045831548925096","2100","0.000041437928","3664.57988191","GW7","ok","medium","ok","ok","ok","ok","medium","high","medium","ok","medium","true","C7","C7: Below 4.0°C","GCAM 5.3","NGFS2_Current Policies","12.545590871997007","74.51828845211973","10.440722650275717","0.000041437928","3.045831548925096","3.045831548925096","0.002624392",,"0.3845145679332944"
"1384","NGFS Phase 2-Current Policies","GCAM 5.3","Final Energy","EJ/yr","[object Object]",2045,57.971506789,"3.045831548925096","3.045831548925096","2100","0.000041437928","3664.57988191","GW7","ok","medium","ok","ok","ok","ok","medium","high","medium","ok","medium","true","C7","C7: Below 4.0°C","GCAM 5.3","NGFS2_Current Policies","12.545590871997007","74.51828845211973","10.440722650275717","0.000041437928","3.045831548925096","3.045831548925096","0.002624392",,"0.3845145679332944"
"1384","NGFS Phase 2-Current Policies","GCAM 5.3","Final Energy","EJ/yr","[object Object]",2050,58.447655779,"3.045831548925096","3.045831548925096","2100","0.000041437928","3664.57988191","GW7","ok","medium","ok","ok","ok","ok","medium","high","medium","ok","medium","true","C7","C7: Below 4.0°C","GCAM 5.3","NGFS2_Current Policies","12.545590871997007","74.51828845211973","10.440722650275717","0.000041437928","3.045831548925096","3.045831548925096","0.002624392",,"0.3845145679332944"
"1384","NGFS Phase 2-Current Policies","GCAM 5.3","Final Energy","EJ/yr","[object Object]",2055,59.490518268,"3.045831548925096","3.045831548925096","2100","0.000041437928","3664.57988191","GW7","ok","medium","ok","ok","ok","ok","medium","high","medium","ok","medium","true","C7","C7: Below 4.0°C","GCAM 5.3","NGFS2_Current Policies","12.545590871997007","74.51828845211973","10.440722650275717","0.000041437928","3.045831548925096","3.045831548925096","0.002624392",,"0.3845145679332944"
"1384","NGFS Phase 2-Current Policies","GCAM 5.3","Final Energy","EJ/yr","[object Object]",2060,60.119372643,"3.045831548925096","3.045831548925096","2100","0.000041437928","3664.57988191","GW7","ok","medium","ok","ok","ok","ok","medium","high","medium","ok","medium","true","C7","C7: Below 4.0°C","GCAM 5.3","NGFS2_Current Policies","12.545590871997007","74.51828845211973","10.440722650275717","0.000041437928","3.045831548925096","3.045831548925096","0.002624392",,"0.3845145679332944"
"1384","NGFS Phase 2-Current Policies","GCAM 5.3","Final Energy","EJ/yr","[object Object]",2065,60.80378443,"3.045831548925096","3.045831548925096","2100","0.000041437928","3664.57988191","GW7","ok","medium","ok","ok","ok","ok","medium","high","medium","ok","medium","true","C7","C7: Below 4.0°C","GCAM 5.3","NGFS2_Current Policies","12.545590871997007","74.51828845211973","10.440722650275717","0.000041437928","3.045831548925096","3.045831548925096","0.002624392",,"0.3845145679332944"
"1384","NGFS Phase 2-Current Policies","GCAM 5.3","Final Energy","EJ/yr","[object Object]",2070,61.757780773,"3.045831548925096","3.045831548925096","2100","0.000041437928","3664.57988191","GW7","ok","medium","ok","ok","ok","ok","medium","high","medium","ok","medium","true","C7","C7: Below 4.0°C","GCAM 5.3","NGFS2_Current Policies","12.545590871997007","74.51828845211973","10.440722650275717","0.000041437928","3.045831548925096","3.045831548925096","0.002624392",,"0.3845145679332944"
"1384","NGFS Phase 2-Current Policies","GCAM 5.3","Final Energy","EJ/yr","[object Object]",2075,61.945257223,"3.045831548925096","3.045831548925096","2100","0.000041437928","3664.57988191","GW7","ok","medium","ok","ok","ok","ok","medium","high","medium","ok","medium","true","C7","C7: Below 4.0°C","GCAM 5.3","NGFS2_Current Policies","12.545590871997007","74.51828845211973","10.440722650275717","0.000041437928","3.045831548925096","3.045831548925096","0.002624392",,"0.3845145679332944"
"1384","NGFS Phase 2-Current Policies","GCAM 5.3","Final Energy","EJ/yr","[object Object]",2080,62.02711070699999,"3.045831548925096","3.045831548925096","2100","0.000041437928","3664.57988191","GW7","ok","medium","ok","ok","ok","ok","medium","high","medium","ok","medium","true","C7","C7: Below 4.0°C","GCAM 5.3","NGFS2_Current Policies","12.545590871997007","74.51828845211973","10.440722650275717","0.000041437928","3.045831548925096","3.045831548925096","0.002624392",,"0.3845145679332944"
"1384","NGFS Phase 2-Current Policies","GCAM 5.3","Final Energy","EJ/yr","[object Object]",2085,62.251411335,"3.045831548925096","3.045831548925096","2100","0.000041437928","3664.57988191","GW7","ok","medium","ok","ok","ok","ok","medium","high","medium","ok","medium","true","C7","C7: Below 4.0°C","GCAM 5.3","NGFS2_Current Policies","12.545590871997007","74.51828845211973","10.440722650275717","0.000041437928","3.045831548925096","3.045831548925096","0.002624392",,"0.3845145679332944"
"1384","NGFS Phase 2-Current Policies","GCAM 5.3","Final Energy","EJ/yr","[object Object]",2090,61.845325703,"3.045831548925096","3.045831548925096","2100","0.000041437928","3664.57988191","GW7","ok","medium","ok","ok","ok","ok","medium","high","medium","ok","medium","true","C7","C7: Below 4.0°C","GCAM 5.3","NGFS2_Current Policies","12.545590871997007","74.51828845211973","10.440722650275717","0.000041437928","3.045831548925096","3.045831548925096","0.002624392",,"0.3845145679332944"
"1384","NGFS Phase 2-Current Policies","GCAM 5.3","Final Energy","EJ/yr","[object Object]",2095,61.35968348000001,"3.045831548925096","3.045831548925096","2100","0.000041437928","3664.57988191","GW7","ok","medium","ok","ok","ok","ok","medium","high","medium","ok","medium","true","C7","C7: Below 4.0°C","GCAM 5.3","NGFS2_Current Policies","12.545590871997007","74.51828845211973","10.440722650275717","0.000041437928","3.045831548925096","3.045831548925096","0.002624392",,"0.3845145679332944"
"1384","NGFS Phase 2-Current Policies","GCAM 5.3","Final Energy","EJ/yr","[object Object]",2100,61.425452386,"3.045831548925096","3.045831548925096","2100","0.000041437928","3664.57988191","GW7","ok","medium","ok","ok","ok","ok","medium","high","medium","ok","medium","true","C7","C7: Below 4.0°C","GCAM 5.3","NGFS2_Current Policies","12.545590871997007","74.51828845211973","10.440722650275717","0.000041437928","3.045831548925096","3.045831548925096","0.002624392",,"0.3845145679332944"
"1389","NGFS Phase 2-Current Policies","MESSAGEix-GLOBIOM 1.1","Final Energy","EJ/yr","[object Object]",2010,55.954704595,"3.156677073178789","3.156677073178789","2100","0","4307.58465639","GW7","failed","medium","ok","ok","ok","ok","high","high","high","ok","ok","true","C7","C7: Below 4.0°C","MESSAGEix-GLOBIOM_1.1","NGFS2_Current Policies","12.605262473551877","81.1363776734079","5.29804052694573","0","3.156677073178789","3.156677073178789",,,"0.5934341496672175"
"1389","NGFS Phase 2-Current Policies","MESSAGEix-GLOBIOM 1.1","Final Energy","EJ/yr","[object Object]",2015,52.865203503,"3.156677073178789","3.156677073178789","2100","0","4307.58465639","GW7","failed","medium","ok","ok","ok","ok","high","high","high","ok","ok","true","C7","C7: Below 4.0°C","MESSAGEix-GLOBIOM_1.1","NGFS2_Current Policies","12.605262473551877","81.1363776734079","5.29804052694573","0","3.156677073178789","3.156677073178789",,,"0.5934341496672175"
"1389","NGFS Phase 2-Current Policies","MESSAGEix-GLOBIOM 1.1","Final Energy","EJ/yr","[object Object]",2020,56.99404269,"3.156677073178789","3.156677073178789","2100","0","4307.58465639","GW7","failed","medium","ok","ok","ok","ok","high","high","high","ok","ok","true","C7","C7: Below 4.0°C","MESSAGEix-GLOBIOM_1.1","NGFS2_Current Policies","12.605262473551877","81.1363776734079","5.29804052694573","0","3.156677073178789","3.156677073178789",,,"0.5934341496672175"
"1389","NGFS Phase 2-Current Policies","MESSAGEix-GLOBIOM 1.1","Final Energy","EJ/yr","[object Object]",2025,60.26848923,"3.156677073178789","3.156677073178789","2100","0","4307.58465639","GW7","failed","medium","ok","ok","ok","ok","high","high","high","ok","ok","true","C7","C7: Below 4.0°C","MESSAGEix-GLOBIOM_1.1","NGFS2_Current Policies","12.605262473551877","81.1363776734079","5.29804052694573","0","3.156677073178789","3.156677073178789",,,"0.5934341496672175"
"1389","NGFS Phase 2-Current Policies","MESSAGEix-GLOBIOM 1.1","Final Energy","EJ/yr","[object Object]",2030,64.30027695,"3.156677073178789","3.156677073178789","2100","0","4307.58465639","GW7","failed","medium","ok","ok","ok","ok","high","high","high","ok","ok","true","C7","C7: Below 4.0°C","MESSAGEix-GLOBIOM_1.1","NGFS2_Current Policies","12.605262473551877","81.1363776734079","5.29804052694573","0","3.156677073178789","3.156677073178789",,,"0.5934341496672175"
"1389","NGFS Phase 2-Current Policies","MESSAGEix-GLOBIOM 1.1","Final Energy","EJ/yr","[object Object]",2035,66.29824758,"3.156677073178789","3.156677073178789","2100","0","4307.58465639","GW7","failed","medium","ok","ok","ok","ok","high","high","high","ok","ok","true","C7","C7: Below 4.0°C","MESSAGEix-GLOBIOM_1.1","NGFS2_Current Policies","12.605262473551877","81.1363776734079","5.29804052694573","0","3.156677073178789","3.156677073178789",,,"0.5934341496672175"
"1389","NGFS Phase 2-Current Policies","MESSAGEix-GLOBIOM 1.1","Final Energy","EJ/yr","[object Object]",2040,68.38600179,"3.156677073178789","3.156677073178789","2100","0","4307.58465639","GW7","failed","medium","ok","ok","ok","ok","high","high","high","ok","ok","true","C7","C7: Below 4.0°C","MESSAGEix-GLOBIOM_1.1","NGFS2_Current Policies","12.605262473551877","81.1363776734079","5.29804052694573","0","3.156677073178789","3.156677073178789",,,"0.5934341496672175"
"1389","NGFS Phase 2-Current Policies","MESSAGEix-GLOBIOM 1.1","Final Energy","EJ/yr","[object Object]",2045,71.05357398,"3.156677073178789","3.156677073178789","2100","0","4307.58465639","GW7","failed","medium","ok","ok","ok","ok","high","high","high","ok","ok","true","C7","C7: Below 4.0°C","MESSAGEix-GLOBIOM_1.1","NGFS2_Current Policies","12.605262473551877","81.1363776734079","5.29804052694573","0","3.156677073178789","3.156677073178789",,,"0.5934341496672175"
"1389","NGFS Phase 2-Current Policies","MESSAGEix-GLOBIOM 1.1","Final Energy","EJ/yr","[object Object]",2050,72.7391973,"3.156677073178789","3.156677073178789","2100","0","4307.58465639","GW7","failed","medium","ok","ok","ok","ok","high","high","high","ok","ok","true","C7","C7: Below 4.0°C","MESSAGEix-GLOBIOM_1.1","NGFS2_Current Policies","12.605262473551877","81.1363776734079","5.29804052694573","0","3.156677073178789","3.156677073178789",,,"0.5934341496672175"
"1389","NGFS Phase 2-Current Policies","MESSAGEix-GLOBIOM 1.1","Final Energy","EJ/yr","[object Object]",2055,73.61188001000001,"3.156677073178789","3.156677073178789","2100","0","4307.58465639","GW7","failed","medium","ok","ok","ok","ok","high","high","high","ok","ok","true","C7","C7: Below 4.0°C","MESSAGEix-GLOBIOM_1.1","NGFS2_Current Policies","12.605262473551877","81.1363776734079","5.29804052694573","0","3.156677073178789","3.156677073178789",,,"0.5934341496672175"
"1389","NGFS Phase 2-Current Policies","MESSAGEix-GLOBIOM 1.1","Final Energy","EJ/yr","[object Object]",2060,72.64836398,"3.156677073178789","3.156677073178789","2100","0","4307.58465639","GW7","failed","medium","ok","ok","ok","ok","high","high","high","ok","ok","true","C7","C7: Below 4.0°C","MESSAGEix-GLOBIOM_1.1","NGFS2_Current Policies","12.605262473551877","81.1363776734079","5.29804052694573","0","3.156677073178789","3.156677073178789",,,"0.5934341496672175"
"1389","NGFS Phase 2-Current Policies","MESSAGEix-GLOBIOM 1.1","Final Energy","EJ/yr","[object Object]",2070,75.01775862,"3.156677073178789","3.156677073178789","2100","0","4307.58465639","GW7","failed","medium","ok","ok","ok","ok","high","high","high","ok","ok","true","C7","C7: Below 4.0°C","MESSAGEix-GLOBIOM_1.1","NGFS2_Current Policies","12.605262473551877","81.1363776734079","5.29804052694573","0","3.156677073178789","3.156677073178789",,,"0.5934341496672175"
"1389","NGFS Phase 2-Current Policies","MESSAGEix-GLOBIOM 1.1","Final Energy","EJ/yr","[object Object]",2080,82.06932166,"3.156677073178789","3.156677073178789","2100","0","4307.58465639","GW7","failed","medium","ok","ok","ok","ok","high","high","high","ok","ok","true","C7","C7: Below 4.0°C","MESSAGEix-GLOBIOM_1.1","NGFS2_Current Policies","12.605262473551877","81.1363776734079","5.29804052694573","0","3.156677073178789","3.156677073178789",,,"0.5934341496672175"
"1389","NGFS Phase 2-Current Policies","MESSAGEix-GLOBIOM 1.1","Final Energy","EJ/yr","[object Object]",2090,87.38980511,"3.156677073178789","3.156677073178789","2100","0","4307.58465639","GW7","failed","medium","ok","ok","ok","ok","high","high","high","ok","ok","true","C7","C7: Below 4.0°C","MESSAGEix-GLOBIOM_1.1","NGFS2_Current Policies","12.605262473551877","81.1363776734079","5.29804052694573","0","3.156677073178789","3.156677073178789",,,"0.5934341496672175"
"1389","NGFS Phase 2-Current Policies","MESSAGEix-GLOBIOM 1.1","Final Energy","EJ/yr","[object Object]",2100,91.3829204,"3.156677073178789","3.156677073178789","2100","0","4307.58465639","GW7","failed","medium","ok","ok","ok","ok","high","high","high","ok","ok","true","C7","C7: Below 4.0°C","MESSAGEix-GLOBIOM_1.1","NGFS2_Current Policies","12.605262473551877","81.1363776734079","5.29804052694573","0","3.156677073178789","3.156677073178789",,,"0.5934341496672175"
"1394","NGFS Phase 2-Current Policies","REMIND-MAgPIE 2.1-4.2","Final Energy","EJ/yr","[object Object]",2010,55.4108,"3.232271428585062","3.232271428585062","2100","0.8041631499999998","3184.3368528000005","GW7","ok","medium","ok","ok","medium","medium",,"high","medium","ok","ok","true","C7","C7: Below 4.0°C","REMIND-MAgPIE 2.1-4.2","NGFS2_Current Policies","31.651672817823766","51.96423938005631","16.231115689516958","0.8041631499999998","3.232271428585062","3.232271428585062","0.003284128",,"-4.3759831564706815"
"1394","NGFS Phase 2-Current Policies","REMIND-MAgPIE 2.1-4.2","Final Energy","EJ/yr","[object Object]",2015,50.3976,"3.232271428585062","3.232271428585062","2100","0.8041631499999998","3184.3368528000005","GW7","ok","medium","ok","ok","medium","medium",,"high","medium","ok","ok","true","C7","C7: Below 4.0°C","REMIND-MAgPIE 2.1-4.2","NGFS2_Current Policies","31.651672817823766","51.96423938005631","16.231115689516958","0.8041631499999998","3.232271428585062","3.232271428585062","0.003284128",,"-4.3759831564706815"
"1394","NGFS Phase 2-Current Policies","REMIND-MAgPIE 2.1-4.2","Final Energy","EJ/yr","[object Object]",2020,47.3266,"3.232271428585062","3.232271428585062","2100","0.8041631499999998","3184.3368528000005","GW7","ok","medium","ok","ok","medium","medium",,"high","medium","ok","ok","true","C7","C7: Below 4.0°C","REMIND-MAgPIE 2.1-4.2","NGFS2_Current Policies","31.651672817823766","51.96423938005631","16.231115689516958","0.8041631499999998","3.232271428585062","3.232271428585062","0.003284128",,"-4.3759831564706815"
"1394","NGFS Phase 2-Current Policies","REMIND-MAgPIE 2.1-4.2","Final Energy","EJ/yr","[object Object]",2025,46.5448,"3.232271428585062","3.232271428585062","2100","0.8041631499999998","3184.3368528000005","GW7","ok","medium","ok","ok","medium","medium",,"high","medium","ok","ok","true","C7","C7: Below 4.0°C","REMIND-MAgPIE 2.1-4.2","NGFS2_Current Policies","31.651672817823766","51.96423938005631","16.231115689516958","0.8041631499999998","3.232271428585062","3.232271428585062","0.003284128",,"-4.3759831564706815"
"1394","NGFS Phase 2-Current Policies","REMIND-MAgPIE 2.1-4.2","Final Energy","EJ/yr","[object Object]",2030,46.4946,"3.232271428585062","3.232271428585062","2100","0.8041631499999998","3184.3368528000005","GW7","ok","medium","ok","ok","medium","medium",,"high","medium","ok","ok","true","C7","C7: Below 4.0°C","REMIND-MAgPIE 2.1-4.2","NGFS2_Current Policies","31.651672817823766","51.96423938005631","16.231115689516958","0.8041631499999998","3.232271428585062","3.232271428585062","0.003284128",,"-4.3759831564706815"
"1394","NGFS Phase 2-Current Policies","REMIND-MAgPIE 2.1-4.2","Final Energy","EJ/yr","[object Object]",2035,46.285,"3.232271428585062","3.232271428585062","2100","0.8041631499999998","3184.3368528000005","GW7","ok","medium","ok","ok","medium","medium",,"high","medium","ok","ok","true","C7","C7: Below 4.0°C","REMIND-MAgPIE 2.1-4.2","NGFS2_Current Policies","31.651672817823766","51.96423938005631","16.231115689516958","0.8041631499999998","3.232271428585062","3.232271428585062","0.003284128",,"-4.3759831564706815"
"1394","NGFS Phase 2-Current Policies","REMIND-MAgPIE 2.1-4.2","Final Energy","EJ/yr","[object Object]",2040,44.899,"3.232271428585062","3.232271428585062","2100","0.8041631499999998","3184.3368528000005","GW7","ok","medium","ok","ok","medium","medium",,"high","medium","ok","ok","true","C7","C7: Below 4.0°C","REMIND-MAgPIE 2.1-4.2","NGFS2_Current Policies","31.651672817823766","51.96423938005631","16.231115689516958","0.8041631499999998","3.232271428585062","3.232271428585062","0.003284128",,"-4.3759831564706815"
"1394","NGFS Phase 2-Current Policies","REMIND-MAgPIE 2.1-4.2","Final Energy","EJ/yr","[object Object]",2045,42.94,"3.232271428585062","3.232271428585062","2100","0.8041631499999998","3184.3368528000005","GW7","ok","medium","ok","ok","medium","medium",,"high","medium","ok","ok","true","C7","C7: Below 4.0°C","REMIND-MAgPIE 2.1-4.2","NGFS2_Current Policies","31.651672817823766","51.96423938005631","16.231115689516958","0.8041631499999998","3.232271428585062","3.232271428585062","0.003284128",,"-4.3759831564706815"
"1394","NGFS Phase 2-Current Policies","REMIND-MAgPIE 2.1-4.2","Final Energy","EJ/yr","[object Object]",2050,41.3201,"3.232271428585062","3.232271428585062","2100","0.8041631499999998","3184.3368528000005","GW7","ok","medium","ok","ok","medium","medium",,"high","medium","ok","ok","true","C7","C7: Below 4.0°C","REMIND-MAgPIE 2.1-4.2","NGFS2_Current Policies","31.651672817823766","51.96423938005631","16.231115689516958","0.8041631499999998","3.232271428585062","3.232271428585062","0.003284128",,"-4.3759831564706815"
"1394","NGFS Phase 2-Current Policies","REMIND-MAgPIE 2.1-4.2","Final Energy","EJ/yr","[object Object]",2055,40.0476,"3.232271428585062","3.232271428585062","2100","0.8041631499999998","3184.3368528000005","GW7","ok","medium","ok","ok","medium","medium",,"high","medium","ok","ok","true","C7","C7: Below 4.0°C","REMIND-MAgPIE 2.1-4.2","NGFS2_Current Policies","31.651672817823766","51.96423938005631","16.231115689516958","0.8041631499999998","3.232271428585062","3.232271428585062","0.003284128",,"-4.3759831564706815"
"1394","NGFS Phase 2-Current Policies","REMIND-MAgPIE 2.1-4.2","Final Energy","EJ/yr","[object Object]",2060,39.3424,"3.232271428585062","3.232271428585062","2100","0.8041631499999998","3184.3368528000005","GW7","ok","medium","ok","ok","medium","medium",,"high","medium","ok","ok","true","C7","C7: Below 4.0°C","REMIND-MAgPIE 2.1-4.2","NGFS2_Current Policies","31.651672817823766","51.96423938005631","16.231115689516958","0.8041631499999998","3.232271428585062","3.232271428585062","0.003284128",,"-4.3759831564706815"
"1394","NGFS Phase 2-Current Policies","REMIND-MAgPIE 2.1-4.2","Final Energy","EJ/yr","[object Object]",2070,37.6445,"3.232271428585062","3.232271428585062","2100","0.8041631499999998","3184.3368528000005","GW7","ok","medium","ok","ok","medium","medium",,"high","medium","ok","ok","true","C7","C7: Below 4.0°C","REMIND-MAgPIE 2.1-4.2","NGFS2_Current Policies","31.651672817823766","51.96423938005631","16.231115689516958","0.8041631499999998","3.232271428585062","3.232271428585062","0.003284128",,"-4.3759831564706815"
"1394","NGFS Phase 2-Current Policies","REMIND-MAgPIE 2.1-4.2","Final Energy","EJ/yr","[object Object]",2080,36.224,"3.232271428585062","3.232271428585062","2100","0.8041631499999998","3184.3368528000005","GW7","ok","medium","ok","ok","medium","medium",,"high","medium","ok","ok","true","C7","C7: Below 4.0°C","REMIND-MAgPIE 2.1-4.2","NGFS2_Current Policies","31.651672817823766","51.96423938005631","16.231115689516958","0.8041631499999998","3.232271428585062","3.232271428585062","0.003284128",,"-4.3759831564706815"
"1394","NGFS Phase 2-Current Policies","REMIND-MAgPIE 2.1-4.2","Final Energy","EJ/yr","[object Object]",2090,34.1537,"3.232271428585062","3.232271428585062","2100","0.8041631499999998","3184.3368528000005","GW7","ok","medium","ok","ok","medium","medium",,"high","medium","ok","ok","true","C7","C7: Below 4.0°C","REMIND-MAgPIE 2.1-4.2","NGFS2_Current Policies","31.651672817823766","51.96423938005631","16.231115689516958","0.8041631499999998","3.232271428585062","3.232271428585062","0.003284128",,"-4.3759831564706815"
"1394","NGFS Phase 2-Current Policies","REMIND-MAgPIE 2.1-4.2","Final Energy","EJ/yr","[object Object]",2100,33.2944,"3.232271428585062","3.232271428585062","2100","0.8041631499999998","3184.3368528000005","GW7","ok","medium","ok","ok","medium","medium",,"high","medium","ok","ok","true","C7","C7: Below 4.0°C","REMIND-MAgPIE 2.1-4.2","NGFS2_Current Policies","31.651672817823766","51.96423938005631","16.231115689516958","0.8041631499999998","3.232271428585062","3.232271428585062","0.003284128",,"-4.3759831564706815"
"1395","NGFS Phase 2-Current Policies [IPD 95th]","REMIND-MAgPIE 2.1-4.2","Final Energy","EJ/yr","[object Object]",2010,55.4109,"3.173963463430126","3.173963463430126","2100","0.8338419999999999","3048.50012865","GW7","ok","medium","ok","ok","medium","medium",,"high","medium","ok","ok","true","C7","C7: Below 4.0°C","REMIND-MAgPIE 2.1-4.2","NGFS2_Current Policies - IPD-95th","31.996727313715358","51.49330887240021","16.356240841725583","0.8338419999999999","3.173963463430126","3.173963463430126","0.003175644",,
"1395","NGFS Phase 2-Current Policies [IPD 95th]","REMIND-MAgPIE 2.1-4.2","Final Energy","EJ/yr","[object Object]",2015,50.4138,"3.173963463430126","3.173963463430126","2100","0.8338419999999999","3048.50012865","GW7","ok","medium","ok","ok","medium","medium",,"high","medium","ok","ok","true","C7","C7: Below 4.0°C","REMIND-MAgPIE 2.1-4.2","NGFS2_Current Policies - IPD-95th","31.996727313715358","51.49330887240021","16.356240841725583","0.8338419999999999","3.173963463430126","3.173963463430126","0.003175644",,
"1395","NGFS Phase 2-Current Policies [IPD 95th]","REMIND-MAgPIE 2.1-4.2","Final Energy","EJ/yr","[object Object]",2020,47.3325,"3.173963463430126","3.173963463430126","2100","0.8338419999999999","3048.50012865","GW7","ok","medium","ok","ok","medium","medium",,"high","medium","ok","ok","true","C7","C7: Below 4.0°C","REMIND-MAgPIE 2.1-4.2","NGFS2_Current Policies - IPD-95th","31.996727313715358","51.49330887240021","16.356240841725583","0.8338419999999999","3.173963463430126","3.173963463430126","0.003175644",,
"1395","NGFS Phase 2-Current Policies [IPD 95th]","REMIND-MAgPIE 2.1-4.2","Final Energy","EJ/yr","[object Object]",2025,46.513,"3.173963463430126","3.173963463430126","2100","0.8338419999999999","3048.50012865","GW7","ok","medium","ok","ok","medium","medium",,"high","medium","ok","ok","true","C7","C7: Below 4.0°C","REMIND-MAgPIE 2.1-4.2","NGFS2_Current Policies - IPD-95th","31.996727313715358","51.49330887240021","16.356240841725583","0.8338419999999999","3.173963463430126","3.173963463430126","0.003175644",,
"1395","NGFS Phase 2-Current Policies [IPD 95th]","REMIND-MAgPIE 2.1-4.2","Final Energy","EJ/yr","[object Object]",2030,46.4646,"3.173963463430126","3.173963463430126","2100","0.8338419999999999","3048.50012865","GW7","ok","medium","ok","ok","medium","medium",,"high","medium","ok","ok","true","C7","C7: Below 4.0°C","REMIND-MAgPIE 2.1-4.2","NGFS2_Current Policies - IPD-95th","31.996727313715358","51.49330887240021","16.356240841725583","0.8338419999999999","3.173963463430126","3.173963463430126","0.003175644",,
"1395","NGFS Phase 2-Current Policies [IPD 95th]","REMIND-MAgPIE 2.1-4.2","Final Energy","EJ/yr","[object Object]",2035,46.1722,"3.173963463430126","3.173963463430126","2100","0.8338419999999999","3048.50012865","GW7","ok","medium","ok","ok","medium","medium",,"high","medium","ok","ok","true","C7","C7: Below 4.0°C","REMIND-MAgPIE 2.1-4.2","NGFS2_Current Policies - IPD-95th","31.996727313715358","51.49330887240021","16.356240841725583","0.8338419999999999","3.173963463430126","3.173963463430126","0.003175644",,
"1395","NGFS Phase 2-Current Policies [IPD 95th]","REMIND-MAgPIE 2.1-4.2","Final Energy","EJ/yr","[object Object]",2040,44.6882,"3.173963463430126","3.173963463430126","2100","0.8338419999999999","3048.50012865","GW7","ok","medium","ok","ok","medium","medium",,"high","medium","ok","ok","true","C7","C7: Below 4.0°C","REMIND-MAgPIE 2.1-4.2","NGFS2_Current Policies - IPD-95th","31.996727313715358","51.49330887240021","16.356240841725583","0.8338419999999999","3.173963463430126","3.173963463430126","0.003175644",,
"1395","NGFS Phase 2-Current Policies [IPD 95th]","REMIND-MAgPIE 2.1-4.2","Final Energy","EJ/yr","[object Object]",2045,42.7142,"3.173963463430126","3.173963463430126","2100","0.8338419999999999","3048.50012865","GW7","ok","medium","ok","ok","medium","medium",,"high","medium","ok","ok","true","C7","C7: Below 4.0°C","REMIND-MAgPIE 2.1-4.2","NGFS2_Current Policies - IPD-95th","31.996727313715358","51.49330887240021","16.356240841725583","0.8338419999999999","3.173963463430126","3.173963463430126","0.003175644",,
"1395","NGFS Phase 2-Current Policies [IPD 95th]","REMIND-MAgPIE 2.1-4.2","Final Energy","EJ/yr","[object Object]",2050,41.1712,"3.173963463430126","3.173963463430126","2100","0.8338419999999999","3048.50012865","GW7","ok","medium","ok","ok","medium","medium",,"high","medium","ok","ok","true","C7","C7: Below 4.0°C","REMIND-MAgPIE 2.1-4.2","NGFS2_Current Policies - IPD-95th","31.996727313715358","51.49330887240021","16.356240841725583","0.8338419999999999","3.173963463430126","3.173963463430126","0.003175644",,
"1395","NGFS Phase 2-Current Policies [IPD 95th]","REMIND-MAgPIE 2.1-4.2","Final Energy","EJ/yr","[object Object]",2055,39.9757,"3.173963463430126","3.173963463430126","2100","0.8338419999999999","3048.50012865","GW7","ok","medium","ok","ok","medium","medium",,"high","medium","ok","ok","true","C7","C7: Below 4.0°C","REMIND-MAgPIE 2.1-4.2","NGFS2_Current Policies - IPD-95th","31.996727313715358","51.49330887240021","16.356240841725583","0.8338419999999999","3.173963463430126","3.173963463430126","0.003175644",,
"1395","NGFS Phase 2-Current Policies [IPD 95th]","REMIND-MAgPIE 2.1-4.2","Final Energy","EJ/yr","[object Object]",2060,39.2791,"3.173963463430126","3.173963463430126","2100","0.8338419999999999","3048.50012865","GW7","ok","medium","ok","ok","medium","medium",,"high","medium","ok","ok","true","C7","C7: Below 4.0°C","REMIND-MAgPIE 2.1-4.2","NGFS2_Current Policies - IPD-95th","31.996727313715358","51.49330887240021","16.356240841725583","0.8338419999999999","3.173963463430126","3.173963463430126","0.003175644",,
"1395","NGFS Phase 2-Current Policies [IPD 95th]","REMIND-MAgPIE 2.1-4.2","Final Energy","EJ/yr","[object Object]",2070,37.2176,"3.173963463430126","3.173963463430126","2100","0.8338419999999999","3048.50012865","GW7","ok","medium","ok","ok","medium","medium",,"high","medium","ok","ok","true","C7","C7: Below 4.0°C","REMIND-MAgPIE 2.1-4.2","NGFS2_Current Policies - IPD-95th","31.996727313715358","51.49330887240021","16.356240841725583","0.8338419999999999","3.173963463430126","3.173963463430126","0.003175644",,
"1395","NGFS Phase 2-Current Policies [IPD 95th]","REMIND-MAgPIE 2.1-4.2","Final Energy","EJ/yr","[object Object]",2080,35.2511,"3.173963463430126","3.173963463430126","2100","0.8338419999999999","3048.50012865","GW7","ok","medium","ok","ok","medium","medium",,"high","medium","ok","ok","true","C7","C7: Below 4.0°C","REMIND-MAgPIE 2.1-4.2","NGFS2_Current Policies - IPD-95th","31.996727313715358","51.49330887240021","16.356240841725583","0.8338419999999999","3.173963463430126","3.173963463430126","0.003175644",,
"1395","NGFS Phase 2-Current Policies [IPD 95th]","REMIND-MAgPIE 2.1-4.2","Final Energy","EJ/yr","[object Object]",2090,32.9639,"3.173963463430126","3.173963463430126","2100","0.8338419999999999","3048.50012865","GW7","ok","medium","ok","ok","medium","medium",,"high","medium","ok","ok","true","C7","C7: Below 4.0°C","REMIND-MAgPIE 2.1-4.2","NGFS2_Current Policies - IPD-95th","31.996727313715358","51.49330887240021","16.356240841725583","0.8338419999999999","3.173963463430126","3.173963463430126","0.003175644",,
"1395","NGFS Phase 2-Current Policies [IPD 95th]","REMIND-MAgPIE 2.1-4.2","Final Energy","EJ/yr","[object Object]",2100,32.097,"3.173963463430126","3.173963463430126","2100","0.8338419999999999","3048.50012865","GW7","ok","medium","ok","ok","medium","medium",,"high","medium","ok","ok","true","C7","C7: Below 4.0°C","REMIND-MAgPIE 2.1-4.2","NGFS2_Current Policies - IPD-95th","31.996727313715358","51.49330887240021","16.356240841725583","0.8338419999999999","3.173963463430126","3.173963463430126","0.003175644",,
"1396","NGFS Phase 2-Current Policies [IPD Median]","REMIND-MAgPIE 2.1-4.2","Final Energy","EJ/yr","[object Object]",2010,55.4109,"3.196897208679235","3.196897208679235","2100","0.7982804500000001","3097.751005","GW7","ok","medium","ok","ok","medium","medium",,"high","medium","ok","ok","true","C7","C7: Below 4.0°C","REMIND-MAgPIE 2.1-4.2","NGFS2_Current Policies - IPD-median","31.74633347751788","51.76929955406242","16.330936507720985","0.7982804500000001","3.196897208679235","3.196897208679235","0.003154542",,
"1396","NGFS Phase 2-Current Policies [IPD Median]","REMIND-MAgPIE 2.1-4.2","Final Energy","EJ/yr","[object Object]",2015,50.4091,"3.196897208679235","3.196897208679235","2100","0.7982804500000001","3097.751005","GW7","ok","medium","ok","ok","medium","medium",,"high","medium","ok","ok","true","C7","C7: Below 4.0°C","REMIND-MAgPIE 2.1-4.2","NGFS2_Current Policies - IPD-median","31.74633347751788","51.76929955406242","16.330936507720985","0.7982804500000001","3.196897208679235","3.196897208679235","0.003154542",,
"1396","NGFS Phase 2-Current Policies [IPD Median]","REMIND-MAgPIE 2.1-4.2","Final Energy","EJ/yr","[object Object]",2020,47.3396,"3.196897208679235","3.196897208679235","2100","0.7982804500000001","3097.751005","GW7","ok","medium","ok","ok","medium","medium",,"high","medium","ok","ok","true","C7","C7: Below 4.0°C","REMIND-MAgPIE 2.1-4.2","NGFS2_Current Policies - IPD-median","31.74633347751788","51.76929955406242","16.330936507720985","0.7982804500000001","3.196897208679235","3.196897208679235","0.003154542",,
"1396","NGFS Phase 2-Current Policies [IPD Median]","REMIND-MAgPIE 2.1-4.2","Final Energy","EJ/yr","[object Object]",2025,46.537,"3.196897208679235","3.196897208679235","2100","0.7982804500000001","3097.751005","GW7","ok","medium","ok","ok","medium","medium",,"high","medium","ok","ok","true","C7","C7: Below 4.0°C","REMIND-MAgPIE 2.1-4.2","NGFS2_Current Policies - IPD-median","31.74633347751788","51.76929955406242","16.330936507720985","0.7982804500000001","3.196897208679235","3.196897208679235","0.003154542",,
"1396","NGFS Phase 2-Current Policies [IPD Median]","REMIND-MAgPIE 2.1-4.2","Final Energy","EJ/yr","[object Object]",2030,46.4792,"3.196897208679235","3.196897208679235","2100","0.7982804500000001","3097.751005","GW7","ok","medium","ok","ok","medium","medium",,"high","medium","ok","ok","true","C7","C7: Below 4.0°C","REMIND-MAgPIE 2.1-4.2","NGFS2_Current Policies - IPD-median","31.74633347751788","51.76929955406242","16.330936507720985","0.7982804500000001","3.196897208679235","3.196897208679235","0.003154542",,
"1396","NGFS Phase 2-Current Policies [IPD Median]","REMIND-MAgPIE 2.1-4.2","Final Energy","EJ/yr","[object Object]",2035,46.2199,"3.196897208679235","3.196897208679235","2100","0.7982804500000001","3097.751005","GW7","ok","medium","ok","ok","medium","medium",,"high","medium","ok","ok","true","C7","C7: Below 4.0°C","REMIND-MAgPIE 2.1-4.2","NGFS2_Current Policies - IPD-median","31.74633347751788","51.76929955406242","16.330936507720985","0.7982804500000001","3.196897208679235","3.196897208679235","0.003154542",,
"1396","NGFS Phase 2-Current Policies [IPD Median]","REMIND-MAgPIE 2.1-4.2","Final Energy","EJ/yr","[object Object]",2040,44.7721,"3.196897208679235","3.196897208679235","2100","0.7982804500000001","3097.751005","GW7","ok","medium","ok","ok","medium","medium",,"high","medium","ok","ok","true","C7","C7: Below 4.0°C","REMIND-MAgPIE 2.1-4.2","NGFS2_Current Policies - IPD-median","31.74633347751788","51.76929955406242","16.330936507720985","0.7982804500000001","3.196897208679235","3.196897208679235","0.003154542",,
"1396","NGFS Phase 2-Current Policies [IPD Median]","REMIND-MAgPIE 2.1-4.2","Final Energy","EJ/yr","[object Object]",2045,42.8048,"3.196897208679235","3.196897208679235","2100","0.7982804500000001","3097.751005","GW7","ok","medium","ok","ok","medium","medium",,"high","medium","ok","ok","true","C7","C7: Below 4.0°C","REMIND-MAgPIE 2.1-4.2","NGFS2_Current Policies - IPD-median","31.74633347751788","51.76929955406242","16.330936507720985","0.7982804500000001","3.196897208679235","3.196897208679235","0.003154542",,
"1396","NGFS Phase 2-Current Policies [IPD Median]","REMIND-MAgPIE 2.1-4.2","Final Energy","EJ/yr","[object Object]",2050,41.2446,"3.196897208679235","3.196897208679235","2100","0.7982804500000001","3097.751005","GW7","ok","medium","ok","ok","medium","medium",,"high","medium","ok","ok","true","C7","C7: Below 4.0°C","REMIND-MAgPIE 2.1-4.2","NGFS2_Current Policies - IPD-median","31.74633347751788","51.76929955406242","16.330936507720985","0.7982804500000001","3.196897208679235","3.196897208679235","0.003154542",,
"1396","NGFS Phase 2-Current Policies [IPD Median]","REMIND-MAgPIE 2.1-4.2","Final Energy","EJ/yr","[object Object]",2055,40.0237,"3.196897208679235","3.196897208679235","2100","0.7982804500000001","3097.751005","GW7","ok","medium","ok","ok","medium","medium",,"high","medium","ok","ok","true","C7","C7: Below 4.0°C","REMIND-MAgPIE 2.1-4.2","NGFS2_Current Policies - IPD-median","31.74633347751788","51.76929955406242","16.330936507720985","0.7982804500000001","3.196897208679235","3.196897208679235","0.003154542",,
"1396","NGFS Phase 2-Current Policies [IPD Median]","REMIND-MAgPIE 2.1-4.2","Final Energy","EJ/yr","[object Object]",2060,39.3038,"3.196897208679235","3.196897208679235","2100","0.7982804500000001","3097.751005","GW7","ok","medium","ok","ok","medium","medium",,"high","medium","ok","ok","true","C7","C7: Below 4.0°C","REMIND-MAgPIE 2.1-4.2","NGFS2_Current Policies - IPD-median","31.74633347751788","51.76929955406242","16.330936507720985","0.7982804500000001","3.196897208679235","3.196897208679235","0.003154542",,
"1396","NGFS Phase 2-Current Policies [IPD Median]","REMIND-MAgPIE 2.1-4.2","Final Energy","EJ/yr","[object Object]",2070,37.3453,"3.196897208679235","3.196897208679235","2100","0.7982804500000001","3097.751005","GW7","ok","medium","ok","ok","medium","medium",,"high","medium","ok","ok","true","C7","C7: Below 4.0°C","REMIND-MAgPIE 2.1-4.2","NGFS2_Current Policies - IPD-median","31.74633347751788","51.76929955406242","16.330936507720985","0.7982804500000001","3.196897208679235","3.196897208679235","0.003154542",,
"1396","NGFS Phase 2-Current Policies [IPD Median]","REMIND-MAgPIE 2.1-4.2","Final Energy","EJ/yr","[object Object]",2080,35.6185,"3.196897208679235","3.196897208679235","2100","0.7982804500000001","3097.751005","GW7","ok","medium","ok","ok","medium","medium",,"high","medium","ok","ok","true","C7","C7: Below 4.0°C","REMIND-MAgPIE 2.1-4.2","NGFS2_Current Policies - IPD-median","31.74633347751788","51.76929955406242","16.330936507720985","0.7982804500000001","3.196897208679235","3.196897208679235","0.003154542",,
"1396","NGFS Phase 2-Current Policies [IPD Median]","REMIND-MAgPIE 2.1-4.2","Final Energy","EJ/yr","[object Object]",2090,33.4647,"3.196897208679235","3.196897208679235","2100","0.7982804500000001","3097.751005","GW7","ok","medium","ok","ok","medium","medium",,"high","medium","ok","ok","true","C7","C7: Below 4.0°C","REMIND-MAgPIE 2.1-4.2","NGFS2_Current Policies - IPD-median","31.74633347751788","51.76929955406242","16.330936507720985","0.7982804500000001","3.196897208679235","3.196897208679235","0.003154542",,
"1396","NGFS Phase 2-Current Policies [IPD Median]","REMIND-MAgPIE 2.1-4.2","Final Energy","EJ/yr","[object Object]",2100,32.6316,"3.196897208679235","3.196897208679235","2100","0.7982804500000001","3097.751005","GW7","ok","medium","ok","ok","medium","medium",,"high","medium","ok","ok","true","C7","C7: Below 4.0°C","REMIND-MAgPIE 2.1-4.2","NGFS2_Current Policies - IPD-median","31.74633347751788","51.76929955406242","16.330936507720985","0.7982804500000001","3.196897208679235","3.196897208679235","0.003154542",,
"1409","ParisReinforce-Current-Policies-PriceOnly","GCAM-PR 5.3","Final Energy","EJ/yr","[object Object]",2010,57.685238420447,"3.174271348134982","3.174271348134982","2100","266.32099081569396","3350.149103189392","GW7","failed","high","ok","ok","ok","high","high","medium","high","ok","medium","true","C7","C7: Below 4.0°C","GCAM-PR 5.3","PR_CP_PriceOnly","0","0","26.14372564155395","266.32099081569396","3.174271348134982","3.174271348134982",,,"0.7308908569890349"
"1409","ParisReinforce-Current-Policies-PriceOnly","GCAM-PR 5.3","Final Energy","EJ/yr","[object Object]",2015,54.97398605141,"3.174271348134982","3.174271348134982","2100","266.32099081569396","3350.149103189392","GW7","failed","high","ok","ok","ok","high","high","medium","high","ok","medium","true","C7","C7: Below 4.0°C","GCAM-PR 5.3","PR_CP_PriceOnly","0","0","26.14372564155395","266.32099081569396","3.174271348134982","3.174271348134982",,,"0.7308908569890349"
"1409","ParisReinforce-Current-Policies-PriceOnly","GCAM-PR 5.3","Final Energy","EJ/yr","[object Object]",2020,55.95736657850486,"3.174271348134982","3.174271348134982","2100","266.32099081569396","3350.149103189392","GW7","failed","high","ok","ok","ok","high","high","medium","high","ok","medium","true","C7","C7: Below 4.0°C","GCAM-PR 5.3","PR_CP_PriceOnly","0","0","26.14372564155395","266.32099081569396","3.174271348134982","3.174271348134982",,,"0.7308908569890349"
"1409","ParisReinforce-Current-Policies-PriceOnly","GCAM-PR 5.3","Final Energy","EJ/yr","[object Object]",2025,56.32297631743656,"3.174271348134982","3.174271348134982","2100","266.32099081569396","3350.149103189392","GW7","failed","high","ok","ok","ok","high","high","medium","high","ok","medium","true","C7","C7: Below 4.0°C","GCAM-PR 5.3","PR_CP_PriceOnly","0","0","26.14372564155395","266.32099081569396","3.174271348134982","3.174271348134982",,,"0.7308908569890349"
"1409","ParisReinforce-Current-Policies-PriceOnly","GCAM-PR 5.3","Final Energy","EJ/yr","[object Object]",2030,56.12182388759368,"3.174271348134982","3.174271348134982","2100","266.32099081569396","3350.149103189392","GW7","failed","high","ok","ok","ok","high","high","medium","high","ok","medium","true","C7","C7: Below 4.0°C","GCAM-PR 5.3","PR_CP_PriceOnly","0","0","26.14372564155395","266.32099081569396","3.174271348134982","3.174271348134982",,,"0.7308908569890349"
"1409","ParisReinforce-Current-Policies-PriceOnly","GCAM-PR 5.3","Final Energy","EJ/yr","[object Object]",2035,57.50752882319649,"3.174271348134982","3.174271348134982","2100","266.32099081569396","3350.149103189392","GW7","failed","high","ok","ok","ok","high","high","medium","high","ok","medium","true","C7","C7: Below 4.0°C","GCAM-PR 5.3","PR_CP_PriceOnly","0","0","26.14372564155395","266.32099081569396","3.174271348134982","3.174271348134982",,,"0.7308908569890349"
"1409","ParisReinforce-Current-Policies-PriceOnly","GCAM-PR 5.3","Final Energy","EJ/yr","[object Object]",2040,58.20759744654861,"3.174271348134982","3.174271348134982","2100","266.32099081569396","3350.149103189392","GW7","failed","high","ok","ok","ok","high","high","medium","high","ok","medium","true","C7","C7: Below 4.0°C","GCAM-PR 5.3","PR_CP_PriceOnly","0","0","26.14372564155395","266.32099081569396","3.174271348134982","3.174271348134982",,,"0.7308908569890349"
"1409","ParisReinforce-Current-Policies-PriceOnly","GCAM-PR 5.3","Final Energy","EJ/yr","[object Object]",2045,59.3997147589779,"3.174271348134982","3.174271348134982","2100","266.32099081569396","3350.149103189392","GW7","failed","high","ok","ok","ok","high","high","medium","high","ok","medium","true","C7","C7: Below 4.0°C","GCAM-PR 5.3","PR_CP_PriceOnly","0","0","26.14372564155395","266.32099081569396","3.174271348134982","3.174271348134982",,,"0.7308908569890349"
"1409","ParisReinforce-Current-Policies-PriceOnly","GCAM-PR 5.3","Final Energy","EJ/yr","[object Object]",2050,60.6984578458061,"3.174271348134982","3.174271348134982","2100","266.32099081569396","3350.149103189392","GW7","failed","high","ok","ok","ok","high","high","medium","high","ok","medium","true","C7","C7: Below 4.0°C","GCAM-PR 5.3","PR_CP_PriceOnly","0","0","26.14372564155395","266.32099081569396","3.174271348134982","3.174271348134982",,,"0.7308908569890349"
"1409","ParisReinforce-Current-Policies-PriceOnly","GCAM-PR 5.3","Final Energy","EJ/yr","[object Object]",2055,62.09963737787891,"3.174271348134982","3.174271348134982","2100","266.32099081569396","3350.149103189392","GW7","failed","high","ok","ok","ok","high","high","medium","high","ok","medium","true","C7","C7: Below 4.0°C","GCAM-PR 5.3","PR_CP_PriceOnly","0","0","26.14372564155395","266.32099081569396","3.174271348134982","3.174271348134982",,,"0.7308908569890349"
"1409","ParisReinforce-Current-Policies-PriceOnly","GCAM-PR 5.3","Final Energy","EJ/yr","[object Object]",2060,63.65095615581789,"3.174271348134982","3.174271348134982","2100","266.32099081569396","3350.149103189392","GW7","failed","high","ok","ok","ok","high","high","medium","high","ok","medium","true","C7","C7: Below 4.0°C","GCAM-PR 5.3","PR_CP_PriceOnly","0","0","26.14372564155395","266.32099081569396","3.174271348134982","3.174271348134982",,,"0.7308908569890349"
"1409","ParisReinforce-Current-Policies-PriceOnly","GCAM-PR 5.3","Final Energy","EJ/yr","[object Object]",2065,65.1229503415413,"3.174271348134982","3.174271348134982","2100","266.32099081569396","3350.149103189392","GW7","failed","high","ok","ok","ok","high","high","medium","high","ok","medium","true","C7","C7: Below 4.0°C","GCAM-PR 5.3","PR_CP_PriceOnly","0","0","26.14372564155395","266.32099081569396","3.174271348134982","3.174271348134982",,,"0.7308908569890349"
"1409","ParisReinforce-Current-Policies-PriceOnly","GCAM-PR 5.3","Final Energy","EJ/yr","[object Object]",2070,66.50923848203979,"3.174271348134982","3.174271348134982","2100","266.32099081569396","3350.149103189392","GW7","failed","high","ok","ok","ok","high","high","medium","high","ok","medium","true","C7","C7: Below 4.0°C","GCAM-PR 5.3","PR_CP_PriceOnly","0","0","26.14372564155395","266.32099081569396","3.174271348134982","3.174271348134982",,,"0.7308908569890349"
"1409","ParisReinforce-Current-Policies-PriceOnly","GCAM-PR 5.3","Final Energy","EJ/yr","[object Object]",2075,67.97266670608731,"3.174271348134982","3.174271348134982","2100","266.32099081569396","3350.149103189392","GW7","failed","high","ok","ok","ok","high","high","medium","high","ok","medium","true","C7","C7: Below 4.0°C","GCAM-PR 5.3","PR_CP_PriceOnly","0","0","26.14372564155395","266.32099081569396","3.174271348134982","3.174271348134982",,,"0.7308908569890349"
"1409","ParisReinforce-Current-Policies-PriceOnly","GCAM-PR 5.3","Final Energy","EJ/yr","[object Object]",2080,69.44925309222171,"3.174271348134982","3.174271348134982","2100","266.32099081569396","3350.149103189392","GW7","failed","high","ok","ok","ok","high","high","medium","high","ok","medium","true","C7","C7: Below 4.0°C","GCAM-PR 5.3","PR_CP_PriceOnly","0","0","26.14372564155395","266.32099081569396","3.174271348134982","3.174271348134982",,,"0.7308908569890349"
"1409","ParisReinforce-Current-Policies-PriceOnly","GCAM-PR 5.3","Final Energy","EJ/yr","[object Object]",2085,71.01838862640099,"3.174271348134982","3.174271348134982","2100","266.32099081569396","3350.149103189392","GW7","failed","high","ok","ok","ok","high","high","medium","high","ok","medium","true","C7","C7: Below 4.0°C","GCAM-PR 5.3","PR_CP_PriceOnly","0","0","26.14372564155395","266.32099081569396","3.174271348134982","3.174271348134982",,,"0.7308908569890349"
"1409","ParisReinforce-Current-Policies-PriceOnly","GCAM-PR 5.3","Final Energy","EJ/yr","[object Object]",2090,72.5037040326347,"3.174271348134982","3.174271348134982","2100","266.32099081569396","3350.149103189392","GW7","failed","high","ok","ok","ok","high","high","medium","high","ok","medium","true","C7","C7: Below 4.0°C","GCAM-PR 5.3","PR_CP_PriceOnly","0","0","26.14372564155395","266.32099081569396","3.174271348134982","3.174271348134982",,,"0.7308908569890349"
"1409","ParisReinforce-Current-Policies-PriceOnly","GCAM-PR 5.3","Final Energy","EJ/yr","[object Object]",2095,74.04493731833269,"3.174271348134982","3.174271348134982","2100","266.32099081569396","3350.149103189392","GW7","failed","high","ok","ok","ok","high","high","medium","high","ok","medium","true","C7","C7: Below 4.0°C","GCAM-PR 5.3","PR_CP_PriceOnly","0","0","26.14372564155395","266.32099081569396","3.174271348134982","3.174271348134982",,,"0.7308908569890349"
"1409","ParisReinforce-Current-Policies-PriceOnly","GCAM-PR 5.3","Final Energy","EJ/yr","[object Object]",2100,75.8752471773803,"3.174271348134982","3.174271348134982","2100","266.32099081569396","3350.149103189392","GW7","failed","high","ok","ok","ok","high","high","medium","high","ok","medium","true","C7","C7: Below 4.0°C","GCAM-PR 5.3","PR_CP_PriceOnly","0","0","26.14372564155395","266.32099081569396","3.174271348134982","3.174271348134982",,,"0.7308908569890349"
"1425","SHAPE-SSP2-NPi [with Climate Change Impacts]","IMAGE 3.3","Final Energy","EJ/yr","[object Object]",2010,59.5072143554688,"3.451017862482933","3.451017862482933","2100","2.3791019148164607","4005.3286836323496","GW7","failed","ok","ok","ok","ok","high","high","high","high","ok","ok",,"C7","C7: Below 4.0°C",,,"13.782020107301584","74.34336920292701","11.149074537919752","2.3791019148164607","3.451017862482933","3.451017862482933",,"ok","-5.4512651711828966"
"1425","SHAPE-SSP2-NPi [with Climate Change Impacts]","IMAGE 3.3","Final Energy","EJ/yr","[object Object]",2015,58.1391157226563,"3.451017862482933","3.451017862482933","2100","2.3791019148164607","4005.3286836323496","GW7","failed","ok","ok","ok","ok","high","high","high","high","ok","ok",,"C7","C7: Below 4.0°C",,,"13.782020107301584","74.34336920292701","11.149074537919752","2.3791019148164607","3.451017862482933","3.451017862482933",,"ok","-5.4512651711828966"
"1425","SHAPE-SSP2-NPi [with Climate Change Impacts]","IMAGE 3.3","Final Energy","EJ/yr","[object Object]",2020,53.8893159179688,"3.451017862482933","3.451017862482933","2100","2.3791019148164607","4005.3286836323496","GW7","failed","ok","ok","ok","ok","high","high","high","high","ok","ok",,"C7","C7: Below 4.0°C",,,"13.782020107301584","74.34336920292701","11.149074537919752","2.3791019148164607","3.451017862482933","3.451017862482933",,"ok","-5.4512651711828966"
"1425","SHAPE-SSP2-NPi [with Climate Change Impacts]","IMAGE 3.3","Final Energy","EJ/yr","[object Object]",2025,54.4715283203125,"3.451017862482933","3.451017862482933","2100","2.3791019148164607","4005.3286836323496","GW7","failed","ok","ok","ok","ok","high","high","high","high","ok","ok",,"C7","C7: Below 4.0°C",,,"13.782020107301584","74.34336920292701","11.149074537919752","2.3791019148164607","3.451017862482933","3.451017862482933",,"ok","-5.4512651711828966"
"1425","SHAPE-SSP2-NPi [with Climate Change Impacts]","IMAGE 3.3","Final Energy","EJ/yr","[object Object]",2030,52.1684931640625,"3.451017862482933","3.451017862482933","2100","2.3791019148164607","4005.3286836323496","GW7","failed","ok","ok","ok","ok","high","high","high","high","ok","ok",,"C7","C7: Below 4.0°C",,,"13.782020107301584","74.34336920292701","11.149074537919752","2.3791019148164607","3.451017862482933","3.451017862482933",,"ok","-5.4512651711828966"
"1425","SHAPE-SSP2-NPi [with Climate Change Impacts]","IMAGE 3.3","Final Energy","EJ/yr","[object Object]",2035,50.706955078125,"3.451017862482933","3.451017862482933","2100","2.3791019148164607","4005.3286836323496","GW7","failed","ok","ok","ok","ok","high","high","high","high","ok","ok",,"C7","C7: Below 4.0°C",,,"13.782020107301584","74.34336920292701","11.149074537919752","2.3791019148164607","3.451017862482933","3.451017862482933",,"ok","-5.4512651711828966"
"1425","SHAPE-SSP2-NPi [with Climate Change Impacts]","IMAGE 3.3","Final Energy","EJ/yr","[object Object]",2040,51.330625,"3.451017862482933","3.451017862482933","2100","2.3791019148164607","4005.3286836323496","GW7","failed","ok","ok","ok","ok","high","high","high","high","ok","ok",,"C7","C7: Below 4.0°C",,,"13.782020107301584","74.34336920292701","11.149074537919752","2.3791019148164607","3.451017862482933","3.451017862482933",,"ok","-5.4512651711828966"
"1425","SHAPE-SSP2-NPi [with Climate Change Impacts]","IMAGE 3.3","Final Energy","EJ/yr","[object Object]",2045,52.0531630859375,"3.451017862482933","3.451017862482933","2100","2.3791019148164607","4005.3286836323496","GW7","failed","ok","ok","ok","ok","high","high","high","high","ok","ok",,"C7","C7: Below 4.0°C",,,"13.782020107301584","74.34336920292701","11.149074537919752","2.3791019148164607","3.451017862482933","3.451017862482933",,"ok","-5.4512651711828966"
"1425","SHAPE-SSP2-NPi [with Climate Change Impacts]","IMAGE 3.3","Final Energy","EJ/yr","[object Object]",2050,53.445943359375,"3.451017862482933","3.451017862482933","2100","2.3791019148164607","4005.3286836323496","GW7","failed","ok","ok","ok","ok","high","high","high","high","ok","ok",,"C7","C7: Below 4.0°C",,,"13.782020107301584","74.34336920292701","11.149074537919752","2.3791019148164607","3.451017862482933","3.451017862482933",,"ok","-5.4512651711828966"
"1425","SHAPE-SSP2-NPi [with Climate Change Impacts]","IMAGE 3.3","Final Energy","EJ/yr","[object Object]",2060,55.1627875976562,"3.451017862482933","3.451017862482933","2100","2.3791019148164607","4005.3286836323496","GW7","failed","ok","ok","ok","ok","high","high","high","high","ok","ok",,"C7","C7: Below 4.0°C",,,"13.782020107301584","74.34336920292701","11.149074537919752","2.3791019148164607","3.451017862482933","3.451017862482933",,"ok","-5.4512651711828966"
"1425","SHAPE-SSP2-NPi [with Climate Change Impacts]","IMAGE 3.3","Final Energy","EJ/yr","[object Object]",2070,56.5439731445313,"3.451017862482933","3.451017862482933","2100","2.3791019148164607","4005.3286836323496","GW7","failed","ok","ok","ok","ok","high","high","high","high","ok","ok",,"C7","C7: Below 4.0°C",,,"13.782020107301584","74.34336920292701","11.149074537919752","2.3791019148164607","3.451017862482933","3.451017862482933",,"ok","-5.4512651711828966"
"1425","SHAPE-SSP2-NPi [with Climate Change Impacts]","IMAGE 3.3","Final Energy","EJ/yr","[object Object]",2080,57.5331469726562,"3.451017862482933","3.451017862482933","2100","2.3791019148164607","4005.3286836323496","GW7","failed","ok","ok","ok","ok","high","high","high","high","ok","ok",,"C7","C7: Below 4.0°C",,,"13.782020107301584","74.34336920292701","11.149074537919752","2.3791019148164607","3.451017862482933","3.451017862482933",,"ok","-5.4512651711828966"
"1425","SHAPE-SSP2-NPi [with Climate Change Impacts]","IMAGE 3.3","Final Energy","EJ/yr","[object Object]",2090,57.718564453125,"3.451017862482933","3.451017862482933","2100","2.3791019148164607","4005.3286836323496","GW7","failed","ok","ok","ok","ok","high","high","high","high","ok","ok",,"C7","C7: Below 4.0°C",,,"13.782020107301584","74.34336920292701","11.149074537919752","2.3791019148164607","3.451017862482933","3.451017862482933",,"ok","-5.4512651711828966"
"1425","SHAPE-SSP2-NPi [with Climate Change Impacts]","IMAGE 3.3","Final Energy","EJ/yr","[object Object]",2100,57.296126953125,"3.451017862482933","3.451017862482933","2100","2.3791019148164607","4005.3286836323496","GW7","failed","ok","ok","ok","ok","high","high","high","high","ok","ok",,"C7","C7: Below 4.0°C",,,"13.782020107301584","74.34336920292701","11.149074537919752","2.3791019148164607","3.451017862482933","3.451017862482933",,"ok","-5.4512651711828966"
"1432","SHAPE-SSP2-NPi [with Climate Change Impacts]","REMIND-MAgPIE 3.2-4.6","Final Energy","EJ/yr","[object Object]",2010,54.9451,"3.074743598488033","3.074743598488033","2100","1.12587335","3534.9082792","GW7","ok","medium","ok","ok","ok","ok","medium","medium","medium","ok","medium",,"C7","C7: Below 4.0°C",,,"31.379341119138594","50.3321800600643","17.63262815550302","1.12587335","3.074743598488033","3.074743598488033","0.003060636","ok","-2.448085017602324"
"1432","SHAPE-SSP2-NPi [with Climate Change Impacts]","REMIND-MAgPIE 3.2-4.6","Final Energy","EJ/yr","[object Object]",2015,53.1695,"3.074743598488033","3.074743598488033","2100","1.12587335","3534.9082792","GW7","ok","medium","ok","ok","ok","ok","medium","medium","medium","ok","medium",,"C7","C7: Below 4.0°C",,,"31.379341119138594","50.3321800600643","17.63262815550302","1.12587335","3.074743598488033","3.074743598488033","0.003060636","ok","-2.448085017602324"
"1432","SHAPE-SSP2-NPi [with Climate Change Impacts]","REMIND-MAgPIE 3.2-4.6","Final Energy","EJ/yr","[object Object]",2020,52.8038,"3.074743598488033","3.074743598488033","2100","1.12587335","3534.9082792","GW7","ok","medium","ok","ok","ok","ok","medium","medium","medium","ok","medium",,"C7","C7: Below 4.0°C",,,"31.379341119138594","50.3321800600643","17.63262815550302","1.12587335","3.074743598488033","3.074743598488033","0.003060636","ok","-2.448085017602324"
"1432","SHAPE-SSP2-NPi [with Climate Change Impacts]","REMIND-MAgPIE 3.2-4.6","Final Energy","EJ/yr","[object Object]",2025,51.9249,"3.074743598488033","3.074743598488033","2100","1.12587335","3534.9082792","GW7","ok","medium","ok","ok","ok","ok","medium","medium","medium","ok","medium",,"C7","C7: Below 4.0°C",,,"31.379341119138594","50.3321800600643","17.63262815550302","1.12587335","3.074743598488033","3.074743598488033","0.003060636","ok","-2.448085017602324"
"1432","SHAPE-SSP2-NPi [with Climate Change Impacts]","REMIND-MAgPIE 3.2-4.6","Final Energy","EJ/yr","[object Object]",2030,48.3341,"3.074743598488033","3.074743598488033","2100","1.12587335","3534.9082792","GW7","ok","medium","ok","ok","ok","ok","medium","medium","medium","ok","medium",,"C7","C7: Below 4.0°C",,,"31.379341119138594","50.3321800600643","17.63262815550302","1.12587335","3.074743598488033","3.074743598488033","0.003060636","ok","-2.448085017602324"
"1432","SHAPE-SSP2-NPi [with Climate Change Impacts]","REMIND-MAgPIE 3.2-4.6","Final Energy","EJ/yr","[object Object]",2035,46.059,"3.074743598488033","3.074743598488033","2100","1.12587335","3534.9082792","GW7","ok","medium","ok","ok","ok","ok","medium","medium","medium","ok","medium",,"C7","C7: Below 4.0°C",,,"31.379341119138594","50.3321800600643","17.63262815550302","1.12587335","3.074743598488033","3.074743598488033","0.003060636","ok","-2.448085017602324"
"1432","SHAPE-SSP2-NPi [with Climate Change Impacts]","REMIND-MAgPIE 3.2-4.6","Final Energy","EJ/yr","[object Object]",2040,43.3189,"3.074743598488033","3.074743598488033","2100","1.12587335","3534.9082792","GW7","ok","medium","ok","ok","ok","ok","medium","medium","medium","ok","medium",,"C7","C7: Below 4.0°C",,,"31.379341119138594","50.3321800600643","17.63262815550302","1.12587335","3.074743598488033","3.074743598488033","0.003060636","ok","-2.448085017602324"
"1432","SHAPE-SSP2-NPi [with Climate Change Impacts]","REMIND-MAgPIE 3.2-4.6","Final Energy","EJ/yr","[object Object]",2045,41.2302,"3.074743598488033","3.074743598488033","2100","1.12587335","3534.9082792","GW7","ok","medium","ok","ok","ok","ok","medium","medium","medium","ok","medium",,"C7","C7: Below 4.0°C",,,"31.379341119138594","50.3321800600643","17.63262815550302","1.12587335","3.074743598488033","3.074743598488033","0.003060636","ok","-2.448085017602324"
"1432","SHAPE-SSP2-NPi [with Climate Change Impacts]","REMIND-MAgPIE 3.2-4.6","Final Energy","EJ/yr","[object Object]",2050,39.7893,"3.074743598488033","3.074743598488033","2100","1.12587335","3534.9082792","GW7","ok","medium","ok","ok","ok","ok","medium","medium","medium","ok","medium",,"C7","C7: Below 4.0°C",,,"31.379341119138594","50.3321800600643","17.63262815550302","1.12587335","3.074743598488033","3.074743598488033","0.003060636","ok","-2.448085017602324"
"1432","SHAPE-SSP2-NPi [with Climate Change Impacts]","REMIND-MAgPIE 3.2-4.6","Final Energy","EJ/yr","[object Object]",2055,38.3753,"3.074743598488033","3.074743598488033","2100","1.12587335","3534.9082792","GW7","ok","medium","ok","ok","ok","ok","medium","medium","medium","ok","medium",,"C7","C7: Below 4.0°C",,,"31.379341119138594","50.3321800600643","17.63262815550302","1.12587335","3.074743598488033","3.074743598488033","0.003060636","ok","-2.448085017602324"
"1432","SHAPE-SSP2-NPi [with Climate Change Impacts]","REMIND-MAgPIE 3.2-4.6","Final Energy","EJ/yr","[object Object]",2060,37.4365,"3.074743598488033","3.074743598488033","2100","1.12587335","3534.9082792","GW7","ok","medium","ok","ok","ok","ok","medium","medium","medium","ok","medium",,"C7","C7: Below 4.0°C",,,"31.379341119138594","50.3321800600643","17.63262815550302","1.12587335","3.074743598488033","3.074743598488033","0.003060636","ok","-2.448085017602324"
"1432","SHAPE-SSP2-NPi [with Climate Change Impacts]","REMIND-MAgPIE 3.2-4.6","Final Energy","EJ/yr","[object Object]",2070,36.3311,"3.074743598488033","3.074743598488033","2100","1.12587335","3534.9082792","GW7","ok","medium","ok","ok","ok","ok","medium","medium","medium","ok","medium",,"C7","C7: Below 4.0°C",,,"31.379341119138594","50.3321800600643","17.63262815550302","1.12587335","3.074743598488033","3.074743598488033","0.003060636","ok","-2.448085017602324"
"1432","SHAPE-SSP2-NPi [with Climate Change Impacts]","REMIND-MAgPIE 3.2-4.6","Final Energy","EJ/yr","[object Object]",2080,35.9797,"3.074743598488033","3.074743598488033","2100","1.12587335","3534.9082792","GW7","ok","medium","ok","ok","ok","ok","medium","medium","medium","ok","medium",,"C7","C7: Below 4.0°C",,,"31.379341119138594","50.3321800600643","17.63262815550302","1.12587335","3.074743598488033","3.074743598488033","0.003060636","ok","-2.448085017602324"
"1432","SHAPE-SSP2-NPi [with Climate Change Impacts]","REMIND-MAgPIE 3.2-4.6","Final Energy","EJ/yr","[object Object]",2090,35.6312,"3.074743598488033","3.074743598488033","2100","1.12587335","3534.9082792","GW7","ok","medium","ok","ok","ok","ok","medium","medium","medium","ok","medium",,"C7","C7: Below 4.0°C",,,"31.379341119138594","50.3321800600643","17.63262815550302","1.12587335","3.074743598488033","3.074743598488033","0.003060636","ok","-2.448085017602324"
"1432","SHAPE-SSP2-NPi [with Climate Change Impacts]","REMIND-MAgPIE 3.2-4.6","Final Energy","EJ/yr","[object Object]",2100,35.2067,"3.074743598488033","3.074743598488033","2100","1.12587335","3534.9082792","GW7","ok","medium","ok","ok","ok","ok","medium","medium","medium","ok","medium",,"C7","C7: Below 4.0°C",,,"31.379341119138594","50.3321800600643","17.63262815550302","1.12587335","3.074743598488033","3.074743598488033","0.003060636","ok","-2.448085017602324"
"1446","NGFS Phase 1-Current Policies","GCAM 5.2","Final Energy","EJ/yr","[object Object]",2010,57.582255849,"3.401688402752975","3.401688402752975","2100",,"4159.12314591","GW7","failed",,,,"ok","medium","high","medium","high",,"medium","true","C7","C7: Below 4.0°C","GCAM 5.2","NGFS1_Current policies (Hot house world, Rep)","14.150953610210532","0","14.302836721396838","0","3.401688402752975","3.401688402752975",,,"-0.004670969933343372"
"1446","NGFS Phase 1-Current Policies","GCAM 5.2","Final Energy","EJ/yr","[object Object]",2015,54.825097624,"3.401688402752975","3.401688402752975","2100",,"4159.12314591","GW7","failed",,,,"ok","medium","high","medium","high",,"medium","true","C7","C7: Below 4.0°C","GCAM 5.2","NGFS1_Current policies (Hot house world, Rep)","14.150953610210532","0","14.302836721396838","0","3.401688402752975","3.401688402752975",,,"-0.004670969933343372"
"1446","NGFS Phase 1-Current Policies","GCAM 5.2","Final Energy","EJ/yr","[object Object]",2020,57.425051539,"3.401688402752975","3.401688402752975","2100",,"4159.12314591","GW7","failed",,,,"ok","medium","high","medium","high",,"medium","true","C7","C7: Below 4.0°C","GCAM 5.2","NGFS1_Current policies (Hot house world, Rep)","14.150953610210532","0","14.302836721396838","0","3.401688402752975","3.401688402752975",,,"-0.004670969933343372"
"1446","NGFS Phase 1-Current Policies","GCAM 5.2","Final Energy","EJ/yr","[object Object]",2025,59.173097514,"3.401688402752975","3.401688402752975","2100",,"4159.12314591","GW7","failed",,,,"ok","medium","high","medium","high",,"medium","true","C7","C7: Below 4.0°C","GCAM 5.2","NGFS1_Current policies (Hot house world, Rep)","14.150953610210532","0","14.302836721396838","0","3.401688402752975","3.401688402752975",,,"-0.004670969933343372"
"1446","NGFS Phase 1-Current Policies","GCAM 5.2","Final Energy","EJ/yr","[object Object]",2030,60.925339088,"3.401688402752975","3.401688402752975","2100",,"4159.12314591","GW7","failed",,,,"ok","medium","high","medium","high",,"medium","true","C7","C7: Below 4.0°C","GCAM 5.2","NGFS1_Current policies (Hot house world, Rep)","14.150953610210532","0","14.302836721396838","0","3.401688402752975","3.401688402752975",,,"-0.004670969933343372"
"1446","NGFS Phase 1-Current Policies","GCAM 5.2","Final Energy","EJ/yr","[object Object]",2035,62.502750172,"3.401688402752975","3.401688402752975","2100",,"4159.12314591","GW7","failed",,,,"ok","medium","high","medium","high",,"medium","true","C7","C7: Below 4.0°C","GCAM 5.2","NGFS1_Current policies (Hot house world, Rep)","14.150953610210532","0","14.302836721396838","0","3.401688402752975","3.401688402752975",,,"-0.004670969933343372"
"1446","NGFS Phase 1-Current Policies","GCAM 5.2","Final Energy","EJ/yr","[object Object]",2040,63.662755384,"3.401688402752975","3.401688402752975","2100",,"4159.12314591","GW7","failed",,,,"ok","medium","high","medium","high",,"medium","true","C7","C7: Below 4.0°C","GCAM 5.2","NGFS1_Current policies (Hot house world, Rep)","14.150953610210532","0","14.302836721396838","0","3.401688402752975","3.401688402752975",,,"-0.004670969933343372"
"1446","NGFS Phase 1-Current Policies","GCAM 5.2","Final Energy","EJ/yr","[object Object]",2045,64.739333281,"3.401688402752975","3.401688402752975","2100",,"4159.12314591","GW7","failed",,,,"ok","medium","high","medium","high",,"medium","true","C7","C7: Below 4.0°C","GCAM 5.2","NGFS1_Current policies (Hot house world, Rep)","14.150953610210532","0","14.302836721396838","0","3.401688402752975","3.401688402752975",,,"-0.004670969933343372"
"1446","NGFS Phase 1-Current Policies","GCAM 5.2","Final Energy","EJ/yr","[object Object]",2050,65.506597752,"3.401688402752975","3.401688402752975","2100",,"4159.12314591","GW7","failed",,,,"ok","medium","high","medium","high",,"medium","true","C7","C7: Below 4.0°C","GCAM 5.2","NGFS1_Current policies (Hot house world, Rep)","14.150953610210532","0","14.302836721396838","0","3.401688402752975","3.401688402752975",,,"-0.004670969933343372"
"1446","NGFS Phase 1-Current Policies","GCAM 5.2","Final Energy","EJ/yr","[object Object]",2055,66.441411221,"3.401688402752975","3.401688402752975","2100",,"4159.12314591","GW7","failed",,,,"ok","medium","high","medium","high",,"medium","true","C7","C7: Below 4.0°C","GCAM 5.2","NGFS1_Current policies (Hot house world, Rep)","14.150953610210532","0","14.302836721396838","0","3.401688402752975","3.401688402752975",,,"-0.004670969933343372"
"1446","NGFS Phase 1-Current Policies","GCAM 5.2","Final Energy","EJ/yr","[object Object]",2060,67.47098827800001,"3.401688402752975","3.401688402752975","2100",,"4159.12314591","GW7","failed",,,,"ok","medium","high","medium","high",,"medium","true","C7","C7: Below 4.0°C","GCAM 5.2","NGFS1_Current policies (Hot house world, Rep)","14.150953610210532","0","14.302836721396838","0","3.401688402752975","3.401688402752975",,,"-0.004670969933343372"
"1446","NGFS Phase 1-Current Policies","GCAM 5.2","Final Energy","EJ/yr","[object Object]",2065,68.353849513,"3.401688402752975","3.401688402752975","2100",,"4159.12314591","GW7","failed",,,,"ok","medium","high","medium","high",,"medium","true","C7","C7: Below 4.0°C","GCAM 5.2","NGFS1_Current policies (Hot house world, Rep)","14.150953610210532","0","14.302836721396838","0","3.401688402752975","3.401688402752975",,,"-0.004670969933343372"
"1446","NGFS Phase 1-Current Policies","GCAM 5.2","Final Energy","EJ/yr","[object Object]",2070,69.068647395,"3.401688402752975","3.401688402752975","2100",,"4159.12314591","GW7","failed",,,,"ok","medium","high","medium","high",,"medium","true","C7","C7: Below 4.0°C","GCAM 5.2","NGFS1_Current policies (Hot house world, Rep)","14.150953610210532","0","14.302836721396838","0","3.401688402752975","3.401688402752975",,,"-0.004670969933343372"
"1446","NGFS Phase 1-Current Policies","GCAM 5.2","Final Energy","EJ/yr","[object Object]",2075,69.54040365,"3.401688402752975","3.401688402752975","2100",,"4159.12314591","GW7","failed",,,,"ok","medium","high","medium","high",,"medium","true","C7","C7: Below 4.0°C","GCAM 5.2","NGFS1_Current policies (Hot house world, Rep)","14.150953610210532","0","14.302836721396838","0","3.401688402752975","3.401688402752975",,,"-0.004670969933343372"
"1446","NGFS Phase 1-Current Policies","GCAM 5.2","Final Energy","EJ/yr","[object Object]",2080,69.787953722,"3.401688402752975","3.401688402752975","2100",,"4159.12314591","GW7","failed",,,,"ok","medium","high","medium","high",,"medium","true","C7","C7: Below 4.0°C","GCAM 5.2","NGFS1_Current policies (Hot house world, Rep)","14.150953610210532","0","14.302836721396838","0","3.401688402752975","3.401688402752975",,,"-0.004670969933343372"
"1446","NGFS Phase 1-Current Policies","GCAM 5.2","Final Energy","EJ/yr","[object Object]",2085,69.70885468,"3.401688402752975","3.401688402752975","2100",,"4159.12314591","GW7","failed",,,,"ok","medium","high","medium","high",,"medium","true","C7","C7: Below 4.0°C","GCAM 5.2","NGFS1_Current policies (Hot house world, Rep)","14.150953610210532","0","14.302836721396838","0","3.401688402752975","3.401688402752975",,,"-0.004670969933343372"
"1446","NGFS Phase 1-Current Policies","GCAM 5.2","Final Energy","EJ/yr","[object Object]",2090,69.551297479,"3.401688402752975","3.401688402752975","2100",,"4159.12314591","GW7","failed",,,,"ok","medium","high","medium","high",,"medium","true","C7","C7: Below 4.0°C","GCAM 5.2","NGFS1_Current policies (Hot house world, Rep)","14.150953610210532","0","14.302836721396838","0","3.401688402752975","3.401688402752975",,,"-0.004670969933343372"
"1446","NGFS Phase 1-Current Policies","GCAM 5.2","Final Energy","EJ/yr","[object Object]",2095,69.242182637,"3.401688402752975","3.401688402752975","2100",,"4159.12314591","GW7","failed",,,,"ok","medium","high","medium","high",,"medium","true","C7","C7: Below 4.0°C","GCAM 5.2","NGFS1_Current policies (Hot house world, Rep)","14.150953610210532","0","14.302836721396838","0","3.401688402752975","3.401688402752975",,,"-0.004670969933343372"
"1446","NGFS Phase 1-Current Policies","GCAM 5.2","Final Energy","EJ/yr","[object Object]",2100,68.978900479,"3.401688402752975","3.401688402752975","2100",,"4159.12314591","GW7","failed",,,,"ok","medium","high","medium","high",,"medium","true","C7","C7: Below 4.0°C","GCAM 5.2","NGFS1_Current policies (Hot house world, Rep)","14.150953610210532","0","14.302836721396838","0","3.401688402752975","3.401688402752975",,,"-0.004670969933343372"
"1469","ENGAGE-INDCi2100","TIAM-ECN 1.1","Final Energy","EJ/yr","[object Object]",2010,55.79851805760184,"3.374293729638567","3.374293729638567","2100","15.929965541668984","3613.3584941546583","GW7","ok","high",,"ok","medium","high","medium",,"medium","ok","ok","true","C7","C7: Below 4.0°C","TIAM-ECN 1.1","EN_INDCi2100","0","79.24217427199848","4.075563088856841","15.929965541668984","3.374293729638567","3.374293729638567","0.002606452",,
"1469","ENGAGE-INDCi2100","TIAM-ECN 1.1","Final Energy","EJ/yr","[object Object]",2020,55.67576326711239,"3.374293729638567","3.374293729638567","2100","15.929965541668984","3613.3584941546583","GW7","ok","high",,"ok","medium","high","medium",,"medium","ok","ok","true","C7","C7: Below 4.0°C","TIAM-ECN 1.1","EN_INDCi2100","0","79.24217427199848","4.075563088856841","15.929965541668984","3.374293729638567","3.374293729638567","0.002606452",,
"1469","ENGAGE-INDCi2100","TIAM-ECN 1.1","Final Energy","EJ/yr","[object Object]",2030,55.82463623899382,"3.374293729638567","3.374293729638567","2100","15.929965541668984","3613.3584941546583","GW7","ok","high",,"ok","medium","high","medium",,"medium","ok","ok","true","C7","C7: Below 4.0°C","TIAM-ECN 1.1","EN_INDCi2100","0","79.24217427199848","4.075563088856841","15.929965541668984","3.374293729638567","3.374293729638567","0.002606452",,
"1469","ENGAGE-INDCi2100","TIAM-ECN 1.1","Final Energy","EJ/yr","[object Object]",2040,60.7352644754597,"3.374293729638567","3.374293729638567","2100","15.929965541668984","3613.3584941546583","GW7","ok","high",,"ok","medium","high","medium",,"medium","ok","ok","true","C7","C7: Below 4.0°C","TIAM-ECN 1.1","EN_INDCi2100","0","79.24217427199848","4.075563088856841","15.929965541668984","3.374293729638567","3.374293729638567","0.002606452",,
"1469","ENGAGE-INDCi2100","TIAM-ECN 1.1","Final Energy","EJ/yr","[object Object]",2050,61.44474308891328,"3.374293729638567","3.374293729638567","2100","15.929965541668984","3613.3584941546583","GW7","ok","high",,"ok","medium","high","medium",,"medium","ok","ok","true","C7","C7: Below 4.0°C","TIAM-ECN 1.1","EN_INDCi2100","0","79.24217427199848","4.075563088856841","15.929965541668984","3.374293729638567","3.374293729638567","0.002606452",,
"1469","ENGAGE-INDCi2100","TIAM-ECN 1.1","Final Energy","EJ/yr","[object Object]",2060,64.54835398137655,"3.374293729638567","3.374293729638567","2100","15.929965541668984","3613.3584941546583","GW7","ok","high",,"ok","medium","high","medium",,"medium","ok","ok","true","C7","C7: Below 4.0°C","TIAM-ECN 1.1","EN_INDCi2100","0","79.24217427199848","4.075563088856841","15.929965541668984","3.374293729638567","3.374293729638567","0.002606452",,
"1469","ENGAGE-INDCi2100","TIAM-ECN 1.1","Final Energy","EJ/yr","[object Object]",2070,66.1047137962428,"3.374293729638567","3.374293729638567","2100","15.929965541668984","3613.3584941546583","GW7","ok","high",,"ok","medium","high","medium",,"medium","ok","ok","true","C7","C7: Below 4.0°C","TIAM-ECN 1.1","EN_INDCi2100","0","79.24217427199848","4.075563088856841","15.929965541668984","3.374293729638567","3.374293729638567","0.002606452",,
"1469","ENGAGE-INDCi2100","TIAM-ECN 1.1","Final Energy","EJ/yr","[object Object]",2080,67.71299829940303,"3.374293729638567","3.374293729638567","2100","15.929965541668984","3613.3584941546583","GW7","ok","high",,"ok","medium","high","medium",,"medium","ok","ok","true","C7","C7: Below 4.0°C","TIAM-ECN 1.1","EN_INDCi2100","0","79.24217427199848","4.075563088856841","15.929965541668984","3.374293729638567","3.374293729638567","0.002606452",,
"1469","ENGAGE-INDCi2100","TIAM-ECN 1.1","Final Energy","EJ/yr","[object Object]",2090,70.53227299479873,"3.374293729638567","3.374293729638567","2100","15.929965541668984","3613.3584941546583","GW7","ok","high",,"ok","medium","high","medium",,"medium","ok","ok","true","C7","C7: Below 4.0°C","TIAM-ECN 1.1","EN_INDCi2100","0","79.24217427199848","4.075563088856841","15.929965541668984","3.374293729638567","3.374293729638567","0.002606452",,
"1469","ENGAGE-INDCi2100","TIAM-ECN 1.1","Final Energy","EJ/yr","[object Object]",2100,68.66016639509934,"3.374293729638567","3.374293729638567","2100","15.929965541668984","3613.3584941546583","GW7","ok","high",,"ok","medium","high","medium",,"medium","ok","ok","true","C7","C7: Below 4.0°C","TIAM-ECN 1.1","EN_INDCi2100","0","79.24217427199848","4.075563088856841","15.929965541668984","3.374293729638567","3.374293729638567","0.002606452",,
"1470","ENGAGE-INDCi2100-COV","TIAM-ECN 1.1","Final Energy","EJ/yr","[object Object]",2010,55.8,"3.337135522142025","3.337135522142025","2100","14.433611798366497","3550.007245315","GW7","ok","high",,"ok","medium","high","medium",,"medium","ok","ok","true","C7","C7: Below 4.0°C","TIAM-ECN 1.1","EN_INDCi2100_COV","0","79.10032853171595","4.4225423300480164","14.433611798366497","3.337135522142025","3.337135522142025","0.00257457",,
"1470","ENGAGE-INDCi2100-COV","TIAM-ECN 1.1","Final Energy","EJ/yr","[object Object]",2020,54.37,"3.337135522142025","3.337135522142025","2100","14.433611798366497","3550.007245315","GW7","ok","high",,"ok","medium","high","medium",,"medium","ok","ok","true","C7","C7: Below 4.0°C","TIAM-ECN 1.1","EN_INDCi2100_COV","0","79.10032853171595","4.4225423300480164","14.433611798366497","3.337135522142025","3.337135522142025","0.00257457",,
"1470","ENGAGE-INDCi2100-COV","TIAM-ECN 1.1","Final Energy","EJ/yr","[object Object]",2030,55.19,"3.337135522142025","3.337135522142025","2100","14.433611798366497","3550.007245315","GW7","ok","high",,"ok","medium","high","medium",,"medium","ok","ok","true","C7","C7: Below 4.0°C","TIAM-ECN 1.1","EN_INDCi2100_COV","0","79.10032853171595","4.4225423300480164","14.433611798366497","3.337135522142025","3.337135522142025","0.00257457",,
"1470","ENGAGE-INDCi2100-COV","TIAM-ECN 1.1","Final Energy","EJ/yr","[object Object]",2040,59.34,"3.337135522142025","3.337135522142025","2100","14.433611798366497","3550.007245315","GW7","ok","high",,"ok","medium","high","medium",,"medium","ok","ok","true","C7","C7: Below 4.0°C","TIAM-ECN 1.1","EN_INDCi2100_COV","0","79.10032853171595","4.4225423300480164","14.433611798366497","3.337135522142025","3.337135522142025","0.00257457",,
"1470","ENGAGE-INDCi2100-COV","TIAM-ECN 1.1","Final Energy","EJ/yr","[object Object]",2050,59.89,"3.337135522142025","3.337135522142025","2100","14.433611798366497","3550.007245315","GW7","ok","high",,"ok","medium","high","medium",,"medium","ok","ok","true","C7","C7: Below 4.0°C","TIAM-ECN 1.1","EN_INDCi2100_COV","0","79.10032853171595","4.4225423300480164","14.433611798366497","3.337135522142025","3.337135522142025","0.00257457",,
"1470","ENGAGE-INDCi2100-COV","TIAM-ECN 1.1","Final Energy","EJ/yr","[object Object]",2060,62.8,"3.337135522142025","3.337135522142025","2100","14.433611798366497","3550.007245315","GW7","ok","high",,"ok","medium","high","medium",,"medium","ok","ok","true","C7","C7: Below 4.0°C","TIAM-ECN 1.1","EN_INDCi2100_COV","0","79.10032853171595","4.4225423300480164","14.433611798366497","3.337135522142025","3.337135522142025","0.00257457",,
"1470","ENGAGE-INDCi2100-COV","TIAM-ECN 1.1","Final Energy","EJ/yr","[object Object]",2070,64.96000000000001,"3.337135522142025","3.337135522142025","2100","14.433611798366497","3550.007245315","GW7","ok","high",,"ok","medium","high","medium",,"medium","ok","ok","true","C7","C7: Below 4.0°C","TIAM-ECN 1.1","EN_INDCi2100_COV","0","79.10032853171595","4.4225423300480164","14.433611798366497","3.337135522142025","3.337135522142025","0.00257457",,
"1470","ENGAGE-INDCi2100-COV","TIAM-ECN 1.1","Final Energy","EJ/yr","[object Object]",2080,66.13,"3.337135522142025","3.337135522142025","2100","14.433611798366497","3550.007245315","GW7","ok","high",,"ok","medium","high","medium",,"medium","ok","ok","true","C7","C7: Below 4.0°C","TIAM-ECN 1.1","EN_INDCi2100_COV","0","79.10032853171595","4.4225423300480164","14.433611798366497","3.337135522142025","3.337135522142025","0.00257457",,
"1470","ENGAGE-INDCi2100-COV","TIAM-ECN 1.1","Final Energy","EJ/yr","[object Object]",2090,68.78,"3.337135522142025","3.337135522142025","2100","14.433611798366497","3550.007245315","GW7","ok","high",,"ok","medium","high","medium",,"medium","ok","ok","true","C7","C7: Below 4.0°C","TIAM-ECN 1.1","EN_INDCi2100_COV","0","79.10032853171595","4.4225423300480164","14.433611798366497","3.337135522142025","3.337135522142025","0.00257457",,
"1470","ENGAGE-INDCi2100-COV","TIAM-ECN 1.1","Final Energy","EJ/yr","[object Object]",2100,66.92,"3.337135522142025","3.337135522142025","2100","14.433611798366497","3550.007245315","GW7","ok","high",,"ok","medium","high","medium",,"medium","ok","ok","true","C7","C7: Below 4.0°C","TIAM-ECN 1.1","EN_INDCi2100_COV","0","79.10032853171595","4.4225423300480164","14.433611798366497","3.337135522142025","3.337135522142025","0.00257457",,
"1471","ENGAGE-INDCi2100-NDCp","TIAM-ECN 1.1","Final Energy","EJ/yr","[object Object]",2010,55.78577884891443,"3.396874263104977","3.396874263104977","2100","24.869602206301096","3674.2845533667164","GW7","ok","high",,"ok","medium","high","ok",,"ok","ok","ok","true","C7","C7: Below 4.0°C","TIAM-ECN 1.1","EN_INDCi2100_NDCp","0","77.18311734889939","5.858821588716502","24.869602206301096","3.396874263104977","3.396874263104977","0.002953493",,
"1471","ENGAGE-INDCi2100-NDCp","TIAM-ECN 1.1","Final Energy","EJ/yr","[object Object]",2020,55.58227286143467,"3.396874263104977","3.396874263104977","2100","24.869602206301096","3674.2845533667164","GW7","ok","high",,"ok","medium","high","ok",,"ok","ok","ok","true","C7","C7: Below 4.0°C","TIAM-ECN 1.1","EN_INDCi2100_NDCp","0","77.18311734889939","5.858821588716502","24.869602206301096","3.396874263104977","3.396874263104977","0.002953493",,
"1471","ENGAGE-INDCi2100-NDCp","TIAM-ECN 1.1","Final Energy","EJ/yr","[object Object]",2030,54.99032645705013,"3.396874263104977","3.396874263104977","2100","24.869602206301096","3674.2845533667164","GW7","ok","high",,"ok","medium","high","ok",,"ok","ok","ok","true","C7","C7: Below 4.0°C","TIAM-ECN 1.1","EN_INDCi2100_NDCp","0","77.18311734889939","5.858821588716502","24.869602206301096","3.396874263104977","3.396874263104977","0.002953493",,
"1471","ENGAGE-INDCi2100-NDCp","TIAM-ECN 1.1","Final Energy","EJ/yr","[object Object]",2040,60.5453502689771,"3.396874263104977","3.396874263104977","2100","24.869602206301096","3674.2845533667164","GW7","ok","high",,"ok","medium","high","ok",,"ok","ok","ok","true","C7","C7: Below 4.0°C","TIAM-ECN 1.1","EN_INDCi2100_NDCp","0","77.18311734889939","5.858821588716502","24.869602206301096","3.396874263104977","3.396874263104977","0.002953493",,
"1471","ENGAGE-INDCi2100-NDCp","TIAM-ECN 1.1","Final Energy","EJ/yr","[object Object]",2050,61.65543581179957,"3.396874263104977","3.396874263104977","2100","24.869602206301096","3674.2845533667164","GW7","ok","high",,"ok","medium","high","ok",,"ok","ok","ok","true","C7","C7: Below 4.0°C","TIAM-ECN 1.1","EN_INDCi2100_NDCp","0","77.18311734889939","5.858821588716502","24.869602206301096","3.396874263104977","3.396874263104977","0.002953493",,
"1471","ENGAGE-INDCi2100-NDCp","TIAM-ECN 1.1","Final Energy","EJ/yr","[object Object]",2060,64.53404114632566,"3.396874263104977","3.396874263104977","2100","24.869602206301096","3674.2845533667164","GW7","ok","high",,"ok","medium","high","ok",,"ok","ok","ok","true","C7","C7: Below 4.0°C","TIAM-ECN 1.1","EN_INDCi2100_NDCp","0","77.18311734889939","5.858821588716502","24.869602206301096","3.396874263104977","3.396874263104977","0.002953493",,
"1471","ENGAGE-INDCi2100-NDCp","TIAM-ECN 1.1","Final Energy","EJ/yr","[object Object]",2070,66.20492044278656,"3.396874263104977","3.396874263104977","2100","24.869602206301096","3674.2845533667164","GW7","ok","high",,"ok","medium","high","ok",,"ok","ok","ok","true","C7","C7: Below 4.0°C","TIAM-ECN 1.1","EN_INDCi2100_NDCp","0","77.18311734889939","5.858821588716502","24.869602206301096","3.396874263104977","3.396874263104977","0.002953493",,
"1471","ENGAGE-INDCi2100-NDCp","TIAM-ECN 1.1","Final Energy","EJ/yr","[object Object]",2080,67.56225037643566,"3.396874263104977","3.396874263104977","2100","24.869602206301096","3674.2845533667164","GW7","ok","high",,"ok","medium","high","ok",,"ok","ok","ok","true","C7","C7: Below 4.0°C","TIAM-ECN 1.1","EN_INDCi2100_NDCp","0","77.18311734889939","5.858821588716502","24.869602206301096","3.396874263104977","3.396874263104977","0.002953493",,
"1471","ENGAGE-INDCi2100-NDCp","TIAM-ECN 1.1","Final Energy","EJ/yr","[object Object]",2090,70.44481900239698,"3.396874263104977","3.396874263104977","2100","24.869602206301096","3674.2845533667164","GW7","ok","high",,"ok","medium","high","ok",,"ok","ok","ok","true","C7","C7: Below 4.0°C","TIAM-ECN 1.1","EN_INDCi2100_NDCp","0","77.18311734889939","5.858821588716502","24.869602206301096","3.396874263104977","3.396874263104977","0.002953493",,
"1471","ENGAGE-INDCi2100-NDCp","TIAM-ECN 1.1","Final Energy","EJ/yr","[object Object]",2100,68.54719314935303,"3.396874263104977","3.396874263104977","2100","24.869602206301096","3674.2845533667164","GW7","ok","high",,"ok","medium","high","ok",,"ok","ok","ok","true","C7","C7: Below 4.0°C","TIAM-ECN 1.1","EN_INDCi2100_NDCp","0","77.18311734889939","5.858821588716502","24.869602206301096","3.396874263104977","3.396874263104977","0.002953493",,
"1492","ENGAGE-NPi2100","TIAM-ECN 1.1","Final Energy","EJ/yr","[object Object]",2010,55.83382812132658,"3.443468286505891","3.443468286505891","2100","0.21084811107079351","3751.9440719962886","GW7","ok","medium",,"ok","high","high","high",,"high","ok","ok","true","C7","C7: Below 4.0°C","TIAM-ECN 1.1","EN_NPi2100","0","79.17017397350938","5.24358459413483","0.21084811107079351","3.443468286505891","3.443468286505891","0.001717744",,
"1492","ENGAGE-NPi2100","TIAM-ECN 1.1","Final Energy","EJ/yr","[object Object]",2020,55.63993797719947,"3.443468286505891","3.443468286505891","2100","0.21084811107079351","3751.9440719962886","GW7","ok","medium",,"ok","high","high","high",,"high","ok","ok","true","C7","C7: Below 4.0°C","TIAM-ECN 1.1","EN_NPi2100","0","79.17017397350938","5.24358459413483","0.21084811107079351","3.443468286505891","3.443468286505891","0.001717744",,
"1492","ENGAGE-NPi2100","TIAM-ECN 1.1","Final Energy","EJ/yr","[object Object]",2030,58.1004831327685,"3.443468286505891","3.443468286505891","2100","0.21084811107079351","3751.9440719962886","GW7","ok","medium",,"ok","high","high","high",,"high","ok","ok","true","C7","C7: Below 4.0°C","TIAM-ECN 1.1","EN_NPi2100","0","79.17017397350938","5.24358459413483","0.21084811107079351","3.443468286505891","3.443468286505891","0.001717744",,
"1492","ENGAGE-NPi2100","TIAM-ECN 1.1","Final Energy","EJ/yr","[object Object]",2040,61.06121961292976,"3.443468286505891","3.443468286505891","2100","0.21084811107079351","3751.9440719962886","GW7","ok","medium",,"ok","high","high","high",,"high","ok","ok","true","C7","C7: Below 4.0°C","TIAM-ECN 1.1","EN_NPi2100","0","79.17017397350938","5.24358459413483","0.21084811107079351","3.443468286505891","3.443468286505891","0.001717744",,
"1492","ENGAGE-NPi2100","TIAM-ECN 1.1","Final Energy","EJ/yr","[object Object]",2050,61.71623935687139,"3.443468286505891","3.443468286505891","2100","0.21084811107079351","3751.9440719962886","GW7","ok","medium",,"ok","high","high","high",,"high","ok","ok","true","C7","C7: Below 4.0°C","TIAM-ECN 1.1","EN_NPi2100","0","79.17017397350938","5.24358459413483","0.21084811107079351","3.443468286505891","3.443468286505891","0.001717744",,
"1492","ENGAGE-NPi2100","TIAM-ECN 1.1","Final Energy","EJ/yr","[object Object]",2060,64.52553275356271,"3.443468286505891","3.443468286505891","2100","0.21084811107079351","3751.9440719962886","GW7","ok","medium",,"ok","high","high","high",,"high","ok","ok","true","C7","C7: Below 4.0°C","TIAM-ECN 1.1","EN_NPi2100","0","79.17017397350938","5.24358459413483","0.21084811107079351","3.443468286505891","3.443468286505891","0.001717744",,
"1492","ENGAGE-NPi2100","TIAM-ECN 1.1","Final Energy","EJ/yr","[object Object]",2070,66.18913046516269,"3.443468286505891","3.443468286505891","2100","0.21084811107079351","3751.9440719962886","GW7","ok","medium",,"ok","high","high","high",,"high","ok","ok","true","C7","C7: Below 4.0°C","TIAM-ECN 1.1","EN_NPi2100","0","79.17017397350938","5.24358459413483","0.21084811107079351","3.443468286505891","3.443468286505891","0.001717744",,
"1492","ENGAGE-NPi2100","TIAM-ECN 1.1","Final Energy","EJ/yr","[object Object]",2080,67.76307547263963,"3.443468286505891","3.443468286505891","2100","0.21084811107079351","3751.9440719962886","GW7","ok","medium",,"ok","high","high","high",,"high","ok","ok","true","C7","C7: Below 4.0°C","TIAM-ECN 1.1","EN_NPi2100","0","79.17017397350938","5.24358459413483","0.21084811107079351","3.443468286505891","3.443468286505891","0.001717744",,
"1492","ENGAGE-NPi2100","TIAM-ECN 1.1","Final Energy","EJ/yr","[object Object]",2090,70.57485969259062,"3.443468286505891","3.443468286505891","2100","0.21084811107079351","3751.9440719962886","GW7","ok","medium",,"ok","high","high","high",,"high","ok","ok","true","C7","C7: Below 4.0°C","TIAM-ECN 1.1","EN_NPi2100","0","79.17017397350938","5.24358459413483","0.21084811107079351","3.443468286505891","3.443468286505891","0.001717744",,
"1492","ENGAGE-NPi2100","TIAM-ECN 1.1","Final Energy","EJ/yr","[object Object]",2100,68.74446012960102,"3.443468286505891","3.443468286505891","2100","0.21084811107079351","3751.9440719962886","GW7","ok","medium",,"ok","high","high","high",,"high","ok","ok","true","C7","C7: Below 4.0°C","TIAM-ECN 1.1","EN_NPi2100","0","79.17017397350938","5.24358459413483","0.21084811107079351","3.443468286505891","3.443468286505891","0.001717744",,
"1493","ENGAGE-NPi2100-COV","TIAM-ECN 1.1","Final Energy","EJ/yr","[object Object]",2010,55.84370053541758,"3.412538721690002","3.412538721690002","2100","0.2683371712533349","3613.0620337032383","GW7","ok","medium",,"ok","high","high","high",,"high","ok","ok","true","C7","C7: Below 4.0°C","TIAM-ECN 1.1","EN_NPi2100_COV","0","79.16108913334503","4.799464509325319","0.2683371712533349","3.412538721690002","3.412538721690002","0.001664804",,
"1493","ENGAGE-NPi2100-COV","TIAM-ECN 1.1","Final Energy","EJ/yr","[object Object]",2020,54.32170574462181,"3.412538721690002","3.412538721690002","2100","0.2683371712533349","3613.0620337032383","GW7","ok","medium",,"ok","high","high","high",,"high","ok","ok","true","C7","C7: Below 4.0°C","TIAM-ECN 1.1","EN_NPi2100_COV","0","79.16108913334503","4.799464509325319","0.2683371712533349","3.412538721690002","3.412538721690002","0.001664804",,
"1493","ENGAGE-NPi2100-COV","TIAM-ECN 1.1","Final Energy","EJ/yr","[object Object]",2030,56.56745547541093,"3.412538721690002","3.412538721690002","2100","0.2683371712533349","3613.0620337032383","GW7","ok","medium",,"ok","high","high","high",,"high","ok","ok","true","C7","C7: Below 4.0°C","TIAM-ECN 1.1","EN_NPi2100_COV","0","79.16108913334503","4.799464509325319","0.2683371712533349","3.412538721690002","3.412538721690002","0.001664804",,
"1493","ENGAGE-NPi2100-COV","TIAM-ECN 1.1","Final Energy","EJ/yr","[object Object]",2040,59.28103522434263,"3.412538721690002","3.412538721690002","2100","0.2683371712533349","3613.0620337032383","GW7","ok","medium",,"ok","high","high","high",,"high","ok","ok","true","C7","C7: Below 4.0°C","TIAM-ECN 1.1","EN_NPi2100_COV","0","79.16108913334503","4.799464509325319","0.2683371712533349","3.412538721690002","3.412538721690002","0.001664804",,
"1493","ENGAGE-NPi2100-COV","TIAM-ECN 1.1","Final Energy","EJ/yr","[object Object]",2050,60.03373302786738,"3.412538721690002","3.412538721690002","2100","0.2683371712533349","3613.0620337032383","GW7","ok","medium",,"ok","high","high","high",,"high","ok","ok","true","C7","C7: Below 4.0°C","TIAM-ECN 1.1","EN_NPi2100_COV","0","79.16108913334503","4.799464509325319","0.2683371712533349","3.412538721690002","3.412538721690002","0.001664804",,
"1493","ENGAGE-NPi2100-COV","TIAM-ECN 1.1","Final Energy","EJ/yr","[object Object]",2060,62.76605547649673,"3.412538721690002","3.412538721690002","2100","0.2683371712533349","3613.0620337032383","GW7","ok","medium",,"ok","high","high","high",,"high","ok","ok","true","C7","C7: Below 4.0°C","TIAM-ECN 1.1","EN_NPi2100_COV","0","79.16108913334503","4.799464509325319","0.2683371712533349","3.412538721690002","3.412538721690002","0.001664804",,
"1493","ENGAGE-NPi2100-COV","TIAM-ECN 1.1","Final Energy","EJ/yr","[object Object]",2070,64.65965042894956,"3.412538721690002","3.412538721690002","2100","0.2683371712533349","3613.0620337032383","GW7","ok","medium",,"ok","high","high","high",,"high","ok","ok","true","C7","C7: Below 4.0°C","TIAM-ECN 1.1","EN_NPi2100_COV","0","79.16108913334503","4.799464509325319","0.2683371712533349","3.412538721690002","3.412538721690002","0.001664804",,
"1493","ENGAGE-NPi2100-COV","TIAM-ECN 1.1","Final Energy","EJ/yr","[object Object]",2080,66.0765451456826,"3.412538721690002","3.412538721690002","2100","0.2683371712533349","3613.0620337032383","GW7","ok","medium",,"ok","high","high","high",,"high","ok","ok","true","C7","C7: Below 4.0°C","TIAM-ECN 1.1","EN_NPi2100_COV","0","79.16108913334503","4.799464509325319","0.2683371712533349","3.412538721690002","3.412538721690002","0.001664804",,
"1493","ENGAGE-NPi2100-COV","TIAM-ECN 1.1","Final Energy","EJ/yr","[object Object]",2090,68.790043117583,"3.412538721690002","3.412538721690002","2100","0.2683371712533349","3613.0620337032383","GW7","ok","medium",,"ok","high","high","high",,"high","ok","ok","true","C7","C7: Below 4.0°C","TIAM-ECN 1.1","EN_NPi2100_COV","0","79.16108913334503","4.799464509325319","0.2683371712533349","3.412538721690002","3.412538721690002","0.001664804",,
"1493","ENGAGE-NPi2100-COV","TIAM-ECN 1.1","Final Energy","EJ/yr","[object Object]",2100,66.9824634468641,"3.412538721690002","3.412538721690002","2100","0.2683371712533349","3613.0620337032383","GW7","ok","medium",,"ok","high","high","high",,"high","ok","ok","true","C7","C7: Below 4.0°C","TIAM-ECN 1.1","EN_NPi2100_COV","0","79.16108913334503","4.799464509325319","0.2683371712533349","3.412538721690002","3.412538721690002","0.001664804",,
"1570","ENGAGE-NPi2100","WITCH 5.0","Final Energy","EJ/yr","[object Object]",2010,49.0503578971223,"3.346094732425093","3.346094732425093","2100","0.022176843634809557","3389.027469636793","GW7","ok","medium","ok","ok","medium","medium","ok","high","ok","ok","ok","true","C7","C7: Below 4.0°C","WITCH 5.0","EN_NPi2100","36.527396397137025","59.53594065705202","1.671974473211969","0.022176843634809557","3.346094732425093","3.346094732425093","0.001682039",,"-0.8210470913332983"
"1570","ENGAGE-NPi2100","WITCH 5.0","Final Energy","EJ/yr","[object Object]",2015,47.0461068172144,"3.346094732425093","3.346094732425093","2100","0.022176843634809557","3389.027469636793","GW7","ok","medium","ok","ok","medium","medium","ok","high","ok","ok","ok","true","C7","C7: Below 4.0°C","WITCH 5.0","EN_NPi2100","36.527396397137025","59.53594065705202","1.671974473211969","0.022176843634809557","3.346094732425093","3.346094732425093","0.001682039",,"-0.8210470913332983"
"1570","ENGAGE-NPi2100","WITCH 5.0","Final Energy","EJ/yr","[object Object]",2020,41.7565117878855,"3.346094732425093","3.346094732425093","2100","0.022176843634809557","3389.027469636793","GW7","ok","medium","ok","ok","medium","medium","ok","high","ok","ok","ok","true","C7","C7: Below 4.0°C","WITCH 5.0","EN_NPi2100","36.527396397137025","59.53594065705202","1.671974473211969","0.022176843634809557","3.346094732425093","3.346094732425093","0.001682039",,"-0.8210470913332983"
"1570","ENGAGE-NPi2100","WITCH 5.0","Final Energy","EJ/yr","[object Object]",2025,45.6292623752615,"3.346094732425093","3.346094732425093","2100","0.022176843634809557","3389.027469636793","GW7","ok","medium","ok","ok","medium","medium","ok","high","ok","ok","ok","true","C7","C7: Below 4.0°C","WITCH 5.0","EN_NPi2100","36.527396397137025","59.53594065705202","1.671974473211969","0.022176843634809557","3.346094732425093","3.346094732425093","0.001682039",,"-0.8210470913332983"
"1570","ENGAGE-NPi2100","WITCH 5.0","Final Energy","EJ/yr","[object Object]",2030,47.6396038815948,"3.346094732425093","3.346094732425093","2100","0.022176843634809557","3389.027469636793","GW7","ok","medium","ok","ok","medium","medium","ok","high","ok","ok","ok","true","C7","C7: Below 4.0°C","WITCH 5.0","EN_NPi2100","36.527396397137025","59.53594065705202","1.671974473211969","0.022176843634809557","3.346094732425093","3.346094732425093","0.001682039",,"-0.8210470913332983"
"1570","ENGAGE-NPi2100","WITCH 5.0","Final Energy","EJ/yr","[object Object]",2035,48.9079291575483,"3.346094732425093","3.346094732425093","2100","0.022176843634809557","3389.027469636793","GW7","ok","medium","ok","ok","medium","medium","ok","high","ok","ok","ok","true","C7","C7: Below 4.0°C","WITCH 5.0","EN_NPi2100","36.527396397137025","59.53594065705202","1.671974473211969","0.022176843634809557","3.346094732425093","3.346094732425093","0.001682039",,"-0.8210470913332983"
"1570","ENGAGE-NPi2100","WITCH 5.0","Final Energy","EJ/yr","[object Object]",2040,50.1263640052166,"3.346094732425093","3.346094732425093","2100","0.022176843634809557","3389.027469636793","GW7","ok","medium","ok","ok","medium","medium","ok","high","ok","ok","ok","true","C7","C7: Below 4.0°C","WITCH 5.0","EN_NPi2100","36.527396397137025","59.53594065705202","1.671974473211969","0.022176843634809557","3.346094732425093","3.346094732425093","0.001682039",,"-0.8210470913332983"
"1570","ENGAGE-NPi2100","WITCH 5.0","Final Energy","EJ/yr","[object Object]",2045,51.0023186475086,"3.346094732425093","3.346094732425093","2100","0.022176843634809557","3389.027469636793","GW7","ok","medium","ok","ok","medium","medium","ok","high","ok","ok","ok","true","C7","C7: Below 4.0°C","WITCH 5.0","EN_NPi2100","36.527396397137025","59.53594065705202","1.671974473211969","0.022176843634809557","3.346094732425093","3.346094732425093","0.001682039",,"-0.8210470913332983"
"1570","ENGAGE-NPi2100","WITCH 5.0","Final Energy","EJ/yr","[object Object]",2050,51.291578953109,"3.346094732425093","3.346094732425093","2100","0.022176843634809557","3389.027469636793","GW7","ok","medium","ok","ok","medium","medium","ok","high","ok","ok","ok","true","C7","C7: Below 4.0°C","WITCH 5.0","EN_NPi2100","36.527396397137025","59.53594065705202","1.671974473211969","0.022176843634809557","3.346094732425093","3.346094732425093","0.001682039",,"-0.8210470913332983"
"1570","ENGAGE-NPi2100","WITCH 5.0","Final Energy","EJ/yr","[object Object]",2055,51.66611613586039,"3.346094732425093","3.346094732425093","2100","0.022176843634809557","3389.027469636793","GW7","ok","medium","ok","ok","medium","medium","ok","high","ok","ok","ok","true","C7","C7: Below 4.0°C","WITCH 5.0","EN_NPi2100","36.527396397137025","59.53594065705202","1.671974473211969","0.022176843634809557","3.346094732425093","3.346094732425093","0.001682039",,"-0.8210470913332983"
"1570","ENGAGE-NPi2100","WITCH 5.0","Final Energy","EJ/yr","[object Object]",2060,51.6933485201262,"3.346094732425093","3.346094732425093","2100","0.022176843634809557","3389.027469636793","GW7","ok","medium","ok","ok","medium","medium","ok","high","ok","ok","ok","true","C7","C7: Below 4.0°C","WITCH 5.0","EN_NPi2100","36.527396397137025","59.53594065705202","1.671974473211969","0.022176843634809557","3.346094732425093","3.346094732425093","0.001682039",,"-0.8210470913332983"
"1570","ENGAGE-NPi2100","WITCH 5.0","Final Energy","EJ/yr","[object Object]",2065,51.56881942280661,"3.346094732425093","3.346094732425093","2100","0.022176843634809557","3389.027469636793","GW7","ok","medium","ok","ok","medium","medium","ok","high","ok","ok","ok","true","C7","C7: Below 4.0°C","WITCH 5.0","EN_NPi2100","36.527396397137025","59.53594065705202","1.671974473211969","0.022176843634809557","3.346094732425093","3.346094732425093","0.001682039",,"-0.8210470913332983"
"1570","ENGAGE-NPi2100","WITCH 5.0","Final Energy","EJ/yr","[object Object]",2070,51.6395433663863,"3.346094732425093","3.346094732425093","2100","0.022176843634809557","3389.027469636793","GW7","ok","medium","ok","ok","medium","medium","ok","high","ok","ok","ok","true","C7","C7: Below 4.0°C","WITCH 5.0","EN_NPi2100","36.527396397137025","59.53594065705202","1.671974473211969","0.022176843634809557","3.346094732425093","3.346094732425093","0.001682039",,"-0.8210470913332983"
"1570","ENGAGE-NPi2100","WITCH 5.0","Final Energy","EJ/yr","[object Object]",2075,51.7925417847362,"3.346094732425093","3.346094732425093","2100","0.022176843634809557","3389.027469636793","GW7","ok","medium","ok","ok","medium","medium","ok","high","ok","ok","ok","true","C7","C7: Below 4.0°C","WITCH 5.0","EN_NPi2100","36.527396397137025","59.53594065705202","1.671974473211969","0.022176843634809557","3.346094732425093","3.346094732425093","0.001682039",,"-0.8210470913332983"
"1570","ENGAGE-NPi2100","WITCH 5.0","Final Energy","EJ/yr","[object Object]",2080,52.1783393247029,"3.346094732425093","3.346094732425093","2100","0.022176843634809557","3389.027469636793","GW7","ok","medium","ok","ok","medium","medium","ok","high","ok","ok","ok","true","C7","C7: Below 4.0°C","WITCH 5.0","EN_NPi2100","36.527396397137025","59.53594065705202","1.671974473211969","0.022176843634809557","3.346094732425093","3.346094732425093","0.001682039",,"-0.8210470913332983"
"1570","ENGAGE-NPi2100","WITCH 5.0","Final Energy","EJ/yr","[object Object]",2085,52.831130301988,"3.346094732425093","3.346094732425093","2100","0.022176843634809557","3389.027469636793","GW7","ok","medium","ok","ok","medium","medium","ok","high","ok","ok","ok","true","C7","C7: Below 4.0°C","WITCH 5.0","EN_NPi2100","36.527396397137025","59.53594065705202","1.671974473211969","0.022176843634809557","3.346094732425093","3.346094732425093","0.001682039",,"-0.8210470913332983"
"1570","ENGAGE-NPi2100","WITCH 5.0","Final Energy","EJ/yr","[object Object]",2090,52.9718598285746,"3.346094732425093","3.346094732425093","2100","0.022176843634809557","3389.027469636793","GW7","ok","medium","ok","ok","medium","medium","ok","high","ok","ok","ok","true","C7","C7: Below 4.0°C","WITCH 5.0","EN_NPi2100","36.527396397137025","59.53594065705202","1.671974473211969","0.022176843634809557","3.346094732425093","3.346094732425093","0.001682039",,"-0.8210470913332983"
"1570","ENGAGE-NPi2100","WITCH 5.0","Final Energy","EJ/yr","[object Object]",2095,53.8016313681962,"3.346094732425093","3.346094732425093","2100","0.022176843634809557","3389.027469636793","GW7","ok","medium","ok","ok","medium","medium","ok","high","ok","ok","ok","true","C7","C7: Below 4.0°C","WITCH 5.0","EN_NPi2100","36.527396397137025","59.53594065705202","1.671974473211969","0.022176843634809557","3.346094732425093","3.346094732425093","0.001682039",,"-0.8210470913332983"
"1570","ENGAGE-NPi2100","WITCH 5.0","Final Energy","EJ/yr","[object Object]",2100,53.77912507472161,"3.346094732425093","3.346094732425093","2100","0.022176843634809557","3389.027469636793","GW7","ok","medium","ok","ok","medium","medium","ok","high","ok","ok","ok","true","C7","C7: Below 4.0°C","WITCH 5.0","EN_NPi2100","36.527396397137025","59.53594065705202","1.671974473211969","0.022176843634809557","3.346094732425093","3.346094732425093","0.001682039",,"-0.8210470913332983"
"1571","ENGAGE-NoPolicy","WITCH 5.0","Final Energy","EJ/yr","[object Object]",2010,49.0503578971223,"3.473840879271051","3.473840879271051","2100","0.02235536065470015","3541.580296375546","GW7","ok","medium","ok","ok","ok","medium","ok","high","ok","ok","ok","true","C7","C7: Below 4.0°C","WITCH 5.0","EN_NoPolicy","34.720580037999696","62.087096045234304","1.0556852728054456","0.02235536065470015","3.473840879271051","3.473840879271051","0.001896427",,"-0.8718421060239763"
"1571","ENGAGE-NoPolicy","WITCH 5.0","Final Energy","EJ/yr","[object Object]",2015,47.0461068172144,"3.473840879271051","3.473840879271051","2100","0.02235536065470015","3541.580296375546","GW7","ok","medium","ok","ok","ok","medium","ok","high","ok","ok","ok","true","C7","C7: Below 4.0°C","WITCH 5.0","EN_NoPolicy","34.720580037999696","62.087096045234304","1.0556852728054456","0.02235536065470015","3.473840879271051","3.473840879271051","0.001896427",,"-0.8718421060239763"
"1571","ENGAGE-NoPolicy","WITCH 5.0","Final Energy","EJ/yr","[object Object]",2020,45.3474581389275,"3.473840879271051","3.473840879271051","2100","0.02235536065470015","3541.580296375546","GW7","ok","medium","ok","ok","ok","medium","ok","high","ok","ok","ok","true","C7","C7: Below 4.0°C","WITCH 5.0","EN_NoPolicy","34.720580037999696","62.087096045234304","1.0556852728054456","0.02235536065470015","3.473840879271051","3.473840879271051","0.001896427",,"-0.8718421060239763"
"1571","ENGAGE-NoPolicy","WITCH 5.0","Final Energy","EJ/yr","[object Object]",2025,47.63341345840779,"3.473840879271051","3.473840879271051","2100","0.02235536065470015","3541.580296375546","GW7","ok","medium","ok","ok","ok","medium","ok","high","ok","ok","ok","true","C7","C7: Below 4.0°C","WITCH 5.0","EN_NoPolicy","34.720580037999696","62.087096045234304","1.0556852728054456","0.02235536065470015","3.473840879271051","3.473840879271051","0.001896427",,"-0.8718421060239763"
"1571","ENGAGE-NoPolicy","WITCH 5.0","Final Energy","EJ/yr","[object Object]",2030,49.84298338052101,"3.473840879271051","3.473840879271051","2100","0.02235536065470015","3541.580296375546","GW7","ok","medium","ok","ok","ok","medium","ok","high","ok","ok","ok","true","C7","C7: Below 4.0°C","WITCH 5.0","EN_NoPolicy","34.720580037999696","62.087096045234304","1.0556852728054456","0.02235536065470015","3.473840879271051","3.473840879271051","0.001896427",,"-0.8718421060239763"
"1571","ENGAGE-NoPolicy","WITCH 5.0","Final Energy","EJ/yr","[object Object]",2035,51.8162938512153,"3.473840879271051","3.473840879271051","2100","0.02235536065470015","3541.580296375546","GW7","ok","medium","ok","ok","ok","medium","ok","high","ok","ok","ok","true","C7","C7: Below 4.0°C","WITCH 5.0","EN_NoPolicy","34.720580037999696","62.087096045234304","1.0556852728054456","0.02235536065470015","3.473840879271051","3.473840879271051","0.001896427",,"-0.8718421060239763"
"1571","ENGAGE-NoPolicy","WITCH 5.0","Final Energy","EJ/yr","[object Object]",2040,53.8126543001874,"3.473840879271051","3.473840879271051","2100","0.02235536065470015","3541.580296375546","GW7","ok","medium","ok","ok","ok","medium","ok","high","ok","ok","ok","true","C7","C7: Below 4.0°C","WITCH 5.0","EN_NoPolicy","34.720580037999696","62.087096045234304","1.0556852728054456","0.02235536065470015","3.473840879271051","3.473840879271051","0.001896427",,"-0.8718421060239763"
"1571","ENGAGE-NoPolicy","WITCH 5.0","Final Energy","EJ/yr","[object Object]",2045,56.1903544124292,"3.473840879271051","3.473840879271051","2100","0.02235536065470015","3541.580296375546","GW7","ok","medium","ok","ok","ok","medium","ok","high","ok","ok","ok","true","C7","C7: Below 4.0°C","WITCH 5.0","EN_NoPolicy","34.720580037999696","62.087096045234304","1.0556852728054456","0.02235536065470015","3.473840879271051","3.473840879271051","0.001896427",,"-0.8718421060239763"
"1571","ENGAGE-NoPolicy","WITCH 5.0","Final Energy","EJ/yr","[object Object]",2050,58.3095824917212,"3.473840879271051","3.473840879271051","2100","0.02235536065470015","3541.580296375546","GW7","ok","medium","ok","ok","ok","medium","ok","high","ok","ok","ok","true","C7","C7: Below 4.0°C","WITCH 5.0","EN_NoPolicy","34.720580037999696","62.087096045234304","1.0556852728054456","0.02235536065470015","3.473840879271051","3.473840879271051","0.001896427",,"-0.8718421060239763"
"1571","ENGAGE-NoPolicy","WITCH 5.0","Final Energy","EJ/yr","[object Object]",2055,60.00960909845039,"3.473840879271051","3.473840879271051","2100","0.02235536065470015","3541.580296375546","GW7","ok","medium","ok","ok","ok","medium","ok","high","ok","ok","ok","true","C7","C7: Below 4.0°C","WITCH 5.0","EN_NoPolicy","34.720580037999696","62.087096045234304","1.0556852728054456","0.02235536065470015","3.473840879271051","3.473840879271051","0.001896427",,"-0.8718421060239763"
"1571","ENGAGE-NoPolicy","WITCH 5.0","Final Energy","EJ/yr","[object Object]",2060,61.43683691034679,"3.473840879271051","3.473840879271051","2100","0.02235536065470015","3541.580296375546","GW7","ok","medium","ok","ok","ok","medium","ok","high","ok","ok","ok","true","C7","C7: Below 4.0°C","WITCH 5.0","EN_NoPolicy","34.720580037999696","62.087096045234304","1.0556852728054456","0.02235536065470015","3.473840879271051","3.473840879271051","0.001896427",,"-0.8718421060239763"
"1571","ENGAGE-NoPolicy","WITCH 5.0","Final Energy","EJ/yr","[object Object]",2065,62.8429957907244,"3.473840879271051","3.473840879271051","2100","0.02235536065470015","3541.580296375546","GW7","ok","medium","ok","ok","ok","medium","ok","high","ok","ok","ok","true","C7","C7: Below 4.0°C","WITCH 5.0","EN_NoPolicy","34.720580037999696","62.087096045234304","1.0556852728054456","0.02235536065470015","3.473840879271051","3.473840879271051","0.001896427",,"-0.8718421060239763"
"1571","ENGAGE-NoPolicy","WITCH 5.0","Final Energy","EJ/yr","[object Object]",2070,64.28881782266,"3.473840879271051","3.473840879271051","2100","0.02235536065470015","3541.580296375546","GW7","ok","medium","ok","ok","ok","medium","ok","high","ok","ok","ok","true","C7","C7: Below 4.0°C","WITCH 5.0","EN_NoPolicy","34.720580037999696","62.087096045234304","1.0556852728054456","0.02235536065470015","3.473840879271051","3.473840879271051","0.001896427",,"-0.8718421060239763"
"1571","ENGAGE-NoPolicy","WITCH 5.0","Final Energy","EJ/yr","[object Object]",2075,65.7819525560817,"3.473840879271051","3.473840879271051","2100","0.02235536065470015","3541.580296375546","GW7","ok","medium","ok","ok","ok","medium","ok","high","ok","ok","ok","true","C7","C7: Below 4.0°C","WITCH 5.0","EN_NoPolicy","34.720580037999696","62.087096045234304","1.0556852728054456","0.02235536065470015","3.473840879271051","3.473840879271051","0.001896427",,"-0.8718421060239763"
"1571","ENGAGE-NoPolicy","WITCH 5.0","Final Energy","EJ/yr","[object Object]",2080,66.92740206666589,"3.473840879271051","3.473840879271051","2100","0.02235536065470015","3541.580296375546","GW7","ok","medium","ok","ok","ok","medium","ok","high","ok","ok","ok","true","C7","C7: Below 4.0°C","WITCH 5.0","EN_NoPolicy","34.720580037999696","62.087096045234304","1.0556852728054456","0.02235536065470015","3.473840879271051","3.473840879271051","0.001896427",,"-0.8718421060239763"
"1571","ENGAGE-NoPolicy","WITCH 5.0","Final Energy","EJ/yr","[object Object]",2085,68.6765725114442,"3.473840879271051","3.473840879271051","2100","0.02235536065470015","3541.580296375546","GW7","ok","medium","ok","ok","ok","medium","ok","high","ok","ok","ok","true","C7","C7: Below 4.0°C","WITCH 5.0","EN_NoPolicy","34.720580037999696","62.087096045234304","1.0556852728054456","0.02235536065470015","3.473840879271051","3.473840879271051","0.001896427",,"-0.8718421060239763"
"1571","ENGAGE-NoPolicy","WITCH 5.0","Final Energy","EJ/yr","[object Object]",2090,69.9695371328652,"3.473840879271051","3.473840879271051","2100","0.02235536065470015","3541.580296375546","GW7","ok","medium","ok","ok","ok","medium","ok","high","ok","ok","ok","true","C7","C7: Below 4.0°C","WITCH 5.0","EN_NoPolicy","34.720580037999696","62.087096045234304","1.0556852728054456","0.02235536065470015","3.473840879271051","3.473840879271051","0.001896427",,"-0.8718421060239763"
"1571","ENGAGE-NoPolicy","WITCH 5.0","Final Energy","EJ/yr","[object Object]",2095,71.0393171623026,"3.473840879271051","3.473840879271051","2100","0.02235536065470015","3541.580296375546","GW7","ok","medium","ok","ok","ok","medium","ok","high","ok","ok","ok","true","C7","C7: Below 4.0°C","WITCH 5.0","EN_NoPolicy","34.720580037999696","62.087096045234304","1.0556852728054456","0.02235536065470015","3.473840879271051","3.473840879271051","0.001896427",,"-0.8718421060239763"
"1571","ENGAGE-NoPolicy","WITCH 5.0","Final Energy","EJ/yr","[object Object]",2100,72.5184252415626,"3.473840879271051","3.473840879271051","2100","0.02235536065470015","3541.580296375546","GW7","ok","medium","ok","ok","ok","medium","ok","high","ok","ok","ok","true","C7","C7: Below 4.0°C","WITCH 5.0","EN_NoPolicy","34.720580037999696","62.087096045234304","1.0556852728054456","0.02235536065470015","3.473840879271051","3.473840879271051","0.001896427",,"-0.8718421060239763"