"Run ID","Scenario name","Model name","Variable name","unit","Flag Category","year","value","meta_Climate Assessment|Peak Warming|Median [MAGICCv7.5.3]","meta_Climate Assessment|Warming in 2100|Median [MAGICCv7.5.3]","meta_Climate Assessment|Year of Peak Warming|Median [MAGICCv7.5.3]","meta_Emissions Diagnostics|Cumulative CCS [2020-2100, Gt CO2]","meta_Emissions Diagnostics|Cumulative CO2 [2020-2100, Gt CO2]","meta_Climate Category|SCI 2025 [Tier I]","meta_Vetting|SCI 2025","meta_Feasibility Concern|Carbon Capture|World|2030","meta_Feasibility Concern|Carbon Capture|World|2035","meta_Feasibility Concern|Carbon Capture|World|2040","meta_Feasibility Concern|Hydropower Capacity|World|2030","meta_Feasibility Concern|Nuclear Capacity|World|2030","meta_Feasibility Concern|Onshore Wind Capacity|World|2030","meta_Feasibility Concern|Solar PV Capacity|World|2030","meta_Feasibility Concern|Wind Capacity|World|2030","meta_Sustainability Concern|Exceeding Prudent Limit For Geological Carbon Storage|World","meta_Sustainability Concern|Unsustainable Bioenergy Use|World","meta_Scenario Ensemble|AR6","meta_Climate Category|AR6 [ID]","meta_Climate Category|AR6 [Name]","meta_Legacy Mapping|AR6|Model Name","meta_Legacy Mapping|AR6|Scenario Name","meta_renewablesShare","meta_fossilShare","meta_biomassShare","meta_carbonRemoval","meta_eocWarming","meta_peakWarming","meta_Ensemble Weight|SCI 2025 [beta]","meta_Sustainability Concern|Food Availability|World","meta_gfaIncrease"
"122","ENGAGE-INDCi2100","GEM-E3 V2021","Final Energy|Residential and Commercial|Electricity","EJ/yr","[object Object]",2015,7.664910985133018,"3.146488459643782","3.146488459643782","2100","176.5527859284754","3201.1340929502444","GW7","failed","medium","ok","ok","medium","ok","ok","high","ok","ok","high","true","C7","C7: Below 4.0°C","GEM-E3_V2021","EN_INDCi2100","20.182747653732285","55.51830730544523","20.018138174693227","176.5527859284754","3.146488459643782","3.146488459643782",,,
"122","ENGAGE-INDCi2100","GEM-E3 V2021","Final Energy|Residential and Commercial|Electricity","EJ/yr","[object Object]",2020,7.936628954227912,"3.146488459643782","3.146488459643782","2100","176.5527859284754","3201.1340929502444","GW7","failed","medium","ok","ok","medium","ok","ok","high","ok","ok","high","true","C7","C7: Below 4.0°C","GEM-E3_V2021","EN_INDCi2100","20.182747653732285","55.51830730544523","20.018138174693227","176.5527859284754","3.146488459643782","3.146488459643782",,,
"122","ENGAGE-INDCi2100","GEM-E3 V2021","Final Energy|Residential and Commercial|Electricity","EJ/yr","[object Object]",2025,8.26635592795393,"3.146488459643782","3.146488459643782","2100","176.5527859284754","3201.1340929502444","GW7","failed","medium","ok","ok","medium","ok","ok","high","ok","ok","high","true","C7","C7: Below 4.0°C","GEM-E3_V2021","EN_INDCi2100","20.182747653732285","55.51830730544523","20.018138174693227","176.5527859284754","3.146488459643782","3.146488459643782",,,
"122","ENGAGE-INDCi2100","GEM-E3 V2021","Final Energy|Residential and Commercial|Electricity","EJ/yr","[object Object]",2030,8.649977736897698,"3.146488459643782","3.146488459643782","2100","176.5527859284754","3201.1340929502444","GW7","failed","medium","ok","ok","medium","ok","ok","high","ok","ok","high","true","C7","C7: Below 4.0°C","GEM-E3_V2021","EN_INDCi2100","20.182747653732285","55.51830730544523","20.018138174693227","176.5527859284754","3.146488459643782","3.146488459643782",,,
"122","ENGAGE-INDCi2100","GEM-E3 V2021","Final Energy|Residential and Commercial|Electricity","EJ/yr","[object Object]",2035,9.086407901604518,"3.146488459643782","3.146488459643782","2100","176.5527859284754","3201.1340929502444","GW7","failed","medium","ok","ok","medium","ok","ok","high","ok","ok","high","true","C7","C7: Below 4.0°C","GEM-E3_V2021","EN_INDCi2100","20.182747653732285","55.51830730544523","20.018138174693227","176.5527859284754","3.146488459643782","3.146488459643782",,,
"122","ENGAGE-INDCi2100","GEM-E3 V2021","Final Energy|Residential and Commercial|Electricity","EJ/yr","[object Object]",2040,9.613595675583538,"3.146488459643782","3.146488459643782","2100","176.5527859284754","3201.1340929502444","GW7","failed","medium","ok","ok","medium","ok","ok","high","ok","ok","high","true","C7","C7: Below 4.0°C","GEM-E3_V2021","EN_INDCi2100","20.182747653732285","55.51830730544523","20.018138174693227","176.5527859284754","3.146488459643782","3.146488459643782",,,
"122","ENGAGE-INDCi2100","GEM-E3 V2021","Final Energy|Residential and Commercial|Electricity","EJ/yr","[object Object]",2045,10.137285155276578,"3.146488459643782","3.146488459643782","2100","176.5527859284754","3201.1340929502444","GW7","failed","medium","ok","ok","medium","ok","ok","high","ok","ok","high","true","C7","C7: Below 4.0°C","GEM-E3_V2021","EN_INDCi2100","20.182747653732285","55.51830730544523","20.018138174693227","176.5527859284754","3.146488459643782","3.146488459643782",,,
"122","ENGAGE-INDCi2100","GEM-E3 V2021","Final Energy|Residential and Commercial|Electricity","EJ/yr","[object Object]",2050,10.65914061885212,"3.146488459643782","3.146488459643782","2100","176.5527859284754","3201.1340929502444","GW7","failed","medium","ok","ok","medium","ok","ok","high","ok","ok","high","true","C7","C7: Below 4.0°C","GEM-E3_V2021","EN_INDCi2100","20.182747653732285","55.51830730544523","20.018138174693227","176.5527859284754","3.146488459643782","3.146488459643782",,,
"122","ENGAGE-INDCi2100","GEM-E3 V2021","Final Energy|Residential and Commercial|Electricity","EJ/yr","[object Object]",2055,11.095637531439811,"3.146488459643782","3.146488459643782","2100","176.5527859284754","3201.1340929502444","GW7","failed","medium","ok","ok","medium","ok","ok","high","ok","ok","high","true","C7","C7: Below 4.0°C","GEM-E3_V2021","EN_INDCi2100","20.182747653732285","55.51830730544523","20.018138174693227","176.5527859284754","3.146488459643782","3.146488459643782",,,
"122","ENGAGE-INDCi2100","GEM-E3 V2021","Final Energy|Residential and Commercial|Electricity","EJ/yr","[object Object]",2060,11.543163261695424,"3.146488459643782","3.146488459643782","2100","176.5527859284754","3201.1340929502444","GW7","failed","medium","ok","ok","medium","ok","ok","high","ok","ok","high","true","C7","C7: Below 4.0°C","GEM-E3_V2021","EN_INDCi2100","20.182747653732285","55.51830730544523","20.018138174693227","176.5527859284754","3.146488459643782","3.146488459643782",,,
"122","ENGAGE-INDCi2100","GEM-E3 V2021","Final Energy|Residential and Commercial|Electricity","EJ/yr","[object Object]",2065,12.032818838497228,"3.146488459643782","3.146488459643782","2100","176.5527859284754","3201.1340929502444","GW7","failed","medium","ok","ok","medium","ok","ok","high","ok","ok","high","true","C7","C7: Below 4.0°C","GEM-E3_V2021","EN_INDCi2100","20.182747653732285","55.51830730544523","20.018138174693227","176.5527859284754","3.146488459643782","3.146488459643782",,,
"122","ENGAGE-INDCi2100","GEM-E3 V2021","Final Energy|Residential and Commercial|Electricity","EJ/yr","[object Object]",2070,12.580167788345294,"3.146488459643782","3.146488459643782","2100","176.5527859284754","3201.1340929502444","GW7","failed","medium","ok","ok","medium","ok","ok","high","ok","ok","high","true","C7","C7: Below 4.0°C","GEM-E3_V2021","EN_INDCi2100","20.182747653732285","55.51830730544523","20.018138174693227","176.5527859284754","3.146488459643782","3.146488459643782",,,
"122","ENGAGE-INDCi2100","GEM-E3 V2021","Final Energy|Residential and Commercial|Electricity","EJ/yr","[object Object]",2075,13.04541610413951,"3.146488459643782","3.146488459643782","2100","176.5527859284754","3201.1340929502444","GW7","failed","medium","ok","ok","medium","ok","ok","high","ok","ok","high","true","C7","C7: Below 4.0°C","GEM-E3_V2021","EN_INDCi2100","20.182747653732285","55.51830730544523","20.018138174693227","176.5527859284754","3.146488459643782","3.146488459643782",,,
"122","ENGAGE-INDCi2100","GEM-E3 V2021","Final Energy|Residential and Commercial|Electricity","EJ/yr","[object Object]",2080,13.511322890967548,"3.146488459643782","3.146488459643782","2100","176.5527859284754","3201.1340929502444","GW7","failed","medium","ok","ok","medium","ok","ok","high","ok","ok","high","true","C7","C7: Below 4.0°C","GEM-E3_V2021","EN_INDCi2100","20.182747653732285","55.51830730544523","20.018138174693227","176.5527859284754","3.146488459643782","3.146488459643782",,,
"122","ENGAGE-INDCi2100","GEM-E3 V2021","Final Energy|Residential and Commercial|Electricity","EJ/yr","[object Object]",2085,13.985718165543291,"3.146488459643782","3.146488459643782","2100","176.5527859284754","3201.1340929502444","GW7","failed","medium","ok","ok","medium","ok","ok","high","ok","ok","high","true","C7","C7: Below 4.0°C","GEM-E3_V2021","EN_INDCi2100","20.182747653732285","55.51830730544523","20.018138174693227","176.5527859284754","3.146488459643782","3.146488459643782",,,
"122","ENGAGE-INDCi2100","GEM-E3 V2021","Final Energy|Residential and Commercial|Electricity","EJ/yr","[object Object]",2090,14.469403317459632,"3.146488459643782","3.146488459643782","2100","176.5527859284754","3201.1340929502444","GW7","failed","medium","ok","ok","medium","ok","ok","high","ok","ok","high","true","C7","C7: Below 4.0°C","GEM-E3_V2021","EN_INDCi2100","20.182747653732285","55.51830730544523","20.018138174693227","176.5527859284754","3.146488459643782","3.146488459643782",,,
"122","ENGAGE-INDCi2100","GEM-E3 V2021","Final Energy|Residential and Commercial|Electricity","EJ/yr","[object Object]",2095,14.98252375551344,"3.146488459643782","3.146488459643782","2100","176.5527859284754","3201.1340929502444","GW7","failed","medium","ok","ok","medium","ok","ok","high","ok","ok","high","true","C7","C7: Below 4.0°C","GEM-E3_V2021","EN_INDCi2100","20.182747653732285","55.51830730544523","20.018138174693227","176.5527859284754","3.146488459643782","3.146488459643782",,,
"122","ENGAGE-INDCi2100","GEM-E3 V2021","Final Energy|Residential and Commercial|Electricity","EJ/yr","[object Object]",2100,15.487725148999496,"3.146488459643782","3.146488459643782","2100","176.5527859284754","3201.1340929502444","GW7","failed","medium","ok","ok","medium","ok","ok","high","ok","ok","high","true","C7","C7: Below 4.0°C","GEM-E3_V2021","EN_INDCi2100","20.182747653732285","55.51830730544523","20.018138174693227","176.5527859284754","3.146488459643782","3.146488459643782",,,
"143","ENGAGE-NPi2100","GEM-E3 V2021","Final Energy|Residential and Commercial|Electricity","EJ/yr","[object Object]",2015,7.664910985133018,"3.41451081391942","3.41451081391942","2100","36.5932129830107","4028.1176806545905","GW7","failed","medium","ok","ok","ok","ok","ok","high","ok","ok","medium","true","C7","C7: Below 4.0°C","GEM-E3_V2021","EN_NPi2100","20.066189018464023","55.446375041586585","20.210329128772614","36.5932129830107","3.41451081391942","3.41451081391942",,,
"143","ENGAGE-NPi2100","GEM-E3 V2021","Final Energy|Residential and Commercial|Electricity","EJ/yr","[object Object]",2020,7.936628954227912,"3.41451081391942","3.41451081391942","2100","36.5932129830107","4028.1176806545905","GW7","failed","medium","ok","ok","ok","ok","ok","high","ok","ok","medium","true","C7","C7: Below 4.0°C","GEM-E3_V2021","EN_NPi2100","20.066189018464023","55.446375041586585","20.210329128772614","36.5932129830107","3.41451081391942","3.41451081391942",,,
"143","ENGAGE-NPi2100","GEM-E3 V2021","Final Energy|Residential and Commercial|Electricity","EJ/yr","[object Object]",2025,8.257116909149916,"3.41451081391942","3.41451081391942","2100","36.5932129830107","4028.1176806545905","GW7","failed","medium","ok","ok","ok","ok","ok","high","ok","ok","medium","true","C7","C7: Below 4.0°C","GEM-E3_V2021","EN_NPi2100","20.066189018464023","55.446375041586585","20.210329128772614","36.5932129830107","3.41451081391942","3.41451081391942",,,
"143","ENGAGE-NPi2100","GEM-E3 V2021","Final Energy|Residential and Commercial|Electricity","EJ/yr","[object Object]",2030,8.640862317791063,"3.41451081391942","3.41451081391942","2100","36.5932129830107","4028.1176806545905","GW7","failed","medium","ok","ok","ok","ok","ok","high","ok","ok","medium","true","C7","C7: Below 4.0°C","GEM-E3_V2021","EN_NPi2100","20.066189018464023","55.446375041586585","20.210329128772614","36.5932129830107","3.41451081391942","3.41451081391942",,,
"143","ENGAGE-NPi2100","GEM-E3 V2021","Final Energy|Residential and Commercial|Electricity","EJ/yr","[object Object]",2035,9.082490817182288,"3.41451081391942","3.41451081391942","2100","36.5932129830107","4028.1176806545905","GW7","failed","medium","ok","ok","ok","ok","ok","high","ok","ok","medium","true","C7","C7: Below 4.0°C","GEM-E3_V2021","EN_NPi2100","20.066189018464023","55.446375041586585","20.210329128772614","36.5932129830107","3.41451081391942","3.41451081391942",,,
"143","ENGAGE-NPi2100","GEM-E3 V2021","Final Energy|Residential and Commercial|Electricity","EJ/yr","[object Object]",2040,9.599666442528685,"3.41451081391942","3.41451081391942","2100","36.5932129830107","4028.1176806545905","GW7","failed","medium","ok","ok","ok","ok","ok","high","ok","ok","medium","true","C7","C7: Below 4.0°C","GEM-E3_V2021","EN_NPi2100","20.066189018464023","55.446375041586585","20.210329128772614","36.5932129830107","3.41451081391942","3.41451081391942",,,
"143","ENGAGE-NPi2100","GEM-E3 V2021","Final Energy|Residential and Commercial|Electricity","EJ/yr","[object Object]",2045,10.121954171018883,"3.41451081391942","3.41451081391942","2100","36.5932129830107","4028.1176806545905","GW7","failed","medium","ok","ok","ok","ok","ok","high","ok","ok","medium","true","C7","C7: Below 4.0°C","GEM-E3_V2021","EN_NPi2100","20.066189018464023","55.446375041586585","20.210329128772614","36.5932129830107","3.41451081391942","3.41451081391942",,,
"143","ENGAGE-NPi2100","GEM-E3 V2021","Final Energy|Residential and Commercial|Electricity","EJ/yr","[object Object]",2050,10.631816556684598,"3.41451081391942","3.41451081391942","2100","36.5932129830107","4028.1176806545905","GW7","failed","medium","ok","ok","ok","ok","ok","high","ok","ok","medium","true","C7","C7: Below 4.0°C","GEM-E3_V2021","EN_NPi2100","20.066189018464023","55.446375041586585","20.210329128772614","36.5932129830107","3.41451081391942","3.41451081391942",,,
"143","ENGAGE-NPi2100","GEM-E3 V2021","Final Energy|Residential and Commercial|Electricity","EJ/yr","[object Object]",2055,11.049097620356848,"3.41451081391942","3.41451081391942","2100","36.5932129830107","4028.1176806545905","GW7","failed","medium","ok","ok","ok","ok","ok","high","ok","ok","medium","true","C7","C7: Below 4.0°C","GEM-E3_V2021","EN_NPi2100","20.066189018464023","55.446375041586585","20.210329128772614","36.5932129830107","3.41451081391942","3.41451081391942",,,
"143","ENGAGE-NPi2100","GEM-E3 V2021","Final Energy|Residential and Commercial|Electricity","EJ/yr","[object Object]",2060,11.54299153336245,"3.41451081391942","3.41451081391942","2100","36.5932129830107","4028.1176806545905","GW7","failed","medium","ok","ok","ok","ok","ok","high","ok","ok","medium","true","C7","C7: Below 4.0°C","GEM-E3_V2021","EN_NPi2100","20.066189018464023","55.446375041586585","20.210329128772614","36.5932129830107","3.41451081391942","3.41451081391942",,,
"143","ENGAGE-NPi2100","GEM-E3 V2021","Final Energy|Residential and Commercial|Electricity","EJ/yr","[object Object]",2065,12.032251355146157,"3.41451081391942","3.41451081391942","2100","36.5932129830107","4028.1176806545905","GW7","failed","medium","ok","ok","ok","ok","ok","high","ok","ok","medium","true","C7","C7: Below 4.0°C","GEM-E3_V2021","EN_NPi2100","20.066189018464023","55.446375041586585","20.210329128772614","36.5932129830107","3.41451081391942","3.41451081391942",,,
"143","ENGAGE-NPi2100","GEM-E3 V2021","Final Energy|Residential and Commercial|Electricity","EJ/yr","[object Object]",2070,12.591872926096832,"3.41451081391942","3.41451081391942","2100","36.5932129830107","4028.1176806545905","GW7","failed","medium","ok","ok","ok","ok","ok","high","ok","ok","medium","true","C7","C7: Below 4.0°C","GEM-E3_V2021","EN_NPi2100","20.066189018464023","55.446375041586585","20.210329128772614","36.5932129830107","3.41451081391942","3.41451081391942",,,
"143","ENGAGE-NPi2100","GEM-E3 V2021","Final Energy|Residential and Commercial|Electricity","EJ/yr","[object Object]",2075,13.084484929937377,"3.41451081391942","3.41451081391942","2100","36.5932129830107","4028.1176806545905","GW7","failed","medium","ok","ok","ok","ok","ok","high","ok","ok","medium","true","C7","C7: Below 4.0°C","GEM-E3_V2021","EN_NPi2100","20.066189018464023","55.446375041586585","20.210329128772614","36.5932129830107","3.41451081391942","3.41451081391942",,,
"143","ENGAGE-NPi2100","GEM-E3 V2021","Final Energy|Residential and Commercial|Electricity","EJ/yr","[object Object]",2080,13.559492189259377,"3.41451081391942","3.41451081391942","2100","36.5932129830107","4028.1176806545905","GW7","failed","medium","ok","ok","ok","ok","ok","high","ok","ok","medium","true","C7","C7: Below 4.0°C","GEM-E3_V2021","EN_NPi2100","20.066189018464023","55.446375041586585","20.210329128772614","36.5932129830107","3.41451081391942","3.41451081391942",,,
"143","ENGAGE-NPi2100","GEM-E3 V2021","Final Energy|Residential and Commercial|Electricity","EJ/yr","[object Object]",2085,14.05890790105655,"3.41451081391942","3.41451081391942","2100","36.5932129830107","4028.1176806545905","GW7","failed","medium","ok","ok","ok","ok","ok","high","ok","ok","medium","true","C7","C7: Below 4.0°C","GEM-E3_V2021","EN_NPi2100","20.066189018464023","55.446375041586585","20.210329128772614","36.5932129830107","3.41451081391942","3.41451081391942",,,
"143","ENGAGE-NPi2100","GEM-E3 V2021","Final Energy|Residential and Commercial|Electricity","EJ/yr","[object Object]",2090,14.576881629062648,"3.41451081391942","3.41451081391942","2100","36.5932129830107","4028.1176806545905","GW7","failed","medium","ok","ok","ok","ok","ok","high","ok","ok","medium","true","C7","C7: Below 4.0°C","GEM-E3_V2021","EN_NPi2100","20.066189018464023","55.446375041586585","20.210329128772614","36.5932129830107","3.41451081391942","3.41451081391942",,,
"143","ENGAGE-NPi2100","GEM-E3 V2021","Final Energy|Residential and Commercial|Electricity","EJ/yr","[object Object]",2095,15.117027413518828,"3.41451081391942","3.41451081391942","2100","36.5932129830107","4028.1176806545905","GW7","failed","medium","ok","ok","ok","ok","ok","high","ok","ok","medium","true","C7","C7: Below 4.0°C","GEM-E3_V2021","EN_NPi2100","20.066189018464023","55.446375041586585","20.210329128772614","36.5932129830107","3.41451081391942","3.41451081391942",,,
"143","ENGAGE-NPi2100","GEM-E3 V2021","Final Energy|Residential and Commercial|Electricity","EJ/yr","[object Object]",2100,15.610550949096233,"3.41451081391942","3.41451081391942","2100","36.5932129830107","4028.1176806545905","GW7","failed","medium","ok","ok","ok","ok","ok","high","ok","ok","medium","true","C7","C7: Below 4.0°C","GEM-E3_V2021","EN_NPi2100","20.066189018464023","55.446375041586585","20.210329128772614","36.5932129830107","3.41451081391942","3.41451081391942",,,
"144","ENGAGE-NPi2100-COV","GEM-E3 V2021","Final Energy|Residential and Commercial|Electricity","EJ/yr","[object Object]",2015,7.664910985133018,"3.190422094627559","3.190422094627559","2100","33.82296845691874","3781.221181053836","GW7","failed","medium","ok","ok","ok","ok","ok","high","ok","ok","medium","true","C7","C7: Below 4.0°C","GEM-E3_V2021","EN_NPi2100_COV","19.73701497883186","55.693799781876265","20.346343605079877","33.82296845691874","3.190422094627559","3.190422094627559",,,
"144","ENGAGE-NPi2100-COV","GEM-E3 V2021","Final Energy|Residential and Commercial|Electricity","EJ/yr","[object Object]",2020,7.403942751861178,"3.190422094627559","3.190422094627559","2100","33.82296845691874","3781.221181053836","GW7","failed","medium","ok","ok","ok","ok","ok","high","ok","ok","medium","true","C7","C7: Below 4.0°C","GEM-E3_V2021","EN_NPi2100_COV","19.73701497883186","55.693799781876265","20.346343605079877","33.82296845691874","3.190422094627559","3.190422094627559",,,
"144","ENGAGE-NPi2100-COV","GEM-E3 V2021","Final Energy|Residential and Commercial|Electricity","EJ/yr","[object Object]",2025,7.965847887883693,"3.190422094627559","3.190422094627559","2100","33.82296845691874","3781.221181053836","GW7","failed","medium","ok","ok","ok","ok","ok","high","ok","ok","medium","true","C7","C7: Below 4.0°C","GEM-E3_V2021","EN_NPi2100_COV","19.73701497883186","55.693799781876265","20.346343605079877","33.82296845691874","3.190422094627559","3.190422094627559",,,
"144","ENGAGE-NPi2100-COV","GEM-E3 V2021","Final Energy|Residential and Commercial|Electricity","EJ/yr","[object Object]",2030,8.037864621838201,"3.190422094627559","3.190422094627559","2100","33.82296845691874","3781.221181053836","GW7","failed","medium","ok","ok","ok","ok","ok","high","ok","ok","medium","true","C7","C7: Below 4.0°C","GEM-E3_V2021","EN_NPi2100_COV","19.73701497883186","55.693799781876265","20.346343605079877","33.82296845691874","3.190422094627559","3.190422094627559",,,
"144","ENGAGE-NPi2100-COV","GEM-E3 V2021","Final Energy|Residential and Commercial|Electricity","EJ/yr","[object Object]",2035,8.46908783833403,"3.190422094627559","3.190422094627559","2100","33.82296845691874","3781.221181053836","GW7","failed","medium","ok","ok","ok","ok","ok","high","ok","ok","medium","true","C7","C7: Below 4.0°C","GEM-E3_V2021","EN_NPi2100_COV","19.73701497883186","55.693799781876265","20.346343605079877","33.82296845691874","3.190422094627559","3.190422094627559",,,
"144","ENGAGE-NPi2100-COV","GEM-E3 V2021","Final Energy|Residential and Commercial|Electricity","EJ/yr","[object Object]",2040,8.982057924726874,"3.190422094627559","3.190422094627559","2100","33.82296845691874","3781.221181053836","GW7","failed","medium","ok","ok","ok","ok","ok","high","ok","ok","medium","true","C7","C7: Below 4.0°C","GEM-E3_V2021","EN_NPi2100_COV","19.73701497883186","55.693799781876265","20.346343605079877","33.82296845691874","3.190422094627559","3.190422094627559",,,
"144","ENGAGE-NPi2100-COV","GEM-E3 V2021","Final Energy|Residential and Commercial|Electricity","EJ/yr","[object Object]",2045,9.494010969810578,"3.190422094627559","3.190422094627559","2100","33.82296845691874","3781.221181053836","GW7","failed","medium","ok","ok","ok","ok","ok","high","ok","ok","medium","true","C7","C7: Below 4.0°C","GEM-E3_V2021","EN_NPi2100_COV","19.73701497883186","55.693799781876265","20.346343605079877","33.82296845691874","3.190422094627559","3.190422094627559",,,
"144","ENGAGE-NPi2100-COV","GEM-E3 V2021","Final Energy|Residential and Commercial|Electricity","EJ/yr","[object Object]",2050,9.97957044676884,"3.190422094627559","3.190422094627559","2100","33.82296845691874","3781.221181053836","GW7","failed","medium","ok","ok","ok","ok","ok","high","ok","ok","medium","true","C7","C7: Below 4.0°C","GEM-E3_V2021","EN_NPi2100_COV","19.73701497883186","55.693799781876265","20.346343605079877","33.82296845691874","3.190422094627559","3.190422094627559",,,
"144","ENGAGE-NPi2100-COV","GEM-E3 V2021","Final Energy|Residential and Commercial|Electricity","EJ/yr","[object Object]",2055,10.37144371719991,"3.190422094627559","3.190422094627559","2100","33.82296845691874","3781.221181053836","GW7","failed","medium","ok","ok","ok","ok","ok","high","ok","ok","medium","true","C7","C7: Below 4.0°C","GEM-E3_V2021","EN_NPi2100_COV","19.73701497883186","55.693799781876265","20.346343605079877","33.82296845691874","3.190422094627559","3.190422094627559",,,
"144","ENGAGE-NPi2100-COV","GEM-E3 V2021","Final Energy|Residential and Commercial|Electricity","EJ/yr","[object Object]",2060,10.838208002382364,"3.190422094627559","3.190422094627559","2100","33.82296845691874","3781.221181053836","GW7","failed","medium","ok","ok","ok","ok","ok","high","ok","ok","medium","true","C7","C7: Below 4.0°C","GEM-E3_V2021","EN_NPi2100_COV","19.73701497883186","55.693799781876265","20.346343605079877","33.82296845691874","3.190422094627559","3.190422094627559",,,
"144","ENGAGE-NPi2100-COV","GEM-E3 V2021","Final Energy|Residential and Commercial|Electricity","EJ/yr","[object Object]",2065,11.2884403075733,"3.190422094627559","3.190422094627559","2100","33.82296845691874","3781.221181053836","GW7","failed","medium","ok","ok","ok","ok","ok","high","ok","ok","medium","true","C7","C7: Below 4.0°C","GEM-E3_V2021","EN_NPi2100_COV","19.73701497883186","55.693799781876265","20.346343605079877","33.82296845691874","3.190422094627559","3.190422094627559",,,
"144","ENGAGE-NPi2100-COV","GEM-E3 V2021","Final Energy|Residential and Commercial|Electricity","EJ/yr","[object Object]",2070,11.79797700957602,"3.190422094627559","3.190422094627559","2100","33.82296845691874","3781.221181053836","GW7","failed","medium","ok","ok","ok","ok","ok","high","ok","ok","medium","true","C7","C7: Below 4.0°C","GEM-E3_V2021","EN_NPi2100_COV","19.73701497883186","55.693799781876265","20.346343605079877","33.82296845691874","3.190422094627559","3.190422094627559",,,
"144","ENGAGE-NPi2100-COV","GEM-E3 V2021","Final Energy|Residential and Commercial|Electricity","EJ/yr","[object Object]",2075,12.241385021063309,"3.190422094627559","3.190422094627559","2100","33.82296845691874","3781.221181053836","GW7","failed","medium","ok","ok","ok","ok","ok","high","ok","ok","medium","true","C7","C7: Below 4.0°C","GEM-E3_V2021","EN_NPi2100_COV","19.73701497883186","55.693799781876265","20.346343605079877","33.82296845691874","3.190422094627559","3.190422094627559",,,
"144","ENGAGE-NPi2100-COV","GEM-E3 V2021","Final Energy|Residential and Commercial|Electricity","EJ/yr","[object Object]",2080,12.681175778739762,"3.190422094627559","3.190422094627559","2100","33.82296845691874","3781.221181053836","GW7","failed","medium","ok","ok","ok","ok","ok","high","ok","ok","medium","true","C7","C7: Below 4.0°C","GEM-E3_V2021","EN_NPi2100_COV","19.73701497883186","55.693799781876265","20.346343605079877","33.82296845691874","3.190422094627559","3.190422094627559",,,
"144","ENGAGE-NPi2100-COV","GEM-E3 V2021","Final Energy|Residential and Commercial|Electricity","EJ/yr","[object Object]",2085,13.137285135625968,"3.190422094627559","3.190422094627559","2100","33.82296845691874","3781.221181053836","GW7","failed","medium","ok","ok","ok","ok","ok","high","ok","ok","medium","true","C7","C7: Below 4.0°C","GEM-E3_V2021","EN_NPi2100_COV","19.73701497883186","55.693799781876265","20.346343605079877","33.82296845691874","3.190422094627559","3.190422094627559",,,
"144","ENGAGE-NPi2100-COV","GEM-E3 V2021","Final Energy|Residential and Commercial|Electricity","EJ/yr","[object Object]",2090,13.611088732111888,"3.190422094627559","3.190422094627559","2100","33.82296845691874","3781.221181053836","GW7","failed","medium","ok","ok","ok","ok","ok","high","ok","ok","medium","true","C7","C7: Below 4.0°C","GEM-E3_V2021","EN_NPi2100_COV","19.73701497883186","55.693799781876265","20.346343605079877","33.82296845691874","3.190422094627559","3.190422094627559",,,
"144","ENGAGE-NPi2100-COV","GEM-E3 V2021","Final Energy|Residential and Commercial|Electricity","EJ/yr","[object Object]",2095,14.103679071458428,"3.190422094627559","3.190422094627559","2100","33.82296845691874","3781.221181053836","GW7","failed","medium","ok","ok","ok","ok","ok","high","ok","ok","medium","true","C7","C7: Below 4.0°C","GEM-E3_V2021","EN_NPi2100_COV","19.73701497883186","55.693799781876265","20.346343605079877","33.82296845691874","3.190422094627559","3.190422094627559",,,
"144","ENGAGE-NPi2100-COV","GEM-E3 V2021","Final Energy|Residential and Commercial|Electricity","EJ/yr","[object Object]",2100,14.55105282687453,"3.190422094627559","3.190422094627559","2100","33.82296845691874","3781.221181053836","GW7","failed","medium","ok","ok","ok","ok","ok","high","ok","ok","medium","true","C7","C7: Below 4.0°C","GEM-E3_V2021","EN_NPi2100_COV","19.73701497883186","55.693799781876265","20.346343605079877","33.82296845691874","3.190422094627559","3.190422094627559",,,
"154","ENGAGE-INDCi2100","IMAGE 3.0","Final Energy|Residential and Commercial|Electricity","EJ/yr","[object Object]",2010,7.349530792236328,"3.055369325059648","3.055369325059648","2100","398.6093577993532","3475.4584490464194","GW7","ok","high","ok","ok","ok","medium","high","high","high","ok","medium","true","C7","C7: Below 4.0°C","IMAGE 3.0","EN_INDCi2100","15.62830746252876","78.6153650798114","5.776479726690511","398.6093577993532","3.055369325059648","3.055369325059648","0.003397749","ok","1.5577861687720684"
"154","ENGAGE-INDCi2100","IMAGE 3.0","Final Energy|Residential and Commercial|Electricity","EJ/yr","[object Object]",2015,7.585851135253906,"3.055369325059648","3.055369325059648","2100","398.6093577993532","3475.4584490464194","GW7","ok","high","ok","ok","ok","medium","high","high","high","ok","medium","true","C7","C7: Below 4.0°C","IMAGE 3.0","EN_INDCi2100","15.62830746252876","78.6153650798114","5.776479726690511","398.6093577993532","3.055369325059648","3.055369325059648","0.003397749","ok","1.5577861687720684"
"154","ENGAGE-INDCi2100","IMAGE 3.0","Final Energy|Residential and Commercial|Electricity","EJ/yr","[object Object]",2020,8.223768844604493,"3.055369325059648","3.055369325059648","2100","398.6093577993532","3475.4584490464194","GW7","ok","high","ok","ok","ok","medium","high","high","high","ok","medium","true","C7","C7: Below 4.0°C","IMAGE 3.0","EN_INDCi2100","15.62830746252876","78.6153650798114","5.776479726690511","398.6093577993532","3.055369325059648","3.055369325059648","0.003397749","ok","1.5577861687720684"
"154","ENGAGE-INDCi2100","IMAGE 3.0","Final Energy|Residential and Commercial|Electricity","EJ/yr","[object Object]",2025,8.23079428100586,"3.055369325059648","3.055369325059648","2100","398.6093577993532","3475.4584490464194","GW7","ok","high","ok","ok","ok","medium","high","high","high","ok","medium","true","C7","C7: Below 4.0°C","IMAGE 3.0","EN_INDCi2100","15.62830746252876","78.6153650798114","5.776479726690511","398.6093577993532","3.055369325059648","3.055369325059648","0.003397749","ok","1.5577861687720684"
"154","ENGAGE-INDCi2100","IMAGE 3.0","Final Energy|Residential and Commercial|Electricity","EJ/yr","[object Object]",2030,8.258916748046875,"3.055369325059648","3.055369325059648","2100","398.6093577993532","3475.4584490464194","GW7","ok","high","ok","ok","ok","medium","high","high","high","ok","medium","true","C7","C7: Below 4.0°C","IMAGE 3.0","EN_INDCi2100","15.62830746252876","78.6153650798114","5.776479726690511","398.6093577993532","3.055369325059648","3.055369325059648","0.003397749","ok","1.5577861687720684"
"154","ENGAGE-INDCi2100","IMAGE 3.0","Final Energy|Residential and Commercial|Electricity","EJ/yr","[object Object]",2035,8.404436401367187,"3.055369325059648","3.055369325059648","2100","398.6093577993532","3475.4584490464194","GW7","ok","high","ok","ok","ok","medium","high","high","high","ok","medium","true","C7","C7: Below 4.0°C","IMAGE 3.0","EN_INDCi2100","15.62830746252876","78.6153650798114","5.776479726690511","398.6093577993532","3.055369325059648","3.055369325059648","0.003397749","ok","1.5577861687720684"
"154","ENGAGE-INDCi2100","IMAGE 3.0","Final Energy|Residential and Commercial|Electricity","EJ/yr","[object Object]",2040,8.511233123779299,"3.055369325059648","3.055369325059648","2100","398.6093577993532","3475.4584490464194","GW7","ok","high","ok","ok","ok","medium","high","high","high","ok","medium","true","C7","C7: Below 4.0°C","IMAGE 3.0","EN_INDCi2100","15.62830746252876","78.6153650798114","5.776479726690511","398.6093577993532","3.055369325059648","3.055369325059648","0.003397749","ok","1.5577861687720684"
"154","ENGAGE-INDCi2100","IMAGE 3.0","Final Energy|Residential and Commercial|Electricity","EJ/yr","[object Object]",2045,8.62267333984375,"3.055369325059648","3.055369325059648","2100","398.6093577993532","3475.4584490464194","GW7","ok","high","ok","ok","ok","medium","high","high","high","ok","medium","true","C7","C7: Below 4.0°C","IMAGE 3.0","EN_INDCi2100","15.62830746252876","78.6153650798114","5.776479726690511","398.6093577993532","3.055369325059648","3.055369325059648","0.003397749","ok","1.5577861687720684"
"154","ENGAGE-INDCi2100","IMAGE 3.0","Final Energy|Residential and Commercial|Electricity","EJ/yr","[object Object]",2050,8.706878967285157,"3.055369325059648","3.055369325059648","2100","398.6093577993532","3475.4584490464194","GW7","ok","high","ok","ok","ok","medium","high","high","high","ok","medium","true","C7","C7: Below 4.0°C","IMAGE 3.0","EN_INDCi2100","15.62830746252876","78.6153650798114","5.776479726690511","398.6093577993532","3.055369325059648","3.055369325059648","0.003397749","ok","1.5577861687720684"
"154","ENGAGE-INDCi2100","IMAGE 3.0","Final Energy|Residential and Commercial|Electricity","EJ/yr","[object Object]",2060,9.065549926757813,"3.055369325059648","3.055369325059648","2100","398.6093577993532","3475.4584490464194","GW7","ok","high","ok","ok","ok","medium","high","high","high","ok","medium","true","C7","C7: Below 4.0°C","IMAGE 3.0","EN_INDCi2100","15.62830746252876","78.6153650798114","5.776479726690511","398.6093577993532","3.055369325059648","3.055369325059648","0.003397749","ok","1.5577861687720684"
"154","ENGAGE-INDCi2100","IMAGE 3.0","Final Energy|Residential and Commercial|Electricity","EJ/yr","[object Object]",2070,9.678024017333986,"3.055369325059648","3.055369325059648","2100","398.6093577993532","3475.4584490464194","GW7","ok","high","ok","ok","ok","medium","high","high","high","ok","medium","true","C7","C7: Below 4.0°C","IMAGE 3.0","EN_INDCi2100","15.62830746252876","78.6153650798114","5.776479726690511","398.6093577993532","3.055369325059648","3.055369325059648","0.003397749","ok","1.5577861687720684"
"154","ENGAGE-INDCi2100","IMAGE 3.0","Final Energy|Residential and Commercial|Electricity","EJ/yr","[object Object]",2080,10.3294365234375,"3.055369325059648","3.055369325059648","2100","398.6093577993532","3475.4584490464194","GW7","ok","high","ok","ok","ok","medium","high","high","high","ok","medium","true","C7","C7: Below 4.0°C","IMAGE 3.0","EN_INDCi2100","15.62830746252876","78.6153650798114","5.776479726690511","398.6093577993532","3.055369325059648","3.055369325059648","0.003397749","ok","1.5577861687720684"
"154","ENGAGE-INDCi2100","IMAGE 3.0","Final Energy|Residential and Commercial|Electricity","EJ/yr","[object Object]",2090,10.671680053710938,"3.055369325059648","3.055369325059648","2100","398.6093577993532","3475.4584490464194","GW7","ok","high","ok","ok","ok","medium","high","high","high","ok","medium","true","C7","C7: Below 4.0°C","IMAGE 3.0","EN_INDCi2100","15.62830746252876","78.6153650798114","5.776479726690511","398.6093577993532","3.055369325059648","3.055369325059648","0.003397749","ok","1.5577861687720684"
"154","ENGAGE-INDCi2100","IMAGE 3.0","Final Energy|Residential and Commercial|Electricity","EJ/yr","[object Object]",2100,10.71936392211914,"3.055369325059648","3.055369325059648","2100","398.6093577993532","3475.4584490464194","GW7","ok","high","ok","ok","ok","medium","high","high","high","ok","medium","true","C7","C7: Below 4.0°C","IMAGE 3.0","EN_INDCi2100","15.62830746252876","78.6153650798114","5.776479726690511","398.6093577993532","3.055369325059648","3.055369325059648","0.003397749","ok","1.5577861687720684"
"329","ENGAGE-NPi2100","MESSAGEix-GLOBIOM 1.1","Final Energy|Residential and Commercial|Electricity","EJ/yr","[object Object]",2010,7.155450464790536,"3.307584902480477","3.307584902480477","2100","2.292746037931618","4551.268074306322","GW7","ok","medium","ok","ok","ok","ok","high","medium","high","ok","ok","true","C7","C7: Below 4.0°C","MESSAGEix-GLOBIOM_1.1","EN_NPi2100","12.681578656731658","81.24541439983827","5.437144177645541","2.292746037931618","3.307584902480477","3.307584902480477","0.003443987","ok","0.5351989722892512"
"329","ENGAGE-NPi2100","MESSAGEix-GLOBIOM 1.1","Final Energy|Residential and Commercial|Electricity","EJ/yr","[object Object]",2015,6.950679227102198,"3.307584902480477","3.307584902480477","2100","2.292746037931618","4551.268074306322","GW7","ok","medium","ok","ok","ok","ok","high","medium","high","ok","ok","true","C7","C7: Below 4.0°C","MESSAGEix-GLOBIOM_1.1","EN_NPi2100","12.681578656731658","81.24541439983827","5.437144177645541","2.292746037931618","3.307584902480477","3.307584902480477","0.003443987","ok","0.5351989722892512"
"329","ENGAGE-NPi2100","MESSAGEix-GLOBIOM 1.1","Final Energy|Residential and Commercial|Electricity","EJ/yr","[object Object]",2020,7.692261242931078,"3.307584902480477","3.307584902480477","2100","2.292746037931618","4551.268074306322","GW7","ok","medium","ok","ok","ok","ok","high","medium","high","ok","ok","true","C7","C7: Below 4.0°C","MESSAGEix-GLOBIOM_1.1","EN_NPi2100","12.681578656731658","81.24541439983827","5.437144177645541","2.292746037931618","3.307584902480477","3.307584902480477","0.003443987","ok","0.5351989722892512"
"329","ENGAGE-NPi2100","MESSAGEix-GLOBIOM 1.1","Final Energy|Residential and Commercial|Electricity","EJ/yr","[object Object]",2025,7.782192047099604,"3.307584902480477","3.307584902480477","2100","2.292746037931618","4551.268074306322","GW7","ok","medium","ok","ok","ok","ok","high","medium","high","ok","ok","true","C7","C7: Below 4.0°C","MESSAGEix-GLOBIOM_1.1","EN_NPi2100","12.681578656731658","81.24541439983827","5.437144177645541","2.292746037931618","3.307584902480477","3.307584902480477","0.003443987","ok","0.5351989722892512"
"329","ENGAGE-NPi2100","MESSAGEix-GLOBIOM 1.1","Final Energy|Residential and Commercial|Electricity","EJ/yr","[object Object]",2030,8.393365334975138,"3.307584902480477","3.307584902480477","2100","2.292746037931618","4551.268074306322","GW7","ok","medium","ok","ok","ok","ok","high","medium","high","ok","ok","true","C7","C7: Below 4.0°C","MESSAGEix-GLOBIOM_1.1","EN_NPi2100","12.681578656731658","81.24541439983827","5.437144177645541","2.292746037931618","3.307584902480477","3.307584902480477","0.003443987","ok","0.5351989722892512"
"329","ENGAGE-NPi2100","MESSAGEix-GLOBIOM 1.1","Final Energy|Residential and Commercial|Electricity","EJ/yr","[object Object]",2035,8.520880665541572,"3.307584902480477","3.307584902480477","2100","2.292746037931618","4551.268074306322","GW7","ok","medium","ok","ok","ok","ok","high","medium","high","ok","ok","true","C7","C7: Below 4.0°C","MESSAGEix-GLOBIOM_1.1","EN_NPi2100","12.681578656731658","81.24541439983827","5.437144177645541","2.292746037931618","3.307584902480477","3.307584902480477","0.003443987","ok","0.5351989722892512"
"329","ENGAGE-NPi2100","MESSAGEix-GLOBIOM 1.1","Final Energy|Residential and Commercial|Electricity","EJ/yr","[object Object]",2040,9.334781673138448,"3.307584902480477","3.307584902480477","2100","2.292746037931618","4551.268074306322","GW7","ok","medium","ok","ok","ok","ok","high","medium","high","ok","ok","true","C7","C7: Below 4.0°C","MESSAGEix-GLOBIOM_1.1","EN_NPi2100","12.681578656731658","81.24541439983827","5.437144177645541","2.292746037931618","3.307584902480477","3.307584902480477","0.003443987","ok","0.5351989722892512"
"329","ENGAGE-NPi2100","MESSAGEix-GLOBIOM 1.1","Final Energy|Residential and Commercial|Electricity","EJ/yr","[object Object]",2045,9.738447501351718,"3.307584902480477","3.307584902480477","2100","2.292746037931618","4551.268074306322","GW7","ok","medium","ok","ok","ok","ok","high","medium","high","ok","ok","true","C7","C7: Below 4.0°C","MESSAGEix-GLOBIOM_1.1","EN_NPi2100","12.681578656731658","81.24541439983827","5.437144177645541","2.292746037931618","3.307584902480477","3.307584902480477","0.003443987","ok","0.5351989722892512"
"329","ENGAGE-NPi2100","MESSAGEix-GLOBIOM 1.1","Final Energy|Residential and Commercial|Electricity","EJ/yr","[object Object]",2050,10.647106278739788,"3.307584902480477","3.307584902480477","2100","2.292746037931618","4551.268074306322","GW7","ok","medium","ok","ok","ok","ok","high","medium","high","ok","ok","true","C7","C7: Below 4.0°C","MESSAGEix-GLOBIOM_1.1","EN_NPi2100","12.681578656731658","81.24541439983827","5.437144177645541","2.292746037931618","3.307584902480477","3.307584902480477","0.003443987","ok","0.5351989722892512"
"329","ENGAGE-NPi2100","MESSAGEix-GLOBIOM 1.1","Final Energy|Residential and Commercial|Electricity","EJ/yr","[object Object]",2055,11.615877918961605,"3.307584902480477","3.307584902480477","2100","2.292746037931618","4551.268074306322","GW7","ok","medium","ok","ok","ok","ok","high","medium","high","ok","ok","true","C7","C7: Below 4.0°C","MESSAGEix-GLOBIOM_1.1","EN_NPi2100","12.681578656731658","81.24541439983827","5.437144177645541","2.292746037931618","3.307584902480477","3.307584902480477","0.003443987","ok","0.5351989722892512"
"329","ENGAGE-NPi2100","MESSAGEix-GLOBIOM 1.1","Final Energy|Residential and Commercial|Electricity","EJ/yr","[object Object]",2060,12.5920385069248,"3.307584902480477","3.307584902480477","2100","2.292746037931618","4551.268074306322","GW7","ok","medium","ok","ok","ok","ok","high","medium","high","ok","ok","true","C7","C7: Below 4.0°C","MESSAGEix-GLOBIOM_1.1","EN_NPi2100","12.681578656731658","81.24541439983827","5.437144177645541","2.292746037931618","3.307584902480477","3.307584902480477","0.003443987","ok","0.5351989722892512"
"329","ENGAGE-NPi2100","MESSAGEix-GLOBIOM 1.1","Final Energy|Residential and Commercial|Electricity","EJ/yr","[object Object]",2070,14.624558010178289,"3.307584902480477","3.307584902480477","2100","2.292746037931618","4551.268074306322","GW7","ok","medium","ok","ok","ok","ok","high","medium","high","ok","ok","true","C7","C7: Below 4.0°C","MESSAGEix-GLOBIOM_1.1","EN_NPi2100","12.681578656731658","81.24541439983827","5.437144177645541","2.292746037931618","3.307584902480477","3.307584902480477","0.003443987","ok","0.5351989722892512"
"329","ENGAGE-NPi2100","MESSAGEix-GLOBIOM 1.1","Final Energy|Residential and Commercial|Electricity","EJ/yr","[object Object]",2080,16.738116788922127,"3.307584902480477","3.307584902480477","2100","2.292746037931618","4551.268074306322","GW7","ok","medium","ok","ok","ok","ok","high","medium","high","ok","ok","true","C7","C7: Below 4.0°C","MESSAGEix-GLOBIOM_1.1","EN_NPi2100","12.681578656731658","81.24541439983827","5.437144177645541","2.292746037931618","3.307584902480477","3.307584902480477","0.003443987","ok","0.5351989722892512"
"329","ENGAGE-NPi2100","MESSAGEix-GLOBIOM 1.1","Final Energy|Residential and Commercial|Electricity","EJ/yr","[object Object]",2090,18.76150299877916,"3.307584902480477","3.307584902480477","2100","2.292746037931618","4551.268074306322","GW7","ok","medium","ok","ok","ok","ok","high","medium","high","ok","ok","true","C7","C7: Below 4.0°C","MESSAGEix-GLOBIOM_1.1","EN_NPi2100","12.681578656731658","81.24541439983827","5.437144177645541","2.292746037931618","3.307584902480477","3.307584902480477","0.003443987","ok","0.5351989722892512"
"329","ENGAGE-NPi2100","MESSAGEix-GLOBIOM 1.1","Final Energy|Residential and Commercial|Electricity","EJ/yr","[object Object]",2100,20.83514571138584,"3.307584902480477","3.307584902480477","2100","2.292746037931618","4551.268074306322","GW7","ok","medium","ok","ok","ok","ok","high","medium","high","ok","ok","true","C7","C7: Below 4.0°C","MESSAGEix-GLOBIOM_1.1","EN_NPi2100","12.681578656731658","81.24541439983827","5.437144177645541","2.292746037931618","3.307584902480477","3.307584902480477","0.003443987","ok","0.5351989722892512"
"330","ENGAGE-NPi2100-COV","MESSAGEix-GLOBIOM 1.1","Final Energy|Residential and Commercial|Electricity","EJ/yr","[object Object]",2010,7.155450464790536,"3.232916064506024","3.232916064506024","2100","2.0778277551358255","4387.71383706758","GW7","failed","medium","ok","ok","ok","ok","high","medium","high","ok","ok","true","C7","C7: Below 4.0°C","MESSAGEix-GLOBIOM_1.1","EN_NPi2100_COV","12.395471234533465","81.74018425645876","5.25032935082571","2.0778277551358255","3.232916064506024","3.232916064506024",,"ok","0.5102694122975606"
"330","ENGAGE-NPi2100-COV","MESSAGEix-GLOBIOM 1.1","Final Energy|Residential and Commercial|Electricity","EJ/yr","[object Object]",2015,6.950679227102198,"3.232916064506024","3.232916064506024","2100","2.0778277551358255","4387.71383706758","GW7","failed","medium","ok","ok","ok","ok","high","medium","high","ok","ok","true","C7","C7: Below 4.0°C","MESSAGEix-GLOBIOM_1.1","EN_NPi2100_COV","12.395471234533465","81.74018425645876","5.25032935082571","2.0778277551358255","3.232916064506024","3.232916064506024",,"ok","0.5102694122975606"
"330","ENGAGE-NPi2100-COV","MESSAGEix-GLOBIOM 1.1","Final Energy|Residential and Commercial|Electricity","EJ/yr","[object Object]",2020,6.876363800533014,"3.232916064506024","3.232916064506024","2100","2.0778277551358255","4387.71383706758","GW7","failed","medium","ok","ok","ok","ok","high","medium","high","ok","ok","true","C7","C7: Below 4.0°C","MESSAGEix-GLOBIOM_1.1","EN_NPi2100_COV","12.395471234533465","81.74018425645876","5.25032935082571","2.0778277551358255","3.232916064506024","3.232916064506024",,"ok","0.5102694122975606"
"330","ENGAGE-NPi2100-COV","MESSAGEix-GLOBIOM 1.1","Final Energy|Residential and Commercial|Electricity","EJ/yr","[object Object]",2025,7.169869092535295,"3.232916064506024","3.232916064506024","2100","2.0778277551358255","4387.71383706758","GW7","failed","medium","ok","ok","ok","ok","high","medium","high","ok","ok","true","C7","C7: Below 4.0°C","MESSAGEix-GLOBIOM_1.1","EN_NPi2100_COV","12.395471234533465","81.74018425645876","5.25032935082571","2.0778277551358255","3.232916064506024","3.232916064506024",,"ok","0.5102694122975606"
"330","ENGAGE-NPi2100-COV","MESSAGEix-GLOBIOM 1.1","Final Energy|Residential and Commercial|Electricity","EJ/yr","[object Object]",2030,7.563100554450209,"3.232916064506024","3.232916064506024","2100","2.0778277551358255","4387.71383706758","GW7","failed","medium","ok","ok","ok","ok","high","medium","high","ok","ok","true","C7","C7: Below 4.0°C","MESSAGEix-GLOBIOM_1.1","EN_NPi2100_COV","12.395471234533465","81.74018425645876","5.25032935082571","2.0778277551358255","3.232916064506024","3.232916064506024",,"ok","0.5102694122975606"
"330","ENGAGE-NPi2100-COV","MESSAGEix-GLOBIOM 1.1","Final Energy|Residential and Commercial|Electricity","EJ/yr","[object Object]",2035,8.438558076497939,"3.232916064506024","3.232916064506024","2100","2.0778277551358255","4387.71383706758","GW7","failed","medium","ok","ok","ok","ok","high","medium","high","ok","ok","true","C7","C7: Below 4.0°C","MESSAGEix-GLOBIOM_1.1","EN_NPi2100_COV","12.395471234533465","81.74018425645876","5.25032935082571","2.0778277551358255","3.232916064506024","3.232916064506024",,"ok","0.5102694122975606"
"330","ENGAGE-NPi2100-COV","MESSAGEix-GLOBIOM 1.1","Final Energy|Residential and Commercial|Electricity","EJ/yr","[object Object]",2040,9.455540890475106,"3.232916064506024","3.232916064506024","2100","2.0778277551358255","4387.71383706758","GW7","failed","medium","ok","ok","ok","ok","high","medium","high","ok","ok","true","C7","C7: Below 4.0°C","MESSAGEix-GLOBIOM_1.1","EN_NPi2100_COV","12.395471234533465","81.74018425645876","5.25032935082571","2.0778277551358255","3.232916064506024","3.232916064506024",,"ok","0.5102694122975606"
"330","ENGAGE-NPi2100-COV","MESSAGEix-GLOBIOM 1.1","Final Energy|Residential and Commercial|Electricity","EJ/yr","[object Object]",2045,10.473121485015222,"3.232916064506024","3.232916064506024","2100","2.0778277551358255","4387.71383706758","GW7","failed","medium","ok","ok","ok","ok","high","medium","high","ok","ok","true","C7","C7: Below 4.0°C","MESSAGEix-GLOBIOM_1.1","EN_NPi2100_COV","12.395471234533465","81.74018425645876","5.25032935082571","2.0778277551358255","3.232916064506024","3.232916064506024",,"ok","0.5102694122975606"
"330","ENGAGE-NPi2100-COV","MESSAGEix-GLOBIOM 1.1","Final Energy|Residential and Commercial|Electricity","EJ/yr","[object Object]",2050,11.401309458134566,"3.232916064506024","3.232916064506024","2100","2.0778277551358255","4387.71383706758","GW7","failed","medium","ok","ok","ok","ok","high","medium","high","ok","ok","true","C7","C7: Below 4.0°C","MESSAGEix-GLOBIOM_1.1","EN_NPi2100_COV","12.395471234533465","81.74018425645876","5.25032935082571","2.0778277551358255","3.232916064506024","3.232916064506024",,"ok","0.5102694122975606"
"330","ENGAGE-NPi2100-COV","MESSAGEix-GLOBIOM 1.1","Final Energy|Residential and Commercial|Electricity","EJ/yr","[object Object]",2055,12.332671766150654,"3.232916064506024","3.232916064506024","2100","2.0778277551358255","4387.71383706758","GW7","failed","medium","ok","ok","ok","ok","high","medium","high","ok","ok","true","C7","C7: Below 4.0°C","MESSAGEix-GLOBIOM_1.1","EN_NPi2100_COV","12.395471234533465","81.74018425645876","5.25032935082571","2.0778277551358255","3.232916064506024","3.232916064506024",,"ok","0.5102694122975606"
"330","ENGAGE-NPi2100-COV","MESSAGEix-GLOBIOM 1.1","Final Energy|Residential and Commercial|Electricity","EJ/yr","[object Object]",2060,13.1726126032031,"3.232916064506024","3.232916064506024","2100","2.0778277551358255","4387.71383706758","GW7","failed","medium","ok","ok","ok","ok","high","medium","high","ok","ok","true","C7","C7: Below 4.0°C","MESSAGEix-GLOBIOM_1.1","EN_NPi2100_COV","12.395471234533465","81.74018425645876","5.25032935082571","2.0778277551358255","3.232916064506024","3.232916064506024",,"ok","0.5102694122975606"
"330","ENGAGE-NPi2100-COV","MESSAGEix-GLOBIOM 1.1","Final Energy|Residential and Commercial|Electricity","EJ/yr","[object Object]",2070,16.144639799158227,"3.232916064506024","3.232916064506024","2100","2.0778277551358255","4387.71383706758","GW7","failed","medium","ok","ok","ok","ok","high","medium","high","ok","ok","true","C7","C7: Below 4.0°C","MESSAGEix-GLOBIOM_1.1","EN_NPi2100_COV","12.395471234533465","81.74018425645876","5.25032935082571","2.0778277551358255","3.232916064506024","3.232916064506024",,"ok","0.5102694122975606"
"330","ENGAGE-NPi2100-COV","MESSAGEix-GLOBIOM 1.1","Final Energy|Residential and Commercial|Electricity","EJ/yr","[object Object]",2080,18.916916736298784,"3.232916064506024","3.232916064506024","2100","2.0778277551358255","4387.71383706758","GW7","failed","medium","ok","ok","ok","ok","high","medium","high","ok","ok","true","C7","C7: Below 4.0°C","MESSAGEix-GLOBIOM_1.1","EN_NPi2100_COV","12.395471234533465","81.74018425645876","5.25032935082571","2.0778277551358255","3.232916064506024","3.232916064506024",,"ok","0.5102694122975606"
"330","ENGAGE-NPi2100-COV","MESSAGEix-GLOBIOM 1.1","Final Energy|Residential and Commercial|Electricity","EJ/yr","[object Object]",2090,21.274636533982346,"3.232916064506024","3.232916064506024","2100","2.0778277551358255","4387.71383706758","GW7","failed","medium","ok","ok","ok","ok","high","medium","high","ok","ok","true","C7","C7: Below 4.0°C","MESSAGEix-GLOBIOM_1.1","EN_NPi2100_COV","12.395471234533465","81.74018425645876","5.25032935082571","2.0778277551358255","3.232916064506024","3.232916064506024",,"ok","0.5102694122975606"
"330","ENGAGE-NPi2100-COV","MESSAGEix-GLOBIOM 1.1","Final Energy|Residential and Commercial|Electricity","EJ/yr","[object Object]",2100,23.22675755593218,"3.232916064506024","3.232916064506024","2100","2.0778277551358255","4387.71383706758","GW7","failed","medium","ok","ok","ok","ok","high","medium","high","ok","ok","true","C7","C7: Below 4.0°C","MESSAGEix-GLOBIOM_1.1","EN_NPi2100_COV","12.395471234533465","81.74018425645876","5.25032935082571","2.0778277551358255","3.232916064506024","3.232916064506024",,"ok","0.5102694122975606"
"365","ENGAGE-INDCi2100","POLES-JRC ENGAGE","Final Energy|Residential and Commercial|Electricity","EJ/yr","[object Object]",2010,6.937366008758545,"3.098446777004462","3.098446777004462","2100","150.6355920222894","3291.299416015625","GW7","ok","medium","ok","ok","medium","ok","ok","medium","ok","ok","ok","true","C7","C7: Below 4.0°C","POLES ENGAGE","EN_INDCi2100","26.626412339828597","62.1027208142991","7.985557271338539","150.6355920222894","3.098446777004462","3.098446777004462","0.002129348","ok","2.8876249289326665"
"365","ENGAGE-INDCi2100","POLES-JRC ENGAGE","Final Energy|Residential and Commercial|Electricity","EJ/yr","[object Object]",2015,6.746779441833496,"3.098446777004462","3.098446777004462","2100","150.6355920222894","3291.299416015625","GW7","ok","medium","ok","ok","medium","ok","ok","medium","ok","ok","ok","true","C7","C7: Below 4.0°C","POLES ENGAGE","EN_INDCi2100","26.626412339828597","62.1027208142991","7.985557271338539","150.6355920222894","3.098446777004462","3.098446777004462","0.002129348","ok","2.8876249289326665"
"365","ENGAGE-INDCi2100","POLES-JRC ENGAGE","Final Energy|Residential and Commercial|Electricity","EJ/yr","[object Object]",2020,7.089384078979492,"3.098446777004462","3.098446777004462","2100","150.6355920222894","3291.299416015625","GW7","ok","medium","ok","ok","medium","ok","ok","medium","ok","ok","ok","true","C7","C7: Below 4.0°C","POLES ENGAGE","EN_INDCi2100","26.626412339828597","62.1027208142991","7.985557271338539","150.6355920222894","3.098446777004462","3.098446777004462","0.002129348","ok","2.8876249289326665"
"365","ENGAGE-INDCi2100","POLES-JRC ENGAGE","Final Energy|Residential and Commercial|Electricity","EJ/yr","[object Object]",2025,6.799806594848633,"3.098446777004462","3.098446777004462","2100","150.6355920222894","3291.299416015625","GW7","ok","medium","ok","ok","medium","ok","ok","medium","ok","ok","ok","true","C7","C7: Below 4.0°C","POLES ENGAGE","EN_INDCi2100","26.626412339828597","62.1027208142991","7.985557271338539","150.6355920222894","3.098446777004462","3.098446777004462","0.002129348","ok","2.8876249289326665"
"365","ENGAGE-INDCi2100","POLES-JRC ENGAGE","Final Energy|Residential and Commercial|Electricity","EJ/yr","[object Object]",2030,6.835043430328369,"3.098446777004462","3.098446777004462","2100","150.6355920222894","3291.299416015625","GW7","ok","medium","ok","ok","medium","ok","ok","medium","ok","ok","ok","true","C7","C7: Below 4.0°C","POLES ENGAGE","EN_INDCi2100","26.626412339828597","62.1027208142991","7.985557271338539","150.6355920222894","3.098446777004462","3.098446777004462","0.002129348","ok","2.8876249289326665"
"365","ENGAGE-INDCi2100","POLES-JRC ENGAGE","Final Energy|Residential and Commercial|Electricity","EJ/yr","[object Object]",2035,7.304604053497314,"3.098446777004462","3.098446777004462","2100","150.6355920222894","3291.299416015625","GW7","ok","medium","ok","ok","medium","ok","ok","medium","ok","ok","ok","true","C7","C7: Below 4.0°C","POLES ENGAGE","EN_INDCi2100","26.626412339828597","62.1027208142991","7.985557271338539","150.6355920222894","3.098446777004462","3.098446777004462","0.002129348","ok","2.8876249289326665"
"365","ENGAGE-INDCi2100","POLES-JRC ENGAGE","Final Energy|Residential and Commercial|Electricity","EJ/yr","[object Object]",2040,7.818284511566162,"3.098446777004462","3.098446777004462","2100","150.6355920222894","3291.299416015625","GW7","ok","medium","ok","ok","medium","ok","ok","medium","ok","ok","ok","true","C7","C7: Below 4.0°C","POLES ENGAGE","EN_INDCi2100","26.626412339828597","62.1027208142991","7.985557271338539","150.6355920222894","3.098446777004462","3.098446777004462","0.002129348","ok","2.8876249289326665"
"365","ENGAGE-INDCi2100","POLES-JRC ENGAGE","Final Energy|Residential and Commercial|Electricity","EJ/yr","[object Object]",2045,8.355928421020508,"3.098446777004462","3.098446777004462","2100","150.6355920222894","3291.299416015625","GW7","ok","medium","ok","ok","medium","ok","ok","medium","ok","ok","ok","true","C7","C7: Below 4.0°C","POLES ENGAGE","EN_INDCi2100","26.626412339828597","62.1027208142991","7.985557271338539","150.6355920222894","3.098446777004462","3.098446777004462","0.002129348","ok","2.8876249289326665"
"365","ENGAGE-INDCi2100","POLES-JRC ENGAGE","Final Energy|Residential and Commercial|Electricity","EJ/yr","[object Object]",2050,8.696637153625488,"3.098446777004462","3.098446777004462","2100","150.6355920222894","3291.299416015625","GW7","ok","medium","ok","ok","medium","ok","ok","medium","ok","ok","ok","true","C7","C7: Below 4.0°C","POLES ENGAGE","EN_INDCi2100","26.626412339828597","62.1027208142991","7.985557271338539","150.6355920222894","3.098446777004462","3.098446777004462","0.002129348","ok","2.8876249289326665"
"365","ENGAGE-INDCi2100","POLES-JRC ENGAGE","Final Energy|Residential and Commercial|Electricity","EJ/yr","[object Object]",2060,9.00943374633789,"3.098446777004462","3.098446777004462","2100","150.6355920222894","3291.299416015625","GW7","ok","medium","ok","ok","medium","ok","ok","medium","ok","ok","ok","true","C7","C7: Below 4.0°C","POLES ENGAGE","EN_INDCi2100","26.626412339828597","62.1027208142991","7.985557271338539","150.6355920222894","3.098446777004462","3.098446777004462","0.002129348","ok","2.8876249289326665"
"365","ENGAGE-INDCi2100","POLES-JRC ENGAGE","Final Energy|Residential and Commercial|Electricity","EJ/yr","[object Object]",2070,8.971212387084961,"3.098446777004462","3.098446777004462","2100","150.6355920222894","3291.299416015625","GW7","ok","medium","ok","ok","medium","ok","ok","medium","ok","ok","ok","true","C7","C7: Below 4.0°C","POLES ENGAGE","EN_INDCi2100","26.626412339828597","62.1027208142991","7.985557271338539","150.6355920222894","3.098446777004462","3.098446777004462","0.002129348","ok","2.8876249289326665"
"365","ENGAGE-INDCi2100","POLES-JRC ENGAGE","Final Energy|Residential and Commercial|Electricity","EJ/yr","[object Object]",2080,8.906805038452148,"3.098446777004462","3.098446777004462","2100","150.6355920222894","3291.299416015625","GW7","ok","medium","ok","ok","medium","ok","ok","medium","ok","ok","ok","true","C7","C7: Below 4.0°C","POLES ENGAGE","EN_INDCi2100","26.626412339828597","62.1027208142991","7.985557271338539","150.6355920222894","3.098446777004462","3.098446777004462","0.002129348","ok","2.8876249289326665"
"365","ENGAGE-INDCi2100","POLES-JRC ENGAGE","Final Energy|Residential and Commercial|Electricity","EJ/yr","[object Object]",2090,8.81635570526123,"3.098446777004462","3.098446777004462","2100","150.6355920222894","3291.299416015625","GW7","ok","medium","ok","ok","medium","ok","ok","medium","ok","ok","ok","true","C7","C7: Below 4.0°C","POLES ENGAGE","EN_INDCi2100","26.626412339828597","62.1027208142991","7.985557271338539","150.6355920222894","3.098446777004462","3.098446777004462","0.002129348","ok","2.8876249289326665"
"365","ENGAGE-INDCi2100","POLES-JRC ENGAGE","Final Energy|Residential and Commercial|Electricity","EJ/yr","[object Object]",2100,8.688772201538086,"3.098446777004462","3.098446777004462","2100","150.6355920222894","3291.299416015625","GW7","ok","medium","ok","ok","medium","ok","ok","medium","ok","ok","ok","true","C7","C7: Below 4.0°C","POLES ENGAGE","EN_INDCi2100","26.626412339828597","62.1027208142991","7.985557271338539","150.6355920222894","3.098446777004462","3.098446777004462","0.002129348","ok","2.8876249289326665"
"366","ENGAGE-INDCi2100-COV","POLES-JRC ENGAGE","Final Energy|Residential and Commercial|Electricity","EJ/yr","[object Object]",2010,6.937366008758545,"3.013726601348508","3.013726601348508","2100","146.1841678012453","3058.68590625","GW7","ok","medium","ok","ok","medium","ok","medium","medium","medium","ok","ok","true","C7","C7: Below 4.0°C","POLES ENGAGE","EN_INDCi2100_COV","26.609099937341625","62.37336245080044","7.839403364806073","146.1841678012453","3.013726601348508","3.013726601348508","0.003744869","ok","2.896532353899744"
"366","ENGAGE-INDCi2100-COV","POLES-JRC ENGAGE","Final Energy|Residential and Commercial|Electricity","EJ/yr","[object Object]",2015,6.746779441833496,"3.013726601348508","3.013726601348508","2100","146.1841678012453","3058.68590625","GW7","ok","medium","ok","ok","medium","ok","medium","medium","medium","ok","ok","true","C7","C7: Below 4.0°C","POLES ENGAGE","EN_INDCi2100_COV","26.609099937341625","62.37336245080044","7.839403364806073","146.1841678012453","3.013726601348508","3.013726601348508","0.003744869","ok","2.896532353899744"
"366","ENGAGE-INDCi2100-COV","POLES-JRC ENGAGE","Final Energy|Residential and Commercial|Electricity","EJ/yr","[object Object]",2020,6.440670490264893,"3.013726601348508","3.013726601348508","2100","146.1841678012453","3058.68590625","GW7","ok","medium","ok","ok","medium","ok","medium","medium","medium","ok","ok","true","C7","C7: Below 4.0°C","POLES ENGAGE","EN_INDCi2100_COV","26.609099937341625","62.37336245080044","7.839403364806073","146.1841678012453","3.013726601348508","3.013726601348508","0.003744869","ok","2.896532353899744"
"366","ENGAGE-INDCi2100-COV","POLES-JRC ENGAGE","Final Energy|Residential and Commercial|Electricity","EJ/yr","[object Object]",2025,6.62985897064209,"3.013726601348508","3.013726601348508","2100","146.1841678012453","3058.68590625","GW7","ok","medium","ok","ok","medium","ok","medium","medium","medium","ok","ok","true","C7","C7: Below 4.0°C","POLES ENGAGE","EN_INDCi2100_COV","26.609099937341625","62.37336245080044","7.839403364806073","146.1841678012453","3.013726601348508","3.013726601348508","0.003744869","ok","2.896532353899744"
"366","ENGAGE-INDCi2100-COV","POLES-JRC ENGAGE","Final Energy|Residential and Commercial|Electricity","EJ/yr","[object Object]",2030,6.681407451629639,"3.013726601348508","3.013726601348508","2100","146.1841678012453","3058.68590625","GW7","ok","medium","ok","ok","medium","ok","medium","medium","medium","ok","ok","true","C7","C7: Below 4.0°C","POLES ENGAGE","EN_INDCi2100_COV","26.609099937341625","62.37336245080044","7.839403364806073","146.1841678012453","3.013726601348508","3.013726601348508","0.003744869","ok","2.896532353899744"
"366","ENGAGE-INDCi2100-COV","POLES-JRC ENGAGE","Final Energy|Residential and Commercial|Electricity","EJ/yr","[object Object]",2035,7.193295478820801,"3.013726601348508","3.013726601348508","2100","146.1841678012453","3058.68590625","GW7","ok","medium","ok","ok","medium","ok","medium","medium","medium","ok","ok","true","C7","C7: Below 4.0°C","POLES ENGAGE","EN_INDCi2100_COV","26.609099937341625","62.37336245080044","7.839403364806073","146.1841678012453","3.013726601348508","3.013726601348508","0.003744869","ok","2.896532353899744"
"366","ENGAGE-INDCi2100-COV","POLES-JRC ENGAGE","Final Energy|Residential and Commercial|Electricity","EJ/yr","[object Object]",2040,7.807315349578857,"3.013726601348508","3.013726601348508","2100","146.1841678012453","3058.68590625","GW7","ok","medium","ok","ok","medium","ok","medium","medium","medium","ok","ok","true","C7","C7: Below 4.0°C","POLES ENGAGE","EN_INDCi2100_COV","26.609099937341625","62.37336245080044","7.839403364806073","146.1841678012453","3.013726601348508","3.013726601348508","0.003744869","ok","2.896532353899744"
"366","ENGAGE-INDCi2100-COV","POLES-JRC ENGAGE","Final Energy|Residential and Commercial|Electricity","EJ/yr","[object Object]",2045,8.402629852294922,"3.013726601348508","3.013726601348508","2100","146.1841678012453","3058.68590625","GW7","ok","medium","ok","ok","medium","ok","medium","medium","medium","ok","ok","true","C7","C7: Below 4.0°C","POLES ENGAGE","EN_INDCi2100_COV","26.609099937341625","62.37336245080044","7.839403364806073","146.1841678012453","3.013726601348508","3.013726601348508","0.003744869","ok","2.896532353899744"
"366","ENGAGE-INDCi2100-COV","POLES-JRC ENGAGE","Final Energy|Residential and Commercial|Electricity","EJ/yr","[object Object]",2050,8.78682804107666,"3.013726601348508","3.013726601348508","2100","146.1841678012453","3058.68590625","GW7","ok","medium","ok","ok","medium","ok","medium","medium","medium","ok","ok","true","C7","C7: Below 4.0°C","POLES ENGAGE","EN_INDCi2100_COV","26.609099937341625","62.37336245080044","7.839403364806073","146.1841678012453","3.013726601348508","3.013726601348508","0.003744869","ok","2.896532353899744"
"366","ENGAGE-INDCi2100-COV","POLES-JRC ENGAGE","Final Energy|Residential and Commercial|Electricity","EJ/yr","[object Object]",2060,9.097854614257812,"3.013726601348508","3.013726601348508","2100","146.1841678012453","3058.68590625","GW7","ok","medium","ok","ok","medium","ok","medium","medium","medium","ok","ok","true","C7","C7: Below 4.0°C","POLES ENGAGE","EN_INDCi2100_COV","26.609099937341625","62.37336245080044","7.839403364806073","146.1841678012453","3.013726601348508","3.013726601348508","0.003744869","ok","2.896532353899744"
"366","ENGAGE-INDCi2100-COV","POLES-JRC ENGAGE","Final Energy|Residential and Commercial|Electricity","EJ/yr","[object Object]",2070,9.055253982543944,"3.013726601348508","3.013726601348508","2100","146.1841678012453","3058.68590625","GW7","ok","medium","ok","ok","medium","ok","medium","medium","medium","ok","ok","true","C7","C7: Below 4.0°C","POLES ENGAGE","EN_INDCi2100_COV","26.609099937341625","62.37336245080044","7.839403364806073","146.1841678012453","3.013726601348508","3.013726601348508","0.003744869","ok","2.896532353899744"
"366","ENGAGE-INDCi2100-COV","POLES-JRC ENGAGE","Final Energy|Residential and Commercial|Electricity","EJ/yr","[object Object]",2080,9.023286819458008,"3.013726601348508","3.013726601348508","2100","146.1841678012453","3058.68590625","GW7","ok","medium","ok","ok","medium","ok","medium","medium","medium","ok","ok","true","C7","C7: Below 4.0°C","POLES ENGAGE","EN_INDCi2100_COV","26.609099937341625","62.37336245080044","7.839403364806073","146.1841678012453","3.013726601348508","3.013726601348508","0.003744869","ok","2.896532353899744"
"366","ENGAGE-INDCi2100-COV","POLES-JRC ENGAGE","Final Energy|Residential and Commercial|Electricity","EJ/yr","[object Object]",2090,8.992201805114746,"3.013726601348508","3.013726601348508","2100","146.1841678012453","3058.68590625","GW7","ok","medium","ok","ok","medium","ok","medium","medium","medium","ok","ok","true","C7","C7: Below 4.0°C","POLES ENGAGE","EN_INDCi2100_COV","26.609099937341625","62.37336245080044","7.839403364806073","146.1841678012453","3.013726601348508","3.013726601348508","0.003744869","ok","2.896532353899744"
"366","ENGAGE-INDCi2100-COV","POLES-JRC ENGAGE","Final Energy|Residential and Commercial|Electricity","EJ/yr","[object Object]",2100,8.919243812561035,"3.013726601348508","3.013726601348508","2100","146.1841678012453","3058.68590625","GW7","ok","medium","ok","ok","medium","ok","medium","medium","medium","ok","ok","true","C7","C7: Below 4.0°C","POLES ENGAGE","EN_INDCi2100_COV","26.609099937341625","62.37336245080044","7.839403364806073","146.1841678012453","3.013726601348508","3.013726601348508","0.003744869","ok","2.896532353899744"
"401","ENGAGE-NPi2100-COV","POLES-JRC ENGAGE","Final Energy|Residential and Commercial|Electricity","EJ/yr","[object Object]",2010,6.937366008758545,"3.412218436276257","3.412218436276257","2100","6.465989262840172","3767.427828125","GW7","ok","medium","ok","ok","medium","ok","medium","high","medium","ok","ok","true","C7","C7: Below 4.0°C","POLES ENGAGE","EN_NPi2100_COV","21.952755010326797","68.47749904943475","6.649798038354639","6.465989262840172","3.412218436276257","3.412218436276257","0.002492305","ok","2.4700361814882683"
"401","ENGAGE-NPi2100-COV","POLES-JRC ENGAGE","Final Energy|Residential and Commercial|Electricity","EJ/yr","[object Object]",2015,6.746779441833496,"3.412218436276257","3.412218436276257","2100","6.465989262840172","3767.427828125","GW7","ok","medium","ok","ok","medium","ok","medium","high","medium","ok","ok","true","C7","C7: Below 4.0°C","POLES ENGAGE","EN_NPi2100_COV","21.952755010326797","68.47749904943475","6.649798038354639","6.465989262840172","3.412218436276257","3.412218436276257","0.002492305","ok","2.4700361814882683"
"401","ENGAGE-NPi2100-COV","POLES-JRC ENGAGE","Final Energy|Residential and Commercial|Electricity","EJ/yr","[object Object]",2020,6.657787799835205,"3.412218436276257","3.412218436276257","2100","6.465989262840172","3767.427828125","GW7","ok","medium","ok","ok","medium","ok","medium","high","medium","ok","ok","true","C7","C7: Below 4.0°C","POLES ENGAGE","EN_NPi2100_COV","21.952755010326797","68.47749904943475","6.649798038354639","6.465989262840172","3.412218436276257","3.412218436276257","0.002492305","ok","2.4700361814882683"
"401","ENGAGE-NPi2100-COV","POLES-JRC ENGAGE","Final Energy|Residential and Commercial|Electricity","EJ/yr","[object Object]",2025,7.836880207061768,"3.412218436276257","3.412218436276257","2100","6.465989262840172","3767.427828125","GW7","ok","medium","ok","ok","medium","ok","medium","high","medium","ok","ok","true","C7","C7: Below 4.0°C","POLES ENGAGE","EN_NPi2100_COV","21.952755010326797","68.47749904943475","6.649798038354639","6.465989262840172","3.412218436276257","3.412218436276257","0.002492305","ok","2.4700361814882683"
"401","ENGAGE-NPi2100-COV","POLES-JRC ENGAGE","Final Energy|Residential and Commercial|Electricity","EJ/yr","[object Object]",2030,8.561819076538086,"3.412218436276257","3.412218436276257","2100","6.465989262840172","3767.427828125","GW7","ok","medium","ok","ok","medium","ok","medium","high","medium","ok","ok","true","C7","C7: Below 4.0°C","POLES ENGAGE","EN_NPi2100_COV","21.952755010326797","68.47749904943475","6.649798038354639","6.465989262840172","3.412218436276257","3.412218436276257","0.002492305","ok","2.4700361814882683"
"401","ENGAGE-NPi2100-COV","POLES-JRC ENGAGE","Final Energy|Residential and Commercial|Electricity","EJ/yr","[object Object]",2035,9.332914352416992,"3.412218436276257","3.412218436276257","2100","6.465989262840172","3767.427828125","GW7","ok","medium","ok","ok","medium","ok","medium","high","medium","ok","ok","true","C7","C7: Below 4.0°C","POLES ENGAGE","EN_NPi2100_COV","21.952755010326797","68.47749904943475","6.649798038354639","6.465989262840172","3.412218436276257","3.412218436276257","0.002492305","ok","2.4700361814882683"
"401","ENGAGE-NPi2100-COV","POLES-JRC ENGAGE","Final Energy|Residential and Commercial|Electricity","EJ/yr","[object Object]",2040,10.069550514221191,"3.412218436276257","3.412218436276257","2100","6.465989262840172","3767.427828125","GW7","ok","medium","ok","ok","medium","ok","medium","high","medium","ok","ok","true","C7","C7: Below 4.0°C","POLES ENGAGE","EN_NPi2100_COV","21.952755010326797","68.47749904943475","6.649798038354639","6.465989262840172","3.412218436276257","3.412218436276257","0.002492305","ok","2.4700361814882683"
"401","ENGAGE-NPi2100-COV","POLES-JRC ENGAGE","Final Energy|Residential and Commercial|Electricity","EJ/yr","[object Object]",2045,10.677846908569336,"3.412218436276257","3.412218436276257","2100","6.465989262840172","3767.427828125","GW7","ok","medium","ok","ok","medium","ok","medium","high","medium","ok","ok","true","C7","C7: Below 4.0°C","POLES ENGAGE","EN_NPi2100_COV","21.952755010326797","68.47749904943475","6.649798038354639","6.465989262840172","3.412218436276257","3.412218436276257","0.002492305","ok","2.4700361814882683"
"401","ENGAGE-NPi2100-COV","POLES-JRC ENGAGE","Final Energy|Residential and Commercial|Electricity","EJ/yr","[object Object]",2050,10.99521255493164,"3.412218436276257","3.412218436276257","2100","6.465989262840172","3767.427828125","GW7","ok","medium","ok","ok","medium","ok","medium","high","medium","ok","ok","true","C7","C7: Below 4.0°C","POLES ENGAGE","EN_NPi2100_COV","21.952755010326797","68.47749904943475","6.649798038354639","6.465989262840172","3.412218436276257","3.412218436276257","0.002492305","ok","2.4700361814882683"
"401","ENGAGE-NPi2100-COV","POLES-JRC ENGAGE","Final Energy|Residential and Commercial|Electricity","EJ/yr","[object Object]",2060,11.162707328796388,"3.412218436276257","3.412218436276257","2100","6.465989262840172","3767.427828125","GW7","ok","medium","ok","ok","medium","ok","medium","high","medium","ok","ok","true","C7","C7: Below 4.0°C","POLES ENGAGE","EN_NPi2100_COV","21.952755010326797","68.47749904943475","6.649798038354639","6.465989262840172","3.412218436276257","3.412218436276257","0.002492305","ok","2.4700361814882683"
"401","ENGAGE-NPi2100-COV","POLES-JRC ENGAGE","Final Energy|Residential and Commercial|Electricity","EJ/yr","[object Object]",2070,11.07821559906006,"3.412218436276257","3.412218436276257","2100","6.465989262840172","3767.427828125","GW7","ok","medium","ok","ok","medium","ok","medium","high","medium","ok","ok","true","C7","C7: Below 4.0°C","POLES ENGAGE","EN_NPi2100_COV","21.952755010326797","68.47749904943475","6.649798038354639","6.465989262840172","3.412218436276257","3.412218436276257","0.002492305","ok","2.4700361814882683"
"401","ENGAGE-NPi2100-COV","POLES-JRC ENGAGE","Final Energy|Residential and Commercial|Electricity","EJ/yr","[object Object]",2080,11.017715454101562,"3.412218436276257","3.412218436276257","2100","6.465989262840172","3767.427828125","GW7","ok","medium","ok","ok","medium","ok","medium","high","medium","ok","ok","true","C7","C7: Below 4.0°C","POLES ENGAGE","EN_NPi2100_COV","21.952755010326797","68.47749904943475","6.649798038354639","6.465989262840172","3.412218436276257","3.412218436276257","0.002492305","ok","2.4700361814882683"
"401","ENGAGE-NPi2100-COV","POLES-JRC ENGAGE","Final Energy|Residential and Commercial|Electricity","EJ/yr","[object Object]",2090,10.94485855102539,"3.412218436276257","3.412218436276257","2100","6.465989262840172","3767.427828125","GW7","ok","medium","ok","ok","medium","ok","medium","high","medium","ok","ok","true","C7","C7: Below 4.0°C","POLES ENGAGE","EN_NPi2100_COV","21.952755010326797","68.47749904943475","6.649798038354639","6.465989262840172","3.412218436276257","3.412218436276257","0.002492305","ok","2.4700361814882683"
"401","ENGAGE-NPi2100-COV","POLES-JRC ENGAGE","Final Energy|Residential and Commercial|Electricity","EJ/yr","[object Object]",2100,10.864718437194824,"3.412218436276257","3.412218436276257","2100","6.465989262840172","3767.427828125","GW7","ok","medium","ok","ok","medium","ok","medium","high","medium","ok","ok","true","C7","C7: Below 4.0°C","POLES ENGAGE","EN_NPi2100_COV","21.952755010326797","68.47749904943475","6.649798038354639","6.465989262840172","3.412218436276257","3.412218436276257","0.002492305","ok","2.4700361814882683"
"477","ENGAGE-NPi2100","REMIND-MAgPIE 2.1-4.2","Final Energy|Residential and Commercial|Electricity","EJ/yr","[object Object]",2010,6.2744,"3.20361072292057","3.20361072292057","2100","4.514043","3647.1626236","GW7","failed","medium","ok","ok","medium","medium",,"medium","medium","ok","ok","true","C7","C7: Below 4.0°C","REMIND-MAgPIE 2.1-4.2","EN_NPi2100","31.28686834761917","53.20743458827144","15.366352128225923","4.514043","3.20361072292057","3.20361072292057",,"ok","-2.697702504802294"
"477","ENGAGE-NPi2100","REMIND-MAgPIE 2.1-4.2","Final Energy|Residential and Commercial|Electricity","EJ/yr","[object Object]",2015,5.7998,"3.20361072292057","3.20361072292057","2100","4.514043","3647.1626236","GW7","failed","medium","ok","ok","medium","medium",,"medium","medium","ok","ok","true","C7","C7: Below 4.0°C","REMIND-MAgPIE 2.1-4.2","EN_NPi2100","31.28686834761917","53.20743458827144","15.366352128225923","4.514043","3.20361072292057","3.20361072292057",,"ok","-2.697702504802294"
"477","ENGAGE-NPi2100","REMIND-MAgPIE 2.1-4.2","Final Energy|Residential and Commercial|Electricity","EJ/yr","[object Object]",2020,6.4637,"3.20361072292057","3.20361072292057","2100","4.514043","3647.1626236","GW7","failed","medium","ok","ok","medium","medium",,"medium","medium","ok","ok","true","C7","C7: Below 4.0°C","REMIND-MAgPIE 2.1-4.2","EN_NPi2100","31.28686834761917","53.20743458827144","15.366352128225923","4.514043","3.20361072292057","3.20361072292057",,"ok","-2.697702504802294"
"477","ENGAGE-NPi2100","REMIND-MAgPIE 2.1-4.2","Final Energy|Residential and Commercial|Electricity","EJ/yr","[object Object]",2025,6.9619,"3.20361072292057","3.20361072292057","2100","4.514043","3647.1626236","GW7","failed","medium","ok","ok","medium","medium",,"medium","medium","ok","ok","true","C7","C7: Below 4.0°C","REMIND-MAgPIE 2.1-4.2","EN_NPi2100","31.28686834761917","53.20743458827144","15.366352128225923","4.514043","3.20361072292057","3.20361072292057",,"ok","-2.697702504802294"
"477","ENGAGE-NPi2100","REMIND-MAgPIE 2.1-4.2","Final Energy|Residential and Commercial|Electricity","EJ/yr","[object Object]",2030,7.4971,"3.20361072292057","3.20361072292057","2100","4.514043","3647.1626236","GW7","failed","medium","ok","ok","medium","medium",,"medium","medium","ok","ok","true","C7","C7: Below 4.0°C","REMIND-MAgPIE 2.1-4.2","EN_NPi2100","31.28686834761917","53.20743458827144","15.366352128225923","4.514043","3.20361072292057","3.20361072292057",,"ok","-2.697702504802294"
"477","ENGAGE-NPi2100","REMIND-MAgPIE 2.1-4.2","Final Energy|Residential and Commercial|Electricity","EJ/yr","[object Object]",2035,7.8042,"3.20361072292057","3.20361072292057","2100","4.514043","3647.1626236","GW7","failed","medium","ok","ok","medium","medium",,"medium","medium","ok","ok","true","C7","C7: Below 4.0°C","REMIND-MAgPIE 2.1-4.2","EN_NPi2100","31.28686834761917","53.20743458827144","15.366352128225923","4.514043","3.20361072292057","3.20361072292057",,"ok","-2.697702504802294"
"477","ENGAGE-NPi2100","REMIND-MAgPIE 2.1-4.2","Final Energy|Residential and Commercial|Electricity","EJ/yr","[object Object]",2040,7.7615,"3.20361072292057","3.20361072292057","2100","4.514043","3647.1626236","GW7","failed","medium","ok","ok","medium","medium",,"medium","medium","ok","ok","true","C7","C7: Below 4.0°C","REMIND-MAgPIE 2.1-4.2","EN_NPi2100","31.28686834761917","53.20743458827144","15.366352128225923","4.514043","3.20361072292057","3.20361072292057",,"ok","-2.697702504802294"
"477","ENGAGE-NPi2100","REMIND-MAgPIE 2.1-4.2","Final Energy|Residential and Commercial|Electricity","EJ/yr","[object Object]",2045,7.8164,"3.20361072292057","3.20361072292057","2100","4.514043","3647.1626236","GW7","failed","medium","ok","ok","medium","medium",,"medium","medium","ok","ok","true","C7","C7: Below 4.0°C","REMIND-MAgPIE 2.1-4.2","EN_NPi2100","31.28686834761917","53.20743458827144","15.366352128225923","4.514043","3.20361072292057","3.20361072292057",,"ok","-2.697702504802294"
"477","ENGAGE-NPi2100","REMIND-MAgPIE 2.1-4.2","Final Energy|Residential and Commercial|Electricity","EJ/yr","[object Object]",2050,7.8841,"3.20361072292057","3.20361072292057","2100","4.514043","3647.1626236","GW7","failed","medium","ok","ok","medium","medium",,"medium","medium","ok","ok","true","C7","C7: Below 4.0°C","REMIND-MAgPIE 2.1-4.2","EN_NPi2100","31.28686834761917","53.20743458827144","15.366352128225923","4.514043","3.20361072292057","3.20361072292057",,"ok","-2.697702504802294"
"477","ENGAGE-NPi2100","REMIND-MAgPIE 2.1-4.2","Final Energy|Residential and Commercial|Electricity","EJ/yr","[object Object]",2055,7.9278,"3.20361072292057","3.20361072292057","2100","4.514043","3647.1626236","GW7","failed","medium","ok","ok","medium","medium",,"medium","medium","ok","ok","true","C7","C7: Below 4.0°C","REMIND-MAgPIE 2.1-4.2","EN_NPi2100","31.28686834761917","53.20743458827144","15.366352128225923","4.514043","3.20361072292057","3.20361072292057",,"ok","-2.697702504802294"
"477","ENGAGE-NPi2100","REMIND-MAgPIE 2.1-4.2","Final Energy|Residential and Commercial|Electricity","EJ/yr","[object Object]",2060,8.0321,"3.20361072292057","3.20361072292057","2100","4.514043","3647.1626236","GW7","failed","medium","ok","ok","medium","medium",,"medium","medium","ok","ok","true","C7","C7: Below 4.0°C","REMIND-MAgPIE 2.1-4.2","EN_NPi2100","31.28686834761917","53.20743458827144","15.366352128225923","4.514043","3.20361072292057","3.20361072292057",,"ok","-2.697702504802294"
"477","ENGAGE-NPi2100","REMIND-MAgPIE 2.1-4.2","Final Energy|Residential and Commercial|Electricity","EJ/yr","[object Object]",2070,8.5053,"3.20361072292057","3.20361072292057","2100","4.514043","3647.1626236","GW7","failed","medium","ok","ok","medium","medium",,"medium","medium","ok","ok","true","C7","C7: Below 4.0°C","REMIND-MAgPIE 2.1-4.2","EN_NPi2100","31.28686834761917","53.20743458827144","15.366352128225923","4.514043","3.20361072292057","3.20361072292057",,"ok","-2.697702504802294"
"477","ENGAGE-NPi2100","REMIND-MAgPIE 2.1-4.2","Final Energy|Residential and Commercial|Electricity","EJ/yr","[object Object]",2080,9.0369,"3.20361072292057","3.20361072292057","2100","4.514043","3647.1626236","GW7","failed","medium","ok","ok","medium","medium",,"medium","medium","ok","ok","true","C7","C7: Below 4.0°C","REMIND-MAgPIE 2.1-4.2","EN_NPi2100","31.28686834761917","53.20743458827144","15.366352128225923","4.514043","3.20361072292057","3.20361072292057",,"ok","-2.697702504802294"
"477","ENGAGE-NPi2100","REMIND-MAgPIE 2.1-4.2","Final Energy|Residential and Commercial|Electricity","EJ/yr","[object Object]",2090,9.5983,"3.20361072292057","3.20361072292057","2100","4.514043","3647.1626236","GW7","failed","medium","ok","ok","medium","medium",,"medium","medium","ok","ok","true","C7","C7: Below 4.0°C","REMIND-MAgPIE 2.1-4.2","EN_NPi2100","31.28686834761917","53.20743458827144","15.366352128225923","4.514043","3.20361072292057","3.20361072292057",,"ok","-2.697702504802294"
"477","ENGAGE-NPi2100","REMIND-MAgPIE 2.1-4.2","Final Energy|Residential and Commercial|Electricity","EJ/yr","[object Object]",2100,10.0963,"3.20361072292057","3.20361072292057","2100","4.514043","3647.1626236","GW7","failed","medium","ok","ok","medium","medium",,"medium","medium","ok","ok","true","C7","C7: Below 4.0°C","REMIND-MAgPIE 2.1-4.2","EN_NPi2100","31.28686834761917","53.20743458827144","15.366352128225923","4.514043","3.20361072292057","3.20361072292057",,"ok","-2.697702504802294"
"478","ENGAGE-NPi2100-COV","REMIND-MAgPIE 2.1-4.2","Final Energy|Residential and Commercial|Electricity","EJ/yr","[object Object]",2010,6.2612,"3.07062113951041","3.07062113951041","2100","5.407999049999999","3360.5389583","GW7","failed","medium","ok","ok","medium","medium",,"medium","medium","ok","ok","true","C7","C7: Below 4.0°C","REMIND-MAgPIE 2.1-4.2","EN_NPi2100_COV","29.126296307709605","55.6098560171699","15.122275737180127","5.407999049999999","3.07062113951041","3.07062113951041",,"ok","-2.7696817843137183"
"478","ENGAGE-NPi2100-COV","REMIND-MAgPIE 2.1-4.2","Final Energy|Residential and Commercial|Electricity","EJ/yr","[object Object]",2015,5.7956,"3.07062113951041","3.07062113951041","2100","5.407999049999999","3360.5389583","GW7","failed","medium","ok","ok","medium","medium",,"medium","medium","ok","ok","true","C7","C7: Below 4.0°C","REMIND-MAgPIE 2.1-4.2","EN_NPi2100_COV","29.126296307709605","55.6098560171699","15.122275737180127","5.407999049999999","3.07062113951041","3.07062113951041",,"ok","-2.7696817843137183"
"478","ENGAGE-NPi2100-COV","REMIND-MAgPIE 2.1-4.2","Final Energy|Residential and Commercial|Electricity","EJ/yr","[object Object]",2020,6.3761,"3.07062113951041","3.07062113951041","2100","5.407999049999999","3360.5389583","GW7","failed","medium","ok","ok","medium","medium",,"medium","medium","ok","ok","true","C7","C7: Below 4.0°C","REMIND-MAgPIE 2.1-4.2","EN_NPi2100_COV","29.126296307709605","55.6098560171699","15.122275737180127","5.407999049999999","3.07062113951041","3.07062113951041",,"ok","-2.7696817843137183"
"478","ENGAGE-NPi2100-COV","REMIND-MAgPIE 2.1-4.2","Final Energy|Residential and Commercial|Electricity","EJ/yr","[object Object]",2025,6.8758,"3.07062113951041","3.07062113951041","2100","5.407999049999999","3360.5389583","GW7","failed","medium","ok","ok","medium","medium",,"medium","medium","ok","ok","true","C7","C7: Below 4.0°C","REMIND-MAgPIE 2.1-4.2","EN_NPi2100_COV","29.126296307709605","55.6098560171699","15.122275737180127","5.407999049999999","3.07062113951041","3.07062113951041",,"ok","-2.7696817843137183"
"478","ENGAGE-NPi2100-COV","REMIND-MAgPIE 2.1-4.2","Final Energy|Residential and Commercial|Electricity","EJ/yr","[object Object]",2030,7.4194,"3.07062113951041","3.07062113951041","2100","5.407999049999999","3360.5389583","GW7","failed","medium","ok","ok","medium","medium",,"medium","medium","ok","ok","true","C7","C7: Below 4.0°C","REMIND-MAgPIE 2.1-4.2","EN_NPi2100_COV","29.126296307709605","55.6098560171699","15.122275737180127","5.407999049999999","3.07062113951041","3.07062113951041",,"ok","-2.7696817843137183"
"478","ENGAGE-NPi2100-COV","REMIND-MAgPIE 2.1-4.2","Final Energy|Residential and Commercial|Electricity","EJ/yr","[object Object]",2035,7.7243,"3.07062113951041","3.07062113951041","2100","5.407999049999999","3360.5389583","GW7","failed","medium","ok","ok","medium","medium",,"medium","medium","ok","ok","true","C7","C7: Below 4.0°C","REMIND-MAgPIE 2.1-4.2","EN_NPi2100_COV","29.126296307709605","55.6098560171699","15.122275737180127","5.407999049999999","3.07062113951041","3.07062113951041",,"ok","-2.7696817843137183"
"478","ENGAGE-NPi2100-COV","REMIND-MAgPIE 2.1-4.2","Final Energy|Residential and Commercial|Electricity","EJ/yr","[object Object]",2040,7.6542,"3.07062113951041","3.07062113951041","2100","5.407999049999999","3360.5389583","GW7","failed","medium","ok","ok","medium","medium",,"medium","medium","ok","ok","true","C7","C7: Below 4.0°C","REMIND-MAgPIE 2.1-4.2","EN_NPi2100_COV","29.126296307709605","55.6098560171699","15.122275737180127","5.407999049999999","3.07062113951041","3.07062113951041",,"ok","-2.7696817843137183"
"478","ENGAGE-NPi2100-COV","REMIND-MAgPIE 2.1-4.2","Final Energy|Residential and Commercial|Electricity","EJ/yr","[object Object]",2045,7.6154,"3.07062113951041","3.07062113951041","2100","5.407999049999999","3360.5389583","GW7","failed","medium","ok","ok","medium","medium",,"medium","medium","ok","ok","true","C7","C7: Below 4.0°C","REMIND-MAgPIE 2.1-4.2","EN_NPi2100_COV","29.126296307709605","55.6098560171699","15.122275737180127","5.407999049999999","3.07062113951041","3.07062113951041",,"ok","-2.7696817843137183"
"478","ENGAGE-NPi2100-COV","REMIND-MAgPIE 2.1-4.2","Final Energy|Residential and Commercial|Electricity","EJ/yr","[object Object]",2050,7.6228,"3.07062113951041","3.07062113951041","2100","5.407999049999999","3360.5389583","GW7","failed","medium","ok","ok","medium","medium",,"medium","medium","ok","ok","true","C7","C7: Below 4.0°C","REMIND-MAgPIE 2.1-4.2","EN_NPi2100_COV","29.126296307709605","55.6098560171699","15.122275737180127","5.407999049999999","3.07062113951041","3.07062113951041",,"ok","-2.7696817843137183"
"478","ENGAGE-NPi2100-COV","REMIND-MAgPIE 2.1-4.2","Final Energy|Residential and Commercial|Electricity","EJ/yr","[object Object]",2055,7.7059,"3.07062113951041","3.07062113951041","2100","5.407999049999999","3360.5389583","GW7","failed","medium","ok","ok","medium","medium",,"medium","medium","ok","ok","true","C7","C7: Below 4.0°C","REMIND-MAgPIE 2.1-4.2","EN_NPi2100_COV","29.126296307709605","55.6098560171699","15.122275737180127","5.407999049999999","3.07062113951041","3.07062113951041",,"ok","-2.7696817843137183"
"478","ENGAGE-NPi2100-COV","REMIND-MAgPIE 2.1-4.2","Final Energy|Residential and Commercial|Electricity","EJ/yr","[object Object]",2060,7.8846,"3.07062113951041","3.07062113951041","2100","5.407999049999999","3360.5389583","GW7","failed","medium","ok","ok","medium","medium",,"medium","medium","ok","ok","true","C7","C7: Below 4.0°C","REMIND-MAgPIE 2.1-4.2","EN_NPi2100_COV","29.126296307709605","55.6098560171699","15.122275737180127","5.407999049999999","3.07062113951041","3.07062113951041",,"ok","-2.7696817843137183"
"478","ENGAGE-NPi2100-COV","REMIND-MAgPIE 2.1-4.2","Final Energy|Residential and Commercial|Electricity","EJ/yr","[object Object]",2070,8.4163,"3.07062113951041","3.07062113951041","2100","5.407999049999999","3360.5389583","GW7","failed","medium","ok","ok","medium","medium",,"medium","medium","ok","ok","true","C7","C7: Below 4.0°C","REMIND-MAgPIE 2.1-4.2","EN_NPi2100_COV","29.126296307709605","55.6098560171699","15.122275737180127","5.407999049999999","3.07062113951041","3.07062113951041",,"ok","-2.7696817843137183"
"478","ENGAGE-NPi2100-COV","REMIND-MAgPIE 2.1-4.2","Final Energy|Residential and Commercial|Electricity","EJ/yr","[object Object]",2080,8.9157,"3.07062113951041","3.07062113951041","2100","5.407999049999999","3360.5389583","GW7","failed","medium","ok","ok","medium","medium",,"medium","medium","ok","ok","true","C7","C7: Below 4.0°C","REMIND-MAgPIE 2.1-4.2","EN_NPi2100_COV","29.126296307709605","55.6098560171699","15.122275737180127","5.407999049999999","3.07062113951041","3.07062113951041",,"ok","-2.7696817843137183"
"478","ENGAGE-NPi2100-COV","REMIND-MAgPIE 2.1-4.2","Final Energy|Residential and Commercial|Electricity","EJ/yr","[object Object]",2090,9.3733,"3.07062113951041","3.07062113951041","2100","5.407999049999999","3360.5389583","GW7","failed","medium","ok","ok","medium","medium",,"medium","medium","ok","ok","true","C7","C7: Below 4.0°C","REMIND-MAgPIE 2.1-4.2","EN_NPi2100_COV","29.126296307709605","55.6098560171699","15.122275737180127","5.407999049999999","3.07062113951041","3.07062113951041",,"ok","-2.7696817843137183"
"478","ENGAGE-NPi2100-COV","REMIND-MAgPIE 2.1-4.2","Final Energy|Residential and Commercial|Electricity","EJ/yr","[object Object]",2100,9.8797,"3.07062113951041","3.07062113951041","2100","5.407999049999999","3360.5389583","GW7","failed","medium","ok","ok","medium","medium",,"medium","medium","ok","ok","true","C7","C7: Below 4.0°C","REMIND-MAgPIE 2.1-4.2","EN_NPi2100_COV","29.126296307709605","55.6098560171699","15.122275737180127","5.407999049999999","3.07062113951041","3.07062113951041",,"ok","-2.7696817843137183"
"675","NGFS Phase 5-Current Policies","REMIND-MAgPIE 3.3-4.8","Final Energy|Residential and Commercial|Electricity","EJ/yr","[object Object]",2010,6.954959,"3.022987280524644","3.022987280524644","2100","2.7986503265500002","3329.3887294700503","GW7","ok","ok","ok","ok","ok","ok","medium","ok","ok","ok","ok",,"C7","C7: Below 4.0°C",,,"32.633338837053984","49.687049557153","17.12475363249095","2.7986503265500002","3.022987280524644","3.022987280524644","0.00343844","ok","-1.893145097071951"
"675","NGFS Phase 5-Current Policies","REMIND-MAgPIE 3.3-4.8","Final Energy|Residential and Commercial|Electricity","EJ/yr","[object Object]",2015,6.8264127,"3.022987280524644","3.022987280524644","2100","2.7986503265500002","3329.3887294700503","GW7","ok","ok","ok","ok","ok","ok","medium","ok","ok","ok","ok",,"C7","C7: Below 4.0°C",,,"32.633338837053984","49.687049557153","17.12475363249095","2.7986503265500002","3.022987280524644","3.022987280524644","0.00343844","ok","-1.893145097071951"
"675","NGFS Phase 5-Current Policies","REMIND-MAgPIE 3.3-4.8","Final Energy|Residential and Commercial|Electricity","EJ/yr","[object Object]",2020,7.386113699999999,"3.022987280524644","3.022987280524644","2100","2.7986503265500002","3329.3887294700503","GW7","ok","ok","ok","ok","ok","ok","medium","ok","ok","ok","ok",,"C7","C7: Below 4.0°C",,,"32.633338837053984","49.687049557153","17.12475363249095","2.7986503265500002","3.022987280524644","3.022987280524644","0.00343844","ok","-1.893145097071951"
"675","NGFS Phase 5-Current Policies","REMIND-MAgPIE 3.3-4.8","Final Energy|Residential and Commercial|Electricity","EJ/yr","[object Object]",2025,8.1742441,"3.022987280524644","3.022987280524644","2100","2.7986503265500002","3329.3887294700503","GW7","ok","ok","ok","ok","ok","ok","medium","ok","ok","ok","ok",,"C7","C7: Below 4.0°C",,,"32.633338837053984","49.687049557153","17.12475363249095","2.7986503265500002","3.022987280524644","3.022987280524644","0.00343844","ok","-1.893145097071951"
"675","NGFS Phase 5-Current Policies","REMIND-MAgPIE 3.3-4.8","Final Energy|Residential and Commercial|Electricity","EJ/yr","[object Object]",2030,8.748522300000001,"3.022987280524644","3.022987280524644","2100","2.7986503265500002","3329.3887294700503","GW7","ok","ok","ok","ok","ok","ok","medium","ok","ok","ok","ok",,"C7","C7: Below 4.0°C",,,"32.633338837053984","49.687049557153","17.12475363249095","2.7986503265500002","3.022987280524644","3.022987280524644","0.00343844","ok","-1.893145097071951"
"675","NGFS Phase 5-Current Policies","REMIND-MAgPIE 3.3-4.8","Final Energy|Residential and Commercial|Electricity","EJ/yr","[object Object]",2035,9.0846845,"3.022987280524644","3.022987280524644","2100","2.7986503265500002","3329.3887294700503","GW7","ok","ok","ok","ok","ok","ok","medium","ok","ok","ok","ok",,"C7","C7: Below 4.0°C",,,"32.633338837053984","49.687049557153","17.12475363249095","2.7986503265500002","3.022987280524644","3.022987280524644","0.00343844","ok","-1.893145097071951"
"675","NGFS Phase 5-Current Policies","REMIND-MAgPIE 3.3-4.8","Final Energy|Residential and Commercial|Electricity","EJ/yr","[object Object]",2040,9.2546801,"3.022987280524644","3.022987280524644","2100","2.7986503265500002","3329.3887294700503","GW7","ok","ok","ok","ok","ok","ok","medium","ok","ok","ok","ok",,"C7","C7: Below 4.0°C",,,"32.633338837053984","49.687049557153","17.12475363249095","2.7986503265500002","3.022987280524644","3.022987280524644","0.00343844","ok","-1.893145097071951"
"675","NGFS Phase 5-Current Policies","REMIND-MAgPIE 3.3-4.8","Final Energy|Residential and Commercial|Electricity","EJ/yr","[object Object]",2045,9.413537,"3.022987280524644","3.022987280524644","2100","2.7986503265500002","3329.3887294700503","GW7","ok","ok","ok","ok","ok","ok","medium","ok","ok","ok","ok",,"C7","C7: Below 4.0°C",,,"32.633338837053984","49.687049557153","17.12475363249095","2.7986503265500002","3.022987280524644","3.022987280524644","0.00343844","ok","-1.893145097071951"
"675","NGFS Phase 5-Current Policies","REMIND-MAgPIE 3.3-4.8","Final Energy|Residential and Commercial|Electricity","EJ/yr","[object Object]",2050,9.4279364,"3.022987280524644","3.022987280524644","2100","2.7986503265500002","3329.3887294700503","GW7","ok","ok","ok","ok","ok","ok","medium","ok","ok","ok","ok",,"C7","C7: Below 4.0°C",,,"32.633338837053984","49.687049557153","17.12475363249095","2.7986503265500002","3.022987280524644","3.022987280524644","0.00343844","ok","-1.893145097071951"
"675","NGFS Phase 5-Current Policies","REMIND-MAgPIE 3.3-4.8","Final Energy|Residential and Commercial|Electricity","EJ/yr","[object Object]",2055,9.330383999999999,"3.022987280524644","3.022987280524644","2100","2.7986503265500002","3329.3887294700503","GW7","ok","ok","ok","ok","ok","ok","medium","ok","ok","ok","ok",,"C7","C7: Below 4.0°C",,,"32.633338837053984","49.687049557153","17.12475363249095","2.7986503265500002","3.022987280524644","3.022987280524644","0.00343844","ok","-1.893145097071951"
"675","NGFS Phase 5-Current Policies","REMIND-MAgPIE 3.3-4.8","Final Energy|Residential and Commercial|Electricity","EJ/yr","[object Object]",2060,9.778702800000001,"3.022987280524644","3.022987280524644","2100","2.7986503265500002","3329.3887294700503","GW7","ok","ok","ok","ok","ok","ok","medium","ok","ok","ok","ok",,"C7","C7: Below 4.0°C",,,"32.633338837053984","49.687049557153","17.12475363249095","2.7986503265500002","3.022987280524644","3.022987280524644","0.00343844","ok","-1.893145097071951"
"675","NGFS Phase 5-Current Policies","REMIND-MAgPIE 3.3-4.8","Final Energy|Residential and Commercial|Electricity","EJ/yr","[object Object]",2070,9.971724,"3.022987280524644","3.022987280524644","2100","2.7986503265500002","3329.3887294700503","GW7","ok","ok","ok","ok","ok","ok","medium","ok","ok","ok","ok",,"C7","C7: Below 4.0°C",,,"32.633338837053984","49.687049557153","17.12475363249095","2.7986503265500002","3.022987280524644","3.022987280524644","0.00343844","ok","-1.893145097071951"
"675","NGFS Phase 5-Current Policies","REMIND-MAgPIE 3.3-4.8","Final Energy|Residential and Commercial|Electricity","EJ/yr","[object Object]",2080,10.885541100000001,"3.022987280524644","3.022987280524644","2100","2.7986503265500002","3329.3887294700503","GW7","ok","ok","ok","ok","ok","ok","medium","ok","ok","ok","ok",,"C7","C7: Below 4.0°C",,,"32.633338837053984","49.687049557153","17.12475363249095","2.7986503265500002","3.022987280524644","3.022987280524644","0.00343844","ok","-1.893145097071951"
"675","NGFS Phase 5-Current Policies","REMIND-MAgPIE 3.3-4.8","Final Energy|Residential and Commercial|Electricity","EJ/yr","[object Object]",2090,11.758338700000001,"3.022987280524644","3.022987280524644","2100","2.7986503265500002","3329.3887294700503","GW7","ok","ok","ok","ok","ok","ok","medium","ok","ok","ok","ok",,"C7","C7: Below 4.0°C",,,"32.633338837053984","49.687049557153","17.12475363249095","2.7986503265500002","3.022987280524644","3.022987280524644","0.00343844","ok","-1.893145097071951"
"675","NGFS Phase 5-Current Policies","REMIND-MAgPIE 3.3-4.8","Final Energy|Residential and Commercial|Electricity","EJ/yr","[object Object]",2100,12.440648600000001,"3.022987280524644","3.022987280524644","2100","2.7986503265500002","3329.3887294700503","GW7","ok","ok","ok","ok","ok","ok","medium","ok","ok","ok","ok",,"C7","C7: Below 4.0°C",,,"32.633338837053984","49.687049557153","17.12475363249095","2.7986503265500002","3.022987280524644","3.022987280524644","0.00343844","ok","-1.893145097071951"
"703","SHAPE-SSP2-NPi","IMAGE 3.3","Final Energy|Residential and Commercial|Electricity","EJ/yr","[object Object]",2010,6.14427940368652,"3.434989248372518","3.434989248372518","2100","2.3599893927751228","3956.7158325537102","GW7","failed","ok","ok","ok","ok","high","high","high","high","ok","medium",,"C7","C7: Below 4.0°C",,,"13.737255336090604","73.77439467728466","11.76765499336237","2.3599893927751228","3.434989248372518","3.434989248372518",,"ok","-2.953624299152793"
"703","SHAPE-SSP2-NPi","IMAGE 3.3","Final Energy|Residential and Commercial|Electricity","EJ/yr","[object Object]",2015,6.44576626586914,"3.434989248372518","3.434989248372518","2100","2.3599893927751228","3956.7158325537102","GW7","failed","ok","ok","ok","ok","high","high","high","high","ok","medium",,"C7","C7: Below 4.0°C",,,"13.737255336090604","73.77439467728466","11.76765499336237","2.3599893927751228","3.434989248372518","3.434989248372518",,"ok","-2.953624299152793"
"703","SHAPE-SSP2-NPi","IMAGE 3.3","Final Energy|Residential and Commercial|Electricity","EJ/yr","[object Object]",2020,5.89782159423828,"3.434989248372518","3.434989248372518","2100","2.3599893927751228","3956.7158325537102","GW7","failed","ok","ok","ok","ok","high","high","high","high","ok","medium",,"C7","C7: Below 4.0°C",,,"13.737255336090604","73.77439467728466","11.76765499336237","2.3599893927751228","3.434989248372518","3.434989248372518",,"ok","-2.953624299152793"
"703","SHAPE-SSP2-NPi","IMAGE 3.3","Final Energy|Residential and Commercial|Electricity","EJ/yr","[object Object]",2025,5.9846421661377,"3.434989248372518","3.434989248372518","2100","2.3599893927751228","3956.7158325537102","GW7","failed","ok","ok","ok","ok","high","high","high","high","ok","medium",,"C7","C7: Below 4.0°C",,,"13.737255336090604","73.77439467728466","11.76765499336237","2.3599893927751228","3.434989248372518","3.434989248372518",,"ok","-2.953624299152793"
"703","SHAPE-SSP2-NPi","IMAGE 3.3","Final Energy|Residential and Commercial|Electricity","EJ/yr","[object Object]",2030,5.55348359680176,"3.434989248372518","3.434989248372518","2100","2.3599893927751228","3956.7158325537102","GW7","failed","ok","ok","ok","ok","high","high","high","high","ok","medium",,"C7","C7: Below 4.0°C",,,"13.737255336090604","73.77439467728466","11.76765499336237","2.3599893927751228","3.434989248372518","3.434989248372518",,"ok","-2.953624299152793"
"703","SHAPE-SSP2-NPi","IMAGE 3.3","Final Energy|Residential and Commercial|Electricity","EJ/yr","[object Object]",2035,5.37363664245606,"3.434989248372518","3.434989248372518","2100","2.3599893927751228","3956.7158325537102","GW7","failed","ok","ok","ok","ok","high","high","high","high","ok","medium",,"C7","C7: Below 4.0°C",,,"13.737255336090604","73.77439467728466","11.76765499336237","2.3599893927751228","3.434989248372518","3.434989248372518",,"ok","-2.953624299152793"
"703","SHAPE-SSP2-NPi","IMAGE 3.3","Final Energy|Residential and Commercial|Electricity","EJ/yr","[object Object]",2040,5.56478175354004,"3.434989248372518","3.434989248372518","2100","2.3599893927751228","3956.7158325537102","GW7","failed","ok","ok","ok","ok","high","high","high","high","ok","medium",,"C7","C7: Below 4.0°C",,,"13.737255336090604","73.77439467728466","11.76765499336237","2.3599893927751228","3.434989248372518","3.434989248372518",,"ok","-2.953624299152793"
"703","SHAPE-SSP2-NPi","IMAGE 3.3","Final Energy|Residential and Commercial|Electricity","EJ/yr","[object Object]",2045,5.77692120361328,"3.434989248372518","3.434989248372518","2100","2.3599893927751228","3956.7158325537102","GW7","failed","ok","ok","ok","ok","high","high","high","high","ok","medium",,"C7","C7: Below 4.0°C",,,"13.737255336090604","73.77439467728466","11.76765499336237","2.3599893927751228","3.434989248372518","3.434989248372518",,"ok","-2.953624299152793"
"703","SHAPE-SSP2-NPi","IMAGE 3.3","Final Energy|Residential and Commercial|Electricity","EJ/yr","[object Object]",2050,6.07513565063477,"3.434989248372518","3.434989248372518","2100","2.3599893927751228","3956.7158325537102","GW7","failed","ok","ok","ok","ok","high","high","high","high","ok","medium",,"C7","C7: Below 4.0°C",,,"13.737255336090604","73.77439467728466","11.76765499336237","2.3599893927751228","3.434989248372518","3.434989248372518",,"ok","-2.953624299152793"
"703","SHAPE-SSP2-NPi","IMAGE 3.3","Final Energy|Residential and Commercial|Electricity","EJ/yr","[object Object]",2060,6.43117330932617,"3.434989248372518","3.434989248372518","2100","2.3599893927751228","3956.7158325537102","GW7","failed","ok","ok","ok","ok","high","high","high","high","ok","medium",,"C7","C7: Below 4.0°C",,,"13.737255336090604","73.77439467728466","11.76765499336237","2.3599893927751228","3.434989248372518","3.434989248372518",,"ok","-2.953624299152793"
"703","SHAPE-SSP2-NPi","IMAGE 3.3","Final Energy|Residential and Commercial|Electricity","EJ/yr","[object Object]",2070,6.6135087890625,"3.434989248372518","3.434989248372518","2100","2.3599893927751228","3956.7158325537102","GW7","failed","ok","ok","ok","ok","high","high","high","high","ok","medium",,"C7","C7: Below 4.0°C",,,"13.737255336090604","73.77439467728466","11.76765499336237","2.3599893927751228","3.434989248372518","3.434989248372518",,"ok","-2.953624299152793"
"703","SHAPE-SSP2-NPi","IMAGE 3.3","Final Energy|Residential and Commercial|Electricity","EJ/yr","[object Object]",2080,6.82017947387695,"3.434989248372518","3.434989248372518","2100","2.3599893927751228","3956.7158325537102","GW7","failed","ok","ok","ok","ok","high","high","high","high","ok","medium",,"C7","C7: Below 4.0°C",,,"13.737255336090604","73.77439467728466","11.76765499336237","2.3599893927751228","3.434989248372518","3.434989248372518",,"ok","-2.953624299152793"
"703","SHAPE-SSP2-NPi","IMAGE 3.3","Final Energy|Residential and Commercial|Electricity","EJ/yr","[object Object]",2090,6.97085418701172,"3.434989248372518","3.434989248372518","2100","2.3599893927751228","3956.7158325537102","GW7","failed","ok","ok","ok","ok","high","high","high","high","ok","medium",,"C7","C7: Below 4.0°C",,,"13.737255336090604","73.77439467728466","11.76765499336237","2.3599893927751228","3.434989248372518","3.434989248372518",,"ok","-2.953624299152793"
"703","SHAPE-SSP2-NPi","IMAGE 3.3","Final Energy|Residential and Commercial|Electricity","EJ/yr","[object Object]",2100,6.94907592773438,"3.434989248372518","3.434989248372518","2100","2.3599893927751228","3956.7158325537102","GW7","failed","ok","ok","ok","ok","high","high","high","high","ok","medium",,"C7","C7: Below 4.0°C",,,"13.737255336090604","73.77439467728466","11.76765499336237","2.3599893927751228","3.434989248372518","3.434989248372518",,"ok","-2.953624299152793"
"716","SHAPE-SSP2-NPi","REMIND-MAgPIE 3.2-4.6","Final Energy|Residential and Commercial|Electricity","EJ/yr","[object Object]",2010,6.165,"3.078019164693558","3.078019164693558","2100","1.13833135","3556.3248737000004","GW7","ok","medium","ok","ok","ok","ok","medium","medium","medium","ok","ok",,"C7","C7: Below 4.0°C",,,"31.293530068154762","50.11926046069798","17.931588051553703","1.13833135","3.078019164693558","3.078019164693558","0.003056737","ok","-2.663242050756395"
"716","SHAPE-SSP2-NPi","REMIND-MAgPIE 3.2-4.6","Final Energy|Residential and Commercial|Electricity","EJ/yr","[object Object]",2015,5.8224,"3.078019164693558","3.078019164693558","2100","1.13833135","3556.3248737000004","GW7","ok","medium","ok","ok","ok","ok","medium","medium","medium","ok","ok",,"C7","C7: Below 4.0°C",,,"31.293530068154762","50.11926046069798","17.931588051553703","1.13833135","3.078019164693558","3.078019164693558","0.003056737","ok","-2.663242050756395"
"716","SHAPE-SSP2-NPi","REMIND-MAgPIE 3.2-4.6","Final Energy|Residential and Commercial|Electricity","EJ/yr","[object Object]",2020,6.2528,"3.078019164693558","3.078019164693558","2100","1.13833135","3556.3248737000004","GW7","ok","medium","ok","ok","ok","ok","medium","medium","medium","ok","ok",,"C7","C7: Below 4.0°C",,,"31.293530068154762","50.11926046069798","17.931588051553703","1.13833135","3.078019164693558","3.078019164693558","0.003056737","ok","-2.663242050756395"
"716","SHAPE-SSP2-NPi","REMIND-MAgPIE 3.2-4.6","Final Energy|Residential and Commercial|Electricity","EJ/yr","[object Object]",2025,6.7163,"3.078019164693558","3.078019164693558","2100","1.13833135","3556.3248737000004","GW7","ok","medium","ok","ok","ok","ok","medium","medium","medium","ok","ok",,"C7","C7: Below 4.0°C",,,"31.293530068154762","50.11926046069798","17.931588051553703","1.13833135","3.078019164693558","3.078019164693558","0.003056737","ok","-2.663242050756395"
"716","SHAPE-SSP2-NPi","REMIND-MAgPIE 3.2-4.6","Final Energy|Residential and Commercial|Electricity","EJ/yr","[object Object]",2030,7.2597,"3.078019164693558","3.078019164693558","2100","1.13833135","3556.3248737000004","GW7","ok","medium","ok","ok","ok","ok","medium","medium","medium","ok","ok",,"C7","C7: Below 4.0°C",,,"31.293530068154762","50.11926046069798","17.931588051553703","1.13833135","3.078019164693558","3.078019164693558","0.003056737","ok","-2.663242050756395"
"716","SHAPE-SSP2-NPi","REMIND-MAgPIE 3.2-4.6","Final Energy|Residential and Commercial|Electricity","EJ/yr","[object Object]",2035,7.5592,"3.078019164693558","3.078019164693558","2100","1.13833135","3556.3248737000004","GW7","ok","medium","ok","ok","ok","ok","medium","medium","medium","ok","ok",,"C7","C7: Below 4.0°C",,,"31.293530068154762","50.11926046069798","17.931588051553703","1.13833135","3.078019164693558","3.078019164693558","0.003056737","ok","-2.663242050756395"
"716","SHAPE-SSP2-NPi","REMIND-MAgPIE 3.2-4.6","Final Energy|Residential and Commercial|Electricity","EJ/yr","[object Object]",2040,7.5661,"3.078019164693558","3.078019164693558","2100","1.13833135","3556.3248737000004","GW7","ok","medium","ok","ok","ok","ok","medium","medium","medium","ok","ok",,"C7","C7: Below 4.0°C",,,"31.293530068154762","50.11926046069798","17.931588051553703","1.13833135","3.078019164693558","3.078019164693558","0.003056737","ok","-2.663242050756395"
"716","SHAPE-SSP2-NPi","REMIND-MAgPIE 3.2-4.6","Final Energy|Residential and Commercial|Electricity","EJ/yr","[object Object]",2045,7.6379,"3.078019164693558","3.078019164693558","2100","1.13833135","3556.3248737000004","GW7","ok","medium","ok","ok","ok","ok","medium","medium","medium","ok","ok",,"C7","C7: Below 4.0°C",,,"31.293530068154762","50.11926046069798","17.931588051553703","1.13833135","3.078019164693558","3.078019164693558","0.003056737","ok","-2.663242050756395"
"716","SHAPE-SSP2-NPi","REMIND-MAgPIE 3.2-4.6","Final Energy|Residential and Commercial|Electricity","EJ/yr","[object Object]",2050,7.5944,"3.078019164693558","3.078019164693558","2100","1.13833135","3556.3248737000004","GW7","ok","medium","ok","ok","ok","ok","medium","medium","medium","ok","ok",,"C7","C7: Below 4.0°C",,,"31.293530068154762","50.11926046069798","17.931588051553703","1.13833135","3.078019164693558","3.078019164693558","0.003056737","ok","-2.663242050756395"
"716","SHAPE-SSP2-NPi","REMIND-MAgPIE 3.2-4.6","Final Energy|Residential and Commercial|Electricity","EJ/yr","[object Object]",2055,7.4068,"3.078019164693558","3.078019164693558","2100","1.13833135","3556.3248737000004","GW7","ok","medium","ok","ok","ok","ok","medium","medium","medium","ok","ok",,"C7","C7: Below 4.0°C",,,"31.293530068154762","50.11926046069798","17.931588051553703","1.13833135","3.078019164693558","3.078019164693558","0.003056737","ok","-2.663242050756395"
"716","SHAPE-SSP2-NPi","REMIND-MAgPIE 3.2-4.6","Final Energy|Residential and Commercial|Electricity","EJ/yr","[object Object]",2060,7.4145,"3.078019164693558","3.078019164693558","2100","1.13833135","3556.3248737000004","GW7","ok","medium","ok","ok","ok","ok","medium","medium","medium","ok","ok",,"C7","C7: Below 4.0°C",,,"31.293530068154762","50.11926046069798","17.931588051553703","1.13833135","3.078019164693558","3.078019164693558","0.003056737","ok","-2.663242050756395"
"716","SHAPE-SSP2-NPi","REMIND-MAgPIE 3.2-4.6","Final Energy|Residential and Commercial|Electricity","EJ/yr","[object Object]",2070,7.8043,"3.078019164693558","3.078019164693558","2100","1.13833135","3556.3248737000004","GW7","ok","medium","ok","ok","ok","ok","medium","medium","medium","ok","ok",,"C7","C7: Below 4.0°C",,,"31.293530068154762","50.11926046069798","17.931588051553703","1.13833135","3.078019164693558","3.078019164693558","0.003056737","ok","-2.663242050756395"
"716","SHAPE-SSP2-NPi","REMIND-MAgPIE 3.2-4.6","Final Energy|Residential and Commercial|Electricity","EJ/yr","[object Object]",2080,8.518,"3.078019164693558","3.078019164693558","2100","1.13833135","3556.3248737000004","GW7","ok","medium","ok","ok","ok","ok","medium","medium","medium","ok","ok",,"C7","C7: Below 4.0°C",,,"31.293530068154762","50.11926046069798","17.931588051553703","1.13833135","3.078019164693558","3.078019164693558","0.003056737","ok","-2.663242050756395"
"716","SHAPE-SSP2-NPi","REMIND-MAgPIE 3.2-4.6","Final Energy|Residential and Commercial|Electricity","EJ/yr","[object Object]",2090,9.0688,"3.078019164693558","3.078019164693558","2100","1.13833135","3556.3248737000004","GW7","ok","medium","ok","ok","ok","ok","medium","medium","medium","ok","ok",,"C7","C7: Below 4.0°C",,,"31.293530068154762","50.11926046069798","17.931588051553703","1.13833135","3.078019164693558","3.078019164693558","0.003056737","ok","-2.663242050756395"
"716","SHAPE-SSP2-NPi","REMIND-MAgPIE 3.2-4.6","Final Energy|Residential and Commercial|Electricity","EJ/yr","[object Object]",2100,9.7194,"3.078019164693558","3.078019164693558","2100","1.13833135","3556.3248737000004","GW7","ok","medium","ok","ok","ok","ok","medium","medium","medium","ok","ok",,"C7","C7: Below 4.0°C",,,"31.293530068154762","50.11926046069798","17.931588051553703","1.13833135","3.078019164693558","3.078019164693558","0.003056737","ok","-2.663242050756395"
"760","NAVIGATE Demand-NPi-ref","IMAGE 3.3","Final Energy|Residential and Commercial|Electricity","EJ/yr","[object Object]",2010,6.230867309570312,"3.012874384765144","3.012874384765144","2100","39.11383026494805","3606.8686456729492","GW7","ok","medium","ok","ok","ok","ok","high","medium","high","ok","medium",,"C7","C7: Below 4.0°C",,,"14.744279312175482","72.32641992255414","12.24062520655093","39.11383026494805","3.012874384765144","3.012874384765144","0.002707468","ok","1.2918861218121265"
"760","NAVIGATE Demand-NPi-ref","IMAGE 3.3","Final Energy|Residential and Commercial|Electricity","EJ/yr","[object Object]",2015,6.521964080810546,"3.012874384765144","3.012874384765144","2100","39.11383026494805","3606.8686456729492","GW7","ok","medium","ok","ok","ok","ok","high","medium","high","ok","medium",,"C7","C7: Below 4.0°C",,,"14.744279312175482","72.32641992255414","12.24062520655093","39.11383026494805","3.012874384765144","3.012874384765144","0.002707468","ok","1.2918861218121265"
"760","NAVIGATE Demand-NPi-ref","IMAGE 3.3","Final Energy|Residential and Commercial|Electricity","EJ/yr","[object Object]",2020,6.014376907348633,"3.012874384765144","3.012874384765144","2100","39.11383026494805","3606.8686456729492","GW7","ok","medium","ok","ok","ok","ok","high","medium","high","ok","medium",,"C7","C7: Below 4.0°C",,,"14.744279312175482","72.32641992255414","12.24062520655093","39.11383026494805","3.012874384765144","3.012874384765144","0.002707468","ok","1.2918861218121265"
"760","NAVIGATE Demand-NPi-ref","IMAGE 3.3","Final Energy|Residential and Commercial|Electricity","EJ/yr","[object Object]",2025,6.012057479858399,"3.012874384765144","3.012874384765144","2100","39.11383026494805","3606.8686456729492","GW7","ok","medium","ok","ok","ok","ok","high","medium","high","ok","medium",,"C7","C7: Below 4.0°C",,,"14.744279312175482","72.32641992255414","12.24062520655093","39.11383026494805","3.012874384765144","3.012874384765144","0.002707468","ok","1.2918861218121265"
"760","NAVIGATE Demand-NPi-ref","IMAGE 3.3","Final Energy|Residential and Commercial|Electricity","EJ/yr","[object Object]",2030,5.555340209960937,"3.012874384765144","3.012874384765144","2100","39.11383026494805","3606.8686456729492","GW7","ok","medium","ok","ok","ok","ok","high","medium","high","ok","medium",,"C7","C7: Below 4.0°C",,,"14.744279312175482","72.32641992255414","12.24062520655093","39.11383026494805","3.012874384765144","3.012874384765144","0.002707468","ok","1.2918861218121265"
"760","NAVIGATE Demand-NPi-ref","IMAGE 3.3","Final Energy|Residential and Commercial|Electricity","EJ/yr","[object Object]",2035,5.356394058227539,"3.012874384765144","3.012874384765144","2100","39.11383026494805","3606.8686456729492","GW7","ok","medium","ok","ok","ok","ok","high","medium","high","ok","medium",,"C7","C7: Below 4.0°C",,,"14.744279312175482","72.32641992255414","12.24062520655093","39.11383026494805","3.012874384765144","3.012874384765144","0.002707468","ok","1.2918861218121265"
"760","NAVIGATE Demand-NPi-ref","IMAGE 3.3","Final Energy|Residential and Commercial|Electricity","EJ/yr","[object Object]",2040,5.508457366943359,"3.012874384765144","3.012874384765144","2100","39.11383026494805","3606.8686456729492","GW7","ok","medium","ok","ok","ok","ok","high","medium","high","ok","medium",,"C7","C7: Below 4.0°C",,,"14.744279312175482","72.32641992255414","12.24062520655093","39.11383026494805","3.012874384765144","3.012874384765144","0.002707468","ok","1.2918861218121265"
"760","NAVIGATE Demand-NPi-ref","IMAGE 3.3","Final Energy|Residential and Commercial|Electricity","EJ/yr","[object Object]",2045,5.675618499755859,"3.012874384765144","3.012874384765144","2100","39.11383026494805","3606.8686456729492","GW7","ok","medium","ok","ok","ok","ok","high","medium","high","ok","medium",,"C7","C7: Below 4.0°C",,,"14.744279312175482","72.32641992255414","12.24062520655093","39.11383026494805","3.012874384765144","3.012874384765144","0.002707468","ok","1.2918861218121265"
"760","NAVIGATE Demand-NPi-ref","IMAGE 3.3","Final Energy|Residential and Commercial|Electricity","EJ/yr","[object Object]",2050,5.911398925781251,"3.012874384765144","3.012874384765144","2100","39.11383026494805","3606.8686456729492","GW7","ok","medium","ok","ok","ok","ok","high","medium","high","ok","medium",,"C7","C7: Below 4.0°C",,,"14.744279312175482","72.32641992255414","12.24062520655093","39.11383026494805","3.012874384765144","3.012874384765144","0.002707468","ok","1.2918861218121265"
"760","NAVIGATE Demand-NPi-ref","IMAGE 3.3","Final Energy|Residential and Commercial|Electricity","EJ/yr","[object Object]",2060,6.1788583984375,"3.012874384765144","3.012874384765144","2100","39.11383026494805","3606.8686456729492","GW7","ok","medium","ok","ok","ok","ok","high","medium","high","ok","medium",,"C7","C7: Below 4.0°C",,,"14.744279312175482","72.32641992255414","12.24062520655093","39.11383026494805","3.012874384765144","3.012874384765144","0.002707468","ok","1.2918861218121265"
"760","NAVIGATE Demand-NPi-ref","IMAGE 3.3","Final Energy|Residential and Commercial|Electricity","EJ/yr","[object Object]",2070,6.341341033935547,"3.012874384765144","3.012874384765144","2100","39.11383026494805","3606.8686456729492","GW7","ok","medium","ok","ok","ok","ok","high","medium","high","ok","medium",,"C7","C7: Below 4.0°C",,,"14.744279312175482","72.32641992255414","12.24062520655093","39.11383026494805","3.012874384765144","3.012874384765144","0.002707468","ok","1.2918861218121265"
"760","NAVIGATE Demand-NPi-ref","IMAGE 3.3","Final Energy|Residential and Commercial|Electricity","EJ/yr","[object Object]",2080,6.506355224609375,"3.012874384765144","3.012874384765144","2100","39.11383026494805","3606.8686456729492","GW7","ok","medium","ok","ok","ok","ok","high","medium","high","ok","medium",,"C7","C7: Below 4.0°C",,,"14.744279312175482","72.32641992255414","12.24062520655093","39.11383026494805","3.012874384765144","3.012874384765144","0.002707468","ok","1.2918861218121265"
"760","NAVIGATE Demand-NPi-ref","IMAGE 3.3","Final Energy|Residential and Commercial|Electricity","EJ/yr","[object Object]",2090,6.618728790283203,"3.012874384765144","3.012874384765144","2100","39.11383026494805","3606.8686456729492","GW7","ok","medium","ok","ok","ok","ok","high","medium","high","ok","medium",,"C7","C7: Below 4.0°C",,,"14.744279312175482","72.32641992255414","12.24062520655093","39.11383026494805","3.012874384765144","3.012874384765144","0.002707468","ok","1.2918861218121265"
"760","NAVIGATE Demand-NPi-ref","IMAGE 3.3","Final Energy|Residential and Commercial|Electricity","EJ/yr","[object Object]",2100,6.621103454589844,"3.012874384765144","3.012874384765144","2100","39.11383026494805","3606.8686456729492","GW7","ok","medium","ok","ok","ok","ok","high","medium","high","ok","medium",,"C7","C7: Below 4.0°C",,,"14.744279312175482","72.32641992255414","12.24062520655093","39.11383026494805","3.012874384765144","3.012874384765144","0.002707468","ok","1.2918861218121265"
"793","NAVIGATE Demand-NPi-act","WITCH 5.0","Final Energy|Residential and Commercial|Electricity","EJ/yr","[object Object]",2010,6.43298014248,"3.009481241743437","3.009481241743437","2100","13.177215658453763","2533.9271161220486","GW7","ok","medium","ok","ok","ok","ok","high","medium","medium","ok","ok",,"C7","C7: Below 4.0°C",,,"29.882484517297197","61.684551011664254","4.8975507742530695","13.177215658453763","3.009481241743437","3.009481241743437","0.003579724","ok","-0.23924073447709304"
"793","NAVIGATE Demand-NPi-act","WITCH 5.0","Final Energy|Residential and Commercial|Electricity","EJ/yr","[object Object]",2015,6.380132032615,"3.009481241743437","3.009481241743437","2100","13.177215658453763","2533.9271161220486","GW7","ok","medium","ok","ok","ok","ok","high","medium","medium","ok","ok",,"C7","C7: Below 4.0°C",,,"29.882484517297197","61.684551011664254","4.8975507742530695","13.177215658453763","3.009481241743437","3.009481241743437","0.003579724","ok","-0.23924073447709304"
"793","NAVIGATE Demand-NPi-act","WITCH 5.0","Final Energy|Residential and Commercial|Electricity","EJ/yr","[object Object]",2020,6.78697592116171,"3.009481241743437","3.009481241743437","2100","13.177215658453763","2533.9271161220486","GW7","ok","medium","ok","ok","ok","ok","high","medium","medium","ok","ok",,"C7","C7: Below 4.0°C",,,"29.882484517297197","61.684551011664254","4.8975507742530695","13.177215658453763","3.009481241743437","3.009481241743437","0.003579724","ok","-0.23924073447709304"
"793","NAVIGATE Demand-NPi-act","WITCH 5.0","Final Energy|Residential and Commercial|Electricity","EJ/yr","[object Object]",2025,6.84834904568604,"3.009481241743437","3.009481241743437","2100","13.177215658453763","2533.9271161220486","GW7","ok","medium","ok","ok","ok","ok","high","medium","medium","ok","ok",,"C7","C7: Below 4.0°C",,,"29.882484517297197","61.684551011664254","4.8975507742530695","13.177215658453763","3.009481241743437","3.009481241743437","0.003579724","ok","-0.23924073447709304"
"793","NAVIGATE Demand-NPi-act","WITCH 5.0","Final Energy|Residential and Commercial|Electricity","EJ/yr","[object Object]",2030,6.75163471043232,"3.009481241743437","3.009481241743437","2100","13.177215658453763","2533.9271161220486","GW7","ok","medium","ok","ok","ok","ok","high","medium","medium","ok","ok",,"C7","C7: Below 4.0°C",,,"29.882484517297197","61.684551011664254","4.8975507742530695","13.177215658453763","3.009481241743437","3.009481241743437","0.003579724","ok","-0.23924073447709304"
"793","NAVIGATE Demand-NPi-act","WITCH 5.0","Final Energy|Residential and Commercial|Electricity","EJ/yr","[object Object]",2035,6.75256386001952,"3.009481241743437","3.009481241743437","2100","13.177215658453763","2533.9271161220486","GW7","ok","medium","ok","ok","ok","ok","high","medium","medium","ok","ok",,"C7","C7: Below 4.0°C",,,"29.882484517297197","61.684551011664254","4.8975507742530695","13.177215658453763","3.009481241743437","3.009481241743437","0.003579724","ok","-0.23924073447709304"
"793","NAVIGATE Demand-NPi-act","WITCH 5.0","Final Energy|Residential and Commercial|Electricity","EJ/yr","[object Object]",2040,6.69404012011417,"3.009481241743437","3.009481241743437","2100","13.177215658453763","2533.9271161220486","GW7","ok","medium","ok","ok","ok","ok","high","medium","medium","ok","ok",,"C7","C7: Below 4.0°C",,,"29.882484517297197","61.684551011664254","4.8975507742530695","13.177215658453763","3.009481241743437","3.009481241743437","0.003579724","ok","-0.23924073447709304"
"793","NAVIGATE Demand-NPi-act","WITCH 5.0","Final Energy|Residential and Commercial|Electricity","EJ/yr","[object Object]",2045,6.63435247716444,"3.009481241743437","3.009481241743437","2100","13.177215658453763","2533.9271161220486","GW7","ok","medium","ok","ok","ok","ok","high","medium","medium","ok","ok",,"C7","C7: Below 4.0°C",,,"29.882484517297197","61.684551011664254","4.8975507742530695","13.177215658453763","3.009481241743437","3.009481241743437","0.003579724","ok","-0.23924073447709304"
"793","NAVIGATE Demand-NPi-act","WITCH 5.0","Final Energy|Residential and Commercial|Electricity","EJ/yr","[object Object]",2050,6.60865624120543,"3.009481241743437","3.009481241743437","2100","13.177215658453763","2533.9271161220486","GW7","ok","medium","ok","ok","ok","ok","high","medium","medium","ok","ok",,"C7","C7: Below 4.0°C",,,"29.882484517297197","61.684551011664254","4.8975507742530695","13.177215658453763","3.009481241743437","3.009481241743437","0.003579724","ok","-0.23924073447709304"
"793","NAVIGATE Demand-NPi-act","WITCH 5.0","Final Energy|Residential and Commercial|Electricity","EJ/yr","[object Object]",2055,6.68272331225631,"3.009481241743437","3.009481241743437","2100","13.177215658453763","2533.9271161220486","GW7","ok","medium","ok","ok","ok","ok","high","medium","medium","ok","ok",,"C7","C7: Below 4.0°C",,,"29.882484517297197","61.684551011664254","4.8975507742530695","13.177215658453763","3.009481241743437","3.009481241743437","0.003579724","ok","-0.23924073447709304"
"793","NAVIGATE Demand-NPi-act","WITCH 5.0","Final Energy|Residential and Commercial|Electricity","EJ/yr","[object Object]",2060,6.80250152121023,"3.009481241743437","3.009481241743437","2100","13.177215658453763","2533.9271161220486","GW7","ok","medium","ok","ok","ok","ok","high","medium","medium","ok","ok",,"C7","C7: Below 4.0°C",,,"29.882484517297197","61.684551011664254","4.8975507742530695","13.177215658453763","3.009481241743437","3.009481241743437","0.003579724","ok","-0.23924073447709304"
"793","NAVIGATE Demand-NPi-act","WITCH 5.0","Final Energy|Residential and Commercial|Electricity","EJ/yr","[object Object]",2065,6.96374113730714,"3.009481241743437","3.009481241743437","2100","13.177215658453763","2533.9271161220486","GW7","ok","medium","ok","ok","ok","ok","high","medium","medium","ok","ok",,"C7","C7: Below 4.0°C",,,"29.882484517297197","61.684551011664254","4.8975507742530695","13.177215658453763","3.009481241743437","3.009481241743437","0.003579724","ok","-0.23924073447709304"
"793","NAVIGATE Demand-NPi-act","WITCH 5.0","Final Energy|Residential and Commercial|Electricity","EJ/yr","[object Object]",2070,7.1632067346844,"3.009481241743437","3.009481241743437","2100","13.177215658453763","2533.9271161220486","GW7","ok","medium","ok","ok","ok","ok","high","medium","medium","ok","ok",,"C7","C7: Below 4.0°C",,,"29.882484517297197","61.684551011664254","4.8975507742530695","13.177215658453763","3.009481241743437","3.009481241743437","0.003579724","ok","-0.23924073447709304"
"793","NAVIGATE Demand-NPi-act","WITCH 5.0","Final Energy|Residential and Commercial|Electricity","EJ/yr","[object Object]",2075,7.3936559393555,"3.009481241743437","3.009481241743437","2100","13.177215658453763","2533.9271161220486","GW7","ok","medium","ok","ok","ok","ok","high","medium","medium","ok","ok",,"C7","C7: Below 4.0°C",,,"29.882484517297197","61.684551011664254","4.8975507742530695","13.177215658453763","3.009481241743437","3.009481241743437","0.003579724","ok","-0.23924073447709304"
"793","NAVIGATE Demand-NPi-act","WITCH 5.0","Final Energy|Residential and Commercial|Electricity","EJ/yr","[object Object]",2080,7.61823438280999,"3.009481241743437","3.009481241743437","2100","13.177215658453763","2533.9271161220486","GW7","ok","medium","ok","ok","ok","ok","high","medium","medium","ok","ok",,"C7","C7: Below 4.0°C",,,"29.882484517297197","61.684551011664254","4.8975507742530695","13.177215658453763","3.009481241743437","3.009481241743437","0.003579724","ok","-0.23924073447709304"
"793","NAVIGATE Demand-NPi-act","WITCH 5.0","Final Energy|Residential and Commercial|Electricity","EJ/yr","[object Object]",2085,7.83722751817251,"3.009481241743437","3.009481241743437","2100","13.177215658453763","2533.9271161220486","GW7","ok","medium","ok","ok","ok","ok","high","medium","medium","ok","ok",,"C7","C7: Below 4.0°C",,,"29.882484517297197","61.684551011664254","4.8975507742530695","13.177215658453763","3.009481241743437","3.009481241743437","0.003579724","ok","-0.23924073447709304"
"793","NAVIGATE Demand-NPi-act","WITCH 5.0","Final Energy|Residential and Commercial|Electricity","EJ/yr","[object Object]",2090,8.04902015844731,"3.009481241743437","3.009481241743437","2100","13.177215658453763","2533.9271161220486","GW7","ok","medium","ok","ok","ok","ok","high","medium","medium","ok","ok",,"C7","C7: Below 4.0°C",,,"29.882484517297197","61.684551011664254","4.8975507742530695","13.177215658453763","3.009481241743437","3.009481241743437","0.003579724","ok","-0.23924073447709304"
"793","NAVIGATE Demand-NPi-act","WITCH 5.0","Final Energy|Residential and Commercial|Electricity","EJ/yr","[object Object]",2095,8.24903812364708,"3.009481241743437","3.009481241743437","2100","13.177215658453763","2533.9271161220486","GW7","ok","medium","ok","ok","ok","ok","high","medium","medium","ok","ok",,"C7","C7: Below 4.0°C",,,"29.882484517297197","61.684551011664254","4.8975507742530695","13.177215658453763","3.009481241743437","3.009481241743437","0.003579724","ok","-0.23924073447709304"
"793","NAVIGATE Demand-NPi-act","WITCH 5.0","Final Energy|Residential and Commercial|Electricity","EJ/yr","[object Object]",2100,8.41671821080078,"3.009481241743437","3.009481241743437","2100","13.177215658453763","2533.9271161220486","GW7","ok","medium","ok","ok","ok","ok","high","medium","medium","ok","ok",,"C7","C7: Below 4.0°C",,,"29.882484517297197","61.684551011664254","4.8975507742530695","13.177215658453763","3.009481241743437","3.009481241743437","0.003579724","ok","-0.23924073447709304"
"796","NAVIGATE Demand-NPi-ref","WITCH 5.0","Final Energy|Residential and Commercial|Electricity","EJ/yr","[object Object]",2010,6.43298014248,"3.097550762885774","3.097550762885774","2100","11.909154682382104","2704.2194854604536","GW7","ok","medium","ok","ok","ok","ok","high","medium","medium","ok","ok",,"C7","C7: Below 4.0°C",,,"29.621342817732216","63.237535893241606","4.147296507440166","11.909154682382104","3.097550762885774","3.097550762885774","0.003579977","ok","-0.18175189455027407"
"796","NAVIGATE Demand-NPi-ref","WITCH 5.0","Final Energy|Residential and Commercial|Electricity","EJ/yr","[object Object]",2015,6.380132032615,"3.097550762885774","3.097550762885774","2100","11.909154682382104","2704.2194854604536","GW7","ok","medium","ok","ok","ok","ok","high","medium","medium","ok","ok",,"C7","C7: Below 4.0°C",,,"29.621342817732216","63.237535893241606","4.147296507440166","11.909154682382104","3.097550762885774","3.097550762885774","0.003579977","ok","-0.18175189455027407"
"796","NAVIGATE Demand-NPi-ref","WITCH 5.0","Final Energy|Residential and Commercial|Electricity","EJ/yr","[object Object]",2020,6.78697592116171,"3.097550762885774","3.097550762885774","2100","11.909154682382104","2704.2194854604536","GW7","ok","medium","ok","ok","ok","ok","high","medium","medium","ok","ok",,"C7","C7: Below 4.0°C",,,"29.621342817732216","63.237535893241606","4.147296507440166","11.909154682382104","3.097550762885774","3.097550762885774","0.003579977","ok","-0.18175189455027407"
"796","NAVIGATE Demand-NPi-ref","WITCH 5.0","Final Energy|Residential and Commercial|Electricity","EJ/yr","[object Object]",2025,6.78553084139681,"3.097550762885774","3.097550762885774","2100","11.909154682382104","2704.2194854604536","GW7","ok","medium","ok","ok","ok","ok","high","medium","medium","ok","ok",,"C7","C7: Below 4.0°C",,,"29.621342817732216","63.237535893241606","4.147296507440166","11.909154682382104","3.097550762885774","3.097550762885774","0.003579977","ok","-0.18175189455027407"
"796","NAVIGATE Demand-NPi-ref","WITCH 5.0","Final Energy|Residential and Commercial|Electricity","EJ/yr","[object Object]",2030,7.11184157893456,"3.097550762885774","3.097550762885774","2100","11.909154682382104","2704.2194854604536","GW7","ok","medium","ok","ok","ok","ok","high","medium","medium","ok","ok",,"C7","C7: Below 4.0°C",,,"29.621342817732216","63.237535893241606","4.147296507440166","11.909154682382104","3.097550762885774","3.097550762885774","0.003579977","ok","-0.18175189455027407"
"796","NAVIGATE Demand-NPi-ref","WITCH 5.0","Final Energy|Residential and Commercial|Electricity","EJ/yr","[object Object]",2035,7.26425556435602,"3.097550762885774","3.097550762885774","2100","11.909154682382104","2704.2194854604536","GW7","ok","medium","ok","ok","ok","ok","high","medium","medium","ok","ok",,"C7","C7: Below 4.0°C",,,"29.621342817732216","63.237535893241606","4.147296507440166","11.909154682382104","3.097550762885774","3.097550762885774","0.003579977","ok","-0.18175189455027407"
"796","NAVIGATE Demand-NPi-ref","WITCH 5.0","Final Energy|Residential and Commercial|Electricity","EJ/yr","[object Object]",2040,7.43611200110397,"3.097550762885774","3.097550762885774","2100","11.909154682382104","2704.2194854604536","GW7","ok","medium","ok","ok","ok","ok","high","medium","medium","ok","ok",,"C7","C7: Below 4.0°C",,,"29.621342817732216","63.237535893241606","4.147296507440166","11.909154682382104","3.097550762885774","3.097550762885774","0.003579977","ok","-0.18175189455027407"
"796","NAVIGATE Demand-NPi-ref","WITCH 5.0","Final Energy|Residential and Commercial|Electricity","EJ/yr","[object Object]",2045,7.49707962167991,"3.097550762885774","3.097550762885774","2100","11.909154682382104","2704.2194854604536","GW7","ok","medium","ok","ok","ok","ok","high","medium","medium","ok","ok",,"C7","C7: Below 4.0°C",,,"29.621342817732216","63.237535893241606","4.147296507440166","11.909154682382104","3.097550762885774","3.097550762885774","0.003579977","ok","-0.18175189455027407"
"796","NAVIGATE Demand-NPi-ref","WITCH 5.0","Final Energy|Residential and Commercial|Electricity","EJ/yr","[object Object]",2050,7.5757671863646,"3.097550762885774","3.097550762885774","2100","11.909154682382104","2704.2194854604536","GW7","ok","medium","ok","ok","ok","ok","high","medium","medium","ok","ok",,"C7","C7: Below 4.0°C",,,"29.621342817732216","63.237535893241606","4.147296507440166","11.909154682382104","3.097550762885774","3.097550762885774","0.003579977","ok","-0.18175189455027407"
"796","NAVIGATE Demand-NPi-ref","WITCH 5.0","Final Energy|Residential and Commercial|Electricity","EJ/yr","[object Object]",2055,7.70921522862694,"3.097550762885774","3.097550762885774","2100","11.909154682382104","2704.2194854604536","GW7","ok","medium","ok","ok","ok","ok","high","medium","medium","ok","ok",,"C7","C7: Below 4.0°C",,,"29.621342817732216","63.237535893241606","4.147296507440166","11.909154682382104","3.097550762885774","3.097550762885774","0.003579977","ok","-0.18175189455027407"
"796","NAVIGATE Demand-NPi-ref","WITCH 5.0","Final Energy|Residential and Commercial|Electricity","EJ/yr","[object Object]",2060,7.89525455287675,"3.097550762885774","3.097550762885774","2100","11.909154682382104","2704.2194854604536","GW7","ok","medium","ok","ok","ok","ok","high","medium","medium","ok","ok",,"C7","C7: Below 4.0°C",,,"29.621342817732216","63.237535893241606","4.147296507440166","11.909154682382104","3.097550762885774","3.097550762885774","0.003579977","ok","-0.18175189455027407"
"796","NAVIGATE Demand-NPi-ref","WITCH 5.0","Final Energy|Residential and Commercial|Electricity","EJ/yr","[object Object]",2065,8.11453834328009,"3.097550762885774","3.097550762885774","2100","11.909154682382104","2704.2194854604536","GW7","ok","medium","ok","ok","ok","ok","high","medium","medium","ok","ok",,"C7","C7: Below 4.0°C",,,"29.621342817732216","63.237535893241606","4.147296507440166","11.909154682382104","3.097550762885774","3.097550762885774","0.003579977","ok","-0.18175189455027407"
"796","NAVIGATE Demand-NPi-ref","WITCH 5.0","Final Energy|Residential and Commercial|Electricity","EJ/yr","[object Object]",2070,8.37196271755075,"3.097550762885774","3.097550762885774","2100","11.909154682382104","2704.2194854604536","GW7","ok","medium","ok","ok","ok","ok","high","medium","medium","ok","ok",,"C7","C7: Below 4.0°C",,,"29.621342817732216","63.237535893241606","4.147296507440166","11.909154682382104","3.097550762885774","3.097550762885774","0.003579977","ok","-0.18175189455027407"
"796","NAVIGATE Demand-NPi-ref","WITCH 5.0","Final Energy|Residential and Commercial|Electricity","EJ/yr","[object Object]",2075,8.67680179306682,"3.097550762885774","3.097550762885774","2100","11.909154682382104","2704.2194854604536","GW7","ok","medium","ok","ok","ok","ok","high","medium","medium","ok","ok",,"C7","C7: Below 4.0°C",,,"29.621342817732216","63.237535893241606","4.147296507440166","11.909154682382104","3.097550762885774","3.097550762885774","0.003579977","ok","-0.18175189455027407"
"796","NAVIGATE Demand-NPi-ref","WITCH 5.0","Final Energy|Residential and Commercial|Electricity","EJ/yr","[object Object]",2080,8.96345449899382,"3.097550762885774","3.097550762885774","2100","11.909154682382104","2704.2194854604536","GW7","ok","medium","ok","ok","ok","ok","high","medium","medium","ok","ok",,"C7","C7: Below 4.0°C",,,"29.621342817732216","63.237535893241606","4.147296507440166","11.909154682382104","3.097550762885774","3.097550762885774","0.003579977","ok","-0.18175189455027407"
"796","NAVIGATE Demand-NPi-ref","WITCH 5.0","Final Energy|Residential and Commercial|Electricity","EJ/yr","[object Object]",2085,9.23955961260005,"3.097550762885774","3.097550762885774","2100","11.909154682382104","2704.2194854604536","GW7","ok","medium","ok","ok","ok","ok","high","medium","medium","ok","ok",,"C7","C7: Below 4.0°C",,,"29.621342817732216","63.237535893241606","4.147296507440166","11.909154682382104","3.097550762885774","3.097550762885774","0.003579977","ok","-0.18175189455027407"
"796","NAVIGATE Demand-NPi-ref","WITCH 5.0","Final Energy|Residential and Commercial|Electricity","EJ/yr","[object Object]",2090,9.49776545613116,"3.097550762885774","3.097550762885774","2100","11.909154682382104","2704.2194854604536","GW7","ok","medium","ok","ok","ok","ok","high","medium","medium","ok","ok",,"C7","C7: Below 4.0°C",,,"29.621342817732216","63.237535893241606","4.147296507440166","11.909154682382104","3.097550762885774","3.097550762885774","0.003579977","ok","-0.18175189455027407"
"796","NAVIGATE Demand-NPi-ref","WITCH 5.0","Final Energy|Residential and Commercial|Electricity","EJ/yr","[object Object]",2095,9.72598510991639,"3.097550762885774","3.097550762885774","2100","11.909154682382104","2704.2194854604536","GW7","ok","medium","ok","ok","ok","ok","high","medium","medium","ok","ok",,"C7","C7: Below 4.0°C",,,"29.621342817732216","63.237535893241606","4.147296507440166","11.909154682382104","3.097550762885774","3.097550762885774","0.003579977","ok","-0.18175189455027407"
"796","NAVIGATE Demand-NPi-ref","WITCH 5.0","Final Energy|Residential and Commercial|Electricity","EJ/yr","[object Object]",2100,9.93325062383264,"3.097550762885774","3.097550762885774","2100","11.909154682382104","2704.2194854604536","GW7","ok","medium","ok","ok","ok","ok","high","medium","medium","ok","ok",,"C7","C7: Below 4.0°C",,,"29.621342817732216","63.237535893241606","4.147296507440166","11.909154682382104","3.097550762885774","3.097550762885774","0.003579977","ok","-0.18175189455027407"
"797","NAVIGATE Demand-NPi-tec","WITCH 5.0","Final Energy|Residential and Commercial|Electricity","EJ/yr","[object Object]",2010,6.43298014248,"3.031352315612578","3.031352315612578","2100","13.535900777178998","2584.6071051638064","GW7","failed","medium","ok","ok","ok","ok","high","medium","medium","ok","ok",,"C7","C7: Below 4.0°C",,,"30.092397110456414","61.12681172324851","5.172574835608593","13.535900777178998","3.031352315612578","3.031352315612578",,"ok","-0.21615588858797707"
"797","NAVIGATE Demand-NPi-tec","WITCH 5.0","Final Energy|Residential and Commercial|Electricity","EJ/yr","[object Object]",2015,6.380132032615,"3.031352315612578","3.031352315612578","2100","13.535900777178998","2584.6071051638064","GW7","failed","medium","ok","ok","ok","ok","high","medium","medium","ok","ok",,"C7","C7: Below 4.0°C",,,"30.092397110456414","61.12681172324851","5.172574835608593","13.535900777178998","3.031352315612578","3.031352315612578",,"ok","-0.21615588858797707"
"797","NAVIGATE Demand-NPi-tec","WITCH 5.0","Final Energy|Residential and Commercial|Electricity","EJ/yr","[object Object]",2020,6.78697592116171,"3.031352315612578","3.031352315612578","2100","13.535900777178998","2584.6071051638064","GW7","failed","medium","ok","ok","ok","ok","high","medium","medium","ok","ok",,"C7","C7: Below 4.0°C",,,"30.092397110456414","61.12681172324851","5.172574835608593","13.535900777178998","3.031352315612578","3.031352315612578",,"ok","-0.21615588858797707"
"797","NAVIGATE Demand-NPi-tec","WITCH 5.0","Final Energy|Residential and Commercial|Electricity","EJ/yr","[object Object]",2025,6.52406270545151,"3.031352315612578","3.031352315612578","2100","13.535900777178998","2584.6071051638064","GW7","failed","medium","ok","ok","ok","ok","high","medium","medium","ok","ok",,"C7","C7: Below 4.0°C",,,"30.092397110456414","61.12681172324851","5.172574835608593","13.535900777178998","3.031352315612578","3.031352315612578",,"ok","-0.21615588858797707"
"797","NAVIGATE Demand-NPi-tec","WITCH 5.0","Final Energy|Residential and Commercial|Electricity","EJ/yr","[object Object]",2030,6.452623255266729,"3.031352315612578","3.031352315612578","2100","13.535900777178998","2584.6071051638064","GW7","failed","medium","ok","ok","ok","ok","high","medium","medium","ok","ok",,"C7","C7: Below 4.0°C",,,"30.092397110456414","61.12681172324851","5.172574835608593","13.535900777178998","3.031352315612578","3.031352315612578",,"ok","-0.21615588858797707"
"797","NAVIGATE Demand-NPi-tec","WITCH 5.0","Final Energy|Residential and Commercial|Electricity","EJ/yr","[object Object]",2035,6.78991538290272,"3.031352315612578","3.031352315612578","2100","13.535900777178998","2584.6071051638064","GW7","failed","medium","ok","ok","ok","ok","high","medium","medium","ok","ok",,"C7","C7: Below 4.0°C",,,"30.092397110456414","61.12681172324851","5.172574835608593","13.535900777178998","3.031352315612578","3.031352315612578",,"ok","-0.21615588858797707"
"797","NAVIGATE Demand-NPi-tec","WITCH 5.0","Final Energy|Residential and Commercial|Electricity","EJ/yr","[object Object]",2040,6.6772002523464,"3.031352315612578","3.031352315612578","2100","13.535900777178998","2584.6071051638064","GW7","failed","medium","ok","ok","ok","ok","high","medium","medium","ok","ok",,"C7","C7: Below 4.0°C",,,"30.092397110456414","61.12681172324851","5.172574835608593","13.535900777178998","3.031352315612578","3.031352315612578",,"ok","-0.21615588858797707"
"797","NAVIGATE Demand-NPi-tec","WITCH 5.0","Final Energy|Residential and Commercial|Electricity","EJ/yr","[object Object]",2045,6.54941923062047,"3.031352315612578","3.031352315612578","2100","13.535900777178998","2584.6071051638064","GW7","failed","medium","ok","ok","ok","ok","high","medium","medium","ok","ok",,"C7","C7: Below 4.0°C",,,"30.092397110456414","61.12681172324851","5.172574835608593","13.535900777178998","3.031352315612578","3.031352315612578",,"ok","-0.21615588858797707"
"797","NAVIGATE Demand-NPi-tec","WITCH 5.0","Final Energy|Residential and Commercial|Electricity","EJ/yr","[object Object]",2050,6.46591839303212,"3.031352315612578","3.031352315612578","2100","13.535900777178998","2584.6071051638064","GW7","failed","medium","ok","ok","ok","ok","high","medium","medium","ok","ok",,"C7","C7: Below 4.0°C",,,"30.092397110456414","61.12681172324851","5.172574835608593","13.535900777178998","3.031352315612578","3.031352315612578",,"ok","-0.21615588858797707"
"797","NAVIGATE Demand-NPi-tec","WITCH 5.0","Final Energy|Residential and Commercial|Electricity","EJ/yr","[object Object]",2055,6.46078985532288,"3.031352315612578","3.031352315612578","2100","13.535900777178998","2584.6071051638064","GW7","failed","medium","ok","ok","ok","ok","high","medium","medium","ok","ok",,"C7","C7: Below 4.0°C",,,"30.092397110456414","61.12681172324851","5.172574835608593","13.535900777178998","3.031352315612578","3.031352315612578",,"ok","-0.21615588858797707"
"797","NAVIGATE Demand-NPi-tec","WITCH 5.0","Final Energy|Residential and Commercial|Electricity","EJ/yr","[object Object]",2060,6.53293084609316,"3.031352315612578","3.031352315612578","2100","13.535900777178998","2584.6071051638064","GW7","failed","medium","ok","ok","ok","ok","high","medium","medium","ok","ok",,"C7","C7: Below 4.0°C",,,"30.092397110456414","61.12681172324851","5.172574835608593","13.535900777178998","3.031352315612578","3.031352315612578",,"ok","-0.21615588858797707"
"797","NAVIGATE Demand-NPi-tec","WITCH 5.0","Final Energy|Residential and Commercial|Electricity","EJ/yr","[object Object]",2065,6.65015984089267,"3.031352315612578","3.031352315612578","2100","13.535900777178998","2584.6071051638064","GW7","failed","medium","ok","ok","ok","ok","high","medium","medium","ok","ok",,"C7","C7: Below 4.0°C",,,"30.092397110456414","61.12681172324851","5.172574835608593","13.535900777178998","3.031352315612578","3.031352315612578",,"ok","-0.21615588858797707"
"797","NAVIGATE Demand-NPi-tec","WITCH 5.0","Final Energy|Residential and Commercial|Electricity","EJ/yr","[object Object]",2070,6.83350768205724,"3.031352315612578","3.031352315612578","2100","13.535900777178998","2584.6071051638064","GW7","failed","medium","ok","ok","ok","ok","high","medium","medium","ok","ok",,"C7","C7: Below 4.0°C",,,"30.092397110456414","61.12681172324851","5.172574835608593","13.535900777178998","3.031352315612578","3.031352315612578",,"ok","-0.21615588858797707"
"797","NAVIGATE Demand-NPi-tec","WITCH 5.0","Final Energy|Residential and Commercial|Electricity","EJ/yr","[object Object]",2075,7.05149481534592,"3.031352315612578","3.031352315612578","2100","13.535900777178998","2584.6071051638064","GW7","failed","medium","ok","ok","ok","ok","high","medium","medium","ok","ok",,"C7","C7: Below 4.0°C",,,"30.092397110456414","61.12681172324851","5.172574835608593","13.535900777178998","3.031352315612578","3.031352315612578",,"ok","-0.21615588858797707"
"797","NAVIGATE Demand-NPi-tec","WITCH 5.0","Final Energy|Residential and Commercial|Electricity","EJ/yr","[object Object]",2080,7.23701125137003,"3.031352315612578","3.031352315612578","2100","13.535900777178998","2584.6071051638064","GW7","failed","medium","ok","ok","ok","ok","high","medium","medium","ok","ok",,"C7","C7: Below 4.0°C",,,"30.092397110456414","61.12681172324851","5.172574835608593","13.535900777178998","3.031352315612578","3.031352315612578",,"ok","-0.21615588858797707"
"797","NAVIGATE Demand-NPi-tec","WITCH 5.0","Final Energy|Residential and Commercial|Electricity","EJ/yr","[object Object]",2085,7.4198670641521,"3.031352315612578","3.031352315612578","2100","13.535900777178998","2584.6071051638064","GW7","failed","medium","ok","ok","ok","ok","high","medium","medium","ok","ok",,"C7","C7: Below 4.0°C",,,"30.092397110456414","61.12681172324851","5.172574835608593","13.535900777178998","3.031352315612578","3.031352315612578",,"ok","-0.21615588858797707"
"797","NAVIGATE Demand-NPi-tec","WITCH 5.0","Final Energy|Residential and Commercial|Electricity","EJ/yr","[object Object]",2090,7.60060000023579,"3.031352315612578","3.031352315612578","2100","13.535900777178998","2584.6071051638064","GW7","failed","medium","ok","ok","ok","ok","high","medium","medium","ok","ok",,"C7","C7: Below 4.0°C",,,"30.092397110456414","61.12681172324851","5.172574835608593","13.535900777178998","3.031352315612578","3.031352315612578",,"ok","-0.21615588858797707"
"797","NAVIGATE Demand-NPi-tec","WITCH 5.0","Final Energy|Residential and Commercial|Electricity","EJ/yr","[object Object]",2095,7.76582573549271,"3.031352315612578","3.031352315612578","2100","13.535900777178998","2584.6071051638064","GW7","failed","medium","ok","ok","ok","ok","high","medium","medium","ok","ok",,"C7","C7: Below 4.0°C",,,"30.092397110456414","61.12681172324851","5.172574835608593","13.535900777178998","3.031352315612578","3.031352315612578",,"ok","-0.21615588858797707"
"797","NAVIGATE Demand-NPi-tec","WITCH 5.0","Final Energy|Residential and Commercial|Electricity","EJ/yr","[object Object]",2100,7.90644715987021,"3.031352315612578","3.031352315612578","2100","13.535900777178998","2584.6071051638064","GW7","failed","medium","ok","ok","ok","ok","high","medium","medium","ok","ok",,"C7","C7: Below 4.0°C",,,"30.092397110456414","61.12681172324851","5.172574835608593","13.535900777178998","3.031352315612578","3.031352315612578",,"ok","-0.21615588858797707"
"831","CD-LINKS-INDCi","REMIND-MAgPIE 1.7-3.0","Final Energy|Residential and Commercial|Electricity","EJ/yr","[object Object]",2010,6.0979,"3.086378782979385","3.086378782979385","2100","225.14197600000003","3646.8439691","GW7","failed","ok","ok","ok","medium","ok",,"medium","medium","ok","ok","true","C7","C7: Below 4.0°C","REMIND-MAgPIE 1.7-3.0","CD-LINKS_INDCi","33.51714738057543","54.007255347768634","8.006624447962668","225.14197600000003","3.086378782979385","3.086378782979385",,,"-1.0454081873806729"
"831","CD-LINKS-INDCi","REMIND-MAgPIE 1.7-3.0","Final Energy|Residential and Commercial|Electricity","EJ/yr","[object Object]",2015,6.3838,"3.086378782979385","3.086378782979385","2100","225.14197600000003","3646.8439691","GW7","failed","ok","ok","ok","medium","ok",,"medium","medium","ok","ok","true","C7","C7: Below 4.0°C","REMIND-MAgPIE 1.7-3.0","CD-LINKS_INDCi","33.51714738057543","54.007255347768634","8.006624447962668","225.14197600000003","3.086378782979385","3.086378782979385",,,"-1.0454081873806729"
"831","CD-LINKS-INDCi","REMIND-MAgPIE 1.7-3.0","Final Energy|Residential and Commercial|Electricity","EJ/yr","[object Object]",2020,7.2262,"3.086378782979385","3.086378782979385","2100","225.14197600000003","3646.8439691","GW7","failed","ok","ok","ok","medium","ok",,"medium","medium","ok","ok","true","C7","C7: Below 4.0°C","REMIND-MAgPIE 1.7-3.0","CD-LINKS_INDCi","33.51714738057543","54.007255347768634","8.006624447962668","225.14197600000003","3.086378782979385","3.086378782979385",,,"-1.0454081873806729"
"831","CD-LINKS-INDCi","REMIND-MAgPIE 1.7-3.0","Final Energy|Residential and Commercial|Electricity","EJ/yr","[object Object]",2025,7.6554,"3.086378782979385","3.086378782979385","2100","225.14197600000003","3646.8439691","GW7","failed","ok","ok","ok","medium","ok",,"medium","medium","ok","ok","true","C7","C7: Below 4.0°C","REMIND-MAgPIE 1.7-3.0","CD-LINKS_INDCi","33.51714738057543","54.007255347768634","8.006624447962668","225.14197600000003","3.086378782979385","3.086378782979385",,,"-1.0454081873806729"
"831","CD-LINKS-INDCi","REMIND-MAgPIE 1.7-3.0","Final Energy|Residential and Commercial|Electricity","EJ/yr","[object Object]",2030,8.6802,"3.086378782979385","3.086378782979385","2100","225.14197600000003","3646.8439691","GW7","failed","ok","ok","ok","medium","ok",,"medium","medium","ok","ok","true","C7","C7: Below 4.0°C","REMIND-MAgPIE 1.7-3.0","CD-LINKS_INDCi","33.51714738057543","54.007255347768634","8.006624447962668","225.14197600000003","3.086378782979385","3.086378782979385",,,"-1.0454081873806729"
"831","CD-LINKS-INDCi","REMIND-MAgPIE 1.7-3.0","Final Energy|Residential and Commercial|Electricity","EJ/yr","[object Object]",2035,9.7846,"3.086378782979385","3.086378782979385","2100","225.14197600000003","3646.8439691","GW7","failed","ok","ok","ok","medium","ok",,"medium","medium","ok","ok","true","C7","C7: Below 4.0°C","REMIND-MAgPIE 1.7-3.0","CD-LINKS_INDCi","33.51714738057543","54.007255347768634","8.006624447962668","225.14197600000003","3.086378782979385","3.086378782979385",,,"-1.0454081873806729"
"831","CD-LINKS-INDCi","REMIND-MAgPIE 1.7-3.0","Final Energy|Residential and Commercial|Electricity","EJ/yr","[object Object]",2040,10.8081,"3.086378782979385","3.086378782979385","2100","225.14197600000003","3646.8439691","GW7","failed","ok","ok","ok","medium","ok",,"medium","medium","ok","ok","true","C7","C7: Below 4.0°C","REMIND-MAgPIE 1.7-3.0","CD-LINKS_INDCi","33.51714738057543","54.007255347768634","8.006624447962668","225.14197600000003","3.086378782979385","3.086378782979385",,,"-1.0454081873806729"
"831","CD-LINKS-INDCi","REMIND-MAgPIE 1.7-3.0","Final Energy|Residential and Commercial|Electricity","EJ/yr","[object Object]",2045,11.7907,"3.086378782979385","3.086378782979385","2100","225.14197600000003","3646.8439691","GW7","failed","ok","ok","ok","medium","ok",,"medium","medium","ok","ok","true","C7","C7: Below 4.0°C","REMIND-MAgPIE 1.7-3.0","CD-LINKS_INDCi","33.51714738057543","54.007255347768634","8.006624447962668","225.14197600000003","3.086378782979385","3.086378782979385",,,"-1.0454081873806729"
"831","CD-LINKS-INDCi","REMIND-MAgPIE 1.7-3.0","Final Energy|Residential and Commercial|Electricity","EJ/yr","[object Object]",2050,12.5084,"3.086378782979385","3.086378782979385","2100","225.14197600000003","3646.8439691","GW7","failed","ok","ok","ok","medium","ok",,"medium","medium","ok","ok","true","C7","C7: Below 4.0°C","REMIND-MAgPIE 1.7-3.0","CD-LINKS_INDCi","33.51714738057543","54.007255347768634","8.006624447962668","225.14197600000003","3.086378782979385","3.086378782979385",,,"-1.0454081873806729"
"831","CD-LINKS-INDCi","REMIND-MAgPIE 1.7-3.0","Final Energy|Residential and Commercial|Electricity","EJ/yr","[object Object]",2055,13.1207,"3.086378782979385","3.086378782979385","2100","225.14197600000003","3646.8439691","GW7","failed","ok","ok","ok","medium","ok",,"medium","medium","ok","ok","true","C7","C7: Below 4.0°C","REMIND-MAgPIE 1.7-3.0","CD-LINKS_INDCi","33.51714738057543","54.007255347768634","8.006624447962668","225.14197600000003","3.086378782979385","3.086378782979385",,,"-1.0454081873806729"
"831","CD-LINKS-INDCi","REMIND-MAgPIE 1.7-3.0","Final Energy|Residential and Commercial|Electricity","EJ/yr","[object Object]",2060,13.7037,"3.086378782979385","3.086378782979385","2100","225.14197600000003","3646.8439691","GW7","failed","ok","ok","ok","medium","ok",,"medium","medium","ok","ok","true","C7","C7: Below 4.0°C","REMIND-MAgPIE 1.7-3.0","CD-LINKS_INDCi","33.51714738057543","54.007255347768634","8.006624447962668","225.14197600000003","3.086378782979385","3.086378782979385",,,"-1.0454081873806729"
"831","CD-LINKS-INDCi","REMIND-MAgPIE 1.7-3.0","Final Energy|Residential and Commercial|Electricity","EJ/yr","[object Object]",2070,14.8664,"3.086378782979385","3.086378782979385","2100","225.14197600000003","3646.8439691","GW7","failed","ok","ok","ok","medium","ok",,"medium","medium","ok","ok","true","C7","C7: Below 4.0°C","REMIND-MAgPIE 1.7-3.0","CD-LINKS_INDCi","33.51714738057543","54.007255347768634","8.006624447962668","225.14197600000003","3.086378782979385","3.086378782979385",,,"-1.0454081873806729"
"831","CD-LINKS-INDCi","REMIND-MAgPIE 1.7-3.0","Final Energy|Residential and Commercial|Electricity","EJ/yr","[object Object]",2080,15.9065,"3.086378782979385","3.086378782979385","2100","225.14197600000003","3646.8439691","GW7","failed","ok","ok","ok","medium","ok",,"medium","medium","ok","ok","true","C7","C7: Below 4.0°C","REMIND-MAgPIE 1.7-3.0","CD-LINKS_INDCi","33.51714738057543","54.007255347768634","8.006624447962668","225.14197600000003","3.086378782979385","3.086378782979385",,,"-1.0454081873806729"
"831","CD-LINKS-INDCi","REMIND-MAgPIE 1.7-3.0","Final Energy|Residential and Commercial|Electricity","EJ/yr","[object Object]",2090,16.7585,"3.086378782979385","3.086378782979385","2100","225.14197600000003","3646.8439691","GW7","failed","ok","ok","ok","medium","ok",,"medium","medium","ok","ok","true","C7","C7: Below 4.0°C","REMIND-MAgPIE 1.7-3.0","CD-LINKS_INDCi","33.51714738057543","54.007255347768634","8.006624447962668","225.14197600000003","3.086378782979385","3.086378782979385",,,"-1.0454081873806729"
"831","CD-LINKS-INDCi","REMIND-MAgPIE 1.7-3.0","Final Energy|Residential and Commercial|Electricity","EJ/yr","[object Object]",2100,17.7273,"3.086378782979385","3.086378782979385","2100","225.14197600000003","3646.8439691","GW7","failed","ok","ok","ok","medium","ok",,"medium","medium","ok","ok","true","C7","C7: Below 4.0°C","REMIND-MAgPIE 1.7-3.0","CD-LINKS_INDCi","33.51714738057543","54.007255347768634","8.006624447962668","225.14197600000003","3.086378782979385","3.086378782979385",,,"-1.0454081873806729"
"874","COMMIT-Baseline","COFFEE 1.1","Final Energy|Residential and Commercial|Electricity","EJ/yr","[object Object]",2010,6.483391631999999,"3.243941518506729","3.243941518506729","2100","0","4372.66338837775","GW7","failed","medium","ok","ok","medium","high","ok","high","ok","ok","medium","true","C7","C7: Below 4.0°C","COFFEE 1.1","CO_BAU","15.306725514245729","79.35619912487294","1.180977131216342","0","3.243941518506729","3.243941518506729",,,"-2.882698059344378"
"874","COMMIT-Baseline","COFFEE 1.1","Final Energy|Residential and Commercial|Electricity","EJ/yr","[object Object]",2015,6.3393257232,"3.243941518506729","3.243941518506729","2100","0","4372.66338837775","GW7","failed","medium","ok","ok","medium","high","ok","high","ok","ok","medium","true","C7","C7: Below 4.0°C","COFFEE 1.1","CO_BAU","15.306725514245729","79.35619912487294","1.180977131216342","0","3.243941518506729","3.243941518506729",,,"-2.882698059344378"
"874","COMMIT-Baseline","COFFEE 1.1","Final Energy|Residential and Commercial|Electricity","EJ/yr","[object Object]",2020,6.8413189248,"3.243941518506729","3.243941518506729","2100","0","4372.66338837775","GW7","failed","medium","ok","ok","medium","high","ok","high","ok","ok","medium","true","C7","C7: Below 4.0°C","COFFEE 1.1","CO_BAU","15.306725514245729","79.35619912487294","1.180977131216342","0","3.243941518506729","3.243941518506729",,,"-2.882698059344378"
"874","COMMIT-Baseline","COFFEE 1.1","Final Energy|Residential and Commercial|Electricity","EJ/yr","[object Object]",2025,7.956687326399999,"3.243941518506729","3.243941518506729","2100","0","4372.66338837775","GW7","failed","medium","ok","ok","medium","high","ok","high","ok","ok","medium","true","C7","C7: Below 4.0°C","COFFEE 1.1","CO_BAU","15.306725514245729","79.35619912487294","1.180977131216342","0","3.243941518506729","3.243941518506729",,,"-2.882698059344378"
"874","COMMIT-Baseline","COFFEE 1.1","Final Energy|Residential and Commercial|Electricity","EJ/yr","[object Object]",2030,9.1035318096,"3.243941518506729","3.243941518506729","2100","0","4372.66338837775","GW7","failed","medium","ok","ok","medium","high","ok","high","ok","ok","medium","true","C7","C7: Below 4.0°C","COFFEE 1.1","CO_BAU","15.306725514245729","79.35619912487294","1.180977131216342","0","3.243941518506729","3.243941518506729",,,"-2.882698059344378"
"874","COMMIT-Baseline","COFFEE 1.1","Final Energy|Residential and Commercial|Electricity","EJ/yr","[object Object]",2035,10.5649258176,"3.243941518506729","3.243941518506729","2100","0","4372.66338837775","GW7","failed","medium","ok","ok","medium","high","ok","high","ok","ok","medium","true","C7","C7: Below 4.0°C","COFFEE 1.1","CO_BAU","15.306725514245729","79.35619912487294","1.180977131216342","0","3.243941518506729","3.243941518506729",,,"-2.882698059344378"
"874","COMMIT-Baseline","COFFEE 1.1","Final Energy|Residential and Commercial|Electricity","EJ/yr","[object Object]",2040,12.1232614896,"3.243941518506729","3.243941518506729","2100","0","4372.66338837775","GW7","failed","medium","ok","ok","medium","high","ok","high","ok","ok","medium","true","C7","C7: Below 4.0°C","COFFEE 1.1","CO_BAU","15.306725514245729","79.35619912487294","1.180977131216342","0","3.243941518506729","3.243941518506729",,,"-2.882698059344378"
"874","COMMIT-Baseline","COFFEE 1.1","Final Energy|Residential and Commercial|Electricity","EJ/yr","[object Object]",2045,13.7611088784,"3.243941518506729","3.243941518506729","2100","0","4372.66338837775","GW7","failed","medium","ok","ok","medium","high","ok","high","ok","ok","medium","true","C7","C7: Below 4.0°C","COFFEE 1.1","CO_BAU","15.306725514245729","79.35619912487294","1.180977131216342","0","3.243941518506729","3.243941518506729",,,"-2.882698059344378"
"874","COMMIT-Baseline","COFFEE 1.1","Final Energy|Residential and Commercial|Electricity","EJ/yr","[object Object]",2050,15.47542476,"3.243941518506729","3.243941518506729","2100","0","4372.66338837775","GW7","failed","medium","ok","ok","medium","high","ok","high","ok","ok","medium","true","C7","C7: Below 4.0°C","COFFEE 1.1","CO_BAU","15.306725514245729","79.35619912487294","1.180977131216342","0","3.243941518506729","3.243941518506729",,,"-2.882698059344378"
"874","COMMIT-Baseline","COFFEE 1.1","Final Energy|Residential and Commercial|Electricity","EJ/yr","[object Object]",2060,16.4196315216,"3.243941518506729","3.243941518506729","2100","0","4372.66338837775","GW7","failed","medium","ok","ok","medium","high","ok","high","ok","ok","medium","true","C7","C7: Below 4.0°C","COFFEE 1.1","CO_BAU","15.306725514245729","79.35619912487294","1.180977131216342","0","3.243941518506729","3.243941518506729",,,"-2.882698059344378"
"874","COMMIT-Baseline","COFFEE 1.1","Final Energy|Residential and Commercial|Electricity","EJ/yr","[object Object]",2070,19.6507880064,"3.243941518506729","3.243941518506729","2100","0","4372.66338837775","GW7","failed","medium","ok","ok","medium","high","ok","high","ok","ok","medium","true","C7","C7: Below 4.0°C","COFFEE 1.1","CO_BAU","15.306725514245729","79.35619912487294","1.180977131216342","0","3.243941518506729","3.243941518506729",,,"-2.882698059344378"
"874","COMMIT-Baseline","COFFEE 1.1","Final Energy|Residential and Commercial|Electricity","EJ/yr","[object Object]",2080,23.0702837904,"3.243941518506729","3.243941518506729","2100","0","4372.66338837775","GW7","failed","medium","ok","ok","medium","high","ok","high","ok","ok","medium","true","C7","C7: Below 4.0°C","COFFEE 1.1","CO_BAU","15.306725514245729","79.35619912487294","1.180977131216342","0","3.243941518506729","3.243941518506729",,,"-2.882698059344378"
"874","COMMIT-Baseline","COFFEE 1.1","Final Energy|Residential and Commercial|Electricity","EJ/yr","[object Object]",2090,26.7643950624,"3.243941518506729","3.243941518506729","2100","0","4372.66338837775","GW7","failed","medium","ok","ok","medium","high","ok","high","ok","ok","medium","true","C7","C7: Below 4.0°C","COFFEE 1.1","CO_BAU","15.306725514245729","79.35619912487294","1.180977131216342","0","3.243941518506729","3.243941518506729",,,"-2.882698059344378"
"874","COMMIT-Baseline","COFFEE 1.1","Final Energy|Residential and Commercial|Electricity","EJ/yr","[object Object]",2100,30.7064675952,"3.243941518506729","3.243941518506729","2100","0","4372.66338837775","GW7","failed","medium","ok","ok","medium","high","ok","high","ok","ok","medium","true","C7","C7: Below 4.0°C","COFFEE 1.1","CO_BAU","15.306725514245729","79.35619912487294","1.180977131216342","0","3.243941518506729","3.243941518506729",,,"-2.882698059344378"
"885","COMMIT-NDCplus","IMAGE 3.0","Final Energy|Residential and Commercial|Electricity","EJ/yr","[object Object]",2010,0.311359710693359,"3.108810792227348","3.108810792227348","2100","312.3822059172617","3606.10691536689","GW7","ok","medium","ok","ok","ok","medium","high","high","high","ok","medium","true","C7","C7: Below 4.0°C","IMAGE 3.0","CO_NDCplus","5.669787250830863","87.70385998512626","7.09783681623011","312.3822059172617","3.108810792227348","3.108810792227348","0.00234036",,"-1.0107798075423915"
"885","COMMIT-NDCplus","IMAGE 3.0","Final Energy|Residential and Commercial|Electricity","EJ/yr","[object Object]",2015,0.390167388916015,"3.108810792227348","3.108810792227348","2100","312.3822059172617","3606.10691536689","GW7","ok","medium","ok","ok","ok","medium","high","high","high","ok","medium","true","C7","C7: Below 4.0°C","IMAGE 3.0","CO_NDCplus","5.669787250830863","87.70385998512626","7.09783681623011","312.3822059172617","3.108810792227348","3.108810792227348","0.00234036",,"-1.0107798075423915"
"885","COMMIT-NDCplus","IMAGE 3.0","Final Energy|Residential and Commercial|Electricity","EJ/yr","[object Object]",2020,0.495566390991211,"3.108810792227348","3.108810792227348","2100","312.3822059172617","3606.10691536689","GW7","ok","medium","ok","ok","ok","medium","high","high","high","ok","medium","true","C7","C7: Below 4.0°C","IMAGE 3.0","CO_NDCplus","5.669787250830863","87.70385998512626","7.09783681623011","312.3822059172617","3.108810792227348","3.108810792227348","0.00234036",,"-1.0107798075423915"
"885","COMMIT-NDCplus","IMAGE 3.0","Final Energy|Residential and Commercial|Electricity","EJ/yr","[object Object]",2025,0.590144287109375,"3.108810792227348","3.108810792227348","2100","312.3822059172617","3606.10691536689","GW7","ok","medium","ok","ok","ok","medium","high","high","high","ok","medium","true","C7","C7: Below 4.0°C","IMAGE 3.0","CO_NDCplus","5.669787250830863","87.70385998512626","7.09783681623011","312.3822059172617","3.108810792227348","3.108810792227348","0.00234036",,"-1.0107798075423915"
"885","COMMIT-NDCplus","IMAGE 3.0","Final Energy|Residential and Commercial|Electricity","EJ/yr","[object Object]",2030,0.668583190917968,"3.108810792227348","3.108810792227348","2100","312.3822059172617","3606.10691536689","GW7","ok","medium","ok","ok","ok","medium","high","high","high","ok","medium","true","C7","C7: Below 4.0°C","IMAGE 3.0","CO_NDCplus","5.669787250830863","87.70385998512626","7.09783681623011","312.3822059172617","3.108810792227348","3.108810792227348","0.00234036",,"-1.0107798075423915"
"885","COMMIT-NDCplus","IMAGE 3.0","Final Energy|Residential and Commercial|Electricity","EJ/yr","[object Object]",2035,0.741535705566406,"3.108810792227348","3.108810792227348","2100","312.3822059172617","3606.10691536689","GW7","ok","medium","ok","ok","ok","medium","high","high","high","ok","medium","true","C7","C7: Below 4.0°C","IMAGE 3.0","CO_NDCplus","5.669787250830863","87.70385998512626","7.09783681623011","312.3822059172617","3.108810792227348","3.108810792227348","0.00234036",,"-1.0107798075423915"
"885","COMMIT-NDCplus","IMAGE 3.0","Final Energy|Residential and Commercial|Electricity","EJ/yr","[object Object]",2040,0.8040071105957031,"3.108810792227348","3.108810792227348","2100","312.3822059172617","3606.10691536689","GW7","ok","medium","ok","ok","ok","medium","high","high","high","ok","medium","true","C7","C7: Below 4.0°C","IMAGE 3.0","CO_NDCplus","5.669787250830863","87.70385998512626","7.09783681623011","312.3822059172617","3.108810792227348","3.108810792227348","0.00234036",,"-1.0107798075423915"
"885","COMMIT-NDCplus","IMAGE 3.0","Final Energy|Residential and Commercial|Electricity","EJ/yr","[object Object]",2045,0.859470001220703,"3.108810792227348","3.108810792227348","2100","312.3822059172617","3606.10691536689","GW7","ok","medium","ok","ok","ok","medium","high","high","high","ok","medium","true","C7","C7: Below 4.0°C","IMAGE 3.0","CO_NDCplus","5.669787250830863","87.70385998512626","7.09783681623011","312.3822059172617","3.108810792227348","3.108810792227348","0.00234036",,"-1.0107798075423915"
"885","COMMIT-NDCplus","IMAGE 3.0","Final Energy|Residential and Commercial|Electricity","EJ/yr","[object Object]",2050,0.9138446350097651,"3.108810792227348","3.108810792227348","2100","312.3822059172617","3606.10691536689","GW7","ok","medium","ok","ok","ok","medium","high","high","high","ok","medium","true","C7","C7: Below 4.0°C","IMAGE 3.0","CO_NDCplus","5.669787250830863","87.70385998512626","7.09783681623011","312.3822059172617","3.108810792227348","3.108810792227348","0.00234036",,"-1.0107798075423915"
"885","COMMIT-NDCplus","IMAGE 3.0","Final Energy|Residential and Commercial|Electricity","EJ/yr","[object Object]",2060,1.1043837890625,"3.108810792227348","3.108810792227348","2100","312.3822059172617","3606.10691536689","GW7","ok","medium","ok","ok","ok","medium","high","high","high","ok","medium","true","C7","C7: Below 4.0°C","IMAGE 3.0","CO_NDCplus","5.669787250830863","87.70385998512626","7.09783681623011","312.3822059172617","3.108810792227348","3.108810792227348","0.00234036",,"-1.0107798075423915"
"885","COMMIT-NDCplus","IMAGE 3.0","Final Energy|Residential and Commercial|Electricity","EJ/yr","[object Object]",2070,1.275320220947266,"3.108810792227348","3.108810792227348","2100","312.3822059172617","3606.10691536689","GW7","ok","medium","ok","ok","ok","medium","high","high","high","ok","medium","true","C7","C7: Below 4.0°C","IMAGE 3.0","CO_NDCplus","5.669787250830863","87.70385998512626","7.09783681623011","312.3822059172617","3.108810792227348","3.108810792227348","0.00234036",,"-1.0107798075423915"
"885","COMMIT-NDCplus","IMAGE 3.0","Final Energy|Residential and Commercial|Electricity","EJ/yr","[object Object]",2080,1.402949340820312,"3.108810792227348","3.108810792227348","2100","312.3822059172617","3606.10691536689","GW7","ok","medium","ok","ok","ok","medium","high","high","high","ok","medium","true","C7","C7: Below 4.0°C","IMAGE 3.0","CO_NDCplus","5.669787250830863","87.70385998512626","7.09783681623011","312.3822059172617","3.108810792227348","3.108810792227348","0.00234036",,"-1.0107798075423915"
"885","COMMIT-NDCplus","IMAGE 3.0","Final Energy|Residential and Commercial|Electricity","EJ/yr","[object Object]",2090,1.467905883789063,"3.108810792227348","3.108810792227348","2100","312.3822059172617","3606.10691536689","GW7","ok","medium","ok","ok","ok","medium","high","high","high","ok","medium","true","C7","C7: Below 4.0°C","IMAGE 3.0","CO_NDCplus","5.669787250830863","87.70385998512626","7.09783681623011","312.3822059172617","3.108810792227348","3.108810792227348","0.00234036",,"-1.0107798075423915"
"885","COMMIT-NDCplus","IMAGE 3.0","Final Energy|Residential and Commercial|Electricity","EJ/yr","[object Object]",2100,1.490789001464843,"3.108810792227348","3.108810792227348","2100","312.3822059172617","3606.10691536689","GW7","ok","medium","ok","ok","ok","medium","high","high","high","ok","medium","true","C7","C7: Below 4.0°C","IMAGE 3.0","CO_NDCplus","5.669787250830863","87.70385998512626","7.09783681623011","312.3822059172617","3.108810792227348","3.108810792227348","0.00234036",,"-1.0107798075423915"
"907","COMMIT-Current-Policies","WITCH 5.0","Final Energy|Residential and Commercial|Electricity","EJ/yr","[object Object]",2010,6.442547800666669,"3.471573578790096","3.471573578790096","2100","0.07135909941844605","3651.5855090102195","GW7","failed","medium","ok","ok","medium","medium","medium","high","medium","ok","ok","true","C7","C7: Below 4.0°C","WITCH 5.0","CO_CurPol","28.410802530452262","59.93815971301929","1.3352516551277342","0.07135909941844605","3.471573578790096","3.471573578790096",,,"-0.8448910932680747"
"907","COMMIT-Current-Policies","WITCH 5.0","Final Energy|Residential and Commercial|Electricity","EJ/yr","[object Object]",2015,6.3873360275,"3.471573578790096","3.471573578790096","2100","0.07135909941844605","3651.5855090102195","GW7","failed","medium","ok","ok","medium","medium","medium","high","medium","ok","ok","true","C7","C7: Below 4.0°C","WITCH 5.0","CO_CurPol","28.410802530452262","59.93815971301929","1.3352516551277342","0.07135909941844605","3.471573578790096","3.471573578790096",,,"-0.8448910932680747"
"907","COMMIT-Current-Policies","WITCH 5.0","Final Energy|Residential and Commercial|Electricity","EJ/yr","[object Object]",2020,7.04221184545155,"3.471573578790096","3.471573578790096","2100","0.07135909941844605","3651.5855090102195","GW7","failed","medium","ok","ok","medium","medium","medium","high","medium","ok","ok","true","C7","C7: Below 4.0°C","WITCH 5.0","CO_CurPol","28.410802530452262","59.93815971301929","1.3352516551277342","0.07135909941844605","3.471573578790096","3.471573578790096",,,"-0.8448910932680747"
"907","COMMIT-Current-Policies","WITCH 5.0","Final Energy|Residential and Commercial|Electricity","EJ/yr","[object Object]",2025,7.40865240157007,"3.471573578790096","3.471573578790096","2100","0.07135909941844605","3651.5855090102195","GW7","failed","medium","ok","ok","medium","medium","medium","high","medium","ok","ok","true","C7","C7: Below 4.0°C","WITCH 5.0","CO_CurPol","28.410802530452262","59.93815971301929","1.3352516551277342","0.07135909941844605","3.471573578790096","3.471573578790096",,,"-0.8448910932680747"
"907","COMMIT-Current-Policies","WITCH 5.0","Final Energy|Residential and Commercial|Electricity","EJ/yr","[object Object]",2030,8.32405466652864,"3.471573578790096","3.471573578790096","2100","0.07135909941844605","3651.5855090102195","GW7","failed","medium","ok","ok","medium","medium","medium","high","medium","ok","ok","true","C7","C7: Below 4.0°C","WITCH 5.0","CO_CurPol","28.410802530452262","59.93815971301929","1.3352516551277342","0.07135909941844605","3.471573578790096","3.471573578790096",,,"-0.8448910932680747"
"907","COMMIT-Current-Policies","WITCH 5.0","Final Energy|Residential and Commercial|Electricity","EJ/yr","[object Object]",2035,8.688179838902219,"3.471573578790096","3.471573578790096","2100","0.07135909941844605","3651.5855090102195","GW7","failed","medium","ok","ok","medium","medium","medium","high","medium","ok","ok","true","C7","C7: Below 4.0°C","WITCH 5.0","CO_CurPol","28.410802530452262","59.93815971301929","1.3352516551277342","0.07135909941844605","3.471573578790096","3.471573578790096",,,"-0.8448910932680747"
"907","COMMIT-Current-Policies","WITCH 5.0","Final Energy|Residential and Commercial|Electricity","EJ/yr","[object Object]",2040,9.12866678439387,"3.471573578790096","3.471573578790096","2100","0.07135909941844605","3651.5855090102195","GW7","failed","medium","ok","ok","medium","medium","medium","high","medium","ok","ok","true","C7","C7: Below 4.0°C","WITCH 5.0","CO_CurPol","28.410802530452262","59.93815971301929","1.3352516551277342","0.07135909941844605","3.471573578790096","3.471573578790096",,,"-0.8448910932680747"
"907","COMMIT-Current-Policies","WITCH 5.0","Final Energy|Residential and Commercial|Electricity","EJ/yr","[object Object]",2045,9.72771396160848,"3.471573578790096","3.471573578790096","2100","0.07135909941844605","3651.5855090102195","GW7","failed","medium","ok","ok","medium","medium","medium","high","medium","ok","ok","true","C7","C7: Below 4.0°C","WITCH 5.0","CO_CurPol","28.410802530452262","59.93815971301929","1.3352516551277342","0.07135909941844605","3.471573578790096","3.471573578790096",,,"-0.8448910932680747"
"907","COMMIT-Current-Policies","WITCH 5.0","Final Energy|Residential and Commercial|Electricity","EJ/yr","[object Object]",2050,10.4171043946859,"3.471573578790096","3.471573578790096","2100","0.07135909941844605","3651.5855090102195","GW7","failed","medium","ok","ok","medium","medium","medium","high","medium","ok","ok","true","C7","C7: Below 4.0°C","WITCH 5.0","CO_CurPol","28.410802530452262","59.93815971301929","1.3352516551277342","0.07135909941844605","3.471573578790096","3.471573578790096",,,"-0.8448910932680747"
"907","COMMIT-Current-Policies","WITCH 5.0","Final Energy|Residential and Commercial|Electricity","EJ/yr","[object Object]",2055,11.0029338919218,"3.471573578790096","3.471573578790096","2100","0.07135909941844605","3651.5855090102195","GW7","failed","medium","ok","ok","medium","medium","medium","high","medium","ok","ok","true","C7","C7: Below 4.0°C","WITCH 5.0","CO_CurPol","28.410802530452262","59.93815971301929","1.3352516551277342","0.07135909941844605","3.471573578790096","3.471573578790096",,,"-0.8448910932680747"
"907","COMMIT-Current-Policies","WITCH 5.0","Final Energy|Residential and Commercial|Electricity","EJ/yr","[object Object]",2060,11.5842804838486,"3.471573578790096","3.471573578790096","2100","0.07135909941844605","3651.5855090102195","GW7","failed","medium","ok","ok","medium","medium","medium","high","medium","ok","ok","true","C7","C7: Below 4.0°C","WITCH 5.0","CO_CurPol","28.410802530452262","59.93815971301929","1.3352516551277342","0.07135909941844605","3.471573578790096","3.471573578790096",,,"-0.8448910932680747"
"907","COMMIT-Current-Policies","WITCH 5.0","Final Energy|Residential and Commercial|Electricity","EJ/yr","[object Object]",2065,12.027768921237,"3.471573578790096","3.471573578790096","2100","0.07135909941844605","3651.5855090102195","GW7","failed","medium","ok","ok","medium","medium","medium","high","medium","ok","ok","true","C7","C7: Below 4.0°C","WITCH 5.0","CO_CurPol","28.410802530452262","59.93815971301929","1.3352516551277342","0.07135909941844605","3.471573578790096","3.471573578790096",,,"-0.8448910932680747"
"907","COMMIT-Current-Policies","WITCH 5.0","Final Energy|Residential and Commercial|Electricity","EJ/yr","[object Object]",2070,12.2989909660431,"3.471573578790096","3.471573578790096","2100","0.07135909941844605","3651.5855090102195","GW7","failed","medium","ok","ok","medium","medium","medium","high","medium","ok","ok","true","C7","C7: Below 4.0°C","WITCH 5.0","CO_CurPol","28.410802530452262","59.93815971301929","1.3352516551277342","0.07135909941844605","3.471573578790096","3.471573578790096",,,"-0.8448910932680747"
"907","COMMIT-Current-Policies","WITCH 5.0","Final Energy|Residential and Commercial|Electricity","EJ/yr","[object Object]",2075,12.5829541431503,"3.471573578790096","3.471573578790096","2100","0.07135909941844605","3651.5855090102195","GW7","failed","medium","ok","ok","medium","medium","medium","high","medium","ok","ok","true","C7","C7: Below 4.0°C","WITCH 5.0","CO_CurPol","28.410802530452262","59.93815971301929","1.3352516551277342","0.07135909941844605","3.471573578790096","3.471573578790096",,,"-0.8448910932680747"
"907","COMMIT-Current-Policies","WITCH 5.0","Final Energy|Residential and Commercial|Electricity","EJ/yr","[object Object]",2080,12.9337555893108,"3.471573578790096","3.471573578790096","2100","0.07135909941844605","3651.5855090102195","GW7","failed","medium","ok","ok","medium","medium","medium","high","medium","ok","ok","true","C7","C7: Below 4.0°C","WITCH 5.0","CO_CurPol","28.410802530452262","59.93815971301929","1.3352516551277342","0.07135909941844605","3.471573578790096","3.471573578790096",,,"-0.8448910932680747"
"907","COMMIT-Current-Policies","WITCH 5.0","Final Energy|Residential and Commercial|Electricity","EJ/yr","[object Object]",2085,13.1830808691047,"3.471573578790096","3.471573578790096","2100","0.07135909941844605","3651.5855090102195","GW7","failed","medium","ok","ok","medium","medium","medium","high","medium","ok","ok","true","C7","C7: Below 4.0°C","WITCH 5.0","CO_CurPol","28.410802530452262","59.93815971301929","1.3352516551277342","0.07135909941844605","3.471573578790096","3.471573578790096",,,"-0.8448910932680747"
"907","COMMIT-Current-Policies","WITCH 5.0","Final Energy|Residential and Commercial|Electricity","EJ/yr","[object Object]",2090,13.3305454531526,"3.471573578790096","3.471573578790096","2100","0.07135909941844605","3651.5855090102195","GW7","failed","medium","ok","ok","medium","medium","medium","high","medium","ok","ok","true","C7","C7: Below 4.0°C","WITCH 5.0","CO_CurPol","28.410802530452262","59.93815971301929","1.3352516551277342","0.07135909941844605","3.471573578790096","3.471573578790096",,,"-0.8448910932680747"
"907","COMMIT-Current-Policies","WITCH 5.0","Final Energy|Residential and Commercial|Electricity","EJ/yr","[object Object]",2095,13.3695484948441,"3.471573578790096","3.471573578790096","2100","0.07135909941844605","3651.5855090102195","GW7","failed","medium","ok","ok","medium","medium","medium","high","medium","ok","ok","true","C7","C7: Below 4.0°C","WITCH 5.0","CO_CurPol","28.410802530452262","59.93815971301929","1.3352516551277342","0.07135909941844605","3.471573578790096","3.471573578790096",,,"-0.8448910932680747"
"907","COMMIT-Current-Policies","WITCH 5.0","Final Energy|Residential and Commercial|Electricity","EJ/yr","[object Object]",2100,14.3197565567627,"3.471573578790096","3.471573578790096","2100","0.07135909941844605","3651.5855090102195","GW7","failed","medium","ok","ok","medium","medium","medium","high","medium","ok","ok","true","C7","C7: Below 4.0°C","WITCH 5.0","CO_CurPol","28.410802530452262","59.93815971301929","1.3352516551277342","0.07135909941844605","3.471573578790096","3.471573578790096",,,"-0.8448910932680747"
"1054","SSP2021-SSP1-Baseline","IMAGE 3.2","Final Energy|Residential and Commercial|Electricity","EJ/yr","[object Object]",2010,6.260640411376953,"3.031631536098106","3.031631536098106","2100","0","2950.3597920976426","GW7","ok","medium","ok","ok","ok","high","high","high","high","ok","ok","true","C7","C7: Below 4.0°C","IMAGE 3.2","SSP1-baseline","14.057186998610879","71.18053092009986","14.093235474249937","0","3.031631536098106","3.031631536098106","0.002106757",,"2.4782266382036084"
"1054","SSP2021-SSP1-Baseline","IMAGE 3.2","Final Energy|Residential and Commercial|Electricity","EJ/yr","[object Object]",2015,6.567072723388671,"3.031631536098106","3.031631536098106","2100","0","2950.3597920976426","GW7","ok","medium","ok","ok","ok","high","high","high","high","ok","ok","true","C7","C7: Below 4.0°C","IMAGE 3.2","SSP1-baseline","14.057186998610879","71.18053092009986","14.093235474249937","0","3.031631536098106","3.031631536098106","0.002106757",,"2.4782266382036084"
"1054","SSP2021-SSP1-Baseline","IMAGE 3.2","Final Energy|Residential and Commercial|Electricity","EJ/yr","[object Object]",2020,6.038934936523438,"3.031631536098106","3.031631536098106","2100","0","2950.3597920976426","GW7","ok","medium","ok","ok","ok","high","high","high","high","ok","ok","true","C7","C7: Below 4.0°C","IMAGE 3.2","SSP1-baseline","14.057186998610879","71.18053092009986","14.093235474249937","0","3.031631536098106","3.031631536098106","0.002106757",,"2.4782266382036084"
"1054","SSP2021-SSP1-Baseline","IMAGE 3.2","Final Energy|Residential and Commercial|Electricity","EJ/yr","[object Object]",2025,6.490604522705079,"3.031631536098106","3.031631536098106","2100","0","2950.3597920976426","GW7","ok","medium","ok","ok","ok","high","high","high","high","ok","ok","true","C7","C7: Below 4.0°C","IMAGE 3.2","SSP1-baseline","14.057186998610879","71.18053092009986","14.093235474249937","0","3.031631536098106","3.031631536098106","0.002106757",,"2.4782266382036084"
"1054","SSP2021-SSP1-Baseline","IMAGE 3.2","Final Energy|Residential and Commercial|Electricity","EJ/yr","[object Object]",2030,6.223512634277344,"3.031631536098106","3.031631536098106","2100","0","2950.3597920976426","GW7","ok","medium","ok","ok","ok","high","high","high","high","ok","ok","true","C7","C7: Below 4.0°C","IMAGE 3.2","SSP1-baseline","14.057186998610879","71.18053092009986","14.093235474249937","0","3.031631536098106","3.031631536098106","0.002106757",,"2.4782266382036084"
"1054","SSP2021-SSP1-Baseline","IMAGE 3.2","Final Energy|Residential and Commercial|Electricity","EJ/yr","[object Object]",2035,6.103297576904297,"3.031631536098106","3.031631536098106","2100","0","2950.3597920976426","GW7","ok","medium","ok","ok","ok","high","high","high","high","ok","ok","true","C7","C7: Below 4.0°C","IMAGE 3.2","SSP1-baseline","14.057186998610879","71.18053092009986","14.093235474249937","0","3.031631536098106","3.031631536098106","0.002106757",,"2.4782266382036084"
"1054","SSP2021-SSP1-Baseline","IMAGE 3.2","Final Energy|Residential and Commercial|Electricity","EJ/yr","[object Object]",2040,6.105283294677735,"3.031631536098106","3.031631536098106","2100","0","2950.3597920976426","GW7","ok","medium","ok","ok","ok","high","high","high","high","ok","ok","true","C7","C7: Below 4.0°C","IMAGE 3.2","SSP1-baseline","14.057186998610879","71.18053092009986","14.093235474249937","0","3.031631536098106","3.031631536098106","0.002106757",,"2.4782266382036084"
"1054","SSP2021-SSP1-Baseline","IMAGE 3.2","Final Energy|Residential and Commercial|Electricity","EJ/yr","[object Object]",2045,6.129896026611329,"3.031631536098106","3.031631536098106","2100","0","2950.3597920976426","GW7","ok","medium","ok","ok","ok","high","high","high","high","ok","ok","true","C7","C7: Below 4.0°C","IMAGE 3.2","SSP1-baseline","14.057186998610879","71.18053092009986","14.093235474249937","0","3.031631536098106","3.031631536098106","0.002106757",,"2.4782266382036084"
"1054","SSP2021-SSP1-Baseline","IMAGE 3.2","Final Energy|Residential and Commercial|Electricity","EJ/yr","[object Object]",2050,6.201402130126953,"3.031631536098106","3.031631536098106","2100","0","2950.3597920976426","GW7","ok","medium","ok","ok","ok","high","high","high","high","ok","ok","true","C7","C7: Below 4.0°C","IMAGE 3.2","SSP1-baseline","14.057186998610879","71.18053092009986","14.093235474249937","0","3.031631536098106","3.031631536098106","0.002106757",,"2.4782266382036084"
"1054","SSP2021-SSP1-Baseline","IMAGE 3.2","Final Energy|Residential and Commercial|Electricity","EJ/yr","[object Object]",2055,6.351444152832031,"3.031631536098106","3.031631536098106","2100","0","2950.3597920976426","GW7","ok","medium","ok","ok","ok","high","high","high","high","ok","ok","true","C7","C7: Below 4.0°C","IMAGE 3.2","SSP1-baseline","14.057186998610879","71.18053092009986","14.093235474249937","0","3.031631536098106","3.031631536098106","0.002106757",,"2.4782266382036084"
"1054","SSP2021-SSP1-Baseline","IMAGE 3.2","Final Energy|Residential and Commercial|Electricity","EJ/yr","[object Object]",2060,6.485623168945313,"3.031631536098106","3.031631536098106","2100","0","2950.3597920976426","GW7","ok","medium","ok","ok","ok","high","high","high","high","ok","ok","true","C7","C7: Below 4.0°C","IMAGE 3.2","SSP1-baseline","14.057186998610879","71.18053092009986","14.093235474249937","0","3.031631536098106","3.031631536098106","0.002106757",,"2.4782266382036084"
"1054","SSP2021-SSP1-Baseline","IMAGE 3.2","Final Energy|Residential and Commercial|Electricity","EJ/yr","[object Object]",2065,6.587199066162109,"3.031631536098106","3.031631536098106","2100","0","2950.3597920976426","GW7","ok","medium","ok","ok","ok","high","high","high","high","ok","ok","true","C7","C7: Below 4.0°C","IMAGE 3.2","SSP1-baseline","14.057186998610879","71.18053092009986","14.093235474249937","0","3.031631536098106","3.031631536098106","0.002106757",,"2.4782266382036084"
"1054","SSP2021-SSP1-Baseline","IMAGE 3.2","Final Energy|Residential and Commercial|Electricity","EJ/yr","[object Object]",2070,6.671065093994141,"3.031631536098106","3.031631536098106","2100","0","2950.3597920976426","GW7","ok","medium","ok","ok","ok","high","high","high","high","ok","ok","true","C7","C7: Below 4.0°C","IMAGE 3.2","SSP1-baseline","14.057186998610879","71.18053092009986","14.093235474249937","0","3.031631536098106","3.031631536098106","0.002106757",,"2.4782266382036084"
"1054","SSP2021-SSP1-Baseline","IMAGE 3.2","Final Energy|Residential and Commercial|Electricity","EJ/yr","[object Object]",2075,6.752277099609375,"3.031631536098106","3.031631536098106","2100","0","2950.3597920976426","GW7","ok","medium","ok","ok","ok","high","high","high","high","ok","ok","true","C7","C7: Below 4.0°C","IMAGE 3.2","SSP1-baseline","14.057186998610879","71.18053092009986","14.093235474249937","0","3.031631536098106","3.031631536098106","0.002106757",,"2.4782266382036084"
"1054","SSP2021-SSP1-Baseline","IMAGE 3.2","Final Energy|Residential and Commercial|Electricity","EJ/yr","[object Object]",2080,6.802105346679688,"3.031631536098106","3.031631536098106","2100","0","2950.3597920976426","GW7","ok","medium","ok","ok","ok","high","high","high","high","ok","ok","true","C7","C7: Below 4.0°C","IMAGE 3.2","SSP1-baseline","14.057186998610879","71.18053092009986","14.093235474249937","0","3.031631536098106","3.031631536098106","0.002106757",,"2.4782266382036084"
"1054","SSP2021-SSP1-Baseline","IMAGE 3.2","Final Energy|Residential and Commercial|Electricity","EJ/yr","[object Object]",2085,6.785896423339844,"3.031631536098106","3.031631536098106","2100","0","2950.3597920976426","GW7","ok","medium","ok","ok","ok","high","high","high","high","ok","ok","true","C7","C7: Below 4.0°C","IMAGE 3.2","SSP1-baseline","14.057186998610879","71.18053092009986","14.093235474249937","0","3.031631536098106","3.031631536098106","0.002106757",,"2.4782266382036084"
"1054","SSP2021-SSP1-Baseline","IMAGE 3.2","Final Energy|Residential and Commercial|Electricity","EJ/yr","[object Object]",2090,6.709388549804688,"3.031631536098106","3.031631536098106","2100","0","2950.3597920976426","GW7","ok","medium","ok","ok","ok","high","high","high","high","ok","ok","true","C7","C7: Below 4.0°C","IMAGE 3.2","SSP1-baseline","14.057186998610879","71.18053092009986","14.093235474249937","0","3.031631536098106","3.031631536098106","0.002106757",,"2.4782266382036084"
"1054","SSP2021-SSP1-Baseline","IMAGE 3.2","Final Energy|Residential and Commercial|Electricity","EJ/yr","[object Object]",2095,6.583175811767578,"3.031631536098106","3.031631536098106","2100","0","2950.3597920976426","GW7","ok","medium","ok","ok","ok","high","high","high","high","ok","ok","true","C7","C7: Below 4.0°C","IMAGE 3.2","SSP1-baseline","14.057186998610879","71.18053092009986","14.093235474249937","0","3.031631536098106","3.031631536098106","0.002106757",,"2.4782266382036084"
"1054","SSP2021-SSP1-Baseline","IMAGE 3.2","Final Energy|Residential and Commercial|Electricity","EJ/yr","[object Object]",2100,6.419273315429687,"3.031631536098106","3.031631536098106","2100","0","2950.3597920976426","GW7","ok","medium","ok","ok","ok","high","high","high","high","ok","ok","true","C7","C7: Below 4.0°C","IMAGE 3.2","SSP1-baseline","14.057186998610879","71.18053092009986","14.093235474249937","0","3.031631536098106","3.031631536098106","0.002106757",,"2.4782266382036084"
"1092","SSP2021-SSP4-Baseline","IMAGE 3.2","Final Energy|Residential and Commercial|Electricity","EJ/yr","[object Object]",2010,6.260776794433593,"3.242753047876105","3.242753047876105","2100","0","3633.838234054307","GW7","ok","medium","ok","ok","ok","high","high","high","high","ok","medium","true","C7","C7: Below 4.0°C","IMAGE 3.2","SSP4-baseline","10.792368962647872","70.00871086292516","18.131972671432823","0","3.242753047876105","3.242753047876105","0.002682042",,"-3.574755200527619"
"1092","SSP2021-SSP4-Baseline","IMAGE 3.2","Final Energy|Residential and Commercial|Electricity","EJ/yr","[object Object]",2015,6.567656600952148,"3.242753047876105","3.242753047876105","2100","0","3633.838234054307","GW7","ok","medium","ok","ok","ok","high","high","high","high","ok","medium","true","C7","C7: Below 4.0°C","IMAGE 3.2","SSP4-baseline","10.792368962647872","70.00871086292516","18.131972671432823","0","3.242753047876105","3.242753047876105","0.002682042",,"-3.574755200527619"
"1092","SSP2021-SSP4-Baseline","IMAGE 3.2","Final Energy|Residential and Commercial|Electricity","EJ/yr","[object Object]",2020,6.040172256469727,"3.242753047876105","3.242753047876105","2100","0","3633.838234054307","GW7","ok","medium","ok","ok","ok","high","high","high","high","ok","medium","true","C7","C7: Below 4.0°C","IMAGE 3.2","SSP4-baseline","10.792368962647872","70.00871086292516","18.131972671432823","0","3.242753047876105","3.242753047876105","0.002682042",,"-3.574755200527619"
"1092","SSP2021-SSP4-Baseline","IMAGE 3.2","Final Energy|Residential and Commercial|Electricity","EJ/yr","[object Object]",2025,6.488828552246094,"3.242753047876105","3.242753047876105","2100","0","3633.838234054307","GW7","ok","medium","ok","ok","ok","high","high","high","high","ok","medium","true","C7","C7: Below 4.0°C","IMAGE 3.2","SSP4-baseline","10.792368962647872","70.00871086292516","18.131972671432823","0","3.242753047876105","3.242753047876105","0.002682042",,"-3.574755200527619"
"1092","SSP2021-SSP4-Baseline","IMAGE 3.2","Final Energy|Residential and Commercial|Electricity","EJ/yr","[object Object]",2030,6.204554641723632,"3.242753047876105","3.242753047876105","2100","0","3633.838234054307","GW7","ok","medium","ok","ok","ok","high","high","high","high","ok","medium","true","C7","C7: Below 4.0°C","IMAGE 3.2","SSP4-baseline","10.792368962647872","70.00871086292516","18.131972671432823","0","3.242753047876105","3.242753047876105","0.002682042",,"-3.574755200527619"
"1092","SSP2021-SSP4-Baseline","IMAGE 3.2","Final Energy|Residential and Commercial|Electricity","EJ/yr","[object Object]",2035,6.004360504150391,"3.242753047876105","3.242753047876105","2100","0","3633.838234054307","GW7","ok","medium","ok","ok","ok","high","high","high","high","ok","medium","true","C7","C7: Below 4.0°C","IMAGE 3.2","SSP4-baseline","10.792368962647872","70.00871086292516","18.131972671432823","0","3.242753047876105","3.242753047876105","0.002682042",,"-3.574755200527619"
"1092","SSP2021-SSP4-Baseline","IMAGE 3.2","Final Energy|Residential and Commercial|Electricity","EJ/yr","[object Object]",2040,5.893281906127929,"3.242753047876105","3.242753047876105","2100","0","3633.838234054307","GW7","ok","medium","ok","ok","ok","high","high","high","high","ok","medium","true","C7","C7: Below 4.0°C","IMAGE 3.2","SSP4-baseline","10.792368962647872","70.00871086292516","18.131972671432823","0","3.242753047876105","3.242753047876105","0.002682042",,"-3.574755200527619"
"1092","SSP2021-SSP4-Baseline","IMAGE 3.2","Final Energy|Residential and Commercial|Electricity","EJ/yr","[object Object]",2045,5.804852523803711,"3.242753047876105","3.242753047876105","2100","0","3633.838234054307","GW7","ok","medium","ok","ok","ok","high","high","high","high","ok","medium","true","C7","C7: Below 4.0°C","IMAGE 3.2","SSP4-baseline","10.792368962647872","70.00871086292516","18.131972671432823","0","3.242753047876105","3.242753047876105","0.002682042",,"-3.574755200527619"
"1092","SSP2021-SSP4-Baseline","IMAGE 3.2","Final Energy|Residential and Commercial|Electricity","EJ/yr","[object Object]",2050,5.771727752685548,"3.242753047876105","3.242753047876105","2100","0","3633.838234054307","GW7","ok","medium","ok","ok","ok","high","high","high","high","ok","medium","true","C7","C7: Below 4.0°C","IMAGE 3.2","SSP4-baseline","10.792368962647872","70.00871086292516","18.131972671432823","0","3.242753047876105","3.242753047876105","0.002682042",,"-3.574755200527619"
"1092","SSP2021-SSP4-Baseline","IMAGE 3.2","Final Energy|Residential and Commercial|Electricity","EJ/yr","[object Object]",2055,5.812611785888672,"3.242753047876105","3.242753047876105","2100","0","3633.838234054307","GW7","ok","medium","ok","ok","ok","high","high","high","high","ok","medium","true","C7","C7: Below 4.0°C","IMAGE 3.2","SSP4-baseline","10.792368962647872","70.00871086292516","18.131972671432823","0","3.242753047876105","3.242753047876105","0.002682042",,"-3.574755200527619"
"1092","SSP2021-SSP4-Baseline","IMAGE 3.2","Final Energy|Residential and Commercial|Electricity","EJ/yr","[object Object]",2060,5.851895721435547,"3.242753047876105","3.242753047876105","2100","0","3633.838234054307","GW7","ok","medium","ok","ok","ok","high","high","high","high","ok","medium","true","C7","C7: Below 4.0°C","IMAGE 3.2","SSP4-baseline","10.792368962647872","70.00871086292516","18.131972671432823","0","3.242753047876105","3.242753047876105","0.002682042",,"-3.574755200527619"
"1092","SSP2021-SSP4-Baseline","IMAGE 3.2","Final Energy|Residential and Commercial|Electricity","EJ/yr","[object Object]",2065,5.869180511474609,"3.242753047876105","3.242753047876105","2100","0","3633.838234054307","GW7","ok","medium","ok","ok","ok","high","high","high","high","ok","medium","true","C7","C7: Below 4.0°C","IMAGE 3.2","SSP4-baseline","10.792368962647872","70.00871086292516","18.131972671432823","0","3.242753047876105","3.242753047876105","0.002682042",,"-3.574755200527619"
"1092","SSP2021-SSP4-Baseline","IMAGE 3.2","Final Energy|Residential and Commercial|Electricity","EJ/yr","[object Object]",2070,5.870235168457031,"3.242753047876105","3.242753047876105","2100","0","3633.838234054307","GW7","ok","medium","ok","ok","ok","high","high","high","high","ok","medium","true","C7","C7: Below 4.0°C","IMAGE 3.2","SSP4-baseline","10.792368962647872","70.00871086292516","18.131972671432823","0","3.242753047876105","3.242753047876105","0.002682042",,"-3.574755200527619"
"1092","SSP2021-SSP4-Baseline","IMAGE 3.2","Final Energy|Residential and Commercial|Electricity","EJ/yr","[object Object]",2075,5.871567260742188,"3.242753047876105","3.242753047876105","2100","0","3633.838234054307","GW7","ok","medium","ok","ok","ok","high","high","high","high","ok","medium","true","C7","C7: Below 4.0°C","IMAGE 3.2","SSP4-baseline","10.792368962647872","70.00871086292516","18.131972671432823","0","3.242753047876105","3.242753047876105","0.002682042",,"-3.574755200527619"
"1092","SSP2021-SSP4-Baseline","IMAGE 3.2","Final Energy|Residential and Commercial|Electricity","EJ/yr","[object Object]",2080,5.87796957397461,"3.242753047876105","3.242753047876105","2100","0","3633.838234054307","GW7","ok","medium","ok","ok","ok","high","high","high","high","ok","medium","true","C7","C7: Below 4.0°C","IMAGE 3.2","SSP4-baseline","10.792368962647872","70.00871086292516","18.131972671432823","0","3.242753047876105","3.242753047876105","0.002682042",,"-3.574755200527619"
"1092","SSP2021-SSP4-Baseline","IMAGE 3.2","Final Energy|Residential and Commercial|Electricity","EJ/yr","[object Object]",2085,5.866753356933594,"3.242753047876105","3.242753047876105","2100","0","3633.838234054307","GW7","ok","medium","ok","ok","ok","high","high","high","high","ok","medium","true","C7","C7: Below 4.0°C","IMAGE 3.2","SSP4-baseline","10.792368962647872","70.00871086292516","18.131972671432823","0","3.242753047876105","3.242753047876105","0.002682042",,"-3.574755200527619"
"1092","SSP2021-SSP4-Baseline","IMAGE 3.2","Final Energy|Residential and Commercial|Electricity","EJ/yr","[object Object]",2090,5.802635925292969,"3.242753047876105","3.242753047876105","2100","0","3633.838234054307","GW7","ok","medium","ok","ok","ok","high","high","high","high","ok","medium","true","C7","C7: Below 4.0°C","IMAGE 3.2","SSP4-baseline","10.792368962647872","70.00871086292516","18.131972671432823","0","3.242753047876105","3.242753047876105","0.002682042",,"-3.574755200527619"
"1092","SSP2021-SSP4-Baseline","IMAGE 3.2","Final Energy|Residential and Commercial|Electricity","EJ/yr","[object Object]",2095,5.682910369873047,"3.242753047876105","3.242753047876105","2100","0","3633.838234054307","GW7","ok","medium","ok","ok","ok","high","high","high","high","ok","medium","true","C7","C7: Below 4.0°C","IMAGE 3.2","SSP4-baseline","10.792368962647872","70.00871086292516","18.131972671432823","0","3.242753047876105","3.242753047876105","0.002682042",,"-3.574755200527619"
"1092","SSP2021-SSP4-Baseline","IMAGE 3.2","Final Energy|Residential and Commercial|Electricity","EJ/yr","[object Object]",2100,5.498576568603516,"3.242753047876105","3.242753047876105","2100","0","3633.838234054307","GW7","ok","medium","ok","ok","ok","high","high","high","high","ok","medium","true","C7","C7: Below 4.0°C","IMAGE 3.2","SSP4-baseline","10.792368962647872","70.00871086292516","18.131972671432823","0","3.242753047876105","3.242753047876105","0.002682042",,"-3.574755200527619"
"1132","COVID-Shift-GreenPush","MESSAGEix-GLOBIOM 1.2","Final Energy|Residential and Commercial|Electricity","EJ/yr","[object Object]",2010,7.155450464790534,"3.400224502042284","3.400224502042284","2100","0","4582.493212661412","GW7","failed","medium","ok","ok",,,,,,"ok","ok","true","C7","C7: Below 4.0°C","MESSAGEix-GLOBIOM_1.2","COV_GreenPush","0","0","5.964333701027176","0","3.400224502042284","3.400224502042284",,,"0.2845969128666468"
"1132","COVID-Shift-GreenPush","MESSAGEix-GLOBIOM 1.2","Final Energy|Residential and Commercial|Electricity","EJ/yr","[object Object]",2015,6.950679227102199,"3.400224502042284","3.400224502042284","2100","0","4582.493212661412","GW7","failed","medium","ok","ok",,,,,,"ok","ok","true","C7","C7: Below 4.0°C","MESSAGEix-GLOBIOM_1.2","COV_GreenPush","0","0","5.964333701027176","0","3.400224502042284","3.400224502042284",,,"0.2845969128666468"
"1132","COVID-Shift-GreenPush","MESSAGEix-GLOBIOM 1.2","Final Energy|Residential and Commercial|Electricity","EJ/yr","[object Object]",2020,6.773614792604915,"3.400224502042284","3.400224502042284","2100","0","4582.493212661412","GW7","failed","medium","ok","ok",,,,,,"ok","ok","true","C7","C7: Below 4.0°C","MESSAGEix-GLOBIOM_1.2","COV_GreenPush","0","0","5.964333701027176","0","3.400224502042284","3.400224502042284",,,"0.2845969128666468"
"1132","COVID-Shift-GreenPush","MESSAGEix-GLOBIOM 1.2","Final Energy|Residential and Commercial|Electricity","EJ/yr","[object Object]",2021,6.681133901981772,"3.400224502042284","3.400224502042284","2100","0","4582.493212661412","GW7","failed","medium","ok","ok",,,,,,"ok","ok","true","C7","C7: Below 4.0°C","MESSAGEix-GLOBIOM_1.2","COV_GreenPush","0","0","5.964333701027176","0","3.400224502042284","3.400224502042284",,,"0.2845969128666468"
"1132","COVID-Shift-GreenPush","MESSAGEix-GLOBIOM 1.2","Final Energy|Residential and Commercial|Electricity","EJ/yr","[object Object]",2022,6.760501345393115,"3.400224502042284","3.400224502042284","2100","0","4582.493212661412","GW7","failed","medium","ok","ok",,,,,,"ok","ok","true","C7","C7: Below 4.0°C","MESSAGEix-GLOBIOM_1.2","COV_GreenPush","0","0","5.964333701027176","0","3.400224502042284","3.400224502042284",,,"0.2845969128666468"
"1132","COVID-Shift-GreenPush","MESSAGEix-GLOBIOM 1.2","Final Energy|Residential and Commercial|Electricity","EJ/yr","[object Object]",2023,6.798360300721631,"3.400224502042284","3.400224502042284","2100","0","4582.493212661412","GW7","failed","medium","ok","ok",,,,,,"ok","ok","true","C7","C7: Below 4.0°C","MESSAGEix-GLOBIOM_1.2","COV_GreenPush","0","0","5.964333701027176","0","3.400224502042284","3.400224502042284",,,"0.2845969128666468"
"1132","COVID-Shift-GreenPush","MESSAGEix-GLOBIOM 1.2","Final Energy|Residential and Commercial|Electricity","EJ/yr","[object Object]",2024,6.832832099500452,"3.400224502042284","3.400224502042284","2100","0","4582.493212661412","GW7","failed","medium","ok","ok",,,,,,"ok","ok","true","C7","C7: Below 4.0°C","MESSAGEix-GLOBIOM_1.2","COV_GreenPush","0","0","5.964333701027176","0","3.400224502042284","3.400224502042284",,,"0.2845969128666468"
"1132","COVID-Shift-GreenPush","MESSAGEix-GLOBIOM 1.2","Final Energy|Residential and Commercial|Electricity","EJ/yr","[object Object]",2025,6.952778370538927,"3.400224502042284","3.400224502042284","2100","0","4582.493212661412","GW7","failed","medium","ok","ok",,,,,,"ok","ok","true","C7","C7: Below 4.0°C","MESSAGEix-GLOBIOM_1.2","COV_GreenPush","0","0","5.964333701027176","0","3.400224502042284","3.400224502042284",,,"0.2845969128666468"
"1132","COVID-Shift-GreenPush","MESSAGEix-GLOBIOM 1.2","Final Energy|Residential and Commercial|Electricity","EJ/yr","[object Object]",2030,7.22323199425289,"3.400224502042284","3.400224502042284","2100","0","4582.493212661412","GW7","failed","medium","ok","ok",,,,,,"ok","ok","true","C7","C7: Below 4.0°C","MESSAGEix-GLOBIOM_1.2","COV_GreenPush","0","0","5.964333701027176","0","3.400224502042284","3.400224502042284",,,"0.2845969128666468"
"1132","COVID-Shift-GreenPush","MESSAGEix-GLOBIOM 1.2","Final Energy|Residential and Commercial|Electricity","EJ/yr","[object Object]",2035,8.161894997101829,"3.400224502042284","3.400224502042284","2100","0","4582.493212661412","GW7","failed","medium","ok","ok",,,,,,"ok","ok","true","C7","C7: Below 4.0°C","MESSAGEix-GLOBIOM_1.2","COV_GreenPush","0","0","5.964333701027176","0","3.400224502042284","3.400224502042284",,,"0.2845969128666468"
"1132","COVID-Shift-GreenPush","MESSAGEix-GLOBIOM 1.2","Final Energy|Residential and Commercial|Electricity","EJ/yr","[object Object]",2040,9.09991380830871,"3.400224502042284","3.400224502042284","2100","0","4582.493212661412","GW7","failed","medium","ok","ok",,,,,,"ok","ok","true","C7","C7: Below 4.0°C","MESSAGEix-GLOBIOM_1.2","COV_GreenPush","0","0","5.964333701027176","0","3.400224502042284","3.400224502042284",,,"0.2845969128666468"
"1132","COVID-Shift-GreenPush","MESSAGEix-GLOBIOM 1.2","Final Energy|Residential and Commercial|Electricity","EJ/yr","[object Object]",2045,10.0910269979637,"3.400224502042284","3.400224502042284","2100","0","4582.493212661412","GW7","failed","medium","ok","ok",,,,,,"ok","ok","true","C7","C7: Below 4.0°C","MESSAGEix-GLOBIOM_1.2","COV_GreenPush","0","0","5.964333701027176","0","3.400224502042284","3.400224502042284",,,"0.2845969128666468"
"1132","COVID-Shift-GreenPush","MESSAGEix-GLOBIOM 1.2","Final Energy|Residential and Commercial|Electricity","EJ/yr","[object Object]",2050,11.02793122837476,"3.400224502042284","3.400224502042284","2100","0","4582.493212661412","GW7","failed","medium","ok","ok",,,,,,"ok","ok","true","C7","C7: Below 4.0°C","MESSAGEix-GLOBIOM_1.2","COV_GreenPush","0","0","5.964333701027176","0","3.400224502042284","3.400224502042284",,,"0.2845969128666468"
"1132","COVID-Shift-GreenPush","MESSAGEix-GLOBIOM 1.2","Final Energy|Residential and Commercial|Electricity","EJ/yr","[object Object]",2055,12.02918710824331,"3.400224502042284","3.400224502042284","2100","0","4582.493212661412","GW7","failed","medium","ok","ok",,,,,,"ok","ok","true","C7","C7: Below 4.0°C","MESSAGEix-GLOBIOM_1.2","COV_GreenPush","0","0","5.964333701027176","0","3.400224502042284","3.400224502042284",,,"0.2845969128666468"
"1132","COVID-Shift-GreenPush","MESSAGEix-GLOBIOM 1.2","Final Energy|Residential and Commercial|Electricity","EJ/yr","[object Object]",2060,13.03953806086574,"3.400224502042284","3.400224502042284","2100","0","4582.493212661412","GW7","failed","medium","ok","ok",,,,,,"ok","ok","true","C7","C7: Below 4.0°C","MESSAGEix-GLOBIOM_1.2","COV_GreenPush","0","0","5.964333701027176","0","3.400224502042284","3.400224502042284",,,"0.2845969128666468"
"1132","COVID-Shift-GreenPush","MESSAGEix-GLOBIOM 1.2","Final Energy|Residential and Commercial|Electricity","EJ/yr","[object Object]",2070,15.16035307718959,"3.400224502042284","3.400224502042284","2100","0","4582.493212661412","GW7","failed","medium","ok","ok",,,,,,"ok","ok","true","C7","C7: Below 4.0°C","MESSAGEix-GLOBIOM_1.2","COV_GreenPush","0","0","5.964333701027176","0","3.400224502042284","3.400224502042284",,,"0.2845969128666468"
"1132","COVID-Shift-GreenPush","MESSAGEix-GLOBIOM 1.2","Final Energy|Residential and Commercial|Electricity","EJ/yr","[object Object]",2080,17.3765534474427,"3.400224502042284","3.400224502042284","2100","0","4582.493212661412","GW7","failed","medium","ok","ok",,,,,,"ok","ok","true","C7","C7: Below 4.0°C","MESSAGEix-GLOBIOM_1.2","COV_GreenPush","0","0","5.964333701027176","0","3.400224502042284","3.400224502042284",,,"0.2845969128666468"
"1132","COVID-Shift-GreenPush","MESSAGEix-GLOBIOM 1.2","Final Energy|Residential and Commercial|Electricity","EJ/yr","[object Object]",2090,19.52324436687788,"3.400224502042284","3.400224502042284","2100","0","4582.493212661412","GW7","failed","medium","ok","ok",,,,,,"ok","ok","true","C7","C7: Below 4.0°C","MESSAGEix-GLOBIOM_1.2","COV_GreenPush","0","0","5.964333701027176","0","3.400224502042284","3.400224502042284",,,"0.2845969128666468"
"1132","COVID-Shift-GreenPush","MESSAGEix-GLOBIOM 1.2","Final Energy|Residential and Commercial|Electricity","EJ/yr","[object Object]",2100,21.64863044886404,"3.400224502042284","3.400224502042284","2100","0","4582.493212661412","GW7","failed","medium","ok","ok",,,,,,"ok","ok","true","C7","C7: Below 4.0°C","MESSAGEix-GLOBIOM_1.2","COV_GreenPush","0","0","5.964333701027176","0","3.400224502042284","3.400224502042284",,,"0.2845969128666468"
"1136","COVID-Shift-GreenPush_min_GDP","MESSAGEix-GLOBIOM 1.2","Final Energy|Residential and Commercial|Electricity","EJ/yr","[object Object]",2010,7.155450464790534,"3.06419094591709","3.06419094591709","2100","0","3960.1755692011175","GW7","failed","medium","ok","ok",,,,,,"ok","ok","true","C7","C7: Below 4.0°C","MESSAGEix-GLOBIOM_1.2","COV_GreenPush_min_GDP","0","0","7.0657441572748265","0","3.06419094591709","3.06419094591709",,,"0.2845969128666468"
"1136","COVID-Shift-GreenPush_min_GDP","MESSAGEix-GLOBIOM 1.2","Final Energy|Residential and Commercial|Electricity","EJ/yr","[object Object]",2015,6.950679227102199,"3.06419094591709","3.06419094591709","2100","0","3960.1755692011175","GW7","failed","medium","ok","ok",,,,,,"ok","ok","true","C7","C7: Below 4.0°C","MESSAGEix-GLOBIOM_1.2","COV_GreenPush_min_GDP","0","0","7.0657441572748265","0","3.06419094591709","3.06419094591709",,,"0.2845969128666468"
"1136","COVID-Shift-GreenPush_min_GDP","MESSAGEix-GLOBIOM 1.2","Final Energy|Residential and Commercial|Electricity","EJ/yr","[object Object]",2020,6.9037899558507,"3.06419094591709","3.06419094591709","2100","0","3960.1755692011175","GW7","failed","medium","ok","ok",,,,,,"ok","ok","true","C7","C7: Below 4.0°C","MESSAGEix-GLOBIOM_1.2","COV_GreenPush_min_GDP","0","0","7.0657441572748265","0","3.06419094591709","3.06419094591709",,,"0.2845969128666468"
"1136","COVID-Shift-GreenPush_min_GDP","MESSAGEix-GLOBIOM 1.2","Final Energy|Residential and Commercial|Electricity","EJ/yr","[object Object]",2021,6.594314860473231,"3.06419094591709","3.06419094591709","2100","0","3960.1755692011175","GW7","failed","medium","ok","ok",,,,,,"ok","ok","true","C7","C7: Below 4.0°C","MESSAGEix-GLOBIOM_1.2","COV_GreenPush_min_GDP","0","0","7.0657441572748265","0","3.06419094591709","3.06419094591709",,,"0.2845969128666468"
"1136","COVID-Shift-GreenPush_min_GDP","MESSAGEix-GLOBIOM 1.2","Final Energy|Residential and Commercial|Electricity","EJ/yr","[object Object]",2022,6.494057975178684,"3.06419094591709","3.06419094591709","2100","0","3960.1755692011175","GW7","failed","medium","ok","ok",,,,,,"ok","ok","true","C7","C7: Below 4.0°C","MESSAGEix-GLOBIOM_1.2","COV_GreenPush_min_GDP","0","0","7.0657441572748265","0","3.06419094591709","3.06419094591709",,,"0.2845969128666468"
"1136","COVID-Shift-GreenPush_min_GDP","MESSAGEix-GLOBIOM 1.2","Final Energy|Residential and Commercial|Electricity","EJ/yr","[object Object]",2023,6.44296262513676,"3.06419094591709","3.06419094591709","2100","0","3960.1755692011175","GW7","failed","medium","ok","ok",,,,,,"ok","ok","true","C7","C7: Below 4.0°C","MESSAGEix-GLOBIOM_1.2","COV_GreenPush_min_GDP","0","0","7.0657441572748265","0","3.06419094591709","3.06419094591709",,,"0.2845969128666468"
"1136","COVID-Shift-GreenPush_min_GDP","MESSAGEix-GLOBIOM 1.2","Final Energy|Residential and Commercial|Electricity","EJ/yr","[object Object]",2024,6.458984067717314,"3.06419094591709","3.06419094591709","2100","0","3960.1755692011175","GW7","failed","medium","ok","ok",,,,,,"ok","ok","true","C7","C7: Below 4.0°C","MESSAGEix-GLOBIOM_1.2","COV_GreenPush_min_GDP","0","0","7.0657441572748265","0","3.06419094591709","3.06419094591709",,,"0.2845969128666468"
"1136","COVID-Shift-GreenPush_min_GDP","MESSAGEix-GLOBIOM 1.2","Final Energy|Residential and Commercial|Electricity","EJ/yr","[object Object]",2025,6.461685420293555,"3.06419094591709","3.06419094591709","2100","0","3960.1755692011175","GW7","failed","medium","ok","ok",,,,,,"ok","ok","true","C7","C7: Below 4.0°C","MESSAGEix-GLOBIOM_1.2","COV_GreenPush_min_GDP","0","0","7.0657441572748265","0","3.06419094591709","3.06419094591709",,,"0.2845969128666468"
"1136","COVID-Shift-GreenPush_min_GDP","MESSAGEix-GLOBIOM 1.2","Final Energy|Residential and Commercial|Electricity","EJ/yr","[object Object]",2030,6.65933755177803,"3.06419094591709","3.06419094591709","2100","0","3960.1755692011175","GW7","failed","medium","ok","ok",,,,,,"ok","ok","true","C7","C7: Below 4.0°C","MESSAGEix-GLOBIOM_1.2","COV_GreenPush_min_GDP","0","0","7.0657441572748265","0","3.06419094591709","3.06419094591709",,,"0.2845969128666468"
"1136","COVID-Shift-GreenPush_min_GDP","MESSAGEix-GLOBIOM 1.2","Final Energy|Residential and Commercial|Electricity","EJ/yr","[object Object]",2035,7.42462913538255,"3.06419094591709","3.06419094591709","2100","0","3960.1755692011175","GW7","failed","medium","ok","ok",,,,,,"ok","ok","true","C7","C7: Below 4.0°C","MESSAGEix-GLOBIOM_1.2","COV_GreenPush_min_GDP","0","0","7.0657441572748265","0","3.06419094591709","3.06419094591709",,,"0.2845969128666468"
"1136","COVID-Shift-GreenPush_min_GDP","MESSAGEix-GLOBIOM 1.2","Final Energy|Residential and Commercial|Electricity","EJ/yr","[object Object]",2040,8.12229518672315,"3.06419094591709","3.06419094591709","2100","0","3960.1755692011175","GW7","failed","medium","ok","ok",,,,,,"ok","ok","true","C7","C7: Below 4.0°C","MESSAGEix-GLOBIOM_1.2","COV_GreenPush_min_GDP","0","0","7.0657441572748265","0","3.06419094591709","3.06419094591709",,,"0.2845969128666468"
"1136","COVID-Shift-GreenPush_min_GDP","MESSAGEix-GLOBIOM 1.2","Final Energy|Residential and Commercial|Electricity","EJ/yr","[object Object]",2045,8.85238996952734,"3.06419094591709","3.06419094591709","2100","0","3960.1755692011175","GW7","failed","medium","ok","ok",,,,,,"ok","ok","true","C7","C7: Below 4.0°C","MESSAGEix-GLOBIOM_1.2","COV_GreenPush_min_GDP","0","0","7.0657441572748265","0","3.06419094591709","3.06419094591709",,,"0.2845969128666468"
"1136","COVID-Shift-GreenPush_min_GDP","MESSAGEix-GLOBIOM 1.2","Final Energy|Residential and Commercial|Electricity","EJ/yr","[object Object]",2050,9.53271652287569,"3.06419094591709","3.06419094591709","2100","0","3960.1755692011175","GW7","failed","medium","ok","ok",,,,,,"ok","ok","true","C7","C7: Below 4.0°C","MESSAGEix-GLOBIOM_1.2","COV_GreenPush_min_GDP","0","0","7.0657441572748265","0","3.06419094591709","3.06419094591709",,,"0.2845969128666468"
"1136","COVID-Shift-GreenPush_min_GDP","MESSAGEix-GLOBIOM 1.2","Final Energy|Residential and Commercial|Electricity","EJ/yr","[object Object]",2055,10.23469005221586,"3.06419094591709","3.06419094591709","2100","0","3960.1755692011175","GW7","failed","medium","ok","ok",,,,,,"ok","ok","true","C7","C7: Below 4.0°C","MESSAGEix-GLOBIOM_1.2","COV_GreenPush_min_GDP","0","0","7.0657441572748265","0","3.06419094591709","3.06419094591709",,,"0.2845969128666468"
"1136","COVID-Shift-GreenPush_min_GDP","MESSAGEix-GLOBIOM 1.2","Final Energy|Residential and Commercial|Electricity","EJ/yr","[object Object]",2060,10.87331939307813,"3.06419094591709","3.06419094591709","2100","0","3960.1755692011175","GW7","failed","medium","ok","ok",,,,,,"ok","ok","true","C7","C7: Below 4.0°C","MESSAGEix-GLOBIOM_1.2","COV_GreenPush_min_GDP","0","0","7.0657441572748265","0","3.06419094591709","3.06419094591709",,,"0.2845969128666468"
"1136","COVID-Shift-GreenPush_min_GDP","MESSAGEix-GLOBIOM 1.2","Final Energy|Residential and Commercial|Electricity","EJ/yr","[object Object]",2070,13.20225573886823,"3.06419094591709","3.06419094591709","2100","0","3960.1755692011175","GW7","failed","medium","ok","ok",,,,,,"ok","ok","true","C7","C7: Below 4.0°C","MESSAGEix-GLOBIOM_1.2","COV_GreenPush_min_GDP","0","0","7.0657441572748265","0","3.06419094591709","3.06419094591709",,,"0.2845969128666468"
"1136","COVID-Shift-GreenPush_min_GDP","MESSAGEix-GLOBIOM 1.2","Final Energy|Residential and Commercial|Electricity","EJ/yr","[object Object]",2080,15.39892991517116,"3.06419094591709","3.06419094591709","2100","0","3960.1755692011175","GW7","failed","medium","ok","ok",,,,,,"ok","ok","true","C7","C7: Below 4.0°C","MESSAGEix-GLOBIOM_1.2","COV_GreenPush_min_GDP","0","0","7.0657441572748265","0","3.06419094591709","3.06419094591709",,,"0.2845969128666468"
"1136","COVID-Shift-GreenPush_min_GDP","MESSAGEix-GLOBIOM 1.2","Final Energy|Residential and Commercial|Electricity","EJ/yr","[object Object]",2090,17.32496493268663,"3.06419094591709","3.06419094591709","2100","0","3960.1755692011175","GW7","failed","medium","ok","ok",,,,,,"ok","ok","true","C7","C7: Below 4.0°C","MESSAGEix-GLOBIOM_1.2","COV_GreenPush_min_GDP","0","0","7.0657441572748265","0","3.06419094591709","3.06419094591709",,,"0.2845969128666468"
"1136","COVID-Shift-GreenPush_min_GDP","MESSAGEix-GLOBIOM 1.2","Final Energy|Residential and Commercial|Electricity","EJ/yr","[object Object]",2100,18.93314698186544,"3.06419094591709","3.06419094591709","2100","0","3960.1755692011175","GW7","failed","medium","ok","ok",,,,,,"ok","ok","true","C7","C7: Below 4.0°C","MESSAGEix-GLOBIOM_1.2","COV_GreenPush_min_GDP","0","0","7.0657441572748265","0","3.06419094591709","3.06419094591709",,,"0.2845969128666468"
"1147","COVID-Shift-SelfReliance_min_GDP","MESSAGEix-GLOBIOM 1.2","Final Energy|Residential and Commercial|Electricity","EJ/yr","[object Object]",2010,7.155450464790534,"3.261775259361733","3.261775259361733","2100","0","4311.612758347975","GW7","failed","medium","ok","ok",,,,,,"ok","ok","true","C7","C7: Below 4.0°C","MESSAGEix-GLOBIOM_1.2","COV_SelfReliance_min_GDP","0","0","6.358053464851289","0","3.261775259361733","3.261775259361733",,,"0.2845969128666468"
"1147","COVID-Shift-SelfReliance_min_GDP","MESSAGEix-GLOBIOM 1.2","Final Energy|Residential and Commercial|Electricity","EJ/yr","[object Object]",2015,6.950679227102199,"3.261775259361733","3.261775259361733","2100","0","4311.612758347975","GW7","failed","medium","ok","ok",,,,,,"ok","ok","true","C7","C7: Below 4.0°C","MESSAGEix-GLOBIOM_1.2","COV_SelfReliance_min_GDP","0","0","6.358053464851289","0","3.261775259361733","3.261775259361733",,,"0.2845969128666468"
"1147","COVID-Shift-SelfReliance_min_GDP","MESSAGEix-GLOBIOM 1.2","Final Energy|Residential and Commercial|Electricity","EJ/yr","[object Object]",2020,6.911613421783467,"3.261775259361733","3.261775259361733","2100","0","4311.612758347975","GW7","failed","medium","ok","ok",,,,,,"ok","ok","true","C7","C7: Below 4.0°C","MESSAGEix-GLOBIOM_1.2","COV_SelfReliance_min_GDP","0","0","6.358053464851289","0","3.261775259361733","3.261775259361733",,,"0.2845969128666468"
"1147","COVID-Shift-SelfReliance_min_GDP","MESSAGEix-GLOBIOM 1.2","Final Energy|Residential and Commercial|Electricity","EJ/yr","[object Object]",2021,6.913237380574573,"3.261775259361733","3.261775259361733","2100","0","4311.612758347975","GW7","failed","medium","ok","ok",,,,,,"ok","ok","true","C7","C7: Below 4.0°C","MESSAGEix-GLOBIOM_1.2","COV_SelfReliance_min_GDP","0","0","6.358053464851289","0","3.261775259361733","3.261775259361733",,,"0.2845969128666468"
"1147","COVID-Shift-SelfReliance_min_GDP","MESSAGEix-GLOBIOM 1.2","Final Energy|Residential and Commercial|Electricity","EJ/yr","[object Object]",2022,6.843737508070049,"3.261775259361733","3.261775259361733","2100","0","4311.612758347975","GW7","failed","medium","ok","ok",,,,,,"ok","ok","true","C7","C7: Below 4.0°C","MESSAGEix-GLOBIOM_1.2","COV_SelfReliance_min_GDP","0","0","6.358053464851289","0","3.261775259361733","3.261775259361733",,,"0.2845969128666468"
"1147","COVID-Shift-SelfReliance_min_GDP","MESSAGEix-GLOBIOM 1.2","Final Energy|Residential and Commercial|Electricity","EJ/yr","[object Object]",2023,6.821751149205604,"3.261775259361733","3.261775259361733","2100","0","4311.612758347975","GW7","failed","medium","ok","ok",,,,,,"ok","ok","true","C7","C7: Below 4.0°C","MESSAGEix-GLOBIOM_1.2","COV_SelfReliance_min_GDP","0","0","6.358053464851289","0","3.261775259361733","3.261775259361733",,,"0.2845969128666468"
"1147","COVID-Shift-SelfReliance_min_GDP","MESSAGEix-GLOBIOM 1.2","Final Energy|Residential and Commercial|Electricity","EJ/yr","[object Object]",2024,6.836035081745312,"3.261775259361733","3.261775259361733","2100","0","4311.612758347975","GW7","failed","medium","ok","ok",,,,,,"ok","ok","true","C7","C7: Below 4.0°C","MESSAGEix-GLOBIOM_1.2","COV_SelfReliance_min_GDP","0","0","6.358053464851289","0","3.261775259361733","3.261775259361733",,,"0.2845969128666468"
"1147","COVID-Shift-SelfReliance_min_GDP","MESSAGEix-GLOBIOM 1.2","Final Energy|Residential and Commercial|Electricity","EJ/yr","[object Object]",2025,6.829331150918654,"3.261775259361733","3.261775259361733","2100","0","4311.612758347975","GW7","failed","medium","ok","ok",,,,,,"ok","ok","true","C7","C7: Below 4.0°C","MESSAGEix-GLOBIOM_1.2","COV_SelfReliance_min_GDP","0","0","6.358053464851289","0","3.261775259361733","3.261775259361733",,,"0.2845969128666468"
"1147","COVID-Shift-SelfReliance_min_GDP","MESSAGEix-GLOBIOM 1.2","Final Energy|Residential and Commercial|Electricity","EJ/yr","[object Object]",2030,7.03131933296401,"3.261775259361733","3.261775259361733","2100","0","4311.612758347975","GW7","failed","medium","ok","ok",,,,,,"ok","ok","true","C7","C7: Below 4.0°C","MESSAGEix-GLOBIOM_1.2","COV_SelfReliance_min_GDP","0","0","6.358053464851289","0","3.261775259361733","3.261775259361733",,,"0.2845969128666468"
"1147","COVID-Shift-SelfReliance_min_GDP","MESSAGEix-GLOBIOM 1.2","Final Energy|Residential and Commercial|Electricity","EJ/yr","[object Object]",2035,7.761440706035749,"3.261775259361733","3.261775259361733","2100","0","4311.612758347975","GW7","failed","medium","ok","ok",,,,,,"ok","ok","true","C7","C7: Below 4.0°C","MESSAGEix-GLOBIOM_1.2","COV_SelfReliance_min_GDP","0","0","6.358053464851289","0","3.261775259361733","3.261775259361733",,,"0.2845969128666468"
"1147","COVID-Shift-SelfReliance_min_GDP","MESSAGEix-GLOBIOM 1.2","Final Energy|Residential and Commercial|Electricity","EJ/yr","[object Object]",2040,8.474582799376801,"3.261775259361733","3.261775259361733","2100","0","4311.612758347975","GW7","failed","medium","ok","ok",,,,,,"ok","ok","true","C7","C7: Below 4.0°C","MESSAGEix-GLOBIOM_1.2","COV_SelfReliance_min_GDP","0","0","6.358053464851289","0","3.261775259361733","3.261775259361733",,,"0.2845969128666468"
"1147","COVID-Shift-SelfReliance_min_GDP","MESSAGEix-GLOBIOM 1.2","Final Energy|Residential and Commercial|Electricity","EJ/yr","[object Object]",2045,9.222162111958667,"3.261775259361733","3.261775259361733","2100","0","4311.612758347975","GW7","failed","medium","ok","ok",,,,,,"ok","ok","true","C7","C7: Below 4.0°C","MESSAGEix-GLOBIOM_1.2","COV_SelfReliance_min_GDP","0","0","6.358053464851289","0","3.261775259361733","3.261775259361733",,,"0.2845969128666468"
"1147","COVID-Shift-SelfReliance_min_GDP","MESSAGEix-GLOBIOM 1.2","Final Energy|Residential and Commercial|Electricity","EJ/yr","[object Object]",2050,9.91777154603956,"3.261775259361733","3.261775259361733","2100","0","4311.612758347975","GW7","failed","medium","ok","ok",,,,,,"ok","ok","true","C7","C7: Below 4.0°C","MESSAGEix-GLOBIOM_1.2","COV_SelfReliance_min_GDP","0","0","6.358053464851289","0","3.261775259361733","3.261775259361733",,,"0.2845969128666468"
"1147","COVID-Shift-SelfReliance_min_GDP","MESSAGEix-GLOBIOM 1.2","Final Energy|Residential and Commercial|Electricity","EJ/yr","[object Object]",2055,10.63293932048304,"3.261775259361733","3.261775259361733","2100","0","4311.612758347975","GW7","failed","medium","ok","ok",,,,,,"ok","ok","true","C7","C7: Below 4.0°C","MESSAGEix-GLOBIOM_1.2","COV_SelfReliance_min_GDP","0","0","6.358053464851289","0","3.261775259361733","3.261775259361733",,,"0.2845969128666468"
"1147","COVID-Shift-SelfReliance_min_GDP","MESSAGEix-GLOBIOM 1.2","Final Energy|Residential and Commercial|Electricity","EJ/yr","[object Object]",2060,11.28750431461117,"3.261775259361733","3.261775259361733","2100","0","4311.612758347975","GW7","failed","medium","ok","ok",,,,,,"ok","ok","true","C7","C7: Below 4.0°C","MESSAGEix-GLOBIOM_1.2","COV_SelfReliance_min_GDP","0","0","6.358053464851289","0","3.261775259361733","3.261775259361733",,,"0.2845969128666468"
"1147","COVID-Shift-SelfReliance_min_GDP","MESSAGEix-GLOBIOM 1.2","Final Energy|Residential and Commercial|Electricity","EJ/yr","[object Object]",2070,13.70270485155199,"3.261775259361733","3.261775259361733","2100","0","4311.612758347975","GW7","failed","medium","ok","ok",,,,,,"ok","ok","true","C7","C7: Below 4.0°C","MESSAGEix-GLOBIOM_1.2","COV_SelfReliance_min_GDP","0","0","6.358053464851289","0","3.261775259361733","3.261775259361733",,,"0.2845969128666468"
"1147","COVID-Shift-SelfReliance_min_GDP","MESSAGEix-GLOBIOM 1.2","Final Energy|Residential and Commercial|Electricity","EJ/yr","[object Object]",2080,15.98686747883435,"3.261775259361733","3.261775259361733","2100","0","4311.612758347975","GW7","failed","medium","ok","ok",,,,,,"ok","ok","true","C7","C7: Below 4.0°C","MESSAGEix-GLOBIOM_1.2","COV_SelfReliance_min_GDP","0","0","6.358053464851289","0","3.261775259361733","3.261775259361733",,,"0.2845969128666468"
"1147","COVID-Shift-SelfReliance_min_GDP","MESSAGEix-GLOBIOM 1.2","Final Energy|Residential and Commercial|Electricity","EJ/yr","[object Object]",2090,18.02367710273867,"3.261775259361733","3.261775259361733","2100","0","4311.612758347975","GW7","failed","medium","ok","ok",,,,,,"ok","ok","true","C7","C7: Below 4.0°C","MESSAGEix-GLOBIOM_1.2","COV_SelfReliance_min_GDP","0","0","6.358053464851289","0","3.261775259361733","3.261775259361733",,,"0.2845969128666468"
"1147","COVID-Shift-SelfReliance_min_GDP","MESSAGEix-GLOBIOM 1.2","Final Energy|Residential and Commercial|Electricity","EJ/yr","[object Object]",2100,19.70887435322364,"3.261775259361733","3.261775259361733","2100","0","4311.612758347975","GW7","failed","medium","ok","ok",,,,,,"ok","ok","true","C7","C7: Below 4.0°C","MESSAGEix-GLOBIOM_1.2","COV_SelfReliance_min_GDP","0","0","6.358053464851289","0","3.261775259361733","3.261775259361733",,,"0.2845969128666468"
"1205","LeastTotalCost-NPi-brkLR15-SSP2-P50","REMIND 2.1","Final Energy|Residential and Commercial|Electricity","EJ/yr","[object Object]",2010,6.2291,"3.317252179628885","3.317252179628885","2100","9.924136699999998","3706.311496","GW7","failed","medium","ok","ok","medium","medium",,"medium","medium","ok","ok","true","C7","C7: Below 4.0°C","REMIND 2.1","LeastTotalCost_NPi_brkLR15_SSP2_P50","24.855361568701888","59.5884785679609","15.214502900068988","9.924136699999998","3.317252179628885","3.317252179628885",,,
"1205","LeastTotalCost-NPi-brkLR15-SSP2-P50","REMIND 2.1","Final Energy|Residential and Commercial|Electricity","EJ/yr","[object Object]",2015,5.8433,"3.317252179628885","3.317252179628885","2100","9.924136699999998","3706.311496","GW7","failed","medium","ok","ok","medium","medium",,"medium","medium","ok","ok","true","C7","C7: Below 4.0°C","REMIND 2.1","LeastTotalCost_NPi_brkLR15_SSP2_P50","24.855361568701888","59.5884785679609","15.214502900068988","9.924136699999998","3.317252179628885","3.317252179628885",,,
"1205","LeastTotalCost-NPi-brkLR15-SSP2-P50","REMIND 2.1","Final Energy|Residential and Commercial|Electricity","EJ/yr","[object Object]",2020,6.4618,"3.317252179628885","3.317252179628885","2100","9.924136699999998","3706.311496","GW7","failed","medium","ok","ok","medium","medium",,"medium","medium","ok","ok","true","C7","C7: Below 4.0°C","REMIND 2.1","LeastTotalCost_NPi_brkLR15_SSP2_P50","24.855361568701888","59.5884785679609","15.214502900068988","9.924136699999998","3.317252179628885","3.317252179628885",,,
"1205","LeastTotalCost-NPi-brkLR15-SSP2-P50","REMIND 2.1","Final Energy|Residential and Commercial|Electricity","EJ/yr","[object Object]",2025,6.976,"3.317252179628885","3.317252179628885","2100","9.924136699999998","3706.311496","GW7","failed","medium","ok","ok","medium","medium",,"medium","medium","ok","ok","true","C7","C7: Below 4.0°C","REMIND 2.1","LeastTotalCost_NPi_brkLR15_SSP2_P50","24.855361568701888","59.5884785679609","15.214502900068988","9.924136699999998","3.317252179628885","3.317252179628885",,,
"1205","LeastTotalCost-NPi-brkLR15-SSP2-P50","REMIND 2.1","Final Energy|Residential and Commercial|Electricity","EJ/yr","[object Object]",2030,7.4557,"3.317252179628885","3.317252179628885","2100","9.924136699999998","3706.311496","GW7","failed","medium","ok","ok","medium","medium",,"medium","medium","ok","ok","true","C7","C7: Below 4.0°C","REMIND 2.1","LeastTotalCost_NPi_brkLR15_SSP2_P50","24.855361568701888","59.5884785679609","15.214502900068988","9.924136699999998","3.317252179628885","3.317252179628885",,,
"1205","LeastTotalCost-NPi-brkLR15-SSP2-P50","REMIND 2.1","Final Energy|Residential and Commercial|Electricity","EJ/yr","[object Object]",2035,7.7516,"3.317252179628885","3.317252179628885","2100","9.924136699999998","3706.311496","GW7","failed","medium","ok","ok","medium","medium",,"medium","medium","ok","ok","true","C7","C7: Below 4.0°C","REMIND 2.1","LeastTotalCost_NPi_brkLR15_SSP2_P50","24.855361568701888","59.5884785679609","15.214502900068988","9.924136699999998","3.317252179628885","3.317252179628885",,,
"1205","LeastTotalCost-NPi-brkLR15-SSP2-P50","REMIND 2.1","Final Energy|Residential and Commercial|Electricity","EJ/yr","[object Object]",2040,7.6704,"3.317252179628885","3.317252179628885","2100","9.924136699999998","3706.311496","GW7","failed","medium","ok","ok","medium","medium",,"medium","medium","ok","ok","true","C7","C7: Below 4.0°C","REMIND 2.1","LeastTotalCost_NPi_brkLR15_SSP2_P50","24.855361568701888","59.5884785679609","15.214502900068988","9.924136699999998","3.317252179628885","3.317252179628885",,,
"1205","LeastTotalCost-NPi-brkLR15-SSP2-P50","REMIND 2.1","Final Energy|Residential and Commercial|Electricity","EJ/yr","[object Object]",2045,7.6158,"3.317252179628885","3.317252179628885","2100","9.924136699999998","3706.311496","GW7","failed","medium","ok","ok","medium","medium",,"medium","medium","ok","ok","true","C7","C7: Below 4.0°C","REMIND 2.1","LeastTotalCost_NPi_brkLR15_SSP2_P50","24.855361568701888","59.5884785679609","15.214502900068988","9.924136699999998","3.317252179628885","3.317252179628885",,,
"1205","LeastTotalCost-NPi-brkLR15-SSP2-P50","REMIND 2.1","Final Energy|Residential and Commercial|Electricity","EJ/yr","[object Object]",2050,7.643,"3.317252179628885","3.317252179628885","2100","9.924136699999998","3706.311496","GW7","failed","medium","ok","ok","medium","medium",,"medium","medium","ok","ok","true","C7","C7: Below 4.0°C","REMIND 2.1","LeastTotalCost_NPi_brkLR15_SSP2_P50","24.855361568701888","59.5884785679609","15.214502900068988","9.924136699999998","3.317252179628885","3.317252179628885",,,
"1205","LeastTotalCost-NPi-brkLR15-SSP2-P50","REMIND 2.1","Final Energy|Residential and Commercial|Electricity","EJ/yr","[object Object]",2055,7.6626,"3.317252179628885","3.317252179628885","2100","9.924136699999998","3706.311496","GW7","failed","medium","ok","ok","medium","medium",,"medium","medium","ok","ok","true","C7","C7: Below 4.0°C","REMIND 2.1","LeastTotalCost_NPi_brkLR15_SSP2_P50","24.855361568701888","59.5884785679609","15.214502900068988","9.924136699999998","3.317252179628885","3.317252179628885",,,
"1205","LeastTotalCost-NPi-brkLR15-SSP2-P50","REMIND 2.1","Final Energy|Residential and Commercial|Electricity","EJ/yr","[object Object]",2060,7.733,"3.317252179628885","3.317252179628885","2100","9.924136699999998","3706.311496","GW7","failed","medium","ok","ok","medium","medium",,"medium","medium","ok","ok","true","C7","C7: Below 4.0°C","REMIND 2.1","LeastTotalCost_NPi_brkLR15_SSP2_P50","24.855361568701888","59.5884785679609","15.214502900068988","9.924136699999998","3.317252179628885","3.317252179628885",,,
"1205","LeastTotalCost-NPi-brkLR15-SSP2-P50","REMIND 2.1","Final Energy|Residential and Commercial|Electricity","EJ/yr","[object Object]",2070,7.8186,"3.317252179628885","3.317252179628885","2100","9.924136699999998","3706.311496","GW7","failed","medium","ok","ok","medium","medium",,"medium","medium","ok","ok","true","C7","C7: Below 4.0°C","REMIND 2.1","LeastTotalCost_NPi_brkLR15_SSP2_P50","24.855361568701888","59.5884785679609","15.214502900068988","9.924136699999998","3.317252179628885","3.317252179628885",,,
"1205","LeastTotalCost-NPi-brkLR15-SSP2-P50","REMIND 2.1","Final Energy|Residential and Commercial|Electricity","EJ/yr","[object Object]",2080,7.7922,"3.317252179628885","3.317252179628885","2100","9.924136699999998","3706.311496","GW7","failed","medium","ok","ok","medium","medium",,"medium","medium","ok","ok","true","C7","C7: Below 4.0°C","REMIND 2.1","LeastTotalCost_NPi_brkLR15_SSP2_P50","24.855361568701888","59.5884785679609","15.214502900068988","9.924136699999998","3.317252179628885","3.317252179628885",,,
"1205","LeastTotalCost-NPi-brkLR15-SSP2-P50","REMIND 2.1","Final Energy|Residential and Commercial|Electricity","EJ/yr","[object Object]",2090,7.892300000000001,"3.317252179628885","3.317252179628885","2100","9.924136699999998","3706.311496","GW7","failed","medium","ok","ok","medium","medium",,"medium","medium","ok","ok","true","C7","C7: Below 4.0°C","REMIND 2.1","LeastTotalCost_NPi_brkLR15_SSP2_P50","24.855361568701888","59.5884785679609","15.214502900068988","9.924136699999998","3.317252179628885","3.317252179628885",,,
"1205","LeastTotalCost-NPi-brkLR15-SSP2-P50","REMIND 2.1","Final Energy|Residential and Commercial|Electricity","EJ/yr","[object Object]",2100,8.0174,"3.317252179628885","3.317252179628885","2100","9.924136699999998","3706.311496","GW7","failed","medium","ok","ok","medium","medium",,"medium","medium","ok","ok","true","C7","C7: Below 4.0°C","REMIND 2.1","LeastTotalCost_NPi_brkLR15_SSP2_P50","24.855361568701888","59.5884785679609","15.214502900068988","9.924136699999998","3.317252179628885","3.317252179628885",,,
"1208","LeastTotalCost-NPi-brkSR15-SSP2-P50","REMIND 2.1","Final Energy|Residential and Commercial|Electricity","EJ/yr","[object Object]",2010,6.2264,"3.349155789767729","3.349155789767729","2100","10.566517","3774.8981258499994","GW7","failed","medium","ok","ok","medium","medium",,"medium","medium","ok","ok","true","C7","C7: Below 4.0°C","REMIND 2.1","LeastTotalCost_NPi_brkSR15_SSP2_P50","23.894796410756886","61.663684667100405","14.124342604641074","10.566517","3.349155789767729","3.349155789767729",,,
"1208","LeastTotalCost-NPi-brkSR15-SSP2-P50","REMIND 2.1","Final Energy|Residential and Commercial|Electricity","EJ/yr","[object Object]",2015,5.8413,"3.349155789767729","3.349155789767729","2100","10.566517","3774.8981258499994","GW7","failed","medium","ok","ok","medium","medium",,"medium","medium","ok","ok","true","C7","C7: Below 4.0°C","REMIND 2.1","LeastTotalCost_NPi_brkSR15_SSP2_P50","23.894796410756886","61.663684667100405","14.124342604641074","10.566517","3.349155789767729","3.349155789767729",,,
"1208","LeastTotalCost-NPi-brkSR15-SSP2-P50","REMIND 2.1","Final Energy|Residential and Commercial|Electricity","EJ/yr","[object Object]",2020,6.4653,"3.349155789767729","3.349155789767729","2100","10.566517","3774.8981258499994","GW7","failed","medium","ok","ok","medium","medium",,"medium","medium","ok","ok","true","C7","C7: Below 4.0°C","REMIND 2.1","LeastTotalCost_NPi_brkSR15_SSP2_P50","23.894796410756886","61.663684667100405","14.124342604641074","10.566517","3.349155789767729","3.349155789767729",,,
"1208","LeastTotalCost-NPi-brkSR15-SSP2-P50","REMIND 2.1","Final Energy|Residential and Commercial|Electricity","EJ/yr","[object Object]",2025,6.9903,"3.349155789767729","3.349155789767729","2100","10.566517","3774.8981258499994","GW7","failed","medium","ok","ok","medium","medium",,"medium","medium","ok","ok","true","C7","C7: Below 4.0°C","REMIND 2.1","LeastTotalCost_NPi_brkSR15_SSP2_P50","23.894796410756886","61.663684667100405","14.124342604641074","10.566517","3.349155789767729","3.349155789767729",,,
"1208","LeastTotalCost-NPi-brkSR15-SSP2-P50","REMIND 2.1","Final Energy|Residential and Commercial|Electricity","EJ/yr","[object Object]",2030,7.4953,"3.349155789767729","3.349155789767729","2100","10.566517","3774.8981258499994","GW7","failed","medium","ok","ok","medium","medium",,"medium","medium","ok","ok","true","C7","C7: Below 4.0°C","REMIND 2.1","LeastTotalCost_NPi_brkSR15_SSP2_P50","23.894796410756886","61.663684667100405","14.124342604641074","10.566517","3.349155789767729","3.349155789767729",,,
"1208","LeastTotalCost-NPi-brkSR15-SSP2-P50","REMIND 2.1","Final Energy|Residential and Commercial|Electricity","EJ/yr","[object Object]",2035,7.8258,"3.349155789767729","3.349155789767729","2100","10.566517","3774.8981258499994","GW7","failed","medium","ok","ok","medium","medium",,"medium","medium","ok","ok","true","C7","C7: Below 4.0°C","REMIND 2.1","LeastTotalCost_NPi_brkSR15_SSP2_P50","23.894796410756886","61.663684667100405","14.124342604641074","10.566517","3.349155789767729","3.349155789767729",,,
"1208","LeastTotalCost-NPi-brkSR15-SSP2-P50","REMIND 2.1","Final Energy|Residential and Commercial|Electricity","EJ/yr","[object Object]",2040,7.8527,"3.349155789767729","3.349155789767729","2100","10.566517","3774.8981258499994","GW7","failed","medium","ok","ok","medium","medium",,"medium","medium","ok","ok","true","C7","C7: Below 4.0°C","REMIND 2.1","LeastTotalCost_NPi_brkSR15_SSP2_P50","23.894796410756886","61.663684667100405","14.124342604641074","10.566517","3.349155789767729","3.349155789767729",,,
"1208","LeastTotalCost-NPi-brkSR15-SSP2-P50","REMIND 2.1","Final Energy|Residential and Commercial|Electricity","EJ/yr","[object Object]",2045,7.957,"3.349155789767729","3.349155789767729","2100","10.566517","3774.8981258499994","GW7","failed","medium","ok","ok","medium","medium",,"medium","medium","ok","ok","true","C7","C7: Below 4.0°C","REMIND 2.1","LeastTotalCost_NPi_brkSR15_SSP2_P50","23.894796410756886","61.663684667100405","14.124342604641074","10.566517","3.349155789767729","3.349155789767729",,,
"1208","LeastTotalCost-NPi-brkSR15-SSP2-P50","REMIND 2.1","Final Energy|Residential and Commercial|Electricity","EJ/yr","[object Object]",2050,8.1763,"3.349155789767729","3.349155789767729","2100","10.566517","3774.8981258499994","GW7","failed","medium","ok","ok","medium","medium",,"medium","medium","ok","ok","true","C7","C7: Below 4.0°C","REMIND 2.1","LeastTotalCost_NPi_brkSR15_SSP2_P50","23.894796410756886","61.663684667100405","14.124342604641074","10.566517","3.349155789767729","3.349155789767729",,,
"1208","LeastTotalCost-NPi-brkSR15-SSP2-P50","REMIND 2.1","Final Energy|Residential and Commercial|Electricity","EJ/yr","[object Object]",2055,8.3912,"3.349155789767729","3.349155789767729","2100","10.566517","3774.8981258499994","GW7","failed","medium","ok","ok","medium","medium",,"medium","medium","ok","ok","true","C7","C7: Below 4.0°C","REMIND 2.1","LeastTotalCost_NPi_brkSR15_SSP2_P50","23.894796410756886","61.663684667100405","14.124342604641074","10.566517","3.349155789767729","3.349155789767729",,,
"1208","LeastTotalCost-NPi-brkSR15-SSP2-P50","REMIND 2.1","Final Energy|Residential and Commercial|Electricity","EJ/yr","[object Object]",2060,8.671,"3.349155789767729","3.349155789767729","2100","10.566517","3774.8981258499994","GW7","failed","medium","ok","ok","medium","medium",,"medium","medium","ok","ok","true","C7","C7: Below 4.0°C","REMIND 2.1","LeastTotalCost_NPi_brkSR15_SSP2_P50","23.894796410756886","61.663684667100405","14.124342604641074","10.566517","3.349155789767729","3.349155789767729",,,
"1208","LeastTotalCost-NPi-brkSR15-SSP2-P50","REMIND 2.1","Final Energy|Residential and Commercial|Electricity","EJ/yr","[object Object]",2070,9.1116,"3.349155789767729","3.349155789767729","2100","10.566517","3774.8981258499994","GW7","failed","medium","ok","ok","medium","medium",,"medium","medium","ok","ok","true","C7","C7: Below 4.0°C","REMIND 2.1","LeastTotalCost_NPi_brkSR15_SSP2_P50","23.894796410756886","61.663684667100405","14.124342604641074","10.566517","3.349155789767729","3.349155789767729",,,
"1208","LeastTotalCost-NPi-brkSR15-SSP2-P50","REMIND 2.1","Final Energy|Residential and Commercial|Electricity","EJ/yr","[object Object]",2080,9.3268,"3.349155789767729","3.349155789767729","2100","10.566517","3774.8981258499994","GW7","failed","medium","ok","ok","medium","medium",,"medium","medium","ok","ok","true","C7","C7: Below 4.0°C","REMIND 2.1","LeastTotalCost_NPi_brkSR15_SSP2_P50","23.894796410756886","61.663684667100405","14.124342604641074","10.566517","3.349155789767729","3.349155789767729",,,
"1208","LeastTotalCost-NPi-brkSR15-SSP2-P50","REMIND 2.1","Final Energy|Residential and Commercial|Electricity","EJ/yr","[object Object]",2090,9.6951,"3.349155789767729","3.349155789767729","2100","10.566517","3774.8981258499994","GW7","failed","medium","ok","ok","medium","medium",,"medium","medium","ok","ok","true","C7","C7: Below 4.0°C","REMIND 2.1","LeastTotalCost_NPi_brkSR15_SSP2_P50","23.894796410756886","61.663684667100405","14.124342604641074","10.566517","3.349155789767729","3.349155789767729",,,
"1208","LeastTotalCost-NPi-brkSR15-SSP2-P50","REMIND 2.1","Final Energy|Residential and Commercial|Electricity","EJ/yr","[object Object]",2100,10.1255,"3.349155789767729","3.349155789767729","2100","10.566517","3774.8981258499994","GW7","failed","medium","ok","ok","medium","medium",,"medium","medium","ok","ok","true","C7","C7: Below 4.0°C","REMIND 2.1","LeastTotalCost_NPi_brkSR15_SSP2_P50","23.894796410756886","61.663684667100405","14.124342604641074","10.566517","3.349155789767729","3.349155789767729",,,
"1221","R2p1-SSP2-NPi","REMIND 2.1","Final Energy|Residential and Commercial|Electricity","EJ/yr","[object Object]",2010,6.2696,"3.342857665332547","3.342857665332547","2100","2.5857213999999997","3788.9195372","GW7","failed","medium","ok","ok","medium","medium",,"medium","medium","ok","medium","true","C7","C7: Below 4.0°C","REMIND 2.1","R2p1_SSP2-NPi","30.709544681993016","54.174792020753195","14.975758117899632","2.5857213999999997","3.342857665332547","3.342857665332547",,,
"1221","R2p1-SSP2-NPi","REMIND 2.1","Final Energy|Residential and Commercial|Electricity","EJ/yr","[object Object]",2015,5.7962,"3.342857665332547","3.342857665332547","2100","2.5857213999999997","3788.9195372","GW7","failed","medium","ok","ok","medium","medium",,"medium","medium","ok","medium","true","C7","C7: Below 4.0°C","REMIND 2.1","R2p1_SSP2-NPi","30.709544681993016","54.174792020753195","14.975758117899632","2.5857213999999997","3.342857665332547","3.342857665332547",,,
"1221","R2p1-SSP2-NPi","REMIND 2.1","Final Energy|Residential and Commercial|Electricity","EJ/yr","[object Object]",2020,6.4758,"3.342857665332547","3.342857665332547","2100","2.5857213999999997","3788.9195372","GW7","failed","medium","ok","ok","medium","medium",,"medium","medium","ok","medium","true","C7","C7: Below 4.0°C","REMIND 2.1","R2p1_SSP2-NPi","30.709544681993016","54.174792020753195","14.975758117899632","2.5857213999999997","3.342857665332547","3.342857665332547",,,
"1221","R2p1-SSP2-NPi","REMIND 2.1","Final Energy|Residential and Commercial|Electricity","EJ/yr","[object Object]",2025,6.9869,"3.342857665332547","3.342857665332547","2100","2.5857213999999997","3788.9195372","GW7","failed","medium","ok","ok","medium","medium",,"medium","medium","ok","medium","true","C7","C7: Below 4.0°C","REMIND 2.1","R2p1_SSP2-NPi","30.709544681993016","54.174792020753195","14.975758117899632","2.5857213999999997","3.342857665332547","3.342857665332547",,,
"1221","R2p1-SSP2-NPi","REMIND 2.1","Final Energy|Residential and Commercial|Electricity","EJ/yr","[object Object]",2030,7.4869,"3.342857665332547","3.342857665332547","2100","2.5857213999999997","3788.9195372","GW7","failed","medium","ok","ok","medium","medium",,"medium","medium","ok","medium","true","C7","C7: Below 4.0°C","REMIND 2.1","R2p1_SSP2-NPi","30.709544681993016","54.174792020753195","14.975758117899632","2.5857213999999997","3.342857665332547","3.342857665332547",,,
"1221","R2p1-SSP2-NPi","REMIND 2.1","Final Energy|Residential and Commercial|Electricity","EJ/yr","[object Object]",2035,7.7324,"3.342857665332547","3.342857665332547","2100","2.5857213999999997","3788.9195372","GW7","failed","medium","ok","ok","medium","medium",,"medium","medium","ok","medium","true","C7","C7: Below 4.0°C","REMIND 2.1","R2p1_SSP2-NPi","30.709544681993016","54.174792020753195","14.975758117899632","2.5857213999999997","3.342857665332547","3.342857665332547",,,
"1221","R2p1-SSP2-NPi","REMIND 2.1","Final Energy|Residential and Commercial|Electricity","EJ/yr","[object Object]",2040,7.7316,"3.342857665332547","3.342857665332547","2100","2.5857213999999997","3788.9195372","GW7","failed","medium","ok","ok","medium","medium",,"medium","medium","ok","medium","true","C7","C7: Below 4.0°C","REMIND 2.1","R2p1_SSP2-NPi","30.709544681993016","54.174792020753195","14.975758117899632","2.5857213999999997","3.342857665332547","3.342857665332547",,,
"1221","R2p1-SSP2-NPi","REMIND 2.1","Final Energy|Residential and Commercial|Electricity","EJ/yr","[object Object]",2045,7.7957,"3.342857665332547","3.342857665332547","2100","2.5857213999999997","3788.9195372","GW7","failed","medium","ok","ok","medium","medium",,"medium","medium","ok","medium","true","C7","C7: Below 4.0°C","REMIND 2.1","R2p1_SSP2-NPi","30.709544681993016","54.174792020753195","14.975758117899632","2.5857213999999997","3.342857665332547","3.342857665332547",,,
"1221","R2p1-SSP2-NPi","REMIND 2.1","Final Energy|Residential and Commercial|Electricity","EJ/yr","[object Object]",2050,7.8609,"3.342857665332547","3.342857665332547","2100","2.5857213999999997","3788.9195372","GW7","failed","medium","ok","ok","medium","medium",,"medium","medium","ok","medium","true","C7","C7: Below 4.0°C","REMIND 2.1","R2p1_SSP2-NPi","30.709544681993016","54.174792020753195","14.975758117899632","2.5857213999999997","3.342857665332547","3.342857665332547",,,
"1221","R2p1-SSP2-NPi","REMIND 2.1","Final Energy|Residential and Commercial|Electricity","EJ/yr","[object Object]",2055,7.9774,"3.342857665332547","3.342857665332547","2100","2.5857213999999997","3788.9195372","GW7","failed","medium","ok","ok","medium","medium",,"medium","medium","ok","medium","true","C7","C7: Below 4.0°C","REMIND 2.1","R2p1_SSP2-NPi","30.709544681993016","54.174792020753195","14.975758117899632","2.5857213999999997","3.342857665332547","3.342857665332547",,,
"1221","R2p1-SSP2-NPi","REMIND 2.1","Final Energy|Residential and Commercial|Electricity","EJ/yr","[object Object]",2060,8.122,"3.342857665332547","3.342857665332547","2100","2.5857213999999997","3788.9195372","GW7","failed","medium","ok","ok","medium","medium",,"medium","medium","ok","medium","true","C7","C7: Below 4.0°C","REMIND 2.1","R2p1_SSP2-NPi","30.709544681993016","54.174792020753195","14.975758117899632","2.5857213999999997","3.342857665332547","3.342857665332547",,,
"1221","R2p1-SSP2-NPi","REMIND 2.1","Final Energy|Residential and Commercial|Electricity","EJ/yr","[object Object]",2070,8.5406,"3.342857665332547","3.342857665332547","2100","2.5857213999999997","3788.9195372","GW7","failed","medium","ok","ok","medium","medium",,"medium","medium","ok","medium","true","C7","C7: Below 4.0°C","REMIND 2.1","R2p1_SSP2-NPi","30.709544681993016","54.174792020753195","14.975758117899632","2.5857213999999997","3.342857665332547","3.342857665332547",,,
"1221","R2p1-SSP2-NPi","REMIND 2.1","Final Energy|Residential and Commercial|Electricity","EJ/yr","[object Object]",2080,9.0339,"3.342857665332547","3.342857665332547","2100","2.5857213999999997","3788.9195372","GW7","failed","medium","ok","ok","medium","medium",,"medium","medium","ok","medium","true","C7","C7: Below 4.0°C","REMIND 2.1","R2p1_SSP2-NPi","30.709544681993016","54.174792020753195","14.975758117899632","2.5857213999999997","3.342857665332547","3.342857665332547",,,
"1221","R2p1-SSP2-NPi","REMIND 2.1","Final Energy|Residential and Commercial|Electricity","EJ/yr","[object Object]",2090,9.536200000000001,"3.342857665332547","3.342857665332547","2100","2.5857213999999997","3788.9195372","GW7","failed","medium","ok","ok","medium","medium",,"medium","medium","ok","medium","true","C7","C7: Below 4.0°C","REMIND 2.1","R2p1_SSP2-NPi","30.709544681993016","54.174792020753195","14.975758117899632","2.5857213999999997","3.342857665332547","3.342857665332547",,,
"1221","R2p1-SSP2-NPi","REMIND 2.1","Final Energy|Residential and Commercial|Electricity","EJ/yr","[object Object]",2100,9.9535,"3.342857665332547","3.342857665332547","2100","2.5857213999999997","3788.9195372","GW7","failed","medium","ok","ok","medium","medium",,"medium","medium","ok","medium","true","C7","C7: Below 4.0°C","REMIND 2.1","R2p1_SSP2-NPi","30.709544681993016","54.174792020753195","14.975758117899632","2.5857213999999997","3.342857665332547","3.342857665332547",,,
"1226","R2p1-SSP5-NDC","REMIND 2.1","Final Energy|Residential and Commercial|Electricity","EJ/yr","[object Object]",2010,6.2696,"3.205543022449252","3.205543022449252","2100","640.7784877999999","3486.3551967500007","GW7","failed","high","ok","ok","medium","medium",,"medium","ok","ok","medium","true","C7","C7: Below 4.0°C","REMIND 2.1","R2p1_SSP5-NDC","34.93111869906538","46.68193207086907","17.785298610292063","640.7784877999999","3.205543022449252","3.205543022449252",,,
"1226","R2p1-SSP5-NDC","REMIND 2.1","Final Energy|Residential and Commercial|Electricity","EJ/yr","[object Object]",2015,5.7962,"3.205543022449252","3.205543022449252","2100","640.7784877999999","3486.3551967500007","GW7","failed","high","ok","ok","medium","medium",,"medium","ok","ok","medium","true","C7","C7: Below 4.0°C","REMIND 2.1","R2p1_SSP5-NDC","34.93111869906538","46.68193207086907","17.785298610292063","640.7784877999999","3.205543022449252","3.205543022449252",,,
"1226","R2p1-SSP5-NDC","REMIND 2.1","Final Energy|Residential and Commercial|Electricity","EJ/yr","[object Object]",2020,6.4758,"3.205543022449252","3.205543022449252","2100","640.7784877999999","3486.3551967500007","GW7","failed","high","ok","ok","medium","medium",,"medium","ok","ok","medium","true","C7","C7: Below 4.0°C","REMIND 2.1","R2p1_SSP5-NDC","34.93111869906538","46.68193207086907","17.785298610292063","640.7784877999999","3.205543022449252","3.205543022449252",,,
"1226","R2p1-SSP5-NDC","REMIND 2.1","Final Energy|Residential and Commercial|Electricity","EJ/yr","[object Object]",2025,6.7441,"3.205543022449252","3.205543022449252","2100","640.7784877999999","3486.3551967500007","GW7","failed","high","ok","ok","medium","medium",,"medium","ok","ok","medium","true","C7","C7: Below 4.0°C","REMIND 2.1","R2p1_SSP5-NDC","34.93111869906538","46.68193207086907","17.785298610292063","640.7784877999999","3.205543022449252","3.205543022449252",,,
"1226","R2p1-SSP5-NDC","REMIND 2.1","Final Energy|Residential and Commercial|Electricity","EJ/yr","[object Object]",2030,7.7713,"3.205543022449252","3.205543022449252","2100","640.7784877999999","3486.3551967500007","GW7","failed","high","ok","ok","medium","medium",,"medium","ok","ok","medium","true","C7","C7: Below 4.0°C","REMIND 2.1","R2p1_SSP5-NDC","34.93111869906538","46.68193207086907","17.785298610292063","640.7784877999999","3.205543022449252","3.205543022449252",,,
"1226","R2p1-SSP5-NDC","REMIND 2.1","Final Energy|Residential and Commercial|Electricity","EJ/yr","[object Object]",2035,8.9244,"3.205543022449252","3.205543022449252","2100","640.7784877999999","3486.3551967500007","GW7","failed","high","ok","ok","medium","medium",,"medium","ok","ok","medium","true","C7","C7: Below 4.0°C","REMIND 2.1","R2p1_SSP5-NDC","34.93111869906538","46.68193207086907","17.785298610292063","640.7784877999999","3.205543022449252","3.205543022449252",,,
"1226","R2p1-SSP5-NDC","REMIND 2.1","Final Energy|Residential and Commercial|Electricity","EJ/yr","[object Object]",2040,9.9941,"3.205543022449252","3.205543022449252","2100","640.7784877999999","3486.3551967500007","GW7","failed","high","ok","ok","medium","medium",,"medium","ok","ok","medium","true","C7","C7: Below 4.0°C","REMIND 2.1","R2p1_SSP5-NDC","34.93111869906538","46.68193207086907","17.785298610292063","640.7784877999999","3.205543022449252","3.205543022449252",,,
"1226","R2p1-SSP5-NDC","REMIND 2.1","Final Energy|Residential and Commercial|Electricity","EJ/yr","[object Object]",2045,11.3491,"3.205543022449252","3.205543022449252","2100","640.7784877999999","3486.3551967500007","GW7","failed","high","ok","ok","medium","medium",,"medium","ok","ok","medium","true","C7","C7: Below 4.0°C","REMIND 2.1","R2p1_SSP5-NDC","34.93111869906538","46.68193207086907","17.785298610292063","640.7784877999999","3.205543022449252","3.205543022449252",,,
"1226","R2p1-SSP5-NDC","REMIND 2.1","Final Energy|Residential and Commercial|Electricity","EJ/yr","[object Object]",2050,12.5155,"3.205543022449252","3.205543022449252","2100","640.7784877999999","3486.3551967500007","GW7","failed","high","ok","ok","medium","medium",,"medium","ok","ok","medium","true","C7","C7: Below 4.0°C","REMIND 2.1","R2p1_SSP5-NDC","34.93111869906538","46.68193207086907","17.785298610292063","640.7784877999999","3.205543022449252","3.205543022449252",,,
"1226","R2p1-SSP5-NDC","REMIND 2.1","Final Energy|Residential and Commercial|Electricity","EJ/yr","[object Object]",2055,13.7556,"3.205543022449252","3.205543022449252","2100","640.7784877999999","3486.3551967500007","GW7","failed","high","ok","ok","medium","medium",,"medium","ok","ok","medium","true","C7","C7: Below 4.0°C","REMIND 2.1","R2p1_SSP5-NDC","34.93111869906538","46.68193207086907","17.785298610292063","640.7784877999999","3.205543022449252","3.205543022449252",,,
"1226","R2p1-SSP5-NDC","REMIND 2.1","Final Energy|Residential and Commercial|Electricity","EJ/yr","[object Object]",2060,14.5944,"3.205543022449252","3.205543022449252","2100","640.7784877999999","3486.3551967500007","GW7","failed","high","ok","ok","medium","medium",,"medium","ok","ok","medium","true","C7","C7: Below 4.0°C","REMIND 2.1","R2p1_SSP5-NDC","34.93111869906538","46.68193207086907","17.785298610292063","640.7784877999999","3.205543022449252","3.205543022449252",,,
"1226","R2p1-SSP5-NDC","REMIND 2.1","Final Energy|Residential and Commercial|Electricity","EJ/yr","[object Object]",2070,16.4774,"3.205543022449252","3.205543022449252","2100","640.7784877999999","3486.3551967500007","GW7","failed","high","ok","ok","medium","medium",,"medium","ok","ok","medium","true","C7","C7: Below 4.0°C","REMIND 2.1","R2p1_SSP5-NDC","34.93111869906538","46.68193207086907","17.785298610292063","640.7784877999999","3.205543022449252","3.205543022449252",,,
"1226","R2p1-SSP5-NDC","REMIND 2.1","Final Energy|Residential and Commercial|Electricity","EJ/yr","[object Object]",2080,18.3547,"3.205543022449252","3.205543022449252","2100","640.7784877999999","3486.3551967500007","GW7","failed","high","ok","ok","medium","medium",,"medium","ok","ok","medium","true","C7","C7: Below 4.0°C","REMIND 2.1","R2p1_SSP5-NDC","34.93111869906538","46.68193207086907","17.785298610292063","640.7784877999999","3.205543022449252","3.205543022449252",,,
"1226","R2p1-SSP5-NDC","REMIND 2.1","Final Energy|Residential and Commercial|Electricity","EJ/yr","[object Object]",2090,20.7616,"3.205543022449252","3.205543022449252","2100","640.7784877999999","3486.3551967500007","GW7","failed","high","ok","ok","medium","medium",,"medium","ok","ok","medium","true","C7","C7: Below 4.0°C","REMIND 2.1","R2p1_SSP5-NDC","34.93111869906538","46.68193207086907","17.785298610292063","640.7784877999999","3.205543022449252","3.205543022449252",,,
"1226","R2p1-SSP5-NDC","REMIND 2.1","Final Energy|Residential and Commercial|Electricity","EJ/yr","[object Object]",2100,23.5303,"3.205543022449252","3.205543022449252","2100","640.7784877999999","3486.3551967500007","GW7","failed","high","ok","ok","medium","medium",,"medium","ok","ok","medium","true","C7","C7: Below 4.0°C","REMIND 2.1","R2p1_SSP5-NDC","34.93111869906538","46.68193207086907","17.785298610292063","640.7784877999999","3.205543022449252","3.205543022449252",,,
"1251","PEP-NDC","REMIND-MAgPIE 1.7-3.0","Final Energy|Residential and Commercial|Electricity","EJ/yr","[object Object]",2010,6.2166,"3.079219720968804","3.079219720968804","2100","233.78091549999996","3591.0451859","GW7","failed","ok","ok","ok","medium","ok",,"high","medium","ok","ok","true","C7","C7: Below 4.0°C","REMIND-MAgPIE 1.7-3.0","PEP_NDC","32.96957947428606","54.50976531439087","8.110928518958872","233.78091549999996","3.079219720968804","3.079219720968804",,,"-1.5441676098777464"
"1251","PEP-NDC","REMIND-MAgPIE 1.7-3.0","Final Energy|Residential and Commercial|Electricity","EJ/yr","[object Object]",2015,6.5647,"3.079219720968804","3.079219720968804","2100","233.78091549999996","3591.0451859","GW7","failed","ok","ok","ok","medium","ok",,"high","medium","ok","ok","true","C7","C7: Below 4.0°C","REMIND-MAgPIE 1.7-3.0","PEP_NDC","32.96957947428606","54.50976531439087","8.110928518958872","233.78091549999996","3.079219720968804","3.079219720968804",,,"-1.5441676098777464"
"1251","PEP-NDC","REMIND-MAgPIE 1.7-3.0","Final Energy|Residential and Commercial|Electricity","EJ/yr","[object Object]",2020,7.4552,"3.079219720968804","3.079219720968804","2100","233.78091549999996","3591.0451859","GW7","failed","ok","ok","ok","medium","ok",,"high","medium","ok","ok","true","C7","C7: Below 4.0°C","REMIND-MAgPIE 1.7-3.0","PEP_NDC","32.96957947428606","54.50976531439087","8.110928518958872","233.78091549999996","3.079219720968804","3.079219720968804",,,"-1.5441676098777464"
"1251","PEP-NDC","REMIND-MAgPIE 1.7-3.0","Final Energy|Residential and Commercial|Electricity","EJ/yr","[object Object]",2025,8.008,"3.079219720968804","3.079219720968804","2100","233.78091549999996","3591.0451859","GW7","failed","ok","ok","ok","medium","ok",,"high","medium","ok","ok","true","C7","C7: Below 4.0°C","REMIND-MAgPIE 1.7-3.0","PEP_NDC","32.96957947428606","54.50976531439087","8.110928518958872","233.78091549999996","3.079219720968804","3.079219720968804",,,"-1.5441676098777464"
"1251","PEP-NDC","REMIND-MAgPIE 1.7-3.0","Final Energy|Residential and Commercial|Electricity","EJ/yr","[object Object]",2030,8.6963,"3.079219720968804","3.079219720968804","2100","233.78091549999996","3591.0451859","GW7","failed","ok","ok","ok","medium","ok",,"high","medium","ok","ok","true","C7","C7: Below 4.0°C","REMIND-MAgPIE 1.7-3.0","PEP_NDC","32.96957947428606","54.50976531439087","8.110928518958872","233.78091549999996","3.079219720968804","3.079219720968804",,,"-1.5441676098777464"
"1251","PEP-NDC","REMIND-MAgPIE 1.7-3.0","Final Energy|Residential and Commercial|Electricity","EJ/yr","[object Object]",2035,9.6508,"3.079219720968804","3.079219720968804","2100","233.78091549999996","3591.0451859","GW7","failed","ok","ok","ok","medium","ok",,"high","medium","ok","ok","true","C7","C7: Below 4.0°C","REMIND-MAgPIE 1.7-3.0","PEP_NDC","32.96957947428606","54.50976531439087","8.110928518958872","233.78091549999996","3.079219720968804","3.079219720968804",,,"-1.5441676098777464"
"1251","PEP-NDC","REMIND-MAgPIE 1.7-3.0","Final Energy|Residential and Commercial|Electricity","EJ/yr","[object Object]",2040,10.7175,"3.079219720968804","3.079219720968804","2100","233.78091549999996","3591.0451859","GW7","failed","ok","ok","ok","medium","ok",,"high","medium","ok","ok","true","C7","C7: Below 4.0°C","REMIND-MAgPIE 1.7-3.0","PEP_NDC","32.96957947428606","54.50976531439087","8.110928518958872","233.78091549999996","3.079219720968804","3.079219720968804",,,"-1.5441676098777464"
"1251","PEP-NDC","REMIND-MAgPIE 1.7-3.0","Final Energy|Residential and Commercial|Electricity","EJ/yr","[object Object]",2045,11.5958,"3.079219720968804","3.079219720968804","2100","233.78091549999996","3591.0451859","GW7","failed","ok","ok","ok","medium","ok",,"high","medium","ok","ok","true","C7","C7: Below 4.0°C","REMIND-MAgPIE 1.7-3.0","PEP_NDC","32.96957947428606","54.50976531439087","8.110928518958872","233.78091549999996","3.079219720968804","3.079219720968804",,,"-1.5441676098777464"
"1251","PEP-NDC","REMIND-MAgPIE 1.7-3.0","Final Energy|Residential and Commercial|Electricity","EJ/yr","[object Object]",2050,12.3924,"3.079219720968804","3.079219720968804","2100","233.78091549999996","3591.0451859","GW7","failed","ok","ok","ok","medium","ok",,"high","medium","ok","ok","true","C7","C7: Below 4.0°C","REMIND-MAgPIE 1.7-3.0","PEP_NDC","32.96957947428606","54.50976531439087","8.110928518958872","233.78091549999996","3.079219720968804","3.079219720968804",,,"-1.5441676098777464"
"1251","PEP-NDC","REMIND-MAgPIE 1.7-3.0","Final Energy|Residential and Commercial|Electricity","EJ/yr","[object Object]",2055,12.9268,"3.079219720968804","3.079219720968804","2100","233.78091549999996","3591.0451859","GW7","failed","ok","ok","ok","medium","ok",,"high","medium","ok","ok","true","C7","C7: Below 4.0°C","REMIND-MAgPIE 1.7-3.0","PEP_NDC","32.96957947428606","54.50976531439087","8.110928518958872","233.78091549999996","3.079219720968804","3.079219720968804",,,"-1.5441676098777464"
"1251","PEP-NDC","REMIND-MAgPIE 1.7-3.0","Final Energy|Residential and Commercial|Electricity","EJ/yr","[object Object]",2060,13.5348,"3.079219720968804","3.079219720968804","2100","233.78091549999996","3591.0451859","GW7","failed","ok","ok","ok","medium","ok",,"high","medium","ok","ok","true","C7","C7: Below 4.0°C","REMIND-MAgPIE 1.7-3.0","PEP_NDC","32.96957947428606","54.50976531439087","8.110928518958872","233.78091549999996","3.079219720968804","3.079219720968804",,,"-1.5441676098777464"
"1251","PEP-NDC","REMIND-MAgPIE 1.7-3.0","Final Energy|Residential and Commercial|Electricity","EJ/yr","[object Object]",2070,14.6253,"3.079219720968804","3.079219720968804","2100","233.78091549999996","3591.0451859","GW7","failed","ok","ok","ok","medium","ok",,"high","medium","ok","ok","true","C7","C7: Below 4.0°C","REMIND-MAgPIE 1.7-3.0","PEP_NDC","32.96957947428606","54.50976531439087","8.110928518958872","233.78091549999996","3.079219720968804","3.079219720968804",,,"-1.5441676098777464"
"1251","PEP-NDC","REMIND-MAgPIE 1.7-3.0","Final Energy|Residential and Commercial|Electricity","EJ/yr","[object Object]",2080,15.566,"3.079219720968804","3.079219720968804","2100","233.78091549999996","3591.0451859","GW7","failed","ok","ok","ok","medium","ok",,"high","medium","ok","ok","true","C7","C7: Below 4.0°C","REMIND-MAgPIE 1.7-3.0","PEP_NDC","32.96957947428606","54.50976531439087","8.110928518958872","233.78091549999996","3.079219720968804","3.079219720968804",,,"-1.5441676098777464"
"1251","PEP-NDC","REMIND-MAgPIE 1.7-3.0","Final Energy|Residential and Commercial|Electricity","EJ/yr","[object Object]",2090,16.3832,"3.079219720968804","3.079219720968804","2100","233.78091549999996","3591.0451859","GW7","failed","ok","ok","ok","medium","ok",,"high","medium","ok","ok","true","C7","C7: Below 4.0°C","REMIND-MAgPIE 1.7-3.0","PEP_NDC","32.96957947428606","54.50976531439087","8.110928518958872","233.78091549999996","3.079219720968804","3.079219720968804",,,"-1.5441676098777464"
"1251","PEP-NDC","REMIND-MAgPIE 1.7-3.0","Final Energy|Residential and Commercial|Electricity","EJ/yr","[object Object]",2100,17.1248,"3.079219720968804","3.079219720968804","2100","233.78091549999996","3591.0451859","GW7","failed","ok","ok","ok","medium","ok",,"high","medium","ok","ok","true","C7","C7: Below 4.0°C","REMIND-MAgPIE 1.7-3.0","PEP_NDC","32.96957947428606","54.50976531439087","8.110928518958872","233.78091549999996","3.079219720968804","3.079219720968804",,,"-1.5441676098777464"
"1262","SusDev-SSP2-NPi","REMIND-MAgPIE 2.1-4.2","Final Energy|Residential and Commercial|Electricity","EJ/yr","[object Object]",2010,6.2743,"3.337673230114698","3.337673230114698","2100","4.7827442499999995","3765.290254849999","GW7","failed","medium","ok","ok","medium","medium",,"medium","medium","ok","medium","true","C7","C7: Below 4.0°C","REMIND-MAgPIE 2.1-4.2","SusDev_SSP2-NPi","31.355479053963432","53.19175571153932","15.312916349979883","4.7827442499999995","3.337673230114698","3.337673230114698",,,"-4.138370546997066"
"1262","SusDev-SSP2-NPi","REMIND-MAgPIE 2.1-4.2","Final Energy|Residential and Commercial|Electricity","EJ/yr","[object Object]",2015,5.8003,"3.337673230114698","3.337673230114698","2100","4.7827442499999995","3765.290254849999","GW7","failed","medium","ok","ok","medium","medium",,"medium","medium","ok","medium","true","C7","C7: Below 4.0°C","REMIND-MAgPIE 2.1-4.2","SusDev_SSP2-NPi","31.355479053963432","53.19175571153932","15.312916349979883","4.7827442499999995","3.337673230114698","3.337673230114698",,,"-4.138370546997066"
"1262","SusDev-SSP2-NPi","REMIND-MAgPIE 2.1-4.2","Final Energy|Residential and Commercial|Electricity","EJ/yr","[object Object]",2020,6.4577,"3.337673230114698","3.337673230114698","2100","4.7827442499999995","3765.290254849999","GW7","failed","medium","ok","ok","medium","medium",,"medium","medium","ok","medium","true","C7","C7: Below 4.0°C","REMIND-MAgPIE 2.1-4.2","SusDev_SSP2-NPi","31.355479053963432","53.19175571153932","15.312916349979883","4.7827442499999995","3.337673230114698","3.337673230114698",,,"-4.138370546997066"
"1262","SusDev-SSP2-NPi","REMIND-MAgPIE 2.1-4.2","Final Energy|Residential and Commercial|Electricity","EJ/yr","[object Object]",2025,6.9617,"3.337673230114698","3.337673230114698","2100","4.7827442499999995","3765.290254849999","GW7","failed","medium","ok","ok","medium","medium",,"medium","medium","ok","medium","true","C7","C7: Below 4.0°C","REMIND-MAgPIE 2.1-4.2","SusDev_SSP2-NPi","31.355479053963432","53.19175571153932","15.312916349979883","4.7827442499999995","3.337673230114698","3.337673230114698",,,"-4.138370546997066"
"1262","SusDev-SSP2-NPi","REMIND-MAgPIE 2.1-4.2","Final Energy|Residential and Commercial|Electricity","EJ/yr","[object Object]",2030,7.4915,"3.337673230114698","3.337673230114698","2100","4.7827442499999995","3765.290254849999","GW7","failed","medium","ok","ok","medium","medium",,"medium","medium","ok","medium","true","C7","C7: Below 4.0°C","REMIND-MAgPIE 2.1-4.2","SusDev_SSP2-NPi","31.355479053963432","53.19175571153932","15.312916349979883","4.7827442499999995","3.337673230114698","3.337673230114698",,,"-4.138370546997066"
"1262","SusDev-SSP2-NPi","REMIND-MAgPIE 2.1-4.2","Final Energy|Residential and Commercial|Electricity","EJ/yr","[object Object]",2035,7.7977,"3.337673230114698","3.337673230114698","2100","4.7827442499999995","3765.290254849999","GW7","failed","medium","ok","ok","medium","medium",,"medium","medium","ok","medium","true","C7","C7: Below 4.0°C","REMIND-MAgPIE 2.1-4.2","SusDev_SSP2-NPi","31.355479053963432","53.19175571153932","15.312916349979883","4.7827442499999995","3.337673230114698","3.337673230114698",,,"-4.138370546997066"
"1262","SusDev-SSP2-NPi","REMIND-MAgPIE 2.1-4.2","Final Energy|Residential and Commercial|Electricity","EJ/yr","[object Object]",2040,7.7608,"3.337673230114698","3.337673230114698","2100","4.7827442499999995","3765.290254849999","GW7","failed","medium","ok","ok","medium","medium",,"medium","medium","ok","medium","true","C7","C7: Below 4.0°C","REMIND-MAgPIE 2.1-4.2","SusDev_SSP2-NPi","31.355479053963432","53.19175571153932","15.312916349979883","4.7827442499999995","3.337673230114698","3.337673230114698",,,"-4.138370546997066"
"1262","SusDev-SSP2-NPi","REMIND-MAgPIE 2.1-4.2","Final Energy|Residential and Commercial|Electricity","EJ/yr","[object Object]",2045,7.8174,"3.337673230114698","3.337673230114698","2100","4.7827442499999995","3765.290254849999","GW7","failed","medium","ok","ok","medium","medium",,"medium","medium","ok","medium","true","C7","C7: Below 4.0°C","REMIND-MAgPIE 2.1-4.2","SusDev_SSP2-NPi","31.355479053963432","53.19175571153932","15.312916349979883","4.7827442499999995","3.337673230114698","3.337673230114698",,,"-4.138370546997066"
"1262","SusDev-SSP2-NPi","REMIND-MAgPIE 2.1-4.2","Final Energy|Residential and Commercial|Electricity","EJ/yr","[object Object]",2050,7.8886,"3.337673230114698","3.337673230114698","2100","4.7827442499999995","3765.290254849999","GW7","failed","medium","ok","ok","medium","medium",,"medium","medium","ok","medium","true","C7","C7: Below 4.0°C","REMIND-MAgPIE 2.1-4.2","SusDev_SSP2-NPi","31.355479053963432","53.19175571153932","15.312916349979883","4.7827442499999995","3.337673230114698","3.337673230114698",,,"-4.138370546997066"
"1262","SusDev-SSP2-NPi","REMIND-MAgPIE 2.1-4.2","Final Energy|Residential and Commercial|Electricity","EJ/yr","[object Object]",2055,7.9341,"3.337673230114698","3.337673230114698","2100","4.7827442499999995","3765.290254849999","GW7","failed","medium","ok","ok","medium","medium",,"medium","medium","ok","medium","true","C7","C7: Below 4.0°C","REMIND-MAgPIE 2.1-4.2","SusDev_SSP2-NPi","31.355479053963432","53.19175571153932","15.312916349979883","4.7827442499999995","3.337673230114698","3.337673230114698",,,"-4.138370546997066"
"1262","SusDev-SSP2-NPi","REMIND-MAgPIE 2.1-4.2","Final Energy|Residential and Commercial|Electricity","EJ/yr","[object Object]",2060,8.0389,"3.337673230114698","3.337673230114698","2100","4.7827442499999995","3765.290254849999","GW7","failed","medium","ok","ok","medium","medium",,"medium","medium","ok","medium","true","C7","C7: Below 4.0°C","REMIND-MAgPIE 2.1-4.2","SusDev_SSP2-NPi","31.355479053963432","53.19175571153932","15.312916349979883","4.7827442499999995","3.337673230114698","3.337673230114698",,,"-4.138370546997066"
"1262","SusDev-SSP2-NPi","REMIND-MAgPIE 2.1-4.2","Final Energy|Residential and Commercial|Electricity","EJ/yr","[object Object]",2070,8.4998,"3.337673230114698","3.337673230114698","2100","4.7827442499999995","3765.290254849999","GW7","failed","medium","ok","ok","medium","medium",,"medium","medium","ok","medium","true","C7","C7: Below 4.0°C","REMIND-MAgPIE 2.1-4.2","SusDev_SSP2-NPi","31.355479053963432","53.19175571153932","15.312916349979883","4.7827442499999995","3.337673230114698","3.337673230114698",,,"-4.138370546997066"
"1262","SusDev-SSP2-NPi","REMIND-MAgPIE 2.1-4.2","Final Energy|Residential and Commercial|Electricity","EJ/yr","[object Object]",2080,9.035,"3.337673230114698","3.337673230114698","2100","4.7827442499999995","3765.290254849999","GW7","failed","medium","ok","ok","medium","medium",,"medium","medium","ok","medium","true","C7","C7: Below 4.0°C","REMIND-MAgPIE 2.1-4.2","SusDev_SSP2-NPi","31.355479053963432","53.19175571153932","15.312916349979883","4.7827442499999995","3.337673230114698","3.337673230114698",,,"-4.138370546997066"
"1262","SusDev-SSP2-NPi","REMIND-MAgPIE 2.1-4.2","Final Energy|Residential and Commercial|Electricity","EJ/yr","[object Object]",2090,9.5943,"3.337673230114698","3.337673230114698","2100","4.7827442499999995","3765.290254849999","GW7","failed","medium","ok","ok","medium","medium",,"medium","medium","ok","medium","true","C7","C7: Below 4.0°C","REMIND-MAgPIE 2.1-4.2","SusDev_SSP2-NPi","31.355479053963432","53.19175571153932","15.312916349979883","4.7827442499999995","3.337673230114698","3.337673230114698",,,"-4.138370546997066"
"1262","SusDev-SSP2-NPi","REMIND-MAgPIE 2.1-4.2","Final Energy|Residential and Commercial|Electricity","EJ/yr","[object Object]",2100,10.0944,"3.337673230114698","3.337673230114698","2100","4.7827442499999995","3765.290254849999","GW7","failed","medium","ok","ok","medium","medium",,"medium","medium","ok","medium","true","C7","C7: Below 4.0°C","REMIND-MAgPIE 2.1-4.2","SusDev_SSP2-NPi","31.355479053963432","53.19175571153932","15.312916349979883","4.7827442499999995","3.337673230114698","3.337673230114698",,,"-4.138370546997066"
"1263","DeepElectrification-SSP2-Baseline","REMIND-MAgPIE 2.1-4.3","Final Energy|Residential and Commercial|Electricity","EJ/yr","[object Object]",2010,6.1826,"3.400756698236918","3.400756698236918","2100","0","3696.967192099999","GW7","ok","medium","ok","ok","medium","medium",,"medium","medium","ok","medium","true","C7","C7: Below 4.0°C","REMIND-MAgPIE 2.1-4.3","DeepElec_SSP2_Base","23.847672571007124","57.42410519548093","18.596307436806157","0","3.400756698236918","3.400756698236918","0.002883319",,"-5.699082657164183"
"1263","DeepElectrification-SSP2-Baseline","REMIND-MAgPIE 2.1-4.3","Final Energy|Residential and Commercial|Electricity","EJ/yr","[object Object]",2015,5.8315,"3.400756698236918","3.400756698236918","2100","0","3696.967192099999","GW7","ok","medium","ok","ok","medium","medium",,"medium","medium","ok","medium","true","C7","C7: Below 4.0°C","REMIND-MAgPIE 2.1-4.3","DeepElec_SSP2_Base","23.847672571007124","57.42410519548093","18.596307436806157","0","3.400756698236918","3.400756698236918","0.002883319",,"-5.699082657164183"
"1263","DeepElectrification-SSP2-Baseline","REMIND-MAgPIE 2.1-4.3","Final Energy|Residential and Commercial|Electricity","EJ/yr","[object Object]",2020,6.5508,"3.400756698236918","3.400756698236918","2100","0","3696.967192099999","GW7","ok","medium","ok","ok","medium","medium",,"medium","medium","ok","medium","true","C7","C7: Below 4.0°C","REMIND-MAgPIE 2.1-4.3","DeepElec_SSP2_Base","23.847672571007124","57.42410519548093","18.596307436806157","0","3.400756698236918","3.400756698236918","0.002883319",,"-5.699082657164183"
"1263","DeepElectrification-SSP2-Baseline","REMIND-MAgPIE 2.1-4.3","Final Energy|Residential and Commercial|Electricity","EJ/yr","[object Object]",2025,7.0437,"3.400756698236918","3.400756698236918","2100","0","3696.967192099999","GW7","ok","medium","ok","ok","medium","medium",,"medium","medium","ok","medium","true","C7","C7: Below 4.0°C","REMIND-MAgPIE 2.1-4.3","DeepElec_SSP2_Base","23.847672571007124","57.42410519548093","18.596307436806157","0","3.400756698236918","3.400756698236918","0.002883319",,"-5.699082657164183"
"1263","DeepElectrification-SSP2-Baseline","REMIND-MAgPIE 2.1-4.3","Final Energy|Residential and Commercial|Electricity","EJ/yr","[object Object]",2030,7.4455,"3.400756698236918","3.400756698236918","2100","0","3696.967192099999","GW7","ok","medium","ok","ok","medium","medium",,"medium","medium","ok","medium","true","C7","C7: Below 4.0°C","REMIND-MAgPIE 2.1-4.3","DeepElec_SSP2_Base","23.847672571007124","57.42410519548093","18.596307436806157","0","3.400756698236918","3.400756698236918","0.002883319",,"-5.699082657164183"
"1263","DeepElectrification-SSP2-Baseline","REMIND-MAgPIE 2.1-4.3","Final Energy|Residential and Commercial|Electricity","EJ/yr","[object Object]",2035,7.6851,"3.400756698236918","3.400756698236918","2100","0","3696.967192099999","GW7","ok","medium","ok","ok","medium","medium",,"medium","medium","ok","medium","true","C7","C7: Below 4.0°C","REMIND-MAgPIE 2.1-4.3","DeepElec_SSP2_Base","23.847672571007124","57.42410519548093","18.596307436806157","0","3.400756698236918","3.400756698236918","0.002883319",,"-5.699082657164183"
"1263","DeepElectrification-SSP2-Baseline","REMIND-MAgPIE 2.1-4.3","Final Energy|Residential and Commercial|Electricity","EJ/yr","[object Object]",2040,7.836,"3.400756698236918","3.400756698236918","2100","0","3696.967192099999","GW7","ok","medium","ok","ok","medium","medium",,"medium","medium","ok","medium","true","C7","C7: Below 4.0°C","REMIND-MAgPIE 2.1-4.3","DeepElec_SSP2_Base","23.847672571007124","57.42410519548093","18.596307436806157","0","3.400756698236918","3.400756698236918","0.002883319",,"-5.699082657164183"
"1263","DeepElectrification-SSP2-Baseline","REMIND-MAgPIE 2.1-4.3","Final Energy|Residential and Commercial|Electricity","EJ/yr","[object Object]",2045,7.9152,"3.400756698236918","3.400756698236918","2100","0","3696.967192099999","GW7","ok","medium","ok","ok","medium","medium",,"medium","medium","ok","medium","true","C7","C7: Below 4.0°C","REMIND-MAgPIE 2.1-4.3","DeepElec_SSP2_Base","23.847672571007124","57.42410519548093","18.596307436806157","0","3.400756698236918","3.400756698236918","0.002883319",,"-5.699082657164183"
"1263","DeepElectrification-SSP2-Baseline","REMIND-MAgPIE 2.1-4.3","Final Energy|Residential and Commercial|Electricity","EJ/yr","[object Object]",2050,7.9427,"3.400756698236918","3.400756698236918","2100","0","3696.967192099999","GW7","ok","medium","ok","ok","medium","medium",,"medium","medium","ok","medium","true","C7","C7: Below 4.0°C","REMIND-MAgPIE 2.1-4.3","DeepElec_SSP2_Base","23.847672571007124","57.42410519548093","18.596307436806157","0","3.400756698236918","3.400756698236918","0.002883319",,"-5.699082657164183"
"1263","DeepElectrification-SSP2-Baseline","REMIND-MAgPIE 2.1-4.3","Final Energy|Residential and Commercial|Electricity","EJ/yr","[object Object]",2055,8.0237,"3.400756698236918","3.400756698236918","2100","0","3696.967192099999","GW7","ok","medium","ok","ok","medium","medium",,"medium","medium","ok","medium","true","C7","C7: Below 4.0°C","REMIND-MAgPIE 2.1-4.3","DeepElec_SSP2_Base","23.847672571007124","57.42410519548093","18.596307436806157","0","3.400756698236918","3.400756698236918","0.002883319",,"-5.699082657164183"
"1263","DeepElectrification-SSP2-Baseline","REMIND-MAgPIE 2.1-4.3","Final Energy|Residential and Commercial|Electricity","EJ/yr","[object Object]",2060,8.1793,"3.400756698236918","3.400756698236918","2100","0","3696.967192099999","GW7","ok","medium","ok","ok","medium","medium",,"medium","medium","ok","medium","true","C7","C7: Below 4.0°C","REMIND-MAgPIE 2.1-4.3","DeepElec_SSP2_Base","23.847672571007124","57.42410519548093","18.596307436806157","0","3.400756698236918","3.400756698236918","0.002883319",,"-5.699082657164183"
"1263","DeepElectrification-SSP2-Baseline","REMIND-MAgPIE 2.1-4.3","Final Energy|Residential and Commercial|Electricity","EJ/yr","[object Object]",2070,8.621,"3.400756698236918","3.400756698236918","2100","0","3696.967192099999","GW7","ok","medium","ok","ok","medium","medium",,"medium","medium","ok","medium","true","C7","C7: Below 4.0°C","REMIND-MAgPIE 2.1-4.3","DeepElec_SSP2_Base","23.847672571007124","57.42410519548093","18.596307436806157","0","3.400756698236918","3.400756698236918","0.002883319",,"-5.699082657164183"
"1263","DeepElectrification-SSP2-Baseline","REMIND-MAgPIE 2.1-4.3","Final Energy|Residential and Commercial|Electricity","EJ/yr","[object Object]",2080,9.2433,"3.400756698236918","3.400756698236918","2100","0","3696.967192099999","GW7","ok","medium","ok","ok","medium","medium",,"medium","medium","ok","medium","true","C7","C7: Below 4.0°C","REMIND-MAgPIE 2.1-4.3","DeepElec_SSP2_Base","23.847672571007124","57.42410519548093","18.596307436806157","0","3.400756698236918","3.400756698236918","0.002883319",,"-5.699082657164183"
"1263","DeepElectrification-SSP2-Baseline","REMIND-MAgPIE 2.1-4.3","Final Energy|Residential and Commercial|Electricity","EJ/yr","[object Object]",2090,9.5575,"3.400756698236918","3.400756698236918","2100","0","3696.967192099999","GW7","ok","medium","ok","ok","medium","medium",,"medium","medium","ok","medium","true","C7","C7: Below 4.0°C","REMIND-MAgPIE 2.1-4.3","DeepElec_SSP2_Base","23.847672571007124","57.42410519548093","18.596307436806157","0","3.400756698236918","3.400756698236918","0.002883319",,"-5.699082657164183"
"1263","DeepElectrification-SSP2-Baseline","REMIND-MAgPIE 2.1-4.3","Final Energy|Residential and Commercial|Electricity","EJ/yr","[object Object]",2100,10.148,"3.400756698236918","3.400756698236918","2100","0","3696.967192099999","GW7","ok","medium","ok","ok","medium","medium",,"medium","medium","ok","medium","true","C7","C7: Below 4.0°C","REMIND-MAgPIE 2.1-4.3","DeepElec_SSP2_Base","23.847672571007124","57.42410519548093","18.596307436806157","0","3.400756698236918","3.400756698236918","0.002883319",,"-5.699082657164183"
"1270","DeepElectrification-SSP2-NPi","REMIND-MAgPIE 2.1-4.3","Final Energy|Residential and Commercial|Electricity","EJ/yr","[object Object]",2010,6.1826,"3.33940049802597","3.33940049802597","2100","0.04854165","3453.7089765000005","GW7","ok","medium","ok","ok","medium","medium",,"medium","medium","ok","medium","true","C7","C7: Below 4.0°C","REMIND-MAgPIE 2.1-4.3","DeepElec_SSP2_Npi","29.803285610801094","52.227779537189726","17.831700720388188","0.04854165","3.33940049802597","3.33940049802597","0.003339775",,"-6.023593168636921"
"1270","DeepElectrification-SSP2-NPi","REMIND-MAgPIE 2.1-4.3","Final Energy|Residential and Commercial|Electricity","EJ/yr","[object Object]",2015,5.833,"3.33940049802597","3.33940049802597","2100","0.04854165","3453.7089765000005","GW7","ok","medium","ok","ok","medium","medium",,"medium","medium","ok","medium","true","C7","C7: Below 4.0°C","REMIND-MAgPIE 2.1-4.3","DeepElec_SSP2_Npi","29.803285610801094","52.227779537189726","17.831700720388188","0.04854165","3.33940049802597","3.33940049802597","0.003339775",,"-6.023593168636921"
"1270","DeepElectrification-SSP2-NPi","REMIND-MAgPIE 2.1-4.3","Final Energy|Residential and Commercial|Electricity","EJ/yr","[object Object]",2020,6.5185,"3.33940049802597","3.33940049802597","2100","0.04854165","3453.7089765000005","GW7","ok","medium","ok","ok","medium","medium",,"medium","medium","ok","medium","true","C7","C7: Below 4.0°C","REMIND-MAgPIE 2.1-4.3","DeepElec_SSP2_Npi","29.803285610801094","52.227779537189726","17.831700720388188","0.04854165","3.33940049802597","3.33940049802597","0.003339775",,"-6.023593168636921"
"1270","DeepElectrification-SSP2-NPi","REMIND-MAgPIE 2.1-4.3","Final Energy|Residential and Commercial|Electricity","EJ/yr","[object Object]",2025,7.027,"3.33940049802597","3.33940049802597","2100","0.04854165","3453.7089765000005","GW7","ok","medium","ok","ok","medium","medium",,"medium","medium","ok","medium","true","C7","C7: Below 4.0°C","REMIND-MAgPIE 2.1-4.3","DeepElec_SSP2_Npi","29.803285610801094","52.227779537189726","17.831700720388188","0.04854165","3.33940049802597","3.33940049802597","0.003339775",,"-6.023593168636921"
"1270","DeepElectrification-SSP2-NPi","REMIND-MAgPIE 2.1-4.3","Final Energy|Residential and Commercial|Electricity","EJ/yr","[object Object]",2030,7.5181,"3.33940049802597","3.33940049802597","2100","0.04854165","3453.7089765000005","GW7","ok","medium","ok","ok","medium","medium",,"medium","medium","ok","medium","true","C7","C7: Below 4.0°C","REMIND-MAgPIE 2.1-4.3","DeepElec_SSP2_Npi","29.803285610801094","52.227779537189726","17.831700720388188","0.04854165","3.33940049802597","3.33940049802597","0.003339775",,"-6.023593168636921"
"1270","DeepElectrification-SSP2-NPi","REMIND-MAgPIE 2.1-4.3","Final Energy|Residential and Commercial|Electricity","EJ/yr","[object Object]",2035,7.8058,"3.33940049802597","3.33940049802597","2100","0.04854165","3453.7089765000005","GW7","ok","medium","ok","ok","medium","medium",,"medium","medium","ok","medium","true","C7","C7: Below 4.0°C","REMIND-MAgPIE 2.1-4.3","DeepElec_SSP2_Npi","29.803285610801094","52.227779537189726","17.831700720388188","0.04854165","3.33940049802597","3.33940049802597","0.003339775",,"-6.023593168636921"
"1270","DeepElectrification-SSP2-NPi","REMIND-MAgPIE 2.1-4.3","Final Energy|Residential and Commercial|Electricity","EJ/yr","[object Object]",2040,7.8248,"3.33940049802597","3.33940049802597","2100","0.04854165","3453.7089765000005","GW7","ok","medium","ok","ok","medium","medium",,"medium","medium","ok","medium","true","C7","C7: Below 4.0°C","REMIND-MAgPIE 2.1-4.3","DeepElec_SSP2_Npi","29.803285610801094","52.227779537189726","17.831700720388188","0.04854165","3.33940049802597","3.33940049802597","0.003339775",,"-6.023593168636921"
"1270","DeepElectrification-SSP2-NPi","REMIND-MAgPIE 2.1-4.3","Final Energy|Residential and Commercial|Electricity","EJ/yr","[object Object]",2045,7.8559,"3.33940049802597","3.33940049802597","2100","0.04854165","3453.7089765000005","GW7","ok","medium","ok","ok","medium","medium",,"medium","medium","ok","medium","true","C7","C7: Below 4.0°C","REMIND-MAgPIE 2.1-4.3","DeepElec_SSP2_Npi","29.803285610801094","52.227779537189726","17.831700720388188","0.04854165","3.33940049802597","3.33940049802597","0.003339775",,"-6.023593168636921"
"1270","DeepElectrification-SSP2-NPi","REMIND-MAgPIE 2.1-4.3","Final Energy|Residential and Commercial|Electricity","EJ/yr","[object Object]",2050,7.8867,"3.33940049802597","3.33940049802597","2100","0.04854165","3453.7089765000005","GW7","ok","medium","ok","ok","medium","medium",,"medium","medium","ok","medium","true","C7","C7: Below 4.0°C","REMIND-MAgPIE 2.1-4.3","DeepElec_SSP2_Npi","29.803285610801094","52.227779537189726","17.831700720388188","0.04854165","3.33940049802597","3.33940049802597","0.003339775",,"-6.023593168636921"
"1270","DeepElectrification-SSP2-NPi","REMIND-MAgPIE 2.1-4.3","Final Energy|Residential and Commercial|Electricity","EJ/yr","[object Object]",2055,8.0007,"3.33940049802597","3.33940049802597","2100","0.04854165","3453.7089765000005","GW7","ok","medium","ok","ok","medium","medium",,"medium","medium","ok","medium","true","C7","C7: Below 4.0°C","REMIND-MAgPIE 2.1-4.3","DeepElec_SSP2_Npi","29.803285610801094","52.227779537189726","17.831700720388188","0.04854165","3.33940049802597","3.33940049802597","0.003339775",,"-6.023593168636921"
"1270","DeepElectrification-SSP2-NPi","REMIND-MAgPIE 2.1-4.3","Final Energy|Residential and Commercial|Electricity","EJ/yr","[object Object]",2060,8.1504,"3.33940049802597","3.33940049802597","2100","0.04854165","3453.7089765000005","GW7","ok","medium","ok","ok","medium","medium",,"medium","medium","ok","medium","true","C7","C7: Below 4.0°C","REMIND-MAgPIE 2.1-4.3","DeepElec_SSP2_Npi","29.803285610801094","52.227779537189726","17.831700720388188","0.04854165","3.33940049802597","3.33940049802597","0.003339775",,"-6.023593168636921"
"1270","DeepElectrification-SSP2-NPi","REMIND-MAgPIE 2.1-4.3","Final Energy|Residential and Commercial|Electricity","EJ/yr","[object Object]",2070,8.8005,"3.33940049802597","3.33940049802597","2100","0.04854165","3453.7089765000005","GW7","ok","medium","ok","ok","medium","medium",,"medium","medium","ok","medium","true","C7","C7: Below 4.0°C","REMIND-MAgPIE 2.1-4.3","DeepElec_SSP2_Npi","29.803285610801094","52.227779537189726","17.831700720388188","0.04854165","3.33940049802597","3.33940049802597","0.003339775",,"-6.023593168636921"
"1270","DeepElectrification-SSP2-NPi","REMIND-MAgPIE 2.1-4.3","Final Energy|Residential and Commercial|Electricity","EJ/yr","[object Object]",2080,9.3678,"3.33940049802597","3.33940049802597","2100","0.04854165","3453.7089765000005","GW7","ok","medium","ok","ok","medium","medium",,"medium","medium","ok","medium","true","C7","C7: Below 4.0°C","REMIND-MAgPIE 2.1-4.3","DeepElec_SSP2_Npi","29.803285610801094","52.227779537189726","17.831700720388188","0.04854165","3.33940049802597","3.33940049802597","0.003339775",,"-6.023593168636921"
"1270","DeepElectrification-SSP2-NPi","REMIND-MAgPIE 2.1-4.3","Final Energy|Residential and Commercial|Electricity","EJ/yr","[object Object]",2090,9.6764,"3.33940049802597","3.33940049802597","2100","0.04854165","3453.7089765000005","GW7","ok","medium","ok","ok","medium","medium",,"medium","medium","ok","medium","true","C7","C7: Below 4.0°C","REMIND-MAgPIE 2.1-4.3","DeepElec_SSP2_Npi","29.803285610801094","52.227779537189726","17.831700720388188","0.04854165","3.33940049802597","3.33940049802597","0.003339775",,"-6.023593168636921"
"1270","DeepElectrification-SSP2-NPi","REMIND-MAgPIE 2.1-4.3","Final Energy|Residential and Commercial|Electricity","EJ/yr","[object Object]",2100,10.3136,"3.33940049802597","3.33940049802597","2100","0.04854165","3453.7089765000005","GW7","ok","medium","ok","ok","medium","medium",,"medium","medium","ok","medium","true","C7","C7: Below 4.0°C","REMIND-MAgPIE 2.1-4.3","DeepElec_SSP2_Npi","29.803285610801094","52.227779537189726","17.831700720388188","0.04854165","3.33940049802597","3.33940049802597","0.003339775",,"-6.023593168636921"
"1384","NGFS Phase 2-Current Policies","GCAM 5.3","Final Energy|Residential and Commercial|Electricity","EJ/yr","[object Object]",2010,6.9451959,"3.045831548925096","3.045831548925096","2100","0.000041437928","3664.57988191","GW7","ok","medium","ok","ok","ok","ok","medium","high","medium","ok","medium","true","C7","C7: Below 4.0°C","GCAM 5.3","NGFS2_Current Policies","12.545590871997007","74.51828845211973","10.440722650275717","0.000041437928","3.045831548925096","3.045831548925096","0.002624392",,"0.3845145679332944"
"1384","NGFS Phase 2-Current Policies","GCAM 5.3","Final Energy|Residential and Commercial|Electricity","EJ/yr","[object Object]",2015,6.776752500000001,"3.045831548925096","3.045831548925096","2100","0.000041437928","3664.57988191","GW7","ok","medium","ok","ok","ok","ok","medium","high","medium","ok","medium","true","C7","C7: Below 4.0°C","GCAM 5.3","NGFS2_Current Policies","12.545590871997007","74.51828845211973","10.440722650275717","0.000041437928","3.045831548925096","3.045831548925096","0.002624392",,"0.3845145679332944"
"1384","NGFS Phase 2-Current Policies","GCAM 5.3","Final Energy|Residential and Commercial|Electricity","EJ/yr","[object Object]",2020,7.338022700000001,"3.045831548925096","3.045831548925096","2100","0.000041437928","3664.57988191","GW7","ok","medium","ok","ok","ok","ok","medium","high","medium","ok","medium","true","C7","C7: Below 4.0°C","GCAM 5.3","NGFS2_Current Policies","12.545590871997007","74.51828845211973","10.440722650275717","0.000041437928","3.045831548925096","3.045831548925096","0.002624392",,"0.3845145679332944"
"1384","NGFS Phase 2-Current Policies","GCAM 5.3","Final Energy|Residential and Commercial|Electricity","EJ/yr","[object Object]",2025,8.220100700000001,"3.045831548925096","3.045831548925096","2100","0.000041437928","3664.57988191","GW7","ok","medium","ok","ok","ok","ok","medium","high","medium","ok","medium","true","C7","C7: Below 4.0°C","GCAM 5.3","NGFS2_Current Policies","12.545590871997007","74.51828845211973","10.440722650275717","0.000041437928","3.045831548925096","3.045831548925096","0.002624392",,"0.3845145679332944"
"1384","NGFS Phase 2-Current Policies","GCAM 5.3","Final Energy|Residential and Commercial|Electricity","EJ/yr","[object Object]",2030,9.0803804,"3.045831548925096","3.045831548925096","2100","0.000041437928","3664.57988191","GW7","ok","medium","ok","ok","ok","ok","medium","high","medium","ok","medium","true","C7","C7: Below 4.0°C","GCAM 5.3","NGFS2_Current Policies","12.545590871997007","74.51828845211973","10.440722650275717","0.000041437928","3.045831548925096","3.045831548925096","0.002624392",,"0.3845145679332944"
"1384","NGFS Phase 2-Current Policies","GCAM 5.3","Final Energy|Residential and Commercial|Electricity","EJ/yr","[object Object]",2035,10.5059345,"3.045831548925096","3.045831548925096","2100","0.000041437928","3664.57988191","GW7","ok","medium","ok","ok","ok","ok","medium","high","medium","ok","medium","true","C7","C7: Below 4.0°C","GCAM 5.3","NGFS2_Current Policies","12.545590871997007","74.51828845211973","10.440722650275717","0.000041437928","3.045831548925096","3.045831548925096","0.002624392",,"0.3845145679332944"
"1384","NGFS Phase 2-Current Policies","GCAM 5.3","Final Energy|Residential and Commercial|Electricity","EJ/yr","[object Object]",2040,11.3337868,"3.045831548925096","3.045831548925096","2100","0.000041437928","3664.57988191","GW7","ok","medium","ok","ok","ok","ok","medium","high","medium","ok","medium","true","C7","C7: Below 4.0°C","GCAM 5.3","NGFS2_Current Policies","12.545590871997007","74.51828845211973","10.440722650275717","0.000041437928","3.045831548925096","3.045831548925096","0.002624392",,"0.3845145679332944"
"1384","NGFS Phase 2-Current Policies","GCAM 5.3","Final Energy|Residential and Commercial|Electricity","EJ/yr","[object Object]",2045,12.2041516,"3.045831548925096","3.045831548925096","2100","0.000041437928","3664.57988191","GW7","ok","medium","ok","ok","ok","ok","medium","high","medium","ok","medium","true","C7","C7: Below 4.0°C","GCAM 5.3","NGFS2_Current Policies","12.545590871997007","74.51828845211973","10.440722650275717","0.000041437928","3.045831548925096","3.045831548925096","0.002624392",,"0.3845145679332944"
"1384","NGFS Phase 2-Current Policies","GCAM 5.3","Final Energy|Residential and Commercial|Electricity","EJ/yr","[object Object]",2050,12.9570468,"3.045831548925096","3.045831548925096","2100","0.000041437928","3664.57988191","GW7","ok","medium","ok","ok","ok","ok","medium","high","medium","ok","medium","true","C7","C7: Below 4.0°C","GCAM 5.3","NGFS2_Current Policies","12.545590871997007","74.51828845211973","10.440722650275717","0.000041437928","3.045831548925096","3.045831548925096","0.002624392",,"0.3845145679332944"
"1384","NGFS Phase 2-Current Policies","GCAM 5.3","Final Energy|Residential and Commercial|Electricity","EJ/yr","[object Object]",2055,13.6600737,"3.045831548925096","3.045831548925096","2100","0.000041437928","3664.57988191","GW7","ok","medium","ok","ok","ok","ok","medium","high","medium","ok","medium","true","C7","C7: Below 4.0°C","GCAM 5.3","NGFS2_Current Policies","12.545590871997007","74.51828845211973","10.440722650275717","0.000041437928","3.045831548925096","3.045831548925096","0.002624392",,"0.3845145679332944"
"1384","NGFS Phase 2-Current Policies","GCAM 5.3","Final Energy|Residential and Commercial|Electricity","EJ/yr","[object Object]",2060,14.2952823,"3.045831548925096","3.045831548925096","2100","0.000041437928","3664.57988191","GW7","ok","medium","ok","ok","ok","ok","medium","high","medium","ok","medium","true","C7","C7: Below 4.0°C","GCAM 5.3","NGFS2_Current Policies","12.545590871997007","74.51828845211973","10.440722650275717","0.000041437928","3.045831548925096","3.045831548925096","0.002624392",,"0.3845145679332944"
"1384","NGFS Phase 2-Current Policies","GCAM 5.3","Final Energy|Residential and Commercial|Electricity","EJ/yr","[object Object]",2065,14.8961365,"3.045831548925096","3.045831548925096","2100","0.000041437928","3664.57988191","GW7","ok","medium","ok","ok","ok","ok","medium","high","medium","ok","medium","true","C7","C7: Below 4.0°C","GCAM 5.3","NGFS2_Current Policies","12.545590871997007","74.51828845211973","10.440722650275717","0.000041437928","3.045831548925096","3.045831548925096","0.002624392",,"0.3845145679332944"
"1384","NGFS Phase 2-Current Policies","GCAM 5.3","Final Energy|Residential and Commercial|Electricity","EJ/yr","[object Object]",2070,15.3848492,"3.045831548925096","3.045831548925096","2100","0.000041437928","3664.57988191","GW7","ok","medium","ok","ok","ok","ok","medium","high","medium","ok","medium","true","C7","C7: Below 4.0°C","GCAM 5.3","NGFS2_Current Policies","12.545590871997007","74.51828845211973","10.440722650275717","0.000041437928","3.045831548925096","3.045831548925096","0.002624392",,"0.3845145679332944"
"1384","NGFS Phase 2-Current Policies","GCAM 5.3","Final Energy|Residential and Commercial|Electricity","EJ/yr","[object Object]",2075,15.7690355,"3.045831548925096","3.045831548925096","2100","0.000041437928","3664.57988191","GW7","ok","medium","ok","ok","ok","ok","medium","high","medium","ok","medium","true","C7","C7: Below 4.0°C","GCAM 5.3","NGFS2_Current Policies","12.545590871997007","74.51828845211973","10.440722650275717","0.000041437928","3.045831548925096","3.045831548925096","0.002624392",,"0.3845145679332944"
"1384","NGFS Phase 2-Current Policies","GCAM 5.3","Final Energy|Residential and Commercial|Electricity","EJ/yr","[object Object]",2080,16.0362226,"3.045831548925096","3.045831548925096","2100","0.000041437928","3664.57988191","GW7","ok","medium","ok","ok","ok","ok","medium","high","medium","ok","medium","true","C7","C7: Below 4.0°C","GCAM 5.3","NGFS2_Current Policies","12.545590871997007","74.51828845211973","10.440722650275717","0.000041437928","3.045831548925096","3.045831548925096","0.002624392",,"0.3845145679332944"
"1384","NGFS Phase 2-Current Policies","GCAM 5.3","Final Energy|Residential and Commercial|Electricity","EJ/yr","[object Object]",2085,16.1980586,"3.045831548925096","3.045831548925096","2100","0.000041437928","3664.57988191","GW7","ok","medium","ok","ok","ok","ok","medium","high","medium","ok","medium","true","C7","C7: Below 4.0°C","GCAM 5.3","NGFS2_Current Policies","12.545590871997007","74.51828845211973","10.440722650275717","0.000041437928","3.045831548925096","3.045831548925096","0.002624392",,"0.3845145679332944"
"1384","NGFS Phase 2-Current Policies","GCAM 5.3","Final Energy|Residential and Commercial|Electricity","EJ/yr","[object Object]",2090,16.2887285,"3.045831548925096","3.045831548925096","2100","0.000041437928","3664.57988191","GW7","ok","medium","ok","ok","ok","ok","medium","high","medium","ok","medium","true","C7","C7: Below 4.0°C","GCAM 5.3","NGFS2_Current Policies","12.545590871997007","74.51828845211973","10.440722650275717","0.000041437928","3.045831548925096","3.045831548925096","0.002624392",,"0.3845145679332944"
"1384","NGFS Phase 2-Current Policies","GCAM 5.3","Final Energy|Residential and Commercial|Electricity","EJ/yr","[object Object]",2095,16.2718999,"3.045831548925096","3.045831548925096","2100","0.000041437928","3664.57988191","GW7","ok","medium","ok","ok","ok","ok","medium","high","medium","ok","medium","true","C7","C7: Below 4.0°C","GCAM 5.3","NGFS2_Current Policies","12.545590871997007","74.51828845211973","10.440722650275717","0.000041437928","3.045831548925096","3.045831548925096","0.002624392",,"0.3845145679332944"
"1384","NGFS Phase 2-Current Policies","GCAM 5.3","Final Energy|Residential and Commercial|Electricity","EJ/yr","[object Object]",2100,15.7914694,"3.045831548925096","3.045831548925096","2100","0.000041437928","3664.57988191","GW7","ok","medium","ok","ok","ok","ok","medium","high","medium","ok","medium","true","C7","C7: Below 4.0°C","GCAM 5.3","NGFS2_Current Policies","12.545590871997007","74.51828845211973","10.440722650275717","0.000041437928","3.045831548925096","3.045831548925096","0.002624392",,"0.3845145679332944"
"1389","NGFS Phase 2-Current Policies","MESSAGEix-GLOBIOM 1.1","Final Energy|Residential and Commercial|Electricity","EJ/yr","[object Object]",2010,7.155450463999999,"3.156677073178789","3.156677073178789","2100","0","4307.58465639","GW7","failed","medium","ok","ok","ok","ok","high","high","high","ok","ok","true","C7","C7: Below 4.0°C","MESSAGEix-GLOBIOM_1.1","NGFS2_Current Policies","12.605262473551877","81.1363776734079","5.29804052694573","0","3.156677073178789","3.156677073178789",,,"0.5934341496672175"
"1389","NGFS Phase 2-Current Policies","MESSAGEix-GLOBIOM 1.1","Final Energy|Residential and Commercial|Electricity","EJ/yr","[object Object]",2015,6.950679227,"3.156677073178789","3.156677073178789","2100","0","4307.58465639","GW7","failed","medium","ok","ok","ok","ok","high","high","high","ok","ok","true","C7","C7: Below 4.0°C","MESSAGEix-GLOBIOM_1.1","NGFS2_Current Policies","12.605262473551877","81.1363776734079","5.29804052694573","0","3.156677073178789","3.156677073178789",,,"0.5934341496672175"
"1389","NGFS Phase 2-Current Policies","MESSAGEix-GLOBIOM 1.1","Final Energy|Residential and Commercial|Electricity","EJ/yr","[object Object]",2020,6.8763638,"3.156677073178789","3.156677073178789","2100","0","4307.58465639","GW7","failed","medium","ok","ok","ok","ok","high","high","high","ok","ok","true","C7","C7: Below 4.0°C","MESSAGEix-GLOBIOM_1.1","NGFS2_Current Policies","12.605262473551877","81.1363776734079","5.29804052694573","0","3.156677073178789","3.156677073178789",,,"0.5934341496672175"
"1389","NGFS Phase 2-Current Policies","MESSAGEix-GLOBIOM 1.1","Final Energy|Residential and Commercial|Electricity","EJ/yr","[object Object]",2025,7.169869092,"3.156677073178789","3.156677073178789","2100","0","4307.58465639","GW7","failed","medium","ok","ok","ok","ok","high","high","high","ok","ok","true","C7","C7: Below 4.0°C","MESSAGEix-GLOBIOM_1.1","NGFS2_Current Policies","12.605262473551877","81.1363776734079","5.29804052694573","0","3.156677073178789","3.156677073178789",,,"0.5934341496672175"
"1389","NGFS Phase 2-Current Policies","MESSAGEix-GLOBIOM 1.1","Final Energy|Residential and Commercial|Electricity","EJ/yr","[object Object]",2030,7.563100554,"3.156677073178789","3.156677073178789","2100","0","4307.58465639","GW7","failed","medium","ok","ok","ok","ok","high","high","high","ok","ok","true","C7","C7: Below 4.0°C","MESSAGEix-GLOBIOM_1.1","NGFS2_Current Policies","12.605262473551877","81.1363776734079","5.29804052694573","0","3.156677073178789","3.156677073178789",,,"0.5934341496672175"
"1389","NGFS Phase 2-Current Policies","MESSAGEix-GLOBIOM 1.1","Final Energy|Residential and Commercial|Electricity","EJ/yr","[object Object]",2035,8.438120459,"3.156677073178789","3.156677073178789","2100","0","4307.58465639","GW7","failed","medium","ok","ok","ok","ok","high","high","high","ok","ok","true","C7","C7: Below 4.0°C","MESSAGEix-GLOBIOM_1.1","NGFS2_Current Policies","12.605262473551877","81.1363776734079","5.29804052694573","0","3.156677073178789","3.156677073178789",,,"0.5934341496672175"
"1389","NGFS Phase 2-Current Policies","MESSAGEix-GLOBIOM 1.1","Final Energy|Residential and Commercial|Electricity","EJ/yr","[object Object]",2040,9.442509913,"3.156677073178789","3.156677073178789","2100","0","4307.58465639","GW7","failed","medium","ok","ok","ok","ok","high","high","high","ok","ok","true","C7","C7: Below 4.0°C","MESSAGEix-GLOBIOM_1.1","NGFS2_Current Policies","12.605262473551877","81.1363776734079","5.29804052694573","0","3.156677073178789","3.156677073178789",,,"0.5934341496672175"
"1389","NGFS Phase 2-Current Policies","MESSAGEix-GLOBIOM 1.1","Final Energy|Residential and Commercial|Electricity","EJ/yr","[object Object]",2045,10.445682066,"3.156677073178789","3.156677073178789","2100","0","4307.58465639","GW7","failed","medium","ok","ok","ok","ok","high","high","high","ok","ok","true","C7","C7: Below 4.0°C","MESSAGEix-GLOBIOM_1.1","NGFS2_Current Policies","12.605262473551877","81.1363776734079","5.29804052694573","0","3.156677073178789","3.156677073178789",,,"0.5934341496672175"
"1389","NGFS Phase 2-Current Policies","MESSAGEix-GLOBIOM 1.1","Final Energy|Residential and Commercial|Electricity","EJ/yr","[object Object]",2050,11.355574516,"3.156677073178789","3.156677073178789","2100","0","4307.58465639","GW7","failed","medium","ok","ok","ok","ok","high","high","high","ok","ok","true","C7","C7: Below 4.0°C","MESSAGEix-GLOBIOM_1.1","NGFS2_Current Policies","12.605262473551877","81.1363776734079","5.29804052694573","0","3.156677073178789","3.156677073178789",,,"0.5934341496672175"
"1389","NGFS Phase 2-Current Policies","MESSAGEix-GLOBIOM 1.1","Final Energy|Residential and Commercial|Electricity","EJ/yr","[object Object]",2055,12.265188365,"3.156677073178789","3.156677073178789","2100","0","4307.58465639","GW7","failed","medium","ok","ok","ok","ok","high","high","high","ok","ok","true","C7","C7: Below 4.0°C","MESSAGEix-GLOBIOM_1.1","NGFS2_Current Policies","12.605262473551877","81.1363776734079","5.29804052694573","0","3.156677073178789","3.156677073178789",,,"0.5934341496672175"
"1389","NGFS Phase 2-Current Policies","MESSAGEix-GLOBIOM 1.1","Final Energy|Residential and Commercial|Electricity","EJ/yr","[object Object]",2060,13.083893099,"3.156677073178789","3.156677073178789","2100","0","4307.58465639","GW7","failed","medium","ok","ok","ok","ok","high","high","high","ok","ok","true","C7","C7: Below 4.0°C","MESSAGEix-GLOBIOM_1.1","NGFS2_Current Policies","12.605262473551877","81.1363776734079","5.29804052694573","0","3.156677073178789","3.156677073178789",,,"0.5934341496672175"
"1389","NGFS Phase 2-Current Policies","MESSAGEix-GLOBIOM 1.1","Final Energy|Residential and Commercial|Electricity","EJ/yr","[object Object]",2070,15.996815269,"3.156677073178789","3.156677073178789","2100","0","4307.58465639","GW7","failed","medium","ok","ok","ok","ok","high","high","high","ok","ok","true","C7","C7: Below 4.0°C","MESSAGEix-GLOBIOM_1.1","NGFS2_Current Policies","12.605262473551877","81.1363776734079","5.29804052694573","0","3.156677073178789","3.156677073178789",,,"0.5934341496672175"
"1389","NGFS Phase 2-Current Policies","MESSAGEix-GLOBIOM 1.1","Final Energy|Residential and Commercial|Electricity","EJ/yr","[object Object]",2080,18.708690578,"3.156677073178789","3.156677073178789","2100","0","4307.58465639","GW7","failed","medium","ok","ok","ok","ok","high","high","high","ok","ok","true","C7","C7: Below 4.0°C","MESSAGEix-GLOBIOM_1.1","NGFS2_Current Policies","12.605262473551877","81.1363776734079","5.29804052694573","0","3.156677073178789","3.156677073178789",,,"0.5934341496672175"
"1389","NGFS Phase 2-Current Policies","MESSAGEix-GLOBIOM 1.1","Final Energy|Residential and Commercial|Electricity","EJ/yr","[object Object]",2090,20.976098315,"3.156677073178789","3.156677073178789","2100","0","4307.58465639","GW7","failed","medium","ok","ok","ok","ok","high","high","high","ok","ok","true","C7","C7: Below 4.0°C","MESSAGEix-GLOBIOM_1.1","NGFS2_Current Policies","12.605262473551877","81.1363776734079","5.29804052694573","0","3.156677073178789","3.156677073178789",,,"0.5934341496672175"
"1389","NGFS Phase 2-Current Policies","MESSAGEix-GLOBIOM 1.1","Final Energy|Residential and Commercial|Electricity","EJ/yr","[object Object]",2100,22.793295123,"3.156677073178789","3.156677073178789","2100","0","4307.58465639","GW7","failed","medium","ok","ok","ok","ok","high","high","high","ok","ok","true","C7","C7: Below 4.0°C","MESSAGEix-GLOBIOM_1.1","NGFS2_Current Policies","12.605262473551877","81.1363776734079","5.29804052694573","0","3.156677073178789","3.156677073178789",,,"0.5934341496672175"
"1394","NGFS Phase 2-Current Policies","REMIND-MAgPIE 2.1-4.2","Final Energy|Residential and Commercial|Electricity","EJ/yr","[object Object]",2010,6.1643,"3.232271428585062","3.232271428585062","2100","0.8041631499999998","3184.3368528000005","GW7","ok","medium","ok","ok","medium","medium",,"high","medium","ok","ok","true","C7","C7: Below 4.0°C","REMIND-MAgPIE 2.1-4.2","NGFS2_Current Policies","31.651672817823766","51.96423938005631","16.231115689516958","0.8041631499999998","3.232271428585062","3.232271428585062","0.003284128",,"-4.3759831564706815"
"1394","NGFS Phase 2-Current Policies","REMIND-MAgPIE 2.1-4.2","Final Energy|Residential and Commercial|Electricity","EJ/yr","[object Object]",2015,5.8845,"3.232271428585062","3.232271428585062","2100","0.8041631499999998","3184.3368528000005","GW7","ok","medium","ok","ok","medium","medium",,"high","medium","ok","ok","true","C7","C7: Below 4.0°C","REMIND-MAgPIE 2.1-4.2","NGFS2_Current Policies","31.651672817823766","51.96423938005631","16.231115689516958","0.8041631499999998","3.232271428585062","3.232271428585062","0.003284128",,"-4.3759831564706815"
"1394","NGFS Phase 2-Current Policies","REMIND-MAgPIE 2.1-4.2","Final Energy|Residential and Commercial|Electricity","EJ/yr","[object Object]",2020,6.3732,"3.232271428585062","3.232271428585062","2100","0.8041631499999998","3184.3368528000005","GW7","ok","medium","ok","ok","medium","medium",,"high","medium","ok","ok","true","C7","C7: Below 4.0°C","REMIND-MAgPIE 2.1-4.2","NGFS2_Current Policies","31.651672817823766","51.96423938005631","16.231115689516958","0.8041631499999998","3.232271428585062","3.232271428585062","0.003284128",,"-4.3759831564706815"
"1394","NGFS Phase 2-Current Policies","REMIND-MAgPIE 2.1-4.2","Final Energy|Residential and Commercial|Electricity","EJ/yr","[object Object]",2025,6.848100000000001,"3.232271428585062","3.232271428585062","2100","0.8041631499999998","3184.3368528000005","GW7","ok","medium","ok","ok","medium","medium",,"high","medium","ok","ok","true","C7","C7: Below 4.0°C","REMIND-MAgPIE 2.1-4.2","NGFS2_Current Policies","31.651672817823766","51.96423938005631","16.231115689516958","0.8041631499999998","3.232271428585062","3.232271428585062","0.003284128",,"-4.3759831564706815"
"1394","NGFS Phase 2-Current Policies","REMIND-MAgPIE 2.1-4.2","Final Energy|Residential and Commercial|Electricity","EJ/yr","[object Object]",2030,7.3018,"3.232271428585062","3.232271428585062","2100","0.8041631499999998","3184.3368528000005","GW7","ok","medium","ok","ok","medium","medium",,"high","medium","ok","ok","true","C7","C7: Below 4.0°C","REMIND-MAgPIE 2.1-4.2","NGFS2_Current Policies","31.651672817823766","51.96423938005631","16.231115689516958","0.8041631499999998","3.232271428585062","3.232271428585062","0.003284128",,"-4.3759831564706815"
"1394","NGFS Phase 2-Current Policies","REMIND-MAgPIE 2.1-4.2","Final Energy|Residential and Commercial|Electricity","EJ/yr","[object Object]",2035,7.5947,"3.232271428585062","3.232271428585062","2100","0.8041631499999998","3184.3368528000005","GW7","ok","medium","ok","ok","medium","medium",,"high","medium","ok","ok","true","C7","C7: Below 4.0°C","REMIND-MAgPIE 2.1-4.2","NGFS2_Current Policies","31.651672817823766","51.96423938005631","16.231115689516958","0.8041631499999998","3.232271428585062","3.232271428585062","0.003284128",,"-4.3759831564706815"
"1394","NGFS Phase 2-Current Policies","REMIND-MAgPIE 2.1-4.2","Final Energy|Residential and Commercial|Electricity","EJ/yr","[object Object]",2040,7.6583,"3.232271428585062","3.232271428585062","2100","0.8041631499999998","3184.3368528000005","GW7","ok","medium","ok","ok","medium","medium",,"high","medium","ok","ok","true","C7","C7: Below 4.0°C","REMIND-MAgPIE 2.1-4.2","NGFS2_Current Policies","31.651672817823766","51.96423938005631","16.231115689516958","0.8041631499999998","3.232271428585062","3.232271428585062","0.003284128",,"-4.3759831564706815"
"1394","NGFS Phase 2-Current Policies","REMIND-MAgPIE 2.1-4.2","Final Energy|Residential and Commercial|Electricity","EJ/yr","[object Object]",2045,7.6886,"3.232271428585062","3.232271428585062","2100","0.8041631499999998","3184.3368528000005","GW7","ok","medium","ok","ok","medium","medium",,"high","medium","ok","ok","true","C7","C7: Below 4.0°C","REMIND-MAgPIE 2.1-4.2","NGFS2_Current Policies","31.651672817823766","51.96423938005631","16.231115689516958","0.8041631499999998","3.232271428585062","3.232271428585062","0.003284128",,"-4.3759831564706815"
"1394","NGFS Phase 2-Current Policies","REMIND-MAgPIE 2.1-4.2","Final Energy|Residential and Commercial|Electricity","EJ/yr","[object Object]",2050,7.6361,"3.232271428585062","3.232271428585062","2100","0.8041631499999998","3184.3368528000005","GW7","ok","medium","ok","ok","medium","medium",,"high","medium","ok","ok","true","C7","C7: Below 4.0°C","REMIND-MAgPIE 2.1-4.2","NGFS2_Current Policies","31.651672817823766","51.96423938005631","16.231115689516958","0.8041631499999998","3.232271428585062","3.232271428585062","0.003284128",,"-4.3759831564706815"
"1394","NGFS Phase 2-Current Policies","REMIND-MAgPIE 2.1-4.2","Final Energy|Residential and Commercial|Electricity","EJ/yr","[object Object]",2055,7.7276,"3.232271428585062","3.232271428585062","2100","0.8041631499999998","3184.3368528000005","GW7","ok","medium","ok","ok","medium","medium",,"high","medium","ok","ok","true","C7","C7: Below 4.0°C","REMIND-MAgPIE 2.1-4.2","NGFS2_Current Policies","31.651672817823766","51.96423938005631","16.231115689516958","0.8041631499999998","3.232271428585062","3.232271428585062","0.003284128",,"-4.3759831564706815"
"1394","NGFS Phase 2-Current Policies","REMIND-MAgPIE 2.1-4.2","Final Energy|Residential and Commercial|Electricity","EJ/yr","[object Object]",2060,7.9038,"3.232271428585062","3.232271428585062","2100","0.8041631499999998","3184.3368528000005","GW7","ok","medium","ok","ok","medium","medium",,"high","medium","ok","ok","true","C7","C7: Below 4.0°C","REMIND-MAgPIE 2.1-4.2","NGFS2_Current Policies","31.651672817823766","51.96423938005631","16.231115689516958","0.8041631499999998","3.232271428585062","3.232271428585062","0.003284128",,"-4.3759831564706815"
"1394","NGFS Phase 2-Current Policies","REMIND-MAgPIE 2.1-4.2","Final Energy|Residential and Commercial|Electricity","EJ/yr","[object Object]",2070,8.5038,"3.232271428585062","3.232271428585062","2100","0.8041631499999998","3184.3368528000005","GW7","ok","medium","ok","ok","medium","medium",,"high","medium","ok","ok","true","C7","C7: Below 4.0°C","REMIND-MAgPIE 2.1-4.2","NGFS2_Current Policies","31.651672817823766","51.96423938005631","16.231115689516958","0.8041631499999998","3.232271428585062","3.232271428585062","0.003284128",,"-4.3759831564706815"
"1394","NGFS Phase 2-Current Policies","REMIND-MAgPIE 2.1-4.2","Final Energy|Residential and Commercial|Electricity","EJ/yr","[object Object]",2080,9.0161,"3.232271428585062","3.232271428585062","2100","0.8041631499999998","3184.3368528000005","GW7","ok","medium","ok","ok","medium","medium",,"high","medium","ok","ok","true","C7","C7: Below 4.0°C","REMIND-MAgPIE 2.1-4.2","NGFS2_Current Policies","31.651672817823766","51.96423938005631","16.231115689516958","0.8041631499999998","3.232271428585062","3.232271428585062","0.003284128",,"-4.3759831564706815"
"1394","NGFS Phase 2-Current Policies","REMIND-MAgPIE 2.1-4.2","Final Energy|Residential and Commercial|Electricity","EJ/yr","[object Object]",2090,9.3672,"3.232271428585062","3.232271428585062","2100","0.8041631499999998","3184.3368528000005","GW7","ok","medium","ok","ok","medium","medium",,"high","medium","ok","ok","true","C7","C7: Below 4.0°C","REMIND-MAgPIE 2.1-4.2","NGFS2_Current Policies","31.651672817823766","51.96423938005631","16.231115689516958","0.8041631499999998","3.232271428585062","3.232271428585062","0.003284128",,"-4.3759831564706815"
"1394","NGFS Phase 2-Current Policies","REMIND-MAgPIE 2.1-4.2","Final Energy|Residential and Commercial|Electricity","EJ/yr","[object Object]",2100,9.8734,"3.232271428585062","3.232271428585062","2100","0.8041631499999998","3184.3368528000005","GW7","ok","medium","ok","ok","medium","medium",,"high","medium","ok","ok","true","C7","C7: Below 4.0°C","REMIND-MAgPIE 2.1-4.2","NGFS2_Current Policies","31.651672817823766","51.96423938005631","16.231115689516958","0.8041631499999998","3.232271428585062","3.232271428585062","0.003284128",,"-4.3759831564706815"
"1395","NGFS Phase 2-Current Policies [IPD 95th]","REMIND-MAgPIE 2.1-4.2","Final Energy|Residential and Commercial|Electricity","EJ/yr","[object Object]",2010,6.1643,"3.173963463430126","3.173963463430126","2100","0.8338419999999999","3048.50012865","GW7","ok","medium","ok","ok","medium","medium",,"high","medium","ok","ok","true","C7","C7: Below 4.0°C","REMIND-MAgPIE 2.1-4.2","NGFS2_Current Policies - IPD-95th","31.996727313715358","51.49330887240021","16.356240841725583","0.8338419999999999","3.173963463430126","3.173963463430126","0.003175644",,
"1395","NGFS Phase 2-Current Policies [IPD 95th]","REMIND-MAgPIE 2.1-4.2","Final Energy|Residential and Commercial|Electricity","EJ/yr","[object Object]",2015,5.8879,"3.173963463430126","3.173963463430126","2100","0.8338419999999999","3048.50012865","GW7","ok","medium","ok","ok","medium","medium",,"high","medium","ok","ok","true","C7","C7: Below 4.0°C","REMIND-MAgPIE 2.1-4.2","NGFS2_Current Policies - IPD-95th","31.996727313715358","51.49330887240021","16.356240841725583","0.8338419999999999","3.173963463430126","3.173963463430126","0.003175644",,
"1395","NGFS Phase 2-Current Policies [IPD 95th]","REMIND-MAgPIE 2.1-4.2","Final Energy|Residential and Commercial|Electricity","EJ/yr","[object Object]",2020,6.3792,"3.173963463430126","3.173963463430126","2100","0.8338419999999999","3048.50012865","GW7","ok","medium","ok","ok","medium","medium",,"high","medium","ok","ok","true","C7","C7: Below 4.0°C","REMIND-MAgPIE 2.1-4.2","NGFS2_Current Policies - IPD-95th","31.996727313715358","51.49330887240021","16.356240841725583","0.8338419999999999","3.173963463430126","3.173963463430126","0.003175644",,
"1395","NGFS Phase 2-Current Policies [IPD 95th]","REMIND-MAgPIE 2.1-4.2","Final Energy|Residential and Commercial|Electricity","EJ/yr","[object Object]",2025,6.8468,"3.173963463430126","3.173963463430126","2100","0.8338419999999999","3048.50012865","GW7","ok","medium","ok","ok","medium","medium",,"high","medium","ok","ok","true","C7","C7: Below 4.0°C","REMIND-MAgPIE 2.1-4.2","NGFS2_Current Policies - IPD-95th","31.996727313715358","51.49330887240021","16.356240841725583","0.8338419999999999","3.173963463430126","3.173963463430126","0.003175644",,
"1395","NGFS Phase 2-Current Policies [IPD 95th]","REMIND-MAgPIE 2.1-4.2","Final Energy|Residential and Commercial|Electricity","EJ/yr","[object Object]",2030,7.3049,"3.173963463430126","3.173963463430126","2100","0.8338419999999999","3048.50012865","GW7","ok","medium","ok","ok","medium","medium",,"high","medium","ok","ok","true","C7","C7: Below 4.0°C","REMIND-MAgPIE 2.1-4.2","NGFS2_Current Policies - IPD-95th","31.996727313715358","51.49330887240021","16.356240841725583","0.8338419999999999","3.173963463430126","3.173963463430126","0.003175644",,
"1395","NGFS Phase 2-Current Policies [IPD 95th]","REMIND-MAgPIE 2.1-4.2","Final Energy|Residential and Commercial|Electricity","EJ/yr","[object Object]",2035,7.5857,"3.173963463430126","3.173963463430126","2100","0.8338419999999999","3048.50012865","GW7","ok","medium","ok","ok","medium","medium",,"high","medium","ok","ok","true","C7","C7: Below 4.0°C","REMIND-MAgPIE 2.1-4.2","NGFS2_Current Policies - IPD-95th","31.996727313715358","51.49330887240021","16.356240841725583","0.8338419999999999","3.173963463430126","3.173963463430126","0.003175644",,
"1395","NGFS Phase 2-Current Policies [IPD 95th]","REMIND-MAgPIE 2.1-4.2","Final Energy|Residential and Commercial|Electricity","EJ/yr","[object Object]",2040,7.6382,"3.173963463430126","3.173963463430126","2100","0.8338419999999999","3048.50012865","GW7","ok","medium","ok","ok","medium","medium",,"high","medium","ok","ok","true","C7","C7: Below 4.0°C","REMIND-MAgPIE 2.1-4.2","NGFS2_Current Policies - IPD-95th","31.996727313715358","51.49330887240021","16.356240841725583","0.8338419999999999","3.173963463430126","3.173963463430126","0.003175644",,
"1395","NGFS Phase 2-Current Policies [IPD 95th]","REMIND-MAgPIE 2.1-4.2","Final Energy|Residential and Commercial|Electricity","EJ/yr","[object Object]",2045,7.6643,"3.173963463430126","3.173963463430126","2100","0.8338419999999999","3048.50012865","GW7","ok","medium","ok","ok","medium","medium",,"high","medium","ok","ok","true","C7","C7: Below 4.0°C","REMIND-MAgPIE 2.1-4.2","NGFS2_Current Policies - IPD-95th","31.996727313715358","51.49330887240021","16.356240841725583","0.8338419999999999","3.173963463430126","3.173963463430126","0.003175644",,
"1395","NGFS Phase 2-Current Policies [IPD 95th]","REMIND-MAgPIE 2.1-4.2","Final Energy|Residential and Commercial|Electricity","EJ/yr","[object Object]",2050,7.6176,"3.173963463430126","3.173963463430126","2100","0.8338419999999999","3048.50012865","GW7","ok","medium","ok","ok","medium","medium",,"high","medium","ok","ok","true","C7","C7: Below 4.0°C","REMIND-MAgPIE 2.1-4.2","NGFS2_Current Policies - IPD-95th","31.996727313715358","51.49330887240021","16.356240841725583","0.8338419999999999","3.173963463430126","3.173963463430126","0.003175644",,
"1395","NGFS Phase 2-Current Policies [IPD 95th]","REMIND-MAgPIE 2.1-4.2","Final Energy|Residential and Commercial|Electricity","EJ/yr","[object Object]",2055,7.7251,"3.173963463430126","3.173963463430126","2100","0.8338419999999999","3048.50012865","GW7","ok","medium","ok","ok","medium","medium",,"high","medium","ok","ok","true","C7","C7: Below 4.0°C","REMIND-MAgPIE 2.1-4.2","NGFS2_Current Policies - IPD-95th","31.996727313715358","51.49330887240021","16.356240841725583","0.8338419999999999","3.173963463430126","3.173963463430126","0.003175644",,
"1395","NGFS Phase 2-Current Policies [IPD 95th]","REMIND-MAgPIE 2.1-4.2","Final Energy|Residential and Commercial|Electricity","EJ/yr","[object Object]",2060,7.8958,"3.173963463430126","3.173963463430126","2100","0.8338419999999999","3048.50012865","GW7","ok","medium","ok","ok","medium","medium",,"high","medium","ok","ok","true","C7","C7: Below 4.0°C","REMIND-MAgPIE 2.1-4.2","NGFS2_Current Policies - IPD-95th","31.996727313715358","51.49330887240021","16.356240841725583","0.8338419999999999","3.173963463430126","3.173963463430126","0.003175644",,
"1395","NGFS Phase 2-Current Policies [IPD 95th]","REMIND-MAgPIE 2.1-4.2","Final Energy|Residential and Commercial|Electricity","EJ/yr","[object Object]",2070,8.3294,"3.173963463430126","3.173963463430126","2100","0.8338419999999999","3048.50012865","GW7","ok","medium","ok","ok","medium","medium",,"high","medium","ok","ok","true","C7","C7: Below 4.0°C","REMIND-MAgPIE 2.1-4.2","NGFS2_Current Policies - IPD-95th","31.996727313715358","51.49330887240021","16.356240841725583","0.8338419999999999","3.173963463430126","3.173963463430126","0.003175644",,
"1395","NGFS Phase 2-Current Policies [IPD 95th]","REMIND-MAgPIE 2.1-4.2","Final Energy|Residential and Commercial|Electricity","EJ/yr","[object Object]",2080,8.5988,"3.173963463430126","3.173963463430126","2100","0.8338419999999999","3048.50012865","GW7","ok","medium","ok","ok","medium","medium",,"high","medium","ok","ok","true","C7","C7: Below 4.0°C","REMIND-MAgPIE 2.1-4.2","NGFS2_Current Policies - IPD-95th","31.996727313715358","51.49330887240021","16.356240841725583","0.8338419999999999","3.173963463430126","3.173963463430126","0.003175644",,
"1395","NGFS Phase 2-Current Policies [IPD 95th]","REMIND-MAgPIE 2.1-4.2","Final Energy|Residential and Commercial|Electricity","EJ/yr","[object Object]",2090,8.8324,"3.173963463430126","3.173963463430126","2100","0.8338419999999999","3048.50012865","GW7","ok","medium","ok","ok","medium","medium",,"high","medium","ok","ok","true","C7","C7: Below 4.0°C","REMIND-MAgPIE 2.1-4.2","NGFS2_Current Policies - IPD-95th","31.996727313715358","51.49330887240021","16.356240841725583","0.8338419999999999","3.173963463430126","3.173963463430126","0.003175644",,
"1395","NGFS Phase 2-Current Policies [IPD 95th]","REMIND-MAgPIE 2.1-4.2","Final Energy|Residential and Commercial|Electricity","EJ/yr","[object Object]",2100,9.3666,"3.173963463430126","3.173963463430126","2100","0.8338419999999999","3048.50012865","GW7","ok","medium","ok","ok","medium","medium",,"high","medium","ok","ok","true","C7","C7: Below 4.0°C","REMIND-MAgPIE 2.1-4.2","NGFS2_Current Policies - IPD-95th","31.996727313715358","51.49330887240021","16.356240841725583","0.8338419999999999","3.173963463430126","3.173963463430126","0.003175644",,
"1396","NGFS Phase 2-Current Policies [IPD Median]","REMIND-MAgPIE 2.1-4.2","Final Energy|Residential and Commercial|Electricity","EJ/yr","[object Object]",2010,6.1643,"3.196897208679235","3.196897208679235","2100","0.7982804500000001","3097.751005","GW7","ok","medium","ok","ok","medium","medium",,"high","medium","ok","ok","true","C7","C7: Below 4.0°C","REMIND-MAgPIE 2.1-4.2","NGFS2_Current Policies - IPD-median","31.74633347751788","51.76929955406242","16.330936507720985","0.7982804500000001","3.196897208679235","3.196897208679235","0.003154542",,
"1396","NGFS Phase 2-Current Policies [IPD Median]","REMIND-MAgPIE 2.1-4.2","Final Energy|Residential and Commercial|Electricity","EJ/yr","[object Object]",2015,5.8858,"3.196897208679235","3.196897208679235","2100","0.7982804500000001","3097.751005","GW7","ok","medium","ok","ok","medium","medium",,"high","medium","ok","ok","true","C7","C7: Below 4.0°C","REMIND-MAgPIE 2.1-4.2","NGFS2_Current Policies - IPD-median","31.74633347751788","51.76929955406242","16.330936507720985","0.7982804500000001","3.196897208679235","3.196897208679235","0.003154542",,
"1396","NGFS Phase 2-Current Policies [IPD Median]","REMIND-MAgPIE 2.1-4.2","Final Energy|Residential and Commercial|Electricity","EJ/yr","[object Object]",2020,6.3772,"3.196897208679235","3.196897208679235","2100","0.7982804500000001","3097.751005","GW7","ok","medium","ok","ok","medium","medium",,"high","medium","ok","ok","true","C7","C7: Below 4.0°C","REMIND-MAgPIE 2.1-4.2","NGFS2_Current Policies - IPD-median","31.74633347751788","51.76929955406242","16.330936507720985","0.7982804500000001","3.196897208679235","3.196897208679235","0.003154542",,
"1396","NGFS Phase 2-Current Policies [IPD Median]","REMIND-MAgPIE 2.1-4.2","Final Energy|Residential and Commercial|Electricity","EJ/yr","[object Object]",2025,6.8473,"3.196897208679235","3.196897208679235","2100","0.7982804500000001","3097.751005","GW7","ok","medium","ok","ok","medium","medium",,"high","medium","ok","ok","true","C7","C7: Below 4.0°C","REMIND-MAgPIE 2.1-4.2","NGFS2_Current Policies - IPD-median","31.74633347751788","51.76929955406242","16.330936507720985","0.7982804500000001","3.196897208679235","3.196897208679235","0.003154542",,
"1396","NGFS Phase 2-Current Policies [IPD Median]","REMIND-MAgPIE 2.1-4.2","Final Energy|Residential and Commercial|Electricity","EJ/yr","[object Object]",2030,7.3027,"3.196897208679235","3.196897208679235","2100","0.7982804500000001","3097.751005","GW7","ok","medium","ok","ok","medium","medium",,"high","medium","ok","ok","true","C7","C7: Below 4.0°C","REMIND-MAgPIE 2.1-4.2","NGFS2_Current Policies - IPD-median","31.74633347751788","51.76929955406242","16.330936507720985","0.7982804500000001","3.196897208679235","3.196897208679235","0.003154542",,
"1396","NGFS Phase 2-Current Policies [IPD Median]","REMIND-MAgPIE 2.1-4.2","Final Energy|Residential and Commercial|Electricity","EJ/yr","[object Object]",2035,7.5875,"3.196897208679235","3.196897208679235","2100","0.7982804500000001","3097.751005","GW7","ok","medium","ok","ok","medium","medium",,"high","medium","ok","ok","true","C7","C7: Below 4.0°C","REMIND-MAgPIE 2.1-4.2","NGFS2_Current Policies - IPD-median","31.74633347751788","51.76929955406242","16.330936507720985","0.7982804500000001","3.196897208679235","3.196897208679235","0.003154542",,
"1396","NGFS Phase 2-Current Policies [IPD Median]","REMIND-MAgPIE 2.1-4.2","Final Energy|Residential and Commercial|Electricity","EJ/yr","[object Object]",2040,7.6406,"3.196897208679235","3.196897208679235","2100","0.7982804500000001","3097.751005","GW7","ok","medium","ok","ok","medium","medium",,"high","medium","ok","ok","true","C7","C7: Below 4.0°C","REMIND-MAgPIE 2.1-4.2","NGFS2_Current Policies - IPD-median","31.74633347751788","51.76929955406242","16.330936507720985","0.7982804500000001","3.196897208679235","3.196897208679235","0.003154542",,
"1396","NGFS Phase 2-Current Policies [IPD Median]","REMIND-MAgPIE 2.1-4.2","Final Energy|Residential and Commercial|Electricity","EJ/yr","[object Object]",2045,7.666700000000001,"3.196897208679235","3.196897208679235","2100","0.7982804500000001","3097.751005","GW7","ok","medium","ok","ok","medium","medium",,"high","medium","ok","ok","true","C7","C7: Below 4.0°C","REMIND-MAgPIE 2.1-4.2","NGFS2_Current Policies - IPD-median","31.74633347751788","51.76929955406242","16.330936507720985","0.7982804500000001","3.196897208679235","3.196897208679235","0.003154542",,
"1396","NGFS Phase 2-Current Policies [IPD Median]","REMIND-MAgPIE 2.1-4.2","Final Energy|Residential and Commercial|Electricity","EJ/yr","[object Object]",2050,7.6166,"3.196897208679235","3.196897208679235","2100","0.7982804500000001","3097.751005","GW7","ok","medium","ok","ok","medium","medium",,"high","medium","ok","ok","true","C7","C7: Below 4.0°C","REMIND-MAgPIE 2.1-4.2","NGFS2_Current Policies - IPD-median","31.74633347751788","51.76929955406242","16.330936507720985","0.7982804500000001","3.196897208679235","3.196897208679235","0.003154542",,
"1396","NGFS Phase 2-Current Policies [IPD Median]","REMIND-MAgPIE 2.1-4.2","Final Energy|Residential and Commercial|Electricity","EJ/yr","[object Object]",2055,7.72,"3.196897208679235","3.196897208679235","2100","0.7982804500000001","3097.751005","GW7","ok","medium","ok","ok","medium","medium",,"high","medium","ok","ok","true","C7","C7: Below 4.0°C","REMIND-MAgPIE 2.1-4.2","NGFS2_Current Policies - IPD-median","31.74633347751788","51.76929955406242","16.330936507720985","0.7982804500000001","3.196897208679235","3.196897208679235","0.003154542",,
"1396","NGFS Phase 2-Current Policies [IPD Median]","REMIND-MAgPIE 2.1-4.2","Final Energy|Residential and Commercial|Electricity","EJ/yr","[object Object]",2060,7.8894,"3.196897208679235","3.196897208679235","2100","0.7982804500000001","3097.751005","GW7","ok","medium","ok","ok","medium","medium",,"high","medium","ok","ok","true","C7","C7: Below 4.0°C","REMIND-MAgPIE 2.1-4.2","NGFS2_Current Policies - IPD-median","31.74633347751788","51.76929955406242","16.330936507720985","0.7982804500000001","3.196897208679235","3.196897208679235","0.003154542",,
"1396","NGFS Phase 2-Current Policies [IPD Median]","REMIND-MAgPIE 2.1-4.2","Final Energy|Residential and Commercial|Electricity","EJ/yr","[object Object]",2070,8.3629,"3.196897208679235","3.196897208679235","2100","0.7982804500000001","3097.751005","GW7","ok","medium","ok","ok","medium","medium",,"high","medium","ok","ok","true","C7","C7: Below 4.0°C","REMIND-MAgPIE 2.1-4.2","NGFS2_Current Policies - IPD-median","31.74633347751788","51.76929955406242","16.330936507720985","0.7982804500000001","3.196897208679235","3.196897208679235","0.003154542",,
"1396","NGFS Phase 2-Current Policies [IPD Median]","REMIND-MAgPIE 2.1-4.2","Final Energy|Residential and Commercial|Electricity","EJ/yr","[object Object]",2080,8.7157,"3.196897208679235","3.196897208679235","2100","0.7982804500000001","3097.751005","GW7","ok","medium","ok","ok","medium","medium",,"high","medium","ok","ok","true","C7","C7: Below 4.0°C","REMIND-MAgPIE 2.1-4.2","NGFS2_Current Policies - IPD-median","31.74633347751788","51.76929955406242","16.330936507720985","0.7982804500000001","3.196897208679235","3.196897208679235","0.003154542",,
"1396","NGFS Phase 2-Current Policies [IPD Median]","REMIND-MAgPIE 2.1-4.2","Final Energy|Residential and Commercial|Electricity","EJ/yr","[object Object]",2090,9.028,"3.196897208679235","3.196897208679235","2100","0.7982804500000001","3097.751005","GW7","ok","medium","ok","ok","medium","medium",,"high","medium","ok","ok","true","C7","C7: Below 4.0°C","REMIND-MAgPIE 2.1-4.2","NGFS2_Current Policies - IPD-median","31.74633347751788","51.76929955406242","16.330936507720985","0.7982804500000001","3.196897208679235","3.196897208679235","0.003154542",,
"1396","NGFS Phase 2-Current Policies [IPD Median]","REMIND-MAgPIE 2.1-4.2","Final Energy|Residential and Commercial|Electricity","EJ/yr","[object Object]",2100,9.589,"3.196897208679235","3.196897208679235","2100","0.7982804500000001","3097.751005","GW7","ok","medium","ok","ok","medium","medium",,"high","medium","ok","ok","true","C7","C7: Below 4.0°C","REMIND-MAgPIE 2.1-4.2","NGFS2_Current Policies - IPD-median","31.74633347751788","51.76929955406242","16.330936507720985","0.7982804500000001","3.196897208679235","3.196897208679235","0.003154542",,
"1409","ParisReinforce-Current-Policies-PriceOnly","GCAM-PR 5.3","Final Energy|Residential and Commercial|Electricity","EJ/yr","[object Object]",2010,6.94519592,"3.174271348134982","3.174271348134982","2100","266.32099081569396","3350.149103189392","GW7","failed","high","ok","ok","ok","high","high","medium","high","ok","medium","true","C7","C7: Below 4.0°C","GCAM-PR 5.3","PR_CP_PriceOnly","0","0","26.14372564155395","266.32099081569396","3.174271348134982","3.174271348134982",,,"0.7308908569890349"
"1409","ParisReinforce-Current-Policies-PriceOnly","GCAM-PR 5.3","Final Energy|Residential and Commercial|Electricity","EJ/yr","[object Object]",2015,6.776752490000001,"3.174271348134982","3.174271348134982","2100","266.32099081569396","3350.149103189392","GW7","failed","high","ok","ok","ok","high","high","medium","high","ok","medium","true","C7","C7: Below 4.0°C","GCAM-PR 5.3","PR_CP_PriceOnly","0","0","26.14372564155395","266.32099081569396","3.174271348134982","3.174271348134982",,,"0.7308908569890349"
"1409","ParisReinforce-Current-Policies-PriceOnly","GCAM-PR 5.3","Final Energy|Residential and Commercial|Electricity","EJ/yr","[object Object]",2020,7.63622659,"3.174271348134982","3.174271348134982","2100","266.32099081569396","3350.149103189392","GW7","failed","high","ok","ok","ok","high","high","medium","high","ok","medium","true","C7","C7: Below 4.0°C","GCAM-PR 5.3","PR_CP_PriceOnly","0","0","26.14372564155395","266.32099081569396","3.174271348134982","3.174271348134982",,,"0.7308908569890349"
"1409","ParisReinforce-Current-Policies-PriceOnly","GCAM-PR 5.3","Final Energy|Residential and Commercial|Electricity","EJ/yr","[object Object]",2025,8.682972809999999,"3.174271348134982","3.174271348134982","2100","266.32099081569396","3350.149103189392","GW7","failed","high","ok","ok","ok","high","high","medium","high","ok","medium","true","C7","C7: Below 4.0°C","GCAM-PR 5.3","PR_CP_PriceOnly","0","0","26.14372564155395","266.32099081569396","3.174271348134982","3.174271348134982",,,"0.7308908569890349"
"1409","ParisReinforce-Current-Policies-PriceOnly","GCAM-PR 5.3","Final Energy|Residential and Commercial|Electricity","EJ/yr","[object Object]",2030,9.26737544,"3.174271348134982","3.174271348134982","2100","266.32099081569396","3350.149103189392","GW7","failed","high","ok","ok","ok","high","high","medium","high","ok","medium","true","C7","C7: Below 4.0°C","GCAM-PR 5.3","PR_CP_PriceOnly","0","0","26.14372564155395","266.32099081569396","3.174271348134982","3.174271348134982",,,"0.7308908569890349"
"1409","ParisReinforce-Current-Policies-PriceOnly","GCAM-PR 5.3","Final Energy|Residential and Commercial|Electricity","EJ/yr","[object Object]",2035,9.932879409999998,"3.174271348134982","3.174271348134982","2100","266.32099081569396","3350.149103189392","GW7","failed","high","ok","ok","ok","high","high","medium","high","ok","medium","true","C7","C7: Below 4.0°C","GCAM-PR 5.3","PR_CP_PriceOnly","0","0","26.14372564155395","266.32099081569396","3.174271348134982","3.174271348134982",,,"0.7308908569890349"
"1409","ParisReinforce-Current-Policies-PriceOnly","GCAM-PR 5.3","Final Energy|Residential and Commercial|Electricity","EJ/yr","[object Object]",2040,10.66483276,"3.174271348134982","3.174271348134982","2100","266.32099081569396","3350.149103189392","GW7","failed","high","ok","ok","ok","high","high","medium","high","ok","medium","true","C7","C7: Below 4.0°C","GCAM-PR 5.3","PR_CP_PriceOnly","0","0","26.14372564155395","266.32099081569396","3.174271348134982","3.174271348134982",,,"0.7308908569890349"
"1409","ParisReinforce-Current-Policies-PriceOnly","GCAM-PR 5.3","Final Energy|Residential and Commercial|Electricity","EJ/yr","[object Object]",2045,11.33999785,"3.174271348134982","3.174271348134982","2100","266.32099081569396","3350.149103189392","GW7","failed","high","ok","ok","ok","high","high","medium","high","ok","medium","true","C7","C7: Below 4.0°C","GCAM-PR 5.3","PR_CP_PriceOnly","0","0","26.14372564155395","266.32099081569396","3.174271348134982","3.174271348134982",,,"0.7308908569890349"
"1409","ParisReinforce-Current-Policies-PriceOnly","GCAM-PR 5.3","Final Energy|Residential and Commercial|Electricity","EJ/yr","[object Object]",2050,12.0695444,"3.174271348134982","3.174271348134982","2100","266.32099081569396","3350.149103189392","GW7","failed","high","ok","ok","ok","high","high","medium","high","ok","medium","true","C7","C7: Below 4.0°C","GCAM-PR 5.3","PR_CP_PriceOnly","0","0","26.14372564155395","266.32099081569396","3.174271348134982","3.174271348134982",,,"0.7308908569890349"
"1409","ParisReinforce-Current-Policies-PriceOnly","GCAM-PR 5.3","Final Energy|Residential and Commercial|Electricity","EJ/yr","[object Object]",2055,12.82968319,"3.174271348134982","3.174271348134982","2100","266.32099081569396","3350.149103189392","GW7","failed","high","ok","ok","ok","high","high","medium","high","ok","medium","true","C7","C7: Below 4.0°C","GCAM-PR 5.3","PR_CP_PriceOnly","0","0","26.14372564155395","266.32099081569396","3.174271348134982","3.174271348134982",,,"0.7308908569890349"
"1409","ParisReinforce-Current-Policies-PriceOnly","GCAM-PR 5.3","Final Energy|Residential and Commercial|Electricity","EJ/yr","[object Object]",2060,13.40726672,"3.174271348134982","3.174271348134982","2100","266.32099081569396","3350.149103189392","GW7","failed","high","ok","ok","ok","high","high","medium","high","ok","medium","true","C7","C7: Below 4.0°C","GCAM-PR 5.3","PR_CP_PriceOnly","0","0","26.14372564155395","266.32099081569396","3.174271348134982","3.174271348134982",,,"0.7308908569890349"
"1409","ParisReinforce-Current-Policies-PriceOnly","GCAM-PR 5.3","Final Energy|Residential and Commercial|Electricity","EJ/yr","[object Object]",2065,14.01418688,"3.174271348134982","3.174271348134982","2100","266.32099081569396","3350.149103189392","GW7","failed","high","ok","ok","ok","high","high","medium","high","ok","medium","true","C7","C7: Below 4.0°C","GCAM-PR 5.3","PR_CP_PriceOnly","0","0","26.14372564155395","266.32099081569396","3.174271348134982","3.174271348134982",,,"0.7308908569890349"
"1409","ParisReinforce-Current-Policies-PriceOnly","GCAM-PR 5.3","Final Energy|Residential and Commercial|Electricity","EJ/yr","[object Object]",2070,14.55405011,"3.174271348134982","3.174271348134982","2100","266.32099081569396","3350.149103189392","GW7","failed","high","ok","ok","ok","high","high","medium","high","ok","medium","true","C7","C7: Below 4.0°C","GCAM-PR 5.3","PR_CP_PriceOnly","0","0","26.14372564155395","266.32099081569396","3.174271348134982","3.174271348134982",,,"0.7308908569890349"
"1409","ParisReinforce-Current-Policies-PriceOnly","GCAM-PR 5.3","Final Energy|Residential and Commercial|Electricity","EJ/yr","[object Object]",2075,14.99717124,"3.174271348134982","3.174271348134982","2100","266.32099081569396","3350.149103189392","GW7","failed","high","ok","ok","ok","high","high","medium","high","ok","medium","true","C7","C7: Below 4.0°C","GCAM-PR 5.3","PR_CP_PriceOnly","0","0","26.14372564155395","266.32099081569396","3.174271348134982","3.174271348134982",,,"0.7308908569890349"
"1409","ParisReinforce-Current-Policies-PriceOnly","GCAM-PR 5.3","Final Energy|Residential and Commercial|Electricity","EJ/yr","[object Object]",2080,15.3869181,"3.174271348134982","3.174271348134982","2100","266.32099081569396","3350.149103189392","GW7","failed","high","ok","ok","ok","high","high","medium","high","ok","medium","true","C7","C7: Below 4.0°C","GCAM-PR 5.3","PR_CP_PriceOnly","0","0","26.14372564155395","266.32099081569396","3.174271348134982","3.174271348134982",,,"0.7308908569890349"
"1409","ParisReinforce-Current-Policies-PriceOnly","GCAM-PR 5.3","Final Energy|Residential and Commercial|Electricity","EJ/yr","[object Object]",2085,15.70302483,"3.174271348134982","3.174271348134982","2100","266.32099081569396","3350.149103189392","GW7","failed","high","ok","ok","ok","high","high","medium","high","ok","medium","true","C7","C7: Below 4.0°C","GCAM-PR 5.3","PR_CP_PriceOnly","0","0","26.14372564155395","266.32099081569396","3.174271348134982","3.174271348134982",,,"0.7308908569890349"
"1409","ParisReinforce-Current-Policies-PriceOnly","GCAM-PR 5.3","Final Energy|Residential and Commercial|Electricity","EJ/yr","[object Object]",2090,16.06593534,"3.174271348134982","3.174271348134982","2100","266.32099081569396","3350.149103189392","GW7","failed","high","ok","ok","ok","high","high","medium","high","ok","medium","true","C7","C7: Below 4.0°C","GCAM-PR 5.3","PR_CP_PriceOnly","0","0","26.14372564155395","266.32099081569396","3.174271348134982","3.174271348134982",,,"0.7308908569890349"
"1409","ParisReinforce-Current-Policies-PriceOnly","GCAM-PR 5.3","Final Energy|Residential and Commercial|Electricity","EJ/yr","[object Object]",2095,16.37625718,"3.174271348134982","3.174271348134982","2100","266.32099081569396","3350.149103189392","GW7","failed","high","ok","ok","ok","high","high","medium","high","ok","medium","true","C7","C7: Below 4.0°C","GCAM-PR 5.3","PR_CP_PriceOnly","0","0","26.14372564155395","266.32099081569396","3.174271348134982","3.174271348134982",,,"0.7308908569890349"
"1409","ParisReinforce-Current-Policies-PriceOnly","GCAM-PR 5.3","Final Energy|Residential and Commercial|Electricity","EJ/yr","[object Object]",2100,16.6353983,"3.174271348134982","3.174271348134982","2100","266.32099081569396","3350.149103189392","GW7","failed","high","ok","ok","ok","high","high","medium","high","ok","medium","true","C7","C7: Below 4.0°C","GCAM-PR 5.3","PR_CP_PriceOnly","0","0","26.14372564155395","266.32099081569396","3.174271348134982","3.174271348134982",,,"0.7308908569890349"
"1425","SHAPE-SSP2-NPi [with Climate Change Impacts]","IMAGE 3.3","Final Energy|Residential and Commercial|Electricity","EJ/yr","[object Object]",2010,6.14427940368652,"3.451017862482933","3.451017862482933","2100","2.3791019148164607","4005.3286836323496","GW7","failed","ok","ok","ok","ok","high","high","high","high","ok","ok",,"C7","C7: Below 4.0°C",,,"13.782020107301584","74.34336920292701","11.149074537919752","2.3791019148164607","3.451017862482933","3.451017862482933",,"ok","-5.4512651711828966"
"1425","SHAPE-SSP2-NPi [with Climate Change Impacts]","IMAGE 3.3","Final Energy|Residential and Commercial|Electricity","EJ/yr","[object Object]",2015,6.44576626586914,"3.451017862482933","3.451017862482933","2100","2.3791019148164607","4005.3286836323496","GW7","failed","ok","ok","ok","ok","high","high","high","high","ok","ok",,"C7","C7: Below 4.0°C",,,"13.782020107301584","74.34336920292701","11.149074537919752","2.3791019148164607","3.451017862482933","3.451017862482933",,"ok","-5.4512651711828966"
"1425","SHAPE-SSP2-NPi [with Climate Change Impacts]","IMAGE 3.3","Final Energy|Residential and Commercial|Electricity","EJ/yr","[object Object]",2020,5.89782159423828,"3.451017862482933","3.451017862482933","2100","2.3791019148164607","4005.3286836323496","GW7","failed","ok","ok","ok","ok","high","high","high","high","ok","ok",,"C7","C7: Below 4.0°C",,,"13.782020107301584","74.34336920292701","11.149074537919752","2.3791019148164607","3.451017862482933","3.451017862482933",,"ok","-5.4512651711828966"
"1425","SHAPE-SSP2-NPi [with Climate Change Impacts]","IMAGE 3.3","Final Energy|Residential and Commercial|Electricity","EJ/yr","[object Object]",2025,5.98464460754395,"3.451017862482933","3.451017862482933","2100","2.3791019148164607","4005.3286836323496","GW7","failed","ok","ok","ok","ok","high","high","high","high","ok","ok",,"C7","C7: Below 4.0°C",,,"13.782020107301584","74.34336920292701","11.149074537919752","2.3791019148164607","3.451017862482933","3.451017862482933",,"ok","-5.4512651711828966"
"1425","SHAPE-SSP2-NPi [with Climate Change Impacts]","IMAGE 3.3","Final Energy|Residential and Commercial|Electricity","EJ/yr","[object Object]",2030,5.5535041809082,"3.451017862482933","3.451017862482933","2100","2.3791019148164607","4005.3286836323496","GW7","failed","ok","ok","ok","ok","high","high","high","high","ok","ok",,"C7","C7: Below 4.0°C",,,"13.782020107301584","74.34336920292701","11.149074537919752","2.3791019148164607","3.451017862482933","3.451017862482933",,"ok","-5.4512651711828966"
"1425","SHAPE-SSP2-NPi [with Climate Change Impacts]","IMAGE 3.3","Final Energy|Residential and Commercial|Electricity","EJ/yr","[object Object]",2035,5.37368357849121,"3.451017862482933","3.451017862482933","2100","2.3791019148164607","4005.3286836323496","GW7","failed","ok","ok","ok","ok","high","high","high","high","ok","ok",,"C7","C7: Below 4.0°C",,,"13.782020107301584","74.34336920292701","11.149074537919752","2.3791019148164607","3.451017862482933","3.451017862482933",,"ok","-5.4512651711828966"
"1425","SHAPE-SSP2-NPi [with Climate Change Impacts]","IMAGE 3.3","Final Energy|Residential and Commercial|Electricity","EJ/yr","[object Object]",2040,5.56533215332031,"3.451017862482933","3.451017862482933","2100","2.3791019148164607","4005.3286836323496","GW7","failed","ok","ok","ok","ok","high","high","high","high","ok","ok",,"C7","C7: Below 4.0°C",,,"13.782020107301584","74.34336920292701","11.149074537919752","2.3791019148164607","3.451017862482933","3.451017862482933",,"ok","-5.4512651711828966"
"1425","SHAPE-SSP2-NPi [with Climate Change Impacts]","IMAGE 3.3","Final Energy|Residential and Commercial|Electricity","EJ/yr","[object Object]",2045,5.77837054443359,"3.451017862482933","3.451017862482933","2100","2.3791019148164607","4005.3286836323496","GW7","failed","ok","ok","ok","ok","high","high","high","high","ok","ok",,"C7","C7: Below 4.0°C",,,"13.782020107301584","74.34336920292701","11.149074537919752","2.3791019148164607","3.451017862482933","3.451017862482933",,"ok","-5.4512651711828966"
"1425","SHAPE-SSP2-NPi [with Climate Change Impacts]","IMAGE 3.3","Final Energy|Residential and Commercial|Electricity","EJ/yr","[object Object]",2050,6.08155883789063,"3.451017862482933","3.451017862482933","2100","2.3791019148164607","4005.3286836323496","GW7","failed","ok","ok","ok","ok","high","high","high","high","ok","ok",,"C7","C7: Below 4.0°C",,,"13.782020107301584","74.34336920292701","11.149074537919752","2.3791019148164607","3.451017862482933","3.451017862482933",,"ok","-5.4512651711828966"
"1425","SHAPE-SSP2-NPi [with Climate Change Impacts]","IMAGE 3.3","Final Energy|Residential and Commercial|Electricity","EJ/yr","[object Object]",2060,6.44862188720703,"3.451017862482933","3.451017862482933","2100","2.3791019148164607","4005.3286836323496","GW7","failed","ok","ok","ok","ok","high","high","high","high","ok","ok",,"C7","C7: Below 4.0°C",,,"13.782020107301584","74.34336920292701","11.149074537919752","2.3791019148164607","3.451017862482933","3.451017862482933",,"ok","-5.4512651711828966"
"1425","SHAPE-SSP2-NPi [with Climate Change Impacts]","IMAGE 3.3","Final Energy|Residential and Commercial|Electricity","EJ/yr","[object Object]",2070,6.62399890136719,"3.451017862482933","3.451017862482933","2100","2.3791019148164607","4005.3286836323496","GW7","failed","ok","ok","ok","ok","high","high","high","high","ok","ok",,"C7","C7: Below 4.0°C",,,"13.782020107301584","74.34336920292701","11.149074537919752","2.3791019148164607","3.451017862482933","3.451017862482933",,"ok","-5.4512651711828966"
"1425","SHAPE-SSP2-NPi [with Climate Change Impacts]","IMAGE 3.3","Final Energy|Residential and Commercial|Electricity","EJ/yr","[object Object]",2080,6.82661233520508,"3.451017862482933","3.451017862482933","2100","2.3791019148164607","4005.3286836323496","GW7","failed","ok","ok","ok","ok","high","high","high","high","ok","ok",,"C7","C7: Below 4.0°C",,,"13.782020107301584","74.34336920292701","11.149074537919752","2.3791019148164607","3.451017862482933","3.451017862482933",,"ok","-5.4512651711828966"
"1425","SHAPE-SSP2-NPi [with Climate Change Impacts]","IMAGE 3.3","Final Energy|Residential and Commercial|Electricity","EJ/yr","[object Object]",2090,6.97978854370117,"3.451017862482933","3.451017862482933","2100","2.3791019148164607","4005.3286836323496","GW7","failed","ok","ok","ok","ok","high","high","high","high","ok","ok",,"C7","C7: Below 4.0°C",,,"13.782020107301584","74.34336920292701","11.149074537919752","2.3791019148164607","3.451017862482933","3.451017862482933",,"ok","-5.4512651711828966"
"1425","SHAPE-SSP2-NPi [with Climate Change Impacts]","IMAGE 3.3","Final Energy|Residential and Commercial|Electricity","EJ/yr","[object Object]",2100,6.95481979370117,"3.451017862482933","3.451017862482933","2100","2.3791019148164607","4005.3286836323496","GW7","failed","ok","ok","ok","ok","high","high","high","high","ok","ok",,"C7","C7: Below 4.0°C",,,"13.782020107301584","74.34336920292701","11.149074537919752","2.3791019148164607","3.451017862482933","3.451017862482933",,"ok","-5.4512651711828966"
"1432","SHAPE-SSP2-NPi [with Climate Change Impacts]","REMIND-MAgPIE 3.2-4.6","Final Energy|Residential and Commercial|Electricity","EJ/yr","[object Object]",2010,6.165,"3.074743598488033","3.074743598488033","2100","1.12587335","3534.9082792","GW7","ok","medium","ok","ok","ok","ok","medium","medium","medium","ok","medium",,"C7","C7: Below 4.0°C",,,"31.379341119138594","50.3321800600643","17.63262815550302","1.12587335","3.074743598488033","3.074743598488033","0.003060636","ok","-2.448085017602324"
"1432","SHAPE-SSP2-NPi [with Climate Change Impacts]","REMIND-MAgPIE 3.2-4.6","Final Energy|Residential and Commercial|Electricity","EJ/yr","[object Object]",2015,5.8224,"3.074743598488033","3.074743598488033","2100","1.12587335","3534.9082792","GW7","ok","medium","ok","ok","ok","ok","medium","medium","medium","ok","medium",,"C7","C7: Below 4.0°C",,,"31.379341119138594","50.3321800600643","17.63262815550302","1.12587335","3.074743598488033","3.074743598488033","0.003060636","ok","-2.448085017602324"
"1432","SHAPE-SSP2-NPi [with Climate Change Impacts]","REMIND-MAgPIE 3.2-4.6","Final Energy|Residential and Commercial|Electricity","EJ/yr","[object Object]",2020,6.2528,"3.074743598488033","3.074743598488033","2100","1.12587335","3534.9082792","GW7","ok","medium","ok","ok","ok","ok","medium","medium","medium","ok","medium",,"C7","C7: Below 4.0°C",,,"31.379341119138594","50.3321800600643","17.63262815550302","1.12587335","3.074743598488033","3.074743598488033","0.003060636","ok","-2.448085017602324"
"1432","SHAPE-SSP2-NPi [with Climate Change Impacts]","REMIND-MAgPIE 3.2-4.6","Final Energy|Residential and Commercial|Electricity","EJ/yr","[object Object]",2025,6.7165,"3.074743598488033","3.074743598488033","2100","1.12587335","3534.9082792","GW7","ok","medium","ok","ok","ok","ok","medium","medium","medium","ok","medium",,"C7","C7: Below 4.0°C",,,"31.379341119138594","50.3321800600643","17.63262815550302","1.12587335","3.074743598488033","3.074743598488033","0.003060636","ok","-2.448085017602324"
"1432","SHAPE-SSP2-NPi [with Climate Change Impacts]","REMIND-MAgPIE 3.2-4.6","Final Energy|Residential and Commercial|Electricity","EJ/yr","[object Object]",2030,7.2597,"3.074743598488033","3.074743598488033","2100","1.12587335","3534.9082792","GW7","ok","medium","ok","ok","ok","ok","medium","medium","medium","ok","medium",,"C7","C7: Below 4.0°C",,,"31.379341119138594","50.3321800600643","17.63262815550302","1.12587335","3.074743598488033","3.074743598488033","0.003060636","ok","-2.448085017602324"
"1432","SHAPE-SSP2-NPi [with Climate Change Impacts]","REMIND-MAgPIE 3.2-4.6","Final Energy|Residential and Commercial|Electricity","EJ/yr","[object Object]",2035,7.5594,"3.074743598488033","3.074743598488033","2100","1.12587335","3534.9082792","GW7","ok","medium","ok","ok","ok","ok","medium","medium","medium","ok","medium",,"C7","C7: Below 4.0°C",,,"31.379341119138594","50.3321800600643","17.63262815550302","1.12587335","3.074743598488033","3.074743598488033","0.003060636","ok","-2.448085017602324"
"1432","SHAPE-SSP2-NPi [with Climate Change Impacts]","REMIND-MAgPIE 3.2-4.6","Final Energy|Residential and Commercial|Electricity","EJ/yr","[object Object]",2040,7.5664,"3.074743598488033","3.074743598488033","2100","1.12587335","3534.9082792","GW7","ok","medium","ok","ok","ok","ok","medium","medium","medium","ok","medium",,"C7","C7: Below 4.0°C",,,"31.379341119138594","50.3321800600643","17.63262815550302","1.12587335","3.074743598488033","3.074743598488033","0.003060636","ok","-2.448085017602324"
"1432","SHAPE-SSP2-NPi [with Climate Change Impacts]","REMIND-MAgPIE 3.2-4.6","Final Energy|Residential and Commercial|Electricity","EJ/yr","[object Object]",2045,7.6378,"3.074743598488033","3.074743598488033","2100","1.12587335","3534.9082792","GW7","ok","medium","ok","ok","ok","ok","medium","medium","medium","ok","medium",,"C7","C7: Below 4.0°C",,,"31.379341119138594","50.3321800600643","17.63262815550302","1.12587335","3.074743598488033","3.074743598488033","0.003060636","ok","-2.448085017602324"
"1432","SHAPE-SSP2-NPi [with Climate Change Impacts]","REMIND-MAgPIE 3.2-4.6","Final Energy|Residential and Commercial|Electricity","EJ/yr","[object Object]",2050,7.5947,"3.074743598488033","3.074743598488033","2100","1.12587335","3534.9082792","GW7","ok","medium","ok","ok","ok","ok","medium","medium","medium","ok","medium",,"C7","C7: Below 4.0°C",,,"31.379341119138594","50.3321800600643","17.63262815550302","1.12587335","3.074743598488033","3.074743598488033","0.003060636","ok","-2.448085017602324"
"1432","SHAPE-SSP2-NPi [with Climate Change Impacts]","REMIND-MAgPIE 3.2-4.6","Final Energy|Residential and Commercial|Electricity","EJ/yr","[object Object]",2055,7.4096,"3.074743598488033","3.074743598488033","2100","1.12587335","3534.9082792","GW7","ok","medium","ok","ok","ok","ok","medium","medium","medium","ok","medium",,"C7","C7: Below 4.0°C",,,"31.379341119138594","50.3321800600643","17.63262815550302","1.12587335","3.074743598488033","3.074743598488033","0.003060636","ok","-2.448085017602324"
"1432","SHAPE-SSP2-NPi [with Climate Change Impacts]","REMIND-MAgPIE 3.2-4.6","Final Energy|Residential and Commercial|Electricity","EJ/yr","[object Object]",2060,7.4156,"3.074743598488033","3.074743598488033","2100","1.12587335","3534.9082792","GW7","ok","medium","ok","ok","ok","ok","medium","medium","medium","ok","medium",,"C7","C7: Below 4.0°C",,,"31.379341119138594","50.3321800600643","17.63262815550302","1.12587335","3.074743598488033","3.074743598488033","0.003060636","ok","-2.448085017602324"
"1432","SHAPE-SSP2-NPi [with Climate Change Impacts]","REMIND-MAgPIE 3.2-4.6","Final Energy|Residential and Commercial|Electricity","EJ/yr","[object Object]",2070,7.8106,"3.074743598488033","3.074743598488033","2100","1.12587335","3534.9082792","GW7","ok","medium","ok","ok","ok","ok","medium","medium","medium","ok","medium",,"C7","C7: Below 4.0°C",,,"31.379341119138594","50.3321800600643","17.63262815550302","1.12587335","3.074743598488033","3.074743598488033","0.003060636","ok","-2.448085017602324"
"1432","SHAPE-SSP2-NPi [with Climate Change Impacts]","REMIND-MAgPIE 3.2-4.6","Final Energy|Residential and Commercial|Electricity","EJ/yr","[object Object]",2080,8.5173,"3.074743598488033","3.074743598488033","2100","1.12587335","3534.9082792","GW7","ok","medium","ok","ok","ok","ok","medium","medium","medium","ok","medium",,"C7","C7: Below 4.0°C",,,"31.379341119138594","50.3321800600643","17.63262815550302","1.12587335","3.074743598488033","3.074743598488033","0.003060636","ok","-2.448085017602324"
"1432","SHAPE-SSP2-NPi [with Climate Change Impacts]","REMIND-MAgPIE 3.2-4.6","Final Energy|Residential and Commercial|Electricity","EJ/yr","[object Object]",2090,9.0592,"3.074743598488033","3.074743598488033","2100","1.12587335","3534.9082792","GW7","ok","medium","ok","ok","ok","ok","medium","medium","medium","ok","medium",,"C7","C7: Below 4.0°C",,,"31.379341119138594","50.3321800600643","17.63262815550302","1.12587335","3.074743598488033","3.074743598488033","0.003060636","ok","-2.448085017602324"
"1432","SHAPE-SSP2-NPi [with Climate Change Impacts]","REMIND-MAgPIE 3.2-4.6","Final Energy|Residential and Commercial|Electricity","EJ/yr","[object Object]",2100,9.7263,"3.074743598488033","3.074743598488033","2100","1.12587335","3534.9082792","GW7","ok","medium","ok","ok","ok","ok","medium","medium","medium","ok","medium",,"C7","C7: Below 4.0°C",,,"31.379341119138594","50.3321800600643","17.63262815550302","1.12587335","3.074743598488033","3.074743598488033","0.003060636","ok","-2.448085017602324"
"1446","NGFS Phase 1-Current Policies","GCAM 5.2","Final Energy|Residential and Commercial|Electricity","EJ/yr","[object Object]",2010,6.94519592,"3.401688402752975","3.401688402752975","2100",,"4159.12314591","GW7","failed",,,,"ok","medium","high","medium","high",,"medium","true","C7","C7: Below 4.0°C","GCAM 5.2","NGFS1_Current policies (Hot house world, Rep)","14.150953610210532","0","14.302836721396838","0","3.401688402752975","3.401688402752975",,,"-0.004670969933343372"
"1446","NGFS Phase 1-Current Policies","GCAM 5.2","Final Energy|Residential and Commercial|Electricity","EJ/yr","[object Object]",2015,6.776752490000001,"3.401688402752975","3.401688402752975","2100",,"4159.12314591","GW7","failed",,,,"ok","medium","high","medium","high",,"medium","true","C7","C7: Below 4.0°C","GCAM 5.2","NGFS1_Current policies (Hot house world, Rep)","14.150953610210532","0","14.302836721396838","0","3.401688402752975","3.401688402752975",,,"-0.004670969933343372"
"1446","NGFS Phase 1-Current Policies","GCAM 5.2","Final Energy|Residential and Commercial|Electricity","EJ/yr","[object Object]",2020,7.527079519999998,"3.401688402752975","3.401688402752975","2100",,"4159.12314591","GW7","failed",,,,"ok","medium","high","medium","high",,"medium","true","C7","C7: Below 4.0°C","GCAM 5.2","NGFS1_Current policies (Hot house world, Rep)","14.150953610210532","0","14.302836721396838","0","3.401688402752975","3.401688402752975",,,"-0.004670969933343372"
"1446","NGFS Phase 1-Current Policies","GCAM 5.2","Final Energy|Residential and Commercial|Electricity","EJ/yr","[object Object]",2025,8.37473925,"3.401688402752975","3.401688402752975","2100",,"4159.12314591","GW7","failed",,,,"ok","medium","high","medium","high",,"medium","true","C7","C7: Below 4.0°C","GCAM 5.2","NGFS1_Current policies (Hot house world, Rep)","14.150953610210532","0","14.302836721396838","0","3.401688402752975","3.401688402752975",,,"-0.004670969933343372"
"1446","NGFS Phase 1-Current Policies","GCAM 5.2","Final Energy|Residential and Commercial|Electricity","EJ/yr","[object Object]",2030,9.1882461,"3.401688402752975","3.401688402752975","2100",,"4159.12314591","GW7","failed",,,,"ok","medium","high","medium","high",,"medium","true","C7","C7: Below 4.0°C","GCAM 5.2","NGFS1_Current policies (Hot house world, Rep)","14.150953610210532","0","14.302836721396838","0","3.401688402752975","3.401688402752975",,,"-0.004670969933343372"
"1446","NGFS Phase 1-Current Policies","GCAM 5.2","Final Energy|Residential and Commercial|Electricity","EJ/yr","[object Object]",2035,9.92312101,"3.401688402752975","3.401688402752975","2100",,"4159.12314591","GW7","failed",,,,"ok","medium","high","medium","high",,"medium","true","C7","C7: Below 4.0°C","GCAM 5.2","NGFS1_Current policies (Hot house world, Rep)","14.150953610210532","0","14.302836721396838","0","3.401688402752975","3.401688402752975",,,"-0.004670969933343372"
"1446","NGFS Phase 1-Current Policies","GCAM 5.2","Final Energy|Residential and Commercial|Electricity","EJ/yr","[object Object]",2040,10.74710163,"3.401688402752975","3.401688402752975","2100",,"4159.12314591","GW7","failed",,,,"ok","medium","high","medium","high",,"medium","true","C7","C7: Below 4.0°C","GCAM 5.2","NGFS1_Current policies (Hot house world, Rep)","14.150953610210532","0","14.302836721396838","0","3.401688402752975","3.401688402752975",,,"-0.004670969933343372"
"1446","NGFS Phase 1-Current Policies","GCAM 5.2","Final Energy|Residential and Commercial|Electricity","EJ/yr","[object Object]",2045,11.6201834,"3.401688402752975","3.401688402752975","2100",,"4159.12314591","GW7","failed",,,,"ok","medium","high","medium","high",,"medium","true","C7","C7: Below 4.0°C","GCAM 5.2","NGFS1_Current policies (Hot house world, Rep)","14.150953610210532","0","14.302836721396838","0","3.401688402752975","3.401688402752975",,,"-0.004670969933343372"
"1446","NGFS Phase 1-Current Policies","GCAM 5.2","Final Energy|Residential and Commercial|Electricity","EJ/yr","[object Object]",2050,12.44050348,"3.401688402752975","3.401688402752975","2100",,"4159.12314591","GW7","failed",,,,"ok","medium","high","medium","high",,"medium","true","C7","C7: Below 4.0°C","GCAM 5.2","NGFS1_Current policies (Hot house world, Rep)","14.150953610210532","0","14.302836721396838","0","3.401688402752975","3.401688402752975",,,"-0.004670969933343372"
"1446","NGFS Phase 1-Current Policies","GCAM 5.2","Final Energy|Residential and Commercial|Electricity","EJ/yr","[object Object]",2055,13.0888126,"3.401688402752975","3.401688402752975","2100",,"4159.12314591","GW7","failed",,,,"ok","medium","high","medium","high",,"medium","true","C7","C7: Below 4.0°C","GCAM 5.2","NGFS1_Current policies (Hot house world, Rep)","14.150953610210532","0","14.302836721396838","0","3.401688402752975","3.401688402752975",,,"-0.004670969933343372"
"1446","NGFS Phase 1-Current Policies","GCAM 5.2","Final Energy|Residential and Commercial|Electricity","EJ/yr","[object Object]",2060,13.63276188,"3.401688402752975","3.401688402752975","2100",,"4159.12314591","GW7","failed",,,,"ok","medium","high","medium","high",,"medium","true","C7","C7: Below 4.0°C","GCAM 5.2","NGFS1_Current policies (Hot house world, Rep)","14.150953610210532","0","14.302836721396838","0","3.401688402752975","3.401688402752975",,,"-0.004670969933343372"
"1446","NGFS Phase 1-Current Policies","GCAM 5.2","Final Energy|Residential and Commercial|Electricity","EJ/yr","[object Object]",2065,14.09173145,"3.401688402752975","3.401688402752975","2100",,"4159.12314591","GW7","failed",,,,"ok","medium","high","medium","high",,"medium","true","C7","C7: Below 4.0°C","GCAM 5.2","NGFS1_Current policies (Hot house world, Rep)","14.150953610210532","0","14.302836721396838","0","3.401688402752975","3.401688402752975",,,"-0.004670969933343372"
"1446","NGFS Phase 1-Current Policies","GCAM 5.2","Final Energy|Residential and Commercial|Electricity","EJ/yr","[object Object]",2070,14.48150164,"3.401688402752975","3.401688402752975","2100",,"4159.12314591","GW7","failed",,,,"ok","medium","high","medium","high",,"medium","true","C7","C7: Below 4.0°C","GCAM 5.2","NGFS1_Current policies (Hot house world, Rep)","14.150953610210532","0","14.302836721396838","0","3.401688402752975","3.401688402752975",,,"-0.004670969933343372"
"1446","NGFS Phase 1-Current Policies","GCAM 5.2","Final Energy|Residential and Commercial|Electricity","EJ/yr","[object Object]",2075,14.79595549,"3.401688402752975","3.401688402752975","2100",,"4159.12314591","GW7","failed",,,,"ok","medium","high","medium","high",,"medium","true","C7","C7: Below 4.0°C","GCAM 5.2","NGFS1_Current policies (Hot house world, Rep)","14.150953610210532","0","14.302836721396838","0","3.401688402752975","3.401688402752975",,,"-0.004670969933343372"
"1446","NGFS Phase 1-Current Policies","GCAM 5.2","Final Energy|Residential and Commercial|Electricity","EJ/yr","[object Object]",2080,15.02903218,"3.401688402752975","3.401688402752975","2100",,"4159.12314591","GW7","failed",,,,"ok","medium","high","medium","high",,"medium","true","C7","C7: Below 4.0°C","GCAM 5.2","NGFS1_Current policies (Hot house world, Rep)","14.150953610210532","0","14.302836721396838","0","3.401688402752975","3.401688402752975",,,"-0.004670969933343372"
"1446","NGFS Phase 1-Current Policies","GCAM 5.2","Final Energy|Residential and Commercial|Electricity","EJ/yr","[object Object]",2085,15.22338371,"3.401688402752975","3.401688402752975","2100",,"4159.12314591","GW7","failed",,,,"ok","medium","high","medium","high",,"medium","true","C7","C7: Below 4.0°C","GCAM 5.2","NGFS1_Current policies (Hot house world, Rep)","14.150953610210532","0","14.302836721396838","0","3.401688402752975","3.401688402752975",,,"-0.004670969933343372"
"1446","NGFS Phase 1-Current Policies","GCAM 5.2","Final Energy|Residential and Commercial|Electricity","EJ/yr","[object Object]",2090,15.28002017,"3.401688402752975","3.401688402752975","2100",,"4159.12314591","GW7","failed",,,,"ok","medium","high","medium","high",,"medium","true","C7","C7: Below 4.0°C","GCAM 5.2","NGFS1_Current policies (Hot house world, Rep)","14.150953610210532","0","14.302836721396838","0","3.401688402752975","3.401688402752975",,,"-0.004670969933343372"
"1446","NGFS Phase 1-Current Policies","GCAM 5.2","Final Energy|Residential and Commercial|Electricity","EJ/yr","[object Object]",2095,15.26789676,"3.401688402752975","3.401688402752975","2100",,"4159.12314591","GW7","failed",,,,"ok","medium","high","medium","high",,"medium","true","C7","C7: Below 4.0°C","GCAM 5.2","NGFS1_Current policies (Hot house world, Rep)","14.150953610210532","0","14.302836721396838","0","3.401688402752975","3.401688402752975",,,"-0.004670969933343372"
"1446","NGFS Phase 1-Current Policies","GCAM 5.2","Final Energy|Residential and Commercial|Electricity","EJ/yr","[object Object]",2100,15.19429505,"3.401688402752975","3.401688402752975","2100",,"4159.12314591","GW7","failed",,,,"ok","medium","high","medium","high",,"medium","true","C7","C7: Below 4.0°C","GCAM 5.2","NGFS1_Current policies (Hot house world, Rep)","14.150953610210532","0","14.302836721396838","0","3.401688402752975","3.401688402752975",,,"-0.004670969933343372"
"1469","ENGAGE-INDCi2100","TIAM-ECN 1.1","Final Energy|Residential and Commercial|Electricity","EJ/yr","[object Object]",2010,7.188755807451759,"3.374293729638567","3.374293729638567","2100","15.929965541668984","3613.3584941546583","GW7","ok","high",,"ok","medium","high","medium",,"medium","ok","ok","true","C7","C7: Below 4.0°C","TIAM-ECN 1.1","EN_INDCi2100","0","79.24217427199848","4.075563088856841","15.929965541668984","3.374293729638567","3.374293729638567","0.002606452",,
"1469","ENGAGE-INDCi2100","TIAM-ECN 1.1","Final Energy|Residential and Commercial|Electricity","EJ/yr","[object Object]",2020,6.991461668337104,"3.374293729638567","3.374293729638567","2100","15.929965541668984","3613.3584941546583","GW7","ok","high",,"ok","medium","high","medium",,"medium","ok","ok","true","C7","C7: Below 4.0°C","TIAM-ECN 1.1","EN_INDCi2100","0","79.24217427199848","4.075563088856841","15.929965541668984","3.374293729638567","3.374293729638567","0.002606452",,
"1469","ENGAGE-INDCi2100","TIAM-ECN 1.1","Final Energy|Residential and Commercial|Electricity","EJ/yr","[object Object]",2030,7.919008025281546,"3.374293729638567","3.374293729638567","2100","15.929965541668984","3613.3584941546583","GW7","ok","high",,"ok","medium","high","medium",,"medium","ok","ok","true","C7","C7: Below 4.0°C","TIAM-ECN 1.1","EN_INDCi2100","0","79.24217427199848","4.075563088856841","15.929965541668984","3.374293729638567","3.374293729638567","0.002606452",,
"1469","ENGAGE-INDCi2100","TIAM-ECN 1.1","Final Energy|Residential and Commercial|Electricity","EJ/yr","[object Object]",2040,9.577635084027564,"3.374293729638567","3.374293729638567","2100","15.929965541668984","3613.3584941546583","GW7","ok","high",,"ok","medium","high","medium",,"medium","ok","ok","true","C7","C7: Below 4.0°C","TIAM-ECN 1.1","EN_INDCi2100","0","79.24217427199848","4.075563088856841","15.929965541668984","3.374293729638567","3.374293729638567","0.002606452",,
"1469","ENGAGE-INDCi2100","TIAM-ECN 1.1","Final Energy|Residential and Commercial|Electricity","EJ/yr","[object Object]",2050,9.89328963919368,"3.374293729638567","3.374293729638567","2100","15.929965541668984","3613.3584941546583","GW7","ok","high",,"ok","medium","high","medium",,"medium","ok","ok","true","C7","C7: Below 4.0°C","TIAM-ECN 1.1","EN_INDCi2100","0","79.24217427199848","4.075563088856841","15.929965541668984","3.374293729638567","3.374293729638567","0.002606452",,
"1469","ENGAGE-INDCi2100","TIAM-ECN 1.1","Final Energy|Residential and Commercial|Electricity","EJ/yr","[object Object]",2060,11.43253241937385,"3.374293729638567","3.374293729638567","2100","15.929965541668984","3613.3584941546583","GW7","ok","high",,"ok","medium","high","medium",,"medium","ok","ok","true","C7","C7: Below 4.0°C","TIAM-ECN 1.1","EN_INDCi2100","0","79.24217427199848","4.075563088856841","15.929965541668984","3.374293729638567","3.374293729638567","0.002606452",,
"1469","ENGAGE-INDCi2100","TIAM-ECN 1.1","Final Energy|Residential and Commercial|Electricity","EJ/yr","[object Object]",2070,13.23731687010584,"3.374293729638567","3.374293729638567","2100","15.929965541668984","3613.3584941546583","GW7","ok","high",,"ok","medium","high","medium",,"medium","ok","ok","true","C7","C7: Below 4.0°C","TIAM-ECN 1.1","EN_INDCi2100","0","79.24217427199848","4.075563088856841","15.929965541668984","3.374293729638567","3.374293729638567","0.002606452",,
"1469","ENGAGE-INDCi2100","TIAM-ECN 1.1","Final Energy|Residential and Commercial|Electricity","EJ/yr","[object Object]",2080,14.54186389907545,"3.374293729638567","3.374293729638567","2100","15.929965541668984","3613.3584941546583","GW7","ok","high",,"ok","medium","high","medium",,"medium","ok","ok","true","C7","C7: Below 4.0°C","TIAM-ECN 1.1","EN_INDCi2100","0","79.24217427199848","4.075563088856841","15.929965541668984","3.374293729638567","3.374293729638567","0.002606452",,
"1469","ENGAGE-INDCi2100","TIAM-ECN 1.1","Final Energy|Residential and Commercial|Electricity","EJ/yr","[object Object]",2090,16.12705113516586,"3.374293729638567","3.374293729638567","2100","15.929965541668984","3613.3584941546583","GW7","ok","high",,"ok","medium","high","medium",,"medium","ok","ok","true","C7","C7: Below 4.0°C","TIAM-ECN 1.1","EN_INDCi2100","0","79.24217427199848","4.075563088856841","15.929965541668984","3.374293729638567","3.374293729638567","0.002606452",,
"1469","ENGAGE-INDCi2100","TIAM-ECN 1.1","Final Energy|Residential and Commercial|Electricity","EJ/yr","[object Object]",2100,17.46838493179542,"3.374293729638567","3.374293729638567","2100","15.929965541668984","3613.3584941546583","GW7","ok","high",,"ok","medium","high","medium",,"medium","ok","ok","true","C7","C7: Below 4.0°C","TIAM-ECN 1.1","EN_INDCi2100","0","79.24217427199848","4.075563088856841","15.929965541668984","3.374293729638567","3.374293729638567","0.002606452",,
"1470","ENGAGE-INDCi2100-COV","TIAM-ECN 1.1","Final Energy|Residential and Commercial|Electricity","EJ/yr","[object Object]",2010,7.1,"3.337135522142025","3.337135522142025","2100","14.433611798366497","3550.007245315","GW7","ok","high",,"ok","medium","high","medium",,"medium","ok","ok","true","C7","C7: Below 4.0°C","TIAM-ECN 1.1","EN_INDCi2100_COV","0","79.10032853171595","4.4225423300480164","14.433611798366497","3.337135522142025","3.337135522142025","0.00257457",,
"1470","ENGAGE-INDCi2100-COV","TIAM-ECN 1.1","Final Energy|Residential and Commercial|Electricity","EJ/yr","[object Object]",2020,6.9,"3.337135522142025","3.337135522142025","2100","14.433611798366497","3550.007245315","GW7","ok","high",,"ok","medium","high","medium",,"medium","ok","ok","true","C7","C7: Below 4.0°C","TIAM-ECN 1.1","EN_INDCi2100_COV","0","79.10032853171595","4.4225423300480164","14.433611798366497","3.337135522142025","3.337135522142025","0.00257457",,
"1470","ENGAGE-INDCi2100-COV","TIAM-ECN 1.1","Final Energy|Residential and Commercial|Electricity","EJ/yr","[object Object]",2030,7.6,"3.337135522142025","3.337135522142025","2100","14.433611798366497","3550.007245315","GW7","ok","high",,"ok","medium","high","medium",,"medium","ok","ok","true","C7","C7: Below 4.0°C","TIAM-ECN 1.1","EN_INDCi2100_COV","0","79.10032853171595","4.4225423300480164","14.433611798366497","3.337135522142025","3.337135522142025","0.00257457",,
"1470","ENGAGE-INDCi2100-COV","TIAM-ECN 1.1","Final Energy|Residential and Commercial|Electricity","EJ/yr","[object Object]",2040,9.2,"3.337135522142025","3.337135522142025","2100","14.433611798366497","3550.007245315","GW7","ok","high",,"ok","medium","high","medium",,"medium","ok","ok","true","C7","C7: Below 4.0°C","TIAM-ECN 1.1","EN_INDCi2100_COV","0","79.10032853171595","4.4225423300480164","14.433611798366497","3.337135522142025","3.337135522142025","0.00257457",,
"1470","ENGAGE-INDCi2100-COV","TIAM-ECN 1.1","Final Energy|Residential and Commercial|Electricity","EJ/yr","[object Object]",2050,9.5,"3.337135522142025","3.337135522142025","2100","14.433611798366497","3550.007245315","GW7","ok","high",,"ok","medium","high","medium",,"medium","ok","ok","true","C7","C7: Below 4.0°C","TIAM-ECN 1.1","EN_INDCi2100_COV","0","79.10032853171595","4.4225423300480164","14.433611798366497","3.337135522142025","3.337135522142025","0.00257457",,
"1470","ENGAGE-INDCi2100-COV","TIAM-ECN 1.1","Final Energy|Residential and Commercial|Electricity","EJ/yr","[object Object]",2060,10.9,"3.337135522142025","3.337135522142025","2100","14.433611798366497","3550.007245315","GW7","ok","high",,"ok","medium","high","medium",,"medium","ok","ok","true","C7","C7: Below 4.0°C","TIAM-ECN 1.1","EN_INDCi2100_COV","0","79.10032853171595","4.4225423300480164","14.433611798366497","3.337135522142025","3.337135522142025","0.00257457",,
"1470","ENGAGE-INDCi2100-COV","TIAM-ECN 1.1","Final Energy|Residential and Commercial|Electricity","EJ/yr","[object Object]",2070,12.7,"3.337135522142025","3.337135522142025","2100","14.433611798366497","3550.007245315","GW7","ok","high",,"ok","medium","high","medium",,"medium","ok","ok","true","C7","C7: Below 4.0°C","TIAM-ECN 1.1","EN_INDCi2100_COV","0","79.10032853171595","4.4225423300480164","14.433611798366497","3.337135522142025","3.337135522142025","0.00257457",,
"1470","ENGAGE-INDCi2100-COV","TIAM-ECN 1.1","Final Energy|Residential and Commercial|Electricity","EJ/yr","[object Object]",2080,14,"3.337135522142025","3.337135522142025","2100","14.433611798366497","3550.007245315","GW7","ok","high",,"ok","medium","high","medium",,"medium","ok","ok","true","C7","C7: Below 4.0°C","TIAM-ECN 1.1","EN_INDCi2100_COV","0","79.10032853171595","4.4225423300480164","14.433611798366497","3.337135522142025","3.337135522142025","0.00257457",,
"1470","ENGAGE-INDCi2100-COV","TIAM-ECN 1.1","Final Energy|Residential and Commercial|Electricity","EJ/yr","[object Object]",2090,15.6,"3.337135522142025","3.337135522142025","2100","14.433611798366497","3550.007245315","GW7","ok","high",,"ok","medium","high","medium",,"medium","ok","ok","true","C7","C7: Below 4.0°C","TIAM-ECN 1.1","EN_INDCi2100_COV","0","79.10032853171595","4.4225423300480164","14.433611798366497","3.337135522142025","3.337135522142025","0.00257457",,
"1470","ENGAGE-INDCi2100-COV","TIAM-ECN 1.1","Final Energy|Residential and Commercial|Electricity","EJ/yr","[object Object]",2100,16.9,"3.337135522142025","3.337135522142025","2100","14.433611798366497","3550.007245315","GW7","ok","high",,"ok","medium","high","medium",,"medium","ok","ok","true","C7","C7: Below 4.0°C","TIAM-ECN 1.1","EN_INDCi2100_COV","0","79.10032853171595","4.4225423300480164","14.433611798366497","3.337135522142025","3.337135522142025","0.00257457",,
"1471","ENGAGE-INDCi2100-NDCp","TIAM-ECN 1.1","Final Energy|Residential and Commercial|Electricity","EJ/yr","[object Object]",2010,7.188756108326801,"3.396874263104977","3.396874263104977","2100","24.869602206301096","3674.2845533667164","GW7","ok","high",,"ok","medium","high","ok",,"ok","ok","ok","true","C7","C7: Below 4.0°C","TIAM-ECN 1.1","EN_INDCi2100_NDCp","0","77.18311734889939","5.858821588716502","24.869602206301096","3.396874263104977","3.396874263104977","0.002953493",,
"1471","ENGAGE-INDCi2100-NDCp","TIAM-ECN 1.1","Final Energy|Residential and Commercial|Electricity","EJ/yr","[object Object]",2020,7.016415544290881,"3.396874263104977","3.396874263104977","2100","24.869602206301096","3674.2845533667164","GW7","ok","high",,"ok","medium","high","ok",,"ok","ok","ok","true","C7","C7: Below 4.0°C","TIAM-ECN 1.1","EN_INDCi2100_NDCp","0","77.18311734889939","5.858821588716502","24.869602206301096","3.396874263104977","3.396874263104977","0.002953493",,
"1471","ENGAGE-INDCi2100-NDCp","TIAM-ECN 1.1","Final Energy|Residential and Commercial|Electricity","EJ/yr","[object Object]",2030,7.831767141135587,"3.396874263104977","3.396874263104977","2100","24.869602206301096","3674.2845533667164","GW7","ok","high",,"ok","medium","high","ok",,"ok","ok","ok","true","C7","C7: Below 4.0°C","TIAM-ECN 1.1","EN_INDCi2100_NDCp","0","77.18311734889939","5.858821588716502","24.869602206301096","3.396874263104977","3.396874263104977","0.002953493",,
"1471","ENGAGE-INDCi2100-NDCp","TIAM-ECN 1.1","Final Energy|Residential and Commercial|Electricity","EJ/yr","[object Object]",2040,9.53834333190945,"3.396874263104977","3.396874263104977","2100","24.869602206301096","3674.2845533667164","GW7","ok","high",,"ok","medium","high","ok",,"ok","ok","ok","true","C7","C7: Below 4.0°C","TIAM-ECN 1.1","EN_INDCi2100_NDCp","0","77.18311734889939","5.858821588716502","24.869602206301096","3.396874263104977","3.396874263104977","0.002953493",,
"1471","ENGAGE-INDCi2100-NDCp","TIAM-ECN 1.1","Final Energy|Residential and Commercial|Electricity","EJ/yr","[object Object]",2050,9.92917825623524,"3.396874263104977","3.396874263104977","2100","24.869602206301096","3674.2845533667164","GW7","ok","high",,"ok","medium","high","ok",,"ok","ok","ok","true","C7","C7: Below 4.0°C","TIAM-ECN 1.1","EN_INDCi2100_NDCp","0","77.18311734889939","5.858821588716502","24.869602206301096","3.396874263104977","3.396874263104977","0.002953493",,
"1471","ENGAGE-INDCi2100-NDCp","TIAM-ECN 1.1","Final Energy|Residential and Commercial|Electricity","EJ/yr","[object Object]",2060,11.43252257275339,"3.396874263104977","3.396874263104977","2100","24.869602206301096","3674.2845533667164","GW7","ok","high",,"ok","medium","high","ok",,"ok","ok","ok","true","C7","C7: Below 4.0°C","TIAM-ECN 1.1","EN_INDCi2100_NDCp","0","77.18311734889939","5.858821588716502","24.869602206301096","3.396874263104977","3.396874263104977","0.002953493",,
"1471","ENGAGE-INDCi2100-NDCp","TIAM-ECN 1.1","Final Energy|Residential and Commercial|Electricity","EJ/yr","[object Object]",2070,13.23730089236773,"3.396874263104977","3.396874263104977","2100","24.869602206301096","3674.2845533667164","GW7","ok","high",,"ok","medium","high","ok",,"ok","ok","ok","true","C7","C7: Below 4.0°C","TIAM-ECN 1.1","EN_INDCi2100_NDCp","0","77.18311734889939","5.858821588716502","24.869602206301096","3.396874263104977","3.396874263104977","0.002953493",,
"1471","ENGAGE-INDCi2100-NDCp","TIAM-ECN 1.1","Final Energy|Residential and Commercial|Electricity","EJ/yr","[object Object]",2080,14.54185550317581,"3.396874263104977","3.396874263104977","2100","24.869602206301096","3674.2845533667164","GW7","ok","high",,"ok","medium","high","ok",,"ok","ok","ok","true","C7","C7: Below 4.0°C","TIAM-ECN 1.1","EN_INDCi2100_NDCp","0","77.18311734889939","5.858821588716502","24.869602206301096","3.396874263104977","3.396874263104977","0.002953493",,
"1471","ENGAGE-INDCi2100-NDCp","TIAM-ECN 1.1","Final Energy|Residential and Commercial|Electricity","EJ/yr","[object Object]",2090,16.12704007377502,"3.396874263104977","3.396874263104977","2100","24.869602206301096","3674.2845533667164","GW7","ok","high",,"ok","medium","high","ok",,"ok","ok","ok","true","C7","C7: Below 4.0°C","TIAM-ECN 1.1","EN_INDCi2100_NDCp","0","77.18311734889939","5.858821588716502","24.869602206301096","3.396874263104977","3.396874263104977","0.002953493",,
"1471","ENGAGE-INDCi2100-NDCp","TIAM-ECN 1.1","Final Energy|Residential and Commercial|Electricity","EJ/yr","[object Object]",2100,17.46837692337612,"3.396874263104977","3.396874263104977","2100","24.869602206301096","3674.2845533667164","GW7","ok","high",,"ok","medium","high","ok",,"ok","ok","ok","true","C7","C7: Below 4.0°C","TIAM-ECN 1.1","EN_INDCi2100_NDCp","0","77.18311734889939","5.858821588716502","24.869602206301096","3.396874263104977","3.396874263104977","0.002953493",,
"1492","ENGAGE-NPi2100","TIAM-ECN 1.1","Final Energy|Residential and Commercial|Electricity","EJ/yr","[object Object]",2010,7.21564168026055,"3.443468286505891","3.443468286505891","2100","0.21084811107079351","3751.9440719962886","GW7","ok","medium",,"ok","high","high","high",,"high","ok","ok","true","C7","C7: Below 4.0°C","TIAM-ECN 1.1","EN_NPi2100","0","79.17017397350938","5.24358459413483","0.21084811107079351","3.443468286505891","3.443468286505891","0.001717744",,
"1492","ENGAGE-NPi2100","TIAM-ECN 1.1","Final Energy|Residential and Commercial|Electricity","EJ/yr","[object Object]",2020,6.897876528582907,"3.443468286505891","3.443468286505891","2100","0.21084811107079351","3751.9440719962886","GW7","ok","medium",,"ok","high","high","high",,"high","ok","ok","true","C7","C7: Below 4.0°C","TIAM-ECN 1.1","EN_NPi2100","0","79.17017397350938","5.24358459413483","0.21084811107079351","3.443468286505891","3.443468286505891","0.001717744",,
"1492","ENGAGE-NPi2100","TIAM-ECN 1.1","Final Energy|Residential and Commercial|Electricity","EJ/yr","[object Object]",2030,8.003360035709093,"3.443468286505891","3.443468286505891","2100","0.21084811107079351","3751.9440719962886","GW7","ok","medium",,"ok","high","high","high",,"high","ok","ok","true","C7","C7: Below 4.0°C","TIAM-ECN 1.1","EN_NPi2100","0","79.17017397350938","5.24358459413483","0.21084811107079351","3.443468286505891","3.443468286505891","0.001717744",,
"1492","ENGAGE-NPi2100","TIAM-ECN 1.1","Final Energy|Residential and Commercial|Electricity","EJ/yr","[object Object]",2040,9.318294548497086,"3.443468286505891","3.443468286505891","2100","0.21084811107079351","3751.9440719962886","GW7","ok","medium",,"ok","high","high","high",,"high","ok","ok","true","C7","C7: Below 4.0°C","TIAM-ECN 1.1","EN_NPi2100","0","79.17017397350938","5.24358459413483","0.21084811107079351","3.443468286505891","3.443468286505891","0.001717744",,
"1492","ENGAGE-NPi2100","TIAM-ECN 1.1","Final Energy|Residential and Commercial|Electricity","EJ/yr","[object Object]",2050,9.825075749299032,"3.443468286505891","3.443468286505891","2100","0.21084811107079351","3751.9440719962886","GW7","ok","medium",,"ok","high","high","high",,"high","ok","ok","true","C7","C7: Below 4.0°C","TIAM-ECN 1.1","EN_NPi2100","0","79.17017397350938","5.24358459413483","0.21084811107079351","3.443468286505891","3.443468286505891","0.001717744",,
"1492","ENGAGE-NPi2100","TIAM-ECN 1.1","Final Energy|Residential and Commercial|Electricity","EJ/yr","[object Object]",2060,11.43599134735651,"3.443468286505891","3.443468286505891","2100","0.21084811107079351","3751.9440719962886","GW7","ok","medium",,"ok","high","high","high",,"high","ok","ok","true","C7","C7: Below 4.0°C","TIAM-ECN 1.1","EN_NPi2100","0","79.17017397350938","5.24358459413483","0.21084811107079351","3.443468286505891","3.443468286505891","0.001717744",,
"1492","ENGAGE-NPi2100","TIAM-ECN 1.1","Final Energy|Residential and Commercial|Electricity","EJ/yr","[object Object]",2070,13.23729130214962,"3.443468286505891","3.443468286505891","2100","0.21084811107079351","3751.9440719962886","GW7","ok","medium",,"ok","high","high","high",,"high","ok","ok","true","C7","C7: Below 4.0°C","TIAM-ECN 1.1","EN_NPi2100","0","79.17017397350938","5.24358459413483","0.21084811107079351","3.443468286505891","3.443468286505891","0.001717744",,
"1492","ENGAGE-NPi2100","TIAM-ECN 1.1","Final Energy|Residential and Commercial|Electricity","EJ/yr","[object Object]",2080,14.56468086988632,"3.443468286505891","3.443468286505891","2100","0.21084811107079351","3751.9440719962886","GW7","ok","medium",,"ok","high","high","high",,"high","ok","ok","true","C7","C7: Below 4.0°C","TIAM-ECN 1.1","EN_NPi2100","0","79.17017397350938","5.24358459413483","0.21084811107079351","3.443468286505891","3.443468286505891","0.001717744",,
"1492","ENGAGE-NPi2100","TIAM-ECN 1.1","Final Energy|Residential and Commercial|Electricity","EJ/yr","[object Object]",2090,16.11485318632163,"3.443468286505891","3.443468286505891","2100","0.21084811107079351","3751.9440719962886","GW7","ok","medium",,"ok","high","high","high",,"high","ok","ok","true","C7","C7: Below 4.0°C","TIAM-ECN 1.1","EN_NPi2100","0","79.17017397350938","5.24358459413483","0.21084811107079351","3.443468286505891","3.443468286505891","0.001717744",,
"1492","ENGAGE-NPi2100","TIAM-ECN 1.1","Final Energy|Residential and Commercial|Electricity","EJ/yr","[object Object]",2100,17.46844228576748,"3.443468286505891","3.443468286505891","2100","0.21084811107079351","3751.9440719962886","GW7","ok","medium",,"ok","high","high","high",,"high","ok","ok","true","C7","C7: Below 4.0°C","TIAM-ECN 1.1","EN_NPi2100","0","79.17017397350938","5.24358459413483","0.21084811107079351","3.443468286505891","3.443468286505891","0.001717744",,
"1493","ENGAGE-NPi2100-COV","TIAM-ECN 1.1","Final Energy|Residential and Commercial|Electricity","EJ/yr","[object Object]",2010,7.225556269118748,"3.412538721690002","3.412538721690002","2100","0.2683371712533349","3613.0620337032383","GW7","ok","medium",,"ok","high","high","high",,"high","ok","ok","true","C7","C7: Below 4.0°C","TIAM-ECN 1.1","EN_NPi2100_COV","0","79.16108913334503","4.799464509325319","0.2683371712533349","3.412538721690002","3.412538721690002","0.001664804",,
"1493","ENGAGE-NPi2100-COV","TIAM-ECN 1.1","Final Energy|Residential and Commercial|Electricity","EJ/yr","[object Object]",2020,6.736545110913602,"3.412538721690002","3.412538721690002","2100","0.2683371712533349","3613.0620337032383","GW7","ok","medium",,"ok","high","high","high",,"high","ok","ok","true","C7","C7: Below 4.0°C","TIAM-ECN 1.1","EN_NPi2100_COV","0","79.16108913334503","4.799464509325319","0.2683371712533349","3.412538721690002","3.412538721690002","0.001664804",,
"1493","ENGAGE-NPi2100-COV","TIAM-ECN 1.1","Final Energy|Residential and Commercial|Electricity","EJ/yr","[object Object]",2030,7.764628229278943,"3.412538721690002","3.412538721690002","2100","0.2683371712533349","3613.0620337032383","GW7","ok","medium",,"ok","high","high","high",,"high","ok","ok","true","C7","C7: Below 4.0°C","TIAM-ECN 1.1","EN_NPi2100_COV","0","79.16108913334503","4.799464509325319","0.2683371712533349","3.412538721690002","3.412538721690002","0.001664804",,
"1493","ENGAGE-NPi2100-COV","TIAM-ECN 1.1","Final Energy|Residential and Commercial|Electricity","EJ/yr","[object Object]",2040,8.844123932169806,"3.412538721690002","3.412538721690002","2100","0.2683371712533349","3613.0620337032383","GW7","ok","medium",,"ok","high","high","high",,"high","ok","ok","true","C7","C7: Below 4.0°C","TIAM-ECN 1.1","EN_NPi2100_COV","0","79.16108913334503","4.799464509325319","0.2683371712533349","3.412538721690002","3.412538721690002","0.001664804",,
"1493","ENGAGE-NPi2100-COV","TIAM-ECN 1.1","Final Energy|Residential and Commercial|Electricity","EJ/yr","[object Object]",2050,9.360690636296727,"3.412538721690002","3.412538721690002","2100","0.2683371712533349","3613.0620337032383","GW7","ok","medium",,"ok","high","high","high",,"high","ok","ok","true","C7","C7: Below 4.0°C","TIAM-ECN 1.1","EN_NPi2100_COV","0","79.16108913334503","4.799464509325319","0.2683371712533349","3.412538721690002","3.412538721690002","0.001664804",,
"1493","ENGAGE-NPi2100-COV","TIAM-ECN 1.1","Final Energy|Residential and Commercial|Electricity","EJ/yr","[object Object]",2060,10.98944140625494,"3.412538721690002","3.412538721690002","2100","0.2683371712533349","3613.0620337032383","GW7","ok","medium",,"ok","high","high","high",,"high","ok","ok","true","C7","C7: Below 4.0°C","TIAM-ECN 1.1","EN_NPi2100_COV","0","79.16108913334503","4.799464509325319","0.2683371712533349","3.412538721690002","3.412538721690002","0.001664804",,
"1493","ENGAGE-NPi2100-COV","TIAM-ECN 1.1","Final Energy|Residential and Commercial|Electricity","EJ/yr","[object Object]",2070,12.73493838285722,"3.412538721690002","3.412538721690002","2100","0.2683371712533349","3613.0620337032383","GW7","ok","medium",,"ok","high","high","high",,"high","ok","ok","true","C7","C7: Below 4.0°C","TIAM-ECN 1.1","EN_NPi2100_COV","0","79.16108913334503","4.799464509325319","0.2683371712533349","3.412538721690002","3.412538721690002","0.001664804",,
"1493","ENGAGE-NPi2100-COV","TIAM-ECN 1.1","Final Energy|Residential and Commercial|Electricity","EJ/yr","[object Object]",2080,14.03656449647773,"3.412538721690002","3.412538721690002","2100","0.2683371712533349","3613.0620337032383","GW7","ok","medium",,"ok","high","high","high",,"high","ok","ok","true","C7","C7: Below 4.0°C","TIAM-ECN 1.1","EN_NPi2100_COV","0","79.16108913334503","4.799464509325319","0.2683371712533349","3.412538721690002","3.412538721690002","0.001664804",,
"1493","ENGAGE-NPi2100-COV","TIAM-ECN 1.1","Final Energy|Residential and Commercial|Electricity","EJ/yr","[object Object]",2090,15.56255717157092,"3.412538721690002","3.412538721690002","2100","0.2683371712533349","3613.0620337032383","GW7","ok","medium",,"ok","high","high","high",,"high","ok","ok","true","C7","C7: Below 4.0°C","TIAM-ECN 1.1","EN_NPi2100_COV","0","79.16108913334503","4.799464509325319","0.2683371712533349","3.412538721690002","3.412538721690002","0.001664804",,
"1493","ENGAGE-NPi2100-COV","TIAM-ECN 1.1","Final Energy|Residential and Commercial|Electricity","EJ/yr","[object Object]",2100,16.89882557902357,"3.412538721690002","3.412538721690002","2100","0.2683371712533349","3613.0620337032383","GW7","ok","medium",,"ok","high","high","high",,"high","ok","ok","true","C7","C7: Below 4.0°C","TIAM-ECN 1.1","EN_NPi2100_COV","0","79.16108913334503","4.799464509325319","0.2683371712533349","3.412538721690002","3.412538721690002","0.001664804",,
"1570","ENGAGE-NPi2100","WITCH 5.0","Final Energy|Residential and Commercial|Electricity","EJ/yr","[object Object]",2010,6.42165816424,"3.346094732425093","3.346094732425093","2100","0.022176843634809557","3389.027469636793","GW7","ok","medium","ok","ok","medium","medium","ok","high","ok","ok","ok","true","C7","C7: Below 4.0°C","WITCH 5.0","EN_NPi2100","36.527396397137025","59.53594065705202","1.671974473211969","0.022176843634809557","3.346094732425093","3.346094732425093","0.001682039",,"-0.8210470913332983"
"1570","ENGAGE-NPi2100","WITCH 5.0","Final Energy|Residential and Commercial|Electricity","EJ/yr","[object Object]",2015,6.362434406715,"3.346094732425093","3.346094732425093","2100","0.022176843634809557","3389.027469636793","GW7","ok","medium","ok","ok","medium","medium","ok","high","ok","ok","ok","true","C7","C7: Below 4.0°C","WITCH 5.0","EN_NPi2100","36.527396397137025","59.53594065705202","1.671974473211969","0.022176843634809557","3.346094732425093","3.346094732425093","0.001682039",,"-0.8210470913332983"
"1570","ENGAGE-NPi2100","WITCH 5.0","Final Energy|Residential and Commercial|Electricity","EJ/yr","[object Object]",2020,7.12387029038628,"3.346094732425093","3.346094732425093","2100","0.022176843634809557","3389.027469636793","GW7","ok","medium","ok","ok","medium","medium","ok","high","ok","ok","ok","true","C7","C7: Below 4.0°C","WITCH 5.0","EN_NPi2100","36.527396397137025","59.53594065705202","1.671974473211969","0.022176843634809557","3.346094732425093","3.346094732425093","0.001682039",,"-0.8210470913332983"
"1570","ENGAGE-NPi2100","WITCH 5.0","Final Energy|Residential and Commercial|Electricity","EJ/yr","[object Object]",2025,7.994839266348059,"3.346094732425093","3.346094732425093","2100","0.022176843634809557","3389.027469636793","GW7","ok","medium","ok","ok","medium","medium","ok","high","ok","ok","ok","true","C7","C7: Below 4.0°C","WITCH 5.0","EN_NPi2100","36.527396397137025","59.53594065705202","1.671974473211969","0.022176843634809557","3.346094732425093","3.346094732425093","0.001682039",,"-0.8210470913332983"
"1570","ENGAGE-NPi2100","WITCH 5.0","Final Energy|Residential and Commercial|Electricity","EJ/yr","[object Object]",2030,9.02141669488283,"3.346094732425093","3.346094732425093","2100","0.022176843634809557","3389.027469636793","GW7","ok","medium","ok","ok","medium","medium","ok","high","ok","ok","ok","true","C7","C7: Below 4.0°C","WITCH 5.0","EN_NPi2100","36.527396397137025","59.53594065705202","1.671974473211969","0.022176843634809557","3.346094732425093","3.346094732425093","0.001682039",,"-0.8210470913332983"
"1570","ENGAGE-NPi2100","WITCH 5.0","Final Energy|Residential and Commercial|Electricity","EJ/yr","[object Object]",2035,9.901003152588167,"3.346094732425093","3.346094732425093","2100","0.022176843634809557","3389.027469636793","GW7","ok","medium","ok","ok","medium","medium","ok","high","ok","ok","ok","true","C7","C7: Below 4.0°C","WITCH 5.0","EN_NPi2100","36.527396397137025","59.53594065705202","1.671974473211969","0.022176843634809557","3.346094732425093","3.346094732425093","0.001682039",,"-0.8210470913332983"
"1570","ENGAGE-NPi2100","WITCH 5.0","Final Energy|Residential and Commercial|Electricity","EJ/yr","[object Object]",2040,10.9034194883584,"3.346094732425093","3.346094732425093","2100","0.022176843634809557","3389.027469636793","GW7","ok","medium","ok","ok","medium","medium","ok","high","ok","ok","ok","true","C7","C7: Below 4.0°C","WITCH 5.0","EN_NPi2100","36.527396397137025","59.53594065705202","1.671974473211969","0.022176843634809557","3.346094732425093","3.346094732425093","0.001682039",,"-0.8210470913332983"
"1570","ENGAGE-NPi2100","WITCH 5.0","Final Energy|Residential and Commercial|Electricity","EJ/yr","[object Object]",2045,11.8605261214552,"3.346094732425093","3.346094732425093","2100","0.022176843634809557","3389.027469636793","GW7","ok","medium","ok","ok","medium","medium","ok","high","ok","ok","ok","true","C7","C7: Below 4.0°C","WITCH 5.0","EN_NPi2100","36.527396397137025","59.53594065705202","1.671974473211969","0.022176843634809557","3.346094732425093","3.346094732425093","0.001682039",,"-0.8210470913332983"
"1570","ENGAGE-NPi2100","WITCH 5.0","Final Energy|Residential and Commercial|Electricity","EJ/yr","[object Object]",2050,12.6400881018043,"3.346094732425093","3.346094732425093","2100","0.022176843634809557","3389.027469636793","GW7","ok","medium","ok","ok","medium","medium","ok","high","ok","ok","ok","true","C7","C7: Below 4.0°C","WITCH 5.0","EN_NPi2100","36.527396397137025","59.53594065705202","1.671974473211969","0.022176843634809557","3.346094732425093","3.346094732425093","0.001682039",,"-0.8210470913332983"
"1570","ENGAGE-NPi2100","WITCH 5.0","Final Energy|Residential and Commercial|Electricity","EJ/yr","[object Object]",2055,13.2180215761144,"3.346094732425093","3.346094732425093","2100","0.022176843634809557","3389.027469636793","GW7","ok","medium","ok","ok","medium","medium","ok","high","ok","ok","ok","true","C7","C7: Below 4.0°C","WITCH 5.0","EN_NPi2100","36.527396397137025","59.53594065705202","1.671974473211969","0.022176843634809557","3.346094732425093","3.346094732425093","0.001682039",,"-0.8210470913332983"
"1570","ENGAGE-NPi2100","WITCH 5.0","Final Energy|Residential and Commercial|Electricity","EJ/yr","[object Object]",2060,13.5965352834791,"3.346094732425093","3.346094732425093","2100","0.022176843634809557","3389.027469636793","GW7","ok","medium","ok","ok","medium","medium","ok","high","ok","ok","ok","true","C7","C7: Below 4.0°C","WITCH 5.0","EN_NPi2100","36.527396397137025","59.53594065705202","1.671974473211969","0.022176843634809557","3.346094732425093","3.346094732425093","0.001682039",,"-0.8210470913332983"
"1570","ENGAGE-NPi2100","WITCH 5.0","Final Energy|Residential and Commercial|Electricity","EJ/yr","[object Object]",2065,13.7163899729975,"3.346094732425093","3.346094732425093","2100","0.022176843634809557","3389.027469636793","GW7","ok","medium","ok","ok","medium","medium","ok","high","ok","ok","ok","true","C7","C7: Below 4.0°C","WITCH 5.0","EN_NPi2100","36.527396397137025","59.53594065705202","1.671974473211969","0.022176843634809557","3.346094732425093","3.346094732425093","0.001682039",,"-0.8210470913332983"
"1570","ENGAGE-NPi2100","WITCH 5.0","Final Energy|Residential and Commercial|Electricity","EJ/yr","[object Object]",2070,13.9038968619719,"3.346094732425093","3.346094732425093","2100","0.022176843634809557","3389.027469636793","GW7","ok","medium","ok","ok","medium","medium","ok","high","ok","ok","ok","true","C7","C7: Below 4.0°C","WITCH 5.0","EN_NPi2100","36.527396397137025","59.53594065705202","1.671974473211969","0.022176843634809557","3.346094732425093","3.346094732425093","0.001682039",,"-0.8210470913332983"
"1570","ENGAGE-NPi2100","WITCH 5.0","Final Energy|Residential and Commercial|Electricity","EJ/yr","[object Object]",2075,14.1088597565158,"3.346094732425093","3.346094732425093","2100","0.022176843634809557","3389.027469636793","GW7","ok","medium","ok","ok","medium","medium","ok","high","ok","ok","ok","true","C7","C7: Below 4.0°C","WITCH 5.0","EN_NPi2100","36.527396397137025","59.53594065705202","1.671974473211969","0.022176843634809557","3.346094732425093","3.346094732425093","0.001682039",,"-0.8210470913332983"
"1570","ENGAGE-NPi2100","WITCH 5.0","Final Energy|Residential and Commercial|Electricity","EJ/yr","[object Object]",2080,14.3183312867613,"3.346094732425093","3.346094732425093","2100","0.022176843634809557","3389.027469636793","GW7","ok","medium","ok","ok","medium","medium","ok","high","ok","ok","ok","true","C7","C7: Below 4.0°C","WITCH 5.0","EN_NPi2100","36.527396397137025","59.53594065705202","1.671974473211969","0.022176843634809557","3.346094732425093","3.346094732425093","0.001682039",,"-0.8210470913332983"
"1570","ENGAGE-NPi2100","WITCH 5.0","Final Energy|Residential and Commercial|Electricity","EJ/yr","[object Object]",2085,14.5182721977121,"3.346094732425093","3.346094732425093","2100","0.022176843634809557","3389.027469636793","GW7","ok","medium","ok","ok","medium","medium","ok","high","ok","ok","ok","true","C7","C7: Below 4.0°C","WITCH 5.0","EN_NPi2100","36.527396397137025","59.53594065705202","1.671974473211969","0.022176843634809557","3.346094732425093","3.346094732425093","0.001682039",,"-0.8210470913332983"
"1570","ENGAGE-NPi2100","WITCH 5.0","Final Energy|Residential and Commercial|Electricity","EJ/yr","[object Object]",2090,14.5267562361175,"3.346094732425093","3.346094732425093","2100","0.022176843634809557","3389.027469636793","GW7","ok","medium","ok","ok","medium","medium","ok","high","ok","ok","ok","true","C7","C7: Below 4.0°C","WITCH 5.0","EN_NPi2100","36.527396397137025","59.53594065705202","1.671974473211969","0.022176843634809557","3.346094732425093","3.346094732425093","0.001682039",,"-0.8210470913332983"
"1570","ENGAGE-NPi2100","WITCH 5.0","Final Energy|Residential and Commercial|Electricity","EJ/yr","[object Object]",2095,14.4942603335858,"3.346094732425093","3.346094732425093","2100","0.022176843634809557","3389.027469636793","GW7","ok","medium","ok","ok","medium","medium","ok","high","ok","ok","ok","true","C7","C7: Below 4.0°C","WITCH 5.0","EN_NPi2100","36.527396397137025","59.53594065705202","1.671974473211969","0.022176843634809557","3.346094732425093","3.346094732425093","0.001682039",,"-0.8210470913332983"
"1570","ENGAGE-NPi2100","WITCH 5.0","Final Energy|Residential and Commercial|Electricity","EJ/yr","[object Object]",2100,15.3744081958098,"3.346094732425093","3.346094732425093","2100","0.022176843634809557","3389.027469636793","GW7","ok","medium","ok","ok","medium","medium","ok","high","ok","ok","ok","true","C7","C7: Below 4.0°C","WITCH 5.0","EN_NPi2100","36.527396397137025","59.53594065705202","1.671974473211969","0.022176843634809557","3.346094732425093","3.346094732425093","0.001682039",,"-0.8210470913332983"
"1571","ENGAGE-NoPolicy","WITCH 5.0","Final Energy|Residential and Commercial|Electricity","EJ/yr","[object Object]",2010,6.42165816424,"3.473840879271051","3.473840879271051","2100","0.02235536065470015","3541.580296375546","GW7","ok","medium","ok","ok","ok","medium","ok","high","ok","ok","ok","true","C7","C7: Below 4.0°C","WITCH 5.0","EN_NoPolicy","34.720580037999696","62.087096045234304","1.0556852728054456","0.02235536065470015","3.473840879271051","3.473840879271051","0.001896427",,"-0.8718421060239763"
"1571","ENGAGE-NoPolicy","WITCH 5.0","Final Energy|Residential and Commercial|Electricity","EJ/yr","[object Object]",2015,6.362434406715,"3.473840879271051","3.473840879271051","2100","0.02235536065470015","3541.580296375546","GW7","ok","medium","ok","ok","ok","medium","ok","high","ok","ok","ok","true","C7","C7: Below 4.0°C","WITCH 5.0","EN_NoPolicy","34.720580037999696","62.087096045234304","1.0556852728054456","0.02235536065470015","3.473840879271051","3.473840879271051","0.001896427",,"-0.8718421060239763"
"1571","ENGAGE-NoPolicy","WITCH 5.0","Final Energy|Residential and Commercial|Electricity","EJ/yr","[object Object]",2020,7.454714218222411,"3.473840879271051","3.473840879271051","2100","0.02235536065470015","3541.580296375546","GW7","ok","medium","ok","ok","ok","medium","ok","high","ok","ok","ok","true","C7","C7: Below 4.0°C","WITCH 5.0","EN_NoPolicy","34.720580037999696","62.087096045234304","1.0556852728054456","0.02235536065470015","3.473840879271051","3.473840879271051","0.001896427",,"-0.8718421060239763"
"1571","ENGAGE-NoPolicy","WITCH 5.0","Final Energy|Residential and Commercial|Electricity","EJ/yr","[object Object]",2025,8.36224670515435,"3.473840879271051","3.473840879271051","2100","0.02235536065470015","3541.580296375546","GW7","ok","medium","ok","ok","ok","medium","ok","high","ok","ok","ok","true","C7","C7: Below 4.0°C","WITCH 5.0","EN_NoPolicy","34.720580037999696","62.087096045234304","1.0556852728054456","0.02235536065470015","3.473840879271051","3.473840879271051","0.001896427",,"-0.8718421060239763"
"1571","ENGAGE-NoPolicy","WITCH 5.0","Final Energy|Residential and Commercial|Electricity","EJ/yr","[object Object]",2030,9.55904899381717,"3.473840879271051","3.473840879271051","2100","0.02235536065470015","3541.580296375546","GW7","ok","medium","ok","ok","ok","medium","ok","high","ok","ok","ok","true","C7","C7: Below 4.0°C","WITCH 5.0","EN_NoPolicy","34.720580037999696","62.087096045234304","1.0556852728054456","0.02235536065470015","3.473840879271051","3.473840879271051","0.001896427",,"-0.8718421060239763"
"1571","ENGAGE-NoPolicy","WITCH 5.0","Final Energy|Residential and Commercial|Electricity","EJ/yr","[object Object]",2035,10.5147318368728,"3.473840879271051","3.473840879271051","2100","0.02235536065470015","3541.580296375546","GW7","ok","medium","ok","ok","ok","medium","ok","high","ok","ok","ok","true","C7","C7: Below 4.0°C","WITCH 5.0","EN_NoPolicy","34.720580037999696","62.087096045234304","1.0556852728054456","0.02235536065470015","3.473840879271051","3.473840879271051","0.001896427",,"-0.8718421060239763"
"1571","ENGAGE-NoPolicy","WITCH 5.0","Final Energy|Residential and Commercial|Electricity","EJ/yr","[object Object]",2040,11.6105690588565,"3.473840879271051","3.473840879271051","2100","0.02235536065470015","3541.580296375546","GW7","ok","medium","ok","ok","ok","medium","ok","high","ok","ok","ok","true","C7","C7: Below 4.0°C","WITCH 5.0","EN_NoPolicy","34.720580037999696","62.087096045234304","1.0556852728054456","0.02235536065470015","3.473840879271051","3.473840879271051","0.001896427",,"-0.8718421060239763"
"1571","ENGAGE-NoPolicy","WITCH 5.0","Final Energy|Residential and Commercial|Electricity","EJ/yr","[object Object]",2045,12.7368595530122,"3.473840879271051","3.473840879271051","2100","0.02235536065470015","3541.580296375546","GW7","ok","medium","ok","ok","ok","medium","ok","high","ok","ok","ok","true","C7","C7: Below 4.0°C","WITCH 5.0","EN_NoPolicy","34.720580037999696","62.087096045234304","1.0556852728054456","0.02235536065470015","3.473840879271051","3.473840879271051","0.001896427",,"-0.8718421060239763"
"1571","ENGAGE-NoPolicy","WITCH 5.0","Final Energy|Residential and Commercial|Electricity","EJ/yr","[object Object]",2050,14.0366470762086,"3.473840879271051","3.473840879271051","2100","0.02235536065470015","3541.580296375546","GW7","ok","medium","ok","ok","ok","medium","ok","high","ok","ok","ok","true","C7","C7: Below 4.0°C","WITCH 5.0","EN_NoPolicy","34.720580037999696","62.087096045234304","1.0556852728054456","0.02235536065470015","3.473840879271051","3.473840879271051","0.001896427",,"-0.8718421060239763"
"1571","ENGAGE-NoPolicy","WITCH 5.0","Final Energy|Residential and Commercial|Electricity","EJ/yr","[object Object]",2055,15.0097498684699,"3.473840879271051","3.473840879271051","2100","0.02235536065470015","3541.580296375546","GW7","ok","medium","ok","ok","ok","medium","ok","high","ok","ok","ok","true","C7","C7: Below 4.0°C","WITCH 5.0","EN_NoPolicy","34.720580037999696","62.087096045234304","1.0556852728054456","0.02235536065470015","3.473840879271051","3.473840879271051","0.001896427",,"-0.8718421060239763"
"1571","ENGAGE-NoPolicy","WITCH 5.0","Final Energy|Residential and Commercial|Electricity","EJ/yr","[object Object]",2060,15.7560001583604,"3.473840879271051","3.473840879271051","2100","0.02235536065470015","3541.580296375546","GW7","ok","medium","ok","ok","ok","medium","ok","high","ok","ok","ok","true","C7","C7: Below 4.0°C","WITCH 5.0","EN_NoPolicy","34.720580037999696","62.087096045234304","1.0556852728054456","0.02235536065470015","3.473840879271051","3.473840879271051","0.001896427",,"-0.8718421060239763"
"1571","ENGAGE-NoPolicy","WITCH 5.0","Final Energy|Residential and Commercial|Electricity","EJ/yr","[object Object]",2065,16.4451492773137,"3.473840879271051","3.473840879271051","2100","0.02235536065470015","3541.580296375546","GW7","ok","medium","ok","ok","ok","medium","ok","high","ok","ok","ok","true","C7","C7: Below 4.0°C","WITCH 5.0","EN_NoPolicy","34.720580037999696","62.087096045234304","1.0556852728054456","0.02235536065470015","3.473840879271051","3.473840879271051","0.001896427",,"-0.8718421060239763"
"1571","ENGAGE-NoPolicy","WITCH 5.0","Final Energy|Residential and Commercial|Electricity","EJ/yr","[object Object]",2070,17.1830554596511,"3.473840879271051","3.473840879271051","2100","0.02235536065470015","3541.580296375546","GW7","ok","medium","ok","ok","ok","medium","ok","high","ok","ok","ok","true","C7","C7: Below 4.0°C","WITCH 5.0","EN_NoPolicy","34.720580037999696","62.087096045234304","1.0556852728054456","0.02235536065470015","3.473840879271051","3.473840879271051","0.001896427",,"-0.8718421060239763"
"1571","ENGAGE-NoPolicy","WITCH 5.0","Final Energy|Residential and Commercial|Electricity","EJ/yr","[object Object]",2075,17.8948077207913,"3.473840879271051","3.473840879271051","2100","0.02235536065470015","3541.580296375546","GW7","ok","medium","ok","ok","ok","medium","ok","high","ok","ok","ok","true","C7","C7: Below 4.0°C","WITCH 5.0","EN_NoPolicy","34.720580037999696","62.087096045234304","1.0556852728054456","0.02235536065470015","3.473840879271051","3.473840879271051","0.001896427",,"-0.8718421060239763"
"1571","ENGAGE-NoPolicy","WITCH 5.0","Final Energy|Residential and Commercial|Electricity","EJ/yr","[object Object]",2080,18.33671252828431,"3.473840879271051","3.473840879271051","2100","0.02235536065470015","3541.580296375546","GW7","ok","medium","ok","ok","ok","medium","ok","high","ok","ok","ok","true","C7","C7: Below 4.0°C","WITCH 5.0","EN_NoPolicy","34.720580037999696","62.087096045234304","1.0556852728054456","0.02235536065470015","3.473840879271051","3.473840879271051","0.001896427",,"-0.8718421060239763"
"1571","ENGAGE-NoPolicy","WITCH 5.0","Final Energy|Residential and Commercial|Electricity","EJ/yr","[object Object]",2085,18.9060122346384,"3.473840879271051","3.473840879271051","2100","0.02235536065470015","3541.580296375546","GW7","ok","medium","ok","ok","ok","medium","ok","high","ok","ok","ok","true","C7","C7: Below 4.0°C","WITCH 5.0","EN_NoPolicy","34.720580037999696","62.087096045234304","1.0556852728054456","0.02235536065470015","3.473840879271051","3.473840879271051","0.001896427",,"-0.8718421060239763"
"1571","ENGAGE-NoPolicy","WITCH 5.0","Final Energy|Residential and Commercial|Electricity","EJ/yr","[object Object]",2090,19.2331431277081,"3.473840879271051","3.473840879271051","2100","0.02235536065470015","3541.580296375546","GW7","ok","medium","ok","ok","ok","medium","ok","high","ok","ok","ok","true","C7","C7: Below 4.0°C","WITCH 5.0","EN_NoPolicy","34.720580037999696","62.087096045234304","1.0556852728054456","0.02235536065470015","3.473840879271051","3.473840879271051","0.001896427",,"-0.8718421060239763"
"1571","ENGAGE-NoPolicy","WITCH 5.0","Final Energy|Residential and Commercial|Electricity","EJ/yr","[object Object]",2095,19.7542819861874,"3.473840879271051","3.473840879271051","2100","0.02235536065470015","3541.580296375546","GW7","ok","medium","ok","ok","ok","medium","ok","high","ok","ok","ok","true","C7","C7: Below 4.0°C","WITCH 5.0","EN_NoPolicy","34.720580037999696","62.087096045234304","1.0556852728054456","0.02235536065470015","3.473840879271051","3.473840879271051","0.001896427",,"-0.8718421060239763"
"1571","ENGAGE-NoPolicy","WITCH 5.0","Final Energy|Residential and Commercial|Electricity","EJ/yr","[object Object]",2100,20.2928831663868,"3.473840879271051","3.473840879271051","2100","0.02235536065470015","3541.580296375546","GW7","ok","medium","ok","ok","ok","medium","ok","high","ok","ok","ok","true","C7","C7: Below 4.0°C","WITCH 5.0","EN_NoPolicy","34.720580037999696","62.087096045234304","1.0556852728054456","0.02235536065470015","3.473840879271051","3.473840879271051","0.001896427",,"-0.8718421060239763"